Potential (V),Current (uA)
-0.199853,-0.027999876000000003
-0.19877799999999998,-0.027999876000000003
-0.197704,-0.013999938000000002
-0.19663,-0.013999938000000002
-0.19555499999999998,-0.006999969000000001
-0.194481,-0.006999969000000001
-0.193406,-0.0034999840000000003
-0.192332,-0.0034999840000000003
-0.19125699999999998,-0.0034999840000000003
-0.190183,-0.0017499920000000001
-0.189108,-0.0017499920000000001
-0.18803399999999998,0.0
-0.186959,0.0
-0.185885,0.0008749960000000001
-0.18481,0.0008749960000000001
-0.18373599999999998,0.0013124940000000002
-0.182661,0.0013124940000000002
-0.181587,0.0017499920000000001
-0.18051199999999998,0.0019687410000000004
-0.179438,0.002406239
-0.178363,0.002406239
-0.177289,0.002734363
-0.17621399999999998,0.0028437370000000003
-0.17514,0.0029531120000000004
-0.174065,0.0033599850000000002
-0.172991,0.0047207790000000005
-0.17191599999999999,0.005224777000000001
-0.170842,0.005482376000000001
-0.169768,0.005583175000000001
-0.16869299999999998,0.0056895750000000005
-0.167619,0.005767974
-0.166544,0.0058463740000000005
-0.16547,0.005924774000000001
-0.16439499999999999,0.005991973
-0.163321,0.006064773000000001
-0.162246,0.006143173000000001
-0.16117199999999998,0.006176773
-0.160097,0.006249572000000001
-0.159023,0.006305572000000001
-0.157948,0.0063559720000000005
-0.15687399999999999,0.006423171000000001
-0.155799,0.006490371000000001
-0.154725,0.006518371000000001
-0.15364999999999998,0.006579971
-0.152576,0.006613571
-0.151501,0.0066527700000000006
-0.150427,0.00671437
-0.14935199999999998,0.006759170000000001
-0.148278,0.00679277
-0.147203,0.006843170000000001
-0.14612899999999998,0.006876769000000001
-0.145054,0.006910369
-0.14398,0.006960769
-0.142905,0.006983169000000001
-0.14183099999999998,0.007033569
-0.140757,0.0070727690000000005
-0.139682,0.007083969000000001
-0.13860799999999998,0.007128768000000001
-0.137533,0.007167968
-0.136459,0.007223968000000001
-0.135384,0.007257568000000001
-0.13430999999999998,0.007307968000000001
-0.133235,0.007330367000000001
-0.132161,0.007380767
-0.13108599999999998,0.007436767000000001
-0.130012,0.007470367000000001
-0.128937,0.007526366
-0.127863,0.007571167000000001
-0.12678799999999998,0.007615967000000001
-0.125714,0.007683166
-0.124639,0.007694366
-0.123565,0.007750366000000001
-0.12248999999999999,0.007806365000000001
-0.121416,0.007834365000000001
-0.12034099999999999,0.007884765
-0.119267,0.007929565000000001
-0.11819199999999999,0.007974364000000001
-0.117118,0.008024764
-0.116043,0.008052765
-0.11496899999999999,0.008097564000000002
-0.113894,0.008147964
-0.11281999999999999,0.008175964
-0.111746,0.008226364
-0.11067099999999999,0.008276763000000001
-0.109597,0.008304763000000001
-0.108522,0.008360763
-0.107448,0.008405563000000001
-0.106373,0.008439162
-0.10529899999999999,0.008478362000000001
-0.104224,0.008534363
-0.10314999999999999,0.008562363
-0.102075,0.008657562000000002
-0.101001,0.008691162
-0.099926736,0.008747161
-0.098852256,0.008803161
-0.09777777600000001,0.008842361
-0.09670329600000001,0.00890396
-0.095628816,0.008971161000000002
-0.094554336,0.009021561
-0.093479848,0.00907196
-0.092405368,0.009127960000000001
-0.09133089600000001,0.00918396
-0.09025640800000001,0.009251159
-0.08918192800000001,0.009301559000000001
-0.088107448,0.009346358
-0.087032968,0.009430359000000001
-0.08595848,0.009475159000000002
-0.084884,0.009531158
-0.08380952800000001,0.009592758000000002
-0.08273504000000001,0.009637558000000001
-0.08166056000000001,0.009699157
-0.08058607200000001,0.009760757
-0.0795116,0.009811156000000001
-0.07843712,0.009878357
-0.077362632,0.009945556000000001
-0.07628816000000001,0.009984756000000001
-0.07521367200000001,0.010046356000000001
-0.074139192,0.010107955
-0.073064712,0.010158355
-0.071990232,0.010225555
-0.070915752,0.010270354
-0.069841264,0.010326355000000002
-0.068766784,0.010393555
-0.067692312,0.010466354
-0.066617824,0.010511154
-0.065543348,0.010583953
-0.06446886,0.010651153000000002
-0.063394384,0.010718352
-0.062319900000000004,0.010802353
-0.06124542,0.010858352
-0.060170940000000006,0.010942352
-0.05909646,0.011020751000000002
-0.058021976,0.011082351
-0.056947496,0.011177550000000001
-0.055873016000000005,0.011244751
-0.054798532000000004,0.011300751000000001
-0.053724056000000006,0.01140155
-0.052649572000000006,0.01145755
-0.051575092,0.011535949
-0.050500608,0.011625548000000001
-0.049426128,0.011692748000000001
-0.048351648000000004,0.011771148
-0.047277168,0.011838348000000002
-0.046202684,0.011922347
-0.045128204000000005,0.011989547000000001
-0.044053724,0.012073547
-0.04297924,0.012140746000000001
-0.041904764000000004,0.012235946000000001
-0.040830280000000004,0.012297546000000001
-0.0397558,0.012364746000000001
-0.038681316,0.012459945000000002
-0.037606836000000005,0.012521545000000002
-0.036532356,0.012594344
-0.035457876,0.012672745000000001
-0.034383392,0.012751144
-0.033308912,0.012874343000000002
-0.03223443,0.012947143000000001
-0.031159950000000002,0.013025542000000001
-0.030085470000000003,0.013109543000000001
-0.029010988,0.013210342
-0.027936508000000002,0.013283142000000001
-0.026862028000000003,0.013383941
-0.025787546,0.01347914
-0.024713064,0.013557541000000001
-0.023638584,0.013658340000000001
-0.022564102000000003,0.013725540000000001
-0.02148962,0.013809539000000001
-0.020415140000000002,0.013904738
-0.019340658,0.013983138
-0.018266178,0.014083938
-0.017191696,0.014179138000000003
-0.016117215,0.014251937000000001
-0.015042735000000002,0.014335937000000002
-0.013968254000000001,0.014414336
-0.012893773,0.014492737000000002
-0.011819292,0.014587936000000001
-0.01074481,0.014683135000000002
-0.009670329,0.014755935000000001
-0.008595848,0.014845534000000002
-0.007521367,0.014918334000000002
-0.006446886000000001,0.014985533000000002
-0.005372405,0.015086333
-0.004297924,0.015153534000000001
-0.0032234430000000003,0.015231934000000003
-0.002148962,0.015315932
-0.001074481,0.015377533
0.0,0.015500732000000001
0.001074481,0.015567931000000002
0.002148962,0.015629532
0.0032234430000000003,0.01573593
0.004297924,0.015819931
0.005372405,0.015903929
0.006446886000000001,0.016004729
0.007521367,0.016088729000000003
0.008595848,0.016161529
0.009670329,0.016267928
0.01074481,0.016346327
0.011819292,0.016430328
0.012893773,0.016525528
0.013968254000000001,0.016609527000000002
0.015042735000000002,0.016693527000000003
0.016117215,0.016777526
0.017191696,0.016850326
0.018266178,0.016945524000000003
0.019340658,0.017035126
0.020415140000000002,0.017102326
0.02148962,0.017186324
0.022564102000000003,0.017259124
0.023638584,0.017337524
0.024713064,0.017432724000000004
0.025787546,0.017499924
0.026862028000000003,0.017572722000000002
0.027936508000000002,0.017662322000000005
0.029010988,0.017723922000000003
0.030085470000000003,0.017802322000000002
0.031159950000000002,0.01787512
0.03223443,0.017942322000000004
0.033308912,0.018026320000000002
0.034383392,0.01813272
0.035457876,0.01819992
0.036532356,0.018278320000000004
0.037606836000000005,0.01835672
0.038681316,0.018435118
0.0397558,0.018524718000000003
0.040830280000000004,0.018586318
0.041904764000000004,0.018664718
0.04297924,0.018759916
0.044053724,0.018827118
0.045128204000000005,0.018905518000000003
0.046202684,0.018989516
0.047277168,0.019045516000000002
0.048351648000000004,0.019140716000000002
0.049426128,0.019213514000000004
0.050500608,0.019286314000000002
0.051575092,0.019375914
0.052649572000000006,0.019426314000000004
0.053724056000000006,0.019493514000000003
0.054798532000000004,0.019594314
0.055873016000000005,0.019644712
0.056947496,0.019723112
0.058021976,0.019795912000000002
0.05909646,0.019857514000000003
0.060170940000000006,0.019930312000000002
0.06124542,0.019991912000000004
0.062319900000000004,0.020053512000000003
0.063394384,0.020137512
0.06446886,0.020193512
0.065543348,0.020249510000000002
0.066617824,0.02031671
0.067692312,0.02037831
0.068766784,0.020456710000000003
0.069841264,0.020518308000000002
0.070915752,0.020574308000000003
0.071990232,0.02063591
0.073064712,0.020714308
0.074139192,0.02077591
0.07521367200000001,0.020848708000000004
0.07628816000000001,0.020921508000000002
0.077362632,0.020966308000000003
0.07843712,0.021050306
0.0795116,0.021117508000000004
0.08058607200000001,0.021173508
0.08166056000000001,0.021246306000000003
0.08273504000000001,0.021296706000000002
0.08380952800000001,0.021341506000000003
0.084884,0.021397506000000004
0.08595848,0.021453506000000004
0.087032968,0.021515104
0.088107448,0.021582306000000002
0.08918192800000001,0.021615906000000004
0.09025640800000001,0.021655104
0.09133089600000001,0.021705504000000004
0.092405368,0.021727904
0.093479848,0.021783904
0.094554336,0.021828704
0.095628816,0.021851104000000003
0.09670329600000001,0.021890302000000004
0.09777777600000001,0.021918304000000003
0.098852256,0.021946302
0.099926736,0.021979902
0.101001,0.021996704000000002
0.102075,0.022019102000000002
0.10314999999999999,0.022075102
0.104224,0.022086302
0.10529899999999999,0.022103104000000002
0.106373,0.022136704000000004
0.107448,0.022147904000000003
0.108522,0.022170302000000003
0.109597,0.022181502000000002
0.11067099999999999,0.022187102
0.111746,0.022215102
0.11281999999999999,0.022231902
0.113894,0.022237502
0.11496899999999999,0.022243102
0.116043,0.022248702000000002
0.117118,0.022243102
0.11819199999999999,0.022259902
0.119267,0.022271102
0.12034099999999999,0.022271102
0.121416,0.022265502000000003
0.12248999999999999,0.022259902
0.123565,0.022254302000000004
0.124639,0.022271102
0.125714,0.022243102
0.12678799999999998,0.022254302000000004
0.127863,0.022265502000000003
0.128937,0.022243102
0.130012,0.022248702000000002
0.13108599999999998,0.022237502
0.132161,0.022231902
0.133235,0.022226302
0.13430999999999998,0.022209502000000002
0.135384,0.022203902000000005
0.136459,0.022203902000000005
0.137533,0.022220702000000002
0.13860799999999998,0.022220702000000002
0.139682,0.022220702000000002
0.140757,0.022209502000000002
0.14183099999999998,0.022220702000000002
0.142905,0.022237502
0.14398,0.022243102
0.145054,0.022265502000000003
0.14612899999999998,0.022265502000000003
0.147203,0.022282302
0.148278,0.022315902000000002
0.14935199999999998,0.022321502000000003
0.150427,0.022315902000000002
0.151501,0.022338302
0.152576,0.022338302
0.15364999999999998,0.022349502
0.154725,0.022383102000000002
0.155799,0.022383102000000002
0.15687399999999999,0.0224223
0.157948,0.022439102000000002
0.159023,0.022427902000000003
0.160097,0.0224559
0.16117199999999998,0.0224559
0.162246,0.0224559
0.163321,0.022500702
0.16439499999999999,0.022506300000000003
0.16547,0.022523102000000003
0.166544,0.022545502000000002
0.167619,0.022545502000000002
0.16869299999999998,0.022567902
0.169768,0.022595900000000002
0.170842,0.022590302000000003
0.17191599999999999,0.022651900000000003
0.172991,0.0226743
0.174065,0.0226743
0.17514,0.022707900000000003
0.17621399999999998,0.022719100000000002
0.177289,0.0227471
0.178363,0.022786300000000002
0.179438,0.022808698000000002
0.18051199999999998,0.022831098
0.181587,0.022875898000000002
0.182661,0.022898298000000004
0.18373599999999998,0.022926300000000004
0.18481,0.0229655
0.185885,0.022971098000000002
0.186959,0.023015898000000003
0.18803399999999998,0.0230663
0.189108,0.023077498000000002
0.190183,0.023122298000000003
0.19125699999999998,0.023144698000000002
0.192332,0.023183898
0.193406,0.023223098
0.194481,0.023251096000000002
0.19555499999999998,0.023301498
0.19663,0.023346298
0.197704,0.023374296000000003
0.19877799999999998,0.023402296000000003
0.199853,0.023458296000000003
0.200927,0.023486298000000003
0.202002,0.023531096
0.20307599999999998,0.023592696
0.204151,0.023626296
0.205225,0.023671096000000003
0.20629999999999998,0.023766296
0.207374,0.023788696
0.208449,0.023878294
0.209523,0.023928696000000003
0.21059799999999998,0.023990294000000002
0.211672,0.024091094
0.212747,0.024163894
0.21382099999999998,0.024236692
0.214896,0.024326294000000002
0.21597,0.024387892
0.217045,0.024494292
0.21811899999999998,0.024595092000000002
0.219194,0.02467909
0.220268,0.02477429
0.22134299999999998,0.024886290000000002
0.222417,0.02496469
0.223492,0.025082290000000004
0.224566,0.025194290000000005
0.22564099999999998,0.02528949
0.226715,0.025412688
0.227789,0.025513488
0.22886399999999998,0.025631086
0.22993799999999998,0.025759886
0.231013,0.025855086000000003
0.232087,0.025989486000000003
0.23316199999999998,0.026129484
0.234236,0.026230286000000002
0.235311,0.026375884000000002
0.23638499999999998,0.026527082000000004
0.23745999999999998,0.026644682000000003
0.238534,0.026795882000000004
0.239609,0.026941482
0.24068299999999998,0.027115082000000002
0.241758,0.027288680000000003
0.242832,0.027445478000000002
0.24390699999999998,0.027607878000000002
0.24498099999999998,0.027809476
0.246056,0.027966276
0.24713,0.028162276000000003
0.24820499999999998,0.028358276000000005
0.249279,0.028537474
0.25035399999999997,0.028755874
0.251428,0.028957472
0.252503,0.029142272
0.253577,0.029377470000000003
0.254652,0.029551070000000002
0.255726,0.029786268
0.2568,0.030049468000000003
0.25787499999999997,0.030245468
0.258949,0.030458264000000006
0.260024,0.030699064
0.261098,0.030917464000000002
0.262173,0.031158262000000003
0.263247,0.031421462000000004
0.264322,0.03165106
0.26539599999999997,0.031908660000000005
0.266471,0.032177458000000006
0.267545,0.032395858
0.26861999999999997,0.032681456
0.269694,0.032967056
0.270769,0.033207856
0.271843,0.033493454
0.272918,0.033762252
0.273992,0.034019848
0.275067,0.034395048
0.27614099999999997,0.034624648
0.27721599999999996,0.034927044
0.27829,0.035257444000000006
0.279365,0.035554244
0.280439,0.035890244
0.281514,0.03623184000000001
0.282588,0.03653424
0.283663,0.03688144000000001
0.28473699999999996,0.037245436
0.285811,0.03757583600000001
0.286886,0.037939832
0.28796,0.038259032000000005
0.289035,0.038623028000000004
0.290109,0.039020628
0.291184,0.03933982800000001
0.29225799999999996,0.039715028000000006
0.293333,0.040084624000000006
0.294407,0.040471024
0.29548199999999997,0.040829420000000005
0.296556,0.04123261600000001
0.297631,0.04157422
0.298705,0.041966212
0.29978,0.042352616
0.300854,0.042711012
0.301929,0.043153408
0.30300299999999997,0.043495008
0.30407799999999996,0.043898208
0.305152,0.044307004000000004
0.30622699999999997,0.044648604
0.307301,0.045035000000000006
0.308376,0.0454438
0.30945,0.04585260000000001
0.310525,0.046250196
0.31159899999999996,0.046664596
0.312673,0.047017396
0.31374799999999997,0.047437392
0.314822,0.047829388
0.315897,0.048176588000000006
0.316971,0.048574188000000004
0.318046,0.048921384
0.31911999999999996,0.04924618
0.320195,0.045937296
0.32126899999999997,0.046484168
0.32234399999999996,0.046921668
0.323418,0.047468540000000004
0.324493,0.047906036000000006
0.325567,0.048343536000000006
0.326642,0.048999784000000005
0.327716,0.049437284000000005
0.328791,0.049984152000000004
0.32986499999999996,0.050749776
0.33094,0.051515396000000005
0.332014,0.052171644
0.33308899999999997,0.052937268
0.334163,0.05348414
0.335238,0.054468508000000006
0.336312,0.055343504
0.337387,0.056327876000000006
0.338461,0.05742162000000001
0.339536,0.05862474000000001
0.34060999999999997,0.059718484
0.341684,0.06103097600000001
0.342759,0.062234096
0.343833,0.06343722
0.344908,0.064859088
0.345982,0.06584346
0.347057,0.067155952
0.34813099999999997,0.068249696
0.34920599999999996,0.06912468800000002
0.35028,0.07021843200000001
0.351355,0.070984056
0.352429,0.071530936
0.353504,0.072187176
0.354578,0.07251529599999999
0.355653,0.07262468000000001
0.35672699999999996,0.07295280000000001
0.357802,0.072734056
0.358876,0.07251529599999999
0.35995099999999997,0.07240592800000001
0.361025,0.07207780800000001
0.3621,0.07164031200000001
0.363174,0.071312184
0.364249,0.070655936
0.365323,0.07043719200000001
0.366398,0.070109064
0.36747199999999997,0.06934344800000002
0.368546,0.06890594400000001
0.369621,0.06868719200000001
0.370695,0.068249696
0.37177,0.067921568
0.372844,0.067484072
0.373919,0.06704658000000001
0.37499299999999997,0.06682782400000001
0.37606799999999996,0.066499704
0.377142,0.066280956
0.37821699999999997,0.066280956
0.379291,0.06595283600000001
0.380366,0.06595283600000001
0.38144,0.06584346
0.382515,0.06584346
0.38358899999999996,0.06595283600000001
0.384664,0.06584346
0.38573799999999997,0.06584346
0.38681299999999996,0.066171584
0.387887,0.066062208
0.388962,0.066280956
0.390036,0.066609076
0.391111,0.066718452
0.392185,0.06693720400000001
0.39326,0.06737470400000001
0.39433399999999996,0.067593448
0.39540899999999995,0.068030952
0.396483,0.06846844800000002
0.397557,0.06868719200000001
0.398632,0.06923407200000001
0.399706,0.06989031200000001
0.400781,0.07021843200000001
0.40185499999999996,0.070874688
0.40292999999999995,0.071530936
0.404004,0.07207780800000001
0.40507899999999997,0.072843432
0.406153,0.073499672
0.407228,0.07426529600000001
0.408302,0.07503092
0.409377,0.07579653600000001
0.41045099999999995,0.07667153600000001
0.411526,0.077546528
0.41259999999999997,0.078421528
0.41367499999999996,0.07929652000000001
0.414749,0.08039026400000002
0.41582399999999997,0.08126526400000002
0.416898,0.082468384
0.417973,0.083452752
0.419047,0.08454649600000001
0.420122,0.085749616
0.42119599999999996,0.08673399200000001
0.422271,0.08793711200000001
0.42334499999999997,0.08914023200000001
0.42441999999999996,0.09034335200000002
0.425494,0.09154646400000001
0.426568,0.09274958400000001
0.427643,0.09395270400000001
0.42871699999999996,0.09526520000000001
0.429792,0.09646832000000001
0.43086599999999997,0.09767144000000001
0.43194099999999996,0.099093312
0.433015,0.100296
0.43409,0.101499
0.435164,0.102921
0.436239,0.103905
0.437313,0.10543699999999999
0.438388,0.106749
0.43946199999999996,0.10806199999999999
0.44053699999999996,0.10926499999999999
0.441611,0.11068700000000001
0.44268599999999997,0.11188999999999999
0.44376,0.113093
0.444835,0.114296
0.445909,0.115608
0.446984,0.116921
0.44805799999999996,0.11823299999999999
0.449133,0.11932699999999999
0.45020699999999997,0.12064
0.45128199999999996,0.12184299999999999
0.452356,0.123046
0.45343,0.12435800000000001
0.454505,0.125452
0.45557899999999996,0.126655
0.456654,0.127749
0.45772799999999997,0.12884299999999999
0.45880299999999996,0.130046
0.459877,0.13124899999999998
0.460952,0.132124
0.462026,0.133436
0.463101,0.13431099999999999
0.464175,0.135515
0.46525,0.136499
0.46632399999999996,0.137483
0.46739899999999995,0.13846799999999998
0.468473,0.139561
0.46954799999999997,0.140436
0.470622,0.14142100000000002
0.471697,0.142405
0.472771,0.14328
0.473846,0.144155
0.47491999999999995,0.145139
0.475995,0.145905
0.47706899999999997,0.146889
0.47814399999999996,0.147764
0.479218,0.148421
0.48029299999999997,0.149405
0.481367,0.15028
0.48244099999999995,0.15104599999999999
0.483516,0.151811
0.48458999999999997,0.152686
0.48566499999999996,0.153343
0.486739,0.154218
0.48781399999999997,0.15487399999999998
0.488888,0.155749
0.489963,0.156514
0.491037,0.157061
0.492112,0.157827
0.49318599999999996,0.15859299999999998
0.49426099999999995,0.159249
0.49533499999999997,0.160014
0.49640999999999996,0.160561
0.497484,0.161218
0.498559,0.161983
0.499633,0.16252999999999998
0.5007079999999999,0.163077
0.501782,0.163843
0.502857,0.16417099999999998
0.503931,0.164936
0.505006,0.165593
0.50608,0.16602999999999998
0.507155,0.166577
0.5082289999999999,0.167343
0.509304,0.167671
0.510378,0.168327
0.511452,0.168764
0.512527,0.169311
0.513601,0.16985799999999998
0.514676,0.17018599999999998
0.5157499999999999,0.170842
0.516825,0.171389
0.517899,0.171827
0.5189739999999999,0.172374
0.520048,0.172921
0.521123,0.173249
0.522197,0.173796
0.523272,0.174124
0.524346,0.174561
0.525421,0.175108
0.5264949999999999,0.175546
0.52757,0.176092
0.528644,0.176639
0.5297189999999999,0.17696699999999999
0.530793,0.17740499999999998
0.531868,0.177952
0.532942,0.17828
0.534017,0.178717
0.535091,0.179264
0.5361659999999999,0.17959199999999997
0.5372399999999999,0.18003
0.538314,0.180577
0.539389,0.18090499999999998
0.540463,0.181452
0.541538,0.181889
0.542612,0.182327
0.5436869999999999,0.182874
0.5447609999999999,0.183311
0.545836,0.183858
0.54691,0.18440499999999999
0.5479849999999999,0.184842
0.549059,0.185389
0.550134,0.18593600000000002
0.5512079999999999,0.186592
0.552283,0.187139
0.553357,0.187796
0.5544319999999999,0.18823299999999998
0.5555059999999999,0.18899899999999997
0.556581,0.189546
0.557655,0.190202
0.55873,0.190858
0.559804,0.191514
0.560879,0.192171
0.5619529999999999,0.192936
0.563028,0.19359200000000001
0.564102,0.194467
0.5651769999999999,0.195124
0.566251,0.19578
0.567326,0.196655
0.5684,0.19742
0.5694739999999999,0.198186
0.570549,0.199061
0.571623,0.199936
0.5726979999999999,0.200811
0.573772,0.20179499999999997
0.574847,0.20267
0.575921,0.20354499999999998
0.576996,0.204639
0.57807,0.205514
0.579145,0.206499
0.5802189999999999,0.207702
0.581294,0.208577
0.582368,0.20967
0.5834429999999999,0.21087399999999998
0.584517,0.21196700000000002
0.585592,0.21317
0.586666,0.21437399999999998
0.587741,0.21546700000000002
0.588815,0.21667
0.58989,0.217983
0.5909639999999999,0.21929500000000002
0.592039,0.220608
0.593113,0.22202999999999998
0.5941879999999999,0.223233
0.595262,0.224764
0.596336,0.226077
0.597411,0.22749799999999998
0.5984849999999999,0.22903
0.59956,0.23045200000000002
0.600634,0.232092
0.6017089999999999,0.233733
0.602783,0.235264
0.603858,0.237014
0.604932,0.238764
0.606007,0.24029499999999998
0.607081,0.242155
0.6081559999999999,0.24390499999999998
0.6092299999999999,0.245764
0.610305,0.24773299999999998
0.611379,0.249592
0.6124539999999999,0.251561
0.613528,0.25353000000000003
0.614603,0.255608
0.6156769999999999,0.25768599999999997
0.616752,0.25987299999999997
0.617826,0.262061
0.6189009999999999,0.264248
0.6199749999999999,0.266545
0.62105,0.268842
0.622124,0.271139
0.6231979999999999,0.273545
0.624273,0.275951
0.625347,0.278686
0.6264219999999999,0.281092
0.6274959999999999,0.283717
0.628571,0.286451
0.629645,0.289186
0.63072,0.29191999999999996
0.631794,0.294873
0.632869,0.297608
0.6339429999999999,0.30067
0.635018,0.303623
0.636092,0.306795
0.6371669999999999,0.31007599999999996
0.638241,0.31324799999999997
0.639316,0.316529
0.64039,0.31992
0.641465,0.323201
0.642539,0.32681099999999996
0.643614,0.33031099999999997
0.6446879999999999,0.334029
0.645763,0.337857
0.646837,0.34179499999999996
0.6479119999999999,0.345514
0.648986,0.34967
0.650061,0.353717
0.651135,0.35765399999999997
0.6522089999999999,0.362029
0.653284,0.36629500000000004
0.654358,0.37066999999999994
0.6554329999999999,0.375263
0.656507,0.379748
0.657582,0.384342
0.658656,0.389154
0.659731,0.393967
0.660805,0.39888799999999996
0.66188,0.40392
0.6629539999999999,0.408951
0.664029,0.41420100000000004
0.665103,0.41945099999999996
0.6661779999999999,0.424701
0.667252,0.43016899999999997
0.668327,0.43574799999999997
0.669401,0.441326
0.670476,0.447232
0.67155,0.45291899999999996
0.6726249999999999,0.458716
0.6736989999999999,0.464841
0.674774,0.47074699999999997
0.675848,0.47698199999999996
0.6769229999999999,0.483216
0.677997,0.48945000000000005
0.679072,0.495904
0.6801459999999999,0.502466
0.6812199999999999,0.5090279999999999
0.682295,0.51581
0.683369,0.522482
0.6844439999999999,0.529153
0.685518,0.536153
0.686593,0.5429350000000001
0.6876669999999999,0.550153
0.688742,0.557153
0.689816,0.564372
0.6908909999999999,0.5714809999999999
0.6919649999999999,0.578809
0.69304,0.585919
0.694114,0.593356
0.695189,0.600575
0.696263,0.608012
0.697338,0.615559
0.6984119999999999,0.6231059999999999
0.699487,0.630434
0.700561,0.63809
0.7016359999999999,0.645528
0.70271,0.652965
0.703785,0.66084
0.704859,0.6682779999999999
0.705934,0.675825
0.707008,0.6833710000000001
0.708083,0.6907
0.7091569999999999,0.698356
0.710231,0.705793
0.711306,0.7131209999999999
0.71238,0.72034
0.713455,0.727559
0.714529,0.7347769999999999
0.715604,0.741996
0.7166779999999999,0.7489959999999999
0.717753,0.7559959999999999
0.718827,0.762887
0.7199019999999999,0.769668
0.720976,0.77623
0.722051,0.7830119999999999
0.723125,0.789465
0.7242,0.795699
0.725274,0.801933
0.726349,0.80773
0.7274229999999999,0.8136369999999999
0.728498,0.819105
0.729572,0.824465
0.7306469999999999,0.830152
0.731721,0.835293
0.732796,0.840214
0.7338699999999999,0.845027
0.734945,0.849511
0.736019,0.853996
0.737093,0.8582609999999999
0.7381679999999999,0.8621989999999999
0.739242,0.866136
0.740317,0.869746
0.7413909999999999,0.873027
0.742466,0.876308
0.74354,0.8793709999999999
0.7446149999999999,0.881996
0.7456889999999999,0.884621
0.746764,0.8870269999999999
0.747838,0.889214
0.7489129999999999,0.891292
0.749987,0.892824
0.751062,0.894464
0.7521359999999999,0.895886
0.753211,0.89698
0.754285,0.897964
0.7553599999999999,0.8987299999999999
0.7564339999999999,0.898949
0.757509,0.8993859999999999
0.758583,0.899495
0.7596579999999999,0.899277
0.760732,0.899058
0.761807,0.898511
0.7628809999999999,0.897855
0.7639549999999999,0.897199
0.76503,0.895996
0.766104,0.894792
0.7671789999999999,0.893699
0.768253,0.892058
0.769328,0.890308
0.7704019999999999,0.888667
0.771477,0.8865890000000001
0.772551,0.884621
0.7736259999999999,0.882433
0.7746999999999999,0.8798079999999999
0.775775,0.877621
0.776849,0.874777
0.777924,0.8721519999999999
0.778998,0.8694179999999999
0.780073,0.8664639999999999
0.7811469999999999,0.863402
0.782222,0.860011
0.783296,0.856839
0.7843709999999999,0.853449
0.785445,0.850168
0.78652,0.846668
0.787594,0.843168
0.788669,0.8394489999999999
0.789743,0.8358399999999999
0.7908179999999999,0.83234
0.7918919999999999,0.828293
0.792967,0.824574
0.794041,0.8207460000000001
0.795115,0.8166990000000001
0.79619,0.812762
0.797264,0.8089329999999999
0.7983389999999999,0.804558
0.7994129999999999,0.8006209999999999
0.800488,0.796683
0.801562,0.792418
0.8026369999999999,0.7883709999999999
0.803711,0.7842149999999999
0.804786,0.779949
0.8058599999999999,0.775793
0.806935,0.7717459999999999
0.808009,0.76759
0.8090839999999999,0.763543
0.8101579999999999,0.759277
0.811233,0.755231
0.812307,0.751184
0.8133819999999999,0.747027
0.814456,0.742871
0.815531,0.738934
0.8166049999999999,0.734668
0.81768,0.7307309999999999
0.818754,0.726684
0.8198289999999999,0.722746
0.8209029999999999,0.718918
0.821978,0.7148709999999999
0.823052,0.7109340000000001
0.8241259999999999,0.7072149999999999
0.825201,0.703496
0.826275,0.6995589999999999
0.8273499999999999,0.696059
0.8284239999999999,0.6920120000000001
0.829499,0.688403
0.830573,0.6849029999999999
0.8316479999999999,0.681075
0.832722,0.677684
0.833797,0.674075
0.8348709999999999,0.670575
0.835946,0.6672929999999999
0.83702,0.663903
0.8380949999999999,0.660512
0.8391689999999999,0.65734
0.840244,0.65395
0.841318,0.650559
0.842393,0.647825
0.843467,0.6444340000000001
0.844542,0.6413719999999999
0.8456159999999999,0.638528
0.846691,0.635247
0.847765,0.6324029999999999
0.8488399999999999,0.629559
0.849914,0.626387
0.850988,0.623872
0.852063,0.621137
0.8531369999999999,0.6184029999999999
0.854212,0.615778
0.855286,0.6130439999999999
0.8563609999999999,0.610419
0.857435,0.608012
0.85851,0.605278
0.859584,0.6030909999999999
0.860659,0.600684
0.861733,0.5981690000000001
0.8628079999999999,0.595872
0.8638819999999999,0.593684
0.864957,0.591278
0.866031,0.5890909999999999
0.8671059999999999,0.5867939999999999
0.86818,0.5846060000000001
0.869255,0.582747
0.8703289999999999,0.580669
0.871404,0.5784809999999999
0.872478,0.5765129999999999
0.8735529999999999,0.574763
0.8746269999999999,0.572466
0.875702,0.570716
0.876776,0.568966
0.8778499999999999,0.5672159999999999
0.878925,0.565247
0.879999,0.5638249999999999
0.8810739999999999,0.561856
0.8821479999999999,0.560435
0.883223,0.558794
0.884297,0.557263
0.8853719999999999,0.555841
0.886446,0.5542
0.887521,0.552997
0.8885949999999999,0.5514659999999999
0.88967,0.550044
0.890744,0.548841
0.8918189999999999,0.547419
0.8928929999999999,0.546435
0.893968,0.545231
0.895042,0.544138
0.8961169999999999,0.543153
0.897191,0.54206
0.898266,0.541075
0.8993399999999999,0.540091
0.900415,0.539325
0.901489,0.5385599999999999
0.9025639999999999,0.537794
0.9036379999999999,0.537138
0.904713,0.5363720000000001
0.905787,0.536044
0.9068609999999999,0.535388
0.907936,0.534841
0.90901,0.534403
0.9100849999999999,0.534185
0.9111589999999999,0.5338569999999999
0.912234,0.533747
0.913308,0.533419
0.914383,0.533419
0.915457,0.533419
0.916532,0.5332
0.9176059999999999,0.533638
0.918681,0.5338569999999999
0.919755,0.533966
0.9208299999999999,0.534403
0.921904,0.534732
0.922979,0.535388
0.924053,0.536044
0.925128,0.5365909999999999
0.926202,0.537685
0.9272769999999999,0.5385599999999999
0.9283509999999999,0.539544
0.929426,0.540856
0.9305,0.5419499999999999
0.9315749999999999,0.543044
0.932649,0.544575
0.933724,0.546106
0.9347979999999999,0.547528
0.9358719999999999,0.549388
0.936947,0.5510280000000001
0.938021,0.552888
0.9390959999999999,0.555185
0.94017,0.557263
0.941245,0.55945
0.9423189999999999,0.561966
0.943394,0.564153
0.944468,0.566997
0.9455429999999999,0.569731
0.9466169999999999,0.572466
0.947692,0.575309
0.948766,0.5785910000000001
0.9498409999999999,0.5815440000000001
0.950915,0.585153
0.95199,0.588434
0.9530639999999999,0.5920439999999999
0.954139,0.595653
0.955213,0.5992620000000001
0.9562879999999999,0.603309
0.9573619999999999,0.607247
0.958437,0.611294
0.959511,0.615559
0.9605859999999999,0.619934
0.96166,0.624419
0.962735,0.629231
0.9638089999999999,0.633934
0.9648829999999999,0.638528
0.965958,0.6436689999999999
0.967032,0.64859
0.9681069999999999,0.6538400000000001
0.969181,0.6596369999999999
0.970256,0.665106
0.9713299999999999,0.670903
0.972405,0.6765899999999999
0.973479,0.682606
0.9745539999999999,0.689059
0.9756279999999999,0.695403
0.976703,0.7018559999999999
0.977777,0.7088559999999999
0.9788519999999999,0.7158559999999999
0.979926,0.723074
0.9810009999999999,0.7301839999999999
0.9820749999999999,0.737949
0.98315,0.745934
0.984224,0.753918
0.9852989999999999,0.762121
0.9863729999999999,0.770543
0.987448,0.7794019999999999
0.9885219999999999,0.788152
0.989597,0.79734
0.990671,0.806746
0.991745,0.816261
0.9928199999999999,0.826433
0.9938939999999999,0.836386
0.994969,0.8465579999999999
0.9960429999999999,0.857605
0.997118,0.868652
0.998192,0.8798079999999999
0.9992669999999999,0.891402
1.000341,0.902886
1.0014159999999999,0.915027
1.0024899999999999,0.927277
1.003565,0.939636
1.004639,0.9526519999999999
1.005714,0.965667
1.006788,0.9793389999999998
1.007863,0.992683
1.008937,1.0066819999999999
1.010012,1.0206819999999999
1.011086,1.035557
1.0121609999999999,1.050432
1.0132349999999999,1.065526
1.01431,1.081276
1.015384,1.0970259999999998
1.016459,1.113651
1.017533,1.130276
1.018608,1.1471189999999998
1.019682,1.164838
1.020756,1.182338
1.021831,1.200275
1.022905,1.219088
1.02398,1.237463
1.025054,1.256931
1.0261289999999998,1.276619
1.0272029999999999,1.296306
1.028278,1.317087
1.029352,1.338087
1.030427,1.359306
1.031501,1.380962
1.032576,1.403056
1.03365,1.425806
1.034725,1.448774
1.035799,1.472618
1.0368739999999999,1.496462
1.0379479999999999,1.521399
1.039023,1.5458990000000001
1.040097,1.570836
1.041172,1.597742
1.042246,1.623992
1.043321,1.651336
1.044395,1.679336
1.04547,1.707117
1.046544,1.736211
1.047618,1.765523
1.0486929999999999,1.795054
1.049767,1.826116
1.050842,1.8571790000000001
1.0519159999999999,1.889335
1.052991,1.921928
1.054065,1.955178
1.05514,1.9884279999999999
1.056214,2.02299
1.057289,2.058428
1.058363,2.095178
1.0594379999999999,2.131927
1.060512,2.168677
1.061587,2.2071769999999997
1.0626609999999999,2.246989
1.063736,2.286802
1.06481,2.327927
1.065885,2.370801
1.066959,2.4123639999999997
1.068034,2.456114
1.069108,2.499863
1.0701829999999999,2.545363
1.071257,2.5913
1.0723319999999998,2.6368
1.0734059999999999,2.627175
1.074481,2.6131749999999996
1.075555,2.603113
1.076629,2.5982999999999996
1.077704,2.5913
1.078778,2.5847379999999998
1.079853,2.579488
1.080927,2.572488
1.082002,2.565926
1.083076,2.5615509999999997
1.0841509999999999,2.553238
1.0852249999999999,2.548426
1.0863,2.5436129999999997
1.0873739999999998,2.535738
1.088449,2.530926
1.089523,2.526113
1.090598,2.5186759999999997
1.091672,2.514301
1.092747,2.509051
1.093821,2.5033630000000002
1.0948959999999999,2.499426
1.0959699999999999,2.493301
1.097045,2.488051
1.0981189999999998,2.484988
1.099194,2.477989
1.100268,2.474489
1.101343,2.470551
1.102417,2.464426
1.103492,2.4609259999999997
1.104566,2.457426
1.1056409999999999,2.451739
1.106715,2.449114
1.107789,2.444739
1.1088639999999998,2.439926
1.1099379999999999,2.437739
1.111013,2.4329259999999997
1.112087,2.428989
1.113162,2.426801
1.114236,2.421551
1.115311,2.418489
1.116385,2.416301
1.11746,2.4119260000000002
1.118534,2.409739
1.1196089999999999,2.406676
1.1206829999999999,2.401864
1.121758,2.400551
1.122832,2.3974889999999998
1.123907,2.393114
1.124981,2.3922389999999996
1.126056,2.388739
1.12713,2.384802
1.128205,2.3843639999999997
1.129279,2.379989
1.1303539999999999,2.3773639999999996
1.1314279999999999,2.376489
1.132503,2.3721140000000003
1.133577,2.370801
1.134652,2.369052
1.135726,2.364676
1.1368,2.3638019999999997
1.137875,2.362051
1.138949,2.358114
1.140024,2.358114
1.141098,2.3546139999999998
1.1421729999999999,2.351989
1.143247,2.351989
1.1443219999999998,2.348052
1.1453959999999999,2.346302
1.146471,2.346302
1.147545,2.342364
1.14862,2.341052
1.149694,2.340614
1.150769,2.336677
1.151843,2.336239
1.1529179999999999,2.3353639999999998
1.153992,2.331427
1.1550669999999998,2.331864
1.1561409999999999,2.3296769999999998
1.157216,2.327489
1.15829,2.327489
1.159365,2.324427
1.160439,2.323114
1.161514,2.323114
1.162588,2.320052
1.163663,2.3196139999999996
1.164737,2.318739
1.165811,2.315677
1.1668859999999999,2.315239
1.1679599999999999,2.3143640000000003
1.169035,2.3117389999999998
1.1701089999999998,2.312177
1.171184,2.309989
1.172258,2.308239
1.173333,2.308677
1.174407,2.306927
1.175482,2.305177
1.176556,2.305177
1.1776309999999999,2.302552
1.178705,2.302114
1.17978,2.3016769999999998
1.1808539999999998,2.299052
1.181929,2.299489
1.183003,2.2986139999999997
1.184078,2.295989
1.185152,2.296864
1.186227,2.295114
1.187301,2.293364
1.1883759999999999,2.294239
1.18945,2.292052
1.190525,2.290739
1.1915989999999999,2.2916139999999996
1.1926729999999999,2.288989
1.193748,2.288989
1.194822,2.288552
1.195897,2.2863640000000003
1.196971,2.286802
1.198046,2.2863640000000003
1.19912,2.284614
1.200195,2.285052
1.201269,2.2837389999999997
1.2023439999999999,2.281552
1.2034179999999999,2.282427
1.204493,2.280677
1.205567,2.2798019999999997
1.206642,2.281114
1.207716,2.278489
1.208791,2.2780519999999997
1.209865,2.278489
1.21094,2.276302
1.212014,2.276302
1.2130889999999999,2.276302
1.2141629999999999,2.274114
1.215238,2.275427
1.2163119999999998,2.274114
1.217387,2.271927
1.218461,2.2732390000000002
1.219535,2.2714890000000003
1.22061,2.2706139999999997
1.221684,2.271927
1.222759,2.270177
1.223833,2.269302
1.2249079999999999,2.26974
1.225982,2.267989
1.2270569999999998,2.267989
1.2281309999999999,2.267989
1.229206,2.265802
1.23028,2.2666769999999996
1.231355,2.266239
1.232429,2.264489
1.233504,2.265802
1.234578,2.264489
1.235653,2.262739
1.236727,2.263615
1.2378019999999998,2.2618639999999997
1.2388759999999999,2.2618639999999997
1.239951,2.262739
1.241025,2.260552
1.2421,2.260552
1.243174,2.2609899999999996
1.244249,2.2588019999999998
1.245323,2.259677
1.246397,2.259239
1.247472,2.257052
1.248546,2.2583640000000003
1.2496209999999999,2.25749
1.250695,2.2557389999999997
1.25177,2.25749
1.2528439999999998,2.2557389999999997
1.253919,2.2548649999999997
1.254993,2.2557389999999997
1.256068,2.253552
1.257142,2.25399
1.258217,2.254427
1.259291,2.2518019999999996
1.2603659999999999,2.2526770000000003
1.26144,2.2526770000000003
1.262515,2.250927
1.2635889999999999,2.252239
1.264664,2.250927
1.265738,2.24874
1.266813,2.25049
1.267887,2.24874
1.268962,2.24874
1.270036,2.249614
1.2711109999999999,2.248302
1.272185,2.247865
1.273259,2.248302
1.2743339999999999,2.245677
1.2754079999999999,2.246552
1.276483,2.246552
1.2775569999999998,2.244802
1.278632,2.245677
1.279706,2.244802
1.280781,2.2434890000000003
1.281855,2.244365
1.28293,2.2426150000000002
1.284004,2.242177
1.2850789999999999,2.2434890000000003
1.2861529999999999,2.240865
1.287228,2.240865
1.2883019999999998,2.241302
1.289377,2.239552
1.290451,2.240427
1.291526,2.240427
1.2926,2.23824
1.293675,2.239115
1.294749,2.23824
1.2958239999999999,2.23649
1.2968979999999999,2.23824
1.297973,2.23649
1.2990469999999998,2.235615
1.300122,2.237364
1.301196,2.23474
1.30227,2.234302
1.303345,2.236052
1.304419,2.2329899999999996
1.305494,2.233427
1.306568,2.233865
1.3076429999999999,2.2316770000000004
1.308717,2.232552
1.3097919999999998,2.2316770000000004
1.3108659999999999,2.230365
1.311941,2.2316770000000004
1.313015,2.230365
1.31409,2.229052
1.315164,2.229927
1.316239,2.228177
1.317313,2.2277400000000003
1.318388,2.229052
1.319462,2.226427
1.3205369999999998,2.226865
1.3216109999999999,2.227302
1.322686,2.2246770000000002
1.32376,2.22599
1.324835,2.2251149999999997
1.325909,2.223365
1.326984,2.2246770000000002
1.328058,2.222927
1.329133,2.221615
1.330207,2.222927
1.331281,2.221615
1.3323559999999999,2.221177
1.33343,2.221615
1.3345049999999998,2.219865
1.3355789999999998,2.219427
1.336654,2.219865
1.337728,2.217677
1.338803,2.21899
1.339877,2.2181149999999996
1.340952,2.2159269999999998
1.342026,2.21724
1.3431009999999999,2.2159269999999998
1.344175,2.2146150000000002
1.3452499999999998,2.216365
1.3463239999999999,2.214177
1.347399,2.213302
1.348473,2.215052
1.349548,2.212427
1.350622,2.212427
1.351697,2.212427
1.352771,2.210677
1.3538459999999999,2.2119899999999997
1.35492,2.210677
1.3559949999999998,2.20849
1.3570689999999999,2.210677
1.358144,2.20849
1.359218,2.207615
1.360293,2.20849
1.361367,2.206302
1.362441,2.205865
1.363516,2.20674
1.36459,2.204552
1.365665,2.20499
1.366739,2.20499
1.3678139999999999,2.202802
1.3688879999999999,2.204115
1.369963,2.202802
1.3710369999999998,2.201052
1.372112,2.202365
1.373186,2.201052
1.374261,2.1997400000000003
1.375335,2.201052
1.37641,2.198865
1.377484,2.198427
1.3785589999999999,2.1997400000000003
1.3796329999999999,2.196677
1.380708,2.1971149999999997
1.3817819999999998,2.19799
1.382857,2.195365
1.383931,2.19624
1.385006,2.195802
1.38608,2.193615
1.387155,2.194927
1.388229,2.193177
1.3893039999999999,2.191865
1.390378,2.193177
1.3914529999999998,2.191427
1.3925269999999998,2.190552
1.3936009999999999,2.191427
1.394676,2.18924
1.39575,2.18924
1.396825,2.189677
1.397899,2.18749
1.398974,2.1879269999999997
1.400048,2.18749
1.401123,2.185302
1.402197,2.186177
1.4032719999999999,2.18574
1.4043459999999999,2.183552
1.405421,2.1848650000000003
1.4064949999999998,2.183552
1.40757,2.1822399999999997
1.408644,2.183552
1.409719,2.181365
1.410793,2.181365
1.411868,2.1818020000000002
1.412942,2.17874
1.4140169999999999,2.179615
1.4150909999999999,2.180052
1.416166,2.177427
1.4172399999999998,2.17874
1.418315,2.177865
1.419389,2.176115
1.420463,2.176552
1.421538,2.1752399999999996
1.422612,2.174365
1.423687,2.1752399999999996
1.424761,2.1730519999999998
1.4258359999999999,2.1730519999999998
1.42691,2.1730519999999998
1.4279849999999998,2.171302
1.4290589999999999,2.1717400000000002
1.430134,2.1717400000000002
1.431208,2.1691149999999997
1.432283,2.1699900000000003
1.433357,2.169552
1.434432,2.1673649999999998
1.435506,2.168677
1.4365809999999999,2.1673649999999998
1.437655,2.165615
1.4387299999999998,2.1673649999999998
1.4398039999999999,2.16474
1.440879,2.16474
1.441953,2.165177
1.443028,2.16299
1.444102,2.16299
1.445177,2.16299
1.446251,2.160802
1.447325,2.161677
1.4484,2.16124
1.449474,2.1586149999999997
1.4505489999999999,2.1603649999999996
1.4516229999999999,2.1586149999999997
1.452698,2.157302
1.4537719999999998,2.1586149999999997
1.454847,2.1568650000000003
1.455921,2.156427
1.456996,2.157302
1.45807,2.154678
1.459145,2.1551150000000003
1.460219,2.1551150000000003
1.4612939999999999,2.15249
1.462368,2.153802
1.4634429999999998,2.15249
1.4645169999999998,2.150302
1.465592,2.152053
1.466666,2.15074
1.467741,2.14899
1.468815,2.150302
1.46989,2.148115
1.470964,2.147677
1.4720389999999999,2.1485529999999997
1.473113,2.145928
1.474187,2.146365
1.4752619999999999,2.146802
1.4763359999999999,2.144615
1.477411,2.145053
1.4784849999999998,2.144615
1.47956,2.1419900000000003
1.480634,2.142865
1.481709,2.1419900000000003
1.482783,2.140677
1.483858,2.1419900000000003
1.484932,2.14024
1.4860069999999999,2.138928
1.4870809999999999,2.14024
1.488156,2.137615
1.4892299999999998,2.137615
1.490305,2.137615
1.491379,2.135865
1.492454,2.1363030000000003
1.493528,2.1363030000000003
1.494603,2.134115
1.495677,2.134552
1.4967519999999999,2.1336779999999997
1.4978259999999999,2.131927
1.498901,2.1336779999999997
1.4999749999999998,2.131053
1.498901,2.131053
1.4978259999999999,2.13149
1.4967519999999999,2.129303
1.495677,2.128427
1.494603,2.129303
1.493528,2.126678
1.492454,2.12799
1.491379,2.127553
1.490305,2.124928
1.4892299999999998,2.125803
1.488156,2.124928
1.4870809999999999,2.1231780000000002
1.4860069999999999,2.124053
1.484932,2.12274
1.483858,2.122302
1.482783,2.12274
1.481709,2.1205529999999997
1.480634,2.120115
1.47956,2.12099
1.4784849999999998,2.1188029999999998
1.477411,2.1188029999999998
1.4763359999999999,2.1188029999999998
1.4752619999999999,2.116615
1.474187,2.1174899999999997
1.473113,2.116178
1.4720389999999999,2.114865
1.470964,2.116178
1.46989,2.113553
1.468815,2.112678
1.467741,2.1144279999999998
1.466666,2.111803
1.465592,2.111803
1.4645169999999998,2.111803
1.4634429999999998,2.109615
1.462368,2.110053
1.4612939999999999,2.109615
1.460219,2.107428
1.459145,2.1083030000000003
1.45807,2.107428
1.456996,2.1056779999999997
1.455921,2.106553
1.454847,2.1056779999999997
1.4537719999999998,2.10349
1.452698,2.104803
1.4516229999999999,2.1026149999999997
1.4505489999999999,2.102178
1.449474,2.10349
1.4484,2.100428
1.447325,2.101303
1.446251,2.101303
1.445177,2.09824
1.444102,2.099553
1.443028,2.098678
1.441953,2.0964899999999997
1.440879,2.097803
1.4398039999999999,2.096053
1.4387299999999998,2.095178
1.437655,2.096053
1.4365809999999999,2.093865
1.435506,2.0934280000000003
1.434432,2.093865
1.433357,2.091678
1.432283,2.091678
1.431208,2.092115
1.430134,2.089928
1.4290589999999999,2.0908029999999997
1.4279849999999998,2.0894899999999996
1.42691,2.087303
1.4258359999999999,2.0894899999999996
1.424761,2.087303
1.423687,2.0859900000000002
1.422612,2.086865
1.421538,2.084678
1.420463,2.0842400000000003
1.419389,2.085115
1.418315,2.082928
1.4172399999999998,2.082928
1.416166,2.082928
1.4150909999999999,2.0803030000000002
1.4140169999999999,2.081178
1.412942,2.0803030000000002
1.411868,2.078553
1.410793,2.079865
1.409719,2.078553
1.408644,2.076803
1.40757,2.0776779999999997
1.4064949999999998,2.0759279999999998
1.405421,2.075053
1.4043459999999999,2.0759279999999998
1.4032719999999999,2.074178
1.402197,2.073303
1.401123,2.07374
1.400048,2.07199
1.398974,2.07199
1.397899,2.0715529999999998
1.396825,2.069803
1.39575,2.070678
1.394676,2.069803
1.3936009999999999,2.068053
1.3925269999999998,2.068928
1.3914529999999998,2.067178
1.390378,2.066303
1.3893039999999999,2.06674
1.388229,2.064553
1.387155,2.064553
1.38608,2.06499
1.385006,2.0623650000000002
1.383931,2.0628029999999997
1.382857,2.0628029999999997
1.3817819999999998,2.060615
1.380708,2.0614899999999996
1.3796329999999999,2.060178
1.3785589999999999,2.059303
1.377484,2.060178
1.37641,2.058428
1.375335,2.056678
1.374261,2.058428
1.373186,2.055365
1.372112,2.055803
1.3710369999999998,2.0562400000000003
1.369963,2.0536149999999997
1.3688879999999999,2.054053
1.3678139999999999,2.0536149999999997
1.366739,2.051865
1.365665,2.052303
1.36459,2.051428
1.363516,2.0496779999999997
1.362441,2.051428
1.361367,2.048803
1.360293,2.0479279999999997
1.359218,2.048803
1.358144,2.0466149999999996
1.3570689999999999,2.046178
1.3559949999999998,2.0466149999999996
1.35492,2.0448649999999997
1.3538459999999999,2.045303
1.352771,2.045303
1.351697,2.0426779999999995
1.350622,2.043553
1.349548,2.04224
1.348473,2.040928
1.347399,2.041803
1.3463239999999999,2.040053
1.3452499999999998,2.039178
1.344175,2.040053
1.3431009999999999,2.037865
1.342026,2.0374280000000002
1.340952,2.038303
1.339877,2.035678
1.338803,2.036115
1.337728,2.036115
1.336654,2.033491
1.3355789999999998,2.034365
1.3345049999999998,2.033491
1.33343,2.031303
1.3323559999999999,2.032615
1.331281,2.031303
1.330207,2.029553
1.329133,2.030865
1.328058,2.029115
1.326984,2.0286779999999998
1.325909,2.029115
1.324835,2.0264900000000003
1.32376,2.026928
1.322686,2.026928
1.3216109999999999,2.025178
1.3205369999999998,2.026053
1.319462,2.025178
1.318388,2.022115
1.317313,2.023428
1.316239,2.02299
1.315164,2.021678
1.31409,2.022115
1.313015,2.0199279999999997
1.311941,2.0194900000000002
1.3108659999999999,2.020365
1.3097919999999998,2.017741
1.308717,2.018178
1.3076429999999999,2.018178
1.306568,2.01599
1.305494,2.016428
1.304419,2.01599
1.303345,2.0133650000000003
1.30227,2.015116
1.301196,2.0133650000000003
1.300122,2.012053
1.2990469999999998,2.0133650000000003
1.297973,2.011616
1.2968979999999999,2.0107399999999997
1.2958239999999999,2.012053
1.294749,2.009428
1.293675,2.009428
1.2926,2.009865
1.291526,2.00724
1.290451,2.008116
1.289377,2.00724
1.2883019999999998,2.0050529999999998
1.287228,2.006366
1.2861529999999999,2.0050529999999998
1.2850789999999999,2.0037399999999996
1.284004,2.0050529999999998
1.28293,2.003303
1.281855,2.002428
1.280781,2.002866
1.279706,2.000678
1.278632,2.000678
1.2775569999999998,2.001115
1.276483,1.998928
1.2754079999999999,1.998928
1.2743339999999999,1.998928
1.273259,1.9967409999999999
1.272185,1.998053
1.2711109999999999,1.9967409999999999
1.270036,1.994991
1.268962,1.9967409999999999
1.267887,1.994991
1.266813,1.9932409999999998
1.265738,1.994991
1.264664,1.992366
1.2635889999999999,1.992366
1.262515,1.992803
1.26144,1.9901779999999998
1.2603659999999999,1.991053
1.259291,1.9901779999999998
1.258217,1.988866
1.257142,1.9897409999999998
1.256068,1.9884279999999999
1.254993,1.9862409999999997
1.253919,1.9879909999999998
1.2528439999999998,1.9866779999999997
1.25177,1.985366
1.250695,1.9862409999999997
1.2496209999999999,1.9844909999999998
1.248546,1.984053
1.247472,1.9844909999999998
1.246397,1.981866
1.245323,1.982303
1.244249,1.981866
1.243174,1.980116
1.2421,1.9809910000000002
1.241025,1.980116
1.239951,1.9779280000000001
1.2388759999999999,1.980116
1.2378019999999998,1.9783659999999998
1.236727,1.977053
1.235653,1.977491
1.234578,1.975741
1.233504,1.975741
1.232429,1.976178
1.231355,1.973553
1.23028,1.973991
1.229206,1.973991
1.2281309999999999,1.9718029999999998
1.2270569999999998,1.972678
1.225982,1.972241
1.2249079999999999,1.9700529999999998
1.223833,1.970928
1.222759,1.9700529999999998
1.221684,1.9687409999999999
1.22061,1.9700529999999998
1.219535,1.967428
1.218461,1.966991
1.217387,1.9678660000000001
1.2163119999999998,1.9656779999999998
1.215238,1.9656779999999998
1.2141629999999999,1.9656779999999998
1.2130889999999999,1.9634909999999999
1.212014,1.964366
1.21094,1.9634909999999999
1.209865,1.961303
1.208791,1.9626160000000001
1.207716,1.961741
1.206642,1.9604279999999998
1.205567,1.961303
1.204493,1.959116
1.2034179999999999,1.9586779999999997
1.2023439999999999,1.9599909999999998
1.201269,1.957366
1.200195,1.957366
1.19912,1.957803
1.198046,1.955178
1.196971,1.956053
1.195897,1.955616
1.194822,1.9534280000000002
1.193748,1.9547409999999998
1.1926729999999999,1.9534280000000002
1.1915989999999999,1.951678
1.190525,1.9529910000000001
1.18945,1.9512410000000002
1.1883759999999999,1.9503659999999998
1.187301,1.9512410000000002
1.186227,1.949491
1.185152,1.949053
1.184078,1.949491
1.183003,1.9473029999999998
1.181929,1.9477410000000002
1.1808539999999998,1.9468659999999998
1.17978,1.9451159999999998
1.178705,1.946428
1.1776309999999999,1.9451159999999998
1.176556,1.9438029999999997
1.175482,1.9446780000000001
1.174407,1.942928
1.173333,1.9420529999999998
1.172258,1.9433659999999997
1.171184,1.941178
1.1701089999999998,1.940741
1.169035,1.941178
1.1679599999999999,1.938991
1.1668859999999999,1.939428
1.165811,1.938991
1.164737,1.937241
1.163663,1.9381160000000002
1.162588,1.937241
1.161514,1.9354909999999999
1.160439,1.936803
1.159365,1.9350530000000001
1.15829,1.934178
1.157216,1.9350530000000001
1.1561409999999999,1.932866
1.1550669999999998,1.932866
1.153992,1.932866
1.1529179999999999,1.930678
1.151843,1.931553
1.150769,1.931553
1.149694,1.929366
1.14862,1.9302409999999999
1.147545,1.9289279999999998
1.146471,1.927616
1.1453959999999999,1.9289279999999998
1.1443219999999998,1.9267409999999998
1.143247,1.925866
1.1421729999999999,1.9267409999999998
1.141098,1.9249910000000001
1.140024,1.924553
1.138949,1.9249910000000001
1.137875,1.9228029999999998
1.1368,1.9232410000000002
1.135726,1.9228029999999998
1.134652,1.921491
1.133577,1.921928
1.132503,1.921491
1.1314279999999999,1.9193029999999998
1.1303539999999999,1.9201780000000002
1.129279,1.9193029999999998
1.128205,1.917991
1.12713,1.9193029999999998
1.126056,1.916678
1.124981,1.9171159999999998
1.123907,1.9175529999999998
1.122832,1.914928
1.121758,1.915366
1.1206829999999999,1.915366
1.1196089999999999,1.913178
1.118534,1.9136159999999998
1.11746,1.912304
1.116385,1.911428
1.115311,1.912741
1.114236,1.9109909999999999
1.113162,1.9096790000000001
1.112087,1.911428
1.111013,1.908804
1.1099379999999999,1.9083660000000002
1.1088639999999998,1.909241
1.107789,1.9070529999999999
1.106715,1.9070529999999999
1.1056409999999999,1.9074909999999998
1.104566,1.904866
1.103492,1.9053039999999999
1.102417,1.904866
1.101343,1.903554
1.100268,1.904428
1.099194,1.903554
1.0981189999999998,1.9013660000000001
1.097045,1.903116
1.0959699999999999,1.900491
1.0948959999999999,1.900491
1.093821,1.900928
1.092747,1.898741
1.091672,1.898741
1.090598,1.899179
1.089523,1.8969909999999999
1.088449,1.897429
1.0873739999999998,1.8969909999999999
1.0863,1.895241
1.0852249999999999,1.896553
1.0841509999999999,1.895241
1.083076,1.893929
1.082002,1.894804
1.080927,1.8926159999999999
1.079853,1.8921789999999998
1.078778,1.893054
1.077704,1.890866
1.076629,1.8913039999999999
1.075555,1.890866
1.074481,1.8886789999999998
1.0734059999999999,1.889554
1.0723319999999998,1.889554
1.071257,1.887366
1.0701829999999999,1.888241
1.069108,1.886491
1.068034,1.885616
1.066959,1.886929
1.065885,1.884741
1.06481,1.884304
1.063736,1.884741
1.0626609999999999,1.882554
1.061587,1.882991
1.060512,1.882991
1.0594379999999999,1.880804
1.058363,1.8816789999999999
1.057289,1.838366
1.056214,1.804679
1.05514,1.766179
1.054065,1.726804
1.052991,1.6869919999999998
1.0519159999999999,1.648492
1.050842,1.61043
1.049767,1.5719299999999998
1.0486929999999999,1.534743
1.047618,1.49843
1.046544,1.462118
1.04547,1.4266809999999999
1.044395,1.391243
1.043321,1.357118
1.042246,1.323869
1.041172,1.289744
1.040097,1.256931
1.039023,1.2258689999999999
1.0379479999999999,1.1934939999999998
1.0368739999999999,1.163744
1.035799,1.133994
1.034725,1.104245
1.03365,1.075807
1.032576,1.047807
1.031501,1.020245
1.030427,0.993995
1.029352,0.9677450000000001
1.028278,0.941933
1.0272029999999999,0.9174329999999999
1.0261289999999998,0.8933709999999999
1.025054,0.869308
1.02398,0.846121
1.022905,0.823371
1.021831,0.801496
1.020756,0.780934
1.019682,0.759496
1.018608,0.739371
1.017533,0.719684
1.016459,0.700871
1.015384,0.6820590000000001
1.01431,0.6636839999999999
1.0132349999999999,0.645309
1.0121609999999999,0.629122
1.011086,0.611622
1.010012,0.595872
1.008937,0.580122
1.007863,0.564809
1.006788,0.5499350000000001
1.005714,0.535935
1.004639,0.521497
1.003565,0.5074970000000001
1.0024899999999999,0.4943719999999999
1.0014159999999999,0.481247
1.000341,0.468997
0.9992669999999999,0.45674699999999996
0.998192,0.444498
0.997118,0.433123
0.9960429999999999,0.42174799999999996
0.994969,0.41037300000000004
0.9938939999999999,0.40031
0.9928199999999999,0.38937299999999997
0.991745,0.37887299999999996
0.990671,0.369248
0.989597,0.359623
0.9885219999999999,0.350435
0.987448,0.341685
0.9863729999999999,0.332498
0.9852989999999999,0.324186
0.984224,0.315873
0.98315,0.30756100000000003
0.9820749999999999,0.300123
0.9810009999999999,0.292248
0.979926,0.284373
0.9788519999999999,0.277373
0.977777,0.269936
0.976703,0.26337299999999997
0.9756279999999999,0.256811
0.9745539999999999,0.249811
0.973479,0.24368599999999999
0.972405,0.237561
0.9713299999999999,0.231436
0.970256,0.225311
0.969181,0.219624
0.9681069999999999,0.213936
0.967032,0.20868599999999998
0.965958,0.203436
0.9648829999999999,0.198186
0.9638089999999999,0.193374
0.962735,0.18812399999999999
0.96166,0.183311
0.9605859999999999,0.178499
0.959511,0.17368599999999998
0.958437,0.169311
0.9573619999999999,0.16537400000000002
0.9562879999999999,0.160561
0.955213,0.15662399999999999
0.954139,0.152686
0.9530639999999999,0.14831099999999997
0.95199,0.144811
0.950915,0.141311
0.9498409999999999,0.137374
0.948766,0.133874
0.947692,0.129936
0.9466169999999999,0.12643600000000002
0.9455429999999999,0.123374
0.944468,0.120311
0.943394,0.116811
0.9423189999999999,0.11374899999999999
0.941245,0.11068700000000001
0.94017,0.107624
0.9390959999999999,0.104999
0.938021,0.101937
0.936947,0.09931205600000001
0.9358719999999999,0.09668707200000001
0.9347979999999999,0.09362458400000001
0.933724,0.09143709600000001
0.932649,0.08924960000000001
0.9315749999999999,0.086843368
0.9305,0.08465587200000001
0.929426,0.08203088800000001
0.9283509999999999,0.07984340000000001
0.9272769999999999,0.077655904
0.926202,0.07546841600000001
0.925128,0.073499672
0.924053,0.071530936
0.922979,0.06912468800000002
0.921904,0.067593448
0.9208299999999999,0.065624704
0.919755,0.06365596800000001
0.918681,0.061905976
0.9176059999999999,0.060374732
0.916532,0.058405992000000004
0.915457,0.056874748
0.914383,0.054906008000000006
0.913308,0.05337476
0.912234,0.05206226800000001
0.9111589999999999,0.05053102400000001
0.9100849999999999,0.049218532
0.90901,0.047906036000000006
0.907936,0.046156044
0.9068609999999999,0.044843548000000004
0.905787,0.043531056000000005
0.904713,0.042109188000000006
0.9036379999999999,0.041343564000000006
0.9025639999999999,0.039812324
0.901489,0.03871858
0.900415,0.037734208000000005
0.8993399999999999,0.036312340000000005
0.898266,0.035327968
0.897191,0.034452972000000005
0.8961169999999999,0.033140478
0.895042,0.032265480000000006
0.893968,0.031390486
0.8928929999999999,0.030406114000000005
0.8918189999999999,0.029531118000000002
0.890744,0.028765498000000004
0.88967,0.027671752
0.8885949999999999,0.027015506
0.887521,0.025921760000000002
0.886446,0.025156138
0.8853719999999999,0.024390516
0.884297,0.023624896000000003
0.883223,0.023187396000000002
0.8821479999999999,0.022312400000000003
0.8810739999999999,0.009637558000000001
0.879999,0.014285537000000001
0.878925,0.015315932
0.8778499999999999,0.015265533000000003
0.876776,0.014811934
0.875702,0.014251937000000001
0.8746269999999999,0.013680740000000002
0.8735529999999999,0.013187942000000001
0.872478,0.012633545000000001
0.871404,0.012163147000000001
0.8703289999999999,0.011642348
0.869255,0.011143951000000001
0.86818,0.010729552
0.8671059999999999,0.010242355
0.866031,0.009783157
0.864957,0.009424759000000001
0.8638819999999999,0.008982361
0.8628079999999999,0.008556763
0.861733,0.008231964000000001
0.860659,0.007828765000000001
0.859584,0.007487166000000001
0.85851,0.007106368000000001
0.857435,0.00672557
0.8563609999999999,0.006400772000000001
0.855286,0.006131973000000001
0.854212,0.005767974
0.8531369999999999,0.005459976
0.852063,0.005157577000000001
0.850988,0.004821578
0.849914,0.004608779
0.8488399999999999,0.004311981
0.847765,0.0040375820000000005
0.846691,0.0038191830000000007
0.8456159999999999,0.0035727840000000003
0.844542,0.0033431850000000003
0.843467,0.0031135860000000002
0.842393,0.0028783870000000005
0.841318,0.0026655880000000004
0.840244,0.0025199890000000003
0.8391689999999999,0.00226239
0.8380949999999999,0.00210559
0.83702,0.0019095910000000002
0.835946,0.0017359920000000002
0.8348709999999999,0.0016071920000000001
0.833797,0.0014335930000000002
0.832722,0.001237594
0.8316479999999999,0.0011535940000000002
0.830573,0.000991195
0.829499,0.0008399960000000001
0.8284239999999999,0.0007615960000000001
0.8273499999999999,0.0006047970000000001
0.826275,0.0004759970000000001
0.825201,0.00039759800000000004
0.8241259999999999,0.000218399
0.823052,0.00011759900000000001
0.821978,1.6799928e-05
0.8209029999999999,-0.000167999
0.8198289999999999,-0.000223999
0.818754,-0.000358398
0.81768,-0.000498397
0.8166049999999999,-0.0005487970000000001
0.815531,-0.000699996
0.814456,-0.0008231960000000001
0.8133819999999999,-0.0008847960000000001
0.812307,-0.000991195
0.811233,-0.001063995
0.8101579999999999,-0.0011199950000000001
0.8090839999999999,-0.0012431940000000002
0.808009,-0.001304794
0.806935,-0.0013999930000000002
0.8058599999999999,-0.0014951930000000001
0.804786,-0.001511993
0.803711,-0.0015959930000000002
0.8026369999999999,-0.0016631920000000002
0.801562,-0.0017191920000000002
0.800488,-0.0018031920000000001
0.7994129999999999,-0.001864791
0.7983389999999999,-0.0018871910000000003
0.797264,-0.001982391
0.79619,-0.001987991
0.795115,-0.0020327910000000004
0.794041,-0.00211119
0.792967,-0.0021335900000000003
0.7918919999999999,-0.00214479
0.7908179999999999,-0.0022119900000000005
0.789743,-0.00223439
0.788669,-0.0023127890000000004
0.787594,-0.002402389
0.78652,-0.002396789
0.785445,-0.002503189
0.7843709999999999,-0.002536788
0.783296,-0.002581588
0.782222,-0.002637588
0.7811469999999999,-0.002682388
0.780073,-0.0026935880000000002
0.778998,-0.0027719870000000005
0.777924,-0.0028055870000000004
0.776849,-0.002788787
0.775775,-0.0029063870000000003
0.7746999999999999,-0.0029119870000000004
0.7736259999999999,-0.0029455870000000004
0.772551,-0.003001586
0.771477,-0.0029847860000000006
0.7704019999999999,-0.003040786
0.769328,-0.0030967860000000002
0.768253,-0.0030799860000000003
0.7671789999999999,-0.003141586
0.766104,-0.0031527860000000003
0.76503,-0.0031527860000000003
0.7639549999999999,-0.0031919860000000004
0.7628809999999999,-0.003214385
0.761807,-0.0032255850000000004
0.760732,-0.0032759850000000004
0.7596579999999999,-0.003281585
0.758583,-0.003287185
0.757509,-0.003303985
0.7564339999999999,-0.0032983850000000005
0.7553599999999999,-0.0033599850000000002
0.754285,-0.003387985
0.753211,-0.003387985
0.7521359999999999,-0.003443984
0.751062,-0.0035111840000000005
0.749987,-0.0035111840000000005
0.7489129999999999,-0.0035447840000000005
0.747838,-0.0035559840000000003
0.746764,-0.0035951840000000004
0.7456889999999999,-0.0036455840000000003
0.7446149999999999,-0.0036791830000000004
0.74354,-0.0037183830000000005
0.742466,-0.0037463830000000007
0.7413909999999999,-0.0037407830000000006
0.740317,-0.0037855830000000004
0.739242,-0.0038135830000000006
0.7381679999999999,-0.0038303830000000006
0.737093,-0.0038807830000000005
0.736019,-0.0038695830000000002
0.734945,-0.0038807830000000005
0.7338699999999999,-0.003919982000000001
0.732796,-0.003908782
0.731721,-0.003947982
0.7306469999999999,-0.0040039820000000005
0.729572,-0.003970382000000001
0.728498,-0.004009582
0.7274229999999999,-0.004015182
0.726349,-0.004009582
0.725274,-0.004059982
0.7242,-0.004099182
0.723125,-0.004043182
0.722051,-0.004082382
0.720976,-0.004132781
0.7199019999999999,-0.004132781
0.718827,-0.004205581
0.717753,-0.004194381
0.7166779999999999,-0.004244781
0.715604,-0.004311981
0.714529,-0.004295181
0.713455,-0.004334381
0.71238,-0.004362381
0.711306,-0.00439038
0.710231,-0.004429580000000001
0.7091569999999999,-0.004463180000000001
0.708083,-0.00444078
0.707008,-0.00451918
0.705934,-0.004541580000000001
0.704859,-0.00452478
0.703785,-0.00459198
0.70271,-0.00458638
0.7016359999999999,-0.00459198
0.700561,-0.004653579000000001
0.699487,-0.004647979
0.6984119999999999,-0.004675979000000001
0.697338,-0.004698379
0.696263,-0.004687179
0.695189,-0.004715179000000001
0.694114,-0.004743179000000001
0.69304,-0.0047207790000000005
0.6919649999999999,-0.004776779
0.6908909999999999,-0.004776779
0.689816,-0.004776779
0.688742,-0.004799179000000001
0.6876669999999999,-0.004821578
0.686593,-0.004849578000000001
0.685518,-0.004883178
0.6844439999999999,-0.0048943780000000004
0.683369,-0.004944778
0.682295,-0.004989578000000001
0.6812199999999999,-0.004989578000000001
0.6801459999999999,-0.005056777
0.679072,-0.005101577
0.677997,-0.005073577
0.6769229999999999,-0.005135177
0.675848,-0.005179977
0.674774,-0.005191177
0.6736989999999999,-0.005235977000000001
0.6726249999999999,-0.005269577
0.67155,-0.0052471770000000004
0.670476,-0.005325576
0.669401,-0.0053535760000000005
0.668327,-0.005364776
0.667252,-0.005426376000000001
0.6661779999999999,-0.005420776
0.665103,-0.005448776000000001
0.664029,-0.005476776000000001
0.6629539999999999,-0.005471176
0.66188,-0.005538375
0.660805,-0.005549575
0.659731,-0.0055271750000000005
0.658656,-0.005588775000000001
0.657582,-0.005594375
0.656507,-0.005599975000000001
0.6554329999999999,-0.005667175000000001
0.654358,-0.005667175000000001
0.653284,-0.0056895750000000005
0.6522089999999999,-0.005717575000000001
0.651135,-0.005734374
0.650061,-0.005784774
0.648986,-0.0058295740000000006
0.6479119999999999,-0.005857574
0.646837,-0.005924774000000001
0.645763,-0.005947174
0.6446879999999999,-0.005958374000000001
0.643614,-0.006025573000000001
0.642539,-0.006059173
0.641465,-0.006081573000000001
0.64039,-0.006143173000000001
0.639316,-0.006143173000000001
0.638241,-0.006171173000000001
0.6371669999999999,-0.006238372000000001
0.636092,-0.006238372000000001
0.635018,-0.006294372
0.6339429999999999,-0.006311172
0.632869,-0.006327972
0.631794,-0.006378372
0.63072,-0.0064063720000000005
0.629645,-0.006428771000000001
0.628571,-0.006490371000000001
0.6274959999999999,-0.0065127710000000005
0.6264219999999999,-0.006507171000000001
0.625347,-0.006568771
0.624273,-0.006585571000000001
0.6231979999999999,-0.006602371
0.622124,-0.00664717
0.62105,-0.006641571000000001
0.6199749999999999,-0.006663970000000001
0.6189009999999999,-0.00670877
0.617826,-0.00675357
0.616752,-0.006798370000000001
0.6156769999999999,-0.006837570000000001
0.614603,-0.006871169000000001
0.613528,-0.006932769000000001
0.6124539999999999,-0.006988769000000001
0.611379,-0.006994369
0.610305,-0.007095169000000001
0.6092299999999999,-0.007134368
0.6081559999999999,-0.0071623680000000006
0.607081,-0.007218368
0.606007,-0.007263168000000001
0.604932,-0.007291168000000001
0.603858,-0.007369567000000001
0.602783,-0.007369567000000001
0.6017089999999999,-0.007453567000000001
0.600634,-0.007492766000000001
0.59956,-0.007509566000000001
0.5984849999999999,-0.007576767000000001
0.597411,-0.007615967000000001
0.596336,-0.0076103670000000016
0.595262,-0.007688766
0.5941879999999999,-0.0077223660000000005
0.593113,-0.007761566000000001
0.592039,-0.007828765000000001
0.5909639999999999,-0.007839964999999999
0.58989,-0.007862365
0.588815,-0.007929565000000001
0.587741,-0.007951964
0.586666,-0.008002364000000001
0.585592,-0.008041565
0.584517,-0.008080764
0.5834429999999999,-0.008175964
0.582368,-0.008215164
0.581294,-0.008231964000000001
0.5802189999999999,-0.008321563
0.579145,-0.008366363
0.57807,-0.008422363
0.576996,-0.008517563
0.575921,-0.008539963000000001
0.574847,-0.008607162000000002
0.573772,-0.008713562000000001
0.5726979999999999,-0.008724762
0.571623,-0.008780761000000002
0.570549,-0.008853561
0.5694739999999999,-0.008875961
0.5684,-0.008982361
0.567326,-0.00904396
0.566251,-0.00907756
0.5651769999999999,-0.009139160000000002
0.564102,-0.00918396
0.563028,-0.009239959
0.5619529999999999,-0.009312759000000002
0.560879,-0.009346358
0.559804,-0.009396758
0.55873,-0.009514358
0.557655,-0.009486358000000002
0.556581,-0.009581558
0.5555059999999999,-0.009654357
0.5544319999999999,-0.009665557000000002
0.553357,-0.009749557
0.552283,-0.009794357000000002
0.5512079999999999,-0.009811156000000001
0.550134,-0.009906357000000001
0.549059,-0.009990356
0.5479849999999999,-0.010051956
0.54691,-0.010147155000000001
0.545836,-0.010186355
0.5447609999999999,-0.010259154000000001
0.5436869999999999,-0.010387955
0.542612,-0.010427154000000001
0.541538,-0.010511154
0.540463,-0.010623153000000001
0.539389,-0.010645553000000002
0.538314,-0.010807953000000002
0.5372399999999999,-0.010869552
0.5361659999999999,-0.010908752
0.535091,-0.011015151
0.534017,-0.011082351
0.532942,-0.011132751000000001
0.531868,-0.011289551000000002
0.530793,-0.011345550000000001
0.5297189999999999,-0.01142395
0.528644,-0.011502349000000002
0.52757,-0.011569549
0.5264949999999999,-0.011670348
0.525421,-0.011765548
0.524346,-0.011793548000000001
0.523272,-0.011911148000000002
0.522197,-0.012023147000000001
0.521123,-0.012051147
0.520048,-0.012168747000000002
0.5189739999999999,-0.012241546
0.517899,-0.012331146000000001
0.516825,-0.012415145
0.5157499999999999,-0.012471145000000001
0.514676,-0.012616745
0.513601,-0.012751144
0.512527,-0.012812744000000001
0.511452,-0.012913543000000001
0.510378,-0.013047942000000002
0.509304,-0.013126343000000002
0.5082289999999999,-0.013277542000000002
0.507155,-0.013411941
0.50608,-0.013467940000000001
0.505006,-0.01360794
0.503931,-0.01371434
0.502857,-0.013831939000000001
0.501782,-0.013955138
0.5007079999999999,-0.014055938
0.499633,-0.014167938000000001
0.498559,-0.014319137000000001
0.497484,-0.014425536000000001
0.49640999999999996,-0.014548736
0.49533499999999997,-0.014677535000000002
0.49426099999999995,-0.014755935000000001
0.49318599999999996,-0.014907134000000002
0.492112,-0.015030333
0.491037,-0.015103134000000002
0.489963,-0.015293532
0.488888,-0.015383132000000002
0.48781399999999997,-0.015489532000000002
0.486739,-0.015663132000000003
0.48566499999999996,-0.01574713
0.48458999999999997,-0.01587593
0.483516,-0.016043929000000002
0.48244099999999995,-0.016116730000000003
0.481367,-0.016262329000000002
0.48029299999999997,-0.016447127000000002
0.479218,-0.016547928
0.47814399999999996,-0.016715927000000002
0.47706899999999997,-0.016906326
0.475995,-0.017001526
0.47491999999999995,-0.017242324
0.473846,-0.017387922
0.472771,-0.017522324
0.471697,-0.017712722
0.470622,-0.017897522000000003
0.46954799999999997,-0.01803752
0.468473,-0.018233520000000003
0.46739899999999995,-0.018395920000000003
0.46632399999999996,-0.018608718
0.46525,-0.018782316
0.464175,-0.018916718000000003
0.463101,-0.019140716000000002
0.462026,-0.019342314000000003
0.460952,-0.019471114
0.459877,-0.019700712000000002
0.45880299999999996,-0.019885512
0.45772799999999997,-0.020047912
0.456654,-0.020277512
0.45557899999999996,-0.02045111
0.454505,-0.020652710000000005
0.45343,-0.020865508
0.452356,-0.021055908
0.45128199999999996,-0.021246306000000003
0.45020699999999997,-0.021492704
0.449133,-0.021660706000000002
0.44805799999999996,-0.021912702000000003
0.446984,-0.022125504000000004
0.445909,-0.0223775
0.444835,-0.022623900000000002
0.44376,-0.0228367
0.44268599999999997,-0.0230663
0.441611,-0.023379898000000003
0.44053699999999996,-0.023603896
0.43946199999999996,-0.023850294000000005
0.438388,-0.024158292
0.437313,-0.024382294000000002
0.436239,-0.024662292000000002
0.435164,-0.024981490000000002
0.43409,-0.025188688
0.433015,-0.025502288
0.43194099999999996,-0.025810286
0.43086599999999997,-0.026062284
0.429792,-0.026381484
0.42871699999999996,-0.026650284000000003
0.427643,-0.026924680000000003
0.426568,-0.027288680000000003
0.425494,-0.027563078
0.42441999999999996,-0.027871078000000004
0.42334499999999997,-0.028218276000000004
0.422271,-0.028509476000000002
0.42119599999999996,-0.028851072000000002
0.420122,-0.02917027
0.419047,-0.02950067
0.417973,-0.029864670000000003
0.416898,-0.030228666000000005
0.41582399999999997,-0.030519866000000003
0.414749,-0.030900662000000006
0.41367499999999996,-0.031259064
0.41259999999999997,-0.031606260000000004
0.411526,-0.032043058000000006
0.41045099999999995,-0.032418258000000005
0.409377,-0.032827054
0.408302,-0.033286252
0.407228,-0.033661452
0.406153,-0.034098252
0.40507899999999997,-0.034563048000000006
0.404004,-0.034949444
0.40292999999999995,-0.035436644
0.40185499999999996,-0.03590144
0.400781,-0.036355040000000005
0.399706,-0.036870236
0.398632,-0.037323836000000006
0.397557,-0.037822232
0.396483,-0.03832063200000001
0.39540899999999995,-0.038757428000000003
0.39433399999999996,-0.039289424
0.39326,-0.039855024
0.392185,-0.04032542
0.391111,-0.040829420000000005
0.390036,-0.041389416
0.388962,-0.041854216
0.387887,-0.042397412
0.38681299999999996,-0.042895808
0.38573799999999997,-0.043383008
0.384664,-0.043915004
0.38358899999999996,-0.044396604000000006
0.382515,-0.044850204000000005
0.38144,-0.045359800000000006
0.380366,-0.045785400000000004
0.379291,-0.046182996000000004
0.37821699999999997,-0.04665339200000001
0.377142,-0.047034192
0.37606799999999996,-0.047426192000000006
0.37499299999999997,-0.047834992
0.373919,-0.048159788
0.372844,-0.048546188000000004
0.37177,-0.048921384
0.370695,-0.049212584000000004
0.369621,-0.05096852400000001
0.368546,-0.051515396000000005
0.36747199999999997,-0.052171644
0.366398,-0.052937268
0.365323,-0.05381226
0.364249,-0.05468726
0.363174,-0.055562252000000006
0.3621,-0.05676537200000001
0.361025,-0.05753099600000001
0.35995099999999997,-0.05862474000000001
0.358876,-0.059499736000000004
0.357802,-0.060702856000000006
0.35672699999999996,-0.0617966
0.355653,-0.062780972
0.354578,-0.06387471600000001
0.353504,-0.064859088
0.352429,-0.06595283600000001
0.351355,-0.06737470400000001
0.35028,-0.06857782400000001
0.34920599999999996,-0.06967156800000002
0.34813099999999997,-0.070984056
0.347057,-0.07240592800000001
0.345982,-0.073499672
0.344908,-0.074921544
0.343833,-0.07623404
0.342759,-0.077655904
0.341684,-0.07918714400000001
0.34060999999999997,-0.08060902400000002
0.339536,-0.082140264
0.338461,-0.083890248
0.337387,-0.08542149600000001
0.336312,-0.08706211200000001
0.335238,-0.088812104
0.334163,-0.09045272000000001
0.33308899999999997,-0.092312088
0.332014,-0.094171456
0.33094,-0.09581207200000001
0.32986499999999996,-0.097890192
0.328791,-0.09985892800000001
0.327716,-0.101827
0.326642,-0.104015
0.325567,-0.10598300000000001
0.324493,-0.10828
0.323418,-0.11068700000000001
0.32234399999999996,-0.112765
0.32126899999999997,-0.115061
0.320195,-0.117577
0.31911999999999996,-0.11987400000000001
0.318046,-0.122499
0.316971,-0.12523299999999998
0.315897,-0.127858
0.314822,-0.13081099999999998
0.31374799999999997,-0.133436
0.312673,-0.136499
0.31159899999999996,-0.13967100000000002
0.310525,-0.142624
0.30945,-0.145905
0.308376,-0.149405
0.307301,-0.152796
0.30622699999999997,-0.156186
0.305152,-0.160014
0.30407799999999996,-0.16362400000000002
0.30300299999999997,-0.167671
0.301929,-0.17149899999999998
0.300854,-0.175546
0.29978,-0.179702
0.298705,-0.18418600000000002
0.297631,-0.18856099999999998
0.296556,-0.193264
0.29548199999999997,-0.197858
0.294407,-0.20310799999999998
0.293333,-0.20813900000000002
0.29225799999999996,-0.213499
0.291184,-0.218967
0.290109,-0.224655
0.289035,-0.230561
0.28796,-0.23657699999999998
0.286886,-0.24302999999999997
0.285811,-0.24915500000000002
0.28473699999999996,-0.25637299999999996
0.283663,-0.263264
0.282588,-0.270373
0.281514,-0.278139
0.280439,-0.285904
0.279365,-0.294108
0.27829,-0.302529
0.27721599999999996,-0.311389
0.27614099999999997,-0.32057599999999997
0.275067,-0.33031099999999997
0.273992,-0.340154
0.272918,-0.350873
0.271843,-0.36180999999999996
0.270769,-0.373076
0.269694,-0.38510700000000003
0.26861999999999997,-0.397576
0.267545,-0.410591
0.266471,-0.424482
0.26539599999999997,-0.438591
0.264322,-0.453685
0.263247,-0.46998199999999996
0.262173,-0.48649699999999996
0.261098,-0.504216
0.260024,-0.5233570000000001
0.258949,-0.5429350000000001
0.25787499999999997,-0.564044
0.2568,-0.586684
0.255726,-0.610637
0.254652,-0.636231
0.253577,-0.663575
0.252503,-0.692887
0.251428,-0.724496
0.25035399999999997,-0.758074
0.249279,-0.79384
0.24820499999999998,-0.83223
0.24713,-0.872042
0.246056,-0.9140419999999999
0.24498099999999998,-0.957464
0.24390699999999998,-1.004276
0.242832,-1.051307
0.241758,-1.099432
0.24068299999999998,-1.149088
0.239609,-1.20115
0.238534,-1.254088
0.23745999999999998,-1.308775
0.23638499999999998,-1.3654309999999998
0.235311,-1.423399
0.234236,-1.483993
0.23316199999999998,-1.5467739999999999
0.232087,-1.610649
0.231013,-1.6775859999999998
0.22993799999999998,-1.746273
0.22886399999999998,-1.8160539999999998
0.227789,-1.889116
0.226715,-1.9626160000000001
0.22564099999999998,-2.0413650000000003
0.224566,-2.1188029999999998
0.223492,-2.198427
0.222417,-2.279364
0.22134299999999998,-2.361176
0.220268,-2.443426
0.219194,-2.527426
0.21811899999999998,-2.6123
0.217045,-2.6967369999999997
0.21597,-2.781175
0.214896,-2.866049
0.21382099999999998,-2.948299
0.212747,-3.0305489999999997
0.211672,-3.110611
0.21059799999999998,-3.18761
0.209523,-3.26111
0.208449,-3.3302349999999996
0.207374,-3.393234
0.20629999999999998,-3.4505470000000003
0.205225,-3.5012959999999995
0.204151,-3.542421
0.20307599999999998,-3.575671
0.202002,-3.598859
0.200927,-3.6128579999999997
0.199853,-3.617233
0.19877799999999998,-3.612421
0.197704,-3.5979829999999997
0.19663,-3.572171
0.19555499999999998,-3.538046
0.194481,-3.493859
0.193406,-3.439609
0.192332,-3.376172
0.19125699999999998,-3.3044219999999997
0.190183,-3.223485
0.189108,-3.135548
0.18803399999999998,-3.041486
0.186959,-2.940424
0.185885,-2.834112
0.18481,-2.722987
0.18373599999999998,-2.6083629999999998
0.182661,-2.490239
0.181587,-2.370364
0.18051199999999998,-2.24874
0.179438,-2.127553
0.178363,-2.005928
0.177289,-1.884741
0.17621399999999998,-1.766179
0.17514,-1.649367
0.174065,-1.535618
0.172991,-1.425368
0.17191599999999999,-1.319056
0.170842,-1.217994
0.169768,-1.1204319999999999
0.16869299999999998,-1.0281200000000001
0.167619,-0.941495
0.166544,-0.860121
0.16547,-0.784433
0.16439499999999999,-0.714434
0.163321,-0.650122
0.162246,-0.591934
0.16117199999999998,-0.538997
0.160097,-0.49087200000000003
0.159023,-0.44755999999999996
0.157948,-0.40949800000000003
0.15687399999999999,-0.37624799999999997
0.155799,-0.34606000000000003
0.154725,-0.320248
0.15364999999999998,-0.297061
0.152576,-0.27693599999999996
0.151501,-0.259436
0.150427,-0.24324800000000002
0.14935199999999998,-0.22968599999999997
0.148278,-0.216999
0.147203,-0.206061
0.14612899999999998,-0.196436
0.145054,-0.187686
0.14398,-0.179811
0.142905,-0.172811
0.14183099999999998,-0.16581100000000001
0.140757,-0.160124
0.139682,-0.155311
0.13860799999999998,-0.150061
0.137533,-0.145686
0.136459,-0.141749
0.135384,-0.137374
0.13430999999999998,-0.13431099999999999
0.133235,-0.13124899999999998
0.132161,-0.127749
0.13108599999999998,-0.125124
0.130012,-0.122499
0.128937,-0.11987400000000001
0.127863,-0.11812399999999999
0.12678799999999998,-0.11549899999999999
0.125714,-0.113311
0.124639,-0.11156200000000001
0.123565,-0.109812
0.12248999999999999,-0.108499
0.121416,-0.10631199999999999
0.12034099999999999,-0.104999
0.119267,-0.103249
0.11819199999999999,-0.102374
0.117118,-0.100624
0.116043,-0.09931205600000001
0.11496899999999999,-0.09799956800000001
0.113894,-0.09712456800000001
0.11281999999999999,-0.09624956800000001
0.111746,-0.09449958400000001
0.11067099999999999,-0.09406208
0.109597,-0.09274958400000001
0.108522,-0.091874592
0.107448,-0.09099960000000001
0.106373,-0.09012460000000001
0.10529899999999999,-0.08924960000000001
0.104224,-0.08859336000000001
0.10314999999999999,-0.08793711200000001
0.102075,-0.086843368
0.101001,-0.08640587200000001
0.099926736,-0.085749616
0.098852256,-0.08487462400000001
0.09777777600000001,-0.08465587200000001
0.09670329600000001,-0.083780872
0.095628816,-0.083562128
0.094554336,-0.083124632
0.093479848,-0.082249632
0.092405368,-0.08181213600000001
0.09133089600000001,-0.08137464
0.09025640800000001,-0.08093714400000002
0.08918192800000001,-0.08049964
0.088107448,-0.07984340000000001
0.087032968,-0.079405896
0.08595848,-0.07896840000000001
0.084884,-0.078749648
0.08380952800000001,-0.07809340000000001
0.08273504000000001,-0.078312152
0.08166056000000001,-0.07743716
0.08058607200000001,-0.07699965600000001
0.0795116,-0.07656216
0.07843712,-0.07634341600000001
0.077362632,-0.075905912
0.07628816000000001,-0.075905912
0.07521367200000001,-0.07524966400000001
0.074139192,-0.07524966400000001
0.073064712,-0.07503092
0.071990232,-0.07459341600000001
0.070915752,-0.07459341600000001
0.069841264,-0.07393717600000001
0.068766784,-0.073718424
0.067692312,-0.07393717600000001
0.066617824,-0.073499672
0.065543348,-0.07328092000000001
0.06446886,-0.073499672
0.063394384,-0.073499672
0.062319900000000004,-0.07306217599999999
0.06124542,-0.07328092000000001
0.060170940000000006,-0.072843432
0.05909646,-0.07262468000000001
0.058021976,-0.07328092000000001
0.056947496,-0.07240592800000001
0.055873016000000005,-0.072843432
0.054798532000000004,-0.072843432
0.053724056000000006,-0.07240592800000001
0.052649572000000006,-0.072843432
0.051575092,-0.072843432
0.050500608,-0.072843432
0.049426128,-0.07262468000000001
0.048351648000000004,-0.07262468000000001
0.047277168,-0.07262468000000001
0.046202684,-0.07262468000000001
0.045128204000000005,-0.07240592800000001
0.044053724,-0.07262468000000001
0.04297924,-0.072843432
0.041904764000000004,-0.07240592800000001
0.040830280000000004,-0.072843432
0.0397558,-0.07240592800000001
0.038681316,-0.072187176
0.037606836000000005,-0.07262468000000001
0.036532356,-0.07262468000000001
0.035457876,-0.07240592800000001
0.034383392,-0.07262468000000001
0.033308912,-0.07240592800000001
0.03223443,-0.07240592800000001
0.031159950000000002,-0.07262468000000001
0.030085470000000003,-0.07240592800000001
0.029010988,-0.07240592800000001
0.027936508000000002,-0.072187176
0.026862028000000003,-0.07240592800000001
0.025787546,-0.07240592800000001
0.024713064,-0.07240592800000001
0.023638584,-0.072187176
0.022564102000000003,-0.071968432
0.02148962,-0.07174968000000001
0.020415140000000002,-0.071530936
0.019340658,-0.071968432
0.018266178,-0.07174968000000001
0.017191696,-0.071312184
0.016117215,-0.071312184
0.015042735000000002,-0.071312184
0.013968254000000001,-0.070874688
0.012893773,-0.070874688
0.011819292,-0.07043719200000001
0.01074481,-0.070655936
0.009670329,-0.07043719200000001
0.008595848,-0.069999688
0.007521367,-0.069999688
0.006446886000000001,-0.06956219200000001
0.005372405,-0.06934344800000002
0.004297924,-0.06912468800000002
0.0032234430000000003,-0.06868719200000001
0.002148962,-0.06846844800000002
0.001074481,-0.068249696
0.0,-0.0678122
-0.001074481,-0.0678122
-0.002148962,-0.0678122
-0.0032234430000000003,-0.067155952
-0.004297924,-0.06693720400000001
-0.005372405,-0.066718452
-0.006446886000000001,-0.066499704
-0.007521367,-0.066499704
-0.008595848,-0.066062208
-0.009670329,-0.06540596000000001
-0.01074481,-0.065624704
-0.011819292,-0.065624704
-0.012893773,-0.06518721200000001
-0.013968254000000001,-0.064968464
-0.015042735000000002,-0.06453096000000001
-0.016117215,-0.06453096000000001
-0.017191696,-0.06431221200000001
-0.018266178,-0.06365596800000001
-0.019340658,-0.06343722
-0.020415140000000002,-0.06343722
-0.02148962,-0.062780972
-0.022564102000000003,-0.06299972
-0.023638584,-0.06234347600000001
-0.024713064,-0.06212472
-0.025787546,-0.06212472
-0.026862028000000003,-0.06168722800000001
-0.027936508000000002,-0.06103097600000001
-0.029010988,-0.06103097600000001
-0.030085470000000003,-0.06059348
-0.031159950000000002,-0.06059348
-0.03223443,-0.060374732
-0.033308912,-0.059718484
-0.034383392,-0.06015598400000001
-0.035457876,-0.059280988
-0.036532356,-0.059280988
-0.037606836000000005,-0.059062236000000004
-0.038681316,-0.059062236000000004
-0.0397558,-0.058405992000000004
-0.040830280000000004,-0.058843488000000006
-0.041904764000000004,-0.058187244
-0.04297924,-0.058187244
-0.044053724,-0.057968492
-0.045128204000000005,-0.057749744
-0.046202684,-0.05753099600000001
-0.047277168,-0.057312244000000005
-0.048351648000000004,-0.056874748
-0.049426128,-0.057312244000000005
-0.050500608,-0.056656
-0.051575092,-0.05643725200000001
-0.052649572000000006,-0.056656
-0.053724056000000006,-0.05599975200000001
-0.054798532000000004,-0.05599975200000001
-0.055873016000000005,-0.05599975200000001
-0.056947496,-0.055781004
-0.058021976,-0.055562252000000006
-0.05909646,-0.055124752000000006
-0.060170940000000006,-0.054906008000000006
-0.06124542,-0.054468508000000006
-0.062319900000000004,-0.054468508000000006
-0.063394384,-0.054031012
-0.06446886,-0.054031012
-0.065543348,-0.054468508000000006
-0.066617824,-0.05337476
-0.067692312,-0.05359351200000001
-0.068766784,-0.05315601200000001
-0.069841264,-0.052937268
-0.070915752,-0.05315601200000001
-0.071990232,-0.05249976800000001
-0.073064712,-0.052718516
-0.074139192,-0.05249976800000001
-0.07521367200000001,-0.052718516
-0.07628816000000001,-0.05249976800000001
-0.077362632,-0.05249976800000001
-0.07843712,-0.05206226800000001
-0.0795116,-0.05206226800000001
-0.08058607200000001,-0.05206226800000001
-0.08166056000000001,-0.051187276000000004
-0.08273504000000001,-0.051843520000000004
-0.08380952800000001,-0.051406020000000004
-0.084884,-0.05096852400000001
-0.08595848,-0.05096852400000001
-0.087032968,-0.05096852400000001
-0.088107448,-0.05096852400000001
-0.08918192800000001,-0.050749776
-0.09025640800000001,-0.050312276
-0.09133089600000001,-0.050312276
-0.092405368,-0.050312276
-0.093479848,-0.05053102400000001
-0.094554336,-0.050312276
-0.095628816,-0.050093528000000005
-0.09670329600000001,-0.049437284000000005
-0.09777777600000001,-0.049218532
-0.098852256,-0.048999784000000005
-0.099926736,-0.048999784000000005
-0.101001,-0.049218532
-0.102075,-0.049218532
-0.10314999999999999,-0.048781032
-0.104224,-0.049437284000000005
-0.10529899999999999,-0.048562284000000004
-0.106373,-0.048781032
-0.107448,-0.048124784000000004
-0.108522,-0.048124784000000004
-0.109597,-0.048124784000000004
-0.11067099999999999,-0.048343536000000006
-0.111746,-0.047906036000000006
-0.11281999999999999,-0.047906036000000006
-0.113894,-0.047249792000000006
-0.11496899999999999,-0.047249792000000006
-0.116043,-0.048124784000000004
-0.117118,-0.047249792000000006
-0.11819199999999999,-0.047468540000000004
-0.119267,-0.047249792000000006
-0.12034099999999999,-0.047140416000000004
-0.121416,-0.047468540000000004
-0.12248999999999999,-0.047577912
-0.123565,-0.046593544
-0.124639,-0.046484168
-0.125714,-0.04703104
-0.12678799999999998,-0.046593544
-0.127863,-0.046484168
-0.128937,-0.045609172
-0.130012,-0.046156044
-0.13108599999999998,-0.046374792000000005
-0.132161,-0.046374792000000005
-0.133235,-0.045609172
-0.13430999999999998,-0.046046672000000004
-0.135384,-0.04549980000000001
-0.136459,-0.045281048000000004
-0.137533,-0.045390424
-0.13860799999999998,-0.045062300000000007
-0.139682,-0.045609172
-0.140757,-0.045390424
-0.14183099999999998,-0.044515428
-0.142905,-0.04517167600000001
-0.14398,-0.044843548000000004
-0.145054,-0.04473417600000001
-0.14612899999999998,-0.044843548000000004
-0.147203,-0.044952928
-0.148278,-0.04473417600000001
-0.14935199999999998,-0.044843548000000004
-0.150427,-0.044843548000000004
-0.151501,-0.044624800000000006
-0.152576,-0.044624800000000006
-0.15364999999999998,-0.044406052
-0.154725,-0.044843548000000004
-0.155799,-0.04473417600000001
-0.15687399999999999,-0.044406052
-0.157948,-0.043312308
-0.159023,-0.04385918
-0.160097,-0.043531056000000005
-0.16117199999999998,-0.04385918
-0.162246,-0.043093556000000005
-0.163321,-0.043640428
-0.16439499999999999,-0.04385918
-0.16547,-0.042874808
-0.166544,-0.042984184
-0.167619,-0.043421684
-0.16869299999999998,-0.042765436000000004
-0.169768,-0.04199981600000001
-0.170842,-0.043202936000000004
-0.17191599999999999,-0.042327936000000004
-0.172991,-0.043093556000000005
-0.174065,-0.04265606
-0.17514,-0.04199981600000001
-0.17621399999999998,-0.042437312000000005
-0.177289,-0.042218564
-0.178363,-0.042218564
-0.179438,-0.04199981600000001
-0.18051199999999998,-0.041671692
-0.181587,-0.042546684
-0.182661,-0.042327936000000004
-0.18373599999999998,-0.041671692
-0.18481,-0.04265606
-0.185885,-0.04199981600000001
-0.186959,-0.041671692
-0.18803399999999998,-0.04199981600000001
-0.189108,-0.041671692
-0.190183,-0.040796692
-0.19125699999999998,-0.041890436
-0.192332,-0.041671692
-0.193406,-0.041015444000000005
-0.194481,-0.041562316
-0.19555499999999998,-0.040906068000000004
-0.19663,-0.041234192
-0.197704,-0.041343564000000006
-0.19877799999999998,-0.040577944000000005
-0.199853,-0.04068732
-0.19877799999999998,-0.032046732
-0.197704,-0.027999876000000003
-0.19663,-0.026249884000000005
-0.19555499999999998,-0.024937388
-0.194481,-0.023843644
-0.193406,-0.023953018000000003
-0.192332,-0.022093652000000002
-0.19125699999999998,-0.021656154
-0.190183,-0.021437404
-0.189108,0.000565597
-0.18803399999999998,-0.001500793
-0.186959,-0.0018143920000000002
-0.185885,-0.0015847930000000001
-0.18481,-0.001394393
-0.18373599999999998,-0.0009407950000000001
-0.182661,-0.000643997
-0.181587,-0.000498397
-0.18051199999999998,-7.279968000000001e-05
-0.179438,0.00017359900000000003
-0.178363,0.00038079800000000006
-0.177289,0.000632797
-0.17621399999999998,0.0007615960000000001
-0.17514,0.001041595
-0.174065,0.0012263940000000002
-0.172991,0.001327194
-0.17191599999999999,0.0015847930000000001
-0.170842,0.001903991
-0.169768,0.001976791
-0.16869299999999998,0.0022399900000000003
-0.167619,0.002391189
-0.166544,0.002620788
-0.16547,0.002889587
-0.16439499999999999,0.0030799860000000003
-0.163321,0.003354385
-0.162246,0.003600784
-0.16117199999999998,0.003639984
-0.160097,0.003863983
-0.159023,0.004155181000000001
-0.157948,0.004250381000000001
-0.15687399999999999,0.00439038
-0.155799,0.0047039790000000005
-0.154725,0.0047375790000000004
-0.15364999999999998,0.004916778000000001
-0.152576,0.0050231780000000005
-0.151501,0.005067977
-0.150427,0.0053367760000000005
-0.14935199999999998,0.005359176
-0.148278,0.005448776000000001
-0.147203,0.005650375000000001
-0.14612899999999998,0.005661575
-0.145054,0.005767974
-0.14398,0.005868774
-0.142905,0.0058799740000000005
-0.14183099999999998,0.006081573000000001
-0.140757,0.006171173000000001
-0.139682,0.006137573
-0.13860799999999998,0.006299972
-0.137533,0.006322372000000001
-0.136459,0.006484771
-0.135384,0.006731170000000001
-0.13430999999999998,0.006691970000000001
-0.133235,0.0068487700000000006
-0.132161,0.007050369000000001
-0.13108599999999998,0.007223968000000001
-0.130012,0.007419967
-0.128937,0.007565566
-0.127863,0.007688766
-0.12678799999999998,0.007783965000000001
-0.125714,0.007996764000000002
-0.124639,0.008013563999999999
-0.123565,0.008226364
-0.12248999999999999,0.008349563
-0.121416,0.008383163
-0.12034099999999999,0.008517563
-0.119267,0.008679962
-0.11819199999999999,0.008735961
-0.117118,0.008881561
-0.116043,0.008931960000000001
-0.11496899999999999,0.008993561
-0.113894,0.009139160000000002
-0.11281999999999999,0.00918396
-0.111746,0.009279159
-0.11067099999999999,0.009318359000000002
-0.109597,0.009402358
-0.108522,0.009447159000000002
-0.107448,0.009497558000000001
-0.106373,0.009435959
-0.10529899999999999,0.009648757
-0.104224,0.009575958
-0.10314999999999999,0.009609558
-0.102075,0.010007156
-0.101001,0.009973556000000001
-0.099926736,0.010046356000000001
-0.098852256,0.010191955
-0.09777777600000001,0.010242355
-0.09670329600000001,0.010359955
-0.095628816,0.010550354000000001
-0.094554336,0.010544754
-0.093479848,0.010707153
-0.092405368,0.010863952
-0.09133089600000001,0.010835953
-0.09025640800000001,0.011048751
-0.08918192800000001,0.011110351000000001
-0.088107448,0.011132751000000001
-0.087032968,0.011311950000000001
-0.08595848,0.01136235
-0.084884,0.01141835
-0.08380952800000001,0.011513549000000001
-0.08273504000000001,0.011491149
-0.08166056000000001,0.011502349000000002
-0.08058607200000001,0.011653548000000001
-0.0795116,0.011597549
-0.07843712,0.011703949
-0.077362632,0.011754349
-0.07628816000000001,0.011698349
-0.07521367200000001,0.011748749000000001
-0.074139192,0.011787948000000001
-0.073064712,0.011726349
-0.071990232,0.011821548000000001
-0.070915752,0.011759949
-0.069841264,0.011731949
-0.068766784,0.011821548000000001
-0.067692312,0.011849548000000001
-0.066617824,0.011855148
-0.065543348,0.011950347
-0.06446886,0.011899948
-0.063394384,0.012045547
-0.062319900000000004,0.012168747000000002
-0.06124542,0.012191147000000001
-0.060170940000000006,0.012347946000000002
-0.05909646,0.012437545000000001
-0.058021976,0.012415145
-0.056947496,0.012605544000000002
-0.055873016000000005,0.012616745
-0.054798532000000004,0.012633545000000001
-0.053724056000000006,0.012801544000000002
-0.052649572000000006,0.012734344
-0.051575092,0.012795944000000002
-0.050500608,0.012924743
-0.049426128,0.012924743
-0.048351648000000004,0.013042342000000002
-0.047277168,0.012991942000000001
-0.046202684,0.013008742000000002
-0.045128204000000005,0.013070342
-0.044053724,0.013031142
-0.04297924,0.013031142
-0.041904764000000004,0.013165542000000002
-0.040830280000000004,0.013165542000000002
-0.0397558,0.013109543000000001
-0.038681316,0.013182342000000001
-0.037606836000000005,0.013075943000000001
-0.036532356,0.013171142000000002
-0.035457876,0.013148742000000001
-0.034383392,0.013115143000000001
-0.033308912,0.013423141000000001
-0.03223443,0.013411941
-0.031159950000000002,0.013395141000000001
-0.030085470000000003,0.01347354
-0.029010988,0.013574341
-0.027936508000000002,0.013551941000000001
-0.026862028000000003,0.013691940000000001
-0.025787546,0.013759139
-0.024713064,0.013775939000000001
-0.023638584,0.013848739000000002
-0.022564102000000003,0.013871139000000001
-0.02148962,0.013949538000000001
-0.020415140000000002,0.014072738000000001
-0.019340658,0.013966338000000002
-0.018266178,0.014184738000000002
-0.017191696,0.014223937
-0.016117215,0.014156738000000002
-0.015042735000000002,0.014201537000000002
-0.013968254000000001,0.014201537000000002
-0.012893773,0.014229537
-0.011819292,0.014347137000000001
-0.01074481,0.014330337000000002
-0.009670329,0.014296737
-0.008595848,0.014419936000000001
-0.007521367,0.014313537000000001
-0.006446886000000001,0.014363936
-0.005372405,0.014419936000000001
-0.004297924,0.014358336000000001
-0.0032234430000000003,0.014352737000000003
-0.002148962,0.014335937000000002
-0.001074481,0.014307937000000001
0.0,0.014565536
0.001074481,0.014425536000000001
0.002148962,0.014425536000000001
0.0032234430000000003,0.014559936
0.004297924,0.014571136
0.005372405,0.014671935000000002
0.006446886000000001,0.014817534
0.007521367,0.014828734000000001
0.008595848,0.014884734000000002
0.009670329,0.015030333
0.01074481,0.014991134000000001
0.011819292,0.015108733000000001
0.012893773,0.015215133
0.013968254000000001,0.015192733
0.015042735000000002,0.015293532
0.016117215,0.015299133
0.017191696,0.015327132000000002
0.018266178,0.015439131000000002
0.019340658,0.015500732000000001
0.020415140000000002,0.015495131000000002
0.02148962,0.015573531
0.022564102000000003,0.015545532000000003
0.023638584,0.015579131000000001
0.024713064,0.015640732
0.025787546,0.015595930000000001
0.026862028000000003,0.015657531
0.027936508000000002,0.015707931
0.029010988,0.015663132000000003
0.030085470000000003,0.01573593
0.031159950000000002,0.015713531
0.03223443,0.015702331
0.033308912,0.015797531
0.034383392,0.015870330000000002
0.035457876,0.01587593
0.036532356,0.01592073
0.037606836000000005,0.015959929
0.038681316,0.016021529000000003
0.0397558,0.01615033
0.040830280000000004,0.016122329
0.041904764000000004,0.016262329000000002
0.04297924,0.016295929
0.044053724,0.016335127
0.045128204000000005,0.016497527
0.046202684,0.016503126000000003
0.047277168,0.016519927
0.048351648000000004,0.016603928
0.049426128,0.016682327
0.050500608,0.016715927000000002
0.051575092,0.016844726
0.052649572000000006,0.016771927000000002
0.053724056000000006,0.016844726
0.054798532000000004,0.016895126
0.055873016000000005,0.016883926
0.056947496,0.016984726000000002
0.058021976,0.017012726
0.05909646,0.016956724000000003
0.060170940000000006,0.017057526
0.06124542,0.017063124000000002
0.062319900000000004,0.017046326
0.063394384,0.017158324000000003
0.06446886,0.017107924000000004
0.065543348,0.017074324000000002
0.066617824,0.017141524
0.067692312,0.017119124000000003
0.068766784,0.017270324000000004
0.069841264,0.017309524
0.070915752,0.017270324000000004
0.071990232,0.017343122000000002
0.073064712,0.017427124000000002
0.074139192,0.017477524
0.07521367200000001,0.017656722
0.07628816000000001,0.017735122000000002
0.077362632,0.017729522
0.07843712,0.017964722
0.0795116,0.018009522
0.08058607200000001,0.018043122
0.08166056000000001,0.018177520000000003
0.08273504000000001,0.01819432
0.08380952800000001,0.018250318
0.084884,0.01833432
0.08595848,0.01836232
0.087032968,0.018552718
0.088107448,0.018653518
0.08918192800000001,0.018636718000000004
0.09025640800000001,0.018759916
0.09133089600000001,0.018782316
0.092405368,0.018771116
0.093479848,0.018939118
0.094554336,0.018967116000000003
0.095628816,0.019084716
0.09670329600000001,0.019146314
0.09777777600000001,0.019129516000000003
0.098852256,0.019207916000000002
0.099926736,0.019291916000000003
0.101001,0.019325516
0.102075,0.019375914
0.10314999999999999,0.019599914000000003
0.104224,0.019633512000000002
0.10529899999999999,0.019762312
0.106373,0.019818312
0.107448,0.019902312000000002
0.108522,0.020131910000000003
0.109597,0.02015431
0.11067099999999999,0.020294310000000003
0.111746,0.020501510000000004
0.11281999999999999,0.02054631
0.113894,0.02068631
0.11496899999999999,0.020781508000000004
0.116043,0.020831908
0.117118,0.020943908000000004
0.11819199999999999,0.021128708000000003
0.119267,0.021229508
0.12034099999999999,0.021347106000000005
0.121416,0.021352706000000003
0.12248999999999999,0.021408706000000003
0.123565,0.021520706
0.124639,0.021548704000000002
0.125714,0.021621504
0.12678799999999998,0.021739104
0.127863,0.021744704000000004
0.128937,0.021761504
0.130012,0.021800704000000004
0.13108599999999998,0.021795104000000003
0.132161,0.021839904
0.133235,0.021862304000000003
0.13430999999999998,0.021811904000000003
0.135384,0.021867904
0.136459,0.021823104000000003
0.137533,0.021901502000000003
0.13860799999999998,0.021929504000000002
0.139682,0.021901502000000003
0.140757,0.021879102000000004
0.14183099999999998,0.021991102000000002
0.142905,0.021963104000000004
0.14398,0.022075102
0.145054,0.022108702
0.14612899999999998,0.022030302
0.147203,0.022170302000000003
0.148278,0.022192702
0.14935199999999998,0.022119902
0.150427,0.022164702
0.151501,0.022215102
0.152576,0.022103104000000002
0.15364999999999998,0.022159102000000003
0.154725,0.022147904000000003
0.155799,0.022125504000000004
0.15687399999999999,0.022198302000000003
0.157948,0.022142302000000003
0.159023,0.022019102000000002
0.160097,0.022047104
0.16117199999999998,0.021963104000000004
0.162246,0.021929504000000002
0.163321,0.021957502
0.16439499999999999,0.021890302000000004
0.16547,0.021828704
0.166544,0.021811904000000003
0.167619,0.021705504000000004
0.16869299999999998,0.021671906
0.169768,0.021582306000000002
0.170842,0.021548704000000002
0.17191599999999999,0.021649506000000002
0.172991,0.021509506
0.174065,0.021414306
0.17514,0.021470304
0.17621399999999998,0.021352706000000003
0.177289,0.021408706000000003
0.178363,0.021414306
0.179438,0.021324706000000002
0.18051199999999998,0.021296706000000002
0.181587,0.021347106000000005
0.182661,0.021162308
0.18373599999999998,0.021117508000000004
0.18481,0.021039106000000002
0.185885,0.020887908000000004
0.186959,0.020938308
0.18803399999999998,0.020815108000000002
0.189108,0.02066391
0.190183,0.02059111
0.19125699999999998,0.02042311
0.192332,0.020305510000000002
0.193406,0.020193512
0.194481,0.019986312000000003
0.19555499999999998,0.019952712
0.19663,0.019717514000000002
0.197704,0.019527114
0.19877799999999998,0.019431914
0.199853,0.019168714000000003
0.200927,0.018983916000000003
0.202002,0.018866316000000004
0.20307599999999998,0.018614318
0.204151,0.018407120000000003
0.205225,0.018233520000000003
0.20629999999999998,0.018115920000000004
0.207374,0.01792552
0.208449,0.017824722
0.209523,0.017662322000000005
0.21059799999999998,0.017567124
0.211672,0.017505522000000003
0.212747,0.017376722
0.21382099999999998,0.017292724000000002
0.214896,0.017135926000000003
0.21597,0.017057526
0.217045,0.017018324
0.21811899999999998,0.016861526
0.219194,0.016738327
0.220268,0.016659927
0.22134299999999998,0.016525528
0.222417,0.016413527
0.223492,0.016419128
0.224566,0.016262329000000002
0.22564099999999998,0.016228729
0.226715,0.01609433
0.227789,0.01590953
0.22886399999999998,0.01594313
0.22993799999999998,0.015797531
0.231013,0.015674332000000003
0.232087,0.015702331
0.23316199999999998,0.015551131
0.234236,0.015461531000000002
0.235311,0.015439131000000002
0.23638499999999998,0.015287933000000004
0.23745999999999998,0.015215133
0.238534,0.015198334000000003
0.239609,0.015047134000000002
0.24068299999999998,0.015114333000000002
0.241758,0.015063933
0.242832,0.015013534000000002
0.24390699999999998,0.015075133000000001
0.24498099999999998,0.015041533
0.246056,0.014991134000000001
0.24713,0.015063933
0.24820499999999998,0.015069534000000002
0.249279,0.015030333
0.25035399999999997,0.015108733000000001
0.251428,0.015091934000000003
0.252503,0.015052733
0.253577,0.015108733000000001
0.254652,0.015125533000000002
0.255726,0.015069534000000002
0.2568,0.015181533
0.25787499999999997,0.015131132
0.258949,0.015142334000000002
0.260024,0.015114333000000002
0.261098,0.015091934000000003
0.262173,0.015203933
0.263247,0.015147932999999999
0.264322,0.015114333000000002
0.26539599999999997,0.015187134000000001
0.266471,0.015153534000000001
0.267545,0.015103134000000002
0.26861999999999997,0.015159133
0.269694,0.015097533
0.270769,0.015091934000000003
0.271843,0.015136733000000003
0.272918,0.015024734000000001
0.273992,0.015086333
0.275067,0.015164734000000001
0.27614099999999997,0.015097533
0.27721599999999996,0.015187134000000001
0.27829,0.015215133
0.279365,0.015271132
0.280439,0.015394332000000002
0.281514,0.015399933000000001
0.282588,0.015444732000000001
0.283663,0.015545532000000003
0.28473699999999996,0.015590331000000002
0.285811,0.015629532
0.286886,0.01576953
0.28796,0.015674332000000003
0.289035,0.015797531
0.290109,0.01588713
0.291184,0.015819931
0.29225799999999996,0.01597673
0.293333,0.016055129
0.294407,0.016060730000000002
0.29548199999999997,0.016133529000000004
0.296556,0.016088729000000003
0.297631,0.016144729
0.298705,0.016217529
0.29978,0.016189527999999998
0.300854,0.016251129000000003
0.301929,0.016323928
0.30300299999999997,0.016273529000000002
0.30407799999999996,0.016357527
0.305152,0.016385528
0.30622699999999997,0.016379927000000002
0.307301,0.016503126000000003
0.308376,0.016480727000000004
0.30945,0.016508727
0.310525,0.016615127
0.31159899999999996,0.016631927
0.312673,0.016682327
0.31374799999999997,0.016805526
0.314822,0.016850326
0.315897,0.016923124
0.316971,0.017046326
0.318046,0.017051924000000003
0.31911999999999996,0.017219924
0.320195,0.017236724000000002
0.32126899999999997,0.017281524000000003
0.32234399999999996,0.017399122000000003
0.323418,0.017460724
0.324493,0.017511124
0.325567,0.017628722000000003
0.326642,0.017679122000000002
0.327716,0.017679122000000002
0.328791,0.017779922000000004
0.32986499999999996,0.017796720000000002
0.33094,0.01787512
0.332014,0.017964722
0.33308899999999997,0.017964722
0.334163,0.018026320000000002
0.335238,0.01811032
0.336312,0.018115920000000004
0.337387,0.01819992
0.338461,0.018250318
0.339536,0.018261518
0.34060999999999997,0.018384720000000004
0.341684,0.01833432
0.342759,0.018351120000000002
0.343833,0.018563918
0.344908,0.018563918
0.345982,0.018631118000000002
0.347057,0.018799118000000004
0.34813099999999997,0.018855116
0.34920599999999996,0.018967116000000003
0.35028,0.019174316
0.351355,0.019185516000000003
0.352429,0.019370316000000002
0.353504,0.019471114
0.354578,0.019543914000000003
0.355653,0.019711912
0.35672699999999996,0.019812714000000002
0.357802,0.019885512
0.358876,0.020036712
0.35995099999999997,0.020081512
0.361025,0.020199112
0.3621,0.020411910000000002
0.363174,0.020490310000000005
0.364249,0.02063591
0.365323,0.020747908000000002
0.366398,0.020826308
0.36747199999999997,0.020932708
0.368546,0.021067108
0.369621,0.021151108000000002
0.370695,0.021330306
0.37177,0.021414306
0.372844,0.021554306000000002
0.373919,0.021699904000000002
0.37499299999999997,0.021739104
0.37606799999999996,0.021974304000000004
0.377142,0.022125504000000004
0.37821699999999997,0.022231902
0.379291,0.022433500000000002
0.380366,0.0226407
0.38144,0.0227695
0.382515,0.023015898000000003
0.38358899999999996,0.023239898000000002
0.384664,0.023363096000000003
0.38573799999999997,0.023654296000000002
0.38681299999999996,0.023889494
0.387887,0.024051894
0.388962,0.024393494
0.390036,0.024555892
0.391111,0.024824692000000002
0.392185,0.02507109
0.39326,0.025317488000000003
0.39433399999999996,0.025586286000000003
0.39540899999999995,0.025944686
0.396483,0.026163086000000002
0.397557,0.026443084000000002
0.398632,0.026762282000000002
0.399706,0.027019882000000002
0.400781,0.027411878
0.40185499999999996,0.027742278000000002
0.40292999999999995,0.028044678
0.404004,0.028464676000000005
0.40507899999999997,0.028800674000000002
0.406153,0.029203870000000003
0.407228,0.02965187
0.408302,0.029982268000000003
0.409377,0.030480664000000005
0.41045099999999995,0.030967862000000006
0.411526,0.031438262
0.41259999999999997,0.032093458000000005
0.41367499999999996,0.032586258
0.414749,0.033157452000000004
0.41582399999999997,0.033801448000000005
0.416898,0.034490248
0.417973,0.035223844000000004
0.419047,0.035996644
0.420122,0.03675264
0.42119599999999996,0.037559032000000006
0.422271,0.038466228000000005
0.42334499999999997,0.039300628000000004
0.42441999999999996,0.040286220000000005
0.425494,0.041299816
0.426568,0.04222941200000001
0.427643,0.043276612000000006
0.42871699999999996,0.044234204000000006
0.429792,0.0452926
0.43086599999999997,0.046390196
0.43194099999999996,0.047325392
0.433015,0.048204588
0.43409,0.049072584
0.435164,0.044515428
0.436239,0.046046672000000004
0.437313,0.048124784000000004
0.438388,0.049765404000000006
0.43946199999999996,0.051515396000000005
0.44053699999999996,0.05348414
0.441611,0.05545288
0.44268599999999997,0.05753099600000001
0.44376,0.059827856000000006
0.444835,0.061905976
0.445909,0.064093464
0.446984,0.066718452
0.44805799999999996,0.06912468800000002
0.449133,0.07174968000000001
0.45020699999999997,0.074374672
0.45128199999999996,0.076780904
0.452356,0.07973402400000001
0.45343,0.082468384
0.454505,0.085202752
0.45557899999999996,0.08837460800000001
0.456654,0.09132772000000001
0.45772799999999997,0.09428083200000001
0.45880299999999996,0.097562064
0.459877,0.100405
0.460952,0.10368699999999999
0.462026,0.107077
0.463101,0.110249
0.464175,0.113311
0.46525,0.116811
0.46632399999999996,0.11998299999999999
0.46739899999999995,0.123046
0.468473,0.12643600000000002
0.46954799999999997,0.12928
0.470622,0.13288999999999998
0.471697,0.135952
0.472771,0.13890499999999997
0.473846,0.142296
0.47491999999999995,0.14503
0.475995,0.148093
0.47706899999999997,0.15104599999999999
0.47814399999999996,0.153561
0.479218,0.156296
0.48029299999999997,0.159139
0.481367,0.16154600000000002
0.48244099999999995,0.16417099999999998
0.483516,0.166468
0.48458999999999997,0.168874
0.48566499999999996,0.170842
0.486739,0.17303000000000002
0.48781399999999997,0.174999
0.488888,0.17707699999999998
0.489963,0.178499
0.491037,0.18035800000000002
0.492112,0.181999
0.49318599999999996,0.183311
0.49426099999999995,0.185061
0.49533499999999997,0.186046
0.49640999999999996,0.187139
0.497484,0.18823299999999998
0.498559,0.189546
0.499633,0.190202
0.5007079999999999,0.191186
0.501782,0.191733
0.502857,0.192499
0.503931,0.193264
0.505006,0.19370199999999999
0.50608,0.19403
0.507155,0.194686
0.5082289999999999,0.195124
0.509304,0.19534200000000002
0.510378,0.19588899999999998
0.511452,0.196108
0.512527,0.196327
0.513601,0.196764
0.514676,0.197092
0.5157499999999999,0.19752999999999998
0.516825,0.19763899999999998
0.517899,0.198295
0.5189739999999999,0.198624
0.520048,0.198952
0.521123,0.19927999999999998
0.522197,0.200155
0.523272,0.200483
0.524346,0.20146699999999998
0.525421,0.202561
0.5264949999999999,0.203327
0.52757,0.20442
0.528644,0.205733
0.5297189999999999,0.20671699999999998
0.530793,0.208577
0.531868,0.21054499999999998
0.532942,0.21229499999999998
0.534017,0.21437399999999998
0.535091,0.216999
0.5361659999999999,0.21929500000000002
0.5372399999999999,0.22202999999999998
0.538314,0.224983
0.539389,0.228155
0.540463,0.23132699999999998
0.541538,0.234608
0.542612,0.23821699999999998
0.5436869999999999,0.242264
0.5447609999999999,0.246092
0.545836,0.250139
0.54691,0.254405
0.5479849999999999,0.25878
0.549059,0.263483
0.550134,0.26818600000000004
0.5512079999999999,0.272889
0.552283,0.27803
0.553357,0.282951
0.5544319999999999,0.287983
0.5555059999999999,0.293233
0.556581,0.298045
0.557655,0.303295
0.55873,0.308545
0.559804,0.313357
0.560879,0.31838900000000003
0.5619529999999999,0.323529
0.563028,0.328451
0.564102,0.333592
0.5651769999999999,0.33829499999999996
0.566251,0.34332599999999996
0.567326,0.348357
0.5684,0.353389
0.5694739999999999,0.358201
0.570549,0.363342
0.571623,0.368045
0.5726979999999999,0.372967
0.573772,0.378326
0.574847,0.38292
0.575921,0.387842
0.576996,0.39287299999999997
0.57807,0.397466
0.579145,0.402498
0.5802189999999999,0.406873
0.581294,0.411576
0.582368,0.41617
0.5834429999999999,0.420544
0.584517,0.425138
0.585592,0.42951300000000003
0.586666,0.433669
0.587741,0.438044
0.588815,0.442201
0.58989,0.446357
0.5909639999999999,0.450732
0.592039,0.454669
0.593113,0.459263
0.5941879999999999,0.46352899999999997
0.595262,0.467685
0.596336,0.472169
0.597411,0.47665399999999997
0.5984849999999999,0.481138
0.59956,0.485732
0.600634,0.490435
0.6017089999999999,0.495029
0.602783,0.50006
0.603858,0.504654
0.604932,0.509466
0.606007,0.514497
0.607081,0.519528
0.6081559999999999,0.524778
0.6092299999999999,0.530028
0.610305,0.535169
0.611379,0.54031
0.6124539999999999,0.5455599999999999
0.613528,0.5509189999999999
0.614603,0.556388
0.6156769999999999,0.561856
0.616752,0.566997
0.617826,0.572575
0.6189009999999999,0.578153
0.6199749999999999,0.583403
0.62105,0.588981
0.622124,0.59445
0.6231979999999999,0.5996999999999999
0.624273,0.605059
0.625347,0.610419
0.6264219999999999,0.615669
0.6274959999999999,0.620919
0.628571,0.62595
0.629645,0.630872
0.63072,0.635903
0.631794,0.640387
0.632869,0.644872
0.6339429999999999,0.649247
0.635018,0.652747
0.636092,0.6566839999999999
0.6371669999999999,0.660075
0.638241,0.663028
0.639316,0.665762
0.64039,0.66784
0.641465,0.669372
0.642539,0.670903
0.643614,0.671668
0.6446879999999999,0.672106
0.645763,0.672106
0.646837,0.6713399999999999
0.6479119999999999,0.6702469999999999
0.648986,0.668825
0.650061,0.666528
0.651135,0.6642309999999999
0.6522089999999999,0.661497
0.653284,0.657997
0.654358,0.6542779999999999
0.6554329999999999,0.649903
0.656507,0.6454179999999999
0.657582,0.6402779999999999
0.658656,0.6349189999999999
0.659731,0.629559
0.660805,0.623981
0.66188,0.617856
0.6629539999999999,0.6120589999999999
0.664029,0.6061529999999999
0.665103,0.599919
0.6661779999999999,0.5939030000000001
0.667252,0.587778
0.668327,0.581981
0.669401,0.576075
0.670476,0.570497
0.67155,0.564809
0.6726249999999999,0.559669
0.6736989999999999,0.553763
0.674774,0.548841
0.675848,0.5438099999999999
0.6769229999999999,0.538778
0.677997,0.534185
0.679072,0.5295909999999999
0.6801459999999999,0.524888
0.6812199999999999,0.520732
0.682295,0.516466
0.683369,0.512419
0.6844439999999999,0.5085909999999999
0.685518,0.5049819999999999
0.686593,0.500825
0.6876669999999999,0.49765400000000004
0.688742,0.494263
0.689816,0.49087200000000003
0.6908909999999999,0.48780999999999997
0.6919649999999999,0.48452900000000004
0.69304,0.481685
0.694114,0.47905999999999993
0.695189,0.476107
0.696263,0.47348199999999996
0.697338,0.471185
0.6984119999999999,0.46877899999999995
0.699487,0.466482
0.700561,0.464404
0.7016359999999999,0.461997
0.70271,0.460357
0.703785,0.458169
0.704859,0.456201
0.705934,0.454669
0.707008,0.45291899999999996
0.708083,0.451169
0.7091569999999999,0.449966
0.710231,0.44821599999999995
0.711306,0.446904
0.71238,0.445482
0.713455,0.44416900000000004
0.714529,0.44296599999999997
0.715604,0.44176299999999996
0.7166779999999999,0.440779
0.717753,0.439685
0.718827,0.438591
0.7199019999999999,0.43760699999999997
0.720976,0.436951
0.722051,0.435966
0.723125,0.435091
0.7242,0.43443499999999996
0.725274,0.43334100000000003
0.726349,0.432794
0.7274229999999999,0.432029
0.728498,0.431263
0.729572,0.430716
0.7306469999999999,0.42995099999999997
0.731721,0.429294
0.732796,0.42918500000000004
0.7338699999999999,0.42831
0.734945,0.427654
0.736019,0.427216
0.737093,0.42677899999999996
0.7381679999999999,0.426232
0.739242,0.426123
0.740317,0.42535700000000004
0.7413909999999999,0.425029
0.742466,0.424591
0.74354,0.424044
0.7446149999999999,0.423935
0.7456889999999999,0.423388
0.746764,0.422732
0.747838,0.42262299999999997
0.7489129999999999,0.42207599999999995
0.749987,0.42174799999999996
0.751062,0.421638
0.7521359999999999,0.421091
0.753211,0.420763
0.754285,0.420544
0.7553599999999999,0.419888
0.7564339999999999,0.419779
0.757509,0.419232
0.758583,0.418904
0.7596579999999999,0.418795
0.760732,0.418357
0.761807,0.41791999999999996
0.7628809999999999,0.41781
0.7639549999999999,0.417263
0.76503,0.41682600000000003
0.766104,0.416716
0.7671789999999999,0.416498
0.768253,0.41606
0.769328,0.41551299999999997
0.7704019999999999,0.41518499999999997
0.771477,0.414966
0.772551,0.41441999999999996
0.7736259999999999,0.414091
0.7746999999999999,0.413763
0.775775,0.413435
0.776849,0.412998
0.777924,0.412779
0.778998,0.412232
0.780073,0.41168499999999997
0.7811469999999999,0.411466
0.782222,0.41081
0.783296,0.410482
0.7843709999999999,0.410154
0.785445,0.409607
0.78652,0.409279
0.787594,0.40884099999999995
0.788669,0.40818499999999996
0.789743,0.40785699999999997
0.7908179999999999,0.40731
0.7918919999999999,0.406873
0.792967,0.406545
0.794041,0.405998
0.795115,0.40567000000000003
0.79619,0.40534099999999995
0.797264,0.404466
0.7983389999999999,0.40392
0.7994129999999999,0.403482
0.800488,0.402716
0.801562,0.40217
0.8026369999999999,0.401841
0.803711,0.401076
0.804786,0.400638
0.8058599999999999,0.40009100000000003
0.806935,0.399216
0.808009,0.398779
0.8090839999999999,0.398232
0.8101579999999999,0.397248
0.811233,0.39702899999999997
0.812307,0.39626300000000003
0.8133819999999999,0.395498
0.814456,0.394951
0.815531,0.39418499999999995
0.8166049999999999,0.39352899999999996
0.81768,0.39287299999999997
0.818754,0.391998
0.8198289999999999,0.391342
0.8209029999999999,0.390685
0.821978,0.38970099999999996
0.823052,0.389154
0.8241259999999999,0.388388
0.825201,0.38740399999999997
0.826275,0.386967
0.8273499999999999,0.38620099999999996
0.8284239999999999,0.385326
0.829499,0.38456
0.830573,0.383467
0.8316479999999999,0.38292
0.832722,0.38237299999999996
0.833797,0.38117
0.8348709999999999,0.380404
0.835946,0.379638
0.83702,0.378654
0.8380949999999999,0.378107
0.8391689999999999,0.377123
0.840244,0.37624799999999997
0.841318,0.375592
0.842393,0.374607
0.843467,0.373623
0.844542,0.372967
0.8456159999999999,0.371982
0.846691,0.371107
0.847765,0.37045100000000003
0.8488399999999999,0.369576
0.849914,0.368701
0.850988,0.368045
0.852063,0.366951
0.8531369999999999,0.366513
0.854212,0.365529
0.855286,0.364764
0.8563609999999999,0.363998
0.857435,0.36312300000000003
0.85851,0.362248
0.859584,0.361701
0.860659,0.360826
0.861733,0.36006
0.8628079999999999,0.359623
0.8638819999999999,0.358639
0.864957,0.358092
0.866031,0.357545
0.8671059999999999,0.35667
0.86818,0.356123
0.869255,0.355357
0.8703289999999999,0.35480999999999996
0.871404,0.35448199999999996
0.872478,0.353826
0.8735529999999999,0.353389
0.8746269999999999,0.35295099999999996
0.875702,0.352514
0.876776,0.352076
0.8778499999999999,0.352076
0.878925,0.351201
0.879999,0.351201
0.8810739999999999,0.350873
0.8821479999999999,0.350545
0.883223,0.350545
0.884297,0.35032599999999997
0.8853719999999999,0.350217
0.886446,0.35032599999999997
0.887521,0.35010699999999995
0.8885949999999999,0.350217
0.88967,0.35032599999999997
0.890744,0.350217
0.8918189999999999,0.350545
0.8928929999999999,0.350873
0.893968,0.35098199999999996
0.895042,0.35131
0.8961169999999999,0.351857
0.897191,0.352076
0.898266,0.352732
0.8993399999999999,0.35327899999999995
0.900415,0.353717
0.901489,0.354373
0.9025639999999999,0.35513900000000004
0.9036379999999999,0.35579500000000003
0.904713,0.35677899999999996
0.905787,0.357545
0.9068609999999999,0.35830999999999996
0.907936,0.359404
0.90901,0.36038899999999996
0.9100849999999999,0.361592
0.9111589999999999,0.362904
0.912234,0.363888
0.913308,0.36530999999999997
0.914383,0.36662300000000003
0.915457,0.368045
0.916532,0.369795
0.9176059999999999,0.370998
0.918681,0.37263799999999997
0.919755,0.37449799999999994
0.9208299999999999,0.37624799999999997
0.921904,0.37799799999999995
0.922979,0.380295
0.924053,0.38204499999999997
0.925128,0.384342
0.926202,0.38652899999999996
0.9272769999999999,0.388717
0.9283509999999999,0.39123199999999997
0.929426,0.39385699999999996
0.9305,0.396154
0.9315749999999999,0.399107
0.932649,0.401732
0.933724,0.40468499999999996
0.9347979999999999,0.407638
0.9358719999999999,0.41037300000000004
0.936947,0.413763
0.938021,0.41682600000000003
0.9390959999999999,0.420216
0.94017,0.423716
0.941245,0.427107
0.9423189999999999,0.430716
0.943394,0.434544
0.944468,0.438482
0.9455429999999999,0.442529
0.9466169999999999,0.446904
0.947692,0.450951
0.948766,0.455326
0.9498409999999999,0.45981
0.950915,0.464404
0.95199,0.469216
0.9530639999999999,0.474138
0.954139,0.478951
0.955213,0.48431
0.9562879999999999,0.489669
0.9573619999999999,0.49480999999999997
0.958437,0.5007159999999999
0.959511,0.506622
0.9605859999999999,0.5122
0.96166,0.518435
0.962735,0.524669
0.9638089999999999,0.530685
0.9648829999999999,0.537356
0.965958,0.5440280000000001
0.967032,0.5507
0.9681069999999999,0.5575910000000001
0.969181,0.564481
0.970256,0.572028
0.9713299999999999,0.579466
0.972405,0.5867939999999999
0.973479,0.594778
0.9745539999999999,0.602981
0.9756279999999999,0.6107469999999999
0.976703,0.6191690000000001
0.977777,0.6279189999999999
0.9788519999999999,0.636122
0.979926,0.6454179999999999
0.9810009999999999,0.654168
0.9820749999999999,0.6636839999999999
0.98315,0.673309
0.984224,0.682496
0.9852989999999999,0.6925589999999999
0.9863729999999999,0.7025119999999999
0.987448,0.7124649999999999
0.9885219999999999,0.7228559999999999
0.989597,0.7336839999999999
0.990671,0.744621
0.991745,0.755887
0.9928199999999999,0.766934
0.9938939999999999,0.77798
0.994969,0.7900119999999999
0.9960429999999999,0.801715
0.997118,0.8139649999999999
0.998192,0.826433
0.9992669999999999,0.8389019999999999
1.000341,0.85148
1.0014159999999999,0.864605
1.0024899999999999,0.877621
1.003565,0.891183
1.004639,0.904745
1.005714,0.918308
1.006788,0.9327449999999999
1.007863,0.9469639999999999
1.008937,0.961183
1.010012,0.976495
1.011086,0.991151
1.0121609999999999,1.006464
1.0132349999999999,1.022432
1.01431,1.0379639999999999
1.015384,1.05437
1.016459,1.070776
1.017533,1.087182
1.018608,1.104463
1.019682,1.121307
1.020756,1.138588
1.021831,1.156963
1.022905,1.1746819999999998
1.02398,1.1926189999999999
1.025054,1.211869
1.0261289999999998,1.2304629999999999
1.0272029999999999,1.249713
1.028278,1.2689629999999998
1.029352,1.288869
1.030427,1.309212
1.031501,1.329775
1.032576,1.350775
1.03365,1.371775
1.034725,1.393212
1.035799,1.414431
1.0368739999999999,1.436962
1.0379479999999999,1.459493
1.039023,1.4818049999999998
1.040097,1.5052109999999999
1.041172,1.528618
1.042246,1.551805
1.043321,1.576305
1.044395,1.6003669999999999
1.04547,1.625742
1.046544,1.6500229999999998
1.047618,1.67518
1.0486929999999999,1.7014289999999999
1.049767,1.7272420000000002
1.050842,1.753492
1.0519159999999999,1.780617
1.052991,1.807304
1.054065,1.834648
1.05514,1.862866
1.056214,1.890429
1.057289,1.918866
1.058363,1.9477410000000002
1.0594379999999999,1.975741
1.060512,2.0050529999999998
1.061587,2.034365
1.0626609999999999,2.064115
1.063736,2.09474
1.06481,2.124928
1.065885,2.15599
1.066959,2.186615
1.068034,2.218552
1.069108,2.2500519999999997
1.0701829999999999,2.282427
1.071257,2.313052
1.0723319999999998,2.345864
1.0734059999999999,2.3795509999999997
1.074481,2.4123639999999997
1.075555,2.4460509999999998
1.076629,2.478863
1.077704,2.464426
1.078778,2.450426
1.079853,2.437739
1.080927,2.428551
1.082002,2.419801
1.083076,2.4093009999999997
1.0841509999999999,2.400989
1.0852249999999999,2.3926760000000002
1.0863,2.382614
1.0873739999999998,2.3751770000000003
1.088449,2.365989
1.089523,2.355927
1.090598,2.3493639999999996
1.091672,2.340614
1.092747,2.331427
1.093821,2.324864
1.0948959999999999,2.315677
1.0959699999999999,2.3078019999999997
1.097045,2.300802
1.0981189999999998,2.292052
1.099194,2.285052
1.100268,2.2780519999999997
1.101343,2.269302
1.102417,2.263615
1.103492,2.256177
1.104566,2.248302
1.1056409999999999,2.2426150000000002
1.106715,2.23474
1.107789,2.2277400000000003
1.1088639999999998,2.22249
1.1099379999999999,2.2146150000000002
1.111013,2.2089269999999996
1.112087,2.203677
1.113162,2.195802
1.114236,2.1901149999999996
1.115311,2.1848650000000003
1.116385,2.177865
1.11746,2.172615
1.118534,2.1669270000000003
1.1196089999999999,2.1603649999999996
1.1206829999999999,2.15599
1.121758,2.149865
1.122832,2.144177
1.123907,2.139803
1.124981,2.13324
1.126056,2.12799
1.12713,2.123615
1.128205,2.117928
1.129279,2.113115
1.1303539999999999,2.10874
1.1314279999999999,2.102178
1.132503,2.0991150000000003
1.133577,2.093865
1.134652,2.0877399999999997
1.135726,2.084678
1.1368,2.079865
1.137875,2.0746149999999997
1.138949,2.0715529999999998
1.140024,2.065865
1.141098,2.0614899999999996
1.1421729999999999,2.058865
1.143247,2.05274
1.1443219999999998,2.04924
1.1453959999999999,2.04574
1.146471,2.04049
1.147545,2.03699
1.14862,2.033491
1.149694,2.0278029999999996
1.150769,2.0256149999999997
1.151843,2.021241
1.1529179999999999,2.016428
1.153992,2.0142409999999997
1.1550669999999998,2.009428
1.1561409999999999,2.005928
1.157216,2.002866
1.15829,1.9976160000000003
1.159365,1.994991
1.160439,1.991928
1.161514,1.987553
1.162588,1.9849279999999998
1.163663,1.9814280000000002
1.164737,1.976616
1.165811,1.9748659999999998
1.1668859999999999,1.9713659999999997
1.1679599999999999,1.967428
1.169035,1.965241
1.1701089999999998,1.9604279999999998
1.171184,1.957366
1.172258,1.955616
1.173333,1.951678
1.174407,1.948616
1.175482,1.946428
1.176556,1.9416159999999998
1.1776309999999999,1.9398659999999996
1.178705,1.937241
1.17978,1.933303
1.1808539999999998,1.931116
1.181929,1.928053
1.183003,1.924116
1.184078,1.922366
1.185152,1.918866
1.186227,1.916678
1.187301,1.914928
1.1883759999999999,1.9109909999999999
1.18945,1.9083660000000002
1.190525,1.9066159999999999
1.1915989999999999,1.903116
1.1926729999999999,1.9013660000000001
1.193748,1.898741
1.194822,1.894804
1.195897,1.8934909999999998
1.196971,1.890429
1.198046,1.887366
1.19912,1.8860540000000001
1.200195,1.882991
1.201269,1.879929
1.2023439999999999,1.8786159999999998
1.2034179999999999,1.8751159999999998
1.204493,1.873366
1.205567,1.871616
1.206642,1.867679
1.207716,1.866366
1.208791,1.864179
1.209865,1.860679
1.21094,1.8598039999999998
1.212014,1.8571790000000001
1.2130889999999999,1.853679
1.2141629999999999,1.853241
1.215238,1.8506159999999998
1.2163119999999998,1.847991
1.217387,1.847116
1.218461,1.844054
1.219535,1.841429
1.22061,1.840991
1.221684,1.837054
1.222759,1.8357409999999998
1.223833,1.833991
1.2249079999999999,1.831366
1.225982,1.830054
1.2270569999999998,1.827866
1.2281309999999999,1.825241
1.229206,1.824366
1.23028,1.8217409999999998
1.231355,1.819116
1.232429,1.818679
1.233504,1.8156160000000001
1.234578,1.813429
1.235653,1.812991
1.236727,1.809929
1.2378019999999998,1.808179
1.2388759999999999,1.807304
1.239951,1.804241
1.241025,1.8033659999999998
1.2421,1.801616
1.243174,1.798554
1.244249,1.798117
1.245323,1.7959289999999999
1.246397,1.793741
1.247472,1.792867
1.248546,1.7902419999999999
1.2496209999999999,1.788929
1.250695,1.7876169999999998
1.25177,1.7849920000000001
1.2528439999999998,1.783242
1.253919,1.782367
1.254993,1.779742
1.256068,1.778867
1.257142,1.7771169999999998
1.258217,1.774929
1.259291,1.7740539999999998
1.2603659999999999,1.772304
1.26144,1.769679
1.262515,1.769242
1.2635889999999999,1.767492
1.264664,1.765304
1.265738,1.765304
1.266813,1.761804
1.267887,1.760929
1.268962,1.760492
1.270036,1.7574290000000001
1.2711109999999999,1.756554
1.272185,1.755242
1.273259,1.752617
1.2743339999999999,1.752617
1.2754079999999999,1.750867
1.276483,1.7482419999999999
1.2775569999999998,1.747804
1.278632,1.746054
1.279706,1.7447419999999998
1.280781,1.7443039999999999
1.281855,1.741679
1.28293,1.740367
1.284004,1.739492
1.2850789999999999,1.737304
1.2861529999999999,1.736429
1.287228,1.735554
1.2883019999999998,1.732929
1.289377,1.732492
1.290451,1.7311789999999998
1.291526,1.7289919999999999
1.2926,1.7285540000000001
1.293675,1.726804
1.294749,1.725054
1.2958239999999999,1.725054
1.2968979999999999,1.722867
1.297973,1.721554
1.2990469999999998,1.721117
1.300122,1.718492
1.301196,1.7171789999999998
1.30227,1.716742
1.303345,1.714117
1.304419,1.714117
1.305494,1.712367
1.306568,1.711054
1.3076429999999999,1.711054
1.308717,1.708867
1.3097919999999998,1.707117
1.3108659999999999,1.706679
1.311941,1.704929
1.313015,1.703617
1.31409,1.703179
1.315164,1.7009919999999998
1.316239,1.7001169999999999
1.317313,1.7001169999999999
1.318388,1.697054
1.319462,1.697054
1.3205369999999998,1.695742
1.3216109999999999,1.693992
1.322686,1.693992
1.32376,1.692242
1.324835,1.6904919999999999
1.325909,1.6904919999999999
1.326984,1.6883039999999998
1.328058,1.68743
1.329133,1.68743
1.330207,1.685242
1.331281,1.6843670000000002
1.3323559999999999,1.683492
1.33343,1.681742
1.3345049999999998,1.681742
1.3355789999999998,1.679992
1.336654,1.677805
1.337728,1.678242
1.338803,1.67693
1.339877,1.67518
1.340952,1.675617
1.342026,1.67343
1.3431009999999999,1.6721169999999999
1.344175,1.6721169999999999
1.3452499999999998,1.66993
1.3463239999999999,1.669055
1.347399,1.669055
1.348473,1.666867
1.349548,1.66643
1.350622,1.6655550000000001
1.351697,1.663805
1.352771,1.663805
1.3538459999999999,1.6624919999999999
1.35492,1.660742
1.3559949999999998,1.6611799999999999
1.3570689999999999,1.65943
1.358144,1.6581169999999998
1.359218,1.658555
1.360293,1.65593
1.361367,1.655492
1.362441,1.6550550000000002
1.363516,1.652867
1.36459,1.652867
1.365665,1.651992
1.366739,1.649805
1.3678139999999999,1.649805
1.3688879999999999,1.648492
1.369963,1.646742
1.3710369999999998,1.6471799999999999
1.372112,1.64543
1.373186,1.644992
1.374261,1.644555
1.375335,1.642367
1.37641,1.64193
1.377484,1.64193
1.3785589999999999,1.639305
1.3796329999999999,1.639305
1.380708,1.638867
1.3817819999999998,1.637117
1.382857,1.637117
1.383931,1.636242
1.385006,1.634492
1.38608,1.634492
1.387155,1.6331799999999999
1.388229,1.631867
1.3893039999999999,1.632742
1.390378,1.6301169999999998
1.3914529999999998,1.62968
1.3925269999999998,1.62968
1.3936009999999999,1.627492
1.394676,1.627492
1.39575,1.626617
1.396825,1.62443
1.397899,1.625305
1.398974,1.623992
1.400048,1.6226800000000001
1.401123,1.6226800000000001
1.402197,1.62093
1.4032719999999999,1.620055
1.4043459999999999,1.620492
1.405421,1.618742
1.4064949999999998,1.617867
1.40757,1.617867
1.408644,1.6161169999999998
1.409719,1.61568
1.410793,1.61568
1.411868,1.613492
1.412942,1.6139299999999999
1.4140169999999999,1.612617
1.4150909999999999,1.611305
1.416166,1.611305
1.4172399999999998,1.609992
1.418315,1.6091170000000001
1.419389,1.6091170000000001
1.420463,1.607367
1.421538,1.606492
1.422612,1.60693
1.423687,1.604742
1.424761,1.604742
1.4258359999999999,1.6043049999999999
1.42691,1.602992
1.4279849999999998,1.60343
1.4290589999999999,1.602117
1.430134,1.6008049999999998
1.431208,1.6008049999999998
1.432283,1.599492
1.433357,1.59818
1.434432,1.598617
1.435506,1.596867
1.4365809999999999,1.595992
1.437655,1.59643
1.4387299999999998,1.59468
1.4398039999999999,1.594242
1.440879,1.594242
1.441953,1.592492
1.443028,1.592492
1.444102,1.591617
1.445177,1.590305
1.446251,1.5907419999999999
1.447325,1.58943
1.4484,1.588117
1.449474,1.588555
1.4505489999999999,1.5872419999999998
1.4516229999999999,1.5863669999999999
1.452698,1.586805
1.4537719999999998,1.584617
1.454847,1.58418
1.455921,1.584617
1.456996,1.582867
1.45807,1.582867
1.459145,1.5819929999999998
1.460219,1.58068
1.4612939999999999,1.581117
1.462368,1.580242
1.4634429999999998,1.57893
1.4645169999999998,1.57893
1.465592,1.578055
1.466666,1.5767419999999999
1.467741,1.57718
1.468815,1.575868
1.46989,1.574992
1.470964,1.574992
1.4720389999999999,1.573242
1.473113,1.57368
1.474187,1.573242
1.4752619999999999,1.5710549999999999
1.4763359999999999,1.571493
1.477411,1.570617
1.4784849999999998,1.569305
1.47956,1.5697429999999999
1.480634,1.567993
1.481709,1.567555
1.482783,1.567555
1.483858,1.566243
1.484932,1.5658050000000001
1.4860069999999999,1.5658050000000001
1.4870809999999999,1.564055
1.488156,1.5644930000000001
1.4892299999999998,1.563618
1.490305,1.562305
1.491379,1.562742
1.492454,1.561868
1.493528,1.560555
1.494603,1.560993
1.495677,1.55968
1.4967519999999999,1.558805
1.4978259999999999,1.559243
1.498901,1.557493
1.4999749999999998,1.5570549999999999
1.498901,1.5570549999999999
1.4978259999999999,1.55618
1.4967519999999999,1.5557429999999999
1.495677,1.555305
1.494603,1.553555
1.493528,1.553993
1.492454,1.553555
1.491379,1.551805
1.490305,1.55268
1.4892299999999998,1.551368
1.488156,1.5504930000000001
1.4870809999999999,1.551368
1.4860069999999999,1.549618
1.484932,1.54918
1.483858,1.54918
1.482783,1.546993
1.481709,1.54743
1.480634,1.546993
1.47956,1.54568
1.4784849999999998,1.546555
1.477411,1.545243
1.4763359999999999,1.544368
1.4752619999999999,1.544805
1.474187,1.543493
1.473113,1.5421799999999999
1.4720389999999999,1.5430549999999998
1.470964,1.541305
1.46989,1.54043
1.468815,1.541305
1.467741,1.5395549999999998
1.466666,1.5395549999999998
1.465592,1.5395549999999998
1.4645169999999998,1.537805
1.4634429999999998,1.538243
1.462368,1.537368
1.4612939999999999,1.536055
1.460219,1.536493
1.459145,1.535618
1.45807,1.534743
1.456996,1.53518
1.455921,1.533868
1.454847,1.53343
1.4537719999999998,1.533868
1.452698,1.53168
1.4516229999999999,1.532118
1.4505489999999999,1.53168
1.449474,1.530368
1.4484,1.530805
1.447325,1.52993
1.446251,1.528618
1.445177,1.529493
1.444102,1.5281799999999999
1.443028,1.527305
1.441953,1.5277429999999999
1.440879,1.52643
1.4398039999999999,1.525993
1.4387299999999998,1.52643
1.437655,1.52468
1.4365809999999999,1.52468
1.435506,1.5242429999999998
1.434432,1.5229300000000001
1.433357,1.5229300000000001
1.432283,1.5229300000000001
1.431208,1.5216180000000001
1.430134,1.522493
1.4290589999999999,1.52118
1.4279849999999998,1.519868
1.42691,1.520305
1.4258359999999999,1.518993
1.424761,1.518993
1.423687,1.518993
1.422612,1.51768
1.421538,1.51768
1.420463,1.51768
1.419389,1.51593
1.418315,1.516368
1.4172399999999998,1.51593
1.416166,1.514618
1.4150909999999999,1.515055
1.4140169999999999,1.5141799999999999
1.412942,1.513305
1.411868,1.5137429999999998
1.410793,1.51243
1.409719,1.511993
1.408644,1.51243
1.40757,1.511118
1.4064949999999998,1.5106799999999998
1.405421,1.5106799999999998
1.4043459999999999,1.509368
1.4032719999999999,1.509805
1.402197,1.50893
1.401123,1.5076180000000001
1.400048,1.508493
1.398974,1.5076180000000001
1.397899,1.506305
1.396825,1.50718
1.39575,1.505868
1.394676,1.50543
1.3936009999999999,1.505868
1.3925269999999998,1.504118
1.3914529999999998,1.504118
1.390378,1.504118
1.3893039999999999,1.502805
1.388229,1.5032429999999999
1.387155,1.502805
1.38608,1.501055
1.385006,1.50193
1.383931,1.501055
1.382857,1.5001799999999998
1.3817819999999998,1.501055
1.380708,1.4993049999999999
1.3796329999999999,1.4988679999999999
1.3785589999999999,1.4997429999999998
1.377484,1.497993
1.37641,1.497993
1.375335,1.497993
1.374261,1.4966799999999998
1.373186,1.4966799999999998
1.372112,1.4966799999999998
1.3710369999999998,1.49493
1.369963,1.4953679999999998
1.3688879999999999,1.49493
1.3678139999999999,1.4936180000000001
1.366739,1.494493
1.365665,1.49318
1.36459,1.492305
1.363516,1.49318
1.362441,1.491868
1.361367,1.49143
1.360293,1.491868
1.359218,1.490118
1.358144,1.490118
1.3570689999999999,1.490555
1.3559949999999998,1.489243
1.35492,1.489243
1.3538459999999999,1.488805
1.352771,1.487493
1.351697,1.488368
1.350622,1.487055
1.349548,1.487055
1.348473,1.487493
1.347399,1.4853049999999999
1.3463239999999999,1.4853049999999999
1.3452499999999998,1.485743
1.344175,1.48443
1.3431009999999999,1.48443
1.342026,1.48443
1.340952,1.4826799999999998
1.339877,1.483993
1.338803,1.483118
1.337728,1.4818049999999998
1.336654,1.4826799999999998
1.3355789999999998,1.4813679999999998
1.3345049999999998,1.480493
1.33343,1.4813679999999998
1.3323559999999999,1.4800550000000001
1.331281,1.479618
1.330207,1.4800550000000001
1.329133,1.4787430000000001
1.328058,1.4787430000000001
1.326984,1.4787430000000001
1.325909,1.476993
1.324835,1.47743
1.32376,1.47743
1.322686,1.476118
1.3216109999999999,1.476555
1.3205369999999998,1.4756799999999999
1.319462,1.475243
1.318388,1.4756799999999999
1.317313,1.474368
1.316239,1.473493
1.315164,1.474368
1.31409,1.472618
1.313015,1.472618
1.311941,1.473055
1.3108659999999999,1.4713049999999999
1.3097919999999998,1.47218
1.308717,1.471743
1.3076429999999999,1.4699929999999999
1.306568,1.4713049999999999
1.305494,1.47043
1.304419,1.469555
1.303345,1.47043
1.30227,1.468681
1.301196,1.468243
1.300122,1.468681
1.2990469999999998,1.4678049999999998
1.297973,1.4678049999999998
1.2968979999999999,1.4678049999999998
1.2958239999999999,1.466055
1.294749,1.4664929999999998
1.293675,1.466055
1.2926,1.4651800000000001
1.291526,1.465618
1.290451,1.4651800000000001
1.289377,1.464306
1.2883019999999998,1.4647430000000001
1.287228,1.46343
1.2861529999999999,1.462993
1.2850789999999999,1.463868
1.284004,1.462556
1.28293,1.462118
1.281855,1.462556
1.280781,1.460806
1.279706,1.461243
1.278632,1.461243
1.2775569999999998,1.459493
1.276483,1.4603679999999999
1.2754079999999999,1.459493
1.2743339999999999,1.458618
1.273259,1.459493
1.272185,1.458181
1.2711109999999999,1.457743
1.270036,1.458181
1.268962,1.4573049999999999
1.267887,1.4573049999999999
1.266813,1.4573049999999999
1.265738,1.455555
1.264664,1.4559929999999999
1.2635889999999999,1.4559929999999999
1.262515,1.454681
1.26144,1.455118
1.2603659999999999,1.454243
1.259291,1.453806
1.258217,1.454681
1.257142,1.452931
1.256068,1.4524929999999998
1.254993,1.453368
1.253919,1.4520559999999998
1.2528439999999998,1.451618
1.25177,1.4524929999999998
1.250695,1.4507430000000001
1.2496209999999999,1.4511809999999998
1.248546,1.4511809999999998
1.247472,1.4494310000000001
1.246397,1.450306
1.245323,1.4498680000000002
1.244249,1.448556
1.243174,1.4494310000000001
1.2421,1.448118
1.241025,1.447681
1.239951,1.448556
1.2388759999999999,1.447243
1.2378019999999998,1.446806
1.236727,1.447243
1.235653,1.445493
1.234578,1.445931
1.233504,1.445931
1.232429,1.444618
1.231355,1.445056
1.23028,1.444618
1.229206,1.443743
1.2281309999999999,1.444618
1.2270569999999998,1.443743
1.225982,1.442868
1.2249079999999999,1.443743
1.223833,1.442431
1.222759,1.4415559999999998
1.221684,1.442868
1.22061,1.441118
1.219535,1.441118
1.218461,1.4415559999999998
1.217387,1.439806
1.2163119999999998,1.440243
1.215238,1.440243
1.2141629999999999,1.438931
1.2130889999999999,1.439806
1.212014,1.438931
1.21094,1.438056
1.209865,1.438931
1.208791,1.4376179999999998
1.207716,1.4371809999999998
1.206642,1.438056
1.205567,1.436306
1.204493,1.436306
1.2034179999999999,1.436743
1.2023439999999999,1.4354310000000001
1.201269,1.4358680000000001
1.200195,1.4354310000000001
1.19912,1.434556
1.198046,1.434993
1.196971,1.434118
1.195897,1.433681
1.194822,1.434118
1.193748,1.432806
1.1926729999999999,1.432368
1.1915989999999999,1.433243
1.190525,1.431931
1.18945,1.431493
1.1883759999999999,1.432368
1.187301,1.430618
1.186227,1.431056
1.185152,1.431056
1.184078,1.429743
1.183003,1.430181
1.181929,1.429743
1.1808539999999998,1.429306
1.17978,1.429743
1.178705,1.428431
1.1776309999999999,1.4279929999999998
1.176556,1.428868
1.175482,1.427556
1.174407,1.4271179999999999
1.173333,1.4279929999999998
1.172258,1.426243
1.171184,1.4266809999999999
1.1701089999999998,1.4266809999999999
1.169035,1.425368
1.1679599999999999,1.425806
1.1668859999999999,1.425368
1.165811,1.4244929999999998
1.164737,1.425368
1.163663,1.4244929999999998
1.162588,1.4236179999999998
1.161514,1.424056
1.160439,1.4231809999999998
1.159365,1.422743
1.15829,1.4236179999999998
1.157216,1.4218680000000001
1.1561409999999999,1.4223059999999998
1.1550669999999998,1.4223059999999998
1.153992,1.420993
1.1529179999999999,1.4214310000000001
1.151843,1.4214310000000001
1.150769,1.419681
1.149694,1.4205560000000002
1.14862,1.419681
1.147545,1.419243
1.146471,1.420118
1.1453959999999999,1.418806
1.1443219999999998,1.418806
1.143247,1.419243
1.1421729999999999,1.417493
1.141098,1.418368
1.140024,1.417931
1.138949,1.416618
1.137875,1.417493
1.1368,1.416618
1.135726,1.415743
1.134652,1.416618
1.133577,1.415743
1.132503,1.415743
1.1314279999999999,1.415743
1.1303539999999999,1.414868
1.129279,1.414868
1.128205,1.414868
1.12713,1.413556
1.126056,1.413556
1.124981,1.413993
1.123907,1.4126809999999999
1.122832,1.4131179999999999
1.121758,1.4126809999999999
1.1206829999999999,1.411806
1.1196089999999999,1.4126809999999999
1.118534,1.411806
1.11746,1.410931
1.116385,1.412243
1.115311,1.410931
1.114236,1.410056
1.113162,1.410931
1.112087,1.4091809999999998
1.111013,1.4091809999999998
1.1099379999999999,1.4096179999999998
1.1088639999999998,1.4087429999999999
1.107789,1.4091809999999998
1.106715,1.4087429999999999
1.1056409999999999,1.4078680000000001
1.104566,1.4083059999999998
1.103492,1.4074309999999999
1.102417,1.4069930000000002
1.101343,1.4078680000000001
1.100268,1.4065560000000001
1.099194,1.406118
1.0981189999999998,1.4065560000000001
1.097045,1.405243
1.0959699999999999,1.405681
1.0948959999999999,1.405681
1.093821,1.404368
1.092747,1.404806
1.091672,1.404806
1.090598,1.403493
1.089523,1.404368
1.088449,1.403931
1.0873739999999998,1.403056
1.0863,1.403931
1.0852249999999999,1.399993
1.0841509999999999,1.370681
1.083076,1.3509939999999998
1.082002,1.330869
1.080927,1.310744
1.079853,1.291056
1.078778,1.271369
1.077704,1.2516809999999998
1.076629,1.232869
1.075555,1.212744
1.074481,1.194369
1.0734059999999999,1.175994
1.0723319999999998,1.156744
1.071257,1.138807
1.0701829999999999,1.1204319999999999
1.069108,1.1020569999999998
1.068034,1.0849950000000002
1.066959,1.06662
1.065885,1.04912
1.06481,1.03162
1.063736,1.0149949999999999
1.0626609999999999,0.997495
1.061587,0.981745
1.060512,0.964683
1.0594379999999999,0.948495
1.058363,0.93187
1.057289,0.91612
1.056214,0.899933
1.05514,0.884621
1.054065,0.868871
1.052991,0.8535579999999999
1.0519159999999999,0.838683
1.050842,0.823371
1.049767,0.809371
1.0486929999999999,0.794496
1.047618,0.779621
1.046544,0.766059
1.04547,0.752059
1.044395,0.737621
1.043321,0.724059
1.042246,0.7109340000000001
1.041172,0.6973710000000001
1.040097,0.6842459999999999
1.039023,0.671121
1.0379479999999999,0.658434
1.0368739999999999,0.645747
1.035799,0.6330589999999999
1.034725,0.6208089999999999
1.03365,0.608997
1.032576,0.5967469999999999
1.031501,0.585372
1.030427,0.5731219999999999
1.029352,0.561747
1.028278,0.5508099999999999
1.0272029999999999,0.539435
1.0261289999999998,0.5289349999999999
1.025054,0.5179969999999999
1.02398,0.5070600000000001
1.022905,0.49656
1.021831,0.48605999999999994
1.020756,0.475997
1.019682,0.466372
1.018608,0.45587199999999994
1.017533,0.446685
1.016459,0.437498
1.015384,0.427873
1.01431,0.418685
1.0132349999999999,0.409935
1.0121609999999999,0.400748
1.011086,0.39243500000000003
1.010012,0.384123
1.008937,0.37581
1.007863,0.367498
1.006788,0.359185
1.005714,0.350873
1.004639,0.343435
1.003565,0.33599799999999996
1.0024899999999999,0.328561
1.0014159999999999,0.321123
1.000341,0.314123
0.9992669999999999,0.307123
0.998192,0.300123
0.997118,0.293123
0.9960429999999999,0.28656099999999995
0.994969,0.28043599999999996
0.9938939999999999,0.273873
0.9928199999999999,0.267311
0.991745,0.26118600000000003
0.990671,0.255061
0.989597,0.24937299999999998
0.9885219999999999,0.24368599999999999
0.987448,0.237998
0.9863729999999999,0.23274799999999998
0.9852989999999999,0.22706099999999999
0.984224,0.221811
0.98315,0.216999
0.9820749999999999,0.211749
0.9810009999999999,0.206499
0.979926,0.201686
0.9788519999999999,0.196874
0.977777,0.192499
0.976703,0.18812399999999999
0.9756279999999999,0.182874
0.9745539999999999,0.178936
0.973479,0.174561
0.972405,0.17018599999999998
0.9713299999999999,0.166249
0.970256,0.162311
0.969181,0.158374
0.9681069999999999,0.15487399999999998
0.967032,0.150936
0.965958,0.14699900000000002
0.9648829999999999,0.14349900000000002
0.9638089999999999,0.139999
0.962735,0.136499
0.96166,0.13299899999999998
0.9605859999999999,0.12949899999999998
0.959511,0.12643600000000002
0.958437,0.123374
0.9573619999999999,0.120311
0.9562879999999999,0.117686
0.955213,0.114186
0.954139,0.11156200000000001
0.9530639999999999,0.10893699999999999
0.95199,0.105874
0.950915,0.102812
0.9498409999999999,0.100187
0.948766,0.09799956800000001
0.947692,0.09493708000000001
0.9466169999999999,0.09274958400000001
0.9455429999999999,0.09012460000000001
0.944468,0.08793711200000001
0.943394,0.085968368
0.9423189999999999,0.083562128
0.941245,0.08115588800000001
0.94017,0.07918714400000001
0.9390959999999999,0.07699965600000001
0.938021,0.07503092
0.936947,0.072843432
0.9358719999999999,0.07109343200000001
0.9347979999999999,0.06934344800000002
0.933724,0.067155952
0.932649,0.06518721200000001
0.9315749999999999,0.06387471600000001
0.9305,0.061905976
0.929426,0.06015598400000001
0.9283509999999999,0.058405992000000004
0.9272769999999999,0.056656
0.926202,0.055343504
0.925128,0.05359351200000001
0.924053,0.052281016
0.922979,0.050749776
0.921904,0.049218532
0.9208299999999999,0.047687288
0.919755,0.046374792000000005
0.918681,0.045062300000000007
0.9176059999999999,0.043749808
0.916532,0.042765436000000004
0.915457,0.041343564000000006
0.914383,0.040140444000000004
0.913308,0.039156076
0.912234,0.03784358
0.9111589999999999,0.03707796
0.9100849999999999,0.035656092
0.90901,0.03467172400000001
0.907936,0.033687352000000004
0.9068609999999999,0.032593606000000004
0.905787,0.03160923400000001
0.904713,0.03073424
0.9036379999999999,0.029859242
0.9025639999999999,0.028874872
0.901489,0.028218626000000004
0.900415,0.027015506
0.8993399999999999,0.026359258
0.898266,0.025812384000000004
0.897191,0.024718642000000002
0.8961169999999999,0.024171768000000003
0.895042,0.023406146000000003
0.893968,0.022640524000000002
0.8928929999999999,0.021984278000000003
0.8918189999999999,0.009900757000000001
0.890744,0.014537536000000002
0.88967,0.015567931000000002
0.8885949999999999,0.015478332000000001
0.887521,0.015080734000000002
0.886446,0.014554336000000001
0.8853719999999999,0.013960738
0.884297,0.01347354
0.883223,0.012907943
0.8821479999999999,0.012375945000000001
0.8810739999999999,0.011905548
0.879999,0.01140155
0.878925,0.010875152
0.8778499999999999,0.010483154000000001
0.876776,0.010035156
0.875702,0.009575958
0.8746269999999999,0.00918396
0.8735529999999999,0.008730362
0.872478,0.008388763
0.871404,0.008024764
0.8703289999999999,0.0076383660000000015
0.869255,0.007291168000000001
0.86818,0.006955169
0.8671059999999999,0.006591171000000001
0.866031,0.006322372000000001
0.864957,0.0059863730000000006
0.8638819999999999,0.005717575000000001
0.8628079999999999,0.005448776000000001
0.861733,0.005112777
0.860659,0.004860778
0.859584,0.004625579
0.85851,0.004317581000000001
0.857435,0.004065582000000001
0.8563609999999999,0.0038303830000000006
0.855286,0.0035559840000000003
0.854212,0.003320785
0.8531369999999999,0.003107986
0.852063,0.002867187
0.850988,0.0026711880000000006
0.849914,0.0024527890000000004
0.8488399999999999,0.00226799
0.847765,0.0020943900000000002
0.846691,0.0018871910000000003
0.8456159999999999,0.001691192
0.844542,0.001528793
0.843467,0.0013327940000000002
0.842393,0.001192794
0.841318,0.001041595
0.840244,0.000873596
0.8391689999999999,0.0007727960000000001
0.8380949999999999,0.000599197
0.83702,0.000436798
0.835946,0.00036399800000000003
0.8348709999999999,0.00020159900000000003
0.833797,6.7199712e-05
0.832722,5.5999750000000005e-06
0.8316479999999999,-0.00013439900000000003
0.830573,-0.00022959800000000002
0.829499,-0.00030239800000000005
0.8284239999999999,-0.00042559800000000007
0.8273499999999999,-0.000515197
0.826275,-0.0006047970000000001
0.825201,-0.0006943960000000001
0.8241259999999999,-0.0007783960000000001
0.823052,-0.0008903960000000001
0.821978,-0.001007995
0.8209029999999999,-0.0010695950000000002
0.8198289999999999,-0.0011871940000000001
0.818754,-0.001304794
0.81768,-0.0013495940000000002
0.8166049999999999,-0.0014727930000000002
0.815531,-0.001511993
0.814456,-0.001590393
0.8133819999999999,-0.001707992
0.812307,-0.0017863920000000001
0.811233,-0.0018311920000000001
0.8101579999999999,-0.0019263910000000004
0.8090839999999999,-0.0019263910000000004
0.808009,-0.0019991910000000004
0.806935,-0.0020943900000000002
0.8058599999999999,-0.00214479
0.804786,-0.00222319
0.803711,-0.0022735900000000002
0.8026369999999999,-0.0022735900000000002
0.801562,-0.0023855890000000005
0.800488,-0.002402389
0.7994129999999999,-0.002430389
0.7983389999999999,-0.0025199890000000003
0.797264,-0.002536788
0.79619,-0.002547988
0.795115,-0.0026263880000000003
0.794041,-0.0026319880000000005
0.792967,-0.002687988
0.7918919999999999,-0.002715988
0.7908179999999999,-0.0027327880000000003
0.789743,-0.0028055870000000004
0.788669,-0.002855987
0.787594,-0.0028783870000000005
0.78652,-0.0029231870000000003
0.785445,-0.0030071860000000002
0.7843709999999999,-0.0029847860000000006
0.783296,-0.0030631860000000003
0.782222,-0.0031135860000000002
0.7811469999999999,-0.003130386
0.780073,-0.003208785
0.778998,-0.003180786
0.777924,-0.003247985
0.776849,-0.003315185
0.775775,-0.0033095850000000003
0.7746999999999999,-0.0033599850000000002
0.7736259999999999,-0.003410385
0.772551,-0.0034047850000000005
0.771477,-0.0034495840000000003
0.7704019999999999,-0.0034887840000000004
0.769328,-0.0034719840000000004
0.768253,-0.0035391840000000003
0.7671789999999999,-0.0035559840000000003
0.766104,-0.003550384
0.76503,-0.003600784
0.7639549999999999,-0.003600784
0.7628809999999999,-0.003600784
0.761807,-0.0036791830000000004
0.760732,-0.0036343840000000005
0.7596579999999999,-0.0036847830000000005
0.758583,-0.0037015830000000005
0.757509,-0.003690383
0.7564339999999999,-0.003707183
0.7553599999999999,-0.003763183
0.754285,-0.0037463830000000007
0.753211,-0.003796783
0.7521359999999999,-0.0038583830000000004
0.751062,-0.0038751830000000004
0.749987,-0.003936782
0.7489129999999999,-0.003936782
0.747838,-0.003959182
0.746764,-0.003998382000000001
0.7456889999999999,-0.004015182
0.7446149999999999,-0.004065582000000001
0.74354,-0.004104782
0.742466,-0.004093582
0.7413909999999999,-0.004138381
0.740317,-0.004166381
0.739242,-0.004166381
0.7381679999999999,-0.0042279810000000004
0.737093,-0.004244781
0.736019,-0.004267181
0.734945,-0.004283981
0.7338699999999999,-0.004272781
0.732796,-0.004289581000000001
0.731721,-0.004351181
0.7306469999999999,-0.004300781
0.729572,-0.004345581
0.728498,-0.00440158
0.7274229999999999,-0.00437918
0.726349,-0.00440718
0.725274,-0.00443518
0.7242,-0.00440718
0.723125,-0.00447438
0.722051,-0.00447438
0.720976,-0.00448558
0.7199019999999999,-0.00451358
0.718827,-0.004541580000000001
0.717753,-0.00458078
0.7166779999999999,-0.004619979
0.715604,-0.004625579
0.714529,-0.004681579
0.713455,-0.004731979000000001
0.71238,-0.004692779
0.711306,-0.004759979
0.710231,-0.004771179
0.7091569999999999,-0.004787979
0.708083,-0.0048439780000000005
0.707008,-0.004866378
0.705934,-0.004849578000000001
0.704859,-0.004922378000000001
0.703785,-0.004933578
0.70271,-0.004905578000000001
0.7016359999999999,-0.004967178
0.700561,-0.004950378
0.699487,-0.005000778000000001
0.6984119999999999,-0.0050231780000000005
0.697338,-0.0050231780000000005
0.696263,-0.0050511770000000004
0.695189,-0.005079177000000001
0.694114,-0.005056777
0.69304,-0.005095977000000001
0.6919649999999999,-0.005123977
0.6908909999999999,-0.005118377
0.689816,-0.005146377000000001
0.688742,-0.005151977
0.6876669999999999,-0.005146377000000001
0.686593,-0.005207977
0.685518,-0.0051967770000000005
0.6844439999999999,-0.0052471770000000004
0.683369,-0.005308776
0.682295,-0.005308776
0.6812199999999999,-0.005375976
0.6801459999999999,-0.005398376000000001
0.679072,-0.005398376000000001
0.677997,-0.005465576000000001
0.6769229999999999,-0.0055103750000000005
0.675848,-0.005515975000000001
0.674774,-0.005566375
0.6736989999999999,-0.005566375
0.6726249999999999,-0.005566375
0.67155,-0.005644775
0.670476,-0.005650375000000001
0.669401,-0.0056895750000000005
0.668327,-0.005739974
0.667252,-0.005711975
0.6661779999999999,-0.005751174
0.665103,-0.005801574
0.664029,-0.005779174
0.6629539999999999,-0.0058295740000000006
0.66188,-0.005857574
0.660805,-0.005851974
0.659731,-0.0059135740000000004
0.658656,-0.005902374000000001
0.657582,-0.005935974
0.656507,-0.005947174
0.6554329999999999,-0.005963973
0.654358,-0.005991973
0.653284,-0.006059173
0.6522089999999999,-0.006064773000000001
0.651135,-0.006087173
0.650061,-0.006143173000000001
0.648986,-0.006126373
0.6479119999999999,-0.006215972
0.646837,-0.006238372000000001
0.645763,-0.006249572000000001
0.6446879999999999,-0.006327972
0.643614,-0.006333572000000001
0.642539,-0.0063727720000000005
0.641465,-0.006445571000000001
0.64039,-0.006462371000000001
0.639316,-0.006456771
0.638241,-0.006535171
0.6371669999999999,-0.006579971
0.636092,-0.006596771000000001
0.635018,-0.006624771000000001
0.6339429999999999,-0.00664717
0.632869,-0.00667517
0.631794,-0.0067199700000000005
0.63072,-0.00673677
0.629645,-0.00678717
0.628571,-0.00680397
0.6274959999999999,-0.006826370000000001
0.6264219999999999,-0.0068655700000000005
0.625347,-0.00685437
0.624273,-0.006893569
0.6231979999999999,-0.006971969000000001
0.622124,-0.006943969000000001
0.62105,-0.006971969000000001
0.6199749999999999,-0.007011169000000001
0.6189009999999999,-0.006999969000000001
0.617826,-0.007089569000000001
0.616752,-0.007128768000000001
0.6156769999999999,-0.007134368
0.614603,-0.007218368
0.613528,-0.007257568000000001
0.6124539999999999,-0.007302368
0.611379,-0.007358367000000001
0.610305,-0.007380767
0.6092299999999999,-0.007425567000000001
0.6081559999999999,-0.007509566000000001
0.607081,-0.007526366
0.606007,-0.007571167000000001
0.604932,-0.0076383660000000015
0.603858,-0.007666366
0.602783,-0.007716766000000001
0.6017089999999999,-0.007744766000000001
0.600634,-0.007778366000000001
0.59956,-0.007884765
0.5984849999999999,-0.007895965000000001
0.597411,-0.007912765
0.596336,-0.007979964
0.595262,-0.007985564
0.5941879999999999,-0.008030365000000001
0.593113,-0.008103164000000001
0.592039,-0.008114364
0.5909639999999999,-0.008159164000000002
0.58989,-0.008215164
0.588815,-0.008215164
0.587741,-0.008282363000000001
0.586666,-0.008332763000000002
0.585592,-0.008321563
0.584517,-0.008399963
0.5834429999999999,-0.008489563
0.582368,-0.008495163
0.581294,-0.008595962
0.5802189999999999,-0.008629562
0.579145,-0.008679962
0.57807,-0.008752761000000001
0.576996,-0.008791961000000001
0.575921,-0.008864761
0.574847,-0.00893756
0.573772,-0.008971161000000002
0.5726979999999999,-0.00903276
0.571623,-0.00909996
0.570549,-0.00913356
0.5694739999999999,-0.009251159
0.5684,-0.009279159
0.567326,-0.009312759000000002
0.566251,-0.009402358
0.5651769999999999,-0.009430359000000001
0.564102,-0.009497558000000001
0.563028,-0.009570358000000001
0.5619529999999999,-0.009598358000000001
0.560879,-0.009659957000000002
0.559804,-0.009743957000000001
0.55873,-0.009771957000000001
0.557655,-0.009833556000000002
0.556581,-0.009895157
0.5555059999999999,-0.009895157
0.5544319999999999,-0.009995956000000002
0.553357,-0.010035156
0.552283,-0.010074356000000001
0.5512079999999999,-0.010163955000000002
0.550134,-0.010191955
0.549059,-0.010253555000000001
0.5479849999999999,-0.010376755000000001
0.54691,-0.010404754
0.545836,-0.010483154000000001
0.5447609999999999,-0.010567153000000001
0.5436869999999999,-0.010623153000000001
0.542612,-0.010740752000000001
0.541538,-0.010819153000000001
0.540463,-0.010880752
0.539389,-0.010981552000000002
0.538314,-0.011065551
0.5372399999999999,-0.011115951
0.5361659999999999,-0.01122235
0.535091,-0.011289551000000002
0.534017,-0.011351150000000003
0.532942,-0.011435150000000002
0.531868,-0.011524749000000003
0.530793,-0.011608749000000002
0.5297189999999999,-0.011715149000000001
0.528644,-0.011748749000000001
0.52757,-0.011860748
0.5264949999999999,-0.011939147
0.525421,-0.011972747
0.524346,-0.012112746
0.523272,-0.012174347
0.522197,-0.012235946000000001
0.521123,-0.012342346000000002
0.520048,-0.012420745
0.5189739999999999,-0.012482345
0.517899,-0.012588744
0.516825,-0.012655945000000002
0.5157499999999999,-0.012756744
0.514676,-0.012879943
0.513601,-0.012941543000000002
0.512527,-0.013053542
0.511452,-0.013187942000000001
0.510378,-0.013249542000000001
0.509304,-0.013389541
0.5082289999999999,-0.013501540000000001
0.507155,-0.013591140000000002
0.50608,-0.01373674
0.505006,-0.013820739000000002
0.503931,-0.013910338
0.502857,-0.014055938
0.501782,-0.014151138
0.5007079999999999,-0.014274337000000002
0.499633,-0.014408736
0.498559,-0.014498336
0.497484,-0.014627136
0.49640999999999996,-0.014739135
0.49533499999999997,-0.014839934
0.49426099999999995,-0.014979934000000002
0.49318599999999996,-0.015075133000000001
0.492112,-0.015192733
0.491037,-0.015321533
0.489963,-0.015455932
0.488888,-0.015539931
0.48781399999999997,-0.015696732
0.486739,-0.015786331000000004
0.48566499999999996,-0.015903929
0.48458999999999997,-0.016055129
0.483516,-0.01613913
0.48244099999999995,-0.016284729
0.481367,-0.016424727000000004
0.48029299999999997,-0.016547928
0.479218,-0.016715927000000002
0.47814399999999996,-0.016872726
0.47706899999999997,-0.016984726000000002
0.475995,-0.017169524000000002
0.47491999999999995,-0.017320724000000003
0.473846,-0.017494322
0.472771,-0.017651122
0.471697,-0.017802322000000002
0.470622,-0.017953522000000003
0.46954799999999997,-0.018177520000000003
0.468473,-0.018306318000000002
0.46739899999999995,-0.018451920000000004
0.46632399999999996,-0.018698318000000002
0.46525,-0.018810318
0.464175,-0.018983916000000003
0.463101,-0.019196716000000003
0.462026,-0.019331114000000003
0.460952,-0.019560714
0.459877,-0.019706314000000003
0.45880299999999996,-0.019896712
0.45772799999999997,-0.020103912
0.456654,-0.020255112000000002
0.45557899999999996,-0.020445510000000004
0.454505,-0.020669508
0.45343,-0.020831908
0.452356,-0.021039106000000002
0.45128199999999996,-0.021235106000000004
0.45020699999999997,-0.021436704
0.449133,-0.021627106000000004
0.44805799999999996,-0.021851104000000003
0.446984,-0.022024704000000003
0.445909,-0.022315902000000002
0.444835,-0.022511902
0.44376,-0.0227359
0.44268599999999997,-0.0230103
0.441611,-0.023228698000000002
0.44053699999999996,-0.023463898
0.43946199999999996,-0.023727094
0.438388,-0.023967894000000003
0.437313,-0.024247892
0.436239,-0.024522292000000005
0.435164,-0.024723890000000002
0.43409,-0.02502069
0.433015,-0.025295088
0.43194099999999996,-0.025535888000000003
0.43086599999999997,-0.025855086000000003
0.429792,-0.026135084000000003
0.42871699999999996,-0.026415084000000002
0.427643,-0.026700682000000003
0.426568,-0.026980680000000003
0.425494,-0.02725508
0.42441999999999996,-0.027574278
0.42334499999999997,-0.027865476
0.422271,-0.028179076
0.42119599999999996,-0.028526274
0.420122,-0.028789474000000002
0.419047,-0.029125472000000003
0.417973,-0.029483870000000002
0.416898,-0.029769468000000004
0.41582399999999997,-0.030083066
0.414749,-0.030441468000000006
0.41367499999999996,-0.030766264000000005
0.41259999999999997,-0.031158262000000003
0.411526,-0.03154466
0.41045099999999995,-0.031914258
0.409377,-0.032323058
0.408302,-0.032703856
0.407228,-0.033101454
0.406153,-0.033538254
0.40507899999999997,-0.033930248
0.404004,-0.034322248
0.40292999999999995,-0.034764648
0.40185499999999996,-0.035229444
0.400781,-0.035694244
0.399706,-0.036114240000000006
0.398632,-0.036590236
0.397557,-0.03701584
0.396483,-0.037503036
0.39540899999999995,-0.037979032
0.39433399999999996,-0.038494228
0.39326,-0.038975828000000004
0.392185,-0.039435028000000004
0.391111,-0.039950224
0.390036,-0.04043182
0.388962,-0.040941420000000006
0.387887,-0.04146222
0.38681299999999996,-0.041949416
0.38573799999999997,-0.04247021200000001
0.384664,-0.042979812000000006
0.38358899999999996,-0.043467008
0.382515,-0.043959804
0.38144,-0.044441404000000004
0.380366,-0.044872604
0.379291,-0.045371
0.37821699999999997,-0.04577980000000001
0.377142,-0.046233396
0.37606799999999996,-0.04668699600000001
0.37499299999999997,-0.04705099200000001
0.373919,-0.047437392
0.372844,-0.047834992
0.37177,-0.048193388000000004
0.370695,-0.048551788000000005
0.369621,-0.048898984
0.368546,-0.049195784000000006
0.36747199999999997,-0.050749776
0.366398,-0.051515396000000005
0.365323,-0.051952896000000005
0.364249,-0.053046640000000006
0.363174,-0.053702888000000004
0.3621,-0.054468508000000006
0.361025,-0.055562252000000006
0.35995099999999997,-0.056546624000000004
0.358876,-0.057312244000000005
0.357802,-0.058405992000000004
0.35672699999999996,-0.059499736000000004
0.355653,-0.06026536
0.354578,-0.06146848
0.353504,-0.062452852
0.352429,-0.06354659600000001
0.351355,-0.06453096000000001
0.35028,-0.065515332
0.34920599999999996,-0.06682782400000001
0.34813099999999997,-0.068140328
0.347057,-0.06923407200000001
0.345982,-0.07043719200000001
0.344908,-0.07174968000000001
0.343833,-0.072843432
0.342759,-0.074374672
0.341684,-0.07579653600000001
0.34060999999999997,-0.07710903200000001
0.339536,-0.07864028
0.338461,-0.07984340000000001
0.337387,-0.08148400800000001
0.336312,-0.08301525600000001
0.335238,-0.08454649600000001
0.334163,-0.086296496
0.33308899999999997,-0.087827736
0.332014,-0.08946835200000001
0.33094,-0.09132772000000001
0.32986499999999996,-0.093077712
0.328791,-0.09460896
0.327716,-0.09679644800000001
0.326642,-0.09865580800000001
0.325567,-0.100624
0.324493,-0.102702
0.323418,-0.10478
0.32234399999999996,-0.10664
0.32126899999999997,-0.10904599999999999
0.320195,-0.111124
0.31911999999999996,-0.11364
0.318046,-0.116046
0.316971,-0.118343
0.315897,-0.12085800000000001
0.314822,-0.123374
0.31374799999999997,-0.125999
0.312673,-0.12884299999999999
0.31159899999999996,-0.131468
0.310525,-0.134421
0.30945,-0.137483
0.308376,-0.140327
0.307301,-0.14349900000000002
0.30622699999999997,-0.14699900000000002
0.305152,-0.149952
0.30407799999999996,-0.153561
0.30300299999999997,-0.157061
0.301929,-0.160671
0.300854,-0.164499
0.29978,-0.16843599999999997
0.298705,-0.172155
0.297631,-0.176421
0.296556,-0.180577
0.29548199999999997,-0.18473299999999998
0.294407,-0.189546
0.293333,-0.193921
0.29225799999999996,-0.198842
0.291184,-0.203874
0.290109,-0.208905
0.289035,-0.21437399999999998
0.28796,-0.21984199999999998
0.286886,-0.225311
0.285811,-0.231108
0.28473699999999996,-0.237123
0.283663,-0.24346700000000002
0.282588,-0.24992
0.281514,-0.256701
0.280439,-0.263592
0.279365,-0.27092
0.27829,-0.278467
0.27721599999999996,-0.286123
0.27614099999999997,-0.294436
0.275067,-0.302639
0.273992,-0.311717
0.272918,-0.32090399999999997
0.271843,-0.33042
0.270769,-0.340264
0.269694,-0.350545
0.26861999999999997,-0.361373
0.267545,-0.372857
0.266471,-0.38467
0.26539599999999997,-0.39692
0.264322,-0.40971599999999997
0.263247,-0.42327899999999996
0.262173,-0.43760699999999997
0.261098,-0.45259099999999997
0.260024,-0.468013
0.258949,-0.48463799999999996
0.25787499999999997,-0.50181
0.2568,-0.520075
0.255726,-0.5396529999999999
0.254652,-0.560435
0.253577,-0.5820909999999999
0.252503,-0.605716
0.251428,-0.630872
0.25035399999999997,-0.657778
0.249279,-0.686871
0.24820499999999998,-0.718153
0.24713,-0.751949
0.246056,-0.7883709999999999
0.24498099999999998,-0.827199
0.24390699999999998,-0.868543
0.242832,-0.911855
0.241758,-0.9568079999999999
0.24068299999999998,-1.005589
0.239609,-1.0541509999999998
0.238534,-1.103807
0.23745999999999998,-1.1552129999999998
0.23638499999999998,-1.207275
0.235311,-1.261306
0.234236,-1.3175249999999998
0.23316199999999998,-1.3748369999999999
0.232087,-1.435212
0.231013,-1.498212
0.22993799999999998,-1.562742
0.22886399999999998,-1.630336
0.227789,-1.7009919999999998
0.226715,-1.7736169999999998
0.22564099999999998,-1.8493039999999998
0.224566,-1.927616
0.223492,-2.011178
0.222417,-2.094303
0.22134299999999998,-2.180052
0.220268,-2.268427
0.219194,-2.3589890000000002
0.21811899999999998,-2.451301
0.217045,-2.545801
0.21597,-2.64205
0.214896,-2.7383
0.21382099999999998,-2.836299
0.212747,-2.9347359999999996
0.211672,-3.034049
0.21059799999999998,-3.132923
0.209523,-3.2309229999999998
0.208449,-3.3267349999999998
0.207374,-3.421672
0.20629999999999998,-3.5122340000000003
0.205225,-3.599296
0.204151,-3.679358
0.20307599999999998,-3.751983
0.202002,-3.8162949999999998
0.200927,-3.871857
0.199853,-3.920857
0.19877799999999998,-3.9567319999999997
0.197704,-3.9821069999999996
0.19663,-3.997857
0.19555499999999998,-4.003107
0.194481,-3.996982
0.193406,-3.9794819999999995
0.192332,-3.9506069999999998
0.19125699999999998,-3.9094819999999997
0.190183,-3.8569819999999995
0.189108,-3.793983
0.18803399999999998,-3.7196079999999996
0.186959,-3.635608
0.185885,-3.542859
0.18481,-3.4387339999999997
0.18373599999999998,-3.3284849999999997
0.182661,-3.209485
0.181587,-3.0852359999999996
0.18051199999999998,-2.955736
0.179438,-2.820112
0.178363,-2.6818630000000003
0.177289,-2.540988
0.17621399999999998,-2.3974889999999998
0.17514,-2.25399
0.174065,-2.1113649999999997
0.172991,-1.9687409999999999
0.17191599999999999,-1.828741
0.170842,-1.693992
0.169768,-1.560118
0.16869299999999998,-1.432368
0.167619,-1.308994
0.166544,-1.191744
0.16547,-1.08237
0.16439499999999999,-0.97912
0.163321,-0.884621
0.162246,-0.796246
0.16117199999999998,-0.717496
0.160097,-0.644872
0.159023,-0.581872
0.157948,-0.5249969999999999
0.15687399999999999,-0.475122
0.155799,-0.433123
0.154725,-0.395498
0.15364999999999998,-0.36312300000000003
0.152576,-0.33512299999999995
0.151501,-0.310623
0.150427,-0.29049800000000003
0.14935199999999998,-0.272123
0.148278,-0.25637299999999996
0.147203,-0.242373
0.14612899999999998,-0.230123
0.145054,-0.218749
0.14398,-0.20912399999999998
0.142905,-0.200374
0.14183099999999998,-0.192499
0.140757,-0.185499
0.139682,-0.178499
0.13860799999999998,-0.173249
0.137533,-0.167124
0.136459,-0.162311
0.135384,-0.157499
0.13430999999999998,-0.15312399999999998
0.133235,-0.148749
0.132161,-0.144811
0.13108599999999998,-0.141311
0.130012,-0.138249
0.128937,-0.135186
0.127863,-0.13256099999999998
0.12678799999999998,-0.12949899999999998
0.125714,-0.127311
0.124639,-0.125124
0.123565,-0.122499
0.12248999999999999,-0.120311
0.121416,-0.118999
0.12034099999999999,-0.11637399999999999
0.119267,-0.115061
0.11819199999999999,-0.113311
0.117118,-0.11156200000000001
0.116043,-0.110249
0.11496899999999999,-0.108499
0.113894,-0.10718699999999999
0.11281999999999999,-0.10631199999999999
0.111746,-0.104999
0.11067099999999999,-0.104124
0.109597,-0.102812
0.108522,-0.101499
0.107448,-0.100624
0.106373,-0.09931205600000001
0.10529899999999999,-0.09887456800000001
0.104224,-0.098437064
0.10314999999999999,-0.09712456800000001
0.102075,-0.09624956800000001
0.101001,-0.09581207200000001
0.099926736,-0.09493708000000001
0.098852256,-0.09449958400000001
0.09777777600000001,-0.09362458400000001
0.09670329600000001,-0.092968336
0.095628816,-0.09274958400000001
0.094554336,-0.09209334400000001
0.093479848,-0.09165584000000002
0.092405368,-0.09099960000000001
0.09133089600000001,-0.09034335200000002
0.09025640800000001,-0.089905856
0.08918192800000001,-0.089905856
0.088107448,-0.089030856
0.087032968,-0.088812104
0.08595848,-0.088155856
0.084884,-0.08793711200000001
0.08380952800000001,-0.08793711200000001
0.08273504000000001,-0.087280856
0.08166056000000001,-0.086843368
0.08058607200000001,-0.086843368
0.0795116,-0.08640587200000001
0.07843712,-0.085968368
0.077362632,-0.08618711200000001
0.07628816000000001,-0.08553087200000001
0.07521367200000001,-0.08487462400000001
0.074139192,-0.08531212
0.073064712,-0.085093368
0.071990232,-0.08487462400000001
0.070915752,-0.08487462400000001
0.069841264,-0.084437128
0.068766784,-0.084437128
0.067692312,-0.08465587200000001
0.066617824,-0.08421837600000001
0.065543348,-0.084437128
0.06446886,-0.08421837600000001
0.063394384,-0.08421837600000001
0.062319900000000004,-0.08487462400000001
0.06124542,-0.084437128
0.060170940000000006,-0.08465587200000001
0.05909646,-0.085093368
0.058021976,-0.08465587200000001
0.056947496,-0.08487462400000001
0.055873016000000005,-0.085093368
0.054798532000000004,-0.085093368
0.053724056000000006,-0.08531212
0.052649572000000006,-0.08553087200000001
0.051575092,-0.08531212
0.050500608,-0.08553087200000001
0.049426128,-0.085968368
0.048351648000000004,-0.08553087200000001
0.047277168,-0.08618711200000001
0.046202684,-0.085968368
0.045128204000000005,-0.08618711200000001
0.044053724,-0.086624616
0.04297924,-0.08640587200000001
0.041904764000000004,-0.086624616
0.040830280000000004,-0.086843368
0.0397558,-0.086624616
0.038681316,-0.086843368
0.037606836000000005,-0.08706211200000001
0.036532356,-0.086843368
0.035457876,-0.087280856
0.034383392,-0.087280856
0.033308912,-0.087280856
0.03223443,-0.087280856
0.031159950000000002,-0.087280856
0.030085470000000003,-0.087280856
0.029010988,-0.08793711200000001
0.027936508000000002,-0.08771836
0.026862028000000003,-0.08793711200000001
0.025787546,-0.08771836
0.024713064,-0.087499616
0.023638584,-0.08771836
0.022564102000000003,-0.08771836
0.02148962,-0.087499616
0.020415140000000002,-0.087499616
0.019340658,-0.087499616
0.018266178,-0.087280856
0.017191696,-0.08706211200000001
0.016117215,-0.086624616
0.015042735000000002,-0.086624616
0.013968254000000001,-0.086624616
0.012893773,-0.086624616
0.011819292,-0.085749616
0.01074481,-0.08618711200000001
0.009670329,-0.08553087200000001
0.008595848,-0.08553087200000001
0.007521367,-0.085093368
0.006446886000000001,-0.085093368
0.005372405,-0.08487462400000001
0.004297924,-0.08421837600000001
0.0032234430000000003,-0.08399963200000002
0.002148962,-0.08399963200000002
0.001074481,-0.083343384
0.0,-0.08290588800000001
-0.001074481,-0.083124632
-0.002148962,-0.08268712800000001
-0.0032234430000000003,-0.08203088800000001
-0.004297924,-0.08203088800000001
-0.005372405,-0.081593384
-0.006446886000000001,-0.08137464
-0.007521367,-0.08115588800000001
-0.008595848,-0.08049964
-0.009670329,-0.080718392
-0.01074481,-0.08006214400000002
-0.011819292,-0.079624648
-0.012893773,-0.079405896
-0.013968254000000001,-0.07918714400000001
-0.015042735000000002,-0.078312152
-0.016117215,-0.078749648
-0.017191696,-0.07809340000000001
-0.018266178,-0.07787465600000001
-0.019340658,-0.07743716
-0.020415140000000002,-0.07699965600000001
-0.02148962,-0.076780904
-0.022564102000000003,-0.07634341600000001
-0.023638584,-0.076124664
-0.024713064,-0.075905912
-0.025787546,-0.07546841600000001
-0.026862028000000003,-0.07503092
-0.027936508000000002,-0.07503092
-0.029010988,-0.07415592
-0.030085470000000003,-0.073718424
-0.031159950000000002,-0.073718424
-0.03223443,-0.07328092000000001
-0.033308912,-0.072843432
-0.034383392,-0.072843432
-0.035457876,-0.072187176
-0.036532356,-0.071968432
-0.037606836000000005,-0.071968432
-0.038681316,-0.07109343200000001
-0.0397558,-0.071530936
-0.040830280000000004,-0.070874688
-0.041904764000000004,-0.07043719200000001
-0.04297924,-0.07043719200000001
-0.044053724,-0.07021843200000001
-0.045128204000000005,-0.069780936
-0.046202684,-0.069999688
-0.047277168,-0.06912468800000002
-0.048351648000000004,-0.06868719200000001
-0.049426128,-0.06934344800000002
-0.050500608,-0.06846844800000002
-0.051575092,-0.06846844800000002
-0.052649572000000006,-0.068030952
-0.053724056000000006,-0.06737470400000001
-0.054798532000000004,-0.06693720400000001
-0.055873016000000005,-0.067155952
-0.056947496,-0.066280956
-0.058021976,-0.066499704
-0.05909646,-0.066280956
-0.060170940000000006,-0.065624704
-0.06124542,-0.065624704
-0.062319900000000004,-0.06540596000000001
-0.063394384,-0.064968464
-0.06446886,-0.064968464
-0.065543348,-0.06453096000000001
-0.066617824,-0.06431221200000001
-0.067692312,-0.06431221200000001
-0.068766784,-0.06365596800000001
-0.069841264,-0.064093464
-0.070915752,-0.06387471600000001
-0.071990232,-0.06321846800000001
-0.073064712,-0.06343722
-0.074139192,-0.062780972
-0.07521367200000001,-0.062562224
-0.07628816000000001,-0.06321846800000001
-0.077362632,-0.06234347600000001
-0.07843712,-0.06212472
-0.0795116,-0.06212472
-0.08058607200000001,-0.061905976
-0.08166056000000001,-0.06146848
-0.08273504000000001,-0.06168722800000001
-0.08380952800000001,-0.061249732
-0.084884,-0.06168722800000001
-0.08595848,-0.06103097600000001
-0.087032968,-0.06081222800000001
-0.088107448,-0.06081222800000001
-0.08918192800000001,-0.06059348
-0.09025640800000001,-0.059718484
-0.09133089600000001,-0.06015598400000001
-0.092405368,-0.060374732
-0.093479848,-0.059718484
-0.094554336,-0.05993723200000001
-0.095628816,-0.059062236000000004
-0.09670329600000001,-0.059499736000000004
-0.09777777600000001,-0.059280988
-0.098852256,-0.05862474000000001
-0.099926736,-0.058187244
-0.101001,-0.058187244
-0.102075,-0.057968492
-0.10314999999999999,-0.057968492
-0.104224,-0.058405992000000004
-0.10529899999999999,-0.057312244000000005
-0.106373,-0.057968492
-0.107448,-0.057312244000000005
-0.108522,-0.05709349600000001
-0.109597,-0.05753099600000001
-0.11067099999999999,-0.056874748
-0.111746,-0.05643725200000001
-0.11281999999999999,-0.05709349600000001
-0.113894,-0.056874748
-0.11496899999999999,-0.056874748
-0.116043,-0.05709349600000001
-0.117118,-0.056218500000000005
-0.11819199999999999,-0.05599975200000001
-0.119267,-0.056218500000000005
-0.12034099999999999,-0.055562252000000006
-0.121416,-0.055562252000000006
-0.12248999999999999,-0.055562252000000006
-0.123565,-0.05468726
-0.124639,-0.055562252000000006
-0.125714,-0.055124752000000006
-0.12678799999999998,-0.055343504
-0.127863,-0.055343504
-0.128937,-0.054906008000000006
-0.130012,-0.054468508000000006
-0.13108599999999998,-0.054468508000000006
-0.132161,-0.05381226
-0.133235,-0.054468508000000006
-0.13430999999999998,-0.05381226
-0.135384,-0.054031012
-0.136459,-0.05337476
-0.137533,-0.052937268
-0.13860799999999998,-0.05359351200000001
-0.139682,-0.05381226
-0.140757,-0.05315601200000001
-0.14183099999999998,-0.05249976800000001
-0.142905,-0.052718516
-0.14398,-0.05249976800000001
-0.145054,-0.05249976800000001
-0.14612899999999998,-0.05249976800000001
-0.147203,-0.052718516
-0.148278,-0.05162476800000001
-0.14935199999999998,-0.052281016
-0.150427,-0.05206226800000001
-0.151501,-0.05206226800000001
-0.152576,-0.052937268
-0.15364999999999998,-0.052281016
-0.154725,-0.05206226800000001
-0.155799,-0.052281016
-0.15687399999999999,-0.051843520000000004
-0.157948,-0.051406020000000004
-0.159023,-0.051406020000000004
-0.160097,-0.051187276000000004
-0.16117199999999998,-0.051187276000000004
-0.162246,-0.051187276000000004
-0.163321,-0.051406020000000004
-0.16439499999999999,-0.050749776
-0.16547,-0.050312276
-0.166544,-0.050749776
-0.167619,-0.049437284000000005
-0.16869299999999998,-0.050093528000000005
-0.169768,-0.050093528000000005
-0.170842,-0.050093528000000005
-0.17191599999999999,-0.049656028000000005
-0.172991,-0.051406020000000004
-0.174065,-0.049437284000000005
-0.17514,-0.049437284000000005
-0.17621399999999998,-0.049656028000000005
-0.177289,-0.048781032
-0.178363,-0.048999784000000005
-0.179438,-0.049218532
-0.18051199999999998,-0.049437284000000005
-0.181587,-0.048781032
-0.182661,-0.049437284000000005
-0.18373599999999998,-0.049218532
-0.18481,-0.049874776
-0.185885,-0.048562284000000004
-0.186959,-0.048343536000000006
-0.18803399999999998,-0.048781032
-0.189108,-0.048562284000000004
-0.190183,-0.048343536000000006
-0.19125699999999998,-0.048343536000000006
-0.192332,-0.047468540000000004
-0.193406,-0.048562284000000004
-0.194481,-0.048562284000000004
-0.19555499999999998,-0.047468540000000004
-0.19663,-0.048124784000000004
-0.197704,-0.047468540000000004
-0.19877799999999998,-0.047249792000000006
-0.199853,-0.048343536000000006
-0.19877799999999998,-0.039374824
-0.197704,-0.035874840000000005
-0.19663,-0.034124848
-0.19555499999999998,-0.031937358000000006
-0.194481,-0.030952988
-0.193406,-0.030406114000000005
-0.192332,-0.029749868000000002
-0.19125699999999998,-0.029968616000000003
-0.190183,-0.028984246
-0.189108,-0.028109250000000002
-0.18803399999999998,-0.028218626000000004
-0.186959,-0.027671752
-0.185885,-0.02734363
-0.18481,-0.026249884000000005
-0.18373599999999998,-0.026140508
-0.182661,-0.026140508
-0.181587,-0.025703010000000002
-0.18051199999999998,-0.025484262000000004
-0.179438,-0.024718642000000002
-0.178363,-0.025156138
-0.177289,-0.025046764000000003
-0.17621399999999998,-0.025046764000000003
-0.17514,-0.024390516
-0.174065,-0.023734270000000002
-0.172991,-0.024062392000000002
-0.17191599999999999,-0.023843644
-0.170842,-0.023296772
-0.169768,-0.02351552
-0.16869299999999998,-0.02351552
-0.167619,-0.000582397
-0.166544,-0.003247985
-0.16547,-0.003796783
-0.16439499999999999,-0.004031982
-0.163321,-0.0037463830000000007
-0.162246,-0.003533584
-0.16117199999999998,-0.0035055840000000004
-0.160097,-0.0032927850000000003
-0.159023,-0.0030855860000000004
-0.157948,-0.003107986
-0.15687399999999999,-0.002727188
-0.155799,-0.0026319880000000005
-0.154725,-0.0024527890000000004
-0.15364999999999998,-0.00226239
-0.152576,-0.00229039
-0.151501,-0.00216159
-0.150427,-0.001976791
-0.14935199999999998,-0.0018703910000000001
-0.148278,-0.001825592
-0.147203,-0.001640792
-0.14612899999999998,-0.0015623930000000002
-0.145054,-0.001478393
-0.14398,-0.0014055930000000001
-0.142905,-0.0013159940000000002
-0.14183099999999998,-0.0011367950000000001
-0.140757,-0.001181594
-0.139682,-0.001164794
-0.13860799999999998,-0.001041595
-0.137533,-0.0009967950000000002
-0.136459,-0.0007951960000000001
-0.135384,-0.0006663970000000001
-0.13430999999999998,-0.0005935970000000001
-0.133235,-0.00032479800000000006
-0.132161,-0.000223999
-0.13108599999999998,-9.5199592e-05
-0.130012,0.00011759900000000001
-0.128937,0.000139999
-0.127863,0.00030239800000000005
-0.12678799999999998,0.000498397
-0.125714,0.000716796
-0.124639,0.0007615960000000001
-0.123565,0.000873596
-0.12248999999999999,0.0009967950000000002
-0.121416,0.001041595
-0.12034099999999999,0.001265594
-0.119267,0.0012599940000000002
-0.11819199999999999,0.001461593
-0.117118,0.0015847930000000001
-0.116043,0.0015679930000000002
-0.11496899999999999,0.001707992
-0.113894,0.0017135920000000001
-0.11281999999999999,0.001791992
-0.111746,0.0019151910000000001
-0.11067099999999999,0.001987991
-0.109597,0.001954391
-0.108522,0.00207199
-0.107448,0.00212239
-0.106373,0.0021671900000000003
-0.10529899999999999,0.0022847900000000005
-0.104224,0.00222879
-0.10314999999999999,0.002329589
-0.102075,0.0026767880000000003
-0.101001,0.0026263880000000003
-0.099926736,0.0027383880000000005
-0.098852256,0.0028783870000000005
-0.09777777600000001,0.0029455870000000004
-0.09670329600000001,0.003074386
-0.095628816,0.003197586
-0.094554336,0.003337585
-0.093479848,0.003455184
-0.092405368,0.003527984
-0.09133089600000001,0.003623184
-0.09025640800000001,0.0037407830000000006
-0.08918192800000001,0.003796783
-0.088107448,0.0038583830000000004
-0.087032968,0.0040543820000000005
-0.08595848,0.004082382
-0.084884,0.0041607810000000005
-0.08380952800000001,0.004183181
-0.08273504000000001,0.004171981000000001
-0.08166056000000001,0.0043567810000000005
-0.08058607200000001,0.00444638
-0.0795116,0.004339981
-0.07843712,0.004575180000000001
-0.077362632,0.00453598
-0.07628816000000001,0.00448558
-0.07521367200000001,0.004608779
-0.074139192,0.004625579
-0.073064712,0.004642379
-0.071990232,0.004709579
-0.070915752,0.00459198
-0.069841264,0.004681579
-0.068766784,0.004698379
-0.067692312,0.004771179
-0.066617824,0.004832778
-0.065543348,0.004815979000000001
-0.06446886,0.004944778
-0.063394384,0.005034378
-0.062319900000000004,0.005135177
-0.06124542,0.005235977000000001
-0.060170940000000006,0.005359176
-0.05909646,0.005398376000000001
-0.058021976,0.005482376000000001
-0.056947496,0.005655975000000001
-0.055873016000000005,0.005667175000000001
-0.054798532000000004,0.005767974
-0.053724056000000006,0.005907974000000001
-0.052649572000000006,0.005891174000000001
-0.051575092,0.005969573000000001
-0.050500608,0.006137573
-0.049426128,0.006131973000000001
-0.048351648000000004,0.0062271720000000004
-0.047277168,0.0061935720000000005
-0.046202684,0.006238372000000001
-0.045128204000000005,0.0063391720000000006
-0.044053724,0.006333572000000001
-0.04297924,0.0064063720000000005
-0.041904764000000004,0.006445571000000001
-0.040830280000000004,0.006456771
-0.0397558,0.006473571
-0.038681316,0.006551971
-0.037606836000000005,0.006490371000000001
-0.036532356,0.006574371000000001
-0.035457876,0.0066527700000000006
-0.034383392,0.006596771000000001
-0.033308912,0.006893569
-0.03223443,0.00685997
-0.031159950000000002,0.006915969000000001
-0.030085470000000003,0.0070559690000000005
-0.029010988,0.007100768
-0.027936508000000002,0.007184768000000001
-0.026862028000000003,0.007324768000000001
-0.025787546,0.0073527670000000005
-0.024713064,0.007487166000000001
-0.023638584,0.007520766
-0.022564102000000003,0.007559966
-0.02148962,0.0077223660000000005
-0.020415140000000002,0.007744766000000001
-0.019340658,0.007772766000000001
-0.018266178,0.007979964
-0.017191696,0.008063965000000001
-0.016117215,0.008080764
-0.015042735000000002,0.008080764
-0.013968254000000001,0.008086364
-0.012893773,0.008203964000000001
-0.011819292,0.008259963
-0.01074481,0.008287963
-0.009670329,0.008332763000000002
-0.008595848,0.008399963
-0.007521367,0.008355163
-0.006446886000000001,0.008427963
-0.005372405,0.008489563
-0.004297924,0.008472762000000002
-0.0032234430000000003,0.008528763
-0.002148962,0.008483962000000001
-0.001074481,0.008478362000000001
0.0,0.008775161
0.001074481,0.008679962
0.002148962,0.008719162
0.0032234430000000003,0.008853561
0.004297924,0.008875961
0.005372405,0.00904956
0.006446886000000001,0.00917836
0.007521367,0.009228759
0.008595848,0.009335158999999999
0.009670329,0.009542358
0.01074481,0.009587158
0.011819292,0.009715957
0.012893773,0.009822356
0.013968254000000001,0.009816756000000001
0.015042735000000002,0.009934357000000001
0.016117215,0.009951156000000001
0.017191696,0.010063156
0.018266178,0.010309554
0.019340658,0.010253555000000001
0.020415140000000002,0.010382355000000001
0.02148962,0.010432754
0.022564102000000003,0.010432754
0.023638584,0.010488754000000001
0.024713064,0.010606353
0.025787546,0.010589553
0.026862028000000003,0.010796753000000001
0.027936508000000002,0.010757552
0.029010988,0.010774352000000001
0.030085470000000003,0.010947952
0.031159950000000002,0.010886352
0.03223443,0.010919952
0.033308912,0.011048751
0.034383392,0.011183150000000001
0.035457876,0.011205550000000002
0.036532356,0.011334350000000002
0.037606836000000005,0.011328750000000002
0.038681316,0.011502349000000002
0.0397558,0.011647948000000002
0.040830280000000004,0.011647948000000002
0.041904764000000004,0.011860748
0.04297924,0.011927947000000001
0.044053724,0.011989547000000001
0.045128204000000005,0.012191147000000001
0.046202684,0.012196747
0.047277168,0.012280746
0.048351648000000004,0.012415145
0.049426128,0.012437545000000001
0.050500608,0.012627945000000002
0.051575092,0.012723144
0.052649572000000006,0.012689544000000002
0.053724056000000006,0.012801544000000002
0.054798532000000004,0.012935943
0.055873016000000005,0.012947143000000001
0.056947496,0.013042342000000002
0.058021976,0.013137542
0.05909646,0.013092743
0.060170940000000006,0.013266342
0.06124542,0.013266342
0.062319900000000004,0.013260742
0.063394384,0.013439941
0.06446886,0.013389541
0.065543348,0.01344554
0.066617824,0.013568741
0.067692312,0.013518340000000002
0.068766784,0.01370874
0.069841264,0.013747939
0.070915752,0.013747939
0.071990232,0.013904738
0.073064712,0.013977538000000001
0.074139192,0.014067138
0.07521367200000001,0.014274337000000002
0.07628816000000001,0.014403136
0.077362632,0.014425536000000001
0.07843712,0.014655135000000001
0.0795116,0.014711135000000002
0.08058607200000001,0.014834334000000001
0.08166056000000001,0.014996733000000003
0.08273504000000001,0.015030333
0.08380952800000001,0.015114333000000002
0.084884,0.015226333
0.08595848,0.015321533
0.087032968,0.015483931000000003
0.088107448,0.015623931000000002
0.08918192800000001,0.015651932
0.09025640800000001,0.015791930000000003
0.09133089600000001,0.015819931
0.092405368,0.01588713
0.093479848,0.016032729000000003
0.094554336,0.016060730000000002
0.095628816,0.016155929
0.09670329600000001,0.016335127
0.09777777600000001,0.016312728000000002
0.098852256,0.016447127000000002
0.099926736,0.016497527
0.101001,0.016542327000000003
0.102075,0.016693527000000003
0.10314999999999999,0.016867126000000003
0.104224,0.016878324
0.10529899999999999,0.017074324000000002
0.106373,0.017119124000000003
0.107448,0.017225524000000002
0.108522,0.017432724000000004
0.109597,0.017449524
0.11067099999999999,0.017634322
0.111746,0.01780792
0.11281999999999999,0.01780792
0.113894,0.01797032
0.11496899999999999,0.01807672
0.116043,0.01810472
0.117118,0.018239118
0.11819199999999999,0.01836792
0.119267,0.018390318
0.12034099999999999,0.018530318
0.121416,0.018547118
0.12248999999999999,0.018580718000000003
0.123565,0.018653518
0.124639,0.018636718000000004
0.125714,0.018731918000000004
0.12678799999999998,0.018810318
0.127863,0.018765518000000002
0.128937,0.018793516
0.130012,0.018799118000000004
0.13108599999999998,0.018804716
0.132161,0.018905518000000003
0.133235,0.018849518000000003
0.13430999999999998,0.018787918000000004
0.135384,0.018815918
0.136459,0.018815918
0.137533,0.018933516
0.13860799999999998,0.018922316
0.139682,0.018877516
0.140757,0.018922316
0.14183099999999998,0.019000716
0.142905,0.019000716
0.14398,0.019135116000000004
0.145054,0.019196716000000003
0.14612899999999998,0.019207916000000002
0.147203,0.019235914
0.148278,0.019392716
0.14935199999999998,0.019364714
0.150427,0.019459914000000002
0.151501,0.019482314000000004
0.152576,0.019471114
0.15364999999999998,0.019510314
0.154725,0.019594314
0.155799,0.019644712
0.15687399999999999,0.019734314
0.157948,0.019706314000000003
0.159023,0.019667112000000004
0.160097,0.019767914
0.16117199999999998,0.019695114000000003
0.162246,0.019734314
0.163321,0.019779114
0.16439499999999999,0.019739914
0.16547,0.019745514000000002
0.166544,0.019767914
0.167619,0.019700712000000002
0.16869299999999998,0.019700712000000002
0.169768,0.019655912
0.170842,0.019566314
0.17191599999999999,0.019706314000000003
0.172991,0.019577514
0.174065,0.019549514
0.17514,0.019594314
0.17621399999999998,0.019487914000000002
0.177289,0.019471114
0.178363,0.019437514000000003
0.179438,0.019291916000000003
0.18051199999999998,0.019303116000000002
0.181587,0.019241516000000004
0.182661,0.019039916
0.18373599999999998,0.018955916
0.18481,0.018771116
0.185885,0.018558318
0.186959,0.018457518
0.18803399999999998,0.018188720000000002
0.189108,0.01803752
0.190183,0.01781912
0.19125699999999998,0.017494322
0.192332,0.017287124
0.193406,0.017051924000000003
0.194481,0.016738327
0.19555499999999998,0.016547928
0.19663,0.016262329000000002
0.197704,0.01593193
0.19877799999999998,0.015713531
0.199853,0.015467132000000001
0.200927,0.015203933
0.202002,0.014979934000000002
0.20307599999999998,0.014683135000000002
0.204151,0.014442336
0.205225,0.014274337000000002
0.20629999999999998,0.014067138
0.207374,0.013820739000000002
0.208449,0.01371434
0.209523,0.013535141
0.21059799999999998,0.01345114
0.211672,0.013361541000000001
0.212747,0.013243942
0.21382099999999998,0.013165542000000002
0.214896,0.013014342000000002
0.21597,0.012930343
0.217045,0.012913543000000001
0.21811899999999998,0.012767944000000002
0.219194,0.012717544
0.220268,0.012655945000000002
0.22134299999999998,0.012504745000000001
0.222417,0.012493545000000002
0.223492,0.012459945000000002
0.224566,0.012364746000000001
0.22564099999999998,0.012308746
0.226715,0.012252746
0.227789,0.012107146000000001
0.22886399999999998,0.012146346
0.22993799999999998,0.012079146
0.231013,0.011927947000000001
0.232087,0.011972747
0.23316199999999998,0.011877548
0.234236,0.011843948000000002
0.235311,0.011821548000000001
0.23638499999999998,0.011765548
0.23745999999999998,0.011687148000000001
0.238534,0.011748749000000001
0.239609,0.011625548000000001
0.24068299999999998,0.011715149000000001
0.241758,0.011737549000000002
0.242832,0.011670348
0.24390699999999998,0.011726349
0.24498099999999998,0.011720749
0.246056,0.011748749000000001
0.24713,0.011832748000000002
0.24820499999999998,0.011860748
0.249279,0.011877548
0.25035399999999997,0.011989547000000001
0.251428,0.011967147000000001
0.252503,0.012028747
0.253577,0.012079146
0.254652,0.012011947000000002
0.255726,0.012151946000000002
0.2568,0.012235946000000001
0.25787499999999997,0.012196747
0.258949,0.012207947
0.260024,0.012224746
0.261098,0.012230346
0.262173,0.012308746
0.263247,0.012336746
0.264322,0.012336746
0.26539599999999997,0.012381545
0.266471,0.012403945000000001
0.267545,0.012375945000000001
0.26861999999999997,0.012437545000000001
0.269694,0.012403945000000001
0.270769,0.012459945000000002
0.271843,0.012504745000000001
0.272918,0.012443145000000001
0.273992,0.012504745000000001
0.275067,0.012560744
0.27614099999999997,0.012521545000000002
0.27721599999999996,0.012667145000000001
0.27829,0.012678344000000001
0.279365,0.012734344
0.280439,0.012879943
0.281514,0.012930343
0.282588,0.013008742000000002
0.283663,0.013137542
0.28473699999999996,0.013165542000000002
0.285811,0.013255142000000001
0.286886,0.013305541
0.28796,0.013378341
0.289035,0.01350714
0.290109,0.013574341
0.291184,0.013551941000000001
0.29225799999999996,0.013697540000000001
0.293333,0.013742339000000001
0.294407,0.013775939000000001
0.29548199999999997,0.013915938000000001
0.296556,0.013910338
0.297631,0.013938338000000002
0.298705,0.014039139
0.29978,0.014055938
0.300854,0.014128738000000002
0.301929,0.014246337000000001
0.30300299999999997,0.014212737000000001
0.30407799999999996,0.014251937000000001
0.305152,0.014330337000000002
0.30622699999999997,0.014369536000000002
0.307301,0.014419936000000001
0.308376,0.014453537
0.30945,0.014548736
0.310525,0.014632736000000002
0.31159899999999996,0.014671935000000002
0.312673,0.014767135
0.31374799999999997,0.014912735000000002
0.314822,0.014929534000000003
0.315897,0.015019133
0.316971,0.015164734000000001
0.318046,0.015203933
0.31911999999999996,0.015343933
0.320195,0.015455932
0.32126899999999997,0.015444732000000001
0.32234399999999996,0.015551131
0.323418,0.015691131
0.324493,0.015702331
0.325567,0.01586473
0.326642,0.015948729000000002
0.327716,0.015965530000000002
0.328791,0.016099929000000002
0.32986499999999996,0.01615033
0.33094,0.016239929000000004
0.332014,0.016340728
0.33308899999999997,0.016363128
0.334163,0.016469527
0.335238,0.016542327000000003
0.336312,0.016575927
0.337387,0.016693527000000003
0.338461,0.016783126000000002
0.339536,0.016777526
0.34060999999999997,0.016934324
0.341684,0.016962326
0.342759,0.017007126
0.343833,0.017197524
0.344908,0.017197524
0.345982,0.017315124000000005
0.347057,0.017460724
0.34813099999999997,0.017539122
0.34920599999999996,0.017712722
0.35028,0.017869522
0.351355,0.01793672
0.352429,0.018082320000000002
0.353504,0.01820552
0.354578,0.018261518
0.355653,0.018451920000000004
0.35672699999999996,0.018519118
0.357802,0.018642318
0.358876,0.018765518000000002
0.35995099999999997,0.018793516
0.361025,0.018967116000000003
0.3621,0.019067916
0.363174,0.019135116000000004
0.364249,0.019280716
0.365323,0.019342314000000003
0.366398,0.019398314
0.36747199999999997,0.019532714000000003
0.368546,0.019611112000000003
0.369621,0.019661514
0.370695,0.019812714000000002
0.37177,0.019840712000000003
0.372844,0.019930312000000002
0.373919,0.020103912
0.37499299999999997,0.020092712000000002
0.37606799999999996,0.020199112
0.377142,0.020333512
0.37821699999999997,0.020411910000000002
0.379291,0.020540708
0.380366,0.020691908000000002
0.38144,0.020809508
0.382515,0.020949508000000002
0.38358899999999996,0.021184708
0.384664,0.021229508
0.38573799999999997,0.021487106000000002
0.38681299999999996,0.021627106000000004
0.387887,0.021795104000000003
0.388962,0.021985504000000003
0.390036,0.022103104000000002
0.391111,0.022287902000000002
0.392185,0.022534302000000003
0.39326,0.0226743
0.39433399999999996,0.0229543
0.39540899999999995,0.023178298000000003
0.396483,0.023357498
0.397557,0.023598296
0.398632,0.023883896
0.399706,0.024057494
0.400781,0.024455092
0.40185499999999996,0.024701490000000003
0.40292999999999995,0.02494789
0.404004,0.025339888
0.40507899999999997,0.025614288000000002
0.406153,0.025983884000000002
0.407228,0.026387084000000005
0.408302,0.026728682
0.409377,0.027187880000000005
0.41045099999999995,0.027624678
0.411526,0.028016676
0.41259999999999997,0.028627074000000002
0.41367499999999996,0.029131072
0.414749,0.029679868
0.41582399999999997,0.030346266000000004
0.416898,0.030962264
0.417973,0.031634258
0.419047,0.032423856
0.420122,0.033095856
0.42119599999999996,0.033924652
0.422271,0.034848648
0.42334499999999997,0.035666244
0.42441999999999996,0.036590236
0.425494,0.03757583600000001
0.426568,0.038606232000000004
0.427643,0.039675824
0.42871699999999996,0.04073422
0.429792,0.041893416
0.43086599999999997,0.04311420800000001
0.43194099999999996,0.044329404
0.433015,0.045511
0.43409,0.046681392
0.435164,0.047773392000000005
0.436239,0.048781384000000004
0.437313,0.049716584
0.438388,0.04735916400000001
0.43946199999999996,0.048890408
0.44053699999999996,0.05096852400000001
0.441611,0.052827888
0.44268599999999997,0.054906008000000006
0.44376,0.057202872
0.444835,0.05939036000000001
0.445909,0.0617966
0.446984,0.06431221200000001
0.44805799999999996,0.06682782400000001
0.449133,0.06923407200000001
0.45020699999999997,0.071968432
0.45128199999999996,0.074702792
0.452356,0.077655904
0.45343,0.08060902400000002
0.454505,0.083452752
0.45557899999999996,0.08640587200000001
0.456654,0.089358976
0.45772799999999997,0.09285896000000002
0.45880299999999996,0.095921448
0.459877,0.099093312
0.460952,0.102265
0.462026,0.105874
0.463101,0.10904599999999999
0.464175,0.112218
0.46525,0.115936
0.46632399999999996,0.11910799999999999
0.46739899999999995,0.12217099999999999
0.468473,0.12567099999999998
0.46954799999999997,0.128952
0.470622,0.13201500000000002
0.471697,0.135296
0.472771,0.138249
0.473846,0.14153
0.47491999999999995,0.144593
0.475995,0.14743599999999998
0.47706899999999997,0.150389
0.47814399999999996,0.15301399999999998
0.479218,0.155749
0.48029299999999997,0.158483
0.481367,0.160889
0.48244099999999995,0.163405
0.483516,0.16592099999999999
0.48458999999999997,0.167889
0.48566499999999996,0.170405
0.486739,0.172264
0.48781399999999997,0.17401399999999997
0.488888,0.176092
0.489963,0.177624
0.491037,0.179046
0.492112,0.180796
0.49318599999999996,0.182108
0.49426099999999995,0.183311
0.49533499999999997,0.184514
0.49640999999999996,0.185608
0.497484,0.186592
0.498559,0.187358
0.499633,0.188342
0.5007079999999999,0.189108
0.501782,0.18976400000000002
0.502857,0.190421
0.503931,0.190858
0.505006,0.191296
0.50608,0.191842
0.507155,0.19228
0.5082289999999999,0.192717
0.509304,0.193155
0.510378,0.19359200000000001
0.511452,0.193921
0.512527,0.19413899999999998
0.513601,0.194686
0.514676,0.195014
0.5157499999999999,0.195671
0.516825,0.19588899999999998
0.517899,0.196545
0.5189739999999999,0.197202
0.520048,0.197749
0.521123,0.198624
0.522197,0.19938899999999998
0.523272,0.200374
0.524346,0.20146699999999998
0.525421,0.20288899999999999
0.5264949999999999,0.203874
0.52757,0.205733
0.528644,0.207483
0.5297189999999999,0.209233
0.530793,0.21153
0.531868,0.213827
0.532942,0.21634199999999998
0.534017,0.219077
0.535091,0.221811
0.5361659999999999,0.224983
0.5372399999999999,0.228155
0.538314,0.231545
0.539389,0.235155
0.540463,0.23898300000000003
0.541538,0.24281100000000003
0.542612,0.24696700000000002
0.5436869999999999,0.251561
0.5447609999999999,0.255826
0.545836,0.260639
0.54691,0.265451
0.5479849999999999,0.270592
0.549059,0.27606099999999995
0.550134,0.281529
0.5512079999999999,0.28699800000000003
0.552283,0.292904
0.553357,0.29859199999999997
0.5544319999999999,0.304717
0.5555059999999999,0.310951
0.556581,0.31707599999999997
0.557655,0.32331099999999996
0.55873,0.329764
0.559804,0.336326
0.560879,0.342779
0.5619529999999999,0.349232
0.563028,0.35579500000000003
0.564102,0.362357
0.5651769999999999,0.36891999999999997
0.566251,0.375154
0.567326,0.381935
0.5684,0.38817
0.5694739999999999,0.394623
0.570549,0.400966
0.571623,0.406982
0.5726979999999999,0.412998
0.573772,0.41901299999999997
0.574847,0.424701
0.575921,0.43060699999999996
0.576996,0.43607599999999996
0.57807,0.441544
0.579145,0.447013
0.5802189999999999,0.452372
0.581294,0.457294
0.582368,0.462872
0.5834429999999999,0.467904
0.584517,0.473044
0.585592,0.478294
0.586666,0.483216
0.587741,0.48835700000000004
0.588815,0.493607
0.58989,0.49863799999999997
0.5909639999999999,0.503997
0.592039,0.5093570000000001
0.593113,0.514607
0.5941879999999999,0.520075
0.595262,0.525544
0.596336,0.531232
0.597411,0.537138
0.5984849999999999,0.542716
0.59956,0.548622
0.600634,0.554638
0.6017089999999999,0.560653
0.602783,0.5667779999999999
0.603858,0.573341
0.604932,0.579466
0.606007,0.586028
0.607081,0.592591
0.6081559999999999,0.5990439999999999
0.6092299999999999,0.6060439999999999
0.610305,0.6128250000000001
0.611379,0.619715
0.6124539999999999,0.626934
0.613528,0.633606
0.614603,0.6410440000000001
0.6156769999999999,0.648372
0.616752,0.65559
0.617826,0.6633560000000001
0.6189009999999999,0.671012
0.6199749999999999,0.678121
0.62105,0.6861059999999999
0.622124,0.693543
0.6231979999999999,0.70109
0.624273,0.708746
0.625347,0.716293
0.6264219999999999,0.7237309999999999
0.6274959999999999,0.731059
0.628571,0.737949
0.629645,0.745059
0.63072,0.751512
0.631794,0.757309
0.632869,0.762668
0.6339429999999999,0.767918
0.635018,0.772293
0.636092,0.7761210000000001
0.6371669999999999,0.77973
0.638241,0.782137
0.639316,0.7842149999999999
0.64039,0.78509
0.641465,0.785418
0.642539,0.78509
0.643614,0.78334
0.6446879999999999,0.781371
0.645763,0.7787459999999999
0.646837,0.7746989999999999
0.6479119999999999,0.770324
0.648986,0.764965
0.650061,0.75873
0.651135,0.752059
0.6522089999999999,0.7447309999999999
0.653284,0.736746
0.654358,0.728106
0.6554329999999999,0.719246
0.656507,0.70984
0.657582,0.700325
0.658656,0.6901529999999999
0.659731,0.679871
0.660805,0.670137
0.66188,0.6597470000000001
0.6629539999999999,0.650012
0.664029,0.640169
0.665103,0.630544
0.6661779999999999,0.621247
0.667252,0.6120589999999999
0.668327,0.6032
0.669401,0.594669
0.670476,0.586466
0.67155,0.578372
0.6726249999999999,0.5708249999999999
0.6736989999999999,0.5631689999999999
0.674774,0.55606
0.675848,0.549278
0.6769229999999999,0.542716
0.677997,0.5362629999999999
0.679072,0.5302469999999999
0.6801459999999999,0.524232
0.6812199999999999,0.518653
0.682295,0.513403
0.683369,0.5079349999999999
0.6844439999999999,0.503013
0.685518,0.498091
0.686593,0.493497
0.6876669999999999,0.48934099999999997
0.688742,0.484966
0.689816,0.48080999999999996
0.6908909999999999,0.47698199999999996
0.6919649999999999,0.47315399999999996
0.69304,0.46965399999999996
0.694114,0.466372
0.695189,0.462982
0.696263,0.45959099999999997
0.697338,0.456638
0.6984119999999999,0.453685
0.699487,0.45106
0.700561,0.448326
0.7016359999999999,0.44581
0.70271,0.44340399999999996
0.703785,0.44088799999999995
0.704859,0.43881
0.705934,0.43673199999999995
0.707008,0.434654
0.708083,0.432466
0.7091569999999999,0.430716
0.710231,0.428966
0.711306,0.427216
0.71238,0.425466
0.713455,0.423826
0.714529,0.42262299999999997
0.715604,0.420982
0.7166779999999999,0.41967
0.717753,0.418357
0.718827,0.417154
0.7199019999999999,0.415732
0.720976,0.414638
0.722051,0.413435
0.723125,0.41256
0.7242,0.411466
0.725274,0.410482
0.726349,0.40949800000000003
0.7274229999999999,0.408404
0.728498,0.40731
0.729572,0.406654
0.7306469999999999,0.40588799999999997
0.731721,0.40468499999999996
0.732796,0.40392
0.7338699999999999,0.403373
0.734945,0.40238799999999997
0.736019,0.401841
0.737093,0.401076
0.7381679999999999,0.40031
0.739242,0.399763
0.740317,0.398998
0.7413909999999999,0.39855999999999997
0.742466,0.397795
0.74354,0.397138
0.7446149999999999,0.396482
0.7456889999999999,0.396045
0.746764,0.395388
0.747838,0.394841
0.7489129999999999,0.394404
0.749987,0.393638
0.751062,0.39320099999999997
0.7521359999999999,0.392545
0.753211,0.392107
0.754285,0.39156
0.7553599999999999,0.391013
0.7564339999999999,0.39035699999999995
0.757509,0.39002899999999996
0.758583,0.389154
0.7596579999999999,0.389045
0.760732,0.388279
0.761807,0.387513
0.7628809999999999,0.387185
0.7639549999999999,0.38642
0.76503,0.386092
0.766104,0.385435
0.7671789999999999,0.384779
0.768253,0.384342
0.769328,0.383795
0.7704019999999999,0.383248
0.771477,0.382482
0.772551,0.38204499999999997
0.7736259999999999,0.38117
0.7746999999999999,0.380623
0.775775,0.38007599999999997
0.776849,0.37942
0.777924,0.378654
0.778998,0.37799799999999995
0.780073,0.37745100000000004
0.7811469999999999,0.376795
0.782222,0.37592
0.783296,0.375154
0.7843709999999999,0.37471699999999997
0.785445,0.37384199999999995
0.78652,0.373076
0.787594,0.372529
0.788669,0.371763
0.789743,0.370888
0.7908179999999999,0.370232
0.7918919999999999,0.369685
0.792967,0.36880999999999997
0.794041,0.368154
0.795115,0.367279
0.79619,0.366513
0.797264,0.365639
0.7983389999999999,0.364873
0.7994129999999999,0.364107
0.800488,0.363342
0.801562,0.362576
0.8026369999999999,0.36192
0.803711,0.360826
0.804786,0.36006
0.8058599999999999,0.35929500000000003
0.806935,0.35830999999999996
0.808009,0.35765399999999997
0.8090839999999999,0.356889
0.8101579999999999,0.355904
0.811233,0.355357
0.812307,0.354373
0.8133819999999999,0.35360699999999995
0.814456,0.35295099999999996
0.815531,0.352076
0.8166049999999999,0.351201
0.81768,0.35032599999999997
0.818754,0.34956000000000004
0.8198289999999999,0.348904
0.8209029999999999,0.348029
0.821978,0.347045
0.823052,0.346389
0.8241259999999999,0.34562299999999996
0.825201,0.344857
0.826275,0.344201
0.8273499999999999,0.343435
0.8284239999999999,0.34256000000000003
0.829499,0.342014
0.830573,0.34113899999999997
0.8316479999999999,0.340373
0.832722,0.33982599999999996
0.833797,0.338951
0.8348709999999999,0.33840400000000004
0.835946,0.337748
0.83702,0.336982
0.8380949999999999,0.336436
0.8391689999999999,0.335779
0.840244,0.33512299999999995
0.841318,0.33457600000000004
0.842393,0.334029
0.843467,0.333154
0.844542,0.332936
0.8456159999999999,0.33216999999999997
0.846691,0.331514
0.847765,0.331404
0.8488399999999999,0.33074800000000004
0.849914,0.33031099999999997
0.850988,0.329982
0.852063,0.329436
0.8531369999999999,0.328998
0.854212,0.32867
0.855286,0.32834199999999997
0.8563609999999999,0.328123
0.857435,0.327795
0.85851,0.32746699999999995
0.859584,0.327357
0.860659,0.32713899999999996
0.861733,0.326701
0.8628079999999999,0.326592
0.8638819999999999,0.326264
0.864957,0.326154
0.866031,0.326264
0.8671059999999999,0.32604500000000003
0.86818,0.32604500000000003
0.869255,0.32604500000000003
0.8703289999999999,0.325826
0.871404,0.32604500000000003
0.872478,0.326154
0.8735529999999999,0.32604500000000003
0.8746269999999999,0.326154
0.875702,0.326264
0.876776,0.326373
0.8778499999999999,0.326592
0.878925,0.326701
0.879999,0.327029
0.8810739999999999,0.327576
0.8821479999999999,0.327576
0.883223,0.328014
0.884297,0.32834199999999997
0.8853719999999999,0.328561
0.886446,0.329217
0.887521,0.329654
0.8885949999999999,0.330201
0.88967,0.33074800000000004
0.890744,0.331186
0.8918189999999999,0.331623
0.8928929999999999,0.332607
0.893968,0.333045
0.895042,0.33381099999999997
0.8961169999999999,0.33479499999999995
0.897191,0.335232
0.898266,0.336107
0.8993399999999999,0.33720100000000003
0.900415,0.337857
0.901489,0.33906
0.9025639999999999,0.340154
0.9036379999999999,0.340701
0.904713,0.34223200000000004
0.905787,0.34332599999999996
0.9068609999999999,0.34431
0.907936,0.34573200000000004
0.90901,0.346935
0.9100849999999999,0.34813900000000003
0.9111589999999999,0.34977899999999995
0.912234,0.350873
0.913308,0.352732
0.914383,0.354045
0.915457,0.355576
0.916532,0.357217
0.9176059999999999,0.358857
0.918681,0.36060699999999996
0.919755,0.36246700000000004
0.9208299999999999,0.36443499999999995
0.921904,0.366404
0.922979,0.368373
0.924053,0.37045100000000003
0.925128,0.372529
0.926202,0.374935
0.9272769999999999,0.377123
0.9283509999999999,0.379857
0.929426,0.382154
0.9305,0.38467
0.9315749999999999,0.38740399999999997
0.932649,0.390248
0.933724,0.392654
0.9347979999999999,0.395607
0.9358719999999999,0.39855999999999997
0.936947,0.401404
0.938021,0.404795
0.9390959999999999,0.407966
0.94017,0.411138
0.941245,0.414857
0.9423189999999999,0.41791999999999996
0.943394,0.42185700000000004
0.944468,0.425466
0.9455429999999999,0.429294
0.9466169999999999,0.43334100000000003
0.947692,0.436951
0.948766,0.44110699999999997
0.9498409999999999,0.445373
0.950915,0.449857
0.95199,0.454232
0.9530639999999999,0.458935
0.954139,0.46352899999999997
0.955213,0.468451
0.9562879999999999,0.473591
0.9573619999999999,0.478732
0.958437,0.483872
0.959511,0.489122
0.9605859999999999,0.49459099999999995
0.96166,0.5003879999999999
0.962735,0.506185
0.9638089999999999,0.511763
0.9648829999999999,0.517888
0.965958,0.5239029999999999
0.967032,0.5302469999999999
0.9681069999999999,0.5367
0.969181,0.543044
0.970256,0.550044
0.9713299999999999,0.5569350000000001
0.972405,0.563934
0.973479,0.571153
0.9745539999999999,0.578372
0.9756279999999999,0.585809
0.976703,0.593575
0.977777,0.6014499999999999
0.9788519999999999,0.609216
0.979926,0.617419
0.9810009999999999,0.625731
0.9820749999999999,0.634044
0.98315,0.642903
0.984224,0.651543
0.9852989999999999,0.6606219999999999
0.9863729999999999,0.6697000000000001
0.987448,0.678668
0.9885219999999999,0.6882929999999999
0.989597,0.698137
0.990671,0.707981
0.991745,0.7179340000000001
0.9928199999999999,0.7277769999999999
0.9938939999999999,0.738059
0.994969,0.748777
0.9960429999999999,0.759496
0.997118,0.7701049999999999
0.998192,0.7814800000000001
0.9992669999999999,0.792418
1.000341,0.804012
1.0014159999999999,0.815496
1.0024899999999999,0.826761
1.003565,0.8387929999999999
1.004639,0.850824
1.005714,0.862746
1.006788,0.875761
1.007863,0.8881209999999999
1.008937,0.900261
1.010012,0.913167
1.011086,0.926074
1.0121609999999999,0.9393079999999999
1.0132349999999999,0.952761
1.01431,0.966761
1.015384,0.980433
1.016459,0.993995
1.017533,1.007995
1.018608,1.022214
1.019682,1.03687
1.020756,1.051089
1.021831,1.065963
1.022905,1.081057
1.02398,1.096588
1.025054,1.111901
1.0261289999999998,1.127213
1.0272029999999999,1.142526
1.028278,1.158932
1.029352,1.1746819999999998
1.030427,1.191088
1.031501,1.207713
1.032576,1.2239
1.03365,1.240744
1.034725,1.258025
1.035799,1.275088
1.0368739999999999,1.292587
1.0379479999999999,1.309869
1.039023,1.327587
1.040097,1.3455249999999999
1.041172,1.3636810000000001
1.042246,1.381837
1.043321,1.40065
1.044395,1.418806
1.04547,1.4384929999999998
1.046544,1.4573049999999999
1.047618,1.4758989999999998
1.0486929999999999,1.496462
1.049767,1.5157120000000002
1.050842,1.535399
1.0519159999999999,1.5557429999999999
1.052991,1.5760859999999999
1.054065,1.59643
1.05514,1.617211
1.056214,1.6382109999999999
1.057289,1.65943
1.058363,1.6815229999999999
1.0594379999999999,1.702523
1.060512,1.724617
1.061587,1.747148
1.0626609999999999,1.769023
1.063736,1.791773
1.06481,1.814741
1.065885,1.838585
1.066959,1.861991
1.068034,1.885397
1.069108,1.909241
1.0701829999999999,1.933741
1.071257,1.9586779999999997
1.0723319999999998,1.982741
1.0734059999999999,2.008116
1.074481,2.033928
1.075555,2.058865
1.076629,2.0855529999999995
1.077704,2.1113649999999997
1.078778,2.13849
1.079853,2.1660519999999996
1.080927,2.1940519999999997
1.082002,2.2220519999999997
1.083076,2.2369269999999997
1.0841509999999999,2.218552
1.0852249999999999,2.206302
1.0863,2.19449
1.0873739999999998,2.18574
1.088449,2.17699
1.089523,2.1669270000000003
1.090598,2.159052
1.091672,2.149865
1.092747,2.140677
1.093821,2.132803
1.0948959999999999,2.1231780000000002
1.0959699999999999,2.114865
1.097045,2.107428
1.0981189999999998,2.097803
1.099194,2.090365
1.100268,2.083803
1.101343,2.074178
1.102417,2.067178
1.103492,2.0597399999999997
1.104566,2.05099
1.1056409999999999,2.044428
1.106715,2.0374280000000002
1.107789,2.029553
1.1088639999999998,2.023428
1.1099379999999999,2.015116
1.111013,2.008116
1.112087,2.002866
1.113162,1.994991
1.114236,1.9884279999999999
1.115311,1.983178
1.116385,1.975741
1.11746,1.9700529999999998
1.118534,1.963928
1.1196089999999999,1.9569279999999998
1.1206829999999999,1.951678
1.121758,1.9451159999999998
1.122832,1.938991
1.123907,1.9346160000000001
1.124981,1.928053
1.126056,1.9228029999999998
1.12713,1.917991
1.128205,1.911428
1.129279,1.9066159999999999
1.1303539999999999,1.901804
1.1314279999999999,1.895241
1.132503,1.890866
1.133577,1.8860540000000001
1.134652,1.880366
1.135726,1.876429
1.1368,1.871179
1.137875,1.865491
1.138949,1.861991
1.140024,1.856741
1.141098,1.851929
1.1421729999999999,1.8484289999999999
1.143247,1.8431790000000001
1.1443219999999998,1.8388039999999999
1.1453959999999999,1.8357409999999998
1.146471,1.8296160000000001
1.147545,1.825679
1.14862,1.822179
1.149694,1.8169289999999998
1.150769,1.8143040000000001
1.151843,1.809491
1.1529179999999999,1.805116
1.153992,1.8020539999999998
1.1550669999999998,1.797679
1.1561409999999999,1.793304
1.157216,1.790679
1.15829,1.785867
1.159365,1.782367
1.160439,1.779304
1.161514,1.7740539999999998
1.162588,1.7714290000000001
1.163663,1.768804
1.164737,1.7635539999999998
1.165811,1.761367
1.1668859999999999,1.7583039999999999
1.1679599999999999,1.753054
1.169035,1.751304
1.1701089999999998,1.747804
1.171184,1.7443039999999999
1.172258,1.741242
1.173333,1.737304
1.174407,1.7342419999999998
1.175482,1.732054
1.176556,1.727679
1.1776309999999999,1.725054
1.178705,1.722867
1.17978,1.718492
1.1808539999999998,1.7158669999999998
1.181929,1.713679
1.183003,1.709304
1.184078,1.707992
1.185152,1.704929
1.186227,1.7009919999999998
1.187301,1.6992420000000001
1.1883759999999999,1.695742
1.18945,1.692679
1.190525,1.690929
1.1915989999999999,1.68743
1.1926729999999999,1.6848049999999999
1.193748,1.683055
1.194822,1.679117
1.195897,1.677367
1.196971,1.67518
1.198046,1.6716799999999998
1.19912,1.669492
1.200195,1.667305
1.201269,1.663805
1.2023439999999999,1.6624919999999999
1.2034179999999999,1.65943
1.204493,1.6568049999999999
1.205567,1.655492
1.206642,1.651992
1.207716,1.649805
1.208791,1.648055
1.209865,1.644555
1.21094,1.6436799999999998
1.212014,1.641055
1.2130889999999999,1.637555
1.2141629999999999,1.636242
1.215238,1.634055
1.2163119999999998,1.630992
1.217387,1.62968
1.218461,1.627492
1.219535,1.624867
1.22061,1.623555
1.221684,1.620492
1.222759,1.6183049999999999
1.223833,1.617867
1.2249079999999999,1.6143669999999999
1.225982,1.613492
1.2270569999999998,1.611305
1.2281309999999999,1.607805
1.229206,1.607367
1.23028,1.60518
1.231355,1.602555
1.232429,1.60168
1.233504,1.599055
1.234578,1.59643
1.235653,1.595992
1.236727,1.593367
1.2378019999999998,1.59118
1.2388759999999999,1.5907419999999999
1.239951,1.5872419999999998
1.241025,1.5859299999999998
1.2421,1.584617
1.243174,1.5819929999999998
1.244249,1.581117
1.245323,1.57893
1.246397,1.576305
1.247472,1.575868
1.248546,1.57368
1.2496209999999999,1.5710549999999999
1.250695,1.570617
1.25177,1.5684299999999998
1.2528439999999998,1.566243
1.253919,1.5658050000000001
1.254993,1.562742
1.256068,1.561868
1.257142,1.560118
1.258217,1.557493
1.259291,1.5566179999999998
1.2603659999999999,1.5557429999999999
1.26144,1.5531179999999998
1.262515,1.55268
1.2635889999999999,1.5504930000000001
1.264664,1.548305
1.265738,1.547868
1.266813,1.54568
1.267887,1.54393
1.268962,1.543493
1.270036,1.54043
1.2711109999999999,1.5395549999999998
1.272185,1.53868
1.273259,1.536055
1.2743339999999999,1.535618
1.2754079999999999,1.533868
1.276483,1.532118
1.2775569999999998,1.531243
1.278632,1.52993
1.279706,1.5277429999999999
1.280781,1.527305
1.281855,1.525118
1.28293,1.523805
1.284004,1.5229300000000001
1.2850789999999999,1.520743
1.2861529999999999,1.519868
1.287228,1.5185549999999999
1.2883019999999998,1.516368
1.289377,1.51593
1.290451,1.514618
1.291526,1.51243
1.2926,1.51243
1.293675,1.5102429999999998
1.294749,1.508493
1.2958239999999999,1.5080550000000001
1.2968979999999999,1.506305
1.297973,1.504993
1.2990469999999998,1.504993
1.300122,1.50193
1.301196,1.501055
1.30227,1.501055
1.303345,1.49843
1.304419,1.497555
1.305494,1.4966799999999998
1.306568,1.49493
1.3076429999999999,1.494493
1.308717,1.492305
1.3097919999999998,1.490993
1.3108659999999999,1.490993
1.311941,1.488805
1.313015,1.48793
1.31409,1.48793
1.315164,1.4853049999999999
1.316239,1.48443
1.317313,1.483993
1.318388,1.4813679999999998
1.319462,1.48093
1.3205369999999998,1.4800550000000001
1.3216109999999999,1.477868
1.322686,1.477868
1.32376,1.476555
1.324835,1.474368
1.325909,1.474368
1.326984,1.473055
1.328058,1.47218
1.329133,1.471743
1.330207,1.469118
1.331281,1.468243
1.3323559999999999,1.4678049999999998
1.33343,1.4664929999999998
1.3345049999999998,1.465618
1.3355789999999998,1.4651800000000001
1.336654,1.462993
1.337728,1.462556
1.338803,1.46168
1.339877,1.4603679999999999
1.340952,1.4603679999999999
1.342026,1.458181
1.3431009999999999,1.4568679999999998
1.344175,1.4568679999999998
1.3452499999999998,1.455118
1.3463239999999999,1.454243
1.347399,1.454243
1.348473,1.4520559999999998
1.349548,1.4511809999999998
1.350622,1.4507430000000001
1.351697,1.448993
1.352771,1.448556
1.3538459999999999,1.447681
1.35492,1.445931
1.3559949999999998,1.446368
1.3570689999999999,1.444618
1.358144,1.443306
1.359218,1.443306
1.360293,1.4415559999999998
1.361367,1.440243
1.362441,1.4406809999999999
1.363516,1.4384929999999998
1.36459,1.4384929999999998
1.365665,1.4376179999999998
1.366739,1.4354310000000001
1.3678139999999999,1.4358680000000001
1.3688879999999999,1.434556
1.369963,1.433243
1.3710369999999998,1.432806
1.372112,1.431493
1.373186,1.430618
1.374261,1.430618
1.375335,1.428431
1.37641,1.4279929999999998
1.377484,1.4279929999999998
1.3785589999999999,1.425806
1.3796329999999999,1.425806
1.380708,1.424931
1.3817819999999998,1.4231809999999998
1.382857,1.4231809999999998
1.383931,1.422743
1.385006,1.4205560000000002
1.38608,1.420993
1.387155,1.419243
1.388229,1.417931
1.3893039999999999,1.418368
1.390378,1.417056
1.3914529999999998,1.416181
1.3925269999999998,1.416181
1.3936009999999999,1.414431
1.394676,1.413993
1.39575,1.4131179999999999
1.396825,1.411806
1.397899,1.411806
1.398974,1.410493
1.400048,1.4091809999999998
1.401123,1.4096179999999998
1.402197,1.4083059999999998
1.4032719999999999,1.4069930000000002
1.4043459999999999,1.4074309999999999
1.405421,1.405681
1.4064949999999998,1.404806
1.40757,1.404806
1.408644,1.403056
1.409719,1.403056
1.410793,1.402618
1.411868,1.400868
1.412942,1.400868
1.4140169999999999,1.399993
1.4150909999999999,1.3986809999999998
1.416166,1.3986809999999998
1.4172399999999998,1.3978059999999999
1.418315,1.396493
1.419389,1.396493
1.420463,1.395181
1.421538,1.3947429999999998
1.422612,1.3947429999999998
1.423687,1.3925560000000001
1.424761,1.3925560000000001
1.4258359999999999,1.3925560000000001
1.42691,1.390368
1.4279849999999998,1.390806
1.4290589999999999,1.389931
1.430134,1.388181
1.431208,1.388618
1.432283,1.387306
1.433357,1.386431
1.434432,1.386868
1.435506,1.3851179999999998
1.4365809999999999,1.384681
1.437655,1.384681
1.4387299999999998,1.382931
1.4398039999999999,1.382493
1.440879,1.382493
1.441953,1.381181
1.443028,1.381181
1.444102,1.3803059999999998
1.445177,1.3789930000000001
1.446251,1.3794309999999999
1.447325,1.378118
1.4484,1.376806
1.449474,1.377243
1.4505489999999999,1.375931
1.4516229999999999,1.375056
1.452698,1.375493
1.4537719999999998,1.373743
1.454847,1.373743
1.455921,1.373306
1.456996,1.371556
1.45807,1.371993
1.459145,1.371118
1.460219,1.3698059999999999
1.4612939999999999,1.3698059999999999
1.462368,1.368931
1.4634429999999998,1.368056
1.4645169999999998,1.368056
1.465592,1.367181
1.466666,1.3663059999999998
1.467741,1.3663059999999998
1.468815,1.364993
1.46989,1.3645559999999999
1.470964,1.3645559999999999
1.4720389999999999,1.362806
1.473113,1.363243
1.474187,1.362368
1.4752619999999999,1.361493
1.4763359999999999,1.361493
1.477411,1.360181
1.4784849999999998,1.359306
1.47956,1.359743
1.480634,1.358431
1.481709,1.357556
1.482783,1.357993
1.483858,1.3562429999999999
1.484932,1.3562429999999999
1.4860069999999999,1.3562429999999999
1.4870809999999999,1.3549309999999999
1.488156,1.354493
1.4892299999999998,1.354056
1.490305,1.3527429999999998
1.491379,1.3527429999999998
1.492454,1.3518679999999998
1.493528,1.3509939999999998
1.494603,1.3514309999999998
1.495677,1.3501180000000002
1.4967519999999999,1.349681
1.4978259999999999,1.3501180000000002
1.498901,1.348368
1.4999749999999998,1.347931
1.498901,1.348368
1.4978259999999999,1.346618
1.4967519999999999,1.346618
1.495677,1.346181
1.494603,1.344869
1.493528,1.3453060000000001
1.492454,1.344869
1.491379,1.343556
1.490305,1.343994
1.4892299999999998,1.342681
1.488156,1.341806
1.4870809999999999,1.3422429999999999
1.4860069999999999,1.3409309999999999
1.484932,1.3404939999999999
1.483858,1.3404939999999999
1.482783,1.339181
1.481709,1.339181
1.480634,1.338744
1.47956,1.336994
1.4784849999999998,1.337869
1.477411,1.3365559999999999
1.4763359999999999,1.335681
1.4752619999999999,1.3361189999999998
1.474187,1.3348060000000002
1.473113,1.334369
1.4720389999999999,1.334369
1.470964,1.3334940000000002
1.46989,1.332619
1.468815,1.332619
1.467741,1.331306
1.466666,1.331306
1.465592,1.331306
1.4645169999999998,1.3299940000000001
1.4634429999999998,1.330431
1.462368,1.329556
1.4612939999999999,1.328244
1.460219,1.329119
1.459145,1.328244
1.45807,1.3269309999999999
1.456996,1.328244
1.455921,1.326494
1.454847,1.326056
1.4537719999999998,1.326056
1.452698,1.324744
1.4516229999999999,1.324744
1.4505489999999999,1.324306
1.449474,1.322994
1.4484,1.3234309999999998
1.447325,1.322994
1.446251,1.3216809999999999
1.445177,1.3221189999999998
1.444102,1.3212439999999999
1.443028,1.319931
1.441953,1.320806
1.440879,1.319056
1.4398039999999999,1.319056
1.4387299999999998,1.3194940000000002
1.437655,1.317744
1.4365809999999999,1.317744
1.435506,1.317306
1.434432,1.315994
1.433357,1.316869
1.432283,1.315994
1.431208,1.314681
1.430134,1.315119
1.4290589999999999,1.314681
1.4279849999999998,1.313806
1.42691,1.314244
1.4258359999999999,1.312931
1.424761,1.312494
1.423687,1.312931
1.422612,1.311181
1.421538,1.3116189999999999
1.420463,1.311181
1.419389,1.309869
1.418315,1.309869
1.4172399999999998,1.309869
1.416166,1.3081189999999998
1.4150909999999999,1.308994
1.4140169999999999,1.3085559999999998
1.412942,1.3072439999999999
1.411868,1.3081189999999998
1.410793,1.306806
1.409719,1.306369
1.408644,1.306369
1.40757,1.305056
1.4064949999999998,1.305056
1.405421,1.305056
1.4043459999999999,1.303744
1.4032719999999999,1.304181
1.402197,1.303306
1.401123,1.3024310000000001
1.400048,1.303306
1.398974,1.3024310000000001
1.397899,1.301556
1.396825,1.301994
1.39575,1.300681
1.394676,1.300244
1.3936009999999999,1.300681
1.3925269999999998,1.299369
1.3914529999999998,1.299806
1.390378,1.299369
1.3893039999999999,1.2980559999999999
1.388229,1.298494
1.387155,1.2980559999999999
1.38608,1.296744
1.385006,1.297181
1.383931,1.296306
1.382857,1.295869
1.3817819999999998,1.296306
1.380708,1.294994
1.3796329999999999,1.2945559999999998
1.3785589999999999,1.294994
1.377484,1.2932439999999998
1.37641,1.2936809999999999
1.375335,1.2936809999999999
1.374261,1.2923689999999999
1.373186,1.292806
1.372112,1.291931
1.3710369999999998,1.291056
1.369963,1.291931
1.3688879999999999,1.291494
1.3678139999999999,1.290181
1.366739,1.2906190000000002
1.365665,1.289744
1.36459,1.288869
1.363516,1.289744
1.362441,1.288431
1.361367,1.287994
1.360293,1.288431
1.359218,1.2871190000000001
1.358144,1.2871190000000001
1.3570689999999999,1.2871190000000001
1.3559949999999998,1.285806
1.35492,1.286244
1.3538459999999999,1.285806
1.352771,1.284494
1.351697,1.285369
1.350622,1.2840559999999999
1.349548,1.2840559999999999
1.348473,1.2840559999999999
1.347399,1.2827439999999999
1.3463239999999999,1.2827439999999999
1.3452499999999998,1.2827439999999999
1.344175,1.281431
1.3431009999999999,1.281869
1.342026,1.281869
1.340952,1.2805559999999998
1.339877,1.280994
1.338803,1.280119
1.337728,1.2792439999999998
1.336654,1.2796809999999998
1.3355789999999998,1.2788059999999999
1.3345049999999998,1.2788059999999999
1.33343,1.2788059999999999
1.3323559999999999,1.277494
1.331281,1.277494
1.330207,1.277494
1.329133,1.276181
1.328058,1.276619
1.326984,1.276619
1.325909,1.275306
1.324835,1.275744
1.32376,1.275306
1.322686,1.273994
1.3216109999999999,1.274869
1.3205369999999998,1.2735560000000001
1.319462,1.2731190000000001
1.318388,1.2735560000000001
1.317313,1.272681
1.316239,1.272681
1.315164,1.272681
1.31409,1.271369
1.313015,1.271806
1.311941,1.271806
1.3108659999999999,1.270494
1.3097919999999998,1.270494
1.308717,1.270494
1.3076429999999999,1.269619
1.306568,1.270494
1.305494,1.269181
1.304419,1.2687439999999999
1.303345,1.269181
1.30227,1.267869
1.301196,1.267869
1.300122,1.268306
1.2990469999999998,1.266556
1.297973,1.266994
1.2968979999999999,1.266556
1.2958239999999999,1.2652439999999998
1.294749,1.266119
1.293675,1.2652439999999998
1.2926,1.2648059999999999
1.291526,1.2652439999999998
1.290451,1.2643689999999999
1.289377,1.263494
1.2883019999999998,1.2643689999999999
1.287228,1.263056
1.2861529999999999,1.263056
1.2850789999999999,1.263494
1.284004,1.262181
1.28293,1.262619
1.281855,1.262181
1.280781,1.260869
1.279706,1.261306
1.278632,1.260869
1.2775569999999998,1.259994
1.276483,1.260431
1.2754079999999999,1.2595560000000001
1.2743339999999999,1.258681
1.273259,1.2595560000000001
1.272185,1.258681
1.2711109999999999,1.258244
1.270036,1.259119
1.268962,1.257369
1.267887,1.257369
1.266813,1.257369
1.265738,1.256494
1.264664,1.256931
1.2635889999999999,1.256494
1.262515,1.255619
1.26144,1.256056
1.2603659999999999,1.2551809999999999
1.259291,1.254306
1.258217,1.255619
1.257142,1.253869
1.256068,1.253869
1.254993,1.253869
1.253919,1.252994
1.2528439999999998,1.252994
1.25177,1.252994
1.250695,1.252119
1.2496209999999999,1.252556
1.248546,1.252119
1.247472,1.2508059999999999
1.246397,1.251244
1.245323,1.2508059999999999
1.244249,1.249931
1.243174,1.2503689999999998
1.2421,1.249931
1.241025,1.2494939999999999
1.239951,1.249931
1.2388759999999999,1.248619
1.2378019999999998,1.248619
1.236727,1.249056
1.235653,1.247306
1.234578,1.247744
1.233504,1.247744
1.232429,1.246431
1.231355,1.247306
1.23028,1.246431
1.229206,1.245556
1.2281309999999999,1.246431
1.2270569999999998,1.245556
1.225982,1.245119
1.2249079999999999,1.245994
1.223833,1.2442440000000001
1.222759,1.2442440000000001
1.221684,1.244681
1.22061,1.243369
1.219535,1.243806
1.218461,1.243369
1.217387,1.242494
1.2163119999999998,1.242931
1.215238,1.242494
1.2141629999999999,1.241619
1.2130889999999999,1.242057
1.212014,1.2411809999999999
1.21094,1.2411809999999999
1.209865,1.242057
1.208791,1.240307
1.207716,1.240307
1.206642,1.240744
1.205567,1.239431
1.204493,1.2398689999999999
1.2034179999999999,1.239431
1.2023439999999999,1.238556
1.201269,1.238994
1.200195,1.238556
1.19912,1.237682
1.198046,1.238119
1.196971,1.237244
1.195897,1.237244
1.194822,1.237682
1.193748,1.2363689999999998
1.1926729999999999,1.2363689999999998
1.1915989999999999,1.2368059999999998
1.190525,1.2354939999999999
1.18945,1.235932
1.1883759999999999,1.2354939999999999
1.187301,1.234619
1.186227,1.2354939999999999
1.185152,1.234182
1.184078,1.233744
1.183003,1.234619
1.181929,1.233306
1.1808539999999998,1.233306
1.17978,1.233744
1.178705,1.232869
1.1776309999999999,1.232432
1.176556,1.232869
1.175482,1.231994
1.174407,1.231994
1.173333,1.231994
1.172258,1.231119
1.171184,1.231557
1.1701089999999998,1.231119
1.169035,1.2302440000000001
1.1679599999999999,1.2302440000000001
1.1668859999999999,1.229807
1.165811,1.228931
1.164737,1.2302440000000001
1.163663,1.228931
1.162588,1.228494
1.161514,1.228931
1.160439,1.227619
1.159365,1.228057
1.15829,1.228057
1.157216,1.226744
1.1561409999999999,1.227182
1.1550669999999998,1.227182
1.153992,1.226307
1.1529179999999999,1.227182
1.151843,1.2258689999999999
1.150769,1.225432
1.149694,1.2258689999999999
1.14862,1.224994
1.147545,1.224994
1.146471,1.225432
1.1453959999999999,1.224119
1.1443219999999998,1.224119
1.143247,1.224119
1.1421729999999999,1.223244
1.141098,1.223682
1.140024,1.223244
1.138949,1.222807
1.137875,1.223244
1.1368,1.222807
1.135726,1.221932
1.134652,1.222807
1.133577,1.2214939999999999
1.132503,1.2214939999999999
1.1314279999999999,1.221932
1.1303539999999999,1.220619
1.129279,1.220619
1.128205,1.220619
1.12713,1.219744
1.126056,1.2201819999999999
1.124981,1.219744
1.123907,1.218869
1.122832,1.219307
1.121758,1.218869
1.1206829999999999,1.217994
1.1196089999999999,1.218869
1.118534,1.217994
1.11746,1.217557
1.116385,1.217994
1.115311,1.216682
1.114236,1.217119
1.113162,1.217119
1.112087,1.216244
1.111013,1.216244
1.1099379999999999,1.216244
1.1088639999999998,1.2153690000000001
1.107789,1.216244
1.106715,1.2149320000000001
1.1056409999999999,1.214494
1.104566,1.2153690000000001
1.103492,1.214057
1.102417,1.214494
1.101343,1.2149320000000001
1.100268,1.213619
1.099194,1.213619
1.0981189999999998,1.214057
1.097045,1.212744
1.0959699999999999,1.213182
1.0948959999999999,1.191744
1.093821,1.174244
1.092747,1.155432
1.091672,1.137494
1.090598,1.11912
1.089523,1.1016199999999998
1.088449,1.083682
1.0873739999999998,1.066182
1.0863,1.04912
1.0852249999999999,1.032932
1.0841509999999999,1.0158699999999998
1.083076,1.00012
1.082002,0.9843700000000001
1.080927,0.968183
1.079853,0.9533079999999999
1.078778,0.9375579999999999
1.077704,0.92312
1.076629,0.9086829999999999
1.075555,0.894246
1.074481,0.880246
1.0734059999999999,0.866246
1.0723319999999998,0.852246
1.071257,0.839121
1.0701829999999999,0.825558
1.069108,0.812871
1.068034,0.799746
1.066959,0.787496
1.065885,0.774809
1.06481,0.7629959999999999
1.063736,0.750309
1.0626609999999999,0.738934
1.061587,0.7271209999999999
1.060512,0.715309
1.0594379999999999,0.7043710000000001
1.058363,0.692996
1.057289,0.6820590000000001
1.056214,0.671121
1.05514,0.6606219999999999
1.054065,0.650122
1.052991,0.6396219999999999
1.0519159999999999,0.629559
1.050842,0.6190589999999999
1.049767,0.609434
1.0486929999999999,0.599809
1.047618,0.589747
1.046544,0.580559
1.04547,0.5709339999999999
1.044395,0.562185
1.043321,0.5525599999999999
1.042246,0.5433720000000001
1.041172,0.534622
1.040097,0.525872
1.039023,0.517122
1.0379479999999999,0.5083719999999999
1.0368739999999999,0.499622
1.035799,0.491747
1.034725,0.483435
1.03365,0.475122
1.032576,0.46724699999999997
1.031501,0.458935
1.030427,0.450623
1.029352,0.443185
1.028278,0.43574799999999997
1.0272029999999999,0.427873
1.0261289999999998,0.420435
1.025054,0.412998
1.02398,0.40556
1.022905,0.39855999999999997
1.021831,0.391123
1.020756,0.384123
1.019682,0.377123
1.018608,0.37056
1.017533,0.36356
1.016459,0.356998
1.015384,0.349998
1.01431,0.343873
1.0132349999999999,0.33731099999999997
1.0121609999999999,0.33031099999999997
1.011086,0.324623
1.010012,0.318498
1.008937,0.312373
1.007863,0.30624799999999996
1.006788,0.300123
1.005714,0.294436
1.004639,0.288748
1.003565,0.28306099999999995
1.0024899999999999,0.277373
1.0014159999999999,0.27168600000000004
1.000341,0.266436
0.9992669999999999,0.26118600000000003
0.998192,0.255498
0.997118,0.250248
0.9960429999999999,0.244998
0.994969,0.24018599999999998
0.9938939999999999,0.234936
0.9928199999999999,0.230123
0.991745,0.225311
0.990671,0.220499
0.989597,0.215686
0.9885219999999999,0.211311
0.987448,0.20693599999999998
0.9863729999999999,0.202561
0.9852989999999999,0.197749
0.984224,0.193374
0.98315,0.189436
0.9820749999999999,0.185061
0.9810009999999999,0.181124
0.979926,0.177624
0.9788519999999999,0.173249
0.977777,0.16974899999999998
0.976703,0.16581100000000001
0.9756279999999999,0.161874
0.9745539999999999,0.158374
0.973479,0.15487399999999998
0.972405,0.15137399999999998
0.9713299999999999,0.14787399999999998
0.970256,0.144374
0.969181,0.140874
0.9681069999999999,0.137811
0.967032,0.13431099999999999
0.965958,0.131686
0.9648829999999999,0.128624
0.9638089999999999,0.125124
0.962735,0.122499
0.96166,0.11943599999999999
0.9605859999999999,0.11637399999999999
0.959511,0.11374899999999999
0.958437,0.111124
0.9573619999999999,0.108499
0.9562879999999999,0.10543699999999999
0.955213,0.102812
0.954139,0.100187
0.9530639999999999,0.09799956800000001
0.95199,0.095374576
0.950915,0.093187088
0.9498409999999999,0.09056209600000001
0.948766,0.08837460800000001
0.947692,0.08640587200000001
0.9466169999999999,0.08421837600000001
0.9455429999999999,0.08203088800000001
0.944468,0.08006214400000002
0.943394,0.07787465600000001
0.9423189999999999,0.07568716
0.941245,0.07393717600000001
0.94017,0.071968432
0.9390959999999999,0.07021843200000001
0.938021,0.06846844800000002
0.936947,0.066499704
0.9358719999999999,0.06474971600000001
0.9347979999999999,0.06321846800000001
0.933724,0.061249732
0.932649,0.059718484
0.9315749999999999,0.058187244
0.9305,0.05643725200000001
0.929426,0.055124752000000006
0.9283509999999999,0.05359351200000001
0.9272769999999999,0.05206226800000001
0.926202,0.050749776
0.925128,0.049437284000000005
0.924053,0.047906036000000006
0.922979,0.046593544
0.921904,0.045062300000000007
0.9208299999999999,0.043968556000000006
0.919755,0.042874808
0.918681,0.041562316
0.9176059999999999,0.040577944000000005
0.916532,0.039484200000000004
0.915457,0.038171708000000006
0.914383,0.037296708000000005
0.913308,0.036202964000000004
0.912234,0.034999844
0.9111589999999999,0.034124848
0.9100849999999999,0.033140478
0.90901,0.032156106000000004
0.907936,0.031390486
0.9068609999999999,0.030406114000000005
0.905787,0.029531118000000002
0.904713,0.028765498000000004
0.9036379999999999,0.027890502
0.9025639999999999,0.02712488
0.901489,0.026249884000000005
0.900415,0.025593638000000002
0.8993399999999999,0.024937388
0.898266,0.024171768000000003
0.897191,0.023296772
0.8961169999999999,0.022749900000000003
0.895042,0.021984278000000003
0.893968,0.010208755
0.8928929999999999,0.014890334000000002
0.8918189999999999,0.015959929
0.890744,0.01593193
0.88967,0.015472731000000002
0.8885949999999999,0.014985533000000002
0.887521,0.014470337000000002
0.886446,0.013910338
0.8853719999999999,0.013395141000000001
0.884297,0.012913543000000001
0.883223,0.012415145
0.8821479999999999,0.011894348
0.8810739999999999,0.01145195
0.879999,0.011015151
0.878925,0.010561553
0.8778499999999999,0.010169555000000002
0.876776,0.009760757
0.875702,0.009374358
0.8746269999999999,0.008959961
0.8735529999999999,0.008556763
0.872478,0.008293563
0.871404,0.007890365
0.8703289999999999,0.0075823670000000004
0.869255,0.007263168000000001
0.86818,0.006938369000000001
0.8671059999999999,0.006591171000000001
0.866031,0.006305572000000001
0.864957,0.005997573000000001
0.8638819999999999,0.005762374000000001
0.8628079999999999,0.005482376000000001
0.861733,0.0052471770000000004
0.860659,0.005000778000000001
0.859584,0.0047543789999999995
0.85851,0.00447438
0.857435,0.004244781
0.8563609999999999,0.003998382000000001
0.855286,0.0037463830000000007
0.854212,0.0035615840000000005
0.8531369999999999,0.003320785
0.852063,0.003102386
0.850988,0.0029231870000000003
0.849914,0.002687988
0.8488399999999999,0.0025255880000000005
0.847765,0.002363189
0.846691,0.0021391900000000004
0.8456159999999999,0.0019991910000000004
0.844542,0.0018367910000000002
0.843467,0.001640792
0.842393,0.0015231930000000002
0.841318,0.0013663940000000002
0.840244,0.0011871940000000001
0.8391689999999999,0.0011031950000000002
0.8380949999999999,0.000923995
0.83702,0.000800796
0.835946,0.0006943960000000001
0.8348709999999999,0.0005487970000000001
0.833797,0.000436798
0.832722,0.00034159800000000003
0.8316479999999999,0.000179199
0.830573,0.00011199900000000001
0.829499,1.6799928e-05
0.8284239999999999,-9.5199592e-05
0.8273499999999999,-0.000145599
0.826275,-0.000251998
0.825201,-0.00035279800000000003
0.8241259999999999,-0.00041999800000000004
0.823052,-0.000565597
0.821978,-0.000643997
0.8209029999999999,-0.0007111960000000001
0.8198289999999999,-0.000811996
0.818754,-0.000923995
0.81768,-0.000968795
0.8166049999999999,-0.001097595
0.815531,-0.0011535940000000002
0.814456,-0.001215194
0.8133819999999999,-0.0013495940000000002
0.812307,-0.0013999930000000002
0.811233,-0.0014951930000000001
0.8101579999999999,-0.0015567930000000001
0.8090839999999999,-0.0015847930000000001
0.808009,-0.0016855920000000003
0.806935,-0.0017527920000000002
0.8058599999999999,-0.0017975920000000002
0.804786,-0.0018871910000000003
0.803711,-0.0019431910000000001
0.8026369999999999,-0.001971191
0.801562,-0.0020383910000000005
0.800488,-0.00208319
0.7994129999999999,-0.0020999900000000004
0.7983389999999999,-0.00218959
0.797264,-0.0022063900000000003
0.79619,-0.00226239
0.795115,-0.002318389
0.794041,-0.00229599
0.792967,-0.002368789
0.7918919999999999,-0.0024191890000000004
0.7908179999999999,-0.002441589
0.789743,-0.002531188
0.788669,-0.002547988
0.787594,-0.002575988
0.78652,-0.002637588
0.785445,-0.0027047880000000005
0.7843709999999999,-0.002727188
0.783296,-0.002777587
0.782222,-0.0028111870000000006
0.7811469999999999,-0.002861587
0.780073,-0.0029455870000000004
0.778998,-0.0029455870000000004
0.777924,-0.0030071860000000002
0.776849,-0.003068786
0.775775,-0.0030519860000000005
0.7746999999999999,-0.0031135860000000002
0.7736259999999999,-0.0031527860000000003
0.772551,-0.0031527860000000003
0.771477,-0.003175186
0.7704019999999999,-0.0032199850000000003
0.769328,-0.0032311850000000006
0.768253,-0.0032927850000000003
0.7671789999999999,-0.0033095850000000003
0.766104,-0.003337585
0.76503,-0.003393585
0.7639549999999999,-0.0033823850000000003
0.7628809999999999,-0.003387985
0.761807,-0.0034327850000000003
0.760732,-0.0034327850000000003
0.7596579999999999,-0.0034719840000000004
0.758583,-0.0034887840000000004
0.757509,-0.0034887840000000004
0.7564339999999999,-0.003533584
0.7553599999999999,-0.0035615840000000005
0.754285,-0.0035615840000000005
0.753211,-0.0036287840000000003
0.7521359999999999,-0.0036287840000000003
0.751062,-0.0036735830000000002
0.749987,-0.0037463830000000007
0.7489129999999999,-0.0037183830000000005
0.747838,-0.003796783
0.746764,-0.0038303830000000006
0.7456889999999999,-0.003847183
0.7446149999999999,-0.0038919820000000004
0.74354,-0.003931182000000001
0.742466,-0.003919982000000001
0.7413909999999999,-0.003959182
0.740317,-0.003992782
0.739242,-0.004020782
0.7381679999999999,-0.004059982
0.737093,-0.004087982
0.736019,-0.004099182
0.734945,-0.004115982000000001
0.7338699999999999,-0.004132781
0.732796,-0.004149581
0.731721,-0.004194381
0.7306469999999999,-0.004188781
0.729572,-0.004239181000000001
0.728498,-0.004250381000000001
0.7274229999999999,-0.0042279810000000004
0.726349,-0.004278381
0.725274,-0.004278381
0.7242,-0.004289581000000001
0.723125,-0.004323181000000001
0.722051,-0.004328781000000001
0.720976,-0.0043567810000000005
0.7199019999999999,-0.00441838
0.718827,-0.00444078
0.717753,-0.004463180000000001
0.7166779999999999,-0.00450798
0.715604,-0.004496780000000001
0.714529,-0.00455278
0.713455,-0.00459198
0.71238,-0.004603179000000001
0.711306,-0.004642379
0.710231,-0.004653579000000001
0.7091569999999999,-0.004659179
0.708083,-0.0047207790000000005
0.707008,-0.0047543789999999995
0.705934,-0.004776779
0.704859,-0.0048271780000000005
0.703785,-0.004815979000000001
0.70271,-0.004821578
0.7016359999999999,-0.0048775780000000005
0.700561,-0.0048775780000000005
0.699487,-0.004899978
0.6984119999999999,-0.004927978
0.697338,-0.004916778000000001
0.696263,-0.004989578000000001
0.695189,-0.004983978000000001
0.694114,-0.004972778000000001
0.69304,-0.0050399780000000005
0.6919649999999999,-0.005028778
0.6908909999999999,-0.0050399780000000005
0.689816,-0.005067977
0.688742,-0.005045578
0.6876669999999999,-0.005084777
0.686593,-0.005151977
0.685518,-0.005140777
0.6844439999999999,-0.005185577
0.683369,-0.005207977
0.682295,-0.0052471770000000004
0.6812199999999999,-0.005303176000000001
0.6801459999999999,-0.0053367760000000005
0.679072,-0.005331176000000001
0.677997,-0.005392776
0.6769229999999999,-0.005426376000000001
0.675848,-0.005459976
0.674774,-0.005493576000000001
0.6736989999999999,-0.005487976
0.6726249999999999,-0.005549575
0.67155,-0.005588775000000001
0.670476,-0.005605575
0.669401,-0.005639175000000001
0.668327,-0.005695175
0.667252,-0.005661575
0.6661779999999999,-0.005717575000000001
0.665103,-0.005739974
0.664029,-0.005734374
0.6629539999999999,-0.005795974000000001
0.66188,-0.005807174
0.660805,-0.005840774000000001
0.659731,-0.005868774
0.658656,-0.0058463740000000005
0.657582,-0.0058967740000000005
0.656507,-0.005941574
0.6554329999999999,-0.005919174000000001
0.654358,-0.005952774
0.653284,-0.005975173
0.6522089999999999,-0.006008773
0.651135,-0.006059173
0.650061,-0.006081573000000001
0.648986,-0.006115173
0.6479119999999999,-0.006165573000000001
0.646837,-0.006215972
0.645763,-0.0062271720000000004
0.6446879999999999,-0.006294372
0.643614,-0.006283172
0.642539,-0.006327972
0.641465,-0.006395172
0.64039,-0.006378372
0.639316,-0.006467971
0.638241,-0.006518371000000001
0.6371669999999999,-0.006523971000000001
0.636092,-0.006568771
0.635018,-0.006585571000000001
0.6339429999999999,-0.006591171000000001
0.632869,-0.0066695700000000005
0.631794,-0.006663970000000001
0.63072,-0.0067031700000000005
0.629645,-0.006764770000000001
0.628571,-0.006764770000000001
0.6274959999999999,-0.00679277
0.6264219999999999,-0.006837570000000001
0.625347,-0.0068487700000000006
0.624273,-0.006871169000000001
0.6231979999999999,-0.006927169
0.622124,-0.006932769000000001
0.62105,-0.006966369
0.6199749999999999,-0.006971969000000001
0.6189009999999999,-0.006999969000000001
0.617826,-0.007083969000000001
0.616752,-0.007083969000000001
0.6156769999999999,-0.007117568000000001
0.614603,-0.007190368000000001
0.613528,-0.007223968000000001
0.6124539999999999,-0.007268768000000001
0.611379,-0.0073527670000000005
0.610305,-0.007358367000000001
0.6092299999999999,-0.007431167000000001
0.6081559999999999,-0.007498366000000001
0.607081,-0.007503966000000002
0.606007,-0.007576767000000001
0.604932,-0.0076103670000000016
0.603858,-0.007632766000000001
0.602783,-0.007711166
0.6017089999999999,-0.007744766000000001
0.600634,-0.007767166000000001
0.59956,-0.007834365000000001
0.5984849999999999,-0.007862365
0.597411,-0.007907165
0.596336,-0.007963164000000002
0.595262,-0.007963164000000002
0.5941879999999999,-0.008030365000000001
0.593113,-0.008091964
0.592039,-0.008108764000000001
0.5909639999999999,-0.008153564000000002
0.58989,-0.008181564
0.588815,-0.008203964000000001
0.587741,-0.008265563
0.586666,-0.008310363000000001
0.585592,-0.008310363000000001
0.584517,-0.008399963
0.5834429999999999,-0.008439162
0.582368,-0.008472762000000002
0.581294,-0.008573563000000001
0.5802189999999999,-0.008584762000000001
0.579145,-0.008674362
0.57807,-0.008735961
0.576996,-0.008747161
0.575921,-0.008847961
0.574847,-0.008926360000000001
0.573772,-0.00894316
0.5726979999999999,-0.009015961
0.571623,-0.00907756
0.570549,-0.00909996
0.5694739999999999,-0.009189559
0.5684,-0.009245559
0.567326,-0.009290359000000002
0.566251,-0.009368758
0.5651769999999999,-0.009396758
0.564102,-0.009458359000000001
0.563028,-0.009531158
0.5619529999999999,-0.009559158
0.560879,-0.009643157000000001
0.559804,-0.009687957
0.55873,-0.009715957
0.557655,-0.009799957000000002
0.556581,-0.009844756000000001
0.5555059999999999,-0.009878357
0.5544319999999999,-0.009962356
0.553357,-0.009984756000000001
0.552283,-0.010051956
0.5512079999999999,-0.010124755000000001
0.550134,-0.010158355
0.549059,-0.010242355
0.5479849999999999,-0.010309554
0.54691,-0.010348755
0.545836,-0.010455154000000001
0.5447609999999999,-0.010511154
0.5436869999999999,-0.010595153000000001
0.542612,-0.010695953
0.541538,-0.010751952
0.540463,-0.010813553000000002
0.539389,-0.010936752000000001
0.538314,-0.010987152000000002
0.5372399999999999,-0.011054351
0.5361659999999999,-0.011155151000000002
0.535091,-0.011205550000000002
0.534017,-0.011295151000000002
0.532942,-0.01138475
0.531868,-0.01145755
0.530793,-0.011535949
0.5297189999999999,-0.011614349000000001
0.528644,-0.011675948000000002
0.52757,-0.011776748
0.5264949999999999,-0.011855148
0.525421,-0.011888748000000001
0.524346,-0.012006347000000002
0.523272,-0.012079146
0.522197,-0.012146346
0.521123,-0.012247146
0.520048,-0.012297546000000001
0.5189739999999999,-0.012387145
0.517899,-0.012499145000000001
0.516825,-0.012532745
0.5157499999999999,-0.012644745
0.514676,-0.012762344
0.513601,-0.012851943000000001
0.512527,-0.012963943
0.511452,-0.013031142
0.510378,-0.013120743
0.509304,-0.013255142000000001
0.5082289999999999,-0.013361541000000001
0.507155,-0.013467940000000001
0.50608,-0.013596740000000001
0.505006,-0.013663940000000001
0.503931,-0.013770339000000001
0.502857,-0.013915938000000001
0.501782,-0.013955138
0.5007079999999999,-0.014117538
0.499633,-0.014246337000000001
0.498559,-0.014330337000000002
0.497484,-0.014475937000000001
0.49640999999999996,-0.014571136
0.49533499999999997,-0.014638336000000002
0.49426099999999995,-0.014778335000000002
0.49318599999999996,-0.014895934000000001
0.492112,-0.014979934000000002
0.491037,-0.015131132
0.489963,-0.015248733
0.488888,-0.015321533
0.48781399999999997,-0.015461531000000002
0.486739,-0.015556732000000002
0.48566499999999996,-0.015702331
0.48458999999999997,-0.015847930000000003
0.483516,-0.01593193
0.48244099999999995,-0.016043929000000002
0.481367,-0.016167129
0.48029299999999997,-0.016301528000000003
0.479218,-0.016447127000000002
0.47814399999999996,-0.016570328000000002
0.47706899999999997,-0.016721526
0.475995,-0.016895126
0.47491999999999995,-0.017040724
0.473846,-0.017191924
0.472771,-0.017343122000000002
0.471697,-0.017477524
0.470622,-0.017667922000000003
0.46954799999999997,-0.017852720000000002
0.468473,-0.017964722
0.46739899999999995,-0.018149520000000002
0.46632399999999996,-0.018306318000000002
0.46525,-0.018446318
0.464175,-0.018625518000000004
0.463101,-0.018793516
0.462026,-0.018972716000000004
0.460952,-0.019151916
0.459877,-0.019286314000000002
0.45880299999999996,-0.019476714000000003
0.45772799999999997,-0.019655912
0.456654,-0.019823914
0.45557899999999996,-0.020003112000000003
0.454505,-0.020227110000000003
0.45343,-0.02036711
0.452356,-0.020540708
0.45128199999999996,-0.02073111
0.45020699999999997,-0.020893508
0.449133,-0.021139908000000002
0.44805799999999996,-0.021319106
0.446984,-0.021503904
0.445909,-0.021761504
0.444835,-0.021951904
0.44376,-0.022159102000000003
0.44268599999999997,-0.022411100000000003
0.441611,-0.0226071
0.44053699999999996,-0.0228479
0.43946199999999996,-0.023116698
0.438388,-0.023335098000000002
0.437313,-0.023587096000000002
0.436239,-0.023816694000000003
0.435164,-0.024063094000000004
0.43409,-0.024320692
0.433015,-0.024567092
0.43194099999999996,-0.02483029
0.43086599999999997,-0.02512709
0.429792,-0.025339888
0.42871699999999996,-0.025619886
0.427643,-0.025883086000000003
0.426568,-0.026123884000000003
0.425494,-0.026431884
0.42441999999999996,-0.026734282000000005
0.42334499999999997,-0.02695828
0.422271,-0.027288680000000003
0.42119599999999996,-0.02759108
0.420122,-0.027831876000000002
0.419047,-0.028184676000000002
0.417973,-0.028481474
0.416898,-0.028739072000000004
0.41582399999999997,-0.029086272000000003
0.414749,-0.029366270000000003
0.41367499999999996,-0.029679868
0.41259999999999997,-0.030032668000000002
0.411526,-0.030407866
0.41045099999999995,-0.030760664000000007
0.409377,-0.031130264
0.408302,-0.03144946
0.407228,-0.03183025800000001
0.406153,-0.032244658
0.40507899999999997,-0.032619856
0.404004,-0.033039854
0.40292999999999995,-0.033409454000000005
0.40185499999999996,-0.033818252
0.400781,-0.034294252000000004
0.399706,-0.034675048
0.398632,-0.035078244
0.397557,-0.035543044
0.396483,-0.03596864
0.39540899999999995,-0.03641664000000001
0.39433399999999996,-0.03687583600000001
0.39326,-0.037318236000000005
0.392185,-0.037811036000000006
0.391111,-0.03827023200000001
0.390036,-0.038701432
0.388962,-0.03922222400000001
0.387887,-0.03968142400000001
0.38681299999999996,-0.040174220000000004
0.38573799999999997,-0.04070622
0.384664,-0.041193416000000004
0.38358899999999996,-0.041647016
0.382515,-0.042190212000000005
0.38144,-0.042649412000000005
0.380366,-0.043119808
0.379291,-0.043646208000000006
0.37821699999999997,-0.044094208
0.377142,-0.044609404000000005
0.37606799999999996,-0.0450798
0.37499299999999997,-0.0455054
0.373919,-0.045964596
0.372844,-0.046418196
0.37177,-0.046776596000000004
0.370695,-0.04721899200000001
0.369621,-0.047599792
0.368546,-0.047918988
0.36747199999999997,-0.048327788
0.366398,-0.048663784
0.365323,-0.048960584
0.364249,-0.050312276
0.363174,-0.050749776
0.3621,-0.05129664800000001
0.361025,-0.052281016
0.35995099999999997,-0.053046640000000006
0.358876,-0.053702888000000004
0.357802,-0.054796632000000005
0.35672699999999996,-0.055562252000000006
0.355653,-0.056656
0.354578,-0.057640368000000004
0.353504,-0.058187244
0.352429,-0.05939036000000001
0.351355,-0.060374732
0.35028,-0.06114035200000001
0.34920599999999996,-0.062452852
0.34813099999999997,-0.06354659600000001
0.347057,-0.064421588
0.345982,-0.065734088
0.344908,-0.066718452
0.343833,-0.067921568
0.342759,-0.06923407200000001
0.341684,-0.07021843200000001
0.34060999999999997,-0.071530936
0.339536,-0.07295280000000001
0.338461,-0.074046544
0.337387,-0.07546841600000001
0.336312,-0.07699965600000001
0.335238,-0.07820277600000002
0.334163,-0.07973402400000001
0.33308899999999997,-0.08115588800000001
0.332014,-0.082468384
0.33094,-0.084327752
0.32986499999999996,-0.085749616
0.328791,-0.087280856
0.327716,-0.08914023200000001
0.326642,-0.090780848
0.325567,-0.09253084000000002
0.324493,-0.09439020800000002
0.323418,-0.09624956800000001
0.32234399999999996,-0.098108944
0.32126899999999997,-0.09996830400000001
0.320195,-0.101718
0.31911999999999996,-0.104015
0.318046,-0.10609299999999999
0.316971,-0.10817099999999999
0.315897,-0.110468
0.314822,-0.112546
0.31374799999999997,-0.114733
0.312673,-0.117358
0.31159899999999996,-0.119655
0.310525,-0.122061
0.30945,-0.12490499999999999
0.308376,-0.127311
0.307301,-0.130155
0.30622699999999997,-0.133108
0.305152,-0.135952
0.30407799999999996,-0.139015
0.30300299999999997,-0.14196799999999998
0.301929,-0.144921
0.300854,-0.148421
0.29978,-0.151702
0.298705,-0.154983
0.297631,-0.15870199999999998
0.296556,-0.162093
0.29548199999999997,-0.16592099999999999
0.294407,-0.16974899999999998
0.293333,-0.17368599999999998
0.29225799999999996,-0.17784199999999997
0.291184,-0.182108
0.290109,-0.186264
0.289035,-0.190967
0.28796,-0.195452
0.286886,-0.200155
0.285811,-0.20529499999999998
0.28473699999999996,-0.21021700000000001
0.283663,-0.21546700000000002
0.282588,-0.220936
0.281514,-0.226623
0.280439,-0.23242
0.279365,-0.238436
0.27829,-0.244452
0.27721599999999996,-0.25112300000000004
0.27614099999999997,-0.257905
0.275067,-0.264576
0.273992,-0.27201400000000003
0.272918,-0.27934200000000003
0.271843,-0.287108
0.270769,-0.295311
0.269694,-0.303623
0.26861999999999997,-0.312154
0.267545,-0.321342
0.266471,-0.33063899999999996
0.26539599999999997,-0.340592
0.264322,-0.350764
0.263247,-0.361373
0.262173,-0.372529
0.261098,-0.384123
0.260024,-0.396154
0.258949,-0.40884099999999995
0.25787499999999997,-0.42207599999999995
0.2568,-0.43574799999999997
0.255726,-0.45029399999999997
0.254652,-0.465716
0.253577,-0.481466
0.252503,-0.49841899999999995
0.251428,-0.515919
0.25035399999999997,-0.534622
0.249279,-0.554638
0.24820499999999998,-0.575309
0.24713,-0.597841
0.246056,-0.621575
0.24498099999999998,-0.646731
0.24390699999999998,-0.6744030000000001
0.242832,-0.703606
0.241758,-0.735324
0.24068299999999998,-0.769996
0.239609,-0.8069649999999999
0.238534,-0.846996
0.23745999999999998,-0.889761
0.23638499999999998,-0.934277
0.235311,-0.980979
0.234236,-1.032276
0.23316199999999998,-1.0821509999999999
0.232087,-1.134213
0.231013,-1.186932
0.22993799999999998,-1.2411809999999999
0.22886399999999998,-1.2965250000000001
0.227789,-1.353837
0.226715,-1.4129
0.22564099999999998,-1.475243
0.224566,-1.539336
0.223492,-1.606274
0.222417,-1.6762730000000001
0.22134299999999998,-1.7486789999999999
0.220268,-1.8241479999999999
0.219194,-1.90246
0.21811899999999998,-1.982959
0.217045,-2.070678
0.21597,-2.157302
0.214896,-2.246989
0.21382099999999998,-2.339739
0.212747,-2.4338010000000003
0.211672,-2.5304879999999996
0.21059799999999998,-2.6298
0.209523,-2.72955
0.208449,-2.831049
0.207374,-2.935174
0.20629999999999998,-3.037986
0.205225,-3.143423
0.204151,-3.2484230000000003
0.20307599999999998,-3.351672
0.202002,-3.454047
0.200927,-3.553796
0.199853,-3.649171
0.19877799999999998,-3.740608
0.197704,-3.8250449999999994
0.19663,-3.905107
0.19555499999999998,-3.9724819999999994
0.194481,-4.031107
0.193406,-4.080981
0.192332,-4.121231
0.19125699999999998,-4.150981000000001
0.190183,-4.169356
0.189108,-4.177231
0.18803399999999998,-4.172856
0.186959,-4.1579809999999995
0.185885,-4.1308560000000005
0.18481,-4.089731
0.18373599999999998,-4.038106
0.182661,-3.974232
0.181587,-3.898982
0.18051199999999998,-3.814107
0.179438,-3.717858
0.178363,-3.6111079999999998
0.177289,-3.497359
0.17621399999999998,-3.37486
0.17514,-3.2453600000000002
0.174065,-3.110611
0.172991,-2.968861
0.17191599999999999,-2.824487
0.170842,-2.676613
0.169768,-2.525238
0.16869299999999998,-2.373864
0.167619,-2.221615
0.166544,-2.0693650000000003
0.16547,-1.9206159999999999
0.16439499999999999,-1.7736169999999998
0.163321,-1.630992
0.162246,-1.494493
0.16117199999999998,-1.362368
0.160097,-1.2363689999999998
0.159023,-1.11912
0.157948,-1.0097450000000001
0.15687399999999999,-0.90912
0.155799,-0.817246
0.154725,-0.734996
0.15364999999999998,-0.661497
0.152576,-0.597622
0.151501,-0.541622
0.150427,-0.493497
0.14935199999999998,-0.452372
0.148278,-0.417373
0.147203,-0.387623
0.14612899999999998,-0.36312300000000003
0.145054,-0.341248
0.14398,-0.323748
0.142905,-0.307123
0.14183099999999998,-0.29399800000000004
0.140757,-0.281748
0.139682,-0.271248
0.13860799999999998,-0.261623
0.137533,-0.25374800000000003
0.136459,-0.24587299999999998
0.135384,-0.237998
0.13430999999999998,-0.231873
0.133235,-0.22487300000000002
0.132161,-0.219624
0.13108599999999998,-0.213499
0.130012,-0.208249
0.128937,-0.202999
0.127863,-0.198624
0.12678799999999998,-0.193374
0.125714,-0.18899899999999997
0.124639,-0.183749
0.123565,-0.179374
0.12248999999999999,-0.174999
0.121416,-0.170624
0.12034099999999999,-0.166686
0.119267,-0.163186
0.11819199999999999,-0.158811
0.117118,-0.155749
0.116043,-0.152249
0.11496899999999999,-0.14831099999999997
0.113894,-0.146124
0.11281999999999999,-0.142186
0.111746,-0.139124
0.11067099999999999,-0.136936
0.109597,-0.133436
0.108522,-0.131686
0.107448,-0.12906099999999998
0.106373,-0.12643600000000002
0.10529899999999999,-0.124686
0.104224,-0.122499
0.10314999999999999,-0.120311
0.102075,-0.118999
0.101001,-0.11724899999999999
0.099926736,-0.11549899999999999
0.098852256,-0.114186
0.09777777600000001,-0.112874
0.09670329600000001,-0.111124
0.095628816,-0.110249
0.094554336,-0.10893699999999999
0.093479848,-0.10806199999999999
0.092405368,-0.10718699999999999
0.09133089600000001,-0.105874
0.09025640800000001,-0.104999
0.08918192800000001,-0.104124
0.088107448,-0.102812
0.087032968,-0.102812
0.08595848,-0.101499
0.084884,-0.100624
0.08380952800000001,-0.100187
0.08273504000000001,-0.09931205600000001
0.08166056000000001,-0.09887456800000001
0.08058607200000001,-0.098437064
0.0795116,-0.097562064
0.07843712,-0.09712456800000001
0.077362632,-0.09712456800000001
0.07628816000000001,-0.09624956800000001
0.07521367200000001,-0.09581207200000001
0.074139192,-0.095374576
0.073064712,-0.09493708000000001
0.071990232,-0.09493708000000001
0.070915752,-0.09493708000000001
0.069841264,-0.09406208
0.068766784,-0.093843336
0.067692312,-0.093843336
0.066617824,-0.09340584000000002
0.065543348,-0.09362458400000001
0.06446886,-0.09340584000000002
0.063394384,-0.09340584000000002
0.062319900000000004,-0.09362458400000001
0.06124542,-0.09340584000000002
0.060170940000000006,-0.09340584000000002
0.05909646,-0.093843336
0.058021976,-0.093187088
0.056947496,-0.09340584000000002
0.055873016000000005,-0.09340584000000002
0.054798532000000004,-0.09340584000000002
0.053724056000000006,-0.09406208
0.052649572000000006,-0.09406208
0.051575092,-0.093843336
0.050500608,-0.09471832800000002
0.049426128,-0.09449958400000001
0.048351648000000004,-0.09428083200000001
0.047277168,-0.09471832800000002
0.046202684,-0.09471832800000002
0.045128204000000005,-0.09471832800000002
0.044053724,-0.095374576
0.04297924,-0.095155824
0.041904764000000004,-0.095155824
0.040830280000000004,-0.09581207200000001
0.0397558,-0.09581207200000001
0.038681316,-0.096030824
0.037606836000000005,-0.096030824
0.036532356,-0.09624956800000001
0.035457876,-0.09668707200000001
0.034383392,-0.09646832000000001
0.033308912,-0.09668707200000001
0.03223443,-0.09712456800000001
0.031159950000000002,-0.09734332000000001
0.030085470000000003,-0.09712456800000001
0.029010988,-0.09734332000000001
0.027936508000000002,-0.097562064
0.026862028000000003,-0.097562064
0.025787546,-0.097780816
0.024713064,-0.097562064
0.023638584,-0.097780816
0.022564102000000003,-0.09799956800000001
0.02148962,-0.09799956800000001
0.020415140000000002,-0.09799956800000001
0.019340658,-0.097780816
0.018266178,-0.097562064
0.017191696,-0.097780816
0.016117215,-0.097562064
0.015042735000000002,-0.097780816
0.013968254000000001,-0.097780816
0.012893773,-0.097562064
0.011819292,-0.097562064
0.01074481,-0.09734332000000001
0.009670329,-0.096905824
0.008595848,-0.09668707200000001
0.007521367,-0.09646832000000001
0.006446886000000001,-0.09624956800000001
0.005372405,-0.09646832000000001
0.004297924,-0.09559332800000002
0.0032234430000000003,-0.095374576
0.002148962,-0.095155824
0.001074481,-0.09449958400000001
0.0,-0.09449958400000001
-0.001074481,-0.09449958400000001
-0.002148962,-0.093843336
-0.0032234430000000003,-0.09362458400000001
-0.004297924,-0.09362458400000001
-0.005372405,-0.092968336
-0.006446886000000001,-0.09253084000000002
-0.007521367,-0.092312088
-0.008595848,-0.091874592
-0.009670329,-0.09143709600000001
-0.01074481,-0.091218344
-0.011819292,-0.091218344
-0.012893773,-0.09099960000000001
-0.013968254000000001,-0.089905856
-0.015042735000000002,-0.08968709600000001
-0.016117215,-0.08968709600000001
-0.017191696,-0.088812104
-0.018266178,-0.088812104
-0.019340658,-0.08837460800000001
-0.020415140000000002,-0.08771836
-0.02148962,-0.08793711200000001
-0.022564102000000003,-0.087280856
-0.023638584,-0.086624616
-0.024713064,-0.08640587200000001
-0.025787546,-0.085968368
-0.026862028000000003,-0.08553087200000001
-0.027936508000000002,-0.085093368
-0.029010988,-0.08465587200000001
-0.030085470000000003,-0.083780872
-0.031159950000000002,-0.08399963200000002
-0.03223443,-0.083343384
-0.033308912,-0.08290588800000001
-0.034383392,-0.08268712800000001
-0.035457876,-0.082249632
-0.036532356,-0.08203088800000001
-0.037606836000000005,-0.081593384
-0.038681316,-0.08137464
-0.0397558,-0.08115588800000001
-0.040830280000000004,-0.08028088800000001
-0.041904764000000004,-0.08028088800000001
-0.04297924,-0.08028088800000001
-0.044053724,-0.07984340000000001
-0.045128204000000005,-0.07918714400000001
-0.046202684,-0.078749648
-0.047277168,-0.078749648
-0.048351648000000004,-0.07853090400000001
-0.049426128,-0.07787465600000001
-0.050500608,-0.07743716
-0.051575092,-0.07743716
-0.052649572000000006,-0.07743716
-0.053724056000000006,-0.076780904
-0.054798532000000004,-0.076780904
-0.055873016000000005,-0.076124664
-0.056947496,-0.07524966400000001
-0.058021976,-0.07568716
-0.05909646,-0.07546841600000001
-0.060170940000000006,-0.07503092
-0.06124542,-0.074374672
-0.062319900000000004,-0.07393717600000001
-0.063394384,-0.073718424
-0.06446886,-0.073499672
-0.065543348,-0.072843432
-0.066617824,-0.07262468000000001
-0.067692312,-0.072843432
-0.068766784,-0.07174968000000001
-0.069841264,-0.072187176
-0.070915752,-0.07174968000000001
-0.071990232,-0.071530936
-0.073064712,-0.071312184
-0.074139192,-0.070655936
-0.07521367200000001,-0.070874688
-0.07628816000000001,-0.07109343200000001
-0.077362632,-0.07021843200000001
-0.07843712,-0.07043719200000001
-0.0795116,-0.07021843200000001
-0.08058607200000001,-0.069780936
-0.08166056000000001,-0.06890594400000001
-0.08273504000000001,-0.06956219200000001
-0.08380952800000001,-0.06890594400000001
-0.084884,-0.06890594400000001
-0.08595848,-0.06934344800000002
-0.087032968,-0.06868719200000001
-0.088107448,-0.06868719200000001
-0.08918192800000001,-0.067593448
-0.09025640800000001,-0.067155952
-0.09133089600000001,-0.0678122
-0.092405368,-0.067593448
-0.093479848,-0.06737470400000001
-0.094554336,-0.06737470400000001
-0.095628816,-0.066280956
-0.09670329600000001,-0.066499704
-0.09777777600000001,-0.066499704
-0.098852256,-0.06584346
-0.099926736,-0.066280956
-0.101001,-0.066062208
-0.102075,-0.06540596000000001
-0.10314999999999999,-0.06474971600000001
-0.104224,-0.06453096000000001
-0.10529899999999999,-0.06453096000000001
-0.106373,-0.06431221200000001
-0.107448,-0.06431221200000001
-0.108522,-0.064093464
-0.109597,-0.06387471600000001
-0.11067099999999999,-0.06343722
-0.111746,-0.06387471600000001
-0.11281999999999999,-0.064093464
-0.113894,-0.06299972
-0.11496899999999999,-0.06321846800000001
-0.116043,-0.06343722
-0.117118,-0.06321846800000001
-0.11819199999999999,-0.062562224
-0.119267,-0.062562224
-0.12034099999999999,-0.061905976
-0.121416,-0.062562224
-0.12248999999999999,-0.061905976
-0.123565,-0.06168722800000001
-0.124639,-0.062562224
-0.125714,-0.06146848
-0.12678799999999998,-0.06168722800000001
-0.127863,-0.061249732
-0.128937,-0.06059348
-0.130012,-0.061249732
-0.13108599999999998,-0.06081222800000001
-0.132161,-0.06103097600000001
-0.133235,-0.060374732
-0.13430999999999998,-0.060374732
-0.135384,-0.059062236000000004
-0.136459,-0.059280988
-0.137533,-0.059280988
-0.13860799999999998,-0.059499736000000004
-0.139682,-0.059718484
-0.140757,-0.059062236000000004
-0.14183099999999998,-0.059718484
-0.142905,-0.059280988
-0.14398,-0.059062236000000004
-0.145054,-0.059499736000000004
-0.14612899999999998,-0.05862474000000001
-0.147203,-0.057968492
-0.148278,-0.05862474000000001
-0.14935199999999998,-0.05862474000000001
-0.150427,-0.057968492
-0.151501,-0.059280988
-0.152576,-0.057968492
-0.15364999999999998,-0.057968492
-0.154725,-0.058405992000000004
-0.155799,-0.057749744
-0.15687399999999999,-0.057749744
-0.157948,-0.058405992000000004
-0.159023,-0.05753099600000001
-0.160097,-0.05753099600000001
-0.16117199999999998,-0.05709349600000001
-0.162246,-0.05643725200000001
-0.163321,-0.056656
-0.16439499999999999,-0.056874748
-0.16547,-0.056656
-0.166544,-0.056656
-0.167619,-0.05643725200000001
-0.16869299999999998,-0.05599975200000001
-0.169768,-0.056218500000000005
-0.170842,-0.055124752000000006
-0.17191599999999999,-0.055124752000000006
-0.172991,-0.055124752000000006
-0.174065,-0.055781004
-0.17514,-0.055343504
-0.17621399999999998,-0.055562252000000006
-0.177289,-0.05468726
-0.178363,-0.055343504
-0.179438,-0.054906008000000006
-0.18051199999999998,-0.054906008000000006
-0.181587,-0.055343504
-0.182661,-0.05468726
-0.18373599999999998,-0.05424976
-0.18481,-0.054468508000000006
-0.185885,-0.05337476
-0.186959,-0.05424976
-0.18803399999999998,-0.05424976
-0.189108,-0.05359351200000001
-0.190183,-0.05424976
-0.19125699999999998,-0.054031012
-0.192332,-0.054031012
-0.193406,-0.05359351200000001
-0.194481,-0.05381226
-0.19555499999999998,-0.054031012
-0.19663,-0.05337476
-0.197704,-0.05315601200000001
-0.19877799999999998,-0.05249976800000001
-0.199853,-0.054031012
