Potential (V),Current (uA)
-0.199853,-1.6379920000000001
-0.18964499999999998,-0.433998
-0.179438,-0.111999
-0.16923,-0.020999908000000005
-0.159023,-0.006999969000000001
-0.148815,-0.006999969000000001
-0.13860799999999998,0.0
-0.1284,0.0
-0.11819199999999999,0.0
-0.107985,0.0017499920000000001
-0.09777777600000001,0.0017499920000000001
-0.08757020800000001,0.0017499920000000001
-0.077362632,0.0026249880000000004
-0.067155064,0.0026249880000000004
-0.056947496,0.0043749800000000005
-0.046739924,0.004812478
-0.036532356,0.005249977000000001
-0.026324786000000003,0.006124973000000001
-0.016117215,0.006999969000000001
-0.005909646,0.007874965
0.004297924,0.008531212
0.014505494,0.009515583
0.024713064,0.010499954000000002
0.034920632,0.011265575000000002
0.045128204000000005,0.014621536000000001
0.055335776,0.021307906
0.065543348,0.024410292000000004
0.07575092,0.026515882
0.08595848,0.028307874
0.096166048,0.030027068000000004
0.106373,0.031791062
0.11658099999999999,0.03368385200000001
0.12678799999999998,0.03566064
0.136996,0.037508636000000005
0.147203,0.039631024
0.157411,0.041759016
0.167619,0.043691008
0.17782599999999998,0.045578200000000006
0.18803399999999998,0.047274992
0.198241,0.048529388
0.208449,0.049615780000000005
0.218656,0.046156044
0.22886399999999998,0.048452912
0.23907199999999998,0.051187276000000004
0.249279,0.054359132000000004
0.25948699999999997,0.057640368000000004
0.269694,0.060921604
0.279902,0.06431221200000001
0.290109,0.068140328
0.300317,0.071968432
0.310525,0.07601528800000001
0.32073199999999996,0.08039026400000002
0.33094,0.08498399200000001
0.341147,0.08979648000000001
0.351355,0.09493708000000001
0.361562,0.10073299999999999
0.37177,0.106749
0.38197699999999996,0.113311
0.392185,0.120749
0.402393,0.12884299999999999
0.41259999999999997,0.137483
0.42280799999999996,0.14743599999999998
0.433015,0.158374
0.443223,0.170405
0.45343,0.184077
0.463638,0.19927999999999998
0.473846,0.21601399999999998
0.48405299999999996,0.23449799999999998
0.49426099999999995,0.256155
0.504468,0.279889
0.514676,0.307014
0.524883,0.340264
0.535091,0.37920099999999995
0.545299,0.42327899999999996
0.5555059999999999,0.471076
0.5657139999999999,0.521278
0.575921,0.571044
0.586129,0.618294
0.596336,0.6627000000000001
0.606544,0.702403
0.616752,0.73609
0.6269589999999999,0.765949
0.6371669999999999,0.79034
0.647374,0.809261
0.657582,0.82348
0.667789,0.833433
0.677997,0.840324
0.688205,0.845136
0.6984119999999999,0.852793
0.7086199999999999,0.863949
0.718827,0.879042
0.729035,0.9027769999999999
0.739242,0.933292
0.74945,0.9704799999999999
0.7596579999999999,1.011057
0.7698649999999999,1.058526
0.780073,1.108182
0.79028,1.1580570000000001
0.800488,1.2074939999999998
0.8106949999999999,1.2551809999999999
0.8209029999999999,1.299369
0.8311109999999999,1.340275
0.841318,1.3776810000000002
0.851526,1.410274
0.861733,1.4384929999999998
0.871941,1.461243
0.8821479999999999,1.47918
0.8923559999999999,1.492087
0.9025639999999999,1.50193
0.912771,1.5102429999999998
0.922979,1.516368
0.933186,1.522493
0.943394,1.529711
0.9536009999999999,1.537805
0.9638089999999999,1.5485239999999998
0.9740169999999999,1.563399
0.984224,1.583086
0.994432,1.609774
1.004639,1.6436799999999998
1.014847,1.686773
1.025054,1.7397099999999999
1.035262,1.8048980000000001
1.04547,1.8867099999999999
1.055677,1.9868970000000001
1.065885,2.11049
1.076092,1.942928
1.0863,1.814741
1.096507,1.718054
1.106715,1.636242
1.1169229999999999,1.5684299999999998
1.12713,1.5080550000000001
1.137338,1.454681
1.147545,1.4087429999999999
1.157753,1.3654309999999998
1.1679599999999999,1.327369
1.1781679999999999,1.292806
1.1883759999999999,1.259994
1.198583,1.231557
1.208791,1.2035569999999998
1.218998,1.1781819999999998
1.229206,1.155869
1.2394129999999999,1.1322439999999998
1.2496209999999999,1.112995
1.2598289999999999,1.09287
1.270036,1.074932
1.280244,1.0587449999999998
1.290451,1.041245
1.300659,1.02637
1.3108659999999999,1.011933
1.3210739999999999,0.997495
1.331281,0.985245
1.341489,0.9712449999999999
1.351697,0.9598699999999999
1.361904,0.948933
1.372112,0.936245
1.3823189999999999,0.92662
1.3925269999999998,0.91612
1.402734,0.90562
1.412942,0.897308
1.42315,0.8868079999999999
1.433357,0.8789330000000001
1.443565,0.870183
1.4537719999999998,0.860996
1.4639799999999998,0.854433
1.474187,0.845683
1.484395,0.8382459999999999
1.494603,0.8312459999999999
1.50481,0.823371
1.494603,0.817246
1.484395,0.809808
1.474187,0.803683
1.4639799999999998,0.797558
1.4537719999999998,0.790558
1.443565,0.785308
1.433357,0.7787459999999999
1.42315,0.7730589999999999
1.412942,0.767809
1.402734,0.761246
1.3925269999999998,0.756871
1.3823189999999999,0.751184
1.372112,0.745496
1.361904,0.741121
1.351697,0.7354339999999999
1.341489,0.731059
1.331281,0.7262460000000001
1.3210739999999999,0.720996
1.3108659999999999,0.717496
1.300659,0.7118089999999999
1.290451,0.707871
1.280244,0.7039340000000001
1.270036,0.698684
1.2598289999999999,0.695184
1.2496209999999999,0.6908089999999999
1.2394129999999999,0.686434
1.229206,0.6829339999999999
1.218998,0.678121
1.208791,0.6750590000000001
1.198583,0.671121
1.1883759999999999,0.6667470000000001
1.1781679999999999,0.664122
1.1679599999999999,0.659309
1.157753,0.6566839999999999
1.147545,0.652747
1.137338,0.648372
1.12713,0.6461840000000001
1.1169229999999999,0.641809
1.106715,0.638747
1.096507,0.636122
1.0863,0.5591219999999999
1.076092,0.468997
1.065885,0.39681
1.055677,0.336436
1.04547,0.28656099999999995
1.035262,0.24543600000000002
1.025054,0.21087399999999998
1.014847,0.181561
1.004639,0.15662399999999999
0.994432,0.135186
0.984224,0.11637399999999999
0.9740169999999999,0.09931205600000001
0.9638089999999999,0.08487462400000001
0.9536009999999999,0.070874688
0.943394,0.058187244
0.933186,0.046812292000000005
0.922979,0.034781096000000004
0.912771,0.023624896000000003
0.9025639999999999,0.011593698000000001
0.8923559999999999,0.00021874900000000002
0.8821479999999999,-0.011921822
0.871941,-0.035156648
0.861733,-0.047683792
0.851526,-0.052029372000000004
0.841318,-0.06989031200000001
0.8311109999999999,-0.086843368
0.8209029999999999,-0.10664
0.8106949999999999,-0.12884299999999999
0.800488,-0.153561
0.79028,-0.181561
0.780073,-0.213389
0.7698649999999999,-0.24992
0.7596579999999999,-0.290279
0.74945,-0.336326
0.739242,-0.389045
0.729035,-0.447232
0.718827,-0.513513
0.7086199999999999,-0.5867939999999999
0.6984119999999999,-0.666965
0.688205,-0.7524959999999999
0.677997,-0.8436049999999999
0.667789,-0.9370109999999999
0.657582,-1.0256040000000002
0.647374,-1.1101509999999999
0.6371669999999999,-1.1836499999999999
0.6269589999999999,-1.2400879999999999
0.616752,-1.277931
0.606544,-1.3009
0.596336,-1.3116189999999999
0.586129,-1.3149
0.575921,-1.3166499999999999
0.5657139999999999,-1.316431
0.5555059999999999,-1.3149
0.545299,-1.310525
0.535091,-1.3044
0.524883,-1.293463
0.514676,-1.2764
0.504468,-1.2553999999999998
0.49426099999999995,-1.229369
0.48405299999999996,-1.200713
0.473846,-1.170307
0.463638,-1.138807
0.45343,-1.103588
0.443223,-1.0635569999999999
0.433015,-1.020026
0.42280799999999996,-0.9712449999999999
0.41259999999999997,-0.917214
0.402393,-0.866027
0.392185,-0.8152769999999999
0.38197699999999996,-0.7654019999999999
0.37177,-0.7207779999999999
0.361562,-0.68009
0.351355,-0.643122
0.341147,-0.610528
0.33094,-0.5838409999999999
0.32073199999999996,-0.561091
0.310525,-0.538997
0.300317,-0.5223720000000001
0.290109,-0.5081530000000001
0.279902,-0.49305999999999994
0.269694,-0.481685
0.25948699999999997,-0.47315399999999996
0.249279,-0.46506000000000003
0.23907199999999998,-0.457622
0.22886399999999998,-0.45412199999999997
0.218656,-0.450623
0.208449,-0.44471599999999994
0.198241,-0.442091
0.18803399999999998,-0.440779
0.17782599999999998,-0.435529
0.167619,-0.431373
0.157411,-0.429623
0.147203,-0.424154
0.136996,-0.41606
0.12678799999999998,-0.412779
0.11658099999999999,-0.407529
0.106373,-0.399216
0.096166048,-0.39243500000000003
0.08595848,-0.387623
0.07575092,-0.37887299999999996
0.065543348,-0.369467
0.055335776,-0.364873
0.045128204000000005,-0.356342
0.034920632,-0.346717
0.024713064,-0.340154
0.014505494,-0.332061
0.004297924,-0.322873
-0.005909646,-0.314342
-0.016117215,-0.306686
-0.026324786000000003,-0.29837299999999994
-0.036532356,-0.289404
-0.046739924,-0.28284200000000004
-0.056947496,-0.27540499999999996
-0.067155064,-0.26753
-0.077362632,-0.26228
-0.08757020800000001,-0.25637299999999996
-0.09777777600000001,-0.25112300000000004
-0.107985,-0.246311
-0.11819199999999999,-0.242155
-0.1284,-0.238655
-0.13860799999999998,-0.23449799999999998
-0.148815,-0.232311
-0.159023,-0.23099799999999998
-0.16923,-0.229905
-0.179438,-0.231655
-0.18964499999999998,-0.236686
-0.199853,-0.250905
-0.18964499999999998,-0.194905
-0.179438,-0.15859299999999998
-0.16923,-0.133436
-0.159023,-0.115061
-0.148815,-0.101062
-0.13860799999999998,-0.09056209600000001
-0.1284,-0.08049964
-0.11819199999999999,-0.071530936
-0.107985,-0.06343722
-0.09777777600000001,-0.05468726
-0.08757020800000001,-0.046374792000000005
-0.077362632,-0.03828108
-0.067155064,-0.031281112
-0.056947496,-0.022968648
-0.046739924,-0.015859305
-0.036532356,-0.010609328000000001
-0.026324786000000003,0.033224652
-0.016117215,0.04106462
-0.005909646,0.043276612000000006
0.004297924,0.0458862
0.014505494,0.04879258400000001
0.024713064,0.05115577600000001
0.034920632,0.041890436
0.045128204000000005,0.05206226800000001
0.055335776,0.062234096
0.065543348,0.069999688
0.07575092,0.07995276800000001
0.08595848,0.09023397600000001
0.096166048,0.09799956800000001
0.106373,0.10598300000000001
0.11658099999999999,0.114733
0.12678799999999998,0.12151499999999998
0.136996,0.12589
0.147203,0.13234300000000002
0.157411,0.138358
0.167619,0.140874
0.17782599999999998,0.144155
0.18803399999999998,0.148093
0.198241,0.148749
0.208449,0.14907700000000002
0.218656,0.150608
0.22886399999999998,0.150061
0.23907199999999998,0.147764
0.249279,0.147327
0.25948699999999997,0.146233
0.269694,0.14349900000000002
0.279902,0.140874
0.290109,0.13989
0.300317,0.137374
0.310525,0.134421
0.32073199999999996,0.133874
0.33094,0.13234300000000002
0.341147,0.13026500000000002
0.351355,0.130046
0.361562,0.130046
0.37177,0.129608
0.38197699999999996,0.12906099999999998
0.392185,0.130046
0.402393,0.130702
0.41259999999999997,0.13026500000000002
0.42280799999999996,0.13245200000000001
0.433015,0.13409300000000002
0.443223,0.135296
0.45343,0.138249
0.463638,0.141202
0.473846,0.144155
0.48405299999999996,0.14743599999999998
0.49426099999999995,0.152686
0.504468,0.15870199999999998
0.514676,0.164827
0.524883,0.17478000000000002
0.535091,0.186264
0.545299,0.19927999999999998
0.5555059999999999,0.216889
0.5657139999999999,0.23821699999999998
0.575921,0.263592
0.586129,0.292358
0.596336,0.324951
0.606544,0.357326
0.616752,0.38127900000000003
0.6269589999999999,0.394076
0.6371669999999999,0.38981
0.647374,0.37537299999999996
0.657582,0.364107
0.667789,0.359404
0.677997,0.359732
0.688205,0.364545
0.6984119999999999,0.376576
0.7086199999999999,0.394513
0.718827,0.417591
0.729035,0.44909099999999996
0.739242,0.488247
0.74945,0.5315599999999999
0.7596579999999999,0.5802309999999999
0.7698649999999999,0.632512
0.780073,0.6850120000000001
0.79028,0.7365269999999999
0.800488,0.787059
0.8106949999999999,0.8346359999999999
0.8209029999999999,0.877839
0.8311109999999999,0.917761
0.841318,0.9554950000000001
0.851526,0.9887449999999999
0.861733,1.016964
0.871941,1.044964
0.8821479999999999,1.069682
0.8923559999999999,1.092213
0.9025639999999999,1.1138700000000001
0.912771,1.134651
0.922979,1.154119
0.933186,1.173369
0.943394,1.193275
0.9536009999999999,1.213182
0.9638089999999999,1.233525
0.9740169999999999,1.256713
0.984224,1.282306
0.994432,1.311181
1.004639,1.3459619999999999
1.014847,1.386431
1.025054,1.4354310000000001
1.035262,1.494493
1.04547,1.567993
1.055677,1.6581169999999998
1.065885,1.768804
1.076092,1.625305
1.0863,1.511336
1.096507,1.435649
1.106715,1.375493
1.1169229999999999,1.3254000000000001
1.12713,1.2838379999999998
1.137338,1.2449
1.147545,1.211432
1.157753,1.1801510000000002
1.1679599999999999,1.150182
1.1781679999999999,1.12437
1.1883759999999999,1.09812
1.198583,1.074495
1.208791,1.0526200000000001
1.218998,1.030526
1.229206,1.011495
1.2394129999999999,0.9922449999999999
1.2496209999999999,0.9738699999999999
1.2598289999999999,0.9581199999999999
1.270036,0.940839
1.280244,0.926402
1.290451,0.911964
1.300659,0.897527
1.3108659999999999,0.885277
1.3210739999999999,0.8719330000000001
1.331281,0.860121
1.341489,0.849183
1.351697,0.8371519999999999
1.361904,0.827746
1.372112,0.816808
1.3823189999999999,0.807183
1.3925269999999998,0.7984330000000001
1.402734,0.7883709999999999
1.412942,0.780496
1.42315,0.7717459999999999
1.433357,0.763215
1.443565,0.756215
1.4537719999999998,0.7476839999999999
1.4639799999999998,0.7409020000000001
1.474187,0.733902
1.484395,0.7264649999999999
1.494603,0.720559
1.50481,0.7131209999999999
1.494603,0.706996
1.484395,0.701309
1.474187,0.694309
1.4639799999999998,0.689496
1.4537719999999998,0.6833710000000001
1.443565,0.677684
1.433357,0.67309
1.42315,0.6667470000000001
1.412942,0.6625899999999999
1.402734,0.657122
1.3925269999999998,0.651653
1.3823189999999999,0.647934
1.372112,0.642247
1.361904,0.63809
1.351697,0.633934
1.341489,0.628684
1.331281,0.6254029999999999
1.3210739999999999,0.620372
1.3108659999999999,0.616216
1.300659,0.612934
1.290451,0.607903
1.280244,0.604841
1.270036,0.600466
1.2598289999999999,0.596528
1.2496209999999999,0.5939030000000001
1.2394129999999999,0.5890909999999999
1.229206,0.5862470000000001
1.218998,0.5825279999999999
1.208791,0.5785910000000001
1.198583,0.576403
1.1883759999999999,0.571809
1.1781679999999999,0.568966
1.1679599999999999,0.5661219999999999
1.157753,0.561966
1.147545,0.559778
1.137338,0.55606
1.12713,0.552997
1.1169229999999999,0.550591
1.106715,0.546653
1.096507,0.5287160000000001
1.0863,0.436185
1.076092,0.362248
1.065885,0.30274799999999996
1.055677,0.25374800000000003
1.04547,0.21371700000000002
1.035262,0.18090499999999998
1.025054,0.15312399999999998
1.014847,0.129718
1.004639,0.11003
0.994432,0.09274958400000001
0.984224,0.07787465600000001
0.9740169999999999,0.06431221200000001
0.9638089999999999,0.05249976800000001
0.9536009999999999,0.041343564000000006
0.943394,0.030406114000000005
0.933186,0.020781158
0.922979,0.010062455
0.912771,-0.00043749800000000003
0.9025639999999999,-0.010609328000000001
0.8923559999999999,-0.034641448000000005
0.8821479999999999,-0.04631179600000001
0.871941,-0.050321380000000006
0.861733,-0.060921604
0.851526,-0.07634341600000001
0.841318,-0.09449958400000001
0.8311109999999999,-0.11484299999999999
0.8209029999999999,-0.13792100000000002
0.8106949999999999,-0.16417099999999998
0.800488,-0.193155
0.79028,-0.226623
0.780073,-0.266108
0.7698649999999999,-0.310842
0.7596579999999999,-0.36148199999999997
0.74945,-0.421201
0.739242,-0.49163799999999996
0.729035,-0.571809
0.718827,-0.663137
0.7086199999999999,-0.766824
0.6984119999999999,-0.880902
0.688205,-1.002636
0.677997,-1.133338
0.667789,-1.2689629999999998
0.657582,-1.399337
0.647374,-1.513524
0.6371669999999999,-1.5999299999999999
0.6269589999999999,-1.651117
0.616752,-1.664242
0.606544,-1.651992
0.596336,-1.621586
0.586129,-1.578711
0.575921,-1.5349609999999998
0.5657139999999999,-1.486837
0.5555059999999999,-1.438056
0.545299,-1.393212
0.535091,-1.357556
0.524883,-1.3324
0.514676,-1.314681
0.504468,-1.304619
0.49426099999999995,-1.292587
0.48405299999999996,-1.2685250000000001
0.473846,-1.233525
0.463638,-1.1829939999999999
0.45343,-1.1164949999999998
0.443223,-1.042776
0.433015,-0.9679639999999999
0.42280799999999996,-0.8964329999999999
0.41259999999999997,-0.8305899999999999
0.402393,-0.77634
0.392185,-0.731496
0.38197699999999996,-0.6912459999999999
0.37177,-0.658434
0.361562,-0.629559
0.351355,-0.600903
0.341147,-0.5748719999999999
0.33094,-0.5525599999999999
0.32073199999999996,-0.5319969999999999
0.310525,-0.5140600000000001
0.300317,-0.5009349999999999
0.290109,-0.49065400000000003
0.279902,-0.48015399999999997
0.269694,-0.472497
0.25948699999999997,-0.468341
0.249279,-0.461997
0.23907199999999998,-0.45631
0.22886399999999998,-0.454341
0.218656,-0.44931
0.208449,-0.44405999999999995
0.198241,-0.440998
0.18803399999999998,-0.437716
0.17782599999999998,-0.432685
0.167619,-0.42677899999999996
0.157411,-0.424591
0.147203,-0.41824799999999995
0.136996,-0.409279
0.12678799999999998,-0.405998
0.11658099999999999,-0.399216
0.106373,-0.39156
0.096166048,-0.386092
0.08595848,-0.380842
0.07575092,-0.37427900000000003
0.065543348,-0.36684199999999995
0.055335776,-0.362685
0.045128204000000005,-0.35765399999999997
0.034920632,-0.34956000000000004
0.024713064,-0.34606000000000003
0.014505494,-0.341029
0.004297924,-0.333154
-0.005909646,-0.327904
-0.016117215,-0.321561
-0.026324786000000003,-0.314998
-0.036532356,-0.307998
-0.046739924,-0.30165400000000003
-0.056947496,-0.296186
-0.067155064,-0.289186
-0.077362632,-0.284373
-0.08757020800000001,-0.279998
-0.09777777600000001,-0.27453
-0.107985,-0.270373
-0.11819199999999999,-0.266655
-0.1284,-0.262936
-0.13860799999999998,-0.259436
-0.148815,-0.25703000000000004
-0.159023,-0.25528
-0.16923,-0.253311
-0.179438,-0.253311
-0.18964499999999998,-0.255061
-0.199853,-0.25899799999999995
-0.18964499999999998,-0.205842
-0.179438,-0.17543599999999998
-0.16923,-0.154218
-0.159023,-0.13846799999999998
-0.148815,-0.125999
-0.13860799999999998,-0.116155
-0.1284,-0.10653
-0.11819199999999999,-0.097780816
-0.107985,-0.090780848
-0.09777777600000001,-0.083343384
-0.08757020800000001,-0.07656216
-0.077362632,-0.070655936
-0.067155064,-0.06474971600000001
-0.056947496,-0.058843488000000006
-0.046739924,-0.05249976800000001
-0.036532356,-0.04703104
-0.026324786000000003,-0.04046857200000001
-0.016117215,-0.033031104
-0.005909646,-0.026140508
0.004297924,-0.019578038
0.014505494,-0.011046826000000001
0.024713064,-0.0043749800000000005
0.034920632,0.044161408000000006
0.045128204000000005,0.047034192
0.055335776,0.04935818
0.065543348,0.02690613
0.07575092,0.035218596000000005
0.08595848,0.045281048000000004
0.096166048,0.05173414800000001
0.106373,0.058077868000000005
0.11658099999999999,0.068249696
0.12678799999999998,0.07393717600000001
0.136996,0.077218408
0.147203,0.08531212
0.157411,0.090780848
0.167619,0.09406208
0.17782599999999998,0.09734332000000001
0.18803399999999998,0.102374
0.198241,0.10434299999999999
0.208449,0.103796
0.218656,0.108499
0.22886399999999998,0.108608
0.23907199999999998,0.10609299999999999
0.249279,0.107952
0.25948699999999997,0.106968
0.269694,0.104233
0.279902,0.101499
0.290109,0.100187
0.300317,0.09767144000000001
0.310525,0.092640216
0.32073199999999996,0.09209334400000001
0.33094,0.09067147200000002
0.341147,0.08760899200000001
0.351355,0.08892148000000001
0.361562,0.09034335200000002
0.37177,0.09176521600000001
0.38197699999999996,0.09439020800000002
0.392185,0.09712456800000001
0.402393,0.09953080800000001
0.41259999999999997,0.09920268800000001
0.42280799999999996,0.101062
0.433015,0.102921
0.443223,0.10303
0.45343,0.105655
0.463638,0.108499
0.473846,0.11101499999999999
0.48405299999999996,0.114515
0.49426099999999995,0.119655
0.504468,0.12490499999999999
0.514676,0.13059300000000001
0.524883,0.13846799999999998
0.535091,0.148093
0.545299,0.157936
0.5555059999999999,0.172046
0.5657139999999999,0.191733
0.575921,0.216889
0.586129,0.253201
0.596336,0.309311
0.606544,0.42152900000000004
0.616752,0.546763
0.6269589999999999,0.616544
0.6371669999999999,0.567544
0.647374,0.48266899999999996
0.657582,0.431044
0.667789,0.406873
0.677997,0.39473199999999997
0.688205,0.39035699999999995
0.6984119999999999,0.396373
0.7086199999999999,0.408951
0.718827,0.42918500000000004
0.729035,0.46090400000000004
0.739242,0.504325
0.74945,0.5559499999999999
0.7596579999999999,0.615341
0.7698649999999999,0.6835899999999999
0.780073,0.753918
0.79028,0.825121
0.800488,0.899605
0.8106949999999999,0.971901
0.8209029999999999,1.03862
0.8311109999999999,1.105557
0.841318,1.169651
0.851526,1.227838
0.861733,1.277931
0.871941,1.3221189999999998
0.8821479999999999,1.3562429999999999
0.8923559999999999,1.380962
0.9025639999999999,1.400431
0.912771,1.4131179999999999
0.922979,1.4205560000000002
0.933186,1.425806
0.943394,1.430618
0.9536009999999999,1.436524
0.9638089999999999,1.443524
0.9740169999999999,1.456649
0.984224,1.475024
0.994432,1.498212
1.004639,1.530805
1.014847,1.571493
1.025054,1.621805
1.035262,1.685023
1.04547,1.76246
1.055677,1.857616
1.065885,1.9724590000000002
1.076092,1.9039909999999998
1.0863,1.7574290000000001
1.096507,1.6611799999999999
1.106715,1.5863669999999999
1.1169229999999999,1.520305
1.12713,1.463868
1.137338,1.413993
1.147545,1.367181
1.157753,1.327369
1.1679599999999999,1.288431
1.1781679999999999,1.252994
1.1883759999999999,1.221932
1.198583,1.190432
1.208791,1.1633069999999999
1.218998,1.136619
1.229206,1.111245
1.2394129999999999,1.089807
1.2496209999999999,1.066182
1.2598289999999999,1.046495
1.270036,1.026807
1.280244,1.007558
1.290451,0.99137
1.300659,0.9734329999999999
1.3108659999999999,0.957683
1.3210739999999999,0.943245
1.331281,0.9270579999999999
1.341489,0.9148080000000001
1.351697,0.90037
1.361904,0.8876829999999999
1.372112,0.876308
1.3823189999999999,0.863183
1.3925269999999998,0.852683
1.402734,0.841746
1.412942,0.830371
1.42315,0.8216209999999999
1.433357,0.8106829999999999
1.443565,0.801496
1.4537719999999998,0.792746
1.4639799999999998,0.782684
1.474187,0.775246
1.484395,0.766059
1.494603,0.758184
1.50481,0.7507459999999999
1.494603,0.741996
1.484395,0.7354339999999999
1.474187,0.7148709999999999
1.4639799999999998,0.701746
1.4537719999999998,0.6899339999999999
1.443565,0.677684
1.433357,0.665872
1.42315,0.6549339999999999
1.412942,0.643997
1.402734,0.633497
1.3925269999999998,0.623434
1.3823189999999999,0.613372
1.372112,0.6037469999999999
1.361904,0.5945590000000001
1.351697,0.585809
1.341489,0.577059
1.331281,0.568309
1.3210739999999999,0.560435
1.3108659999999999,0.5525599999999999
1.300659,0.544685
1.290451,0.5372469999999999
1.280244,0.52981
1.270036,0.52281
1.2598289999999999,0.51581
1.2496209999999999,0.50881
1.2394129999999999,0.5026849999999999
1.229206,0.49612199999999995
1.218998,0.48956
1.208791,0.483872
1.198583,0.47774700000000003
1.1883759999999999,0.47206
1.1781679999999999,0.466372
1.1679599999999999,0.461122
1.157753,0.455435
1.147545,0.450185
1.137338,0.445373
1.12713,0.440123
1.1169229999999999,0.43531
1.106715,0.430498
1.096507,0.40031
1.0863,0.327686
1.076092,0.270811
1.065885,0.22487300000000002
1.055677,0.187686
1.04547,0.15662399999999999
1.035262,0.13081099999999998
1.025054,0.109812
1.014847,0.09099960000000001
1.004639,0.07524966400000001
0.994432,0.06168722800000001
0.984224,0.049218532
0.9740169999999999,0.03828108
0.9638089999999999,0.028218626000000004
0.9536009999999999,0.018593668
0.943394,0.008640586000000002
0.933186,-0.00032812300000000004
0.922979,-0.009515583
0.912771,-0.035442244000000005
0.9025639999999999,-0.044771804000000005
0.8923559999999999,-0.04828858800000001
0.8821479999999999,-0.051866972000000004
0.871941,-0.066171584
0.861733,-0.08082776800000001
0.851526,-0.09767144000000001
0.841318,-0.116593
0.8311109999999999,-0.138358
0.8209029999999999,-0.16252999999999998
0.8106949999999999,-0.192608
0.800488,-0.227389
0.79028,-0.267092
0.780073,-0.314998
0.7698649999999999,-0.37045100000000003
0.7596579999999999,-0.434544
0.74945,-0.51056
0.739242,-0.599372
0.729035,-0.7039340000000001
0.718827,-0.8247929999999999
0.7086199999999999,-0.964026
0.6984119999999999,-1.1199949999999999
0.688205,-1.29565
0.677997,-1.490118
0.667789,-1.6928979999999998
0.657582,-1.889772
0.647374,-2.0625839999999998
0.6371669999999999,-2.1923019999999998
0.6269589999999999,-2.257052
0.616752,-2.244365
0.606544,-2.1660519999999996
0.596336,-2.045303
0.586129,-1.9013660000000001
0.575921,-1.767492
0.5657139999999999,-1.651117
0.5555059999999999,-1.558368
0.545299,-1.497118
0.535091,-1.465618
0.524883,-1.455555
0.514676,-1.456431
0.504468,-1.45993
0.49426099999999995,-1.453368
0.48405299999999996,-1.4271179999999999
0.473846,-1.3816179999999998
0.463638,-1.315556
0.45343,-1.228931
0.443223,-1.1357439999999999
0.433015,-1.04737
0.42280799999999996,-0.96687
0.41259999999999997,-0.897745
0.402393,-0.8434959999999999
0.392185,-0.798871
0.38197699999999996,-0.759934
0.37177,-0.724059
0.361562,-0.6908089999999999
0.351355,-0.657559
0.341147,-0.625622
0.33094,-0.600684
0.32073199999999996,-0.576622
0.310525,-0.55606
0.300317,-0.541622
0.290109,-0.527622
0.279902,-0.5149349999999999
0.269694,-0.503997
0.25948699999999997,-0.495685
0.249279,-0.48780999999999997
0.23907199999999998,-0.47774700000000003
0.22886399999999998,-0.473372
0.218656,-0.466372
0.208449,-0.457622
0.198241,-0.45281
0.18803399999999998,-0.446685
0.17782599999999998,-0.440123
0.167619,-0.433123
0.157411,-0.427435
0.147203,-0.42174799999999996
0.136996,-0.412123
0.12678799999999998,-0.40731
0.11658099999999999,-0.40118499999999996
0.106373,-0.39156
0.096166048,-0.386748
0.08595848,-0.380623
0.07575092,-0.373623
0.065543348,-0.368373
0.055335776,-0.36356
0.045128204000000005,-0.36006
0.034920632,-0.353935
0.024713064,-0.350435
0.014505494,-0.347373
0.004297924,-0.341248
-0.005909646,-0.336873
-0.016117215,-0.332498
-0.026324786000000003,-0.326373
-0.036532356,-0.32068599999999997
-0.046739924,-0.314998
-0.056947496,-0.30974799999999997
-0.067155064,-0.304061
-0.077362632,-0.29924799999999996
-0.08757020800000001,-0.295311
-0.09777777600000001,-0.29049800000000003
-0.107985,-0.28656099999999995
-0.11819199999999999,-0.28393599999999997
-0.1284,-0.28043599999999996
-0.13860799999999998,-0.277373
-0.148815,-0.275623
-0.159023,-0.273873
-0.16923,-0.27168600000000004
-0.179438,-0.270811
-0.18964499999999998,-0.269936
-0.199853,-0.269061
-0.18964499999999998,-0.219624
-0.179438,-0.194686
-0.16923,-0.176311
-0.159023,-0.161874
-0.148815,-0.150936
-0.13860799999999998,-0.141311
-0.1284,-0.13256099999999998
-0.11819199999999999,-0.124686
-0.107985,-0.11812399999999999
-0.09777777600000001,-0.11156200000000001
-0.08757020800000001,-0.10456199999999999
-0.077362632,-0.09931205600000001
-0.067155064,-0.09449958400000001
-0.056947496,-0.087499616
-0.046739924,-0.082249632
-0.036532356,-0.076124664
-0.026324786000000003,-0.069780936
-0.016117215,-0.06365596800000001
-0.005909646,-0.057312244000000005
0.004297924,-0.052281016
0.014505494,-0.044187304000000004
0.024713064,-0.038062332
0.034920632,-0.03346860200000001
0.045128204000000005,-0.022749900000000003
0.055335776,-0.016078053000000002
0.065543348,-0.010062455
0.07575092,0.044626204
0.08595848,0.046720592
0.096166048,0.04835018800000001
0.106373,0.04949258
0.11658099999999999,0.025921760000000002
0.12678799999999998,0.032702980000000006
0.136996,0.034452972000000005
0.147203,0.042765436000000004
0.157411,0.04703104
0.167619,0.049218532
0.17782599999999998,0.05424976
0.18803399999999998,0.057749744
0.198241,0.06026536
0.208449,0.060702856000000006
0.218656,0.06464034
0.22886399999999998,0.06693720400000001
0.23907199999999998,0.06420284000000001
0.249279,0.067265328
0.25948699999999997,0.068030952
0.269694,0.06507783600000001
0.279902,0.064421588
0.290109,0.063109092
0.300317,0.060921604
0.310525,0.05753099600000001
0.32073199999999996,0.056109124
0.33094,0.055124752000000006
0.341147,0.051843520000000004
0.351355,0.052281016
0.361562,0.05414038400000001
0.37177,0.055234132000000005
0.38197699999999996,0.058843488000000006
0.392185,0.06343722
0.402393,0.067155952
0.41259999999999997,0.069999688
0.42280799999999996,0.07240592800000001
0.433015,0.07459341600000001
0.443223,0.07415592
0.45343,0.07481216800000001
0.463638,0.077218408
0.473846,0.078312152
0.48405299999999996,0.08093714400000002
0.49426099999999995,0.08607774400000001
0.504468,0.09154646400000001
0.514676,0.097780816
0.524883,0.106421
0.535091,0.115718
0.545299,0.125999
0.5555059999999999,0.137702
0.5657139999999999,0.154327
0.575921,0.174124
0.586129,0.202014
0.596336,0.260748
0.606544,0.419998
0.616752,0.725371
0.6269589999999999,0.762121
0.6371669999999999,0.5909500000000001
0.647374,0.489122
0.657582,0.442419
0.667789,0.423388
0.677997,0.412888
0.688205,0.404795
0.6984119999999999,0.407201
0.7086199999999999,0.41431
0.718827,0.427544
0.729035,0.45456
0.739242,0.494263
0.74945,0.545997
0.7596579999999999,0.610309
0.7698649999999999,0.689059
0.780073,0.777543
0.79028,0.8725890000000001
0.800488,0.978792
0.8106949999999999,1.0825879999999999
0.8209029999999999,1.1880249999999999
0.8311109999999999,1.289088
0.841318,1.3789930000000001
0.851526,1.453149
0.861733,1.50893
0.871941,1.547868
0.8821479999999999,1.5697429999999999
0.8923559999999999,1.5754299999999999
0.9025639999999999,1.5747740000000001
0.912771,1.569524
0.922979,1.5620859999999999
0.933186,1.5607739999999999
0.943394,1.567555
0.9536009999999999,1.58418
0.9638089999999999,1.613055
0.9740169999999999,1.655711
0.984224,1.711492
0.994432,1.77471
1.004639,1.845585
1.014847,1.9190849999999997
1.025054,1.9906160000000002
1.035262,2.065865
1.04547,2.1454899999999997
1.055677,2.232115
1.065885,2.332739
1.076092,2.453051
1.0863,2.5982999999999996
1.096507,2.339302
1.106715,2.18574
1.1169229999999999,2.065865
1.12713,1.9604279999999998
1.137338,1.872054
1.147545,1.792867
1.157753,1.722429
1.1679599999999999,1.6611799999999999
1.1781679999999999,1.602992
1.1883759999999999,1.5531179999999998
1.198583,1.458181
1.208791,1.384681
1.218998,1.319056
1.229206,1.259119
1.2394129999999999,1.203994
1.2496209999999999,1.154557
1.2598289999999999,1.10862
1.270036,1.06662
1.280244,1.027682
1.290451,0.991808
1.300659,0.9585579999999999
1.3108659999999999,0.9270579999999999
1.3210739999999999,0.898183
1.331281,0.8714959999999999
1.341489,0.845683
1.351697,0.822058
1.361904,0.799746
1.372112,0.7783089999999999
1.3823189999999999,0.758621
1.3925269999999998,0.738934
1.402734,0.721434
1.412942,0.7043710000000001
1.42315,0.687746
1.433357,0.672872
1.443565,0.657997
1.4537719999999998,0.643559
1.4639799999999998,0.629997
1.474187,0.617309
1.484395,0.605497
1.494603,0.593247
1.50481,0.581872
1.494603,0.571372
1.484395,0.5608719999999999
1.474187,0.5508099999999999
1.4639799999999998,0.541185
1.4537719999999998,0.5315599999999999
1.443565,0.52281
1.433357,0.5140600000000001
1.42315,0.5057470000000001
1.412942,0.497872
1.402734,0.489997
1.3925269999999998,0.48256
1.3823189999999999,0.47468499999999997
1.372112,0.467685
1.361904,0.461122
1.351697,0.45412199999999997
1.341489,0.447998
1.331281,0.44143499999999997
1.3210739999999999,0.43531
1.3108659999999999,0.429623
1.300659,0.423498
1.290451,0.41824799999999995
1.280244,0.41256
1.270036,0.40731
1.2598289999999999,0.40206
1.2496209999999999,0.397248
1.2394129999999999,0.391998
1.229206,0.387623
1.218998,0.38281
1.208791,0.378435
1.198583,0.37406
1.1883759999999999,0.369685
1.1781679999999999,0.365748
1.1679599999999999,0.36093499999999995
1.157753,0.35743499999999995
1.147545,0.353498
1.137338,0.34956000000000004
1.12713,0.34606000000000003
1.1169229999999999,0.341685
1.106715,0.338185
1.096507,0.314561
1.0863,0.255061
1.076092,0.21043599999999998
1.065885,0.17368599999999998
1.055677,0.143936
1.04547,0.11943599999999999
1.035262,0.09887456800000001
1.025054,0.08181213600000001
1.014847,0.06693720400000001
1.004639,0.05424976
0.994432,0.043749808
0.984224,0.033249852
0.9740169999999999,0.023624896000000003
0.9638089999999999,0.014765559000000001
0.9536009999999999,0.0060155980000000005
0.943394,-0.0026249880000000004
0.933186,-0.031746262000000004
0.922979,-0.04053822000000001
0.912771,-0.044637404
0.9025639999999999,-0.047896588000000004
0.8923559999999999,-0.050842176
0.8821479999999999,-0.06168722800000001
0.871941,-0.074702792
0.861733,-0.08914023200000001
0.851526,-0.10664
0.841318,-0.126546
0.8311109999999999,-0.14907700000000002
0.8209029999999999,-0.17543599999999998
0.8106949999999999,-0.206499
0.800488,-0.24335799999999996
0.79028,-0.285686
0.780073,-0.337092
0.7698649999999999,-0.39735699999999996
0.7596579999999999,-0.467576
0.74945,-0.552341
0.739242,-0.652637
0.729035,-0.771855
0.718827,-0.9127299999999999
0.7086199999999999,-1.071542
0.6984119999999999,-1.26765
0.688205,-1.486837
0.677997,-1.734023
0.667789,-1.9998029999999998
0.657582,-2.2675520000000002
0.647374,-2.5186759999999997
0.6371669999999999,-2.716863
0.6269589999999999,-2.8258
0.616752,-2.8196749999999997
0.606544,-2.700237
0.596336,-2.501176
0.586129,-2.265364
0.575921,-2.0466149999999996
0.5657139999999999,-1.871616
0.5555059999999999,-1.7451789999999998
0.545299,-1.667742
0.535091,-1.634055
0.524883,-1.6226800000000001
0.514676,-1.616992
0.504468,-1.607805
0.49426099999999995,-1.5850549999999999
0.48405299999999996,-1.543493
0.473846,-1.486618
0.463638,-1.410493
0.45343,-1.315119
0.443223,-1.211869
0.433015,-1.1151820000000001
0.42280799999999996,-1.0303069999999999
0.41259999999999997,-0.9585579999999999
0.402393,-0.906058
0.392185,-0.861433
0.38197699999999996,-0.822496
0.37177,-0.7857459999999999
0.361562,-0.748559
0.351355,-0.7118089999999999
0.341147,-0.6763709999999999
0.33094,-0.645747
0.32073199999999996,-0.619497
0.310525,-0.593247
0.300317,-0.575309
0.290109,-0.558247
0.279902,-0.541185
0.269694,-0.5289349999999999
0.25948699999999997,-0.516685
0.249279,-0.506185
0.23907199999999998,-0.49480999999999997
0.22886399999999998,-0.48605999999999994
0.218656,-0.47905999999999993
0.208449,-0.468122
0.198241,-0.46156
0.18803399999999998,-0.455435
0.17782599999999998,-0.445373
0.167619,-0.439685
0.157411,-0.433123
0.147203,-0.42568500000000004
0.136996,-0.416935
0.12678799999999998,-0.41037300000000004
0.11658099999999999,-0.405123
0.106373,-0.396373
0.096166048,-0.38981
0.08595848,-0.38587299999999997
0.07575092,-0.378435
0.065543348,-0.372748
0.055335776,-0.369248
0.045128204000000005,-0.363998
0.034920632,-0.359623
0.024713064,-0.35656
0.014505494,-0.35306000000000004
0.004297924,-0.34912299999999996
-0.005909646,-0.343873
-0.016117215,-0.34081
-0.026324786000000003,-0.334686
-0.036532356,-0.328998
-0.046739924,-0.325061
-0.056947496,-0.318936
-0.067155064,-0.31324799999999997
-0.077362632,-0.309311
-0.08757020800000001,-0.304498
-0.09777777600000001,-0.300561
-0.107985,-0.29662299999999997
-0.11819199999999999,-0.29399800000000004
-0.1284,-0.291373
-0.13860799999999998,-0.287873
-0.148815,-0.28656099999999995
-0.159023,-0.284373
-0.16923,-0.282623
-0.179438,-0.282186
-0.18964499999999998,-0.280873
-0.199853,-0.279998
-0.18964499999999998,-0.23099799999999998
-0.179438,-0.205624
-0.16923,-0.18899899999999997
-0.159023,-0.174124
-0.148815,-0.164061
-0.13860799999999998,-0.154436
-0.1284,-0.146124
-0.11819199999999999,-0.138686
-0.107985,-0.132124
-0.09777777600000001,-0.12643600000000002
-0.08757020800000001,-0.120311
-0.077362632,-0.114186
-0.067155064,-0.11068700000000001
-0.056947496,-0.104124
-0.046739924,-0.098437064
-0.036532356,-0.09406208
-0.026324786000000003,-0.08793711200000001
-0.016117215,-0.082249632
-0.005909646,-0.07634341600000001
0.004297924,-0.070655936
0.014505494,-0.06474971600000001
0.024713064,-0.058405992000000004
0.034920632,-0.054468508000000006
0.045128204000000005,-0.046374792000000005
0.055335776,-0.039374824
0.065543348,-0.035656092
0.07575092,-0.025812384000000004
0.08595848,-0.019249914000000003
0.096166048,-0.013234317
0.106373,-0.00678122
0.11658099999999999,0.046513396
0.12678799999999998,0.047734188000000004
0.136996,0.047773392000000005
0.147203,0.049699780000000006
0.157411,0.020562408
0.167619,0.021437404
0.17782599999999998,0.026359258
0.18803399999999998,0.030515488000000004
0.198241,0.03171861
0.208449,0.033796724
0.218656,0.036531087999999996
0.22886399999999998,0.038609204
0.23907199999999998,0.037624832000000004
0.249279,0.039156076
0.25948699999999997,0.041781064
0.269694,0.03893732800000001
0.279902,0.037734208000000005
0.290109,0.038827952
0.300317,0.034999844
0.310525,0.03292173
0.32073199999999996,0.031937358000000006
0.33094,0.030187366
0.341147,0.028328
0.351355,0.027781126000000003
0.361562,0.029640494
0.37177,0.031281112
0.38197699999999996,0.03423422400000001
0.392185,0.040577944000000005
0.402393,0.044952928
0.41259999999999997,0.049218532
0.42280799999999996,0.054359132000000004
0.433015,0.056546624000000004
0.443223,0.057312244000000005
0.45343,0.057202872
0.463638,0.05753099600000001
0.473846,0.057640368000000004
0.48405299999999996,0.058296616
0.49426099999999995,0.062452852
0.504468,0.06693720400000001
0.514676,0.071859056
0.524883,0.080718392
0.535091,0.08892148000000001
0.545299,0.09832768800000001
0.5555059999999999,0.10926499999999999
0.5657139999999999,0.123046
0.575921,0.14065499999999997
0.586129,0.17095200000000002
0.596336,0.243577
0.606544,0.565356
0.616752,0.9486049999999999
0.6269589999999999,0.79023
0.6371669999999999,0.5920439999999999
0.647374,0.502466
0.657582,0.46527899999999994
0.667789,0.448326
0.677997,0.43705999999999995
0.688205,0.425138
0.6984119999999999,0.42174799999999996
0.7086199999999999,0.42306
0.718827,0.42831
0.729035,0.448326
0.739242,0.481904
0.74945,0.528825
0.7596579999999999,0.5949969999999999
0.7698649999999999,0.680528
0.780073,0.783996
0.79028,0.9023389999999999
0.800488,1.0356670000000001
0.8106949999999999,1.173151
0.8209029999999999,1.306806
0.8311109999999999,1.429087
0.841318,1.530149
0.851526,1.602336
0.861733,1.646305
0.871941,1.665992
0.8821479999999999,1.665336
0.8923559999999999,1.65068
0.9025639999999999,1.6336169999999999
0.912771,1.6183049999999999
0.922979,1.608024
0.933186,1.6102109999999998
0.943394,1.630336
0.9536009999999999,1.668836
0.9638089999999999,1.729211
0.9740169999999999,1.812116
0.984224,1.914928
0.994432,2.031303
1.004639,2.154678
1.014847,2.276302
1.025054,2.389614
1.035262,2.490239
1.04547,2.579488
1.055677,2.658675
1.065885,2.738737
1.076092,2.8297369999999997
1.0863,2.939549
1.096507,3.073423
1.106715,2.858612
1.1169229999999999,2.538801
1.12713,2.281989
1.137338,2.0715529999999998
1.147545,1.8969909999999999
1.157753,1.749554
1.1679599999999999,1.623555
1.1781679999999999,1.515493
1.1883759999999999,1.4214310000000001
1.198583,1.338306
1.208791,1.2652439999999998
1.218998,1.199619
1.229206,1.141432
1.2394129999999999,1.088495
1.2496209999999999,1.040807
1.2598289999999999,0.9970580000000001
1.270036,0.9572449999999999
1.280244,0.920933
1.290451,0.887246
1.300659,0.855746
1.3108659999999999,0.826871
1.3210739999999999,0.800183
1.331281,0.775246
1.341489,0.752059
1.351697,0.729746
1.361904,0.709184
1.372112,0.6899339999999999
1.3823189999999999,0.671559
1.3925269999999998,0.654497
1.402734,0.637872
1.412942,0.622559
1.42315,0.607684
1.433357,0.593684
1.443565,0.580559
1.4537719999999998,0.5678719999999999
1.4639799999999998,0.555622
1.474187,0.5442469999999999
1.484395,0.532872
1.494603,0.52281
1.50481,0.51231
1.494603,0.5026849999999999
1.484395,0.493497
1.474187,0.48431
1.4639799999999998,0.475997
1.4537719999999998,0.46724699999999997
1.443565,0.45937199999999995
1.433357,0.451935
1.42315,0.44405999999999995
1.412942,0.43705999999999995
1.402734,0.430498
1.3925269999999998,0.423498
1.3823189999999999,0.416935
1.372112,0.41037300000000004
1.361904,0.40468499999999996
1.351697,0.39855999999999997
1.341489,0.39287299999999997
1.331281,0.387623
1.3210739999999999,0.381935
1.3108659999999999,0.377123
1.300659,0.371873
1.290451,0.36662300000000003
1.280244,0.36180999999999996
1.270036,0.35743499999999995
1.2598289999999999,0.35262299999999996
1.2496209999999999,0.348248
1.2394129999999999,0.343873
1.229206,0.339935
1.218998,0.33555999999999997
1.208791,0.331623
1.198583,0.327686
1.1883759999999999,0.323748
1.1781679999999999,0.320248
1.1679599999999999,0.316748
1.157753,0.31324799999999997
1.147545,0.30974799999999997
1.137338,0.30624799999999996
1.12713,0.30274799999999996
1.1169229999999999,0.300123
1.106715,0.29662299999999997
1.096507,0.275186
1.0863,0.221811
1.076092,0.181561
1.065885,0.14962399999999998
1.055677,0.122936
1.04547,0.101499
1.035262,0.083562128
1.025054,0.068249696
1.014847,0.055562252000000006
1.004639,0.044187304000000004
0.994432,0.034343596000000004
0.984224,0.025374888
0.9740169999999999,0.016187429000000003
0.9638089999999999,0.008859336
0.9536009999999999,0.00043749800000000003
0.943394,-0.030503064
0.933186,-0.038634232000000004
0.922979,-0.042279816000000005
0.912771,-0.045947796000000006
0.9025639999999999,-0.049033384000000006
0.8923559999999999,-0.05337476
0.8821479999999999,-0.06464034
0.871941,-0.077984024
0.861733,-0.092312088
0.851526,-0.109702
0.841318,-0.129827
0.8311109999999999,-0.152249
0.8209029999999999,-0.179046
0.8106949999999999,-0.210764
0.800488,-0.24751399999999998
0.79028,-0.29104499999999994
0.780073,-0.34332599999999996
0.7698649999999999,-0.40556
0.7596579999999999,-0.47840399999999994
0.74945,-0.565903
0.739242,-0.671668
0.729035,-0.7965739999999999
0.718827,-0.946417
0.7086199999999999,-1.1131039999999999
0.6984119999999999,-1.3315249999999998
0.688205,-1.5756489999999999
0.677997,-1.853679
0.667789,-2.153584
0.657582,-2.4784260000000002
0.647374,-2.781612
0.6371669999999999,-3.032736
0.6269589999999999,-3.18236
0.616752,-3.1906730000000003
0.606544,-3.056798
0.596336,-2.809612
0.586129,-2.5116759999999996
0.575921,-2.239115
0.5657139999999999,-2.026053
0.5555059999999999,-1.882116
0.545299,-1.798554
0.535091,-1.7626789999999999
0.524883,-1.749554
0.514676,-1.7346789999999999
0.504468,-1.7132420000000002
0.49426099999999995,-1.673867
0.48405299999999996,-1.618742
0.473846,-1.5531179999999998
0.463638,-1.469118
0.45343,-1.3698059999999999
0.443223,-1.263056
0.433015,-1.1646189999999998
0.42280799999999996,-1.08062
0.41259999999999997,-1.0097450000000001
0.402393,-0.9572449999999999
0.392185,-0.91437
0.38197699999999996,-0.8728079999999999
0.37177,-0.834308
0.361562,-0.794496
0.351355,-0.7538090000000001
0.341147,-0.715746
0.33094,-0.680746
0.32073199999999996,-0.651434
0.310525,-0.623434
0.300317,-0.600684
0.290109,-0.582309
0.279902,-0.563059
0.269694,-0.54731
0.25948699999999997,-0.534622
0.249279,-0.520185
0.23907199999999998,-0.5083719999999999
0.22886399999999998,-0.498747
0.218656,-0.488685
0.208449,-0.478185
0.198241,-0.468997
0.18803399999999998,-0.46331
0.17782599999999998,-0.453685
0.167619,-0.44493499999999997
0.157411,-0.439248
0.147203,-0.430498
0.136996,-0.42174799999999996
0.12678799999999998,-0.416498
0.11658099999999999,-0.408623
0.106373,-0.401623
0.096166048,-0.39505999999999997
0.08595848,-0.38981
0.07575092,-0.383685
0.065543348,-0.37624799999999997
0.055335776,-0.37406
0.045128204000000005,-0.368373
0.034920632,-0.36312300000000003
0.024713064,-0.36093499999999995
0.014505494,-0.35656
0.004297924,-0.35262299999999996
-0.005909646,-0.348685
-0.016117215,-0.343873
-0.026324786000000003,-0.339935
-0.036532356,-0.33337300000000003
-0.046739924,-0.329873
-0.056947496,-0.324186
-0.067155064,-0.318061
-0.077362632,-0.314561
-0.08757020800000001,-0.310186
-0.09777777600000001,-0.305811
-0.107985,-0.303186
-0.11819199999999999,-0.299686
-0.1284,-0.297498
-0.13860799999999998,-0.29399800000000004
-0.148815,-0.292248
-0.159023,-0.291373
-0.16923,-0.288748
-0.179438,-0.287873
-0.18964499999999998,-0.28699800000000003
-0.199853,-0.285686
-0.18964499999999998,-0.238873
-0.179438,-0.213936
-0.16923,-0.197749
-0.159023,-0.184624
-0.148815,-0.17368599999999998
-0.13860799999999998,-0.166249
-0.1284,-0.157499
-0.11819199999999999,-0.150499
-0.107985,-0.144811
-0.09777777600000001,-0.138249
-0.08757020800000001,-0.13299899999999998
-0.077362632,-0.127749
-0.067155064,-0.122936
-0.056947496,-0.11812399999999999
-0.046739924,-0.111999
-0.036532356,-0.10806199999999999
-0.026324786000000003,-0.102374
-0.016117215,-0.09668707200000001
-0.005909646,-0.09274958400000001
0.004297924,-0.086624616
0.014505494,-0.08093714400000002
0.024713064,-0.07524966400000001
0.034920632,-0.07021843200000001
0.045128204000000005,-0.06387471600000001
0.055335776,-0.05709349600000001
0.065543348,-0.052937268
0.07575092,-0.046374792000000005
0.08595848,-0.038062332
0.096166048,-0.03346860200000001
0.106373,-0.025812384000000004
0.11658099999999999,-0.018374918
0.12678799999999998,-0.013890563000000002
0.136996,-0.010062455
0.147203,0.0459142
0.157411,0.046961392000000005
0.167619,0.04695579200000001
0.17782599999999998,0.047711788000000005
0.18803399999999998,0.049156584
0.198241,0.011156200000000002
0.208449,0.013015567000000002
0.218656,0.017609298000000002
0.22886399999999998,0.05060138000000001
0.23907199999999998,0.017937420000000003
0.249279,0.02034366
0.25948699999999997,0.020999908000000005
0.269694,0.05029338
0.279902,0.018265543999999998
0.290109,0.019687412
0.300317,0.017171798000000002
0.310525,0.047857392000000006
0.32073199999999996,0.047689388
0.33094,0.046871792
0.341147,0.0456118
0.351355,0.045628600000000005
0.361562,0.045729396000000005
0.37177,0.045763000000000005
0.38197699999999996,0.046082196000000006
0.392185,0.047952588000000004
0.402393,0.049302184000000006
0.41259999999999997,0.032046732
0.42280799999999996,0.039156076
0.433015,0.042546684
0.443223,0.042874808
0.45343,0.043312308
0.463638,0.042109188000000006
0.473846,0.041234192
0.48405299999999996,0.041562316
0.49426099999999995,0.044077928
0.504468,0.048890408
0.514676,0.05337476
0.524883,0.0617966
0.535091,0.07043719200000001
0.545299,0.078421528
0.5555059999999999,0.089030856
0.5657139999999999,0.101062
0.575921,0.11724899999999999
0.586129,0.15345199999999998
0.596336,0.252327
0.606544,0.732153
0.616752,0.989292
0.6269589999999999,0.737621
0.6371669999999999,0.575309
0.647374,0.501154
0.657582,0.469216
0.667789,0.453685
0.677997,0.442091
0.688205,0.430716
0.6984119999999999,0.423935
0.7086199999999999,0.421966
0.718827,0.425029
0.729035,0.44034100000000004
0.739242,0.471841
0.74945,0.518435
0.7596579999999999,0.587997
0.7698649999999999,0.6833710000000001
0.780073,0.801715
0.79028,0.942808
0.800488,1.101182
0.8106949999999999,1.263931
0.8209029999999999,1.416181
0.8311109999999999,1.54568
0.841318,1.644555
0.851526,1.704054
0.861733,1.728773
0.871941,1.729211
0.8821479999999999,1.710836
0.8923559999999999,1.683055
0.9025639999999999,1.6581169999999998
0.912771,1.6395229999999998
0.922979,1.6320860000000001
0.933186,1.642148
0.943394,1.6762730000000001
0.9536009999999999,1.736211
0.9638089999999999,1.824585
0.9740169999999999,1.943147
0.984224,2.086428
0.994432,2.2500519999999997
1.004639,2.4211139999999998
1.014847,2.586051
1.025054,2.737425
1.035262,2.8651739999999997
1.04547,2.964486
1.055677,3.038861
1.065885,3.100111
1.076092,3.162235
1.0863,3.233985
1.096507,3.321047
1.106715,3.0305489999999997
1.1169229999999999,2.643363
1.12713,2.3414889999999997
1.137338,2.098678
1.147545,1.900491
1.157753,1.737742
1.1679599999999999,1.5999299999999999
1.1781679999999999,1.4826799999999998
1.1883759999999999,1.382493
1.198583,1.295431
1.208791,1.218869
1.218998,1.151494
1.229206,1.0915569999999999
1.2394129999999999,1.037745
1.2496209999999999,0.9891829999999999
1.2598289999999999,0.945433
1.270036,0.906058
1.280244,0.868871
1.290451,0.835621
1.300659,0.804996
1.3108659999999999,0.7765589999999999
1.3210739999999999,0.750309
1.331281,0.725809
1.341489,0.703059
1.351697,0.681184
1.361904,0.661059
1.372112,0.642684
1.3823189999999999,0.625184
1.3925269999999998,0.6085590000000001
1.402734,0.592809
1.412942,0.577497
1.42315,0.563934
1.433357,0.550372
1.443565,0.537685
1.4537719999999998,0.525872
1.4639799999999998,0.5140600000000001
1.474187,0.50356
1.484395,0.492622
1.494603,0.48256
1.50481,0.473372
1.494603,0.46374699999999996
1.484395,0.455435
1.474187,0.446685
1.4639799999999998,0.438373
1.4537719999999998,0.430935
1.443565,0.42306
1.433357,0.41606
1.42315,0.40906
1.412942,0.40206
1.402734,0.395498
1.3925269999999998,0.38937299999999997
1.3823189999999999,0.383248
1.372112,0.37756
1.361904,0.371435
1.351697,0.366185
1.341489,0.36093499999999995
1.331281,0.355685
1.3210739999999999,0.350435
1.3108659999999999,0.34562299999999996
1.300659,0.34081
1.290451,0.336436
1.280244,0.331623
1.270036,0.327686
1.2598289999999999,0.32331099999999996
1.2496209999999999,0.319373
1.2394129999999999,0.315436
1.229206,0.311498
1.218998,0.30756100000000003
1.208791,0.303623
1.198583,0.300561
1.1883759999999999,0.297061
1.1781679999999999,0.293561
1.1679599999999999,0.290061
1.157753,0.28699800000000003
1.147545,0.28393599999999997
1.137338,0.280873
1.12713,0.277373
1.1169229999999999,0.274311
1.106715,0.27168600000000004
1.096507,0.25112300000000004
1.0863,0.201686
1.076092,0.164061
1.065885,0.13474899999999998
1.055677,0.110249
1.04547,0.08968709600000001
1.035262,0.073499672
1.025054,0.059499736000000004
1.014847,0.047687288
1.004639,0.037624832000000004
0.994432,0.028218626000000004
0.984224,0.019687412
0.9740169999999999,0.011703073000000001
0.9638089999999999,0.004484355000000001
0.9536009999999999,-0.0028437370000000003
0.943394,-0.033101454
0.933186,-0.039664624
0.922979,-0.043198208
0.912771,-0.046731796000000006
0.9025639999999999,-0.04951498000000001
0.8923559999999999,-0.054906008000000006
0.8821479999999999,-0.066499704
0.871941,-0.07929652000000001
0.861733,-0.09373396
0.851526,-0.11079599999999999
0.841318,-0.13081099999999998
0.8311109999999999,-0.153343
0.8209029999999999,-0.179483
0.8106949999999999,-0.211639
0.800488,-0.248389
0.79028,-0.29191999999999996
0.780073,-0.344748
0.7698649999999999,-0.406873
0.7596579999999999,-0.48080999999999996
0.74945,-0.569622
0.739242,-0.677028
0.729035,-0.805543
0.718827,-0.9589949999999999
0.7086199999999999,-1.141651
0.6984119999999999,-1.361056
0.688205,-1.620492
0.677997,-1.9206159999999999
0.667789,-2.253114
0.657582,-2.6079250000000003
0.647374,-2.9548609999999997
0.6371669999999999,-3.2484230000000003
0.6269589999999999,-3.4387339999999997
0.616752,-3.4728589999999997
0.606544,-3.338985
0.596336,-3.064673
0.586129,-2.7190499999999997
0.575921,-2.402301
0.5657139999999999,-2.157302
0.5555059999999999,-1.992803
0.545299,-1.898304
0.535091,-1.8541159999999999
0.524883,-1.833116
0.514676,-1.8068659999999999
0.504468,-1.7709920000000001
0.49426099999999995,-1.7193669999999999
0.48405299999999996,-1.653305
0.473846,-1.582867
0.463638,-1.4997429999999998
0.45343,-1.399556
0.443223,-1.295431
0.433015,-1.199182
0.42280799999999996,-1.1169319999999998
0.41259999999999997,-1.05087
0.402393,-1.00012
0.392185,-0.957683
0.38197699999999996,-0.915683
0.37177,-0.873246
0.361562,-0.8312459999999999
0.351355,-0.786621
0.341147,-0.744621
0.33094,-0.709621
0.32073199999999996,-0.6754969999999999
0.310525,-0.6466219999999999
0.300317,-0.621684
0.290109,-0.601122
0.279902,-0.580997
0.269694,-0.562185
0.25948699999999997,-0.548622
0.249279,-0.533747
0.23907199999999998,-0.518872
0.22886399999999998,-0.510122
0.218656,-0.49831000000000003
0.208449,-0.48737199999999997
0.198241,-0.47905999999999993
0.18803399999999998,-0.469872
0.17782599999999998,-0.461997
0.167619,-0.451935
0.157411,-0.446685
0.147203,-0.438373
0.136996,-0.427873
0.12678799999999998,-0.423498
0.11658099999999999,-0.41606
0.106373,-0.40731
0.096166048,-0.40206
0.08595848,-0.395498
0.07575092,-0.38937299999999997
0.065543348,-0.38237299999999996
0.055335776,-0.378435
0.045128204000000005,-0.37449799999999994
0.034920632,-0.367498
0.024713064,-0.365748
0.014505494,-0.362248
0.004297924,-0.356123
-0.005909646,-0.353498
-0.016117215,-0.348685
-0.026324786000000003,-0.343435
-0.036532356,-0.338185
-0.046739924,-0.33337300000000003
-0.056947496,-0.328998
-0.067155064,-0.322436
-0.077362632,-0.318061
-0.08757020800000001,-0.314998
-0.09777777600000001,-0.30974799999999997
-0.107985,-0.306686
-0.11819199999999999,-0.304061
-0.1284,-0.300561
-0.13860799999999998,-0.29837299999999994
-0.148815,-0.296186
-0.159023,-0.294436
-0.16923,-0.292248
-0.179438,-0.290936
-0.18964499999999998,-0.290936
-0.199853,-0.288748
-0.18964499999999998,-0.244561
-0.179438,-0.22137400000000002
-0.16923,-0.205186
-0.159023,-0.193374
-0.148815,-0.18243600000000001
-0.13860799999999998,-0.174561
-0.1284,-0.16799899999999998
-0.11819199999999999,-0.159686
-0.107985,-0.155311
-0.09777777600000001,-0.14918599999999999
-0.08757020800000001,-0.14349900000000002
-0.077362632,-0.139561
-0.067155064,-0.13431099999999999
-0.056947496,-0.12906099999999998
-0.046739924,-0.12381099999999999
-0.036532356,-0.11943599999999999
-0.026324786000000003,-0.115061
-0.016117215,-0.10893699999999999
-0.005909646,-0.104124
0.004297924,-0.099749552
0.014505494,-0.093187088
0.024713064,-0.08924960000000001
0.034920632,-0.084437128
0.045128204000000005,-0.07699965600000001
0.055335776,-0.07109343200000001
0.065543348,-0.06584346
0.07575092,-0.059718484
0.08595848,-0.052281016
0.096166048,-0.046374792000000005
0.106373,-0.042218564
0.11658099999999999,-0.033249852
0.12678799999999998,-0.027999876000000003
0.136996,-0.025374888
0.147203,-0.018265543999999998
0.157411,-0.015640556
0.167619,-0.012031196000000001
0.17782599999999998,0.045259
0.18803399999999998,0.046076596000000004
0.198241,0.046255796
0.208449,0.0458694
0.218656,0.047431788
0.22886399999999998,0.047504592000000005
0.23907199999999998,0.04659179200000001
0.249279,0.047622192
0.25948699999999997,0.047577392
0.269694,0.04695579200000001
0.279902,0.046502192000000005
0.290109,0.04647419600000001
0.300317,0.045751796000000004
0.310525,0.044004604
0.32073199999999996,0.044200604000000004
0.33094,0.043399808000000005
0.341147,0.041344616
0.351355,0.04167501600000001
0.361562,0.041630216000000005
0.37177,0.04111502
0.38197699999999996,0.041759016
0.392185,0.043483808000000006
0.402393,0.045135804
0.41259999999999997,0.046188596
0.42280799999999996,0.048596584
0.433015,0.050069380000000004
0.443223,0.03106236
0.45343,0.030624866
0.463638,0.029312370000000004
0.473846,0.027015506
0.48405299999999996,0.027015506
0.49426099999999995,0.029640494
0.504468,0.034124848
0.514676,0.040140444000000004
0.524883,0.047468540000000004
0.535091,0.05709349600000001
0.545299,0.06540596000000001
0.5555059999999999,0.074702792
0.5657139999999999,0.087171488
0.575921,0.10160799999999999
0.586129,0.141639
0.596336,0.272998
0.606544,0.754137
0.616752,0.8441519999999999
0.6269589999999999,0.6829339999999999
0.6371669999999999,0.566341
0.647374,0.507169
0.657582,0.477857
0.667789,0.46232599999999996
0.677997,0.448107
0.688205,0.435966
0.6984119999999999,0.431591
0.7086199999999999,0.429623
0.718827,0.432685
0.729035,0.44788799999999995
0.739242,0.48037199999999997
0.74945,0.532763
0.7596579999999999,0.609434
0.7698649999999999,0.718153
0.780073,0.853668
0.79028,1.011823
0.800488,1.186932
0.8106949999999999,1.363462
0.8209029999999999,1.521836
0.8311109999999999,1.648492
0.841318,1.734461
0.851526,1.777773
0.861733,1.783898
0.871941,1.768367
0.8821479999999999,1.738179
0.8923559999999999,1.7018669999999998
0.9025639999999999,1.674086
0.912771,1.65593
0.922979,1.6522109999999999
0.933186,1.671023
0.943394,1.7178360000000001
0.9536009999999999,1.798335
0.9638089999999999,1.912741
0.9740169999999999,2.0614899999999996
0.984224,2.24174
0.994432,2.442989
1.004639,2.651675
1.014847,2.850737
1.025054,3.030986
1.035262,3.179735
1.04547,3.2851719999999998
1.055677,3.351235
1.065885,3.393672
1.076092,3.4264840000000003
1.0863,3.4636709999999997
1.096507,3.5082959999999996
1.106715,3.1530479999999996
1.1169229999999999,2.715112
1.12713,2.375614
1.137338,2.110053
1.147545,1.896116
1.157753,1.721554
1.1679599999999999,1.5767419999999999
1.1781679999999999,1.454681
1.1883759999999999,1.3509939999999998
1.198583,1.261306
1.208791,1.1829939999999999
1.218998,1.1143070000000002
1.229206,1.053932
1.2394129999999999,0.999245
1.2496209999999999,0.95112
1.2598289999999999,0.90737
1.270036,0.867996
1.280244,0.831683
1.290451,0.7984330000000001
1.300659,0.768246
1.3108659999999999,0.739809
1.3210739999999999,0.714434
1.331281,0.6903710000000001
1.341489,0.668059
1.351697,0.647497
1.361904,0.627372
1.372112,0.609434
1.3823189999999999,0.592372
1.3925269999999998,0.575747
1.402734,0.56131
1.412942,0.546435
1.42315,0.532872
1.433357,0.519747
1.443565,0.5074970000000001
1.4537719999999998,0.49612199999999995
1.4639799999999998,0.48518500000000003
1.474187,0.474247
1.484395,0.464622
1.494603,0.45456
1.50481,0.445373
1.494603,0.43705999999999995
1.484395,0.42831
1.474187,0.420435
1.4639799999999998,0.41256
1.4537719999999998,0.405123
1.443565,0.398123
1.433357,0.390685
1.42315,0.38456
1.412942,0.37799799999999995
1.402734,0.371873
1.3925269999999998,0.365748
1.3823189999999999,0.359623
1.372112,0.354373
1.361904,0.34912299999999996
1.351697,0.343435
1.341489,0.33906
1.331281,0.33381099999999997
1.3210739999999999,0.328998
1.3108659999999999,0.324623
1.300659,0.31981099999999996
1.290451,0.315436
1.280244,0.31106100000000003
1.270036,0.307123
1.2598289999999999,0.303623
1.2496209999999999,0.29924799999999996
1.2394129999999999,0.295311
1.229206,0.291811
1.218998,0.288311
1.208791,0.285248
1.198583,0.281311
1.1883759999999999,0.278248
1.1781679999999999,0.275186
1.1679599999999999,0.27168600000000004
1.157753,0.269061
1.147545,0.26599799999999996
1.137338,0.262936
1.12713,0.260311
1.1169229999999999,0.257248
1.106715,0.25462300000000004
1.096507,0.234936
1.0863,0.187686
1.076092,0.152249
1.065885,0.12381099999999999
1.055677,0.101062
1.04547,0.082249632
1.035262,0.06693720400000001
1.025054,0.05381226
1.014847,0.042437312000000005
1.004639,0.032812352
0.994432,0.024281142000000002
0.984224,0.01574993
0.9740169999999999,0.008531212
0.9638089999999999,0.0016406170000000002
0.9536009999999999,-0.030122266
0.943394,-0.037794236
0.933186,-0.04045982
0.922979,-0.04365180800000001
0.912771,-0.047101392000000006
0.9025639999999999,-0.049856580000000005
0.8923559999999999,-0.05567162800000001
0.8821479999999999,-0.06693720400000001
0.871941,-0.079624648
0.861733,-0.093843336
0.851526,-0.11101499999999999
0.841318,-0.13026500000000002
0.8311109999999999,-0.152577
0.8209029999999999,-0.178717
0.8106949999999999,-0.210108
0.800488,-0.24696700000000002
0.79028,-0.289623
0.780073,-0.342342
0.7698649999999999,-0.404138
0.7596579999999999,-0.47752900000000004
0.74945,-0.5668880000000001
0.739242,-0.6742929999999999
0.729035,-0.803902
0.718827,-0.959542
0.7086199999999999,-1.144276
0.6984119999999999,-1.370681
0.688205,-1.637773
0.677997,-1.951897
0.667789,-2.305614
0.657582,-2.687988
0.647374,-3.070798
0.6371669999999999,-3.405484
0.6269589999999999,-3.639108
0.616752,-3.709108
0.606544,-3.588358
0.596336,-3.302235
0.586129,-2.920299
0.575921,-2.5567379999999997
0.5657139999999999,-2.275864
0.5555059999999999,-2.085115
0.545299,-1.972241
0.535091,-1.914491
0.524883,-1.8786159999999998
0.514676,-1.837929
0.504468,-1.7876169999999998
0.49426099999999995,-1.725929
0.48405299999999996,-1.661617
0.473846,-1.596867
0.463638,-1.5229300000000001
0.45343,-1.429306
0.443223,-1.3269309999999999
0.433015,-1.234182
0.42280799999999996,-1.151932
0.41259999999999997,-1.0863070000000001
0.402393,-1.037307
0.392185,-0.993558
0.38197699999999996,-0.951558
0.37177,-0.90562
0.361562,-0.8588079999999999
0.351355,-0.812433
0.341147,-0.766934
0.33094,-0.729746
0.32073199999999996,-0.694746
0.310525,-0.6636839999999999
0.300317,-0.638747
0.290109,-0.615559
0.279902,-0.594122
0.269694,-0.575309
0.25948699999999997,-0.558685
0.249279,-0.5442469999999999
0.23907199999999998,-0.5280600000000001
0.22886399999999998,-0.51756
0.218656,-0.5070600000000001
0.208449,-0.493497
0.198241,-0.48605999999999994
0.18803399999999998,-0.47731
0.17782599999999998,-0.46724699999999997
0.167619,-0.45937199999999995
0.157411,-0.45149700000000004
0.147203,-0.44405999999999995
0.136996,-0.433998
0.12678799999999998,-0.42831
0.11658099999999999,-0.42306
0.106373,-0.41256
0.096166048,-0.40731
0.08595848,-0.401623
0.07575092,-0.393748
0.065543348,-0.38893500000000003
0.055335776,-0.383685
0.045128204000000005,-0.37887299999999996
0.034920632,-0.373185
0.024713064,-0.369248
0.014505494,-0.366185
0.004297924,-0.36093499999999995
-0.005909646,-0.35656
-0.016117215,-0.35262299999999996
-0.026324786000000003,-0.34606000000000003
-0.036532356,-0.341248
-0.046739924,-0.336436
-0.056947496,-0.33074800000000004
-0.067155064,-0.325498
-0.077362632,-0.320248
-0.08757020800000001,-0.316748
-0.09777777600000001,-0.312811
-0.107985,-0.308436
-0.11819199999999999,-0.30624799999999996
-0.1284,-0.301873
-0.13860799999999998,-0.29924799999999996
-0.148815,-0.297936
-0.159023,-0.295311
-0.16923,-0.293561
-0.179438,-0.291811
-0.18964499999999998,-0.290936
-0.199853,-0.29049800000000003
-0.18964499999999998,-0.24718599999999996
-0.179438,-0.226623
-0.16923,-0.211749
-0.159023,-0.199499
-0.148815,-0.19031099999999998
-0.13860799999999998,-0.182874
-0.1284,-0.17543599999999998
-0.11819199999999999,-0.169311
-0.107985,-0.163186
-0.09777777600000001,-0.158374
-0.08757020800000001,-0.151811
-0.077362632,-0.14743599999999998
-0.067155064,-0.143936
-0.056947496,-0.137811
-0.046739924,-0.133436
-0.036532356,-0.12949899999999998
-0.026324786000000003,-0.12381099999999999
-0.016117215,-0.118999
-0.005909646,-0.11374899999999999
0.004297924,-0.109374
0.014505494,-0.103249
0.024713064,-0.09799956800000001
0.034920632,-0.095374576
0.045128204000000005,-0.08706211200000001
0.055335776,-0.082249632
0.065543348,-0.07787465600000001
0.07575092,-0.06934344800000002
0.08595848,-0.06299972
0.096166048,-0.05709349600000001
0.106373,-0.051843520000000004
0.11658099999999999,-0.044843548000000004
0.12678799999999998,-0.03828108
0.136996,-0.037187336
0.147203,-0.029202996000000002
0.157411,-0.025156138
0.167619,-0.024390516
0.17782599999999998,-0.019796786000000004
0.18803399999999998,-0.016078053000000002
0.198241,-0.013999938000000002
0.208449,0.044206208000000004
0.218656,0.0450182
0.22886399999999998,0.045410200000000005
0.23907199999999998,0.04413340400000001
0.249279,0.0452366
0.25948699999999997,0.045516600000000004
0.269694,0.044295808000000006
0.279902,0.044122208
0.290109,0.044150204
0.300317,0.043058212000000005
0.310525,0.041400620000000006
0.32073199999999996,0.04137822000000001
0.33094,0.04071182
0.341147,0.038287032
0.351355,0.038247832
0.361562,0.038651032
0.37177,0.037458236000000006
0.38197699999999996,0.038051832
0.392185,0.040157424000000004
0.402393,0.041529420000000004
0.41259999999999997,0.042890212000000004
0.42280799999999996,0.0456454
0.433015,0.047442992
0.443223,0.047482192
0.45343,0.047134992
0.463638,0.046860596000000004
0.473846,0.045600600000000005
0.48405299999999996,0.0450182
0.49426099999999995,0.046574996
0.504468,0.047571792
0.514676,0.049005384000000006
0.524883,0.039812324
0.535091,0.048234160000000005
0.545299,0.057640368000000004
0.5555059999999999,0.066171584
0.5657139999999999,0.076124664
0.575921,0.09176521600000001
0.586129,0.134858
0.596336,0.276826
0.606544,0.6557000000000001
0.616752,0.62234
0.6269589999999999,0.558138
0.6371669999999999,0.527841
0.647374,0.511325
0.657582,0.48780999999999997
0.667789,0.46856000000000003
0.677997,0.451826
0.688205,0.434982
0.6984119999999999,0.428201
0.7086199999999999,0.426123
0.718827,0.430935
0.729035,0.45259099999999997
0.739242,0.49087200000000003
0.74945,0.551247
0.7596579999999999,0.6407149999999999
0.7698649999999999,0.763762
0.780073,0.9176519999999999
0.79028,1.0899159999999999
0.800488,1.28165
0.8106949999999999,1.465618
0.8209029999999999,1.6207109999999998
0.8311109999999999,1.737742
0.841318,1.807741
0.851526,1.832898
0.861733,1.823273
0.871941,1.794398
0.8821479999999999,1.7561170000000002
0.8923559999999999,1.716523
0.9025639999999999,1.6869919999999998
0.912771,1.671242
0.922979,1.6721169999999999
0.933186,1.6996790000000002
0.943394,1.761148
0.9536009999999999,1.86046
0.9638089999999999,1.9991469999999998
0.9740169999999999,2.176115
0.984224,2.3869890000000002
0.994432,2.619738
1.004639,2.855549
1.014847,3.081736
1.025054,3.2825469999999997
1.035262,3.4431089999999998
1.04547,3.548546
1.055677,3.601483
1.065885,3.623358
1.076092,3.6286080000000003
1.0863,3.629483
1.096507,3.638671
1.106715,3.2335480000000003
1.1169229999999999,2.757112
1.12713,2.393551
1.137338,2.1113649999999997
1.147545,1.887804
1.157753,1.7058039999999999
1.1679599999999999,1.5566179999999998
1.1781679999999999,1.431931
1.1883759999999999,1.325181
1.198583,1.234619
1.208791,1.155869
1.218998,1.0867449999999999
1.229206,1.02637
1.2394129999999999,0.9716829999999999
1.2496209999999999,0.923558
1.2598289999999999,0.880246
1.270036,0.840433
1.280244,0.804996
1.290451,0.7717459999999999
1.300659,0.741996
1.3108659999999999,0.7148709999999999
1.3210739999999999,0.689059
1.331281,0.665434
1.341489,0.643559
1.351697,0.622997
1.361904,0.6041839999999999
1.372112,0.585809
1.3823189999999999,0.569622
1.3925269999999998,0.553435
1.402734,0.5385599999999999
1.412942,0.52456
1.42315,0.510997
1.433357,0.498747
1.443565,0.48693499999999995
1.4537719999999998,0.47556
1.4639799999999998,0.464622
1.474187,0.45412199999999997
1.484395,0.444498
1.494603,0.43531
1.50481,0.426123
1.494603,0.41781
1.484395,0.40949800000000003
1.474187,0.401623
1.4639799999999998,0.39418499999999995
1.4537719999999998,0.386748
1.443565,0.380185
1.433357,0.373185
1.42315,0.36662300000000003
1.412942,0.36093499999999995
1.402734,0.35480999999999996
1.3925269999999998,0.34912299999999996
1.3823189999999999,0.343873
1.372112,0.337748
1.361904,0.332936
1.351697,0.327686
1.341489,0.322873
1.331281,0.318061
1.3210739999999999,0.313686
1.3108659999999999,0.309311
1.300659,0.305373
1.290451,0.300561
1.280244,0.297061
1.270036,0.292686
1.2598289999999999,0.289186
1.2496209999999999,0.285248
1.2394129999999999,0.281748
1.229206,0.278248
1.218998,0.274748
1.208791,0.271248
1.198583,0.268623
1.1883759999999999,0.265123
1.1781679999999999,0.261623
1.1679599999999999,0.25899799999999995
1.157753,0.255936
1.147545,0.253311
1.137338,0.25068599999999996
1.12713,0.24806099999999998
1.1169229999999999,0.24543600000000002
1.106715,0.242373
1.096507,0.223999
1.0863,0.178061
1.076092,0.143936
1.065885,0.11724899999999999
1.055677,0.09493708000000001
1.04547,0.07699965600000001
1.035262,0.06212472
1.025054,0.049656028000000005
1.014847,0.039156076
1.004639,0.029531118000000002
0.994432,0.021218656000000002
0.984224,0.01334369
0.9740169999999999,0.006124973000000001
0.9638089999999999,0.0
0.9536009999999999,-0.03153906
0.943394,-0.03827023200000001
0.933186,-0.04087422
0.922979,-0.043965408000000004
0.912771,-0.04721339200000001
0.9025639999999999,-0.04995738
0.8923559999999999,-0.055890376000000005
0.8821479999999999,-0.066718452
0.871941,-0.079405896
0.861733,-0.09285896000000002
0.851526,-0.109812
0.841318,-0.12917099999999998
0.8311109999999999,-0.15082700000000002
0.8209029999999999,-0.17653000000000002
0.8106949999999999,-0.20737399999999998
0.800488,-0.243577
0.79028,-0.285904
0.780073,-0.337092
0.7698649999999999,-0.39888799999999996
0.7596579999999999,-0.471076
0.74945,-0.559013
0.739242,-0.66609
0.729035,-0.794277
0.718827,-0.949808
0.7086199999999999,-1.125354
0.6984119999999999,-1.3639
0.688205,-1.635586
0.677997,-1.9564909999999998
0.667789,-2.325739
0.657582,-2.730425
0.647374,-3.142986
0.6371669999999999,-3.5174839999999996
0.6269589999999999,-3.7931069999999996
0.616752,-3.904669
0.606544,-3.804483
0.596336,-3.5174839999999996
0.586129,-3.110611
0.575921,-2.706362
0.5657139999999999,-2.382614
0.5555059999999999,-2.1603649999999996
0.545299,-2.022115
0.535091,-1.942491
0.524883,-1.884741
0.514676,-1.823491
0.504468,-1.766617
0.49426099999999995,-1.711492
0.48405299999999996,-1.660742
0.473846,-1.612617
0.463638,-1.549618
0.45343,-1.4647430000000001
0.443223,-1.363243
0.433015,-1.266994
0.42280799999999996,-1.183869
0.41259999999999997,-1.11737
0.402393,-1.06837
0.392185,-1.02637
0.38197699999999996,-0.98087
0.37177,-0.93362
0.361562,-0.882871
0.351355,-0.832996
0.341147,-0.786621
0.33094,-0.746371
0.32073199999999996,-0.711371
0.310525,-0.678121
0.300317,-0.651872
0.290109,-0.629122
0.279902,-0.6037469999999999
0.269694,-0.585372
0.25948699999999997,-0.568747
0.249279,-0.5521219999999999
0.23907199999999998,-0.5372469999999999
0.22886399999999998,-0.5249969999999999
0.218656,-0.514497
0.208449,-0.5013719999999999
0.198241,-0.491747
0.18803399999999998,-0.48474700000000004
0.17782599999999998,-0.474247
0.167619,-0.465497
0.157411,-0.45937199999999995
0.147203,-0.449747
0.136996,-0.441873
0.12678799999999998,-0.43574799999999997
0.11658099999999999,-0.42874799999999996
0.106373,-0.419998
0.096166048,-0.412998
0.08595848,-0.408623
0.07575092,-0.400748
0.065543348,-0.393748
0.055335776,-0.390248
0.045128204000000005,-0.384123
0.034920632,-0.37887299999999996
0.024713064,-0.37537299999999996
0.014505494,-0.370998
0.004297924,-0.36662300000000003
-0.005909646,-0.360498
-0.016117215,-0.356998
-0.026324786000000003,-0.350873
-0.036532356,-0.344748
-0.046739924,-0.340373
-0.056947496,-0.334248
-0.067155064,-0.32724800000000004
-0.077362632,-0.323748
-0.08757020800000001,-0.318498
-0.09777777600000001,-0.314998
-0.107985,-0.311498
-0.11819199999999999,-0.307123
-0.1284,-0.304498
-0.13860799999999998,-0.300123
-0.148815,-0.29924799999999996
-0.159023,-0.29662299999999997
-0.16923,-0.293123
-0.179438,-0.29399800000000004
-0.18964499999999998,-0.29049800000000003
-0.199853,-0.288748
-0.18964499999999998,-0.25112300000000004
-0.179438,-0.23099799999999998
-0.16923,-0.21787399999999998
-0.159023,-0.206499
-0.148815,-0.197749
-0.13860799999999998,-0.19074899999999997
-0.1284,-0.182874
-0.11819199999999999,-0.177624
-0.107985,-0.17149899999999998
-0.09777777600000001,-0.16581100000000001
-0.08757020800000001,-0.160561
-0.077362632,-0.155749
-0.067155064,-0.151811
-0.056947496,-0.146561
-0.046739924,-0.140874
-0.036532356,-0.138249
-0.026324786000000003,-0.132124
-0.016117215,-0.12687400000000001
-0.005909646,-0.122936
0.004297924,-0.116811
0.014505494,-0.11243600000000001
0.024713064,-0.10718699999999999
0.034920632,-0.102812
0.045128204000000005,-0.09668707200000001
0.055335776,-0.08968709600000001
0.065543348,-0.08531212
0.07575092,-0.078312152
0.08595848,-0.07043719200000001
0.096166048,-0.06584346
0.106373,-0.059062236000000004
0.11658099999999999,-0.05249976800000001
0.12678799999999998,-0.04703104
0.136996,-0.043968556000000006
0.147203,-0.039374824
0.157411,-0.033249852
0.167619,-0.032484232
0.17782599999999998,-0.028765498000000004
0.18803399999999998,-0.023843644
0.198241,-0.023406146000000003
0.208449,-0.02132803
0.218656,-0.017609298000000002
0.22886399999999998,0.04410540400000001
0.23907199999999998,0.04263261200000001
0.249279,0.043349408000000006
0.25948699999999997,0.043769408
0.269694,0.042610212
0.279902,0.041927016
0.290109,0.04253181200000001
0.300317,0.041081416
0.310525,0.039048628
0.32073199999999996,0.039412628000000005
0.33094,0.038203032000000005
0.341147,0.03604704
0.351355,0.035789440000000006
0.361562,0.03614784
0.37177,0.035167844000000004
0.38197699999999996,0.035039044
0.392185,0.037665432000000006
0.402393,0.039076628
0.41259999999999997,0.040051024
0.42280799999999996,0.043735808
0.433015,0.0453094
0.443223,0.045253400000000006
0.45343,0.0449062
0.463638,0.044060604
0.473846,0.042935012
0.48405299999999996,0.04205021600000001
0.49426099999999995,0.043915004
0.504468,0.0455838
0.514676,0.046938992000000006
0.524883,0.050186980000000006
0.535091,0.043968556000000006
0.545299,0.05162476800000001
0.5555059999999999,0.060702856000000006
0.5657139999999999,0.06934344800000002
0.575921,0.08487462400000001
0.586129,0.134202
0.596336,0.260092
0.606544,0.512091
0.616752,0.42995099999999997
0.6269589999999999,0.417591
0.6371669999999999,0.44373199999999996
0.647374,0.462216
0.657582,0.47643499999999994
0.667789,0.481904
0.677997,0.464513
0.688205,0.442091
0.6984119999999999,0.42951300000000003
0.7086199999999999,0.42677899999999996
0.718827,0.43257599999999996
0.729035,0.457732
0.739242,0.50531
0.74945,0.5771689999999999
0.7596579999999999,0.682606
0.7698649999999999,0.8235899999999999
0.780073,0.994761
0.79028,1.1829939999999999
0.800488,1.382493
0.8106949999999999,1.567117
0.8209029999999999,1.713898
0.8311109999999999,1.81321
0.841318,1.866366
0.851526,1.873147
0.861733,1.8497409999999999
0.871941,1.8123349999999998
0.8821479999999999,1.7681479999999998
0.8923559999999999,1.7272420000000002
0.9025639999999999,1.698586
0.912771,1.685023
0.922979,1.692023
0.933186,1.729211
0.943394,1.805991
0.9536009999999999,1.9254280000000001
0.9638089999999999,2.086428
0.9740169999999999,2.2894270000000003
0.984224,2.527863
0.994432,2.785987
1.004639,3.044548
1.014847,3.2895469999999998
1.025054,3.505671
1.035262,3.6688579999999997
1.04547,3.7664199999999997
1.055677,3.8027320000000002
1.065885,3.800545
1.076092,3.77867
1.0863,3.7493579999999995
1.096507,3.72617
1.106715,3.284735
1.1169229999999999,2.7794250000000003
1.12713,2.400989
1.137338,2.107428
1.147545,1.876866
1.157753,1.692679
1.1679599999999999,1.539993
1.1781679999999999,1.413993
1.1883759999999999,1.306806
1.198583,1.2149320000000001
1.208791,1.136182
1.218998,1.067057
1.229206,1.006245
1.2394129999999999,0.951995
1.2496209999999999,0.90387
1.2598289999999999,0.860996
1.270036,0.821183
1.280244,0.785308
1.290451,0.753371
1.300659,0.723621
1.3108659999999999,0.696496
1.3210739999999999,0.671121
1.331281,0.647497
1.341489,0.6260589999999999
1.351697,0.605934
1.361904,0.587122
1.372112,0.569184
1.3823189999999999,0.552997
1.3925269999999998,0.537685
1.402734,0.5223720000000001
1.412942,0.50881
1.42315,0.495685
1.433357,0.483435
1.443565,0.471622
1.4537719999999998,0.461122
1.4639799999999998,0.450185
1.474187,0.44055999999999995
1.484395,0.430498
1.494603,0.42131
1.50481,0.412998
1.494603,0.404248
1.484395,0.39681
1.474187,0.38893500000000003
1.4639799999999998,0.38149799999999995
1.4537719999999998,0.37449799999999994
1.443565,0.367498
1.433357,0.36093499999999995
1.42315,0.35480999999999996
1.412942,0.34912299999999996
1.402734,0.343435
1.3925269999999998,0.33731099999999997
1.3823189999999999,0.331623
1.372112,0.32681099999999996
1.361904,0.321561
1.351697,0.31718599999999997
1.341489,0.311936
1.331281,0.30756100000000003
1.3210739999999999,0.303186
1.3108659999999999,0.29837299999999994
1.300659,0.294873
1.290451,0.29049800000000003
1.280244,0.28656099999999995
1.270036,0.28306099999999995
1.2598289999999999,0.279123
1.2496209999999999,0.27606099999999995
1.2394129999999999,0.272561
1.229206,0.268623
1.218998,0.265561
1.208791,0.262061
1.198583,0.25899799999999995
1.1883759999999999,0.255936
1.1781679999999999,0.252873
1.1679599999999999,0.250248
1.157753,0.24718599999999996
1.147545,0.244561
1.137338,0.242373
1.12713,0.238873
1.1169229999999999,0.236686
1.106715,0.23449799999999998
1.096507,0.21612399999999998
1.0863,0.17193599999999998
1.076092,0.138686
1.065885,0.11243600000000001
1.055677,0.09099960000000001
1.04547,0.073499672
1.035262,0.059499736000000004
1.025054,0.047249792000000006
1.014847,0.036531087999999996
1.004639,0.027781126000000003
0.994432,0.01914054
0.984224,0.011921822
0.9740169999999999,0.0047031040000000005
0.9638089999999999,-0.027837478000000002
0.9536009999999999,-0.035285444000000006
0.943394,-0.03866222800000001
0.933186,-0.040991820000000005
0.922979,-0.044111004
0.912771,-0.047297392
0.9025639999999999,-0.04983978000000001
0.8923559999999999,-0.055562252000000006
0.8821479999999999,-0.066280956
0.871941,-0.078421528
0.861733,-0.09198396000000002
0.851526,-0.10806199999999999
0.841318,-0.12709299999999998
0.8311109999999999,-0.14831099999999997
0.8209029999999999,-0.173249
0.8106949999999999,-0.203764
0.800488,-0.238655
0.79028,-0.280217
0.780073,-0.330857
0.7698649999999999,-0.390467
0.7596579999999999,-0.461669
0.74945,-0.547638
0.739242,-0.652528
0.729035,-0.7794019999999999
0.718827,-0.932855
0.7086199999999999,-1.109495
0.6984119999999999,-1.343556
0.688205,-1.615899
0.677997,-1.941178
0.667789,-2.317864
0.657582,-2.74005
0.647374,-3.178423
0.6371669999999999,-3.588358
0.6269589999999999,-3.910794
0.616752,-4.065231000000001
0.606544,-4.013605999999999
0.596336,-3.744983
0.586129,-3.32061
0.575921,-2.8743619999999996
0.5657139999999999,-2.498113
0.5555059999999999,-2.228615
0.545299,-2.0536149999999997
0.535091,-1.940741
0.524883,-1.8611159999999998
0.514676,-1.791992
0.504468,-1.7429919999999999
0.49426099999999995,-1.706242
0.48405299999999996,-1.671242
0.473846,-1.637117
0.463638,-1.5837419999999998
0.45343,-1.500618
0.443223,-1.3991179999999999
0.433015,-1.300244
0.42280799999999996,-1.214494
0.41259999999999997,-1.1471189999999998
0.402393,-1.097245
0.392185,-1.055245
0.38197699999999996,-1.00887
0.37177,-0.9589949999999999
0.361562,-0.9064949999999999
0.351355,-0.852246
0.341147,-0.804996
0.33094,-0.763871
0.32073199999999996,-0.725371
0.310525,-0.692996
0.300317,-0.6649970000000001
0.290109,-0.6396219999999999
0.279902,-0.6151220000000001
0.269694,-0.594122
0.25948699999999997,-0.578372
0.249279,-0.5608719999999999
0.23907199999999998,-0.5433720000000001
0.22886399999999998,-0.533747
0.218656,-0.520622
0.208449,-0.5083719999999999
0.198241,-0.497872
0.18803399999999998,-0.489122
0.17782599999999998,-0.481247
0.167619,-0.47074699999999997
0.157411,-0.464622
0.147203,-0.45674699999999996
0.136996,-0.445373
0.12678799999999998,-0.441873
0.11658099999999999,-0.434873
0.106373,-0.426123
0.096166048,-0.419998
0.08595848,-0.412998
0.07575092,-0.406873
0.065543348,-0.399873
0.055335776,-0.394623
0.045128204000000005,-0.390248
0.034920632,-0.383248
0.024713064,-0.379748
0.014505494,-0.37449799999999994
0.004297924,-0.369248
-0.005909646,-0.365748
-0.016117215,-0.358748
-0.026324786000000003,-0.353498
-0.036532356,-0.347373
-0.046739924,-0.341248
-0.056947496,-0.336873
-0.067155064,-0.329873
-0.077362632,-0.325498
-0.08757020800000001,-0.321123
-0.09777777600000001,-0.315873
-0.107985,-0.312373
-0.11819199999999999,-0.308873
-0.1284,-0.305373
-0.13860799999999998,-0.30274799999999996
-0.148815,-0.29924799999999996
-0.159023,-0.297498
-0.16923,-0.29399800000000004
-0.179438,-0.292248
-0.18964499999999998,-0.291373
-0.199853,-0.288748
-0.18964499999999998,-0.252873
-0.179438,-0.235373
-0.16923,-0.22137400000000002
-0.159023,-0.211749
-0.148815,-0.202999
-0.13860799999999998,-0.195999
-0.1284,-0.189874
-0.11819199999999999,-0.182874
-0.107985,-0.178499
-0.09777777600000001,-0.172811
-0.08757020800000001,-0.167124
-0.077362632,-0.163186
-0.067155064,-0.157936
-0.056947496,-0.153561
-0.046739924,-0.14831099999999997
-0.036532356,-0.143936
-0.026324786000000003,-0.139999
-0.016117215,-0.133436
-0.005909646,-0.12949899999999998
0.004297924,-0.124686
0.014505494,-0.11812399999999999
0.024713064,-0.114186
0.034920632,-0.109374
0.045128204000000005,-0.102374
0.055335776,-0.09712456800000001
0.065543348,-0.09056209600000001
0.07575092,-0.08531212
0.08595848,-0.07699965600000001
0.096166048,-0.071312184
0.106373,-0.066062208
0.11658099999999999,-0.057968492
0.12678799999999998,-0.054031012
0.136996,-0.050749776
0.147203,-0.043968556000000006
0.157411,-0.04046857200000001
0.167619,-0.03784358
0.17782599999999998,-0.035656092
0.18803399999999998,-0.03160923400000001
0.198241,-0.028984246
0.208449,-0.028874872
0.218656,-0.024609266
0.22886399999999998,-0.023187396000000002
0.23907199999999998,-0.024499892000000002
0.249279,-0.021656154
0.25948699999999997,-0.02132803
0.269694,-0.021765528000000003
0.279902,0.041165416
0.290109,0.04090782
0.300317,0.039877424
0.310525,0.037312636
0.32073199999999996,0.037917432
0.33094,0.036758236
0.341147,0.034053452000000005
0.351355,0.034361448
0.361562,0.034372648
0.37177,0.033336652
0.38197699999999996,0.03349905400000001
0.392185,0.03575024
0.402393,0.037531036000000004
0.41259999999999997,0.038309432000000004
0.42280799999999996,0.041994216
0.433015,0.043976604
0.443223,0.043215012000000004
0.45343,0.042845412000000006
0.463638,0.042011012
0.473846,0.04045982
0.48405299999999996,0.04019662
0.49426099999999995,0.042190212000000005
0.504468,0.044301404
0.514676,0.046177396
0.524883,0.049414184
0.535091,0.041671692
0.545299,0.049109156
0.5555059999999999,0.05643725200000001
0.5657139999999999,0.06584346
0.575921,0.081046512
0.586129,0.134858
0.596336,0.230561
0.606544,0.344639
0.616752,0.323529
0.6269589999999999,0.311717
0.6371669999999999,0.338514
0.647374,0.388279
0.657582,0.425138
0.667789,0.44274800000000003
0.677997,0.44821599999999995
0.688205,0.445919
0.6984119999999999,0.441654
0.7086199999999999,0.436294
0.718827,0.443185
0.729035,0.471951
0.739242,0.527403
0.74945,0.612606
0.7596579999999999,0.733027
0.7698649999999999,0.893261
0.780073,1.078323
0.79028,1.281869
0.800488,1.487055
0.8106949999999999,1.665773
0.8209029999999999,1.79921
0.8311109999999999,1.879929
0.841318,1.912741
0.851526,1.900928
0.861733,1.8646159999999998
0.871941,1.819991
0.8821479999999999,1.7736169999999998
0.8923559999999999,1.731617
0.9025639999999999,1.704929
0.912771,1.695742
0.922979,1.709742
0.933186,1.7587419999999998
0.943394,1.851054
0.9536009999999999,1.991491
0.9638089999999999,2.1752399999999996
0.9740169999999999,2.402739
0.984224,2.6661129999999997
0.994432,2.9443610000000002
1.004639,3.2204230000000003
1.014847,3.480297
1.025054,3.704296
1.035262,3.8666069999999997
1.04547,3.944482
1.055677,3.957607
1.065885,3.931357
1.076092,3.881482
1.0863,3.825483
1.096507,3.774733
1.106715,3.30836
1.1169229999999999,2.7868619999999997
1.12713,2.396614
1.137338,2.09824
1.147545,1.8646159999999998
1.157753,1.678242
1.1679599999999999,1.525118
1.1781679999999999,1.398243
1.1883759999999999,1.291494
1.198583,1.199619
1.208791,1.12087
1.218998,1.051745
1.229206,0.9904949999999999
1.2394129999999999,0.9371200000000001
1.2496209999999999,0.888996
1.2598289999999999,0.846121
1.270036,0.806746
1.280244,0.7717459999999999
1.290451,0.739371
1.300659,0.710496
1.3108659999999999,0.6833710000000001
1.3210739999999999,0.657997
1.331281,0.635247
1.341489,0.613372
1.351697,0.593247
1.361904,0.5748719999999999
1.372112,0.558247
1.3823189999999999,0.541622
1.3925269999999998,0.525872
1.402734,0.511872
1.412942,0.497872
1.42315,0.48474700000000004
1.433357,0.472497
1.443565,0.461122
1.4537719999999998,0.450623
1.4639799999999998,0.439248
1.474187,0.429623
1.484395,0.420873
1.494603,0.411248
1.50481,0.402498
1.494603,0.394623
1.484395,0.386748
1.474187,0.37887299999999996
1.4639799999999998,0.371873
1.4537719999999998,0.364873
1.443565,0.358748
1.433357,0.351748
1.42315,0.34562299999999996
1.412942,0.33949799999999997
1.402734,0.334248
1.3925269999999998,0.328998
1.3823189999999999,0.323748
1.372112,0.318498
1.361904,0.31324799999999997
1.351697,0.308873
1.341489,0.304498
1.331281,0.29924799999999996
1.3210739999999999,0.294873
1.3108659999999999,0.291373
1.300659,0.286123
1.290451,0.283498
1.280244,0.279123
1.270036,0.275623
1.2598289999999999,0.271248
1.2496209999999999,0.267748
1.2394129999999999,0.265123
1.229206,0.261623
1.218998,0.258123
1.208791,0.255498
1.198583,0.251998
1.1883759999999999,0.24937299999999998
1.1781679999999999,0.246748
1.1679599999999999,0.24412300000000003
1.157753,0.24062299999999998
1.147545,0.237998
1.137338,0.235373
1.12713,0.23274799999999998
1.1169229999999999,0.23099799999999998
1.106715,0.228373
1.096507,0.21087399999999998
1.0863,0.167124
1.076092,0.133874
1.065885,0.108499
1.055677,0.08837460800000001
1.04547,0.071312184
1.035262,0.057312244000000005
1.025054,0.045718548000000005
1.014847,0.035218596000000005
1.004639,0.026249884000000005
0.994432,0.018265543999999998
0.984224,0.010718702
0.9740169999999999,0.004156231
0.9638089999999999,-0.028559874000000002
0.9536009999999999,-0.035459044
0.943394,-0.038701432
0.933186,-0.041103816
0.922979,-0.04402140400000001
0.912771,-0.047185392
0.9025639999999999,-0.049738984
0.8923559999999999,-0.05468726
0.8821479999999999,-0.06540596000000001
0.871941,-0.07689028
0.861733,-0.09023397600000001
0.851526,-0.106202
0.841318,-0.12424899999999998
0.8311109999999999,-0.145139
0.8209029999999999,-0.169311
0.8106949999999999,-0.198842
0.800488,-0.233186
0.79028,-0.27310799999999996
0.780073,-0.322545
0.7698649999999999,-0.380732
0.7596579999999999,-0.449529
0.74945,-0.533747
0.739242,-0.6353559999999999
0.729035,-0.759496
0.718827,-0.909886
0.7086199999999999,-1.0858700000000001
0.6984119999999999,-1.3144619999999998
0.688205,-1.583305
0.677997,-1.909022
0.667789,-2.2738959999999997
0.657582,-2.723425
0.647374,-3.183673
0.6371669999999999,-3.625546
0.6269589999999999,-3.9934819999999998
0.616752,-4.2052309999999995
0.606544,-4.203481
0.596336,-3.971607
0.586129,-3.542859
0.575921,-3.053736
0.5657139999999999,-2.619738
0.5555059999999999,-2.288989
0.545299,-2.06674
0.535091,-1.9232410000000002
0.524883,-1.826991
0.514676,-1.763992
0.504468,-1.7298669999999998
0.49426099999999995,-1.710617
0.48405299999999996,-1.6904919999999999
0.473846,-1.6624919999999999
0.463638,-1.6152419999999998
0.45343,-1.533868
0.443223,-1.432368
0.433015,-1.332619
0.42280799999999996,-1.245119
0.41259999999999997,-1.175994
0.402393,-1.126995
0.392185,-1.083245
0.38197699999999996,-1.03687
0.37177,-0.9843700000000001
0.361562,-0.929245
0.351355,-0.8741209999999999
0.341147,-0.8216209999999999
0.33094,-0.780496
0.32073199999999996,-0.741121
0.310525,-0.706121
0.300317,-0.6772459999999999
0.290109,-0.650122
0.279902,-0.625622
0.269694,-0.6037469999999999
0.25948699999999997,-0.585372
0.249279,-0.568747
0.23907199999999998,-0.551247
0.22886399999999998,-0.539872
0.218656,-0.528497
0.208449,-0.513622
0.198241,-0.506622
0.18803399999999998,-0.49612199999999995
0.17782599999999998,-0.48649699999999996
0.167619,-0.47774700000000003
0.157411,-0.47074699999999997
0.147203,-0.462872
0.136996,-0.452372
0.12678799999999998,-0.447123
0.11658099999999999,-0.441873
0.106373,-0.430498
0.096166048,-0.426123
0.08595848,-0.41912299999999997
0.07575092,-0.412123
0.065543348,-0.405998
0.055335776,-0.399873
0.045128204000000005,-0.395498
0.034920632,-0.388498
0.024713064,-0.384123
0.014505494,-0.380623
0.004297924,-0.372748
-0.005909646,-0.369248
-0.016117215,-0.363998
-0.026324786000000003,-0.356123
-0.036532356,-0.350873
-0.046739924,-0.34562299999999996
-0.056947496,-0.33862299999999995
-0.067155064,-0.332498
-0.077362632,-0.328123
-0.08757020800000001,-0.323748
-0.09777777600000001,-0.318498
-0.107985,-0.314123
-0.11819199999999999,-0.311498
-0.1284,-0.307123
-0.13860799999999998,-0.303623
-0.148815,-0.300998
-0.159023,-0.297498
-0.16923,-0.294873
-0.179438,-0.293123
-0.18964499999999998,-0.291373
-0.199853,-0.29049800000000003
-0.18964499999999998,-0.25637299999999996
-0.179438,-0.238873
-0.16923,-0.226623
-0.159023,-0.21612399999999998
-0.148815,-0.20912399999999998
-0.13860799999999998,-0.202124
-0.1284,-0.195999
-0.11819199999999999,-0.189874
-0.107985,-0.184624
-0.09777777600000001,-0.179374
-0.08757020800000001,-0.17368599999999998
-0.077362632,-0.169311
-0.067155064,-0.164936
-0.056947496,-0.159249
-0.046739924,-0.155749
-0.036532356,-0.150936
-0.026324786000000003,-0.14524900000000002
-0.016117215,-0.140436
-0.005909646,-0.13474899999999998
0.004297924,-0.13124899999999998
0.014505494,-0.12424899999999998
0.024713064,-0.118999
0.034920632,-0.115936
0.045128204000000005,-0.107624
0.055335776,-0.102374
0.065543348,-0.09712456800000001
0.07575092,-0.08924960000000001
0.08595848,-0.083562128
0.096166048,-0.07656216
0.106373,-0.07109343200000001
0.11658099999999999,-0.06299972
0.12678799999999998,-0.056656
0.136996,-0.05643725200000001
0.147203,-0.048343536000000006
0.157411,-0.044843548000000004
0.167619,-0.043968556000000006
0.17782599999999998,-0.039156076
0.18803399999999998,-0.03707796
0.198241,-0.03423422400000001
0.208449,-0.033687352000000004
0.218656,-0.030952988
0.22886399999999998,-0.028328
0.23907199999999998,-0.030077992000000005
0.249279,-0.027781126000000003
0.25948699999999997,-0.026140508
0.269694,-0.028109250000000002
0.279902,-0.027671752
0.290109,-0.028984246
0.300317,-0.030843614000000005
0.310525,-0.033577976
0.32073199999999996,-0.035984216
0.33094,-0.03664046000000001
0.341147,-0.039921700000000004
0.351355,-0.041015444000000005
0.361562,-0.03871858
0.37177,-0.03959357200000001
0.38197699999999996,-0.035546716000000006
0.392185,-0.029421744000000003
0.402393,-0.022968648
0.41259999999999997,-0.014437436
0.42280799999999996,-0.006343722
0.433015,0.043007808
0.443223,0.041854216
0.45343,0.04089662
0.463638,0.04037022
0.473846,0.038796628
0.48405299999999996,0.03882462800000001
0.49426099999999995,0.041619016
0.504468,0.043870204
0.514676,0.046110200000000004
0.524883,0.04930778400000001
0.535091,0.04046857200000001
0.545299,0.048343536000000006
0.5555059999999999,0.054796632000000005
0.5657139999999999,0.062562224
0.575921,0.082249632
0.586129,0.133436
0.596336,0.198842
0.606544,0.217655
0.616752,0.216999
0.6269589999999999,0.253967
0.6371669999999999,0.280655
0.647374,0.308764
0.657582,0.349232
0.667789,0.386967
0.677997,0.40468499999999996
0.688205,0.40949800000000003
0.6984119999999999,0.418685
0.7086199999999999,0.432685
0.718827,0.455435
0.729035,0.49688799999999994
0.739242,0.561966
0.74945,0.66095
0.7596579999999999,0.797887
0.7698649999999999,0.97398
0.780073,1.173807
0.79028,1.385556
0.800488,1.590305
0.8106949999999999,1.75896
0.8209029999999999,1.873147
0.8311109999999999,1.9354909999999999
0.841318,1.9446780000000001
0.851526,1.921053
0.861733,1.875991
0.871941,1.826116
0.8821479999999999,1.777992
0.8923559999999999,1.737304
0.9025639999999999,1.712367
0.912771,1.707992
0.922979,1.7298669999999998
0.933186,1.7915539999999999
0.943394,1.901804
0.9536009999999999,2.0614899999999996
0.9638089999999999,2.268427
0.9740169999999999,2.518238
0.984224,2.802174
0.994432,3.097923
1.004639,3.3871089999999997
1.014847,3.657483
1.025054,3.8841069999999998
1.035262,4.0337309999999995
1.04547,4.093230999999999
1.055677,4.084481
1.065885,4.037232
1.076092,3.9628569999999996
1.0863,3.8841069999999998
1.096507,3.813233
1.106715,3.32411
1.1169229999999999,2.790362
1.12713,2.393989
1.137338,2.092115
1.147545,1.857616
1.157753,1.667742
1.1679599999999999,1.514618
1.1781679999999999,1.387743
1.1883759999999999,1.280119
1.198583,1.188244
1.208791,1.109495
1.218998,1.041245
1.229206,0.9799950000000001
1.2394129999999999,0.92662
1.2496209999999999,0.878496
1.2598289999999999,0.835621
1.270036,0.797121
1.280244,0.762121
1.290451,0.729746
1.300659,0.700871
1.3108659999999999,0.673747
1.3210739999999999,0.648372
1.331281,0.626497
1.341489,0.604622
1.351697,0.584497
1.361904,0.566997
1.372112,0.548622
1.3823189999999999,0.533747
1.3925269999999998,0.517122
1.402734,0.503122
1.412942,0.489997
1.42315,0.476872
1.433357,0.465497
1.443565,0.45412199999999997
1.4537719999999998,0.44274800000000003
1.4639799999999998,0.43224799999999997
1.474187,0.42262299999999997
1.484395,0.413873
1.494603,0.404248
1.50481,0.395498
1.494603,0.387623
1.484395,0.380623
1.474187,0.372748
1.4639799999999998,0.365748
1.4537719999999998,0.358748
1.443565,0.351748
1.433357,0.34562299999999996
1.42315,0.33949799999999997
1.412942,0.334248
1.402734,0.328998
1.3925269999999998,0.322873
1.3823189999999999,0.317623
1.372112,0.312373
1.361904,0.307998
1.351697,0.30274799999999996
1.341489,0.29837299999999994
1.331281,0.29399800000000004
1.3210739999999999,0.289623
1.3108659999999999,0.286123
1.300659,0.281748
1.290451,0.278248
1.280244,0.273873
1.270036,0.270373
1.2598289999999999,0.26687299999999997
1.2496209999999999,0.26337299999999997
1.2394129999999999,0.25987299999999997
1.229206,0.257248
1.218998,0.25374800000000003
1.208791,0.25112300000000004
1.198583,0.247623
1.1883759999999999,0.244998
1.1781679999999999,0.242373
1.1679599999999999,0.238873
1.157753,0.23624799999999999
1.147545,0.233623
1.137338,0.23099799999999998
1.12713,0.22924799999999998
1.1169229999999999,0.226623
1.106715,0.223999
1.096507,0.206499
1.0863,0.16362400000000002
1.076092,0.13124899999999998
1.065885,0.106749
1.055677,0.086624616
1.04547,0.069999688
1.035262,0.05599975200000001
1.025054,0.044624800000000006
1.014847,0.03456234400000001
1.004639,0.025593638000000002
0.994432,0.017828046
0.984224,0.010390579
0.9740169999999999,0.0034999840000000003
0.9638089999999999,-0.028795072000000005
0.9536009999999999,-0.035576644
0.943394,-0.038651032
0.933186,-0.04100862
0.922979,-0.043892604
0.912771,-0.046922192
0.9025639999999999,-0.049520584000000006
0.8923559999999999,-0.05359351200000001
0.8821479999999999,-0.063765344
0.871941,-0.07568716
0.861733,-0.08793711200000001
0.851526,-0.103577
0.841318,-0.12118600000000002
0.8311109999999999,-0.141093
0.8209029999999999,-0.164936
0.8106949999999999,-0.193046
0.800488,-0.226514
0.79028,-0.265123
0.780073,-0.312482
0.7698649999999999,-0.36913799999999997
0.7596579999999999,-0.43574799999999997
0.74945,-0.517122
0.739242,-0.615559
0.729035,-0.7354339999999999
0.718827,-0.8822139999999999
0.7086199999999999,-1.055573
0.6984119999999999,-1.2764
0.688205,-1.540211
0.677997,-1.861991
0.667789,-2.231458
0.657582,-2.683613
0.647374,-3.160485
0.6371669999999999,-3.6351709999999997
0.6269589999999999,-4.0451060000000005
0.616752,-4.31898
0.606544,-4.381105
0.596336,-4.194731
0.586129,-3.779108
0.575921,-3.254985
0.5657139999999999,-2.757112
0.5555059999999999,-2.362489
0.545299,-2.0877399999999997
0.535091,-1.912741
0.524883,-1.8033659999999998
0.514676,-1.740367
0.504468,-1.717617
0.49426099999999995,-1.709742
0.48405299999999996,-1.702742
0.473846,-1.683492
0.463638,-1.639742
0.45343,-1.563618
0.443223,-1.462993
0.433015,-1.363243
0.42280799999999996,-1.275744
0.41259999999999997,-1.204869
0.402393,-1.155869
0.392185,-1.11212
0.38197699999999996,-1.063995
0.37177,-1.01062
0.361562,-0.951995
0.351355,-0.8933709999999999
0.341147,-0.839996
0.33094,-0.796246
0.32073199999999996,-0.756871
0.310525,-0.719246
0.300317,-0.689496
0.290109,-0.662372
0.279902,-0.635247
0.269694,-0.614247
0.25948699999999997,-0.5949969999999999
0.249279,-0.576622
0.23907199999999998,-0.559997
0.22886399999999998,-0.546872
0.218656,-0.5363720000000001
0.208449,-0.521497
0.198241,-0.512747
0.18803399999999998,-0.503997
0.17782599999999998,-0.492622
0.167619,-0.483872
0.157411,-0.476872
0.147203,-0.46724699999999997
0.136996,-0.45937199999999995
0.12678799999999998,-0.452372
0.11658099999999999,-0.447998
0.106373,-0.438373
0.096166048,-0.430498
0.08595848,-0.426998
0.07575092,-0.417373
0.065543348,-0.411248
0.055335776,-0.406873
0.045128204000000005,-0.399873
0.034920632,-0.39287299999999997
0.024713064,-0.388498
0.014505494,-0.384123
0.004297924,-0.37799799999999995
-0.005909646,-0.371873
-0.016117215,-0.367498
-0.026324786000000003,-0.360498
-0.036532356,-0.353498
-0.046739924,-0.348248
-0.056947496,-0.341248
-0.067155064,-0.334248
-0.077362632,-0.329873
-0.08757020800000001,-0.324623
-0.09777777600000001,-0.320248
-0.107985,-0.315873
-0.11819199999999999,-0.312373
-0.1284,-0.308873
-0.13860799999999998,-0.304498
-0.148815,-0.301873
-0.159023,-0.29837299999999994
-0.16923,-0.294873
-0.179438,-0.29399800000000004
-0.18964499999999998,-0.292248
-0.199853,-0.29049800000000003
-0.18964499999999998,-0.25899799999999995
-0.179438,-0.24324800000000002
-0.16923,-0.231873
-0.159023,-0.220499
-0.148815,-0.213499
-0.13860799999999998,-0.20737399999999998
-0.1284,-0.200374
-0.11819199999999999,-0.195124
-0.107985,-0.189874
-0.09777777600000001,-0.184624
-0.08757020800000001,-0.179374
-0.077362632,-0.174124
-0.067155064,-0.170624
-0.056947496,-0.16537400000000002
-0.046739924,-0.160561
-0.036532356,-0.157061
-0.026324786000000003,-0.150499
-0.016117215,-0.14524900000000002
-0.005909646,-0.140874
0.004297924,-0.135624
0.014505494,-0.13081099999999998
0.024713064,-0.12424899999999998
0.034920632,-0.120311
0.045128204000000005,-0.113311
0.055335776,-0.105874
0.065543348,-0.101937
0.07575092,-0.09362458400000001
0.08595848,-0.086624616
0.096166048,-0.08137464
0.106373,-0.074374672
0.11658099999999999,-0.067593448
0.12678799999999998,-0.06103097600000001
0.136996,-0.059280988
0.147203,-0.05337476
0.157411,-0.047906036000000006
0.167619,-0.047687288
0.17782599999999998,-0.043093556000000005
0.18803399999999998,-0.03871858
0.198241,-0.03849982800000001
0.208449,-0.037187336
0.218656,-0.034890468
0.22886399999999998,-0.03292173
0.23907199999999998,-0.033140478
0.249279,-0.031937358000000006
0.25948699999999997,-0.03029674
0.269694,-0.032046732
0.279902,-0.033249852
0.290109,-0.032484232
0.300317,-0.036093588
0.310525,-0.039046700000000004
0.32073199999999996,-0.04003107200000001
0.33094,-0.042218564
0.341147,-0.04385918
0.351355,-0.045281048000000004
0.361562,-0.044187304000000004
0.37177,-0.042437312000000005
0.38197699999999996,-0.04003107200000001
0.392185,-0.033359226
0.402393,-0.026578006000000005
0.41259999999999997,-0.019249914000000003
0.42280799999999996,-0.009406208000000001
0.433015,-0.005687475000000001
0.443223,0.04087422
0.45343,0.039507824000000004
0.463638,0.038936628
0.473846,0.037934232000000005
0.48405299999999996,0.038152632000000006
0.49426099999999995,0.041546216000000004
0.504468,0.044150204
0.514676,0.046216596000000006
0.524883,0.04981178000000001
0.535091,0.041452944000000005
0.545299,0.04779666400000001
0.5555059999999999,0.054577884
0.5657139999999999,0.06059348
0.575921,0.085093368
0.586129,0.13103
0.596336,0.16953
0.606544,0.157936
0.616752,0.148858
0.6269589999999999,0.16985799999999998
0.6371669999999999,0.213936
0.647374,0.264795
0.657582,0.29717
0.667789,0.320795
0.677997,0.347701
0.688205,0.368701
0.6984119999999999,0.38642
0.7086199999999999,0.410701
0.718827,0.445373
0.729035,0.5052
0.739242,0.594778
0.74945,0.718481
0.7596579999999999,0.8822139999999999
0.7698649999999999,1.0765729999999998
0.780073,1.293463
0.79028,1.50893
0.800488,1.703179
0.8106949999999999,1.85171
0.8209029999999999,1.940085
0.8311109999999999,1.9731159999999999
0.841318,1.967428
0.851526,1.929803
0.861733,1.8773039999999999
0.871941,1.823929
0.8821479999999999,1.774492
0.8923559999999999,1.735554
0.9025639999999999,1.713679
0.912771,1.7149919999999998
0.922979,1.746929
0.933186,1.823054
0.943394,1.952116
0.9536009999999999,2.1323649999999996
0.9638089999999999,2.360739
0.9740169999999999,2.6332999999999998
0.984224,2.9342989999999998
0.994432,3.243172
1.004639,3.543296
1.014847,3.8202320000000003
1.025054,4.0451060000000005
1.035262,4.179856
1.04547,4.218356
1.055677,4.187730999999999
1.065885,4.117731
1.076092,4.024982
1.0863,3.922607
1.096507,3.832482
1.106715,3.3302349999999996
1.1169229999999999,2.7886119999999996
1.12713,2.388739
1.137338,2.085115
1.147545,1.848866
1.157753,1.660742
1.1679599999999999,1.506743
1.1781679999999999,1.3798679999999999
1.1883759999999999,1.272244
1.198583,1.180369
1.208791,1.1016199999999998
1.218998,1.03337
1.229206,0.9729949999999999
1.2394129999999999,0.91962
1.2496209999999999,0.8714959999999999
1.2598289999999999,0.8286209999999999
1.270036,0.790121
1.280244,0.755121
1.290451,0.723621
1.300659,0.693871
1.3108659999999999,0.6667470000000001
1.3210739999999999,0.642247
1.331281,0.619497
1.341489,0.598497
1.351697,0.578372
1.361904,0.5608719999999999
1.372112,0.5433720000000001
1.3823189999999999,0.526747
1.3925269999999998,0.511872
1.402734,0.497872
1.412942,0.48474700000000004
1.42315,0.471622
1.433357,0.45937199999999995
1.443565,0.447998
1.4537719999999998,0.437498
1.4639799999999998,0.426998
1.474187,0.417373
1.484395,0.407748
1.494603,0.399873
1.50481,0.391123
1.494603,0.38237299999999996
1.484395,0.37537299999999996
1.474187,0.36662300000000003
1.4639799999999998,0.360498
1.4537719999999998,0.354373
1.443565,0.347373
1.433357,0.341248
1.42315,0.33512299999999995
1.412942,0.328998
1.402734,0.323748
1.3925269999999998,0.318498
1.3823189999999999,0.31324799999999997
1.372112,0.307998
1.361904,0.303623
1.351697,0.29924799999999996
1.341489,0.29399800000000004
1.331281,0.29049800000000003
1.3210739999999999,0.286123
1.3108659999999999,0.281748
1.300659,0.277373
1.290451,0.273873
1.280244,0.270373
1.270036,0.26687299999999997
1.2598289999999999,0.26249799999999995
1.2496209999999999,0.25987299999999997
1.2394129999999999,0.25637299999999996
1.229206,0.252873
1.218998,0.250248
1.208791,0.246748
1.198583,0.24412300000000003
1.1883759999999999,0.24062299999999998
1.1781679999999999,0.237998
1.1679599999999999,0.23624799999999999
1.157753,0.23274799999999998
1.147545,0.23099799999999998
1.137338,0.228373
1.12713,0.225748
1.1169229999999999,0.22312400000000002
1.106715,0.220499
1.096507,0.202999
1.0863,0.161874
1.076092,0.12949899999999998
1.065885,0.104999
1.055677,0.08531212
1.04547,0.06868719200000001
1.035262,0.055562252000000006
1.025054,0.043968556000000006
1.014847,0.0339061
1.004639,0.025156138
0.994432,0.017390548000000002
0.984224,0.01017183
0.9740169999999999,0.0034999840000000003
0.9638089999999999,-0.028879072000000002
0.9536009999999999,-0.035470244000000005
0.943394,-0.038533428
0.933186,-0.04070622
0.922979,-0.043674208000000006
0.912771,-0.046658992
0.9025639999999999,-0.049167784000000006
0.8923559999999999,-0.052609140000000006
0.8821479999999999,-0.06212472
0.871941,-0.073499672
0.861733,-0.085640248
0.851526,-0.100405
0.841318,-0.117905
0.8311109999999999,-0.136936
0.8209029999999999,-0.159577
0.8106949999999999,-0.18703
0.800488,-0.218749
0.79028,-0.256264
0.780073,-0.301545
0.7698649999999999,-0.355904
0.7596579999999999,-0.419998
0.74945,-0.49765400000000004
0.739242,-0.592919
0.729035,-0.707981
0.718827,-0.8496210000000001
0.7086199999999999,-1.019917
0.6984119999999999,-1.2302440000000001
0.688205,-1.488805
0.677997,-1.803585
0.667789,-2.172834
0.657582,-2.623675
0.647374,-3.1132359999999997
0.6371669999999999,-3.614171
0.6269589999999999,-4.067419
0.616752,-4.403855
0.606544,-4.538604
0.596336,-4.416105
0.586129,-4.030232
0.575921,-3.486859
0.5657139999999999,-2.9268609999999997
0.5555059999999999,-2.463114
0.545299,-2.13149
0.535091,-1.917991
0.524883,-1.7893659999999998
0.514676,-1.721992
0.504468,-1.702742
0.49426099999999995,-1.707992
0.48405299999999996,-1.7132420000000002
0.473846,-1.7053669999999999
0.463638,-1.667742
0.45343,-1.593367
0.443223,-1.496243
0.433015,-1.3956179999999998
0.42280799999999996,-1.3081189999999998
0.41259999999999997,-1.237244
0.402393,-1.186494
0.392185,-1.142744
0.38197699999999996,-1.09287
0.37177,-1.03687
0.361562,-0.9756199999999999
0.351355,-0.913495
0.341147,-0.858371
0.33094,-0.811996
0.32073199999999996,-0.7717459999999999
0.310525,-0.734996
0.300317,-0.702621
0.290109,-0.6746219999999999
0.279902,-0.6466219999999999
0.269694,-0.622997
0.25948699999999997,-0.604622
0.249279,-0.585372
0.23907199999999998,-0.5678719999999999
0.22886399999999998,-0.556497
0.218656,-0.542497
0.208449,-0.5302469999999999
0.198241,-0.518872
0.18803399999999998,-0.510997
0.17782599999999998,-0.5004970000000001
0.167619,-0.489997
0.157411,-0.48474700000000004
0.147203,-0.474247
0.136996,-0.464622
0.12678799999999998,-0.46024699999999996
0.11658099999999999,-0.45149700000000004
0.106373,-0.444498
0.096166048,-0.437498
0.08595848,-0.431373
0.07575092,-0.424373
0.065543348,-0.41562299999999996
0.055335776,-0.411248
0.045128204000000005,-0.405123
0.034920632,-0.397248
0.024713064,-0.393748
0.014505494,-0.387623
0.004297924,-0.38149799999999995
-0.005909646,-0.377123
-0.016117215,-0.37012300000000004
-0.026324786000000003,-0.364873
-0.036532356,-0.356123
-0.046739924,-0.350873
-0.056947496,-0.344748
-0.067155064,-0.336873
-0.077362632,-0.332498
-0.08757020800000001,-0.32724800000000004
-0.09777777600000001,-0.321998
-0.107985,-0.318498
-0.11819199999999999,-0.31324799999999997
-0.1284,-0.310623
-0.13860799999999998,-0.30624799999999996
-0.148815,-0.30274799999999996
-0.159023,-0.300998
-0.16923,-0.29662299999999997
-0.179438,-0.294873
-0.18964499999999998,-0.293123
-0.199853,-0.29049800000000003
-0.18964499999999998,-0.26249799999999995
-0.179438,-0.24587299999999998
-0.16923,-0.23449799999999998
-0.159023,-0.225748
-0.148815,-0.21787399999999998
-0.13860799999999998,-0.211749
-0.1284,-0.20474900000000001
-0.11819199999999999,-0.199499
-0.107985,-0.195124
-0.09777777600000001,-0.189874
-0.08757020800000001,-0.184624
-0.077362632,-0.180249
-0.067155064,-0.17543599999999998
-0.056947496,-0.170624
-0.046739924,-0.164499
-0.036532356,-0.161436
-0.026324786000000003,-0.156186
-0.016117215,-0.14962399999999998
-0.005909646,-0.146561
0.004297924,-0.139999
0.014505494,-0.13431099999999999
0.024713064,-0.12949899999999998
0.034920632,-0.123374
0.045128204000000005,-0.11724899999999999
0.055335776,-0.110249
0.065543348,-0.10456199999999999
0.07575092,-0.098437064
0.08595848,-0.08924960000000001
0.096166048,-0.08531212
0.106373,-0.078749648
0.11658099999999999,-0.06956219200000001
0.12678799999999998,-0.06584346
0.136996,-0.06234347600000001
0.147203,-0.05599975200000001
0.157411,-0.05162476800000001
0.167619,-0.049218532
0.17782599999999998,-0.047249792000000006
0.18803399999999998,-0.041781064
0.198241,-0.04046857200000001
0.208449,-0.041781064
0.218656,-0.036749836
0.22886399999999998,-0.036968588000000004
0.23907199999999998,-0.036749836
0.249279,-0.034343596000000004
0.25948699999999997,-0.034452972000000005
0.269694,-0.034890468
0.279902,-0.037187336
0.290109,-0.037406084000000006
0.300317,-0.039046700000000004
0.310525,-0.043531056000000005
0.32073199999999996,-0.043312308
0.33094,-0.045609172
0.341147,-0.048671660000000005
0.351355,-0.047687288
0.361562,-0.04779666400000001
0.37177,-0.045718548000000005
0.38197699999999996,-0.043093556000000005
0.392185,-0.037296708000000005
0.402393,-0.028546748000000004
0.41259999999999997,-0.022531150000000003
0.42280799999999996,-0.01334369
0.433015,-0.008640586000000002
0.443223,0.039502224
0.45343,0.038443828
0.463638,0.037906232000000005
0.473846,0.037363036
0.48405299999999996,0.038287032
0.49426099999999995,0.041624616
0.504468,0.044743804000000005
0.514676,0.046804592000000006
0.524883,0.050102980000000005
0.535091,0.042874808
0.545299,0.048452912
0.5555059999999999,0.05468726
0.5657139999999999,0.06146848
0.575921,0.08914023200000001
0.586129,0.12709299999999998
0.596336,0.14448299999999997
0.606544,0.126546
0.616752,0.120968
0.6269589999999999,0.128733
0.6371669999999999,0.149843
0.647374,0.187358
0.657582,0.238436
0.667789,0.277701
0.677997,0.299904
0.688205,0.321451
0.6984119999999999,0.350217
0.7086199999999999,0.387951
0.718827,0.438154
0.729035,0.513185
0.739242,0.624309
0.74945,0.774152
0.7596579999999999,0.96512
0.7698649999999999,1.185838
0.780073,1.420993
0.79028,1.640617
0.800488,1.82196
0.8106949999999999,1.9446780000000001
0.8209029999999999,2.000678
0.8311109999999999,2.009428
0.841318,1.983178
0.851526,1.9324279999999998
0.861733,1.872054
0.871941,1.8156160000000001
0.8821479999999999,1.765742
0.8923559999999999,1.7272420000000002
0.9025639999999999,1.710179
0.912771,1.718054
0.922979,1.761367
0.933186,1.854554
0.943394,2.0037399999999996
0.9536009999999999,2.205427
0.9638089999999999,2.456114
0.9740169999999999,2.750112
0.984224,3.066423
0.994432,3.3849219999999995
1.004639,3.694233
1.014847,3.9746689999999996
1.025054,4.189481
1.035262,4.303230999999999
1.04547,4.31898
1.055677,4.269105
1.065885,4.178106
1.076092,4.062606
1.0863,3.940982
1.096507,3.8333570000000003
1.106715,3.32411
1.1169229999999999,2.779862
1.12713,2.379989
1.137338,2.07724
1.147545,1.841866
1.157753,1.652867
1.1679599999999999,1.4997429999999998
1.1781679999999999,1.372868
1.1883759999999999,1.266119
1.198583,1.174244
1.208791,1.09637
1.218998,1.0281200000000001
1.229206,0.96687
1.2394129999999999,0.91437
1.2496209999999999,0.866246
1.2598289999999999,0.823371
1.270036,0.784871
1.280244,0.749871
1.290451,0.718371
1.300659,0.689496
1.3108659999999999,0.662372
1.3210739999999999,0.637872
1.331281,0.6151220000000001
1.341489,0.594122
1.351697,0.573997
1.361904,0.555622
1.372112,0.538997
1.3823189999999999,0.5223720000000001
1.3925269999999998,0.5074970000000001
1.402734,0.493497
1.412942,0.48037199999999997
1.42315,0.46724699999999997
1.433357,0.454997
1.443565,0.444498
1.4537719999999998,0.433998
1.4639799999999998,0.423498
1.474187,0.412998
1.484395,0.404248
1.494603,0.395498
1.50481,0.387623
1.494603,0.37887299999999996
1.484395,0.370998
1.474187,0.363998
1.4639799999999998,0.356998
1.4537719999999998,0.349998
1.443565,0.344748
1.433357,0.337748
1.42315,0.331623
1.412942,0.325498
1.402734,0.320248
1.3925269999999998,0.314998
1.3823189999999999,0.30974799999999997
1.372112,0.305373
1.361904,0.300123
1.351697,0.294873
1.341489,0.29049800000000003
1.331281,0.286123
1.3210739999999999,0.282623
1.3108659999999999,0.278248
1.300659,0.273873
1.290451,0.270373
1.280244,0.26687299999999997
1.270036,0.26337299999999997
1.2598289999999999,0.25987299999999997
1.2496209999999999,0.25637299999999996
1.2394129999999999,0.25374800000000003
1.229206,0.250248
1.218998,0.246748
1.208791,0.244998
1.198583,0.24062299999999998
1.1883759999999999,0.238873
1.1781679999999999,0.235373
1.1679599999999999,0.23274799999999998
1.157753,0.23099799999999998
1.147545,0.22749799999999998
1.137338,0.22487300000000002
1.12713,0.22312400000000002
1.1169229999999999,0.220499
1.106715,0.21787399999999998
1.096507,0.200374
1.0863,0.159249
1.076092,0.128624
1.065885,0.104124
1.055677,0.08487462400000001
1.04547,0.068249696
1.035262,0.055124752000000006
1.025054,0.043968556000000006
1.014847,0.033687352000000004
1.004639,0.025374888
0.994432,0.017390548000000002
0.984224,0.01017183
0.9740169999999999,0.003718733
0.9638089999999999,-0.028957472
0.9536009999999999,-0.035195844000000004
0.943394,-0.038326232
0.933186,-0.04045982
0.922979,-0.043265408
0.912771,-0.046350996
0.9025639999999999,-0.048719788
0.8923559999999999,-0.051088576000000004
0.8821479999999999,-0.060921604
0.871941,-0.07109343200000001
0.861733,-0.083124632
0.851526,-0.09734332000000001
0.841318,-0.11352999999999999
0.8311109999999999,-0.13234300000000002
0.8209029999999999,-0.153889
0.8106949999999999,-0.180577
0.800488,-0.210655
0.79028,-0.245983
0.780073,-0.289951
0.7698649999999999,-0.341576
0.7596579999999999,-0.402498
0.74945,-0.476872
0.739242,-0.567763
0.729035,-0.6784499999999999
0.718827,-0.812871
0.7086199999999999,-0.9781359999999999
0.6984119999999999,-1.178838
0.688205,-1.4271179999999999
0.677997,-1.733804
0.667789,-2.0991150000000003
0.657582,-2.5418629999999998
0.647374,-3.039736
0.6371669999999999,-3.5625459999999998
0.6269589999999999,-4.058231
0.616752,-4.456354999999999
0.606544,-4.670729000000001
0.596336,-4.632229
0.586129,-4.298855
0.575921,-3.7563579999999996
0.5657139999999999,-3.1438599999999997
0.5555059999999999,-2.6013629999999996
0.545299,-2.2032399999999996
0.535091,-1.9416159999999998
0.524883,-1.7876169999999998
0.514676,-1.710617
0.504468,-1.695742
0.49426099999999995,-1.710617
0.48405299999999996,-1.726367
0.473846,-1.725492
0.463638,-1.694867
0.45343,-1.623992
0.443223,-1.529493
0.433015,-1.429743
0.42280799999999996,-1.339619
0.41259999999999997,-1.2687439999999999
0.402393,-1.216244
0.392185,-1.1724940000000001
0.38197699999999996,-1.123494
0.37177,-1.063995
0.361562,-1.0009949999999999
0.351355,-0.936245
0.341147,-0.876746
0.33094,-0.830371
0.32073199999999996,-0.786621
0.310525,-0.7489959999999999
0.300317,-0.716621
0.290109,-0.6859959999999999
0.279902,-0.657997
0.269694,-0.6326219999999999
0.25948699999999997,-0.613372
0.249279,-0.5949969999999999
0.23907199999999998,-0.575747
0.22886399999999998,-0.564372
0.218656,-0.550372
0.208449,-0.5363720000000001
0.198241,-0.527622
0.18803399999999998,-0.517122
0.17782599999999998,-0.506622
0.167619,-0.49612199999999995
0.157411,-0.489122
0.147203,-0.482122
0.136996,-0.469872
0.12678799999999998,-0.465497
0.11658099999999999,-0.458497
0.106373,-0.448872
0.096166048,-0.443623
0.08595848,-0.436623
0.07575092,-0.42874799999999996
0.065543348,-0.42174799999999996
0.055335776,-0.41474799999999995
0.045128204000000005,-0.40949800000000003
0.034920632,-0.401623
0.024713064,-0.397248
0.014505494,-0.39287299999999997
0.004297924,-0.384123
-0.005909646,-0.379748
-0.016117215,-0.373623
-0.026324786000000003,-0.36662300000000003
-0.036532356,-0.360498
-0.046739924,-0.353498
-0.056947496,-0.347373
-0.067155064,-0.340373
-0.077362632,-0.334248
-0.08757020800000001,-0.33074800000000004
-0.09777777600000001,-0.323748
-0.107985,-0.320248
-0.11819199999999999,-0.315873
-0.1284,-0.312373
-0.13860799999999998,-0.307998
-0.148815,-0.304498
-0.159023,-0.300998
-0.16923,-0.29837299999999994
-0.179438,-0.29574799999999996
-0.18964499999999998,-0.294873
-0.199853,-0.293123
-0.18964499999999998,-0.264248
-0.179438,-0.250248
-0.16923,-0.237998
-0.159023,-0.22924799999999998
-0.148815,-0.22137400000000002
-0.13860799999999998,-0.215249
-0.1284,-0.209999
-0.11819199999999999,-0.203874
-0.107985,-0.198624
-0.09777777600000001,-0.194249
-0.08757020800000001,-0.18812399999999999
-0.077362632,-0.184624
-0.067155064,-0.179374
-0.056947496,-0.17368599999999998
-0.046739924,-0.17018599999999998
-0.036532356,-0.16537400000000002
-0.026324786000000003,-0.160124
-0.016117215,-0.154436
-0.005909646,-0.14962399999999998
0.004297924,-0.14524900000000002
0.014505494,-0.137811
0.024713064,-0.13299899999999998
0.034920632,-0.128186
0.045128204000000005,-0.11943599999999999
0.055335776,-0.114186
0.065543348,-0.10806199999999999
0.07575092,-0.100624
0.08595848,-0.09274958400000001
0.096166048,-0.08618711200000001
0.106373,-0.08181213600000001
0.11658099999999999,-0.07306217599999999
0.12678799999999998,-0.068030952
0.136996,-0.066062208
0.147203,-0.05753099600000001
0.157411,-0.05424976
0.167619,-0.052718516
0.17782599999999998,-0.048124784000000004
0.18803399999999998,-0.044843548000000004
0.198241,-0.042218564
0.208449,-0.04265606
0.218656,-0.040796692
0.22886399999999998,-0.03828108
0.23907199999999998,-0.04046857200000001
0.249279,-0.03751546
0.25948699999999997,-0.03707796
0.269694,-0.039265452000000006
0.279902,-0.039484200000000004
0.290109,-0.041452944000000005
0.300317,-0.042984184
0.310525,-0.046484168
0.32073199999999996,-0.047687288
0.33094,-0.048124784000000004
0.341147,-0.05129664800000001
0.351355,-0.05053102400000001
0.361562,-0.049546656
0.37177,-0.049109156
0.38197699999999996,-0.044843548000000004
0.392185,-0.038827952
0.402393,-0.03149986
0.41259999999999997,-0.02351552
0.42280799999999996,-0.016843676000000002
0.433015,-0.013124942000000002
0.443223,0.038522232000000003
0.45343,0.037318236000000005
0.463638,0.037424636000000004
0.473846,0.036959836
0.48405299999999996,0.038505432000000006
0.49426099999999995,0.042257416000000006
0.504468,0.045225404000000004
0.514676,0.047605388000000005
0.524883,0.050562176
0.535091,0.043968556000000006
0.545299,0.049874776
0.5555059999999999,0.054796632000000005
0.5657139999999999,0.06299972
0.575921,0.09329646400000001
0.586129,0.12271800000000001
0.596336,0.12260800000000001
0.606544,0.108608
0.616752,0.107952
0.6269589999999999,0.112546
0.6371669999999999,0.12315499999999999
0.647374,0.14196799999999998
0.657582,0.16985799999999998
0.667789,0.209014
0.677997,0.250905
0.688205,0.285248
0.6984119999999999,0.32068599999999997
0.7086199999999999,0.367279
0.718827,0.432357
0.729035,0.527732
0.739242,0.661387
0.74945,0.839121
0.7596579999999999,1.055464
0.7698649999999999,1.301775
0.780073,1.550711
0.79028,1.765742
0.800488,1.9302409999999999
0.8106949999999999,2.020803
0.8209029999999999,2.050115
0.8311109999999999,2.035678
0.841318,1.9906160000000002
0.851526,1.9284909999999997
0.861733,1.862866
0.871941,1.804241
0.8821479999999999,1.755242
0.8923559999999999,1.7193669999999999
0.9025639999999999,1.706679
0.912771,1.723304
0.922979,1.780179
0.933186,1.893929
0.943394,2.064115
0.9536009999999999,2.287677
0.9638089999999999,2.561988
0.9740169999999999,2.8743619999999996
0.984224,3.2029229999999997
0.994432,3.528859
1.004639,3.8438569999999994
1.014847,4.122106
1.025054,4.322481
1.035262,4.41523
1.04547,4.403855
1.055677,4.32948
1.065885,4.217480999999999
1.076092,4.078356
1.0863,3.940107
1.096507,3.823733
1.106715,3.31186
1.1169229999999999,2.7702370000000003
1.12713,2.3712389999999997
1.137338,2.07024
1.147545,1.8357409999999998
1.157753,1.6476169999999999
1.1679599999999999,1.4953679999999998
1.1781679999999999,1.368493
1.1883759999999999,1.261744
1.198583,1.170744
1.208791,1.091995
1.218998,1.02462
1.229206,0.96337
1.2394129999999999,0.9099949999999999
1.2496209999999999,0.8636210000000001
1.2598289999999999,0.819871
1.270036,0.782246
1.280244,0.747246
1.290451,0.7148709999999999
1.300659,0.6859959999999999
1.3108659999999999,0.658872
1.3210739999999999,0.6343719999999999
1.331281,0.611622
1.341489,0.590622
1.351697,0.571372
1.361904,0.552997
1.372112,0.535497
1.3823189999999999,0.519747
1.3925269999999998,0.504872
1.402734,0.489997
1.412942,0.476872
1.42315,0.464622
1.433357,0.452372
1.443565,0.440998
1.4537719999999998,0.430498
1.4639799999999998,0.419998
1.474187,0.41037300000000004
1.484395,0.401623
1.494603,0.391998
1.50481,0.384123
1.494603,0.37624799999999997
1.484395,0.368373
1.474187,0.361373
1.4639799999999998,0.354373
1.4537719999999998,0.347373
1.443565,0.341248
1.433357,0.33512299999999995
1.42315,0.328998
1.412942,0.323748
1.402734,0.317623
1.3925269999999998,0.312373
1.3823189999999999,0.307123
1.372112,0.30274799999999996
1.361904,0.297498
1.351697,0.293123
1.341489,0.288748
1.331281,0.284373
1.3210739999999999,0.279998
1.3108659999999999,0.276498
1.300659,0.272123
1.290451,0.268623
1.280244,0.265123
1.270036,0.260748
1.2598289999999999,0.258123
1.2496209999999999,0.25462300000000004
1.2394129999999999,0.25112300000000004
1.229206,0.247623
1.218998,0.244998
1.208791,0.242373
1.198583,0.238873
1.1883759999999999,0.23624799999999999
1.1781679999999999,0.233623
1.1679599999999999,0.23099799999999998
1.157753,0.228373
1.147545,0.225748
1.137338,0.22312400000000002
1.12713,0.22137400000000002
1.1169229999999999,0.218749
1.106715,0.21612399999999998
1.096507,0.199499
1.0863,0.158374
1.076092,0.127749
1.065885,0.103249
1.055677,0.084437128
1.04547,0.068249696
1.035262,0.05468726
1.025054,0.043749808
1.014847,0.033687352000000004
1.004639,0.024937388
0.994432,0.017718672
0.984224,0.010281204
0.9740169999999999,0.004046857000000001
0.9638089999999999,-0.028851072000000002
0.9536009999999999,-0.034960648000000004
0.943394,-0.037951032
0.933186,-0.040185424000000004
0.922979,-0.042834212
0.912771,-0.0458694
0.9025639999999999,-0.048333388000000005
0.8923559999999999,-0.050550976000000004
0.8821479999999999,-0.058843488000000006
0.871941,-0.06879656800000002
0.861733,-0.07984340000000001
0.851526,-0.09406208
0.841318,-0.109374
0.8311109999999999,-0.127202
0.8209029999999999,-0.14787399999999998
0.8106949999999999,-0.172811
0.800488,-0.202124
0.79028,-0.235592
0.780073,-0.277264
0.7698649999999999,-0.326482
0.7596579999999999,-0.384013
0.74945,-0.455107
0.739242,-0.540638
0.729035,-0.645528
0.718827,-0.7740429999999999
0.7086199999999999,-0.931323
0.6984119999999999,-1.1139789999999998
0.688205,-1.359962
0.677997,-1.6535229999999999
0.667789,-2.011616
0.657582,-2.442551
0.647374,-2.9426110000000003
0.6371669999999999,-3.482921
0.6269589999999999,-4.015357
0.616752,-4.477355
0.606544,-4.775728
0.596336,-4.831728
0.586129,-4.5797289999999995
0.575921,-4.064356
0.5657139999999999,-3.414234
0.5555059999999999,-2.791237
0.545299,-2.310864
0.535091,-1.994991
0.524883,-1.807741
0.514676,-1.718492
0.504468,-1.7009919999999998
0.49426099999999995,-1.720242
0.48405299999999996,-1.741242
0.473846,-1.746492
0.463638,-1.721992
0.45343,-1.6572419999999999
0.443223,-1.561868
0.433015,-1.463868
0.42280799999999996,-1.372868
0.41259999999999997,-1.298494
0.402393,-1.247744
0.392185,-1.202244
0.38197699999999996,-1.153244
0.37177,-1.09462
0.361562,-1.0281200000000001
0.351355,-0.960745
0.341147,-0.89687
0.33094,-0.846996
0.32073199999999996,-0.804121
0.310525,-0.7629959999999999
0.300317,-0.731496
0.290109,-0.699121
0.279902,-0.669372
0.269694,-0.643997
0.25948699999999997,-0.6221220000000001
0.249279,-0.602872
0.23907199999999998,-0.583622
0.22886399999999998,-0.571372
0.218656,-0.5591219999999999
0.208449,-0.542497
0.198241,-0.533747
0.18803399999999998,-0.5232469999999999
0.17782599999999998,-0.511872
0.167619,-0.503997
0.157411,-0.49524699999999994
0.147203,-0.48737199999999997
0.136996,-0.476872
0.12678799999999998,-0.47074699999999997
0.11658099999999999,-0.465497
0.106373,-0.454997
0.096166048,-0.449747
0.08595848,-0.443623
0.07575092,-0.433998
0.065543348,-0.426998
0.055335776,-0.420873
0.045128204000000005,-0.413873
0.034920632,-0.406873
0.024713064,-0.400748
0.014505494,-0.396373
0.004297924,-0.388498
-0.005909646,-0.38237299999999996
-0.016117215,-0.37799799999999995
-0.026324786000000003,-0.369248
-0.036532356,-0.36312300000000003
-0.046739924,-0.356998
-0.056947496,-0.349998
-0.067155064,-0.34299799999999997
-0.077362632,-0.337748
-0.08757020800000001,-0.332498
-0.09777777600000001,-0.32724800000000004
-0.107985,-0.321998
-0.11819199999999999,-0.318498
-0.1284,-0.314123
-0.13860799999999998,-0.308873
-0.148815,-0.307123
-0.159023,-0.303623
-0.16923,-0.300123
-0.179438,-0.297498
-0.18964499999999998,-0.29574799999999996
-0.199853,-0.29574799999999996
-0.18964499999999998,-0.26687299999999997
-0.179438,-0.251998
-0.16923,-0.242373
-0.159023,-0.23274799999999998
-0.148815,-0.225748
-0.13860799999999998,-0.218749
-0.1284,-0.21262399999999998
-0.11819199999999999,-0.20737399999999998
-0.107985,-0.202999
-0.09777777600000001,-0.197749
-0.08757020800000001,-0.192499
-0.077362632,-0.18812399999999999
-0.067155064,-0.184624
-0.056947496,-0.178499
-0.046739924,-0.17368599999999998
-0.036532356,-0.169311
-0.026324786000000003,-0.163186
-0.016117215,-0.158811
-0.005909646,-0.15312399999999998
0.004297924,-0.14831099999999997
0.014505494,-0.142624
0.024713064,-0.135186
0.034920632,-0.131686
0.045128204000000005,-0.122499
0.055335776,-0.115936
0.065543348,-0.11156200000000001
0.07575092,-0.101937
0.08595848,-0.095374576
0.096166048,-0.08968709600000001
0.106373,-0.083124632
0.11658099999999999,-0.07568716
0.12678799999999998,-0.06890594400000001
0.136996,-0.0678122
0.147203,-0.06103097600000001
0.157411,-0.055124752000000006
0.167619,-0.056218500000000005
0.17782599999999998,-0.05053102400000001
0.18803399999999998,-0.046156044
0.198241,-0.046156044
0.208449,-0.044187304000000004
0.218656,-0.044187304000000004
0.22886399999999998,-0.041343564000000006
0.23907199999999998,-0.04265606
0.249279,-0.041234192
0.25948699999999997,-0.039156076
0.269694,-0.042546684
0.279902,-0.043421684
0.290109,-0.043749808
0.300317,-0.048015412
0.310525,-0.049109156
0.32073199999999996,-0.0506404
0.33094,-0.051406020000000004
0.341147,-0.05337476
0.351355,-0.054031012
0.361562,-0.052281016
0.37177,-0.05173414800000001
0.38197699999999996,-0.048452912
0.392185,-0.040906068000000004
0.402393,-0.0339061
0.41259999999999997,-0.025921760000000002
0.42280799999999996,-0.01935929
0.433015,-0.017499922
0.443223,-0.019249914000000003
0.45343,0.036545436
0.463638,0.036892636
0.473846,0.037116636
0.48405299999999996,0.038723828
0.49426099999999995,0.04300220800000001
0.504468,0.0458078
0.514676,0.048148588000000006
0.524883,0.05113337600000001
0.535091,0.044843548000000004
0.545299,0.05053102400000001
0.5555059999999999,0.055562252000000006
0.5657139999999999,0.064968464
0.575921,0.09471832800000002
0.586129,0.11539
0.596336,0.105546
0.606544,0.097890192
0.616752,0.099640184
0.6269589999999999,0.105765
0.6371669999999999,0.11364
0.647374,0.124468
0.657582,0.141093
0.667789,0.16460799999999998
0.677997,0.196874
0.688205,0.23417
0.6984119999999999,0.283826
0.7086199999999999,0.348357
0.718827,0.431919
0.729035,0.550372
0.739242,0.711262
0.74945,0.9180889999999999
0.7596579999999999,1.154994
0.7698649999999999,1.428212
0.780073,1.683273
0.79028,1.885616
0.800488,2.023647
0.8106949999999999,2.0855529999999995
0.8209029999999999,2.0842400000000003
0.8311109999999999,2.04749
0.841318,1.988866
0.851526,1.9175529999999998
0.861733,1.8484289999999999
0.871941,1.7893659999999998
0.8821479999999999,1.741679
0.8923559999999999,1.709742
0.9025639999999999,1.703179
0.912771,1.7311789999999998
0.922979,1.805991
0.933186,1.940303
0.943394,2.1336779999999997
0.9536009999999999,2.380426
0.9638089999999999,2.6788000000000003
0.9740169999999999,3.0064859999999998
0.984224,3.343797
0.994432,3.677171
1.004639,3.9939190000000004
1.014847,4.2673559999999995
1.025054,4.445855
1.035262,4.506229
1.04547,4.46948
1.055677,4.37323
1.065885,4.2376059999999995
1.076092,4.078356
1.0863,3.9261069999999996
1.096507,3.805357
1.106715,3.2952350000000004
1.1169229999999999,2.757987
1.12713,2.362489
1.137338,2.0623650000000002
1.147545,1.8296160000000001
1.157753,1.6432419999999999
1.1679599999999999,1.490993
1.1781679999999999,1.364993
1.1883759999999999,1.259119
1.198583,1.168119
1.208791,1.08937
1.218998,1.021995
1.229206,0.9616199999999999
1.2394129999999999,0.90912
1.2496209999999999,0.860996
1.2598289999999999,0.818121
1.270036,0.779621
1.280244,0.744621
1.290451,0.7131209999999999
1.300659,0.6842459999999999
1.3108659999999999,0.657122
1.3210739999999999,0.631747
1.331281,0.608997
1.341489,0.588872
1.351697,0.568747
1.361904,0.551247
1.372112,0.533747
1.3823189999999999,0.5179969999999999
1.3925269999999998,0.502247
1.402734,0.488247
1.412942,0.475122
1.42315,0.461997
1.433357,0.449747
1.443565,0.439248
1.4537719999999998,0.427873
1.4639799999999998,0.41824799999999995
1.474187,0.408623
1.484395,0.398998
1.494603,0.390248
1.50481,0.38237299999999996
1.494603,0.37449799999999994
1.484395,0.36662300000000003
1.474187,0.358748
1.4639799999999998,0.35262299999999996
1.4537719999999998,0.34562299999999996
1.443565,0.33862299999999995
1.433357,0.33337300000000003
1.42315,0.32724800000000004
1.412942,0.321123
1.402734,0.315873
1.3925269999999998,0.310623
1.3823189999999999,0.305373
1.372112,0.300123
1.361904,0.29574799999999996
1.351697,0.291373
1.341489,0.286123
1.331281,0.282623
1.3210739999999999,0.278248
1.3108659999999999,0.273873
1.300659,0.270373
1.290451,0.26599799999999996
1.280244,0.26249799999999995
1.270036,0.25899799999999995
1.2598289999999999,0.25637299999999996
1.2496209999999999,0.252873
1.2394129999999999,0.24937299999999998
1.229206,0.24587299999999998
1.218998,0.24324800000000002
1.208791,0.23974800000000002
1.198583,0.237123
1.1883759999999999,0.233623
1.1781679999999999,0.23099799999999998
1.1679599999999999,0.22924799999999998
1.157753,0.225748
1.147545,0.223999
1.137338,0.22137400000000002
1.12713,0.218749
1.1169229999999999,0.216999
1.106715,0.21437399999999998
1.096507,0.197749
1.0863,0.157499
1.076092,0.12687400000000001
1.065885,0.103249
1.055677,0.08399963200000002
1.04547,0.068249696
1.035262,0.05468726
1.025054,0.043531056000000005
1.014847,0.034124848
1.004639,0.025374888
0.994432,0.018046794
0.984224,0.010828077
0.9740169999999999,0.0043749800000000005
0.9638089999999999,-0.028565474000000004
0.9536009999999999,-0.034697448
0.943394,-0.037615036000000004
0.933186,-0.039653424
0.922979,-0.042459016
0.912771,-0.045343
0.9025639999999999,-0.047829388
0.8923559999999999,-0.050052580000000006
0.8821479999999999,-0.05643725200000001
0.871941,-0.066171584
0.861733,-0.076780904
0.851526,-0.089905856
0.841318,-0.10521799999999999
0.8311109999999999,-0.12162400000000001
0.8209029999999999,-0.141749
0.8106949999999999,-0.165264
0.800488,-0.19282699999999997
0.79028,-0.224764
0.780073,-0.26392
0.7698649999999999,-0.31073199999999995
0.7596579999999999,-0.364873
0.74945,-0.431482
0.739242,-0.513185
0.729035,-0.611075
0.718827,-0.7325900000000001
0.7086199999999999,-0.881667
0.6984119999999999,-1.0591819999999998
0.688205,-1.2869
0.677997,-1.56668
0.667789,-1.9116469999999999
0.657582,-2.3283639999999997
0.647374,-2.823174
0.6371669999999999,-3.37486
0.6269589999999999,-3.940107
0.616752,-4.456354999999999
0.606544,-4.843103
0.596336,-5.006727
0.586129,-4.857978
0.575921,-4.40123
0.5657139999999999,-3.738858
0.5555059999999999,-3.044986
0.545299,-2.4727379999999997
0.535091,-2.086865
0.524883,-1.857616
0.514676,-1.745617
0.504468,-1.717617
0.49426099999999995,-1.7298669999999998
0.48405299999999996,-1.752617
0.473846,-1.764867
0.463638,-1.746492
0.45343,-1.688742
0.443223,-1.597742
0.433015,-1.4988679999999999
0.42280799999999996,-1.4069930000000002
0.41259999999999997,-1.329119
0.402393,-1.275744
0.392185,-1.232869
0.38197699999999996,-1.1829939999999999
0.37177,-1.126119
0.361562,-1.0578699999999999
0.351355,-0.9869949999999998
0.341147,-0.91962
0.33094,-0.8644959999999999
0.32073199999999996,-0.8216209999999999
0.310525,-0.779621
0.300317,-0.745496
0.290109,-0.713996
0.279902,-0.680746
0.269694,-0.655372
0.25948699999999997,-0.6326219999999999
0.249279,-0.611622
0.23907199999999998,-0.593247
0.22886399999999998,-0.578372
0.218656,-0.5661219999999999
0.208449,-0.550372
0.198241,-0.539872
0.18803399999999998,-0.531122
0.17782599999999998,-0.5179969999999999
0.167619,-0.5083719999999999
0.157411,-0.5013719999999999
0.147203,-0.491747
0.136996,-0.482122
0.12678799999999998,-0.475997
0.11658099999999999,-0.468997
0.106373,-0.461122
0.096166048,-0.452372
0.08595848,-0.448872
0.07575092,-0.439248
0.065543348,-0.429623
0.055335776,-0.426123
0.045128204000000005,-0.41824799999999995
0.034920632,-0.41037300000000004
0.024713064,-0.405123
0.014505494,-0.398123
0.004297924,-0.39287299999999997
-0.005909646,-0.38587299999999997
-0.016117215,-0.379748
-0.026324786000000003,-0.373623
-0.036532356,-0.364873
-0.046739924,-0.359623
-0.056947496,-0.35262299999999996
-0.067155064,-0.34562299999999996
-0.077362632,-0.340373
-0.08757020800000001,-0.33337300000000003
-0.09777777600000001,-0.328998
-0.107985,-0.324623
-0.11819199999999999,-0.319373
-0.1284,-0.316748
-0.13860799999999998,-0.310623
-0.148815,-0.308873
-0.159023,-0.305373
-0.16923,-0.301873
-0.179438,-0.29924799999999996
-0.18964499999999998,-0.297498
-0.199853,-0.29662299999999997
-0.18964499999999998,-0.26949799999999996
-0.179438,-0.25374800000000003
-0.16923,-0.244998
-0.159023,-0.235373
-0.148815,-0.22749799999999998
-0.13860799999999998,-0.222249
-0.1284,-0.215249
-0.11819199999999999,-0.21087399999999998
-0.107985,-0.205624
-0.09777777600000001,-0.200374
-0.08757020800000001,-0.195999
-0.077362632,-0.191624
-0.067155064,-0.18724899999999997
-0.056947496,-0.182874
-0.046739924,-0.176749
-0.036532356,-0.173249
-0.026324786000000003,-0.166686
-0.016117215,-0.161436
-0.005909646,-0.157061
0.004297924,-0.150499
0.014505494,-0.14524900000000002
0.024713064,-0.138686
0.034920632,-0.133436
0.045128204000000005,-0.125999
0.055335776,-0.11724899999999999
0.065543348,-0.112874
0.07575092,-0.10456199999999999
0.08595848,-0.09581207200000001
0.096166048,-0.091874592
0.106373,-0.085749616
0.11658099999999999,-0.07656216
0.12678799999999998,-0.072187176
0.136996,-0.06868719200000001
0.147203,-0.06343722
0.157411,-0.057749744
0.167619,-0.05709349600000001
0.17782599999999998,-0.054468508000000006
0.18803399999999998,-0.047906036000000006
0.198241,-0.048124784000000004
0.208449,-0.047249792000000006
0.218656,-0.042437312000000005
0.22886399999999998,-0.042874808
0.23907199999999998,-0.044624800000000006
0.249279,-0.044296680000000005
0.25948699999999997,-0.043421684
0.269694,-0.044952928
0.279902,-0.04779666400000001
0.290109,-0.046921668
0.300317,-0.05085914800000001
0.310525,-0.05381226
0.32073199999999996,-0.052609140000000006
0.33094,-0.05468726
0.341147,-0.056327876000000006
0.351355,-0.056218500000000005
0.361562,-0.055343504
0.37177,-0.052827888
0.38197699999999996,-0.05085914800000001
0.392185,-0.04265606
0.402393,-0.034781096000000004
0.41259999999999997,-0.028874872
0.42280799999999996,-0.021546778000000003
0.433015,-0.02132803
0.443223,-0.023624896000000003
0.45343,0.035907044000000006
0.463638,0.03632144
0.473846,0.037318236000000005
0.48405299999999996,0.039211028
0.49426099999999995,0.04346140800000001
0.504468,0.046569392
0.514676,0.048618984000000004
0.524883,0.051592572
0.535091,0.04670292000000001
0.545299,0.051187276000000004
0.5555059999999999,0.05676537200000001
0.5657139999999999,0.06890594400000001
0.575921,0.09460896
0.586129,0.10434299999999999
0.596336,0.093077712
0.606544,0.09198396000000002
0.616752,0.094827704
0.6269589999999999,0.100952
0.6371669999999999,0.10893699999999999
0.647374,0.117358
0.657582,0.13059300000000001
0.667789,0.14962399999999998
0.677997,0.174889
0.688205,0.20912399999999998
0.6984119999999999,0.258233
0.7086199999999999,0.329217
0.718827,0.42907599999999996
0.729035,0.572138
0.739242,0.766059
0.74945,1.006026
0.7596579999999999,1.280994
0.7698649999999999,1.567993
0.780073,1.821523
0.79028,2.004397
0.800488,2.106115
0.8106949999999999,2.1363030000000003
0.8209029999999999,2.107865
0.8311109999999999,2.048365
0.841318,1.976616
0.851526,1.898741
0.861733,1.826991
0.871941,1.768367
0.8821479999999999,1.722429
0.8923559999999999,1.695742
0.9025639999999999,1.698804
0.912771,1.740804
0.922979,1.836616
0.933186,1.994553
0.943394,2.2119899999999997
0.9536009999999999,2.484551
0.9638089999999999,2.8047999999999997
0.9740169999999999,3.146485
0.984224,3.488171
0.994432,3.8263570000000002
1.004639,4.143981
1.014847,4.40298
1.025054,4.5561039999999995
1.035262,4.581479
1.04547,4.516729
1.055677,4.395105
1.065885,4.233231
1.076092,4.0573559999999995
1.0863,3.8998569999999995
1.096507,3.779108
1.106715,3.277735
1.1169229999999999,2.744862
1.12713,2.3546139999999998
1.137338,2.057115
1.147545,1.826116
1.157753,1.640617
1.1679599999999999,1.489243
1.1781679999999999,1.3641180000000002
1.1883759999999999,1.258244
1.198583,1.167244
1.208791,1.08937
1.218998,1.02112
1.229206,0.960745
1.2394129999999999,0.908245
1.2496209999999999,0.860121
1.2598289999999999,0.817246
1.270036,0.779621
1.280244,0.744621
1.290451,0.712246
1.300659,0.6833710000000001
1.3108659999999999,0.655372
1.3210739999999999,0.631747
1.331281,0.608122
1.341489,0.587997
1.351697,0.5678719999999999
1.361904,0.549497
1.372112,0.532872
1.3823189999999999,0.5162469999999999
1.3925269999999998,0.5013719999999999
1.402734,0.48737199999999997
1.412942,0.473372
1.42315,0.461122
1.433357,0.448872
1.443565,0.437498
1.4537719999999998,0.426998
1.4639799999999998,0.416498
1.474187,0.406873
1.484395,0.397248
1.494603,0.38937299999999997
1.50481,0.38149799999999995
1.494603,0.372748
1.484395,0.364873
1.474187,0.357873
1.4639799999999998,0.350873
1.4537719999999998,0.343873
1.443565,0.337748
1.433357,0.331623
1.42315,0.325498
1.412942,0.319373
1.402734,0.314123
1.3925269999999998,0.308873
1.3823189999999999,0.303623
1.372112,0.29837299999999994
1.361904,0.29399800000000004
1.351697,0.289623
1.341489,0.284373
1.331281,0.280873
1.3210739999999999,0.276498
1.3108659999999999,0.272123
1.300659,0.268623
1.290451,0.265123
1.280244,0.260748
1.270036,0.258123
1.2598289999999999,0.25374800000000003
1.2496209999999999,0.25112300000000004
1.2394129999999999,0.247623
1.229206,0.24412300000000003
1.218998,0.241498
1.208791,0.237998
1.198583,0.235373
1.1883759999999999,0.23274799999999998
1.1781679999999999,0.230123
1.1679599999999999,0.22749799999999998
1.157753,0.22487300000000002
1.147545,0.222249
1.137338,0.219624
1.12713,0.216999
1.1169229999999999,0.215249
1.106715,0.21262399999999998
1.096507,0.195999
1.0863,0.15662399999999999
1.076092,0.125999
1.065885,0.103249
1.055677,0.08399963200000002
1.04547,0.068249696
1.035262,0.055124752000000006
1.025054,0.043968556000000006
1.014847,0.034124848
1.004639,0.026031134000000004
0.994432,0.018156170000000003
0.984224,0.011484324
0.9740169999999999,0.005031227
0.9638089999999999,-0.028285474000000005
0.9536009999999999,-0.034283048
0.943394,-0.037307036
0.933186,-0.039160628
0.922979,-0.041904616
0.912771,-0.044872604
0.9025639999999999,-0.047179792000000005
0.8923559999999999,-0.049503780000000004
0.8821479999999999,-0.05414038400000001
0.871941,-0.06343722
0.861733,-0.073718424
0.851526,-0.08585899200000001
0.841318,-0.100624
0.8311109999999999,-0.11626500000000001
0.8209029999999999,-0.134968
0.8106949999999999,-0.157718
0.800488,-0.183092
0.79028,-0.213608
0.780073,-0.250577
0.7698649999999999,-0.294108
0.7596579999999999,-0.345514
0.74945,-0.407638
0.739242,-0.483872
0.729035,-0.5762940000000001
0.718827,-0.689278
0.7086199999999999,-0.8299329999999999
0.6984119999999999,-0.999026
0.688205,-1.209025
0.677997,-1.473055
0.667789,-1.8007410000000001
0.657582,-2.192083
0.647374,-2.6844870000000003
0.6371669999999999,-3.237485
0.6269589999999999,-3.8281069999999997
0.616752,-4.393355
0.606544,-4.863228
0.596336,-5.141477
0.586129,-5.122227
0.575921,-4.764353
0.5657139999999999,-4.126481
0.5555059999999999,-3.376609
0.545299,-2.708113
0.535091,-2.2312399999999997
0.524883,-1.940741
0.514676,-1.7893659999999998
0.504468,-1.738617
0.49426099999999995,-1.7421170000000001
0.48405299999999996,-1.761367
0.473846,-1.778867
0.463638,-1.769242
0.45343,-1.720242
0.443223,-1.636242
0.433015,-1.538243
0.42280799999999996,-1.4419929999999999
0.41259999999999997,-1.360618
0.402393,-1.303744
0.392185,-1.260869
0.38197699999999996,-1.214494
0.37177,-1.159369
0.361562,-1.091995
0.351355,-1.0158699999999998
0.341147,-0.944995
0.33094,-0.887246
0.32073199999999996,-0.8382459999999999
0.310525,-0.796246
0.300317,-0.761246
0.290109,-0.727996
0.279902,-0.695621
0.269694,-0.665872
0.25948699999999997,-0.644872
0.249279,-0.620372
0.23907199999999998,-0.601122
0.22886399999999998,-0.587122
0.218656,-0.5722470000000001
0.208449,-0.558247
0.198241,-0.545997
0.18803399999999998,-0.5363720000000001
0.17782599999999998,-0.5249969999999999
0.167619,-0.512747
0.157411,-0.5074970000000001
0.147203,-0.497872
0.136996,-0.48562200000000005
0.12678799999999998,-0.482122
0.11658099999999999,-0.474247
0.106373,-0.465497
0.096166048,-0.45937199999999995
0.08595848,-0.45149700000000004
0.07575092,-0.444498
0.065543348,-0.434873
0.055335776,-0.430498
0.045128204000000005,-0.42262299999999997
0.034920632,-0.413873
0.024713064,-0.40949800000000003
0.014505494,-0.402498
0.004297924,-0.395498
-0.005909646,-0.38937299999999997
-0.016117215,-0.38149799999999995
-0.026324786000000003,-0.37624799999999997
-0.036532356,-0.368373
-0.046739924,-0.361373
-0.056947496,-0.356123
-0.067155064,-0.347373
-0.077362632,-0.34299799999999997
-0.08757020800000001,-0.337748
-0.09777777600000001,-0.33074800000000004
-0.107985,-0.32724800000000004
-0.11819199999999999,-0.321998
-0.1284,-0.317623
-0.13860799999999998,-0.314123
-0.148815,-0.30974799999999997
-0.159023,-0.307123
-0.16923,-0.303623
-0.179438,-0.301873
-0.18964499999999998,-0.300123
-0.199853,-0.297498
-0.18964499999999998,-0.270373
-0.179438,-0.257248
-0.16923,-0.24587299999999998
-0.159023,-0.237998
-0.148815,-0.23099799999999998
-0.13860799999999998,-0.223999
-0.1284,-0.218749
-0.11819199999999999,-0.21262399999999998
-0.107985,-0.20912399999999998
-0.09777777600000001,-0.203874
-0.08757020800000001,-0.198624
-0.077362632,-0.194249
-0.067155064,-0.189874
-0.056947496,-0.185499
-0.046739924,-0.179374
-0.036532356,-0.17543599999999998
-0.026324786000000003,-0.17018599999999998
-0.016117215,-0.16362400000000002
-0.005909646,-0.158811
0.004297924,-0.153561
0.014505494,-0.146124
0.024713064,-0.141311
0.034920632,-0.135186
0.045128204000000005,-0.127311
0.055335776,-0.11987400000000001
0.065543348,-0.113311
0.07575092,-0.106749
0.08595848,-0.097562064
0.096166048,-0.09274958400000001
0.106373,-0.08706211200000001
0.11658099999999999,-0.078312152
0.12678799999999998,-0.07415592
0.136996,-0.070655936
0.147203,-0.06518721200000001
0.157411,-0.06146848
0.167619,-0.05862474000000001
0.17782599999999998,-0.05599975200000001
0.18803399999999998,-0.050749776
0.198241,-0.049874776
0.208449,-0.050749776
0.218656,-0.045062300000000007
0.22886399999999998,-0.04549980000000001
0.23907199999999998,-0.047468540000000004
0.249279,-0.04670292000000001
0.25948699999999997,-0.047687288
0.269694,-0.048781032
0.279902,-0.05129664800000001
0.290109,-0.051843520000000004
0.300317,-0.05359351200000001
0.310525,-0.057749744
0.32073199999999996,-0.056218500000000005
0.33094,-0.057312244000000005
0.341147,-0.06026536
0.351355,-0.058296616
0.361562,-0.058187244
0.37177,-0.056327876000000006
0.38197699999999996,-0.051515396000000005
0.392185,-0.044515428
0.402393,-0.035765468
0.41259999999999997,-0.030515488000000004
0.42280799999999996,-0.024828014000000002
0.433015,-0.024499892000000002
0.443223,-0.027890502
0.45343,-0.026249884000000005
0.463638,-0.021765528000000003
0.473846,-0.014218687
0.48405299999999996,-0.003062486
0.49426099999999995,0.044178204000000006
0.504468,0.047269392
0.514676,0.049251784
0.524883,0.04003107200000001
0.535091,0.047687288
0.545299,0.05206226800000001
0.5555059999999999,0.05753099600000001
0.5657139999999999,0.07262468000000001
0.575921,0.092312088
0.586129,0.09132772000000001
0.596336,0.08487462400000001
0.606544,0.08706211200000001
0.616752,0.09132772000000001
0.6269589999999999,0.09799956800000001
0.6371669999999999,0.10631199999999999
0.647374,0.114515
0.657582,0.12567099999999998
0.667789,0.143936
0.677997,0.168874
0.688205,0.205077
0.6984119999999999,0.259108
0.7086199999999999,0.33720100000000003
0.718827,0.449966
0.729035,0.610528
0.739242,0.826761
0.74945,1.090026
0.7596579999999999,1.389931
0.7698649999999999,1.687648
0.780073,1.934178
0.79028,2.090365
0.800488,2.1673649999999998
0.8106949999999999,2.167802
0.8209029999999999,2.117053
0.8311109999999999,2.0426779999999995
0.841318,1.961303
0.851526,1.880366
0.861733,1.8068659999999999
0.871941,1.749992
0.8821479999999999,1.708429
0.8923559999999999,1.688742
0.9025639999999999,1.703617
0.912771,1.7635539999999998
0.922979,1.883866
0.933186,2.068053
0.943394,2.3117389999999998
0.9536009999999999,2.6123
0.9638089999999999,2.950049
0.9740169999999999,3.29961
0.984224,3.646546
0.994432,3.987357
1.004639,4.304106
1.014847,4.53948
1.025054,4.652354
1.035262,4.639228999999999
1.04547,4.542979
1.055677,4.394229999999999
1.065885,4.206981
1.076092,4.020606
1.0863,3.865732
1.096507,3.7493579999999995
1.106715,3.256735
1.1169229999999999,2.7326119999999996
1.12713,2.345864
1.137338,2.05274
1.147545,1.822616
1.157753,1.638867
1.1679599999999999,1.488368
1.1781679999999999,1.363243
1.1883759999999999,1.258244
1.198583,1.167244
1.208791,1.08937
1.218998,1.021995
1.229206,0.960745
1.2394129999999999,0.908245
1.2496209999999999,0.860996
1.2598289999999999,0.817246
1.270036,0.7787459999999999
1.280244,0.743746
1.290451,0.712246
1.300659,0.6833710000000001
1.3108659999999999,0.655372
1.3210739999999999,0.630872
1.331281,0.608122
1.341489,0.587122
1.351697,0.5678719999999999
1.361904,0.548622
1.372112,0.5319969999999999
1.3823189999999999,0.5153719999999999
1.3925269999999998,0.5004970000000001
1.402734,0.48649699999999996
1.412942,0.472497
1.42315,0.46024699999999996
1.433357,0.447998
1.443565,0.436623
1.4537719999999998,0.426123
1.4639799999999998,0.41562299999999996
1.474187,0.406873
1.484395,0.397248
1.494603,0.387623
1.50481,0.379748
1.494603,0.371873
1.484395,0.363998
1.474187,0.356998
1.4639799999999998,0.34912299999999996
1.4537719999999998,0.34299799999999997
1.443565,0.336873
1.433357,0.329873
1.42315,0.324623
1.412942,0.318498
1.402734,0.31324799999999997
1.3925269999999998,0.307998
1.3823189999999999,0.30274799999999996
1.372112,0.297498
1.361904,0.292248
1.351697,0.288748
1.341489,0.284373
1.331281,0.279123
1.3210739999999999,0.275623
1.3108659999999999,0.271248
1.300659,0.26687299999999997
1.290451,0.26337299999999997
1.280244,0.25987299999999997
1.270036,0.25637299999999996
1.2598289999999999,0.252873
1.2496209999999999,0.250248
1.2394129999999999,0.246748
1.229206,0.24324800000000002
1.218998,0.23974800000000002
1.208791,0.237998
1.198583,0.233623
1.1883759999999999,0.231873
1.1781679999999999,0.228373
1.1679599999999999,0.225748
1.157753,0.22312400000000002
1.147545,0.220499
1.137338,0.218749
1.12713,0.21612399999999998
1.1169229999999999,0.213499
1.106715,0.211749
1.096507,0.195124
1.0863,0.15662399999999999
1.076092,0.12687400000000001
1.065885,0.103249
1.055677,0.084437128
1.04547,0.068249696
1.035262,0.055562252000000006
1.025054,0.044624800000000006
1.014847,0.03456234400000001
1.004639,0.026468634
0.994432,0.018812416000000002
0.984224,0.011812448000000001
0.9740169999999999,0.005687475000000001
0.9638089999999999,-0.027971876
0.9536009999999999,-0.033823848000000004
0.943394,-0.036814240000000005
0.933186,-0.038679032
0.922979,-0.041311020000000004
0.912771,-0.044312604
0.9025639999999999,-0.046563796
0.8923559999999999,-0.048781384000000004
0.8821479999999999,-0.05129577600000001
0.871941,-0.06059348
0.861733,-0.070327816
0.851526,-0.08203088800000001
0.841318,-0.095374576
0.8311109999999999,-0.110905
0.8209029999999999,-0.128077
0.8106949999999999,-0.14962399999999998
0.800488,-0.17401399999999997
0.79028,-0.202014
0.780073,-0.237123
0.7698649999999999,-0.277592
0.7596579999999999,-0.325607
0.74945,-0.38390399999999997
0.739242,-0.454451
0.729035,-0.540638
0.718827,-0.645747
0.7086199999999999,-0.77623
0.6984119999999999,-0.935589
0.688205,-1.119229
0.677997,-1.375931
0.667789,-1.682617
0.657582,-2.059084
0.647374,-2.525238
0.6371669999999999,-3.069923
0.6269589999999999,-3.675858
0.616752,-4.277856
0.606544,-4.835228
0.596336,-5.2281010000000006
0.586129,-5.349726
0.575921,-5.124852000000001
0.5657139999999999,-4.561354
0.5555059999999999,-3.791358
0.545299,-3.030111
0.535091,-2.4421139999999997
0.524883,-2.06324
0.514676,-1.8541159999999999
0.504468,-1.768367
0.49426099999999995,-1.752617
0.48405299999999996,-1.766617
0.473846,-1.7876169999999998
0.463638,-1.788492
0.45343,-1.749992
0.443223,-1.674742
0.433015,-1.580242
0.42280799999999996,-1.480493
0.41259999999999997,-1.393868
0.402393,-1.332619
0.392185,-1.287994
0.38197699999999996,-1.2442440000000001
0.37177,-1.1926189999999999
0.361562,-1.128745
0.351355,-1.05087
0.341147,-0.9756199999999999
0.33094,-0.913495
0.32073199999999996,-0.859246
0.310525,-0.8146209999999999
0.300317,-0.779621
0.290109,-0.744621
0.279902,-0.710496
0.269694,-0.6789959999999999
0.25948699999999997,-0.656247
0.249279,-0.631747
0.23907199999999998,-0.608997
0.22886399999999998,-0.595872
0.218656,-0.5792470000000001
0.208449,-0.564372
0.198241,-0.552997
0.18803399999999998,-0.541622
0.17782599999999998,-0.5302469999999999
0.167619,-0.519747
0.157411,-0.511872
0.147203,-0.503122
0.136996,-0.49087200000000003
0.12678799999999998,-0.48562200000000005
0.11658099999999999,-0.47949699999999995
0.106373,-0.469872
0.096166048,-0.46374699999999996
0.08595848,-0.45674699999999996
0.07575092,-0.448872
0.065543348,-0.440123
0.055335776,-0.433998
0.045128204000000005,-0.427873
0.034920632,-0.417373
0.024713064,-0.412998
0.014505494,-0.405998
0.004297924,-0.398123
-0.005909646,-0.393748
-0.016117215,-0.38587299999999997
-0.026324786000000003,-0.37799799999999995
-0.036532356,-0.371873
-0.046739924,-0.364873
-0.056947496,-0.358748
-0.067155064,-0.350873
-0.077362632,-0.344748
-0.08757020800000001,-0.340373
-0.09777777600000001,-0.33337300000000003
-0.107985,-0.328998
-0.11819199999999999,-0.324623
-0.1284,-0.320248
-0.13860799999999998,-0.315873
-0.148815,-0.312373
-0.159023,-0.307998
-0.16923,-0.30624799999999996
-0.179438,-0.30274799999999996
-0.18964499999999998,-0.300998
-0.199853,-0.29924799999999996
-0.18964499999999998,-0.272998
-0.179438,-0.25899799999999995
-0.16923,-0.24849799999999997
-0.159023,-0.24062299999999998
-0.148815,-0.233623
-0.13860799999999998,-0.226623
-0.1284,-0.22137400000000002
-0.11819199999999999,-0.21612399999999998
-0.107985,-0.211749
-0.09777777600000001,-0.206499
-0.08757020800000001,-0.200374
-0.077362632,-0.197749
-0.067155064,-0.192499
-0.056947496,-0.18724899999999997
-0.046739924,-0.182874
-0.036532356,-0.176749
-0.026324786000000003,-0.172374
-0.016117215,-0.16581100000000001
-0.005909646,-0.160561
0.004297924,-0.155749
0.014505494,-0.14699900000000002
0.024713064,-0.142624
0.034920632,-0.136499
0.045128204000000005,-0.12687400000000001
0.055335776,-0.120749
0.065543348,-0.11462399999999999
0.07575092,-0.10718699999999999
0.08595848,-0.099749552
0.096166048,-0.093187088
0.106373,-0.088812104
0.11658099999999999,-0.079624648
0.12678799999999998,-0.07481216800000001
0.136996,-0.073718424
0.147203,-0.066062208
0.157411,-0.06299972
0.167619,-0.06146848
0.17782599999999998,-0.057968492
0.18803399999999998,-0.05424976
0.198241,-0.05249976800000001
0.208449,-0.05381226
0.218656,-0.049437284000000005
0.22886399999999998,-0.047906036000000006
0.23907199999999998,-0.05206226800000001
0.249279,-0.048343536000000006
0.25948699999999997,-0.048781032
0.269694,-0.05206226800000001
0.279902,-0.05337476
0.290109,-0.054468508000000006
0.300317,-0.05599975200000001
0.310525,-0.059718484
0.32073199999999996,-0.059062236000000004
0.33094,-0.059062236000000004
0.341147,-0.062562224
0.351355,-0.06103097600000001
0.361562,-0.059499736000000004
0.37177,-0.059280988
0.38197699999999996,-0.05315601200000001
0.392185,-0.045281048000000004
0.402393,-0.037624832000000004
0.41259999999999997,-0.032812352
0.42280799999999996,-0.028984246
0.433015,-0.028874872
0.443223,-0.031171738000000004
0.45343,-0.028874872
0.463638,-0.021437404
0.473846,-0.012796819000000001
0.48405299999999996,-0.00098437
0.49426099999999995,0.0448838
0.504468,0.047734188000000004
0.514676,0.049856580000000005
0.524883,0.041671692
0.535091,0.048343536000000006
0.545299,0.052937268
0.5555059999999999,0.058515364
0.5657139999999999,0.07459341600000001
0.575921,0.086952736
0.586129,0.08082776800000001
0.596336,0.07984340000000001
0.606544,0.082468384
0.616752,0.08771836
0.6269589999999999,0.095702704
0.6371669999999999,0.10478
0.647374,0.113858
0.657582,0.125561
0.667789,0.144155
0.677997,0.170842
0.688205,0.21032700000000001
0.6984119999999999,0.27277999999999997
0.7086199999999999,0.36301399999999995
0.718827,0.493497
0.729035,0.676262
0.739242,0.916558
0.74945,1.189557
0.7596579999999999,1.509805
0.7698649999999999,1.8005229999999999
0.780073,2.023428
0.79028,2.147677
0.800488,2.19449
0.8106949999999999,2.171302
0.8209029999999999,2.1056779999999997
0.8311109999999999,2.02299
0.841318,1.938991
0.851526,1.8584910000000001
0.861733,1.788929
0.871941,1.735554
0.8821479999999999,1.7014289999999999
0.8923559999999999,1.691367
0.9025639999999999,1.722429
0.912771,1.8055539999999999
0.922979,1.9529910000000001
0.933186,2.165177
0.943394,2.435989
0.9536009999999999,2.761487
0.9638089999999999,3.114986
0.9740169999999999,3.468922
0.984224,3.8202320000000003
0.994432,4.162356
1.004639,4.466855
1.014847,4.668978999999999
1.025054,4.734603
1.035262,4.679479
1.04547,4.551729
1.055677,4.374104999999999
1.065885,4.169356
1.076092,3.977732
1.0863,3.8281069999999997
1.096507,3.7204829999999998
1.106715,3.23836
1.1169229999999999,2.722112
1.12713,2.339739
1.137338,2.050115
1.147545,1.8217409999999998
1.157753,1.638867
1.1679599999999999,1.489243
1.1781679999999999,1.3641180000000002
1.1883759999999999,1.259119
1.198583,1.168994
1.208791,1.0911199999999999
1.218998,1.02287
1.229206,0.962495
1.2394129999999999,0.90912
1.2496209999999999,0.861871
1.2598289999999999,0.818121
1.270036,0.779621
1.280244,0.745496
1.290451,0.7131209999999999
1.300659,0.6833710000000001
1.3108659999999999,0.657122
1.3210739999999999,0.631747
1.331281,0.608997
1.341489,0.587122
1.351697,0.5678719999999999
1.361904,0.549497
1.372112,0.5319969999999999
1.3823189999999999,0.5162469999999999
1.3925269999999998,0.5004970000000001
1.402734,0.48649699999999996
1.412942,0.472497
1.42315,0.46024699999999996
1.433357,0.447998
1.443565,0.436623
1.4537719999999998,0.426123
1.4639799999999998,0.41562299999999996
1.474187,0.405998
1.484395,0.396373
1.494603,0.387623
1.50481,0.37887299999999996
1.494603,0.370998
1.484395,0.36312300000000003
1.474187,0.356123
1.4639799999999998,0.34912299999999996
1.4537719999999998,0.34212299999999995
1.443565,0.33599799999999996
1.433357,0.328998
1.42315,0.323748
1.412942,0.318498
1.402734,0.312373
1.3925269999999998,0.307123
1.3823189999999999,0.30274799999999996
1.372112,0.29662299999999997
1.361904,0.292248
1.351697,0.28699800000000003
1.341489,0.283498
1.331281,0.278248
1.3210739999999999,0.274748
1.3108659999999999,0.271248
1.300659,0.26687299999999997
1.290451,0.26337299999999997
1.280244,0.25899799999999995
1.270036,0.25637299999999996
1.2598289999999999,0.252873
1.2496209999999999,0.24937299999999998
1.2394129999999999,0.24587299999999998
1.229206,0.242373
1.218998,0.23974800000000002
1.208791,0.237123
1.198583,0.233623
1.1883759999999999,0.23099799999999998
1.1781679999999999,0.228373
1.1679599999999999,0.225748
1.157753,0.22312400000000002
1.147545,0.220499
1.137338,0.21787399999999998
1.12713,0.215249
1.1169229999999999,0.21262399999999998
1.106715,0.21087399999999998
1.096507,0.195124
1.0863,0.15662399999999999
1.076092,0.12687400000000001
1.065885,0.103249
1.055677,0.08487462400000001
1.04547,0.06868719200000001
1.035262,0.05599975200000001
1.025054,0.045062300000000007
1.014847,0.034781096000000004
1.004639,0.02690613
0.994432,0.019468664000000004
0.984224,0.012249946000000001
0.9740169999999999,0.006453096000000001
0.9638089999999999,-0.027574278
0.9536009999999999,-0.033392654
0.943394,-0.03625984
0.933186,-0.038175032
0.922979,-0.04068382
0.912771,-0.043685408
0.9025639999999999,-0.045925396
0.8923559999999999,-0.048036588000000005
0.8821479999999999,-0.050668580000000005
0.871941,-0.05785911600000001
0.861733,-0.06682782400000001
0.851526,-0.078421528
0.841318,-0.090890224
0.8311109999999999,-0.10543699999999999
0.8209029999999999,-0.12184299999999999
0.8106949999999999,-0.141858
0.800488,-0.164718
0.79028,-0.190858
0.780073,-0.22366999999999998
0.7698649999999999,-0.26184199999999996
0.7596579999999999,-0.306029
0.74945,-0.36093499999999995
0.739242,-0.426123
0.729035,-0.5056379999999999
0.718827,-0.603309
0.7086199999999999,-0.7235119999999999
0.6984119999999999,-0.871714
0.688205,-1.0481349999999998
0.677997,-1.277713
0.667789,-1.5629609999999998
0.657582,-1.9175529999999998
0.647374,-2.356802
0.6371669999999999,-2.884424
0.6269589999999999,-3.491234
0.616752,-4.129981
0.606544,-4.745978
0.596336,-5.247351
0.586129,-5.5186
0.575921,-5.45385
0.5657139999999999,-5.013726999999999
0.5555059999999999,-4.269105
0.545299,-3.435234
0.535091,-2.7273620000000003
0.524883,-2.237364
0.514676,-1.949491
0.504468,-1.814741
0.49426099999999995,-1.7718669999999999
0.48405299999999996,-1.774492
0.473846,-1.793741
0.463638,-1.802492
0.45343,-1.777992
0.443223,-1.7132420000000002
0.433015,-1.624867
0.42280799999999996,-1.522493
0.41259999999999997,-1.430618
0.402393,-1.363243
0.392185,-1.314244
0.38197699999999996,-1.2731190000000001
0.37177,-1.226744
0.361562,-1.165494
0.351355,-1.08937
0.341147,-1.0097450000000001
0.33094,-0.943245
0.32073199999999996,-0.884621
0.310525,-0.834746
0.300317,-0.798871
0.290109,-0.762121
0.279902,-0.7271209999999999
0.269694,-0.695621
0.25948699999999997,-0.668497
0.249279,-0.644872
0.23907199999999998,-0.619497
0.22886399999999998,-0.604622
0.218656,-0.588872
0.208449,-0.571372
0.198241,-0.5608719999999999
0.18803399999999998,-0.548622
0.17782599999999998,-0.5363720000000001
0.167619,-0.526747
0.157411,-0.5162469999999999
0.147203,-0.5083719999999999
0.136996,-0.49699699999999997
0.12678799999999998,-0.49087200000000003
0.11658099999999999,-0.48474700000000004
0.106373,-0.473372
0.096166048,-0.468122
0.08595848,-0.461997
0.07575092,-0.452372
0.065543348,-0.445373
0.055335776,-0.438373
0.045128204000000005,-0.431373
0.034920632,-0.42262299999999997
0.024713064,-0.41562299999999996
0.014505494,-0.411248
0.004297924,-0.401623
-0.005909646,-0.396373
-0.016117215,-0.390248
-0.026324786000000003,-0.38237299999999996
-0.036532356,-0.37537299999999996
-0.046739924,-0.368373
-0.056947496,-0.361373
-0.067155064,-0.355248
-0.077362632,-0.348248
-0.08757020800000001,-0.34299799999999997
-0.09777777600000001,-0.336873
-0.107985,-0.33074800000000004
-0.11819199999999999,-0.328123
-0.1284,-0.323748
-0.13860799999999998,-0.318498
-0.148815,-0.315873
-0.159023,-0.311498
-0.16923,-0.307998
-0.179438,-0.304498
-0.18964499999999998,-0.30274799999999996
-0.199853,-0.300998
-0.18964499999999998,-0.274748
-0.179438,-0.261623
-0.16923,-0.251998
-0.159023,-0.242373
-0.148815,-0.23624799999999999
-0.13860799999999998,-0.230123
-0.1284,-0.223999
-0.11819199999999999,-0.218749
-0.107985,-0.21262399999999998
-0.09777777600000001,-0.20912399999999998
-0.08757020800000001,-0.203874
-0.077362632,-0.199499
-0.067155064,-0.195124
-0.056947496,-0.18899899999999997
-0.046739924,-0.184624
-0.036532356,-0.179374
-0.026324786000000003,-0.17368599999999998
-0.016117215,-0.16799899999999998
-0.005909646,-0.161874
0.004297924,-0.15662399999999999
0.014505494,-0.150061
0.024713064,-0.14349900000000002
0.034920632,-0.138686
0.045128204000000005,-0.128624
0.055335776,-0.122061
0.065543348,-0.11637399999999999
0.07575092,-0.107624
0.08595848,-0.101062
0.096166048,-0.09493708000000001
0.106373,-0.08968709600000001
0.11658099999999999,-0.08181213600000001
0.12678799999999998,-0.076780904
0.136996,-0.07634341600000001
0.147203,-0.06868719200000001
0.157411,-0.06518721200000001
0.167619,-0.064968464
0.17782599999999998,-0.060374732
0.18803399999999998,-0.058187244
0.198241,-0.055781004
0.208449,-0.056218500000000005
0.218656,-0.05381226
0.22886399999999998,-0.05162476800000001
0.23907199999999998,-0.055562252000000006
0.249279,-0.052937268
0.25948699999999997,-0.05249976800000001
0.269694,-0.057312244000000005
0.279902,-0.058187244
0.290109,-0.059062236000000004
0.300317,-0.06103097600000001
0.310525,-0.06365596800000001
0.32073199999999996,-0.06343722
0.33094,-0.06321846800000001
0.341147,-0.066499704
0.351355,-0.06584346
0.361562,-0.06234347600000001
0.37177,-0.061249732
0.38197699999999996,-0.054906008000000006
0.392185,-0.046156044
0.402393,-0.04003107200000001
0.41259999999999997,-0.035437344
0.42280799999999996,-0.03292173
0.433015,-0.033249852
0.443223,-0.034015476
0.45343,-0.030406114000000005
0.463638,-0.020890532
0.473846,-0.010609328000000001
0.48405299999999996,0.0010937450000000001
0.49426099999999995,0.0457014
0.504468,0.048338984
0.514676,0.05038298
0.524883,0.043531056000000005
0.535091,0.048999784000000005
0.545299,0.05348414
0.5555059999999999,0.06026536
0.5657139999999999,0.074921544
0.575921,0.07973402400000001
0.586129,0.07448404
0.596336,0.076780904
0.606544,0.08039026400000002
0.616752,0.084765248
0.6269589999999999,0.09285896000000002
0.6371669999999999,0.102593
0.647374,0.113858
0.657582,0.127749
0.667789,0.148639
0.677997,0.179374
0.688205,0.224436
0.6984119999999999,0.296514
0.7086199999999999,0.402279
0.718827,0.5532159999999999
0.729035,0.76234
0.739242,1.0277919999999998
0.74945,1.331744
0.7596579999999999,1.643461
0.7698649999999999,1.9160220000000001
0.780073,2.102178
0.79028,2.191865
0.800488,2.20674
0.8106949999999999,2.162115
0.8209029999999999,2.08249
0.8311109999999999,1.9958660000000001
0.841318,1.9109909999999999
0.851526,1.833116
0.861733,1.767929
0.871941,1.721117
0.8821479999999999,1.695742
0.8923559999999999,1.6996790000000002
0.9025639999999999,1.749554
0.912771,1.861554
0.922979,2.0374280000000002
0.933186,2.278489
0.943394,2.578613
0.9536009999999999,2.926424
0.9638089999999999,3.290422
0.9740169999999999,3.647421
0.984224,4.003982
0.994432,4.3434800000000005
1.004639,4.621729
1.014847,4.780978
1.025054,4.793228
1.035262,4.698727999999999
1.04547,4.541229
1.055677,4.3347299999999995
1.065885,4.1194809999999995
1.076092,3.931357
1.0863,3.789608
1.096507,3.693358
1.106715,3.22086
1.1169229999999999,2.713362
1.12713,2.3353639999999998
1.137338,2.04749
1.147545,1.8208659999999999
1.157753,1.638867
1.1679599999999999,1.490118
1.1781679999999999,1.3658679999999999
1.1883759999999999,1.260869
1.198583,1.170744
1.208791,1.091995
1.218998,1.023745
1.229206,0.96337
1.2394129999999999,0.9099949999999999
1.2496209999999999,0.862746
1.2598289999999999,0.8189960000000001
1.270036,0.780496
1.280244,0.745496
1.290451,0.7131209999999999
1.300659,0.6842459999999999
1.3108659999999999,0.657122
1.3210739999999999,0.631747
1.331281,0.608997
1.341489,0.587997
1.351697,0.5678719999999999
1.361904,0.548622
1.372112,0.5319969999999999
1.3823189999999999,0.5153719999999999
1.3925269999999998,0.5004970000000001
1.402734,0.48562200000000005
1.412942,0.472497
1.42315,0.45937199999999995
1.433357,0.447123
1.443565,0.43574799999999997
1.4537719999999998,0.42524799999999996
1.4639799999999998,0.41474799999999995
1.474187,0.404248
1.484395,0.395498
1.494603,0.386748
1.50481,0.37799799999999995
1.494603,0.37012300000000004
1.484395,0.36312300000000003
1.474187,0.355248
1.4639799999999998,0.348248
1.4537719999999998,0.341248
1.443565,0.33512299999999995
1.433357,0.328998
1.42315,0.322873
1.412942,0.316748
1.402734,0.311498
1.3925269999999998,0.30624799999999996
1.3823189999999999,0.300998
1.372112,0.29574799999999996
1.361904,0.291373
1.351697,0.28699800000000003
1.341489,0.282623
1.331281,0.278248
1.3210739999999999,0.272998
1.3108659999999999,0.26949799999999996
1.300659,0.26599799999999996
1.290451,0.261623
1.280244,0.25899799999999995
1.270036,0.25462300000000004
1.2598289999999999,0.25112300000000004
1.2496209999999999,0.247623
1.2394129999999999,0.24412300000000003
1.229206,0.242373
1.218998,0.237998
1.208791,0.235373
1.198583,0.23274799999999998
1.1883759999999999,0.230123
1.1781679999999999,0.226623
1.1679599999999999,0.223999
1.157753,0.222249
1.147545,0.219624
1.137338,0.21612399999999998
1.12713,0.21437399999999998
1.1169229999999999,0.211749
1.106715,0.209999
1.096507,0.194249
1.0863,0.155749
1.076092,0.12687400000000001
1.065885,0.103249
1.055677,0.08487462400000001
1.04547,0.06912468800000002
1.035262,0.05599975200000001
1.025054,0.04549980000000001
1.014847,0.035874840000000005
1.004639,0.02734363
0.994432,0.020234286000000004
0.984224,0.013234317
0.9740169999999999,0.007218718
0.9638089999999999,-0.027070282
0.9536009999999999,-0.032955854
0.943394,-0.03577264
0.933186,-0.037603832000000004
0.922979,-0.040045424
0.912771,-0.042996612000000003
0.9025639999999999,-0.045275800000000005
0.8923559999999999,-0.047302992
0.8821479999999999,-0.04994618000000001
0.871941,-0.055234132000000005
0.861733,-0.06343722
0.851526,-0.07426529600000001
0.841318,-0.086296496
0.8311109999999999,-0.099640184
0.8209029999999999,-0.11549899999999999
0.8106949999999999,-0.13409300000000002
0.800488,-0.155858
0.79028,-0.180139
0.780073,-0.210655
0.7698649999999999,-0.246311
0.7596579999999999,-0.287108
0.74945,-0.337748
0.739242,-0.398341
0.729035,-0.471622
0.718827,-0.561638
0.7086199999999999,-0.671997
0.6984119999999999,-0.8082769999999999
0.688205,-0.9737610000000001
0.677997,-1.181025
0.667789,-1.444399
0.657582,-1.7731789999999998
0.647374,-2.1752399999999996
0.6371669999999999,-2.686238
0.6269589999999999,-3.28036
0.616752,-3.9392319999999996
0.606544,-4.602479
0.596336,-5.197477
0.586129,-5.614850000000001
0.575921,-5.725974
0.5657139999999999,-5.444224999999999
0.5555059999999999,-4.787978
0.545299,-3.922607
0.535091,-3.1009860000000002
0.524883,-2.477989
0.514676,-2.086865
0.504468,-1.885616
0.49426099999999995,-1.8033659999999998
0.48405299999999996,-1.7876169999999998
0.473846,-1.801616
0.463638,-1.816491
0.45343,-1.804241
0.443223,-1.752617
0.433015,-1.6703670000000002
0.42280799999999996,-1.568867
0.41259999999999997,-1.4708679999999998
0.402393,-1.397368
0.392185,-1.3422429999999999
0.38197699999999996,-1.300244
0.37177,-1.259994
0.361562,-1.203994
0.351355,-1.131369
0.341147,-1.04912
0.33094,-0.976495
0.32073199999999996,-0.91262
0.310525,-0.8574959999999999
0.300317,-0.8189960000000001
0.290109,-0.781371
0.279902,-0.743746
0.269694,-0.712246
0.25948699999999997,-0.6833710000000001
0.249279,-0.657122
0.23907199999999998,-0.6326219999999999
0.22886399999999998,-0.614247
0.218656,-0.599372
0.208449,-0.580122
0.198241,-0.566997
0.18803399999999998,-0.557372
0.17782599999999998,-0.542497
0.167619,-0.533747
0.157411,-0.5232469999999999
0.147203,-0.512747
0.136996,-0.503122
0.12678799999999998,-0.49524699999999994
0.11658099999999999,-0.489122
0.106373,-0.47949699999999995
0.096166048,-0.471622
0.08595848,-0.468122
0.07575092,-0.45674699999999996
0.065543348,-0.448872
0.055335776,-0.443623
0.045128204000000005,-0.433998
0.034920632,-0.426998
0.024713064,-0.419998
0.014505494,-0.413873
0.004297924,-0.405998
-0.005909646,-0.398998
-0.016117215,-0.393748
-0.026324786000000003,-0.38587299999999997
-0.036532356,-0.37799799999999995
-0.046739924,-0.372748
-0.056947496,-0.364873
-0.067155064,-0.357873
-0.077362632,-0.351748
-0.08757020800000001,-0.34562299999999996
-0.09777777600000001,-0.340373
-0.107985,-0.334248
-0.11819199999999999,-0.329873
-0.1284,-0.325498
-0.13860799999999998,-0.321123
-0.148815,-0.317623
-0.159023,-0.31324799999999997
-0.16923,-0.30974799999999997
-0.179438,-0.307123
-0.18964499999999998,-0.304498
-0.199853,-0.30274799999999996
-0.18964499999999998,-0.277373
-0.179438,-0.26337299999999997
-0.16923,-0.25462300000000004
-0.159023,-0.244998
-0.148815,-0.238873
-0.13860799999999998,-0.23274799999999998
-0.1284,-0.226623
-0.11819199999999999,-0.22137400000000002
-0.107985,-0.21612399999999998
-0.09777777600000001,-0.211749
-0.08757020800000001,-0.205624
-0.077362632,-0.201249
-0.067155064,-0.197749
-0.056947496,-0.19074899999999997
-0.046739924,-0.186374
-0.036532356,-0.181999
-0.026324786000000003,-0.174999
-0.016117215,-0.17018599999999998
-0.005909646,-0.164061
0.004297924,-0.157936
0.014505494,-0.15137399999999998
0.024713064,-0.14349900000000002
0.034920632,-0.139124
0.045128204000000005,-0.130374
0.055335776,-0.122061
0.065543348,-0.117686
0.07575092,-0.10893699999999999
0.08595848,-0.101937
0.096166048,-0.09668707200000001
0.106373,-0.09056209600000001
0.11658099999999999,-0.084437128
0.12678799999999998,-0.078749648
0.136996,-0.07809340000000001
0.147203,-0.072187176
0.157411,-0.06693720400000001
0.167619,-0.06737470400000001
0.17782599999999998,-0.06387471600000001
0.18803399999999998,-0.059062236000000004
0.198241,-0.05993723200000001
0.208449,-0.059499736000000004
0.218656,-0.057968492
0.22886399999999998,-0.056656
0.23907199999999998,-0.05862474000000001
0.249279,-0.058405992000000004
0.25948699999999997,-0.05753099600000001
0.269694,-0.06212472
0.279902,-0.06343722
0.290109,-0.062780972
0.300317,-0.065624704
0.310525,-0.067155952
0.32073199999999996,-0.06693720400000001
0.33094,-0.0678122
0.341147,-0.069780936
0.351355,-0.06934344800000002
0.361562,-0.06540596000000001
0.37177,-0.062562224
0.38197699999999996,-0.057312244000000005
0.392185,-0.046812292000000005
0.402393,-0.041562316
0.41259999999999997,-0.039156076
0.42280799999999996,-0.03664046000000001
0.433015,-0.037296708000000005
0.443223,-0.035874840000000005
0.45343,-0.029749868000000002
0.463638,-0.019249914000000003
0.473846,-0.007546841
0.48405299999999996,0.004265606
0.49426099999999995,0.046546992
0.504468,0.049033384000000006
0.514676,0.036749836
0.524883,0.044624800000000006
0.535091,0.049874776
0.545299,0.054031012
0.5555059999999999,0.062015348000000005
0.5657139999999999,0.07360904800000001
0.575921,0.07295280000000001
0.586129,0.070984056
0.596336,0.074046544
0.606544,0.07885902400000001
0.616752,0.083562128
0.6269589999999999,0.09132772000000001
0.6371669999999999,0.100952
0.647374,0.11374899999999999
0.657582,0.13114
0.667789,0.156186
0.677997,0.193046
0.688205,0.24663900000000002
0.6984119999999999,0.33074800000000004
0.7086199999999999,0.454451
0.718827,0.628247
0.729035,0.865043
0.739242,1.1462439999999998
0.74945,1.4708679999999998
0.7596579999999999,1.776679
0.7698649999999999,2.021022
0.780073,2.16824
0.79028,2.21899
0.800488,2.204115
0.8106949999999999,2.141552
0.8209029999999999,2.0536149999999997
0.8311109999999999,1.963928
0.841318,1.881241
0.851526,1.8068659999999999
0.861733,1.747804
0.871941,1.708429
0.8821479999999999,1.693992
0.8923559999999999,1.7154289999999999
0.9025639999999999,1.7902419999999999
0.912771,1.9324279999999998
0.922979,2.138928
0.933186,2.4110509999999996
0.943394,2.741362
0.9536009999999999,3.1062359999999996
0.9638089999999999,3.475047
0.9740169999999999,3.835982
0.984224,4.193856
0.994432,4.5237289999999994
1.004639,4.767853000000001
1.014847,4.869353
1.025054,4.830852999999999
1.035262,4.698727999999999
1.04547,4.508855
1.055677,4.278731
1.065885,4.059106
1.076092,3.880607
1.0863,3.751983
1.096507,3.664483
1.106715,3.20336
1.1169229999999999,2.703737
1.12713,2.331864
1.137338,2.04574
1.147545,1.8208659999999999
1.157753,1.640617
1.1679599999999999,1.490993
1.1781679999999999,1.367618
1.1883759999999999,1.262619
1.198583,1.1724940000000001
1.208791,1.093745
1.218998,1.025495
1.229206,0.96512
1.2394129999999999,0.9117449999999999
1.2496209999999999,0.8636210000000001
1.2598289999999999,0.8207460000000001
1.270036,0.781371
1.280244,0.746371
1.290451,0.713996
1.300659,0.685121
1.3108659999999999,0.657122
1.3210739999999999,0.631747
1.331281,0.608997
1.341489,0.587997
1.351697,0.5678719999999999
1.361904,0.549497
1.372112,0.5319969999999999
1.3823189999999999,0.5153719999999999
1.3925269999999998,0.499622
1.402734,0.48562200000000005
1.412942,0.471622
1.42315,0.45937199999999995
1.433357,0.447123
1.443565,0.43574799999999997
1.4537719999999998,0.424373
1.4639799999999998,0.41474799999999995
1.474187,0.404248
1.484395,0.395498
1.494603,0.386748
1.50481,0.37799799999999995
1.494603,0.37012300000000004
1.484395,0.362248
1.474187,0.354373
1.4639799999999998,0.347373
1.4537719999999998,0.341248
1.443565,0.334248
1.433357,0.328123
1.42315,0.321998
1.412942,0.316748
1.402734,0.310623
1.3925269999999998,0.305373
1.3823189999999999,0.300123
1.372112,0.294873
1.361904,0.29049800000000003
1.351697,0.286123
1.341489,0.281748
1.331281,0.277373
1.3210739999999999,0.272998
1.3108659999999999,0.268623
1.300659,0.265123
1.290451,0.260748
1.280244,0.258123
1.270036,0.25374800000000003
1.2598289999999999,0.250248
1.2496209999999999,0.247623
1.2394129999999999,0.24412300000000003
1.229206,0.24062299999999998
1.218998,0.237998
1.208791,0.23449799999999998
1.198583,0.231873
1.1883759999999999,0.22924799999999998
1.1781679999999999,0.226623
1.1679599999999999,0.223999
1.157753,0.22137400000000002
1.147545,0.218749
1.137338,0.21612399999999998
1.12713,0.213499
1.1169229999999999,0.211749
1.106715,0.20912399999999998
1.096507,0.193374
1.0863,0.155749
1.076092,0.12687400000000001
1.065885,0.104124
1.055677,0.08531212
1.04547,0.069999688
1.035262,0.056874748
1.025054,0.046156044
1.014847,0.036749836
1.004639,0.028218626000000004
0.994432,0.020999908000000005
0.984224,0.014218687
0.9740169999999999,0.007984339000000002
0.9638089999999999,-0.026527082000000004
0.9536009999999999,-0.032513456
0.943394,-0.035257444000000006
0.933186,-0.036909436000000004
0.922979,-0.039468628
0.912771,-0.042324616
0.9025639999999999,-0.044592604
0.8923559999999999,-0.046558196
0.8821479999999999,-0.049162184000000005
0.871941,-0.052609140000000006
0.861733,-0.06015598400000001
0.851526,-0.07043719200000001
0.841318,-0.08203088800000001
0.8311109999999999,-0.09428083200000001
0.8209029999999999,-0.109155
0.8106949999999999,-0.126546
0.800488,-0.146671
0.79028,-0.169639
0.780073,-0.197858
0.7698649999999999,-0.23099799999999998
0.7596579999999999,-0.268951
0.74945,-0.315326
0.739242,-0.371654
0.729035,-0.43881
0.718827,-0.521169
0.7086199999999999,-0.622778
0.6984119999999999,-0.747027
0.688205,-0.899495
0.677997,-1.0825879999999999
0.667789,-1.328244
0.657582,-1.629461
0.647374,-2.0076780000000003
0.6371669999999999,-2.478863
0.6269589999999999,-3.0484859999999996
0.616752,-3.7077959999999996
0.606544,-4.39248
0.596336,-5.078477
0.586129,-5.622724
0.575921,-5.913223
0.5657139999999999,-5.8248489999999995
0.5555059999999999,-5.3138510000000005
0.545299,-4.47823
0.535091,-3.566484
0.524883,-2.800862
0.514676,-2.279364
0.504468,-1.9897409999999998
0.49426099999999995,-1.852366
0.48405299999999996,-1.807741
0.473846,-1.810366
0.463638,-1.826116
0.45343,-1.824366
0.443223,-1.7867419999999998
0.433015,-1.7158669999999998
0.42280799999999996,-1.617867
0.41259999999999997,-1.514618
0.402393,-1.433243
0.392185,-1.371993
0.38197699999999996,-1.326494
0.37177,-1.2906190000000002
0.361562,-1.241619
0.351355,-1.1724940000000001
0.341147,-1.0911199999999999
0.33094,-1.0141200000000001
0.32073199999999996,-0.94412
0.310525,-0.883746
0.300317,-0.839996
0.290109,-0.802371
0.279902,-0.763871
0.269694,-0.729746
0.25948699999999997,-0.699996
0.249279,-0.6702469999999999
0.23907199999999998,-0.645747
0.22886399999999998,-0.6247469999999999
0.218656,-0.608122
0.208449,-0.588872
0.198241,-0.575747
0.18803399999999998,-0.565247
0.17782599999999998,-0.550372
0.167619,-0.539872
0.157411,-0.5302469999999999
0.147203,-0.518872
0.136996,-0.5083719999999999
0.12678799999999998,-0.5013719999999999
0.11658099999999999,-0.4943719999999999
0.106373,-0.48562200000000005
0.096166048,-0.476872
0.08595848,-0.472497
0.07575092,-0.462872
0.065543348,-0.45324699999999996
0.055335776,-0.448872
0.045128204000000005,-0.439248
0.034920632,-0.431373
0.024713064,-0.42524799999999996
0.014505494,-0.417373
0.004297924,-0.411248
-0.005909646,-0.403373
-0.016117215,-0.397248
-0.026324786000000003,-0.390248
-0.036532356,-0.38149799999999995
-0.046739924,-0.37624799999999997
-0.056947496,-0.369248
-0.067155064,-0.361373
-0.077362632,-0.356998
-0.08757020800000001,-0.34912299999999996
-0.09777777600000001,-0.343873
-0.107985,-0.33862299999999995
-0.11819199999999999,-0.332498
-0.1284,-0.328998
-0.13860799999999998,-0.323748
-0.148815,-0.320248
-0.159023,-0.316748
-0.16923,-0.312373
-0.179438,-0.30974799999999997
-0.18964499999999998,-0.307123
-0.199853,-0.304498
-0.18964499999999998,-0.280873
-0.179438,-0.26599799999999996
-0.16923,-0.257248
-0.159023,-0.247623
-0.148815,-0.24062299999999998
-0.13860799999999998,-0.235373
-0.1284,-0.22924799999999998
-0.11819199999999999,-0.223999
-0.107985,-0.218749
-0.09777777600000001,-0.213499
-0.08757020800000001,-0.20912399999999998
-0.077362632,-0.203874
-0.067155064,-0.199499
-0.056947496,-0.194249
-0.046739924,-0.18724899999999997
-0.036532356,-0.183749
-0.026324786000000003,-0.176749
-0.016117215,-0.171061
-0.005909646,-0.16581100000000001
0.004297924,-0.158811
0.014505494,-0.152249
0.024713064,-0.144811
0.034920632,-0.139561
0.045128204000000005,-0.131686
0.055335776,-0.122499
0.065543348,-0.118999
0.07575092,-0.110249
0.08595848,-0.102374
0.096166048,-0.098437064
0.106373,-0.091874592
0.11658099999999999,-0.085749616
0.12678799999999998,-0.08093714400000002
0.136996,-0.079624648
0.147203,-0.07546841600000001
0.157411,-0.07021843200000001
0.167619,-0.07043719200000001
0.17782599999999998,-0.0678122
0.18803399999999998,-0.06212472
0.198241,-0.06343722
0.208449,-0.06343722
0.218656,-0.06081222800000001
0.22886399999999998,-0.06081222800000001
0.23907199999999998,-0.06234347600000001
0.249279,-0.062780972
0.25948699999999997,-0.06234347600000001
0.269694,-0.065624704
0.279902,-0.06912468800000002
0.290109,-0.06737470400000001
0.300317,-0.069999688
0.310525,-0.072187176
0.32073199999999996,-0.069999688
0.33094,-0.071968432
0.341147,-0.073499672
0.351355,-0.072187176
0.361562,-0.06890594400000001
0.37177,-0.06365596800000001
0.38197699999999996,-0.058187244
0.392185,-0.048562284000000004
0.402393,-0.043312308
0.41259999999999997,-0.043093556000000005
0.42280799999999996,-0.041343564000000006
0.433015,-0.040577944000000005
0.443223,-0.03707796
0.45343,-0.028546748000000004
0.463638,-0.017171798000000002
0.473846,-0.004265606
0.48405299999999996,0.007874965
0.49426099999999995,0.04724139200000001
0.504468,0.04976698
0.514676,0.03828108
0.524883,0.046046672000000004
0.535091,0.05085914800000001
0.545299,0.054577884
0.5555059999999999,0.06365596800000001
0.5657139999999999,0.06989031200000001
0.575921,0.06857782400000001
0.586129,0.06934344800000002
0.596336,0.072843432
0.606544,0.07787465600000001
0.616752,0.082796504
0.6269589999999999,0.09154646400000001
0.6371669999999999,0.101718
0.647374,0.115061
0.657582,0.13584300000000002
0.667789,0.16581100000000001
0.677997,0.21054499999999998
0.688205,0.27606099999999995
0.6984119999999999,0.375701
0.7086199999999999,0.521278
0.718827,0.721434
0.729035,0.984261
0.739242,1.291931
0.74945,1.613711
0.7596579999999999,1.900928
0.7698649999999999,2.10699
0.780073,2.2128650000000003
0.79028,2.228615
0.800488,2.1883649999999997
0.8106949999999999,2.1122400000000003
0.8209029999999999,2.0199279999999997
0.8311109999999999,1.9302409999999999
0.841318,1.850179
0.851526,1.781492
0.861733,1.7294289999999999
0.871941,1.700554
0.8821479999999999,1.7001169999999999
0.8923559999999999,1.7429919999999999
0.9025639999999999,1.847116
0.912771,2.021241
0.922979,2.260115
0.933186,2.5641760000000002
0.943394,2.920299
0.9536009999999999,3.295672
0.9638089999999999,3.669296
0.9740169999999999,4.034607
0.984224,4.39073
0.994432,4.699604
1.004639,4.892978
1.014847,4.932353
1.025054,4.844853
1.035262,4.676854
1.04547,4.454605
1.055677,4.210481000000001
1.065885,3.996107
1.076092,3.830733
1.0863,3.7134829999999996
1.096507,3.636483
1.106715,3.1867349999999997
1.1169229999999999,2.695863
1.12713,2.327489
1.137338,2.0448649999999997
1.147545,1.8208659999999999
1.157753,1.6414920000000002
1.1679599999999999,1.492743
1.1781679999999999,1.369368
1.1883759999999999,1.2643689999999999
1.198583,1.173369
1.208791,1.095495
1.218998,1.027245
1.229206,0.96687
1.2394129999999999,0.91262
1.2496209999999999,0.8644959999999999
1.2598289999999999,0.8207460000000001
1.270036,0.782246
1.280244,0.747246
1.290451,0.7148709999999999
1.300659,0.685121
1.3108659999999999,0.657997
1.3210739999999999,0.6326219999999999
1.331281,0.608997
1.341489,0.587997
1.351697,0.5678719999999999
1.361904,0.548622
1.372112,0.5319969999999999
1.3823189999999999,0.5153719999999999
1.3925269999999998,0.499622
1.402734,0.48562200000000005
1.412942,0.471622
1.42315,0.45937199999999995
1.433357,0.44624800000000003
1.443565,0.434873
1.4537719999999998,0.424373
1.4639799999999998,0.413873
1.474187,0.404248
1.484395,0.394623
1.494603,0.38587299999999997
1.50481,0.377123
1.494603,0.369248
1.484395,0.362248
1.474187,0.353498
1.4639799999999998,0.346498
1.4537719999999998,0.340373
1.443565,0.33337300000000003
1.433357,0.328123
1.42315,0.321123
1.412942,0.315873
1.402734,0.30974799999999997
1.3925269999999998,0.304498
1.3823189999999999,0.300123
1.372112,0.294873
1.361904,0.289623
1.351697,0.285248
1.341489,0.279998
1.331281,0.276498
1.3210739999999999,0.272123
1.3108659999999999,0.267748
1.300659,0.264248
1.290451,0.25987299999999997
1.280244,0.257248
1.270036,0.25374800000000003
1.2598289999999999,0.24937299999999998
1.2496209999999999,0.246748
1.2394129999999999,0.24324800000000002
1.229206,0.23974800000000002
1.218998,0.237123
1.208791,0.233623
1.198583,0.23099799999999998
1.1883759999999999,0.228373
1.1781679999999999,0.225748
1.1679599999999999,0.22312400000000002
1.157753,0.220499
1.147545,0.21787399999999998
1.137338,0.215249
1.12713,0.21262399999999998
1.1169229999999999,0.21087399999999998
1.106715,0.208249
1.096507,0.193374
1.0863,0.155749
1.076092,0.12687400000000001
1.065885,0.104999
1.055677,0.085749616
1.04547,0.07043719200000001
1.035262,0.057749744
1.025054,0.046593544
1.014847,0.037406084000000006
1.004639,0.029093622
0.994432,0.021437404
0.984224,0.015093683
0.9740169999999999,0.008859336
0.9638089999999999,-0.025967086
0.9536009999999999,-0.03194225800000001
0.943394,-0.034747848000000005
0.933186,-0.03627104
0.922979,-0.038796628
0.912771,-0.041658216000000005
0.9025639999999999,-0.04378060400000001
0.8923559999999999,-0.045763000000000005
0.8821479999999999,-0.048406184000000005
0.871941,-0.050702176
0.861733,-0.05742162000000001
0.851526,-0.066609076
0.841318,-0.07743716
0.8311109999999999,-0.089030856
0.8209029999999999,-0.102921
0.8106949999999999,-0.11943599999999999
0.800488,-0.13792100000000002
0.79028,-0.159686
0.780073,-0.185389
0.7698649999999999,-0.21634199999999998
0.7596579999999999,-0.25166999999999995
0.74945,-0.294108
0.739242,-0.34606000000000003
0.729035,-0.407529
0.718827,-0.48266899999999996
0.7086199999999999,-0.575638
0.6984119999999999,-0.688512
0.688205,-0.8276359999999999
0.677997,-0.999573
0.667789,-1.2164629999999998
0.657582,-1.4907739999999998
0.647374,-1.838148
0.6371669999999999,-2.256177
0.6269589999999999,-2.808737
0.616752,-3.448797
0.606544,-4.1579809999999995
0.596336,-4.890352999999999
0.586129,-5.543975
0.575921,-6.004223
0.5657139999999999,-6.123222
0.5555059999999999,-5.808223999999999
0.545299,-5.077602
0.535091,-4.126481
0.524883,-3.225235
0.514676,-2.548863
0.504468,-2.141115
0.49426099999999995,-1.929366
0.48405299999999996,-1.840991
0.473846,-1.825241
0.463638,-1.8357409999999998
0.45343,-1.840116
0.443223,-1.8173659999999998
0.433015,-1.7578669999999998
0.42280799999999996,-1.667742
0.41259999999999997,-1.562742
0.402393,-1.474368
0.392185,-1.406118
0.38197699999999996,-1.354493
0.37177,-1.318619
0.361562,-1.277494
0.351355,-1.2153690000000001
0.341147,-1.136619
0.33094,-1.055245
0.32073199999999996,-0.9799950000000001
0.310525,-0.913495
0.300317,-0.8636210000000001
0.290109,-0.824246
0.279902,-0.784871
0.269694,-0.7489959999999999
0.25948699999999997,-0.717496
0.249279,-0.686871
0.23907199999999998,-0.6597470000000001
0.22886399999999998,-0.637872
0.218656,-0.6177469999999999
0.208449,-0.600247
0.198241,-0.584497
0.18803399999999998,-0.5731219999999999
0.17782599999999998,-0.5591219999999999
0.167619,-0.545997
0.157411,-0.5372469999999999
0.147203,-0.525872
0.136996,-0.514497
0.12678799999999998,-0.5074970000000001
0.11658099999999999,-0.498747
0.106373,-0.49087200000000003
0.096166048,-0.482997
0.08595848,-0.476872
0.07575092,-0.468997
0.065543348,-0.458497
0.055335776,-0.45412199999999997
0.045128204000000005,-0.445373
0.034920632,-0.43574799999999997
0.024713064,-0.430498
0.014505494,-0.42174799999999996
0.004297924,-0.41474799999999995
-0.005909646,-0.407748
-0.016117215,-0.400748
-0.026324786000000003,-0.394623
-0.036532356,-0.38587299999999997
-0.046739924,-0.379748
-0.056947496,-0.372748
-0.067155064,-0.364873
-0.077362632,-0.359623
-0.08757020800000001,-0.35262299999999996
-0.09777777600000001,-0.346498
-0.107985,-0.341248
-0.11819199999999999,-0.33599799999999996
-0.1284,-0.332498
-0.13860799999999998,-0.326373
-0.148815,-0.322873
-0.159023,-0.319373
-0.16923,-0.315873
-0.179438,-0.312373
-0.18964499999999998,-0.30974799999999997
-0.199853,-0.30624799999999996
-0.18964499999999998,-0.282623
-0.179438,-0.26949799999999996
-0.16923,-0.25987299999999997
-0.159023,-0.25112300000000004
-0.148815,-0.24324800000000002
-0.13860799999999998,-0.237998
-0.1284,-0.231873
-0.11819199999999999,-0.225748
-0.107985,-0.22137400000000002
-0.09777777600000001,-0.21612399999999998
-0.08757020800000001,-0.211749
-0.077362632,-0.205624
-0.067155064,-0.202124
-0.056947496,-0.195999
-0.046739924,-0.19074899999999997
-0.036532356,-0.186374
-0.026324786000000003,-0.180249
-0.016117215,-0.172374
-0.005909646,-0.167561
0.004297924,-0.160124
0.014505494,-0.152686
0.024713064,-0.14699900000000002
0.034920632,-0.140436
0.045128204000000005,-0.13256099999999998
0.055335776,-0.12424899999999998
0.065543348,-0.118999
0.07575092,-0.112874
0.08595848,-0.10368699999999999
0.096166048,-0.099749552
0.106373,-0.09449958400000001
0.11658099999999999,-0.08618711200000001
0.12678799999999998,-0.08399963200000002
0.136996,-0.08203088800000001
0.147203,-0.077218408
0.157411,-0.073499672
0.167619,-0.07240592800000001
0.17782599999999998,-0.07043719200000001
0.18803399999999998,-0.06584346
0.198241,-0.066718452
0.208449,-0.0678122
0.218656,-0.06387471600000001
0.22886399999999998,-0.065624704
0.23907199999999998,-0.0678122
0.249279,-0.066499704
0.25948699999999997,-0.068249696
0.269694,-0.07043719200000001
0.279902,-0.07328092000000001
0.290109,-0.07240592800000001
0.300317,-0.07328092000000001
0.310525,-0.077218408
0.32073199999999996,-0.07524966400000001
0.33094,-0.075905912
0.341147,-0.07787465600000001
0.351355,-0.074374672
0.361562,-0.07109343200000001
0.37177,-0.06540596000000001
0.38197699999999996,-0.057749744
0.392185,-0.050093528000000005
0.402393,-0.04549980000000001
0.41259999999999997,-0.046374792000000005
0.42280799999999996,-0.04549980000000001
0.433015,-0.041781064
0.443223,-0.03751546
0.45343,-0.026140508
0.463638,-0.013671815
0.473846,-0.000546872
0.48405299999999996,0.012031196000000001
0.49426099999999995,0.047958188000000006
0.504468,0.05038858000000001
0.514676,0.040359196
0.524883,0.046921668
0.535091,0.05206226800000001
0.545299,0.055343504
0.5555059999999999,0.063765344
0.5657139999999999,0.06595283600000001
0.575921,0.066171584
0.586129,0.06846844800000002
0.596336,0.072734056
0.606544,0.07776528
0.616752,0.08323400800000001
0.6269589999999999,0.09198396000000002
0.6371669999999999,0.104124
0.647374,0.11943599999999999
0.657582,0.14328
0.667789,0.179921
0.677997,0.232967
0.688205,0.31292
0.6984119999999999,0.432357
0.7086199999999999,0.602872
0.718827,0.83223
0.729035,1.11551
0.739242,1.442868
0.74945,1.7574290000000001
0.7596579999999999,2.012272
0.7698649999999999,2.174365
0.780073,2.23824
0.79028,2.2220519999999997
0.800488,2.162115
0.8106949999999999,2.076365
0.8209029999999999,1.982741
0.8311109999999999,1.894804
0.841318,1.819991
0.851526,1.7578669999999998
0.861733,1.714117
0.871941,1.697492
0.8821479999999999,1.7149919999999998
0.8923559999999999,1.783242
0.9025639999999999,1.921053
0.912771,2.127553
0.922979,2.400989
0.933186,2.736987
0.943394,3.112361
0.9536009999999999,3.495171
0.9638089999999999,3.8705450000000003
0.9740169999999999,4.238481
0.984224,4.586729
0.994432,4.860602999999999
1.004639,4.991852
1.014847,4.967353
1.025054,4.835228
1.035262,4.632229
1.04547,4.381105
1.055677,4.135230999999999
1.065885,3.9331069999999997
1.076092,3.7826079999999997
1.0863,3.679358
1.096507,3.6111079999999998
1.106715,3.17361
1.1169229999999999,2.688863
1.12713,2.324864
1.137338,2.04399
1.147545,1.8208659999999999
1.157753,1.642367
1.1679599999999999,1.494493
1.1781679999999999,1.371118
1.1883759999999999,1.2652439999999998
1.198583,1.175119
1.208791,1.09637
1.218998,1.0281200000000001
1.229206,0.96687
1.2394129999999999,0.913495
1.2496209999999999,0.865371
1.2598289999999999,0.8216209999999999
1.270036,0.7831210000000001
1.280244,0.747246
1.290451,0.713996
1.300659,0.6842459999999999
1.3108659999999999,0.657122
1.3210739999999999,0.631747
1.331281,0.608997
1.341489,0.587122
1.351697,0.566997
1.361904,0.548622
1.372112,0.531122
1.3823189999999999,0.514497
1.3925269999999998,0.498747
1.402734,0.483872
1.412942,0.47074699999999997
1.42315,0.457622
1.433357,0.445373
1.443565,0.433998
1.4537719999999998,0.423498
1.4639799999999998,0.412998
1.474187,0.402498
1.484395,0.393748
1.494603,0.384123
1.50481,0.37624799999999997
1.494603,0.368373
1.484395,0.360498
1.474187,0.35262299999999996
1.4639799999999998,0.34562299999999996
1.4537719999999998,0.33949799999999997
1.443565,0.332498
1.433357,0.326373
1.42315,0.320248
1.412942,0.314123
1.402734,0.308873
1.3925269999999998,0.303623
1.3823189999999999,0.29837299999999994
1.372112,0.29399800000000004
1.361904,0.288748
1.351697,0.284373
1.341489,0.279998
1.331281,0.275623
1.3210739999999999,0.271248
1.3108659999999999,0.26687299999999997
1.300659,0.26337299999999997
1.290451,0.25987299999999997
1.280244,0.255498
1.270036,0.251998
1.2598289999999999,0.24849799999999997
1.2496209999999999,0.24587299999999998
1.2394129999999999,0.242373
1.229206,0.238873
1.218998,0.23624799999999999
1.208791,0.233623
1.198583,0.230123
1.1883759999999999,0.22749799999999998
1.1781679999999999,0.22487300000000002
1.1679599999999999,0.222249
1.157753,0.219624
1.147545,0.216999
1.137338,0.21437399999999998
1.12713,0.211749
1.1169229999999999,0.209999
1.106715,0.20737399999999998
1.096507,0.192499
1.0863,0.155749
1.076092,0.12687400000000001
1.065885,0.104999
1.055677,0.086624616
1.04547,0.070874688
1.035262,0.058187244
1.025054,0.047468540000000004
1.014847,0.03784358
1.004639,0.029749868000000002
0.994432,0.022421774000000002
0.984224,0.015859305
0.9740169999999999,0.009953081
0.9638089999999999,-0.025491088000000002
0.9536009999999999,-0.031343060000000006
0.943394,-0.034171048
0.933186,-0.035643844
0.922979,-0.038091032000000004
0.912771,-0.041042220000000004
0.9025639999999999,-0.043007808
0.8923559999999999,-0.045007004
0.8821479999999999,-0.047633388000000006
0.871941,-0.04985098
0.861733,-0.054468508000000006
0.851526,-0.062780972
0.841318,-0.07306217599999999
0.8311109999999999,-0.08421837600000001
0.8209029999999999,-0.09679644800000001
0.8106949999999999,-0.112655
0.800488,-0.129718
0.79028,-0.149405
0.780073,-0.174124
0.7698649999999999,-0.202124
0.7596579999999999,-0.23482699999999998
0.74945,-0.274201
0.739242,-0.321451
0.729035,-0.37821699999999997
0.718827,-0.446466
0.7086199999999999,-0.531341
0.6984119999999999,-0.633934
0.688205,-0.7593869999999999
0.677997,-0.917214
0.667789,-1.103916
0.657582,-1.359962
0.647374,-1.674086
0.6371669999999999,-2.066084
0.6269589999999999,-2.565051
0.616752,-3.172735
0.606544,-3.881482
0.596336,-4.643604
0.586129,-5.381225000000001
0.575921,-5.988473
0.5657139999999999,-6.314846
0.5555059999999999,-6.227347
0.545299,-5.669099
0.535091,-4.761728
0.524883,-3.759858
0.514676,-2.9137359999999997
0.504468,-2.358114
0.49426099999999995,-2.0466149999999996
0.48405299999999996,-1.896116
0.473846,-1.847991
0.463638,-1.847991
0.45343,-1.853241
0.443223,-1.842741
0.433015,-1.798117
0.42280799999999996,-1.716742
0.41259999999999997,-1.613492
0.402393,-1.518118
0.392185,-1.4419929999999999
0.38197699999999996,-1.383368
0.37177,-1.345744
0.361562,-1.309869
0.351355,-1.256494
0.341147,-1.182119
0.33094,-1.1016199999999998
0.32073199999999996,-1.0193699999999999
0.310525,-0.9476199999999999
0.300317,-0.890746
0.290109,-0.846996
0.279902,-0.806746
0.269694,-0.769121
0.25948699999999997,-0.736746
0.249279,-0.7043710000000001
0.23907199999999998,-0.6746219999999999
0.22886399999999998,-0.651872
0.218656,-0.629997
0.208449,-0.609872
0.198241,-0.5949969999999999
0.18803399999999998,-0.580997
0.17782599999999998,-0.566997
0.167619,-0.5538719999999999
0.157411,-0.5442469999999999
0.147203,-0.534622
0.136996,-0.519747
0.12678799999999998,-0.514497
0.11658099999999999,-0.504872
0.106373,-0.49524699999999994
0.096166048,-0.489122
0.08595848,-0.481247
0.07575092,-0.475122
0.065543348,-0.464622
0.055335776,-0.457622
0.045128204000000005,-0.45149700000000004
0.034920632,-0.440123
0.024713064,-0.434873
0.014505494,-0.426998
0.004297924,-0.41824799999999995
-0.005909646,-0.412998
-0.016117215,-0.405123
-0.026324786000000003,-0.398123
-0.036532356,-0.391123
-0.046739924,-0.383248
-0.056947496,-0.37799799999999995
-0.067155064,-0.369248
-0.077362632,-0.36312300000000003
-0.08757020800000001,-0.356998
-0.09777777600000001,-0.349998
-0.107985,-0.344748
-0.11819199999999999,-0.340373
-0.1284,-0.334248
-0.13860799999999998,-0.33074800000000004
-0.148815,-0.326373
-0.159023,-0.322873
-0.16923,-0.319373
-0.179438,-0.314998
-0.18964499999999998,-0.312373
-0.199853,-0.308873
-0.18964499999999998,-0.285248
-0.179438,-0.272123
-0.16923,-0.261623
-0.159023,-0.25462300000000004
-0.148815,-0.246748
-0.13860799999999998,-0.24062299999999998
-0.1284,-0.235373
-0.11819199999999999,-0.22924799999999998
-0.107985,-0.22487300000000002
-0.09777777600000001,-0.218749
-0.08757020800000001,-0.213499
-0.077362632,-0.208249
-0.067155064,-0.202999
-0.056947496,-0.197749
-0.046739924,-0.192499
-0.036532356,-0.186374
-0.026324786000000003,-0.181124
-0.016117215,-0.173249
-0.005909646,-0.16799899999999998
0.004297924,-0.162311
0.014505494,-0.15312399999999998
0.024713064,-0.14831099999999997
0.034920632,-0.141311
0.045128204000000005,-0.132124
0.055335776,-0.125999
0.065543348,-0.11987400000000001
0.07575092,-0.113311
0.08595848,-0.104999
0.096166048,-0.100187
0.106373,-0.09624956800000001
0.11658099999999999,-0.08793711200000001
0.12678799999999998,-0.08618711200000001
0.136996,-0.085749616
0.147203,-0.07918714400000001
0.157411,-0.07699965600000001
0.167619,-0.07524966400000001
0.17782599999999998,-0.07306217599999999
0.18803399999999998,-0.070655936
0.198241,-0.06956219200000001
0.208449,-0.071968432
0.218656,-0.06846844800000002
0.22886399999999998,-0.06912468800000002
0.23907199999999998,-0.072843432
0.249279,-0.070874688
0.25948699999999997,-0.072843432
0.269694,-0.07634341600000001
0.279902,-0.07656216
0.290109,-0.077218408
0.300317,-0.077655904
0.310525,-0.080718392
0.32073199999999996,-0.07984340000000001
0.33094,-0.079624648
0.341147,-0.08137464
0.351355,-0.076780904
0.361562,-0.07240592800000001
0.37177,-0.06693720400000001
0.38197699999999996,-0.058405992000000004
0.392185,-0.05206226800000001
0.402393,-0.048562284000000004
0.41259999999999997,-0.049874776
0.42280799999999996,-0.048781032
0.433015,-0.043968556000000006
0.443223,-0.037187336
0.45343,-0.024718642000000002
0.463638,-0.009296834
0.473846,0.0032812350000000004
0.48405299999999996,0.016078053000000002
0.49426099999999995,0.048775784
0.504468,0.050898176
0.514676,0.042546684
0.524883,0.047906036000000006
0.535091,0.052281016
0.545299,0.056546624000000004
0.5555059999999999,0.061905976
0.5657139999999999,0.06387471600000001
0.575921,0.06540596000000001
0.586129,0.068359072
0.596336,0.073171552
0.606544,0.07853090400000001
0.616752,0.08487462400000001
0.6269589999999999,0.094171456
0.6371669999999999,0.10773300000000001
0.647374,0.12643600000000002
0.657582,0.154436
0.667789,0.198733
0.677997,0.263045
0.688205,0.359185
0.6984119999999999,0.501591
0.7086199999999999,0.6996680000000001
0.718827,0.959542
0.729035,1.268088
0.739242,1.597961
0.74945,1.893929
0.7596579999999999,2.106553
0.7698649999999999,2.22424
0.780073,2.247427
0.79028,2.202802
0.800488,2.12799
0.8106949999999999,2.036553
0.8209029999999999,1.9433659999999997
0.8311109999999999,1.860241
0.841318,1.7902419999999999
0.851526,1.735992
0.861733,1.703179
0.871941,1.700554
0.8821479999999999,1.741242
0.8923559999999999,1.840116
0.9025639999999999,2.0133650000000003
0.912771,2.25399
0.922979,2.561988
0.933186,2.928174
0.943394,3.3153599999999996
0.9536009999999999,3.702108
0.9638089999999999,4.080981
0.9740169999999999,4.44848
0.984224,4.777478
0.994432,4.997102
1.004639,5.058352
1.014847,4.976977
1.025054,4.803728
1.035262,4.563979
1.04547,4.29623
1.055677,4.058231
1.065885,3.871857
1.076092,3.736233
1.0863,3.646108
1.096507,3.586609
1.106715,3.1587349999999996
1.1169229999999999,2.6818630000000003
1.12713,2.321364
1.137338,2.04399
1.147545,1.822616
1.157753,1.6432419999999999
1.1679599999999999,1.4953679999999998
1.1781679999999999,1.371993
1.1883759999999999,1.266994
1.198583,1.175994
1.208791,1.097245
1.218998,1.0289949999999999
1.229206,0.9677450000000001
1.2394129999999999,0.913495
1.2496209999999999,0.865371
1.2598289999999999,0.8216209999999999
1.270036,0.782246
1.280244,0.746371
1.290451,0.713996
1.300659,0.6842459999999999
1.3108659999999999,0.656247
1.3210739999999999,0.631747
1.331281,0.608122
1.341489,0.5862470000000001
1.351697,0.5661219999999999
1.361904,0.547747
1.372112,0.5302469999999999
1.3823189999999999,0.513622
1.3925269999999998,0.497872
1.402734,0.483872
1.412942,0.469872
1.42315,0.45674699999999996
1.433357,0.444498
1.443565,0.433123
1.4537719999999998,0.42174799999999996
1.4639799999999998,0.411248
1.474187,0.401623
1.484395,0.391998
1.494603,0.383248
1.50481,0.37537299999999996
1.494603,0.36662300000000003
1.484395,0.358748
1.474187,0.351748
1.4639799999999998,0.344748
1.4537719999999998,0.337748
1.443565,0.331623
1.433357,0.324623
1.42315,0.319373
1.412942,0.31324799999999997
1.402734,0.307123
1.3925269999999998,0.30274799999999996
1.3823189999999999,0.29662299999999997
1.372112,0.292248
1.361904,0.287873
1.351697,0.282623
1.341489,0.278248
1.331281,0.273873
1.3210739999999999,0.26949799999999996
1.3108659999999999,0.26599799999999996
1.300659,0.26249799999999995
1.290451,0.258123
1.280244,0.25462300000000004
1.270036,0.25112300000000004
1.2598289999999999,0.247623
1.2496209999999999,0.24412300000000003
1.2394129999999999,0.241498
1.229206,0.237998
1.218998,0.235373
1.208791,0.231873
1.198583,0.22924799999999998
1.1883759999999999,0.226623
1.1781679999999999,0.223999
1.1679599999999999,0.22137400000000002
1.157753,0.218749
1.147545,0.215249
1.137338,0.213499
1.12713,0.211749
1.1169229999999999,0.20912399999999998
1.106715,0.206499
1.096507,0.191624
1.0863,0.155749
1.076092,0.127749
1.065885,0.104999
1.055677,0.08706211200000001
1.04547,0.072187176
1.035262,0.059062236000000004
1.025054,0.048343536000000006
1.014847,0.03849982800000001
1.004639,0.030843614000000005
0.994432,0.023406146000000003
0.984224,0.016624926
0.9740169999999999,0.010937452
0.9638089999999999,0.005578100000000001
0.9536009999999999,-0.028638274000000002
0.943394,-0.033583052
0.933186,-0.03507264400000001
0.922979,-0.037363036
0.912771,-0.040387024
0.9025639999999999,-0.042335812
0.8923559999999999,-0.044116608
0.8821479999999999,-0.046922192
0.871941,-0.049061384
0.861733,-0.051187276000000004
0.851526,-0.059280988
0.841318,-0.06868719200000001
0.8311109999999999,-0.079515272
0.8209029999999999,-0.091218344
0.8106949999999999,-0.105655
0.800488,-0.121952
0.79028,-0.139999
0.780073,-0.163077
0.7698649999999999,-0.189108
0.7596579999999999,-0.218749
0.74945,-0.255498
0.739242,-0.298811
0.729035,-0.350545
0.718827,-0.412779
0.7086199999999999,-0.48956
0.6984119999999999,-0.5832940000000001
0.688205,-0.696059
0.677997,-0.8394489999999999
0.667789,-1.0142289999999998
0.657582,-1.235713
0.647374,-1.5196489999999998
0.6371669999999999,-1.8773039999999999
0.6269589999999999,-2.308239
0.616752,-2.894487
0.606544,-3.574796
0.596336,-4.338667999999999
0.586129,-5.144976
0.575921,-5.868599
0.5657139999999999,-6.385720999999999
0.5555059999999999,-6.5353449999999995
0.545299,-6.208972
0.535091,-5.43285
0.524883,-4.393355
0.514676,-3.392359
0.504468,-2.6599880000000002
0.49426099999999995,-2.21549
0.48405299999999996,-1.982741
0.473846,-1.885616
0.463638,-1.865491
0.45343,-1.866366
0.443223,-1.862866
0.433015,-1.8322409999999998
0.42280799999999996,-1.763992
0.41259999999999997,-1.665117
0.402393,-1.567117
0.392185,-1.480493
0.38197699999999996,-1.415743
0.37177,-1.371118
0.361562,-1.338744
0.351355,-1.294119
0.341147,-1.226744
0.33094,-1.148869
0.32073199999999996,-1.063995
0.310525,-0.9843700000000001
0.300317,-0.922245
0.290109,-0.870621
0.279902,-0.8294959999999999
0.269694,-0.790996
0.25948699999999997,-0.756871
0.249279,-0.723621
0.23907199999999998,-0.6903710000000001
0.22886399999999998,-0.6667470000000001
0.218656,-0.643122
0.208449,-0.620372
0.198241,-0.606372
0.18803399999999998,-0.590622
0.17782599999999998,-0.575747
0.167619,-0.562622
0.157411,-0.551247
0.147203,-0.541622
0.136996,-0.526747
0.12678799999999998,-0.519747
0.11658099999999999,-0.512747
0.106373,-0.5004970000000001
0.096166048,-0.4943719999999999
0.08595848,-0.48737199999999997
0.07575092,-0.47862200000000005
0.065543348,-0.47074699999999997
0.055335776,-0.462872
0.045128204000000005,-0.45587199999999994
0.034920632,-0.44624800000000003
0.024713064,-0.439248
0.014505494,-0.433123
0.004297924,-0.423498
-0.005909646,-0.417373
-0.016117215,-0.41037300000000004
-0.026324786000000003,-0.402498
-0.036532356,-0.395498
-0.046739924,-0.388498
-0.056947496,-0.380623
-0.067155064,-0.373623
-0.077362632,-0.36662300000000003
-0.08757020800000001,-0.361373
-0.09777777600000001,-0.353498
-0.107985,-0.348248
-0.11819199999999999,-0.343873
-0.1284,-0.337748
-0.13860799999999998,-0.33337300000000003
-0.148815,-0.329873
-0.159023,-0.325498
-0.16923,-0.321998
-0.179438,-0.318498
-0.18964499999999998,-0.314998
-0.199853,-0.311498
-0.18964499999999998,-0.287873
-0.179438,-0.274748
-0.16923,-0.265123
-0.159023,-0.25637299999999996
-0.148815,-0.24937299999999998
-0.13860799999999998,-0.242373
-0.1284,-0.237998
-0.11819199999999999,-0.231873
-0.107985,-0.226623
-0.09777777600000001,-0.22137400000000002
-0.08757020800000001,-0.215249
-0.077362632,-0.209999
-0.067155064,-0.205624
-0.056947496,-0.198624
-0.046739924,-0.194249
-0.036532356,-0.18812399999999999
-0.026324786000000003,-0.181999
-0.016117215,-0.174999
-0.005909646,-0.168874
0.004297924,-0.163186
0.014505494,-0.154436
0.024713064,-0.14743599999999998
0.034920632,-0.142624
0.045128204000000005,-0.13299899999999998
0.055335776,-0.12643600000000002
0.065543348,-0.120311
0.07575092,-0.113311
0.08595848,-0.106749
0.096166048,-0.101062
0.106373,-0.098437064
0.11658099999999999,-0.09143709600000001
0.12678799999999998,-0.087499616
0.136996,-0.088812104
0.147203,-0.08137464
0.157411,-0.07896840000000001
0.167619,-0.07918714400000001
0.17782599999999998,-0.07546841600000001
0.18803399999999998,-0.07415592
0.198241,-0.073718424
0.208449,-0.07546841600000001
0.218656,-0.07328092000000001
0.22886399999999998,-0.07262468000000001
0.23907199999999998,-0.07743716
0.249279,-0.07634341600000001
0.25948699999999997,-0.07699965600000001
0.269694,-0.08093714400000002
0.279902,-0.08093714400000002
0.290109,-0.08137464
0.300317,-0.08181213600000001
0.310525,-0.08421837600000001
0.32073199999999996,-0.083780872
0.33094,-0.08290588800000001
0.341147,-0.083780872
0.351355,-0.079624648
0.361562,-0.07240592800000001
0.37177,-0.067155952
0.38197699999999996,-0.059718484
0.392185,-0.05359351200000001
0.402393,-0.05249976800000001
0.41259999999999997,-0.052937268
0.42280799999999996,-0.05053102400000001
0.433015,-0.043312308
0.443223,-0.034124848
0.45343,-0.021218656000000002
0.463638,-0.004812478
0.473846,0.007874965
0.48405299999999996,0.019578038
0.49426099999999995,0.04957098
0.504468,0.03828108
0.514676,0.043640428
0.524883,0.049109156
0.535091,0.052827888
0.545299,0.05753099600000001
0.5555059999999999,0.05993723200000001
0.5657139999999999,0.062890344
0.575921,0.06540596000000001
0.586129,0.068140328
0.596336,0.074046544
0.606544,0.07984340000000001
0.616752,0.08706211200000001
0.6269589999999999,0.098218312
0.6371669999999999,0.11374899999999999
0.647374,0.13617100000000001
0.657582,0.17018599999999998
0.667789,0.223014
0.677997,0.301217
0.688205,0.416498
0.6984119999999999,0.584934
0.7086199999999999,0.813199
0.718827,1.096588
0.729035,1.425368
0.739242,1.749117
0.74945,2.0140219999999998
0.7596579999999999,2.17874
0.7698649999999999,2.250927
0.780073,2.240865
0.79028,2.1739270000000004
0.800488,2.0894899999999996
0.8106949999999999,1.9963030000000002
0.8209029999999999,1.904428
0.8311109999999999,1.826554
0.841318,1.7635539999999998
0.851526,1.718492
0.861733,1.697929
0.871941,1.714117
0.8821479999999999,1.781492
0.8923559999999999,1.915366
0.9025639999999999,2.124053
0.912771,2.400989
0.922979,2.74355
0.933186,3.132486
0.943394,3.526234
0.9536009999999999,3.9142949999999996
0.9638089999999999,4.295355
0.9740169999999999,4.656729
0.984224,4.951601999999999
0.994432,5.103852
1.004639,5.092477
1.014847,4.960351999999999
1.025054,4.745978
1.035262,4.475605000000001
1.04547,4.204356
1.055677,3.9786070000000002
1.065885,3.8106079999999998
1.076092,3.692483
1.0863,3.613733
1.096507,3.562984
1.106715,3.144735
1.1169229999999999,2.674863
1.12713,2.317864
1.137338,2.0413650000000003
1.147545,1.822616
1.157753,1.6432419999999999
1.1679599999999999,1.496243
1.1781679999999999,1.371993
1.1883759999999999,1.266994
1.198583,1.175994
1.208791,1.097245
1.218998,1.0281200000000001
1.229206,0.9677450000000001
1.2394129999999999,0.913495
1.2496209999999999,0.8644959999999999
1.2598289999999999,0.8207460000000001
1.270036,0.781371
1.280244,0.746371
1.290451,0.7131209999999999
1.300659,0.6833710000000001
1.3108659999999999,0.655372
1.3210739999999999,0.629997
1.331281,0.606372
1.341489,0.584497
1.351697,0.564372
1.361904,0.545997
1.372112,0.528497
1.3823189999999999,0.511872
1.3925269999999998,0.49612199999999995
1.402734,0.482122
1.412942,0.468997
1.42315,0.454997
1.433357,0.443623
1.443565,0.431373
1.4537719999999998,0.420873
1.4639799999999998,0.41037300000000004
1.474187,0.400748
1.484395,0.391123
1.494603,0.38237299999999996
1.50481,0.373623
1.494603,0.365748
1.484395,0.357873
1.474187,0.349998
1.4639799999999998,0.34299799999999997
1.4537719999999998,0.336873
1.443565,0.329873
1.433357,0.323748
1.42315,0.317623
1.412942,0.312373
1.402734,0.30624799999999996
1.3925269999999998,0.300998
1.3823189999999999,0.29574799999999996
1.372112,0.291373
1.361904,0.286123
1.351697,0.282623
1.341489,0.277373
1.331281,0.272998
1.3210739999999999,0.268623
1.3108659999999999,0.265123
1.300659,0.260748
1.290451,0.257248
1.280244,0.25374800000000003
1.270036,0.250248
1.2598289999999999,0.246748
1.2496209999999999,0.24324800000000002
1.2394129999999999,0.24062299999999998
1.229206,0.237123
1.218998,0.23449799999999998
1.208791,0.23099799999999998
1.198583,0.228373
1.1883759999999999,0.225748
1.1781679999999999,0.22312400000000002
1.1679599999999999,0.220499
1.157753,0.21787399999999998
1.147545,0.215249
1.137338,0.21262399999999998
1.12713,0.21087399999999998
1.1169229999999999,0.208249
1.106715,0.205624
1.096507,0.191624
1.0863,0.155749
1.076092,0.127749
1.065885,0.105874
1.055677,0.08793711200000001
1.04547,0.07262468000000001
1.035262,0.05993723200000001
1.025054,0.048999784000000005
1.014847,0.03959357200000001
1.004639,0.03149986
0.994432,0.024499892000000002
0.984224,0.017609298000000002
0.9740169999999999,0.011921822
0.9638089999999999,0.00678122
0.9536009999999999,-0.028050276000000002
0.943394,-0.033017454
0.933186,-0.034507048
0.922979,-0.036696636000000005
0.912771,-0.039631024
0.9025639999999999,-0.04158541600000001
0.8923559999999999,-0.043276612000000006
0.8821479999999999,-0.046054196000000006
0.871941,-0.048299788
0.861733,-0.05016458000000001
0.851526,-0.05643725200000001
0.841318,-0.06507783600000001
0.8311109999999999,-0.074702792
0.8209029999999999,-0.08585899200000001
0.8106949999999999,-0.09931205600000001
0.800488,-0.114515
0.79028,-0.131468
0.780073,-0.152358
0.7698649999999999,-0.17685800000000002
0.7596579999999999,-0.204092
0.74945,-0.23767
0.739242,-0.277373
0.729035,-0.324623
0.718827,-0.38182599999999994
0.7086199999999999,-0.451169
0.6984119999999999,-0.536153
0.688205,-0.63809
0.677997,-0.766715
0.667789,-0.926402
0.657582,-1.11376
0.647374,-1.377025
0.6371669999999999,-1.698367
0.6269589999999999,-2.101084
0.616752,-2.62105
0.606544,-3.25936
0.596336,-4.015794
0.586129,-4.846603
0.575921,-5.656848999999999
0.5657139999999999,-6.334096
0.5555059999999999,-6.712969999999999
0.545299,-6.64647
0.535091,-6.077722
0.524883,-5.099476999999999
0.514676,-3.989982
0.504468,-3.0703609999999997
0.49426099999999995,-2.4578629999999997
0.48405299999999996,-2.113115
0.473846,-1.949491
0.463638,-1.8934909999999998
0.45343,-1.882991
0.443223,-1.880366
0.433015,-1.862866
0.42280799999999996,-1.807741
0.41259999999999997,-1.716742
0.402393,-1.6196169999999999
0.392185,-1.525118
0.38197699999999996,-1.4498680000000002
0.37177,-1.3991179999999999
0.361562,-1.3641180000000002
0.351355,-1.328244
0.341147,-1.271369
0.33094,-1.197869
0.32073199999999996,-1.11212
0.310525,-1.025495
0.300317,-0.95637
0.290109,-0.899495
0.279902,-0.852246
0.269694,-0.813746
0.25948699999999997,-0.777871
0.249279,-0.743746
0.23907199999999998,-0.708746
0.22886399999999998,-0.682496
0.218656,-0.658872
0.208449,-0.633497
0.198241,-0.616872
0.18803399999999998,-0.601122
0.17782599999999998,-0.584497
0.167619,-0.571372
0.157411,-0.559997
0.147203,-0.548622
0.136996,-0.535497
0.12678799999999998,-0.526747
0.11658099999999999,-0.519747
0.106373,-0.506622
0.096166048,-0.499622
0.08595848,-0.493497
0.07575092,-0.483872
0.065543348,-0.475997
0.055335776,-0.469872
0.045128204000000005,-0.461122
0.034920632,-0.45324699999999996
0.024713064,-0.445373
0.014505494,-0.438373
0.004297924,-0.42874799999999996
-0.005909646,-0.42174799999999996
-0.016117215,-0.41562299999999996
-0.026324786000000003,-0.406873
-0.036532356,-0.399873
-0.046739924,-0.393748
-0.056947496,-0.384998
-0.067155064,-0.37799799999999995
-0.077362632,-0.371873
-0.08757020800000001,-0.364873
-0.09777777600000001,-0.358748
-0.107985,-0.35262299999999996
-0.11819199999999999,-0.347373
-0.1284,-0.34212299999999995
-0.13860799999999998,-0.336873
-0.148815,-0.334248
-0.159023,-0.328998
-0.16923,-0.325498
-0.179438,-0.321998
-0.18964499999999998,-0.317623
-0.199853,-0.315873
-0.18964499999999998,-0.29049800000000003
-0.179438,-0.277373
-0.16923,-0.267748
-0.159023,-0.25899799999999995
-0.148815,-0.252873
-0.13860799999999998,-0.24587299999999998
-0.1284,-0.23974800000000002
-0.11819199999999999,-0.23449799999999998
-0.107985,-0.228373
-0.09777777600000001,-0.223999
-0.08757020800000001,-0.21787399999999998
-0.077362632,-0.21262399999999998
-0.067155064,-0.208249
-0.056947496,-0.201249
-0.046739924,-0.195124
-0.036532356,-0.189874
-0.026324786000000003,-0.182874
-0.016117215,-0.176749
-0.005909646,-0.16974899999999998
0.004297924,-0.163186
0.014505494,-0.156186
0.024713064,-0.14743599999999998
0.034920632,-0.14349900000000002
0.045128204000000005,-0.133874
0.055335776,-0.12687400000000001
0.065543348,-0.122936
0.07575092,-0.114186
0.08595848,-0.108499
0.096166048,-0.103249
0.106373,-0.09931205600000001
0.11658099999999999,-0.09449958400000001
0.12678799999999998,-0.08968709600000001
0.136996,-0.09056209600000001
0.147203,-0.085093368
0.157411,-0.08137464
0.167619,-0.082249632
0.17782599999999998,-0.079405896
0.18803399999999998,-0.077218408
0.198241,-0.078312152
0.208449,-0.078312152
0.218656,-0.07787465600000001
0.22886399999999998,-0.077655904
0.23907199999999998,-0.081593384
0.249279,-0.08203088800000001
0.25948699999999997,-0.08203088800000001
0.269694,-0.08531212
0.279902,-0.08553087200000001
0.290109,-0.08487462400000001
0.300317,-0.08706211200000001
0.310525,-0.08837460800000001
0.32073199999999996,-0.087499616
0.33094,-0.086624616
0.341147,-0.085749616
0.351355,-0.08203088800000001
0.361562,-0.073499672
0.37177,-0.067155952
0.38197699999999996,-0.06146848
0.392185,-0.055343504
0.402393,-0.05599975200000001
0.41259999999999997,-0.055781004
0.42280799999999996,-0.050749776
0.433015,-0.04265606
0.443223,-0.030406114000000005
0.45343,-0.016624926
0.463638,-0.00043749800000000003
0.473846,0.012468694
0.48405299999999996,0.023078022
0.49426099999999995,0.05027658000000001
0.504468,0.040577944000000005
0.514676,0.044843548000000004
0.524883,0.050093528000000005
0.535091,0.05359351200000001
0.545299,0.057202872
0.5555059999999999,0.059171612000000005
0.5657139999999999,0.06212472
0.575921,0.06584346
0.586129,0.06890594400000001
0.596336,0.07503092
0.606544,0.08181213600000001
0.616752,0.08979648000000001
0.6269589999999999,0.10335799999999999
0.6371669999999999,0.121952
0.647374,0.14907700000000002
0.657582,0.19074899999999997
0.667789,0.254405
0.677997,0.34967
0.688205,0.487154
0.6984119999999999,0.6835899999999999
0.7086199999999999,0.9422609999999999
0.718827,1.230135
0.729035,1.58418
0.739242,1.8886789999999998
0.74945,2.110709
0.7596579999999999,2.22949
0.7698649999999999,2.2588019999999998
0.780073,2.219865
0.79028,2.137615
0.800488,2.046178
0.8106949999999999,1.9547409999999998
0.8209029999999999,1.867241
0.8311109999999999,1.795491
0.841318,1.740804
0.851526,1.7058039999999999
0.861733,1.7009919999999998
0.871941,1.739492
0.8821479999999999,1.8388039999999999
0.8923559999999999,2.0107399999999997
0.9025639999999999,2.254427
0.912771,2.569425
0.922979,2.942174
0.933186,3.343797
0.943394,3.741045
0.9536009999999999,4.131294
0.9638089999999999,4.5176039999999995
0.9740169999999999,4.857978
0.984224,5.096852
0.994432,5.172102
1.004639,5.095102
1.014847,4.917478
1.025054,4.663729
1.035262,4.37323
1.04547,4.111606
1.055677,3.905107
1.065885,3.7563579999999996
1.076092,3.652233
1.0863,3.583984
1.096507,3.541109
1.106715,3.130736
1.1169229999999999,2.6669880000000004
1.12713,2.3143640000000003
1.137338,2.0387399999999998
1.147545,1.8208659999999999
1.157753,1.642367
1.1679599999999999,1.494493
1.1781679999999999,1.371118
1.1883759999999999,1.266119
1.198583,1.175119
1.208791,1.09637
1.218998,1.027245
1.229206,0.96687
1.2394129999999999,0.91262
1.2496209999999999,0.8636210000000001
1.2598289999999999,0.819871
1.270036,0.780496
1.280244,0.744621
1.290451,0.712246
1.300659,0.681621
1.3108659999999999,0.654497
1.3210739999999999,0.628247
1.331281,0.605497
1.341489,0.583622
1.351697,0.563497
1.361904,0.545122
1.372112,0.527622
1.3823189999999999,0.510997
1.3925269999999998,0.49524699999999994
1.402734,0.481247
1.412942,0.46724699999999997
1.42315,0.45412199999999997
1.433357,0.441873
1.443565,0.430498
1.4537719999999998,0.41912299999999997
1.4639799999999998,0.408623
1.474187,0.398998
1.484395,0.38937299999999997
1.494603,0.380623
1.50481,0.371873
1.494603,0.364873
1.484395,0.356998
1.474187,0.34912299999999996
1.4639799999999998,0.34212299999999995
1.4537719999999998,0.33512299999999995
1.443565,0.328998
1.433357,0.322873
1.42315,0.316748
1.412942,0.311498
1.402734,0.305373
1.3925269999999998,0.300123
1.3823189999999999,0.29574799999999996
1.372112,0.29049800000000003
1.361904,0.285248
1.351697,0.280873
1.341489,0.276498
1.331281,0.272123
1.3210739999999999,0.267748
1.3108659999999999,0.264248
1.300659,0.25987299999999997
1.290451,0.25637299999999996
1.280244,0.252873
1.270036,0.24937299999999998
1.2598289999999999,0.24587299999999998
1.2496209999999999,0.242373
1.2394129999999999,0.23974800000000002
1.229206,0.23624799999999999
1.218998,0.23274799999999998
1.208791,0.230123
1.198583,0.22749799999999998
1.1883759999999999,0.22487300000000002
1.1781679999999999,0.222249
1.1679599999999999,0.219624
1.157753,0.21612399999999998
1.147545,0.21437399999999998
1.137338,0.211749
1.12713,0.209999
1.1169229999999999,0.20737399999999998
1.106715,0.20474900000000001
1.096507,0.19074899999999997
1.0863,0.155749
1.076092,0.128624
1.065885,0.105874
1.055677,0.08793711200000001
1.04547,0.07306217599999999
1.035262,0.060374732
1.025054,0.049656028000000005
1.014847,0.04046857200000001
1.004639,0.032374858000000006
0.994432,0.025374888
0.984224,0.018484294000000002
0.9740169999999999,0.012578069
0.9638089999999999,0.00776559
0.9536009999999999,-0.027501478000000003
0.943394,-0.032457458
0.933186,-0.033801448000000005
0.922979,-0.03611984000000001
0.912771,-0.038897428000000005
0.9025639999999999,-0.04090222
0.8923559999999999,-0.042487012000000005
0.8821479999999999,-0.045270200000000003
0.871941,-0.047498988000000006
0.861733,-0.049313380000000004
0.851526,-0.053046640000000006
0.841318,-0.061359104000000005
0.8311109999999999,-0.07021843200000001
0.8209029999999999,-0.08093714400000002
0.8106949999999999,-0.09340584000000002
0.800488,-0.107515
0.79028,-0.123374
0.780073,-0.142514
0.7698649999999999,-0.165155
0.7596579999999999,-0.19053
0.74945,-0.22137400000000002
0.739242,-0.25801399999999997
0.729035,-0.300779
0.718827,-0.35295099999999996
0.7086199999999999,-0.416279
0.6984119999999999,-0.492732
0.688205,-0.585044
0.677997,-0.700325
0.667789,-0.84448
0.657582,-1.019917
0.647374,-1.2457749999999999
0.6371669999999999,-1.5336489999999998
0.6269589999999999,-1.8985219999999998
0.616752,-2.338645
0.606544,-2.950486
0.596336,-3.6706079999999996
0.586129,-4.4826049999999995
0.575921,-5.369851000000001
0.5657139999999999,-6.164347
0.5555059999999999,-6.74972
0.545299,-6.945717999999999
0.535091,-6.63947
0.524883,-5.825724
0.514676,-4.691728
0.504468,-3.598859
0.49426099999999995,-2.791237
0.48405299999999996,-2.2986139999999997
0.473846,-2.04574
0.463638,-1.937241
0.45343,-1.904866
0.443223,-1.897866
0.433015,-1.887366
0.42280799999999996,-1.8462409999999998
0.41259999999999997,-1.766617
0.402393,-1.6721169999999999
0.392185,-1.573242
0.38197699999999996,-1.487493
0.37177,-1.4279929999999998
0.361562,-1.389493
0.351355,-1.357118
0.341147,-1.310744
0.33094,-1.2442440000000001
0.32073199999999996,-1.1611189999999998
0.310525,-1.0709950000000001
0.300317,-0.99312
0.290109,-0.9301200000000001
0.279902,-0.876746
0.269694,-0.8364959999999999
0.25948699999999997,-0.8006209999999999
0.249279,-0.7629959999999999
0.23907199999999998,-0.7288709999999999
0.22886399999999998,-0.699121
0.218656,-0.672872
0.208449,-0.647497
0.198241,-0.627372
0.18803399999999998,-0.612497
0.17782599999999998,-0.594122
0.167619,-0.580122
0.157411,-0.569622
0.147203,-0.554747
0.136996,-0.5433720000000001
0.12678799999999998,-0.533747
0.11658099999999999,-0.5249969999999999
0.106373,-0.514497
0.096166048,-0.504872
0.08595848,-0.499622
0.07575092,-0.489997
0.065543348,-0.48037199999999997
0.055335776,-0.476872
0.045128204000000005,-0.465497
0.034920632,-0.45674699999999996
0.024713064,-0.450623
0.014505494,-0.44274800000000003
0.004297924,-0.433998
-0.005909646,-0.426998
-0.016117215,-0.419998
-0.026324786000000003,-0.412123
-0.036532356,-0.403373
-0.046739924,-0.398123
-0.056947496,-0.390248
-0.067155064,-0.38237299999999996
-0.077362632,-0.37624799999999997
-0.08757020800000001,-0.368373
-0.09777777600000001,-0.36312300000000003
-0.107985,-0.356123
-0.11819199999999999,-0.350873
-0.1284,-0.346498
-0.13860799999999998,-0.340373
-0.148815,-0.336873
-0.159023,-0.332498
-0.16923,-0.328123
-0.179438,-0.325498
-0.18964499999999998,-0.321998
-0.199853,-0.318498
-0.18964499999999998,-0.29399800000000004
-0.179438,-0.279998
-0.16923,-0.271248
-0.159023,-0.26249799999999995
-0.148815,-0.25462300000000004
-0.13860799999999998,-0.24937299999999998
-0.1284,-0.24324800000000002
-0.11819199999999999,-0.237123
-0.107985,-0.23099799999999998
-0.09777777600000001,-0.225748
-0.08757020800000001,-0.220499
-0.077362632,-0.21437399999999998
-0.067155064,-0.209999
-0.056947496,-0.202999
-0.046739924,-0.195999
-0.036532356,-0.192499
-0.026324786000000003,-0.183749
-0.016117215,-0.177624
-0.005909646,-0.17149899999999998
0.004297924,-0.16362400000000002
0.014505494,-0.156186
0.024713064,-0.148749
0.034920632,-0.14349900000000002
0.045128204000000005,-0.135624
0.055335776,-0.12687400000000001
0.065543348,-0.12381099999999999
0.07575092,-0.11637399999999999
0.08595848,-0.109374
0.096166048,-0.105874
0.106373,-0.100624
0.11658099999999999,-0.09624956800000001
0.12678799999999998,-0.093187088
0.136996,-0.092312088
0.147203,-0.088812104
0.157411,-0.08487462400000001
0.167619,-0.08487462400000001
0.17782599999999998,-0.08399963200000002
0.18803399999999998,-0.08049964
0.198241,-0.08181213600000001
0.208449,-0.08268712800000001
0.218656,-0.08181213600000001
0.22886399999999998,-0.083562128
0.23907199999999998,-0.085749616
0.249279,-0.086843368
0.25948699999999997,-0.086624616
0.269694,-0.08859336000000001
0.279902,-0.090780848
0.290109,-0.088812104
0.300317,-0.09034335200000002
0.310525,-0.092968336
0.32073199999999996,-0.089905856
0.33094,-0.09012460000000001
0.341147,-0.088155856
0.351355,-0.08181213600000001
0.361562,-0.074374672
0.37177,-0.06693720400000001
0.38197699999999996,-0.06321846800000001
0.392185,-0.05862474000000001
0.402393,-0.058405992000000004
0.41259999999999997,-0.058187244
0.42280799999999996,-0.049874776
0.433015,-0.039374824
0.443223,-0.026468634
0.45343,-0.011593698000000001
0.463638,0.003937482000000001
0.473846,0.016734301000000004
0.48405299999999996,0.026578006000000005
0.49426099999999995,0.035874840000000005
0.504468,0.042546684
0.514676,0.045937296
0.524883,0.050749776
0.535091,0.054359132000000004
0.545299,0.05676537200000001
0.5555059999999999,0.059718484
0.5657139999999999,0.06267159600000001
0.575921,0.066390328
0.586129,0.07021843200000001
0.596336,0.07656216
0.606544,0.084765248
0.616752,0.09406208
0.6269589999999999,0.10992099999999999
0.6371669999999999,0.13278
0.647374,0.16537400000000002
0.657582,0.216999
0.667789,0.294108
0.677997,0.408623
0.688205,0.572575
0.6984119999999999,0.798652
0.7086199999999999,1.0833540000000002
0.718827,1.410274
0.729035,1.7392729999999998
0.739242,2.012491
0.74945,2.18399
0.7596579999999999,2.256177
0.7698649999999999,2.25049
0.780073,2.1879269999999997
0.79028,2.0964899999999997
0.800488,2.002866
0.8106949999999999,1.9136159999999998
0.8209029999999999,1.8322409999999998
0.8311109999999999,1.767054
0.841318,1.721992
0.851526,1.7001169999999999
0.861733,1.713679
0.871941,1.780617
0.8821479999999999,1.916241
0.8923559999999999,2.125365
0.9025639999999999,2.406239
0.912771,2.7566749999999995
0.922979,3.154798
0.933186,3.5625459999999998
0.943394,3.960232
0.9536009999999999,4.35573
0.9638089999999999,4.732854
0.9740169999999999,5.041727
0.984224,5.207976
0.994432,5.205351
1.004639,5.070602
1.014847,4.8483529999999995
1.025054,4.563104
1.035262,4.2673559999999995
1.04547,4.0223569999999995
1.055677,3.836858
1.065885,3.705608
1.076092,3.6154830000000002
1.0863,3.555984
1.096507,3.519234
1.106715,3.117611
1.1169229999999999,2.6591129999999996
1.12713,2.309989
1.137338,2.03699
1.147545,1.8182409999999998
1.157753,1.640617
1.1679599999999999,1.4936180000000001
1.1781679999999999,1.3702429999999999
1.1883759999999999,1.2652439999999998
1.198583,1.174244
1.208791,1.095495
1.218998,1.02637
1.229206,0.96512
1.2394129999999999,0.91087
1.2496209999999999,0.861871
1.2598289999999999,0.818121
1.270036,0.7787459999999999
1.280244,0.742871
1.290451,0.710496
1.300659,0.680746
1.3108659999999999,0.652747
1.3210739999999999,0.627372
1.331281,0.6037469999999999
1.341489,0.582747
1.351697,0.561747
1.361904,0.5433720000000001
1.372112,0.525872
1.3823189999999999,0.509247
1.3925269999999998,0.493497
1.402734,0.47949699999999995
1.412942,0.465497
1.42315,0.452372
1.433357,0.440123
1.443565,0.42874799999999996
1.4537719999999998,0.417373
1.4639799999999998,0.407748
1.474187,0.398123
1.484395,0.388498
1.494603,0.379748
1.50481,0.370998
1.494603,0.36312300000000003
1.484395,0.355248
1.474187,0.348248
1.4639799999999998,0.341248
1.4537719999999998,0.33512299999999995
1.443565,0.328123
1.433357,0.321998
1.42315,0.315873
1.412942,0.30974799999999997
1.402734,0.304498
1.3925269999999998,0.29924799999999996
1.3823189999999999,0.29399800000000004
1.372112,0.289623
1.361904,0.284373
1.351697,0.279998
1.341489,0.275623
1.331281,0.271248
1.3210739999999999,0.267748
1.3108659999999999,0.26337299999999997
1.300659,0.25987299999999997
1.290451,0.25637299999999996
1.280244,0.251998
1.270036,0.24937299999999998
1.2598289999999999,0.244998
1.2496209999999999,0.242373
1.2394129999999999,0.238873
1.229206,0.23624799999999999
1.218998,0.23274799999999998
1.208791,0.230123
1.198583,0.226623
1.1883759999999999,0.223999
1.1781679999999999,0.22137400000000002
1.1679599999999999,0.218749
1.157753,0.21612399999999998
1.147545,0.213499
1.137338,0.211749
1.12713,0.20912399999999998
1.1169229999999999,0.206499
1.106715,0.20474900000000001
1.096507,0.189874
1.0863,0.155749
1.076092,0.128624
1.065885,0.10718699999999999
1.055677,0.08924960000000001
1.04547,0.073499672
1.035262,0.06168722800000001
1.025054,0.050312276
1.014847,0.041343564000000006
1.004639,0.033249852
0.994432,0.026031134000000004
0.984224,0.019687412
0.9740169999999999,0.01356244
0.9638089999999999,0.008640586000000002
0.9536009999999999,-0.026818282000000002
0.943394,-0.03197586
0.933186,-0.033163056
0.922979,-0.035425444
0.912771,-0.03827023200000001
0.9025639999999999,-0.040163024
0.8923559999999999,-0.041736616000000004
0.8821479999999999,-0.044452604
0.871941,-0.046670196000000004
0.861733,-0.048490184000000006
0.851526,-0.050735776
0.841318,-0.058187244
0.8311109999999999,-0.066062208
0.8209029999999999,-0.07601528800000001
0.8106949999999999,-0.08804648
0.800488,-0.10073299999999999
0.79028,-0.115608
0.780073,-0.133765
0.7698649999999999,-0.154218
0.7596579999999999,-0.178061
0.74945,-0.205842
0.739242,-0.23974800000000002
0.729035,-0.27901400000000004
0.718827,-0.326154
0.7086199999999999,-0.384123
0.6984119999999999,-0.45281
0.688205,-0.5363720000000001
0.677997,-0.640387
0.667789,-0.7694489999999999
0.657582,-0.929027
0.647374,-1.118463
0.6371669999999999,-1.384025
0.6269589999999999,-1.708867
0.616752,-2.1181460000000003
0.606544,-2.6543
0.596336,-3.321047
0.586129,-4.122543
0.575921,-5.019851999999999
0.5657139999999999,-5.8983479999999995
0.5555059999999999,-6.6508449999999995
0.545299,-7.095343
0.535091,-7.076968
0.524883,-6.50997
0.514676,-5.4617249999999995
0.504468,-4.259481
0.49426099999999995,-3.2427349999999997
0.48405299999999996,-2.563738
0.473846,-2.18924
0.463638,-2.00724
0.45343,-1.937241
0.443223,-1.917991
0.433015,-1.909241
0.42280799999999996,-1.879491
0.41259999999999997,-1.812991
0.402393,-1.725492
0.392185,-1.625742
0.38197699999999996,-1.531243
0.37177,-1.462118
0.361562,-1.415743
0.351355,-1.382493
0.341147,-1.344869
0.33094,-1.288869
0.32073199999999996,-1.210119
0.310525,-1.1199949999999999
0.300317,-1.035995
0.290109,-0.96512
0.279902,-0.9064949999999999
0.269694,-0.860996
0.25948699999999997,-0.824246
0.249279,-0.7857459999999999
0.23907199999999998,-0.7489959999999999
0.22886399999999998,-0.718371
0.218656,-0.688621
0.208449,-0.662372
0.198241,-0.640497
0.18803399999999998,-0.623872
0.17782599999999998,-0.605497
0.167619,-0.588872
0.157411,-0.5792470000000001
0.147203,-0.564372
0.136996,-0.549497
0.12678799999999998,-0.542497
0.11658099999999999,-0.531122
0.106373,-0.521497
0.096166048,-0.511872
0.08595848,-0.504872
0.07575092,-0.49699699999999997
0.065543348,-0.48649699999999996
0.055335776,-0.481247
0.045128204000000005,-0.473372
0.034920632,-0.462872
0.024713064,-0.45674699999999996
0.014505494,-0.447123
0.004297924,-0.439248
-0.005909646,-0.43224799999999997
-0.016117215,-0.424373
-0.026324786000000003,-0.417373
-0.036532356,-0.408623
-0.046739924,-0.401623
-0.056947496,-0.394623
-0.067155064,-0.386748
-0.077362632,-0.380623
-0.08757020800000001,-0.373623
-0.09777777600000001,-0.36662300000000003
-0.107985,-0.360498
-0.11819199999999999,-0.354373
-0.1284,-0.34912299999999996
-0.13860799999999998,-0.344748
-0.148815,-0.340373
-0.159023,-0.33599799999999996
-0.16923,-0.331623
-0.179438,-0.328123
-0.18964499999999998,-0.324623
-0.199853,-0.320248
-0.18964499999999998,-0.297498
-0.179438,-0.283498
-0.16923,-0.272998
-0.159023,-0.265123
-0.148815,-0.257248
-0.13860799999999998,-0.251998
-0.1284,-0.244998
-0.11819199999999999,-0.238873
-0.107985,-0.233623
-0.09777777600000001,-0.228373
-0.08757020800000001,-0.222249
-0.077362632,-0.21612399999999998
-0.067155064,-0.21087399999999998
-0.056947496,-0.205624
-0.046739924,-0.197749
-0.036532356,-0.193374
-0.026324786000000003,-0.186374
-0.016117215,-0.177624
-0.005909646,-0.172374
0.004297924,-0.164499
0.014505494,-0.156186
0.024713064,-0.150061
0.034920632,-0.14349900000000002
0.045128204000000005,-0.136061
0.055335776,-0.128624
0.065543348,-0.12381099999999999
0.07575092,-0.11812399999999999
0.08595848,-0.11068700000000001
0.096166048,-0.10806199999999999
0.106373,-0.104124
0.11658099999999999,-0.09712456800000001
0.12678799999999998,-0.09712456800000001
0.136996,-0.095374576
0.147203,-0.09099960000000001
0.157411,-0.08837460800000001
0.167619,-0.08793711200000001
0.17782599999999998,-0.087499616
0.18803399999999998,-0.08421837600000001
0.198241,-0.08553087200000001
0.208449,-0.08793711200000001
0.218656,-0.085749616
0.22886399999999998,-0.08771836
0.23907199999999998,-0.091218344
0.249279,-0.09056209600000001
0.25948699999999997,-0.091874592
0.269694,-0.093187088
0.279902,-0.09428083200000001
0.290109,-0.09340584000000002
0.300317,-0.09428083200000001
0.310525,-0.09668707200000001
0.32073199999999996,-0.09406208
0.33094,-0.09209334400000001
0.341147,-0.089905856
0.351355,-0.08181213600000001
0.361562,-0.07481216800000001
0.37177,-0.06846844800000002
0.38197699999999996,-0.06453096000000001
0.392185,-0.06212472
0.402393,-0.06103097600000001
0.41259999999999997,-0.058187244
0.42280799999999996,-0.047906036000000006
0.433015,-0.034781096000000004
0.443223,-0.021874904
0.45343,-0.006343722
0.463638,0.009187459
0.473846,0.020781158
0.48405299999999996,0.030077992000000005
0.49426099999999995,0.037734208000000005
0.504468,0.04385918
0.514676,0.047468540000000004
0.524883,0.051077896000000005
0.535091,0.055234132000000005
0.545299,0.056984124000000004
0.5555059999999999,0.05993723200000001
0.5657139999999999,0.06354659600000001
0.575921,0.067155952
0.586129,0.071968432
0.596336,0.07885902400000001
0.606544,0.08804648
0.616752,0.09985892800000001
0.6269589999999999,0.11823299999999999
0.6371669999999999,0.146452
0.647374,0.186264
0.657582,0.248717
0.667789,0.34332599999999996
0.677997,0.48015399999999997
0.688205,0.673309
0.6984119999999999,0.9305579999999999
0.7086199999999999,1.221603
0.718827,1.5738990000000002
0.729035,1.882772
0.739242,2.1142090000000002
0.74945,2.2369269999999997
0.7596579999999999,2.264052
0.7698649999999999,2.228177
0.780073,2.1485529999999997
0.79028,2.052303
0.800488,1.959553
0.8106949999999999,1.874241
0.8209029999999999,1.799866
0.8311109999999999,1.7429919999999999
0.841318,1.708429
0.851526,1.7023039999999998
0.861733,1.738617
0.871941,1.8388039999999999
0.8821479999999999,2.012928
0.8923559999999999,2.259239
0.9025639999999999,2.57905
0.912771,2.961861
0.922979,3.374422
0.933186,3.78392
0.943394,4.1842310000000005
0.9536009999999999,4.584979000000001
0.9638089999999999,4.9428529999999995
0.9740169999999999,5.194851
0.984224,5.279726
0.994432,5.203602
1.004639,5.020727
1.014847,4.757353999999999
1.025054,4.4502299999999995
1.035262,4.163231
1.04547,3.9374819999999997
1.055677,3.773858
1.065885,3.659233
1.076092,3.581358
1.0863,3.5306089999999997
1.096507,3.497359
1.106715,3.103611
1.1169229999999999,2.6512379999999998
1.12713,2.303864
1.137338,2.033491
1.147545,1.8156160000000001
1.157753,1.6379920000000001
1.1679599999999999,1.491868
1.1781679999999999,1.367618
1.1883759999999999,1.262619
1.198583,1.171619
1.208791,1.09287
1.218998,1.02462
1.229206,0.96337
1.2394129999999999,0.90912
1.2496209999999999,0.860121
1.2598289999999999,0.816371
1.270036,0.776996
1.280244,0.741121
1.290451,0.708746
1.300659,0.6789959999999999
1.3108659999999999,0.650997
1.3210739999999999,0.625622
1.331281,0.601997
1.341489,0.580122
1.351697,0.5608719999999999
1.361904,0.541622
1.372112,0.524122
1.3823189999999999,0.5074970000000001
1.3925269999999998,0.492622
1.402734,0.47774700000000003
1.412942,0.46374699999999996
1.42315,0.45149700000000004
1.433357,0.439248
1.443565,0.427873
1.4537719999999998,0.416498
1.4639799999999998,0.406873
1.474187,0.397248
1.484395,0.387623
1.494603,0.37887299999999996
1.50481,0.37012300000000004
1.494603,0.362248
1.484395,0.354373
1.474187,0.347373
1.4639799999999998,0.33949799999999997
1.4537719999999998,0.33337300000000003
1.443565,0.32724800000000004
1.433357,0.321123
1.42315,0.314998
1.412942,0.308873
1.402734,0.303623
1.3925269999999998,0.29837299999999994
1.3823189999999999,0.293123
1.372112,0.288748
1.361904,0.283498
1.351697,0.279123
1.341489,0.274748
1.331281,0.270373
1.3210739999999999,0.26687299999999997
1.3108659999999999,0.26249799999999995
1.300659,0.258123
1.290451,0.255498
1.280244,0.25112300000000004
1.270036,0.247623
1.2598289999999999,0.244998
1.2496209999999999,0.24062299999999998
1.2394129999999999,0.237998
1.229206,0.23449799999999998
1.218998,0.231873
1.208791,0.22924799999999998
1.198583,0.225748
1.1883759999999999,0.22312400000000002
1.1781679999999999,0.220499
1.1679599999999999,0.21787399999999998
1.157753,0.21612399999999998
1.147545,0.21262399999999998
1.137338,0.21087399999999998
1.12713,0.208249
1.1169229999999999,0.205624
1.106715,0.203874
1.096507,0.189874
1.0863,0.155749
1.076092,0.128624
1.065885,0.10718699999999999
1.055677,0.08968709600000001
1.04547,0.074374672
1.035262,0.06212472
1.025054,0.051406020000000004
1.014847,0.04199981600000001
1.004639,0.034124848
0.994432,0.02690613
0.984224,0.020453034000000002
0.9740169999999999,0.014765559000000001
0.9638089999999999,0.009515583
0.9536009999999999,-0.026129484
0.943394,-0.03149986
0.933186,-0.032569458
0.922979,-0.034753444
0.912771,-0.037687832000000004
0.9025639999999999,-0.039367828
0.8923559999999999,-0.040941420000000006
0.8821479999999999,-0.043713408
0.871941,-0.04579659600000001
0.861733,-0.047672588
0.851526,-0.04986778
0.841318,-0.054468508000000006
0.8311109999999999,-0.062562224
0.8209029999999999,-0.071312184
0.8106949999999999,-0.08257776
0.800488,-0.09493708000000001
0.79028,-0.10828
0.780073,-0.12534299999999998
0.7698649999999999,-0.144264
0.7596579999999999,-0.166139
0.74945,-0.19195199999999998
0.739242,-0.222905
0.729035,-0.259217
0.718827,-0.301873
0.7086199999999999,-0.355029
0.6984119999999999,-0.417591
0.688205,-0.491966
0.677997,-0.586466
0.667789,-0.7018559999999999
0.657582,-0.844699
0.647374,-1.021995
0.6371669999999999,-1.248182
0.6269589999999999,-1.537586
0.616752,-1.906178
0.606544,-2.353739
0.596336,-2.9876739999999997
0.586129,-3.742795
0.575921,-4.598979
0.5657139999999999,-5.559724999999999
0.5555059999999999,-6.430346
0.545299,-7.088343
0.535091,-7.353466999999999
0.524883,-7.0839680000000005
0.514676,-6.236097
0.504468,-5.023351999999999
0.49426099999999995,-3.828982
0.48405299999999996,-2.930361
0.473846,-2.393989
0.463638,-2.1157399999999997
0.45343,-1.9906160000000002
0.443223,-1.945991
0.433015,-1.932866
0.42280799999999996,-1.909241
0.41259999999999997,-1.855866
0.402393,-1.777992
0.392185,-1.679992
0.38197699999999996,-1.580242
0.37177,-1.4988679999999999
0.361562,-1.444618
0.351355,-1.4069930000000002
0.341147,-1.373743
0.33094,-1.330869
0.32073199999999996,-1.259994
0.310525,-1.171619
0.300317,-1.08412
0.290109,-1.004495
0.279902,-0.937995
0.269694,-0.8863709999999999
0.25948699999999997,-0.847871
0.249279,-0.808496
0.23907199999999998,-0.769121
0.22886399999999998,-0.738496
0.218656,-0.706996
0.208449,-0.678121
0.198241,-0.655372
0.18803399999999998,-0.6343719999999999
0.17782599999999998,-0.616872
0.167619,-0.600247
0.157411,-0.5862470000000001
0.147203,-0.573997
0.136996,-0.557372
0.12678799999999998,-0.550372
0.11658099999999999,-0.538997
0.106373,-0.526747
0.096166048,-0.518872
0.08595848,-0.510122
0.07575092,-0.5013719999999999
0.065543348,-0.493497
0.055335776,-0.48649699999999996
0.045128204000000005,-0.48037199999999997
0.034920632,-0.468122
0.024713064,-0.461997
0.014505494,-0.454997
0.004297924,-0.444498
-0.005909646,-0.438373
-0.016117215,-0.430498
-0.026324786000000003,-0.42174799999999996
-0.036532356,-0.41474799999999995
-0.046739924,-0.405998
-0.056947496,-0.399873
-0.067155064,-0.391998
-0.077362632,-0.384998
-0.08757020800000001,-0.37887299999999996
-0.09777777600000001,-0.37012300000000004
-0.107985,-0.364873
-0.11819199999999999,-0.359623
-0.1284,-0.35262299999999996
-0.13860799999999998,-0.348248
-0.148815,-0.344748
-0.159023,-0.340373
-0.16923,-0.33512299999999995
-0.179438,-0.331623
-0.18964499999999998,-0.328998
-0.199853,-0.325498
-0.18964499999999998,-0.300123
-0.179438,-0.287873
-0.16923,-0.276498
-0.159023,-0.268623
-0.148815,-0.260748
-0.13860799999999998,-0.25374800000000003
-0.1284,-0.24849799999999997
-0.11819199999999999,-0.241498
-0.107985,-0.237123
-0.09777777600000001,-0.23099799999999998
-0.08757020800000001,-0.223999
-0.077362632,-0.218749
-0.067155064,-0.21262399999999998
-0.056947496,-0.206499
-0.046739924,-0.200374
-0.036532356,-0.194249
-0.026324786000000003,-0.18812399999999999
-0.016117215,-0.179374
-0.005909646,-0.173249
0.004297924,-0.166686
0.014505494,-0.157061
0.024713064,-0.15137399999999998
0.034920632,-0.145686
0.045128204000000005,-0.136061
0.055335776,-0.13124899999999998
0.065543348,-0.125124
0.07575092,-0.11943599999999999
0.08595848,-0.112874
0.096166048,-0.108499
0.106373,-0.10718699999999999
0.11658099999999999,-0.101937
0.12678799999999998,-0.098437064
0.136996,-0.09887456800000001
0.147203,-0.09362458400000001
0.157411,-0.091874592
0.167619,-0.091874592
0.17782599999999998,-0.090780848
0.18803399999999998,-0.08968709600000001
0.198241,-0.089030856
0.208449,-0.092968336
0.218656,-0.09056209600000001
0.22886399999999998,-0.091874592
0.23907199999999998,-0.09646832000000001
0.249279,-0.095155824
0.25948699999999997,-0.09581207200000001
0.269694,-0.097780816
0.279902,-0.09734332000000001
0.290109,-0.098218312
0.300317,-0.098437064
0.310525,-0.09996830400000001
0.32073199999999996,-0.097562064
0.33094,-0.09362458400000001
0.341147,-0.090780848
0.351355,-0.082249632
0.361562,-0.07481216800000001
0.37177,-0.07043719200000001
0.38197699999999996,-0.067155952
0.392185,-0.065624704
0.402393,-0.06234347600000001
0.41259999999999997,-0.056874748
0.42280799999999996,-0.045062300000000007
0.433015,-0.030406114000000005
0.443223,-0.016624926
0.45343,-0.00010937400000000001
0.463638,0.013999938000000002
0.473846,0.024062392000000002
0.48405299999999996,0.032812352
0.49426099999999995,0.04024982
0.504468,0.044952928
0.514676,0.048234160000000005
0.524883,0.051843520000000004
0.535091,0.055124752000000006
0.545299,0.05753099600000001
0.5555059999999999,0.06026536
0.5657139999999999,0.064859088
0.575921,0.06857782400000001
0.586129,0.07382780000000001
0.596336,0.08203088800000001
0.606544,0.09220272000000002
0.616752,0.106749
0.6269589999999999,0.12906099999999998
0.6371669999999999,0.162749
0.647374,0.21251399999999998
0.657582,0.288201
0.667789,0.402826
0.677997,0.565903
0.688205,0.789246
0.6984119999999999,1.0739480000000001
0.7086199999999999,1.402618
0.718827,1.732273
0.729035,2.009428
0.739242,2.18924
0.74945,2.2649269999999997
0.7596579999999999,2.254427
0.7698649999999999,2.194927
0.780073,2.106115
0.79028,2.0068029999999997
0.800488,1.917991
0.8106949999999999,1.837491
0.8209029999999999,1.770554
0.8311109999999999,1.723304
0.841318,1.7014289999999999
0.851526,1.7145540000000001
0.861733,1.779742
0.871941,1.916678
0.8821479999999999,2.12974
0.8923559999999999,2.414551
0.9025639999999999,2.772425
0.912771,3.179735
0.922979,3.597546
0.933186,4.009669
0.943394,4.41348
0.9536009999999999,4.807228
0.9638089999999999,5.132726
0.9740169999999999,5.309476
0.984224,5.311226
0.994432,5.1729769999999995
1.004639,4.9428529999999995
1.014847,4.642729
1.025054,4.328606
1.035262,4.061731
1.04547,3.861357
1.055677,3.716983
1.065885,3.618108
1.076092,3.549859
1.0863,3.505234
1.096507,3.477234
1.106715,3.088736
1.1169229999999999,2.641613
1.12713,2.297739
1.137338,2.0282400000000003
1.147545,1.8112409999999999
1.157753,1.634492
1.1679599999999999,1.487493
1.1781679999999999,1.364993
1.1883759999999999,1.259994
1.198583,1.168994
1.208791,1.090245
1.218998,1.021995
1.229206,0.960745
1.2394129999999999,0.9064949999999999
1.2496209999999999,0.8574959999999999
1.2598289999999999,0.813746
1.270036,0.774371
1.280244,0.738496
1.290451,0.706121
1.300659,0.6754969999999999
1.3108659999999999,0.648372
1.3210739999999999,0.623872
1.331281,0.600247
1.341489,0.577497
1.351697,0.558247
1.361904,0.539872
1.372112,0.5223720000000001
1.3823189999999999,0.5057470000000001
1.3925269999999998,0.489997
1.402734,0.475997
1.412942,0.461997
1.42315,0.448872
1.433357,0.437498
1.443565,0.426123
1.4537719999999998,0.41562299999999996
1.4639799999999998,0.405123
1.474187,0.395498
1.484395,0.38587299999999997
1.494603,0.377123
1.50481,0.369248
1.494603,0.360498
1.484395,0.35262299999999996
1.474187,0.34562299999999996
1.4639799999999998,0.33862299999999995
1.4537719999999998,0.331623
1.443565,0.325498
1.433357,0.319373
1.42315,0.31324799999999997
1.412942,0.307998
1.402734,0.30274799999999996
1.3925269999999998,0.297498
1.3823189999999999,0.292248
1.372112,0.287873
1.361904,0.282623
1.351697,0.278248
1.341489,0.273873
1.331281,0.26949799999999996
1.3210739999999999,0.265123
1.3108659999999999,0.261623
1.300659,0.258123
1.290451,0.25462300000000004
1.280244,0.25112300000000004
1.270036,0.246748
1.2598289999999999,0.24412300000000003
1.2496209999999999,0.24062299999999998
1.2394129999999999,0.237123
1.229206,0.23449799999999998
1.218998,0.231873
1.208791,0.22924799999999998
1.198583,0.225748
1.1883759999999999,0.22312400000000002
1.1781679999999999,0.220499
1.1679599999999999,0.21787399999999998
1.157753,0.215249
1.147545,0.21262399999999998
1.137338,0.209999
1.12713,0.208249
1.1169229999999999,0.205624
1.106715,0.203874
1.096507,0.189874
1.0863,0.15662399999999999
1.076092,0.12949899999999998
1.065885,0.10806199999999999
1.055677,0.09012460000000001
1.04547,0.07524966400000001
1.035262,0.062562224
1.025054,0.052281016
1.014847,0.04265606
1.004639,0.034781096000000004
0.994432,0.027999876000000003
0.984224,0.021218656000000002
0.9740169999999999,0.015640556
0.9638089999999999,0.010499954000000002
0.9536009999999999,-0.025591888000000004
0.943394,-0.030895064
0.933186,-0.03208226000000001
0.922979,-0.034159852000000004
0.912771,-0.037066236
0.9025639999999999,-0.038740632000000004
0.8923559999999999,-0.040112624
0.8821479999999999,-0.04300220800000001
0.871941,-0.045023804
0.861733,-0.04679899600000001
0.851526,-0.049111784
0.841318,-0.051406020000000004
0.8311109999999999,-0.058843488000000006
0.8209029999999999,-0.067155952
0.8106949999999999,-0.077546528
0.800488,-0.08914023200000001
0.79028,-0.101718
0.780073,-0.117577
0.7698649999999999,-0.135515
0.7596579999999999,-0.15520199999999998
0.74945,-0.179264
0.739242,-0.207483
0.729035,-0.240733
0.718827,-0.28010799999999997
0.7086199999999999,-0.327904
0.6984119999999999,-0.385435
0.688205,-0.45259099999999997
0.677997,-0.537356
0.667789,-0.64159
0.657582,-0.769012
0.647374,-0.9300109999999999
0.6371669999999999,-1.1187909999999999
0.6269589999999999,-1.384243
0.616752,-1.7112729999999998
0.606544,-2.125803
0.596336,-2.6753
0.586129,-3.3678589999999997
0.575921,-4.207856
0.5657139999999999,-5.163351
0.5555059999999999,-6.1162220000000005
0.545299,-6.942219
0.535091,-7.464591
0.524883,-7.507466
0.514676,-6.944844
0.504468,-5.848472999999999
0.49426099999999995,-4.546479
0.48405299999999996,-3.422984
0.473846,-2.6818630000000003
0.463638,-2.2732390000000002
0.45343,-2.07199
0.443223,-1.9862409999999997
0.433015,-1.959116
0.42280799999999996,-1.937241
0.41259999999999997,-1.8934909999999998
0.402393,-1.827866
0.392185,-1.735117
0.38197699999999996,-1.631867
0.37177,-1.540868
0.361562,-1.476118
0.351355,-1.432368
0.341147,-1.399993
0.33094,-1.3658679999999999
0.32073199999999996,-1.306369
0.310525,-1.2214939999999999
0.300317,-1.133994
0.290109,-1.04737
0.279902,-0.9738699999999999
0.269694,-0.915245
0.25948699999999997,-0.8714959999999999
0.249279,-0.832121
0.23907199999999998,-0.792746
0.22886399999999998,-0.758621
0.218656,-0.7271209999999999
0.208449,-0.693871
0.198241,-0.6702469999999999
0.18803399999999998,-0.649247
0.17782599999999998,-0.627372
0.167619,-0.611622
0.157411,-0.595872
0.147203,-0.583622
0.136996,-0.5678719999999999
0.12678799999999998,-0.558247
0.11658099999999999,-0.547747
0.106373,-0.534622
0.096166048,-0.525872
0.08595848,-0.5179969999999999
0.07575092,-0.5074970000000001
0.065543348,-0.499622
0.055335776,-0.492622
0.045128204000000005,-0.48474700000000004
0.034920632,-0.475122
0.024713064,-0.46724699999999997
0.014505494,-0.46024699999999996
0.004297924,-0.450623
-0.005909646,-0.44274800000000003
-0.016117215,-0.436623
-0.026324786000000003,-0.426998
-0.036532356,-0.41912299999999997
-0.046739924,-0.412998
-0.056947496,-0.405123
-0.067155064,-0.396373
-0.077362632,-0.390248
-0.08757020800000001,-0.38237299999999996
-0.09777777600000001,-0.37624799999999997
-0.107985,-0.369248
-0.11819199999999999,-0.363998
-0.1284,-0.356998
-0.13860799999999998,-0.351748
-0.148815,-0.348248
-0.159023,-0.34299799999999997
-0.16923,-0.33949799999999997
-0.179438,-0.33512299999999995
-0.18964499999999998,-0.331623
-0.199853,-0.328998
-0.18964499999999998,-0.303623
-0.179438,-0.29049800000000003
-0.16923,-0.280873
-0.159023,-0.271248
-0.148815,-0.264248
-0.13860799999999998,-0.258123
-0.1284,-0.250248
-0.11819199999999999,-0.24412300000000003
-0.107985,-0.238873
-0.09777777600000001,-0.233623
-0.08757020800000001,-0.226623
-0.077362632,-0.220499
-0.067155064,-0.21612399999999998
-0.056947496,-0.20737399999999998
-0.046739924,-0.202124
-0.036532356,-0.195999
-0.026324786000000003,-0.18812399999999999
-0.016117215,-0.181999
-0.005909646,-0.174124
0.004297924,-0.167561
0.014505494,-0.158811
0.024713064,-0.15137399999999998
0.034920632,-0.14787399999999998
0.045128204000000005,-0.137811
0.055335776,-0.131686
0.065543348,-0.127749
0.07575092,-0.120311
0.08595848,-0.115061
0.096166048,-0.111999
0.106373,-0.10893699999999999
0.11658099999999999,-0.10456199999999999
0.12678799999999998,-0.101062
0.136996,-0.101937
0.147203,-0.09712456800000001
0.157411,-0.09449958400000001
0.167619,-0.09668707200000001
0.17782599999999998,-0.09406208
0.18803399999999998,-0.09362458400000001
0.198241,-0.09449958400000001
0.208449,-0.09581207200000001
0.218656,-0.096905824
0.22886399999999998,-0.096905824
0.23907199999999998,-0.100624
0.249279,-0.100405
0.25948699999999997,-0.099093312
0.269694,-0.101937
0.279902,-0.101937
0.290109,-0.101062
0.300317,-0.10303
0.310525,-0.102812
0.32073199999999996,-0.09996830400000001
0.33094,-0.09559332800000002
0.341147,-0.09056209600000001
0.351355,-0.083343384
0.361562,-0.07503092
0.37177,-0.072187176
0.38197699999999996,-0.070655936
0.392185,-0.067155952
0.402393,-0.06343722
0.41259999999999997,-0.05468726
0.42280799999999996,-0.040906068000000004
0.433015,-0.025812384000000004
0.443223,-0.010499954000000002
0.45343,0.004921853
0.463638,0.018374918
0.473846,0.027890502
0.48405299999999996,0.034890468
0.49426099999999995,0.042327936000000004
0.504468,0.046156044
0.514676,0.048999784000000005
0.524883,0.052827888
0.535091,0.055781004
0.545299,0.058405992000000004
0.5555059999999999,0.061249732
0.5657139999999999,0.06584346
0.575921,0.070655936
0.586129,0.07601528800000001
0.596336,0.085968368
0.606544,0.098108944
0.616752,0.115171
0.6269589999999999,0.142843
0.6371669999999999,0.18342099999999997
0.647374,0.244561
0.657582,0.337092
0.667789,0.47380999999999995
0.677997,0.6666369999999999
0.688205,0.920933
0.6984119999999999,1.214166
0.7086199999999999,1.567774
0.718827,1.877522
0.729035,2.113334
0.739242,2.243052
0.74945,2.2732390000000002
0.7596579999999999,2.232552
0.7698649999999999,2.15599
0.780073,2.0614899999999996
0.79028,1.9630530000000002
0.800488,1.8777409999999999
0.8106949999999999,1.804241
0.8209029999999999,1.745617
0.8311109999999999,1.709304
0.841318,1.702742
0.851526,1.738617
0.861733,1.837929
0.871941,2.013803
0.8821479999999999,2.265802
0.8923559999999999,2.590863
0.9025639999999999,2.981111
0.912771,3.404172
0.922979,3.823295
0.933186,4.236731
0.943394,4.6444790000000005
0.9536009999999999,5.022477
0.9638089999999999,5.291976
0.9740169999999999,5.382099999999999
0.984224,5.307726000000001
0.994432,5.115227
1.004639,4.840478
1.014847,4.5176039999999995
1.025054,4.213106
1.035262,3.9689819999999996
1.04547,3.791358
1.055677,3.665358
1.065885,3.578733
1.076092,3.520109
1.0863,3.4816089999999997
1.096507,3.457109
1.106715,3.073861
1.1169229999999999,2.631113
1.12713,2.289864
1.137338,2.021241
1.147545,1.8068659999999999
1.157753,1.6301169999999998
1.1679599999999999,1.483993
1.1781679999999999,1.361493
1.1883759999999999,1.256494
1.198583,1.165494
1.208791,1.0867449999999999
1.218998,1.01762
1.229206,0.9572449999999999
1.2394129999999999,0.902995
1.2496209999999999,0.854871
1.2598289999999999,0.811121
1.270036,0.7717459999999999
1.280244,0.736746
1.290451,0.703496
1.300659,0.673747
1.3108659999999999,0.6466219999999999
1.3210739999999999,0.620372
1.331281,0.597622
1.341489,0.576622
1.351697,0.556497
1.361904,0.538122
1.372112,0.520622
1.3823189999999999,0.503997
1.3925269999999998,0.489122
1.402734,0.474247
1.412942,0.461122
1.42315,0.447998
1.433357,0.436623
1.443565,0.424373
1.4537719999999998,0.413873
1.4639799999999998,0.404248
1.474187,0.393748
1.484395,0.384998
1.494603,0.37624799999999997
1.50481,0.367498
1.494603,0.359623
1.484395,0.35262299999999996
1.474187,0.344748
1.4639799999999998,0.33862299999999995
1.4537719999999998,0.331623
1.443565,0.325498
1.433357,0.319373
1.42315,0.312373
1.412942,0.307123
1.402734,0.301873
1.3925269999999998,0.29662299999999997
1.3823189999999999,0.292248
1.372112,0.28699800000000003
1.361904,0.282623
1.351697,0.278248
1.341489,0.272998
1.331281,0.26949799999999996
1.3210739999999999,0.265123
1.3108659999999999,0.260748
1.300659,0.258123
1.290451,0.25374800000000003
1.280244,0.250248
1.270036,0.246748
1.2598289999999999,0.24324800000000002
1.2496209999999999,0.24062299999999998
1.2394129999999999,0.237123
1.229206,0.233623
1.218998,0.23099799999999998
1.208791,0.228373
1.198583,0.225748
1.1883759999999999,0.22312400000000002
1.1781679999999999,0.220499
1.1679599999999999,0.216999
1.157753,0.21437399999999998
1.147545,0.21262399999999998
1.137338,0.209999
1.12713,0.208249
1.1169229999999999,0.205624
1.106715,0.203874
1.096507,0.189874
1.0863,0.15662399999999999
1.076092,0.130374
1.065885,0.10893699999999999
1.055677,0.09099960000000001
1.04547,0.076124664
1.035262,0.06343722
1.025054,0.052718516
1.014847,0.043968556000000006
1.004639,0.035656092
0.994432,0.028874872
0.984224,0.022203026
0.9740169999999999,0.016296803000000002
0.9638089999999999,0.011593698000000001
0.9536009999999999,-0.02502069
0.943394,-0.030441468000000006
0.933186,-0.031505462000000005
0.922979,-0.033566252000000005
0.912771,-0.03642224
0.9025639999999999,-0.038147032000000004
0.8923559999999999,-0.03935662400000001
0.8821479999999999,-0.04222941200000001
0.871941,-0.04431820400000001
0.861733,-0.045902996
0.851526,-0.048299788
0.841318,-0.05041098
0.8311109999999999,-0.055562252000000006
0.8209029999999999,-0.06365596800000001
0.8106949999999999,-0.07295280000000001
0.800488,-0.08399963200000002
0.79028,-0.09581207200000001
0.780073,-0.11003
0.7698649999999999,-0.12676500000000002
0.7596579999999999,-0.145139
0.74945,-0.167343
0.739242,-0.193921
0.729035,-0.22410799999999997
0.718827,-0.260201
0.7086199999999999,-0.303842
0.6984119999999999,-0.355685
0.688205,-0.417263
0.677997,-0.49327899999999997
0.667789,-0.587122
0.657582,-0.701418
0.647374,-0.845136
0.6371669999999999,-1.022214
0.6269589999999999,-1.247525
0.616752,-1.5369300000000001
0.606544,-1.90946
0.596336,-2.36402
0.586129,-3.016986
0.575921,-3.80142
0.5657139999999999,-4.694354000000001
0.5555059999999999,-5.7303489999999995
0.545299,-6.67097
0.535091,-7.409466999999999
0.524883,-7.751589999999999
0.514676,-7.507466
0.504468,-6.63597
0.49426099999999995,-5.351476
0.48405299999999996,-4.047732
0.473846,-3.074736
0.463638,-2.491988
0.45343,-2.18924
0.443223,-2.04749
0.433015,-1.991491
0.42280799999999996,-1.966991
0.41259999999999997,-1.9267409999999998
0.402393,-1.8724910000000001
0.392185,-1.788492
0.38197699999999996,-1.685242
0.37177,-1.588992
0.361562,-1.511993
0.351355,-1.457743
0.341147,-1.4244929999999998
0.33094,-1.3947429999999998
0.32073199999999996,-1.3492439999999999
0.310525,-1.272244
0.300317,-1.184744
0.290109,-1.095495
0.279902,-1.011495
0.269694,-0.948495
0.25948699999999997,-0.897745
0.249279,-0.855746
0.23907199999999998,-0.817246
0.22886399999999998,-0.780496
0.218656,-0.747246
0.208449,-0.713996
0.198241,-0.6859959999999999
0.18803399999999998,-0.6649970000000001
0.17782599999999998,-0.642247
0.167619,-0.6247469999999999
0.157411,-0.608997
0.147203,-0.5914969999999999
0.136996,-0.577497
0.12678799999999998,-0.566997
0.11658099999999999,-0.554747
0.106373,-0.5442469999999999
0.096166048,-0.533747
0.08595848,-0.5249969999999999
0.07575092,-0.5162469999999999
0.065543348,-0.5057470000000001
0.055335776,-0.5004970000000001
0.045128204000000005,-0.491747
0.034920632,-0.482997
0.024713064,-0.474247
0.014505494,-0.465497
0.004297924,-0.45674699999999996
-0.005909646,-0.449747
-0.016117215,-0.44274800000000003
-0.026324786000000003,-0.433998
-0.036532356,-0.42524799999999996
-0.046739924,-0.419998
-0.056947496,-0.40949800000000003
-0.067155064,-0.402498
-0.077362632,-0.395498
-0.08757020800000001,-0.388498
-0.09777777600000001,-0.38149799999999995
-0.107985,-0.37449799999999994
-0.11819199999999999,-0.369248
-0.1284,-0.363998
-0.13860799999999998,-0.355248
-0.148815,-0.351748
-0.159023,-0.347373
-0.16923,-0.34212299999999995
-0.179438,-0.33949799999999997
-0.18964499999999998,-0.33512299999999995
-0.199853,-0.331623
-0.18964499999999998,-0.307123
-0.179438,-0.293123
-0.16923,-0.284373
-0.159023,-0.274748
-0.148815,-0.26687299999999997
-0.13860799999999998,-0.261623
-0.1284,-0.252873
-0.11819199999999999,-0.247623
-0.107985,-0.241498
-0.09777777600000001,-0.235373
-0.08757020800000001,-0.22924799999999998
-0.077362632,-0.222249
-0.067155064,-0.216999
-0.056947496,-0.209999
-0.046739924,-0.202999
-0.036532356,-0.198624
-0.026324786000000003,-0.18899899999999997
-0.016117215,-0.182874
-0.005909646,-0.175874
0.004297924,-0.167561
0.014505494,-0.160999
0.024713064,-0.15312399999999998
0.034920632,-0.148749
0.045128204000000005,-0.140436
0.055335776,-0.132124
0.065543348,-0.129936
0.07575092,-0.122936
0.08595848,-0.11637399999999999
0.096166048,-0.115061
0.106373,-0.111124
0.11658099999999999,-0.106749
0.12678799999999998,-0.10456199999999999
0.136996,-0.104124
0.147203,-0.101062
0.157411,-0.09887456800000001
0.167619,-0.09931205600000001
0.17782599999999998,-0.09931205600000001
0.18803399999999998,-0.09624956800000001
0.198241,-0.09931205600000001
0.208449,-0.100624
0.218656,-0.100624
0.22886399999999998,-0.102374
0.23907199999999998,-0.104999
0.249279,-0.104999
0.25948699999999997,-0.10368699999999999
0.269694,-0.105874
0.279902,-0.10718699999999999
0.290109,-0.104999
0.300317,-0.106749
0.310525,-0.10631199999999999
0.32073199999999996,-0.101937
0.33094,-0.09712456800000001
0.341147,-0.09143709600000001
0.351355,-0.084437128
0.361562,-0.078312152
0.37177,-0.07393717600000001
0.38197699999999996,-0.073499672
0.392185,-0.06846844800000002
0.402393,-0.061905976
0.41259999999999997,-0.05162476800000001
0.42280799999999996,-0.035656092
0.433015,-0.020562408
0.443223,-0.005249977000000001
0.45343,0.010281204
0.463638,0.021984278000000003
0.473846,0.03106236
0.48405299999999996,0.03707796
0.49426099999999995,0.043312308
0.504468,0.047577912
0.514676,0.049546656
0.524883,0.05348414
0.535091,0.056546624000000004
0.545299,0.058843488000000006
0.5555059999999999,0.06267159600000001
0.5657139999999999,0.067155952
0.575921,0.07262468000000001
0.586129,0.079515272
0.596336,0.09034335200000002
0.606544,0.105546
0.616752,0.12589
0.6269589999999999,0.159139
0.6371669999999999,0.209342
0.647374,0.28338899999999995
0.657582,0.396045
0.667789,0.5584659999999999
0.677997,0.7823549999999999
0.688205,1.064432
0.6984119999999999,1.3929930000000001
0.7086199999999999,1.727679
0.718827,2.006147
0.729035,2.1901149999999996
0.739242,2.272802
0.74945,2.263615
0.7596579999999999,2.200177
0.7698649999999999,2.112678
0.780073,2.015553
0.79028,1.921053
0.800488,1.840991
0.8106949999999999,1.774929
0.8209029999999999,1.725929
0.8311109999999999,1.7023039999999998
0.841318,1.7149919999999998
0.851526,1.778867
0.861733,1.915366
0.871941,2.131053
0.8821479999999999,2.421989
0.8923559999999999,2.786425
0.9025639999999999,3.202048
0.912771,3.630358
0.922979,4.0512310000000005
0.933186,4.470355
0.943394,4.873728
0.9536009999999999,5.218476
0.9638089999999999,5.410100999999999
0.9740169999999999,5.414476
0.984224,5.270976
0.994432,5.031227
1.004639,4.717103
1.014847,4.386355
1.025054,4.102856
1.035262,3.8841069999999998
1.04547,3.728358
1.055677,3.6189829999999996
1.065885,3.5437339999999997
1.076092,3.493859
1.0863,3.458859
1.096507,3.435234
1.106715,3.0581110000000002
1.1169229999999999,2.619738
1.12713,2.281114
1.137338,2.0133650000000003
1.147545,1.799866
1.157753,1.624867
1.1679599999999999,1.4787430000000001
1.1781679999999999,1.3562429999999999
1.1883759999999999,1.252119
1.198583,1.1611189999999998
1.208791,1.083245
1.218998,1.0149949999999999
1.229206,0.9537450000000001
1.2394129999999999,0.90037
1.2496209999999999,0.851371
1.2598289999999999,0.808496
1.270036,0.769121
1.280244,0.7341209999999999
1.290451,0.701746
1.300659,0.671997
1.3108659999999999,0.643997
1.3210739999999999,0.619497
1.331281,0.595872
1.341489,0.573997
1.351697,0.5538719999999999
1.361904,0.535497
1.372112,0.518872
1.3823189999999999,0.502247
1.3925269999999998,0.48737199999999997
1.402734,0.472497
1.412942,0.45937199999999995
1.42315,0.447123
1.433357,0.434873
1.443565,0.423498
1.4537719999999998,0.412998
1.4639799999999998,0.402498
1.474187,0.39287299999999997
1.484395,0.383248
1.494603,0.37537299999999996
1.50481,0.36662300000000003
1.494603,0.358748
1.484395,0.351748
1.474187,0.343873
1.4639799999999998,0.336873
1.4537719999999998,0.33074800000000004
1.443565,0.324623
1.433357,0.318498
1.42315,0.312373
1.412942,0.307123
1.402734,0.301873
1.3925269999999998,0.29662299999999997
1.3823189999999999,0.291373
1.372112,0.286123
1.361904,0.282623
1.351697,0.278248
1.341489,0.272998
1.331281,0.26949799999999996
1.3210739999999999,0.265123
1.3108659999999999,0.261623
1.300659,0.257248
1.290451,0.25374800000000003
1.280244,0.250248
1.270036,0.246748
1.2598289999999999,0.24324800000000002
1.2496209999999999,0.24062299999999998
1.2394129999999999,0.237123
1.229206,0.233623
1.218998,0.23099799999999998
1.208791,0.228373
1.198583,0.225748
1.1883759999999999,0.22312400000000002
1.1781679999999999,0.219624
1.1679599999999999,0.21787399999999998
1.157753,0.21437399999999998
1.147545,0.21262399999999998
1.137338,0.21087399999999998
1.12713,0.20737399999999998
1.1169229999999999,0.205624
1.106715,0.203874
1.096507,0.189874
1.0863,0.15662399999999999
1.076092,0.130374
1.065885,0.109374
1.055677,0.091874592
1.04547,0.07699965600000001
1.035262,0.06431221200000001
1.025054,0.05359351200000001
1.014847,0.044624800000000006
1.004639,0.036531087999999996
0.994432,0.029531118000000002
0.984224,0.023078022
0.9740169999999999,0.017171798000000002
0.9638089999999999,0.012578069
0.9536009999999999,-0.024365492000000002
0.943394,-0.030027068000000004
0.933186,-0.030900662000000006
0.922979,-0.033039854
0.912771,-0.035806244
0.9025639999999999,-0.037402236000000005
0.8923559999999999,-0.038712628000000006
0.8821479999999999,-0.04146222
0.871941,-0.043579008
0.861733,-0.045135804
0.851526,-0.04738139200000001
0.841318,-0.049649384000000005
0.8311109999999999,-0.05249976800000001
0.8209029999999999,-0.059718484
0.8106949999999999,-0.06912468800000002
0.800488,-0.07885902400000001
0.79028,-0.09012460000000001
0.780073,-0.103577
0.7698649999999999,-0.118999
0.7596579999999999,-0.136061
0.74945,-0.156514
0.739242,-0.181124
0.729035,-0.208905
0.718827,-0.241717
0.7086199999999999,-0.282295
0.6984119999999999,-0.329107
0.688205,-0.384888
0.677997,-0.454232
0.667789,-0.5385599999999999
0.657582,-0.64159
0.647374,-0.769777
0.6371669999999999,-0.929792
0.6269589999999999,-1.1183539999999998
0.616752,-1.382493
0.606544,-1.712804
0.596336,-2.132584
0.586129,-2.6928
0.575921,-3.408109
0.5657139999999999,-4.278293000000001
0.5555059999999999,-5.293726
0.545299,-6.312221
0.535091,-7.2134670000000005
0.524883,-7.81984
0.514676,-7.913463999999999
0.504468,-7.355217000000001
0.49426099999999995,-6.212471999999999
0.48405299999999996,-4.807228
0.473846,-3.601483
0.463638,-2.7982370000000003
0.45343,-2.355489
0.443223,-2.13499
0.433015,-2.0387399999999998
0.42280799999999996,-1.998491
0.41259999999999997,-1.961741
0.402393,-1.912741
0.392185,-1.840991
0.38197699999999996,-1.741242
0.37177,-1.639742
0.361562,-1.553993
0.351355,-1.487493
0.341147,-1.447243
0.33094,-1.420993
0.32073199999999996,-1.384243
0.310525,-1.3212439999999999
0.300317,-1.237244
0.290109,-1.1462439999999998
0.279902,-1.055245
0.269694,-0.983495
0.25948699999999997,-0.927495
0.249279,-0.880246
0.23907199999999998,-0.841746
0.22886399999999998,-0.803246
0.218656,-0.768246
0.208449,-0.7332460000000001
0.198241,-0.703496
0.18803399999999998,-0.6789959999999999
0.17782599999999998,-0.656247
0.167619,-0.635247
0.157411,-0.619497
0.147203,-0.601997
0.136996,-0.587997
0.12678799999999998,-0.575747
0.11658099999999999,-0.563497
0.106373,-0.552997
0.096166048,-0.542497
0.08595848,-0.5319969999999999
0.07575092,-0.5232469999999999
0.065543348,-0.512747
0.055335776,-0.5057470000000001
0.045128204000000005,-0.498747
0.034920632,-0.48649699999999996
0.024713064,-0.481247
0.014505494,-0.472497
0.004297924,-0.46374699999999996
-0.005909646,-0.45674699999999996
-0.016117215,-0.44624800000000003
-0.026324786000000003,-0.439248
-0.036532356,-0.430498
-0.046739924,-0.423498
-0.056947496,-0.416498
-0.067155064,-0.405998
-0.077362632,-0.400748
-0.08757020800000001,-0.393748
-0.09777777600000001,-0.386748
-0.107985,-0.379748
-0.11819199999999999,-0.372748
-0.1284,-0.367498
-0.13860799999999998,-0.360498
-0.148815,-0.356123
-0.159023,-0.351748
-0.16923,-0.34562299999999996
-0.179438,-0.34212299999999995
-0.18964499999999998,-0.33949799999999997
-0.199853,-0.33512299999999995
-0.18964499999999998,-0.311498
-0.179438,-0.29662299999999997
-0.16923,-0.28699800000000003
-0.159023,-0.278248
-0.148815,-0.26949799999999996
-0.13860799999999998,-0.26337299999999997
-0.1284,-0.25637299999999996
-0.11819199999999999,-0.24937299999999998
-0.107985,-0.24412300000000003
-0.09777777600000001,-0.237123
-0.08757020800000001,-0.231873
-0.077362632,-0.22487300000000002
-0.067155064,-0.218749
-0.056947496,-0.21262399999999998
-0.046739924,-0.20474900000000001
-0.036532356,-0.199499
-0.026324786000000003,-0.191624
-0.016117215,-0.182874
-0.005909646,-0.177624
0.004297924,-0.16974899999999998
0.014505494,-0.160999
0.024713064,-0.155749
0.034920632,-0.14918599999999999
0.045128204000000005,-0.142186
0.055335776,-0.13431099999999999
0.065543348,-0.13081099999999998
0.07575092,-0.125561
0.08595848,-0.118999
0.096166048,-0.116811
0.106373,-0.115061
0.11658099999999999,-0.109374
0.12678799999999998,-0.108499
0.136996,-0.107624
0.147203,-0.10456199999999999
0.157411,-0.102812
0.167619,-0.102812
0.17782599999999998,-0.103249
0.18803399999999998,-0.101499
0.198241,-0.103249
0.208449,-0.106749
0.218656,-0.104999
0.22886399999999998,-0.10718699999999999
0.23907199999999998,-0.109812
0.249279,-0.108499
0.25948699999999997,-0.108499
0.269694,-0.10893699999999999
0.279902,-0.110249
0.290109,-0.109812
0.300317,-0.10893699999999999
0.310525,-0.10893699999999999
0.32073199999999996,-0.103249
0.33094,-0.09799956800000001
0.341147,-0.09274958400000001
0.351355,-0.084437128
0.361562,-0.08006214400000002
0.37177,-0.07743716
0.38197699999999996,-0.07503092
0.392185,-0.06934344800000002
0.402393,-0.059280988
0.41259999999999997,-0.047249792000000006
0.42280799999999996,-0.030624866
0.433015,-0.013999938000000002
0.443223,0.0007656210000000001
0.45343,0.014656185000000002
0.463638,0.025921760000000002
0.473846,0.033687352000000004
0.48405299999999996,0.039484200000000004
0.49426099999999995,0.044515428
0.504468,0.048343536000000006
0.514676,0.0506404
0.524883,0.05414038400000001
0.535091,0.057640368000000004
0.545299,0.059718484
0.5555059999999999,0.06387471600000001
0.5657139999999999,0.06912468800000002
0.575921,0.07503092
0.586129,0.083343384
0.596336,0.096030824
0.606544,0.11396799999999999
0.616752,0.139343
0.6269589999999999,0.17959199999999997
0.6371669999999999,0.24084199999999997
0.647374,0.331186
0.657582,0.466044
0.667789,0.657778
0.677997,0.9117449999999999
0.688205,1.20476
0.6984119999999999,1.5579299999999998
0.7086199999999999,1.8746789999999998
0.718827,2.110709
0.729035,2.244365
0.739242,2.281552
0.74945,2.24174
0.7596579999999999,2.160802
0.7698649999999999,2.067615
0.780073,1.9713659999999997
0.79028,1.881241
0.800488,1.807741
0.8106949999999999,1.749554
0.8209029999999999,1.711492
0.8311109999999999,1.703179
0.841318,1.738617
0.851526,1.836616
0.861733,2.012491
0.871941,2.267989
0.8821479999999999,2.599176
0.8923559999999999,2.9977359999999997
0.9025639999999999,3.429109
0.912771,3.8578569999999996
0.922979,4.281355
0.933186,4.702229
0.943394,5.095102
0.9536009999999999,5.382976
0.9638089999999999,5.4853499999999995
0.9740169999999999,5.407475000000001
0.984224,5.208850999999999
0.994432,4.920978
1.004639,4.582354
1.014847,4.2612309999999995
1.025054,4.002231
1.035262,3.809733
1.04547,3.672358
1.055677,3.576984
1.065885,3.5122340000000003
1.076092,3.467609
1.0863,3.437859
1.096507,3.4151089999999997
1.106715,3.0423609999999996
1.1169229999999999,2.607488
1.12713,2.2706139999999997
1.137338,2.006366
1.147545,1.793741
1.157753,1.6196169999999999
1.1679599999999999,1.473493
1.1781679999999999,1.3509939999999998
1.1883759999999999,1.247744
1.198583,1.157619
1.208791,1.079745
1.218998,1.011495
1.229206,0.95112
1.2394129999999999,0.89687
1.2496209999999999,0.848746
1.2598289999999999,0.805871
1.270036,0.767371
1.280244,0.731496
1.290451,0.699121
1.300659,0.669372
1.3108659999999999,0.642247
1.3210739999999999,0.6177469999999999
1.331281,0.594122
1.341489,0.5731219999999999
1.351697,0.552997
1.361904,0.534622
1.372112,0.5179969999999999
1.3823189999999999,0.5013719999999999
1.3925269999999998,0.48649699999999996
1.402734,0.472497
1.412942,0.45937199999999995
1.42315,0.44624800000000003
1.433357,0.434873
1.443565,0.423498
1.4537719999999998,0.412998
1.4639799999999998,0.402498
1.474187,0.39287299999999997
1.484395,0.384123
1.494603,0.37449799999999994
1.50481,0.36662300000000003
1.494603,0.358748
1.484395,0.351748
1.474187,0.343873
1.4639799999999998,0.336873
1.4537719999999998,0.33074800000000004
1.443565,0.324623
1.433357,0.318498
1.42315,0.312373
1.412942,0.307123
1.402734,0.301873
1.3925269999999998,0.29662299999999997
1.3823189999999999,0.291373
1.372112,0.28699800000000003
1.361904,0.282623
1.351697,0.278248
1.341489,0.273873
1.331281,0.26949799999999996
1.3210739999999999,0.265123
1.3108659999999999,0.260748
1.300659,0.257248
1.290451,0.25374800000000003
1.280244,0.250248
1.270036,0.246748
1.2598289999999999,0.24324800000000002
1.2496209999999999,0.23974800000000002
1.2394129999999999,0.237998
1.229206,0.23449799999999998
1.218998,0.231873
1.208791,0.22924799999999998
1.198583,0.225748
1.1883759999999999,0.22312400000000002
1.1781679999999999,0.220499
1.1679599999999999,0.21787399999999998
1.157753,0.215249
1.147545,0.21262399999999998
1.137338,0.21087399999999998
1.12713,0.208249
1.1169229999999999,0.205624
1.106715,0.203874
1.096507,0.19074899999999997
1.0863,0.157499
1.076092,0.13124899999999998
1.065885,0.110249
1.055677,0.09274958400000001
1.04547,0.07743716
1.035262,0.06518721200000001
1.025054,0.05468726
1.014847,0.045281048000000004
1.004639,0.037406084000000006
0.994432,0.030406114000000005
0.984224,0.023843644
0.9740169999999999,0.018374918
0.9638089999999999,0.013124942000000002
0.9536009999999999,0.008421838000000001
0.943394,-0.026907882
0.933186,-0.030491866000000003
0.922979,-0.032418258000000005
0.912771,-0.035307844000000005
0.9025639999999999,-0.03677504
0.8923559999999999,-0.038001432
0.8821479999999999,-0.04087422
0.871941,-0.042817412000000006
0.861733,-0.044374204
0.851526,-0.046619796000000005
0.841318,-0.048837384000000005
0.8311109999999999,-0.050646180000000006
0.8209029999999999,-0.056546624000000004
0.8106949999999999,-0.065296584
0.800488,-0.07459341600000001
0.79028,-0.084765248
0.780073,-0.09767144000000001
0.7698649999999999,-0.11167099999999999
0.7596579999999999,-0.127858
0.74945,-0.14678
0.739242,-0.16920200000000002
0.729035,-0.195124
0.718827,-0.225202
0.7086199999999999,-0.26249799999999995
0.6984119999999999,-0.305373
0.688205,-0.355904
0.677997,-0.41901299999999997
0.667789,-0.494919
0.657582,-0.587669
0.647374,-0.703059
0.6371669999999999,-0.84623
0.6269589999999999,-1.021776
0.616752,-1.246431
0.606544,-1.537586
0.596336,-1.9138350000000002
0.586129,-2.402301
0.575921,-3.041486
0.5657139999999999,-3.8512949999999995
0.5555059999999999,-4.826478
0.545299,-5.884348
0.535091,-6.901968999999999
0.524883,-7.722714999999999
0.514676,-8.132213
0.504468,-7.929214999999999
0.49426099999999995,-7.047218
0.48405299999999996,-5.671724
0.473846,-4.26998
0.463638,-3.221735
0.45343,-2.588238
0.443223,-2.2609899999999996
0.433015,-2.10699
0.42280799999999996,-2.0387399999999998
0.41259999999999997,-1.9967409999999999
0.402393,-1.9547409999999998
0.392185,-1.888241
0.38197699999999996,-1.795491
0.37177,-1.692242
0.361562,-1.599492
0.351355,-1.522493
0.341147,-1.471743
0.33094,-1.443743
0.32073199999999996,-1.412243
0.310525,-1.363243
0.300317,-1.287994
0.290109,-1.196994
0.279902,-1.104245
0.269694,-1.020245
0.25948699999999997,-0.9572449999999999
0.249279,-0.9064949999999999
0.23907199999999998,-0.8644959999999999
0.22886399999999998,-0.827746
0.218656,-0.789246
0.208449,-0.7524959999999999
0.198241,-0.722746
0.18803399999999998,-0.692996
0.17782599999999998,-0.6702469999999999
0.167619,-0.647497
0.157411,-0.629997
0.147203,-0.614247
0.136996,-0.5967469999999999
0.12678799999999998,-0.5862470000000001
0.11658099999999999,-0.573997
0.106373,-0.558247
0.096166048,-0.549497
0.08595848,-0.538997
0.07575092,-0.5302469999999999
0.065543348,-0.519747
0.055335776,-0.512747
0.045128204000000005,-0.5057470000000001
0.034920632,-0.493497
0.024713064,-0.488247
0.014505494,-0.47949699999999995
0.004297924,-0.468997
-0.005909646,-0.461997
-0.016117215,-0.45324699999999996
-0.026324786000000003,-0.44624800000000003
-0.036532356,-0.437498
-0.046739924,-0.42874799999999996
-0.056947496,-0.42174799999999996
-0.067155064,-0.412998
-0.077362632,-0.405998
-0.08757020800000001,-0.400748
-0.09777777600000001,-0.390248
-0.107985,-0.384998
-0.11819199999999999,-0.379748
-0.1284,-0.370998
-0.13860799999999998,-0.367498
-0.148815,-0.360498
-0.159023,-0.355248
-0.16923,-0.349998
-0.179438,-0.346498
-0.18964499999999998,-0.343873
-0.199853,-0.33862299999999995
-0.18964499999999998,-0.315873
-0.179438,-0.300998
-0.16923,-0.29049800000000003
-0.159023,-0.282623
-0.148815,-0.272998
-0.13860799999999998,-0.26687299999999997
-0.1284,-0.260748
-0.11819199999999999,-0.252873
-0.107985,-0.247623
-0.09777777600000001,-0.241498
-0.08757020800000001,-0.233623
-0.077362632,-0.22924799999999998
-0.067155064,-0.22137400000000002
-0.056947496,-0.21437399999999998
-0.046739924,-0.20737399999999998
-0.036532356,-0.200374
-0.026324786000000003,-0.193374
-0.016117215,-0.184624
-0.005909646,-0.178499
0.004297924,-0.17149899999999998
0.014505494,-0.162311
0.024713064,-0.155749
0.034920632,-0.15137399999999998
0.045128204000000005,-0.142186
0.055335776,-0.137811
0.065543348,-0.13256099999999998
0.07575092,-0.127749
0.08595848,-0.122499
0.096166048,-0.118999
0.106373,-0.11812399999999999
0.11658099999999999,-0.11243600000000001
0.12678799999999998,-0.111124
0.136996,-0.11156200000000001
0.147203,-0.107624
0.157411,-0.10718699999999999
0.167619,-0.107624
0.17782599999999998,-0.106749
0.18803399999999998,-0.106749
0.198241,-0.10718699999999999
0.208449,-0.11068700000000001
0.218656,-0.109812
0.22886399999999998,-0.110249
0.23907199999999998,-0.114186
0.249279,-0.111999
0.25948699999999997,-0.11156200000000001
0.269694,-0.114186
0.279902,-0.11374899999999999
0.290109,-0.11374899999999999
0.300317,-0.11243600000000001
0.310525,-0.111124
0.32073199999999996,-0.104999
0.33094,-0.09799956800000001
0.341147,-0.093187088
0.351355,-0.08618711200000001
0.361562,-0.08181213600000001
0.37177,-0.079624648
0.38197699999999996,-0.075905912
0.392185,-0.068030952
0.402393,-0.05599975200000001
0.41259999999999997,-0.04199981600000001
0.42280799999999996,-0.024937388
0.433015,-0.008531212
0.443223,0.006343722
0.45343,0.019031166
0.463638,0.029202996000000002
0.473846,0.035656092
0.48405299999999996,0.041015444000000005
0.49426099999999995,0.045937296
0.504468,0.049327904000000006
0.514676,0.05162476800000001
0.524883,0.054796632000000005
0.535091,0.058296616
0.545299,0.06114035200000001
0.5555059999999999,0.06518721200000001
0.5657139999999999,0.071530936
0.575921,0.07809340000000001
0.586129,0.08771836
0.596336,0.10314
0.606544,0.12435800000000001
0.616752,0.155968
0.6269589999999999,0.20485799999999998
0.6371669999999999,0.27934200000000003
0.647374,0.38893500000000003
0.657582,0.548841
0.667789,0.7717459999999999
0.677997,1.053823
0.688205,1.380962
0.6984119999999999,1.717617
0.7086199999999999,2.0035220000000002
0.718827,2.189677
0.729035,2.275427
0.739242,2.2732390000000002
0.74945,2.2098020000000003
0.7596579999999999,2.117928
0.7698649999999999,2.022115
0.780073,1.9284909999999997
0.79028,1.8436160000000001
0.800488,1.777992
0.8106949999999999,1.7289919999999999
0.8209029999999999,1.704054
0.8311109999999999,1.7145540000000001
0.841318,1.777992
0.851526,1.9136159999999998
0.861733,2.12974
0.871941,2.424614
0.8821479999999999,2.796049
0.8923559999999999,3.22086
0.9025639999999999,3.659233
0.912771,4.087543999999999
0.922979,4.515854999999999
0.933186,4.936728
0.943394,5.294600999999999
0.9536009999999999,5.505475
0.9638089999999999,5.51685
0.9740169999999999,5.366351
0.984224,5.118727
0.994432,4.791478
1.004639,4.442355
1.014847,4.143981
1.025054,3.9121070000000002
1.035262,3.743233
1.04547,3.622483
1.055677,3.540234
1.065885,3.483359
1.076092,3.4431089999999998
1.0863,3.415984
1.096507,3.394984
1.106715,3.024861
1.1169229999999999,2.595238
1.12713,2.2609899999999996
1.137338,1.9976160000000003
1.147545,1.785867
1.157753,1.612617
1.1679599999999999,1.468243
1.1781679999999999,1.346618
1.1883759999999999,1.243369
1.198583,1.154119
1.208791,1.076245
1.218998,1.007995
1.229206,0.9476199999999999
1.2394129999999999,0.894246
1.2496209999999999,0.846121
1.2598289999999999,0.803246
1.270036,0.7647459999999999
1.280244,0.7288709999999999
1.290451,0.6973710000000001
1.300659,0.6676219999999999
1.3108659999999999,0.640497
1.3210739999999999,0.615997
1.331281,0.593247
1.341489,0.571372
1.351697,0.5521219999999999
1.361904,0.533747
1.372112,0.517122
1.3823189999999999,0.5004970000000001
1.3925269999999998,0.48562200000000005
1.402734,0.471622
1.412942,0.457622
1.42315,0.445373
1.433357,0.433998
1.443565,0.42262299999999997
1.4537719999999998,0.411248
1.4639799999999998,0.401623
1.474187,0.391998
1.484395,0.383248
1.494603,0.37449799999999994
1.50481,0.36662300000000003
1.494603,0.358748
1.484395,0.350873
1.474187,0.343873
1.4639799999999998,0.336873
1.4537719999999998,0.33074800000000004
1.443565,0.323748
1.433357,0.318498
1.42315,0.312373
1.412942,0.307123
1.402734,0.301873
1.3925269999999998,0.29662299999999997
1.3823189999999999,0.291373
1.372112,0.28699800000000003
1.361904,0.282623
1.351697,0.278248
1.341489,0.273873
1.331281,0.26949799999999996
1.3210739999999999,0.265123
1.3108659999999999,0.261623
1.300659,0.258123
1.290451,0.25462300000000004
1.280244,0.250248
1.270036,0.246748
1.2598289999999999,0.24412300000000003
1.2496209999999999,0.24062299999999998
1.2394129999999999,0.237998
1.229206,0.23449799999999998
1.218998,0.231873
1.208791,0.22924799999999998
1.198583,0.226623
1.1883759999999999,0.22312400000000002
1.1781679999999999,0.220499
1.1679599999999999,0.21787399999999998
1.157753,0.215249
1.147545,0.213499
1.137338,0.21087399999999998
1.12713,0.20912399999999998
1.1169229999999999,0.206499
1.106715,0.20474900000000001
1.096507,0.19074899999999997
1.0863,0.157499
1.076092,0.132124
1.065885,0.110249
1.055677,0.09362458400000001
1.04547,0.078749648
1.035262,0.066062208
1.025054,0.055562252000000006
1.014847,0.046156044
1.004639,0.038062332
0.994432,0.031281112
0.984224,0.024609266
0.9740169999999999,0.01914054
0.9638089999999999,0.014109313000000002
0.9536009999999999,0.009187459
0.943394,-0.026297484000000003
0.933186,-0.029993466000000007
0.922979,-0.031858262000000005
0.912771,-0.034770248000000004
0.9025639999999999,-0.03625424000000001
0.8923559999999999,-0.03727343600000001
0.8821479999999999,-0.04024142000000001
0.871941,-0.042139812000000006
0.861733,-0.04355100800000001
0.851526,-0.0458918
0.841318,-0.048002988
0.8311109999999999,-0.049884580000000005
0.8209029999999999,-0.05381226
0.8106949999999999,-0.061577852
0.800488,-0.070655936
0.79028,-0.07984340000000001
0.780073,-0.091874592
0.7698649999999999,-0.10521799999999999
0.7596579999999999,-0.11987400000000001
0.74945,-0.13802999999999999
0.739242,-0.158374
0.729035,-0.18243600000000001
0.718827,-0.21021700000000001
0.7086199999999999,-0.24401399999999998
0.6984119999999999,-0.284045
0.688205,-0.329873
0.677997,-0.387185
0.667789,-0.45641899999999996
0.657582,-0.539435
0.647374,-0.64345
0.6371669999999999,-0.771527
0.6269589999999999,-0.9304479999999999
0.616752,-1.118245
0.606544,-1.384243
0.596336,-1.716523
0.586129,-2.140459
0.575921,-2.713362
0.5657139999999999,-3.444422
0.5555059999999999,-4.346543
0.545299,-5.415351
0.535091,-6.500345
0.524883,-7.483841
0.514676,-8.164588
0.504468,-8.317712
0.49426099999999995,-7.775214999999999
0.48405299999999996,-6.56947
0.473846,-5.073226999999999
0.463638,-3.7782329999999997
0.45343,-2.911987
0.443223,-2.434239
0.433015,-2.20149
0.42280799999999996,-2.09299
0.41259999999999997,-2.03524
0.402393,-1.994991
0.392185,-1.933741
0.38197699999999996,-1.847991
0.37177,-1.746492
0.361562,-1.648492
0.351355,-1.562742
0.341147,-1.4997429999999998
0.33094,-1.4647430000000001
0.32073199999999996,-1.4384929999999998
0.310525,-1.398243
0.300317,-1.336994
0.290109,-1.2494939999999999
0.279902,-1.153244
0.269694,-1.065745
0.25948699999999997,-0.9922449999999999
0.249279,-0.934495
0.23907199999999998,-0.887246
0.22886399999999998,-0.8504959999999999
0.218656,-0.813746
0.208449,-0.773496
0.198241,-0.741996
0.18803399999999998,-0.710496
0.17782599999999998,-0.6842459999999999
0.167619,-0.663247
0.157411,-0.642247
0.147203,-0.6247469999999999
0.136996,-0.607247
0.12678799999999998,-0.5949969999999999
0.11658099999999999,-0.582747
0.106373,-0.566997
0.096166048,-0.558247
0.08595848,-0.547747
0.07575092,-0.535497
0.065543348,-0.526747
0.055335776,-0.519747
0.045128204000000005,-0.510997
0.034920632,-0.5004970000000001
0.024713064,-0.493497
0.014505494,-0.48649699999999996
0.004297924,-0.475997
-0.005909646,-0.46724699999999997
-0.016117215,-0.46024699999999996
-0.026324786000000003,-0.449747
-0.036532356,-0.44274800000000003
-0.046739924,-0.433998
-0.056947496,-0.42524799999999996
-0.067155064,-0.41824799999999995
-0.077362632,-0.40949800000000003
-0.08757020800000001,-0.404248
-0.09777777600000001,-0.397248
-0.107985,-0.388498
-0.11819199999999999,-0.383248
-0.1284,-0.37624799999999997
-0.13860799999999998,-0.370998
-0.148815,-0.365748
-0.159023,-0.358748
-0.16923,-0.355248
-0.179438,-0.350873
-0.18964499999999998,-0.346498
-0.199853,-0.34299799999999997
-0.18964499999999998,-0.317623
-0.179438,-0.304498
-0.16923,-0.29399800000000004
-0.159023,-0.284373
-0.148815,-0.277373
-0.13860799999999998,-0.26949799999999996
-0.1284,-0.26249799999999995
-0.11819199999999999,-0.255498
-0.107985,-0.24937299999999998
-0.09777777600000001,-0.24324800000000002
-0.08757020800000001,-0.235373
-0.077362632,-0.230123
-0.067155064,-0.223999
-0.056947496,-0.215249
-0.046739924,-0.20912399999999998
-0.036532356,-0.202124
-0.026324786000000003,-0.194249
-0.016117215,-0.18724899999999997
-0.005909646,-0.178499
0.004297924,-0.172374
0.014505494,-0.164061
0.024713064,-0.157499
0.034920632,-0.153999
0.045128204000000005,-0.143936
0.055335776,-0.138686
0.065543348,-0.135186
0.07575092,-0.12949899999999998
0.08595848,-0.125561
0.096166048,-0.122499
0.106373,-0.120749
0.11658099999999999,-0.116811
0.12678799999999998,-0.11374899999999999
0.136996,-0.11637399999999999
0.147203,-0.11243600000000001
0.157411,-0.110249
0.167619,-0.11243600000000001
0.17782599999999998,-0.111124
0.18803399999999998,-0.111124
0.198241,-0.112874
0.208449,-0.115061
0.218656,-0.11549899999999999
0.22886399999999998,-0.11549899999999999
0.23907199999999998,-0.11812399999999999
0.249279,-0.11637399999999999
0.25948699999999997,-0.11549899999999999
0.269694,-0.118561
0.279902,-0.117686
0.290109,-0.116811
0.300317,-0.11549899999999999
0.310525,-0.11243600000000001
0.32073199999999996,-0.10631199999999999
0.33094,-0.09887456800000001
0.341147,-0.093187088
0.351355,-0.08837460800000001
0.361562,-0.08399963200000002
0.37177,-0.081593384
0.38197699999999996,-0.075905912
0.392185,-0.06474971600000001
0.402393,-0.05206226800000001
0.41259999999999997,-0.036312340000000005
0.42280799999999996,-0.019249914000000003
0.433015,-0.0028437370000000003
0.443223,0.011593698000000001
0.45343,0.022531150000000003
0.463638,0.032156106000000004
0.473846,0.037952956
0.48405299999999996,0.04199981600000001
0.49426099999999995,0.047140416000000004
0.504468,0.049984152000000004
0.514676,0.052171644
0.524883,0.055781004
0.535091,0.059171612000000005
0.545299,0.062780972
0.5555059999999999,0.06693720400000001
0.5657139999999999,0.07393717600000001
0.575921,0.082140264
0.586129,0.093077712
0.596336,0.11167099999999999
0.606544,0.137483
0.616752,0.17532699999999998
0.6269589999999999,0.235702
0.6371669999999999,0.325279
0.647374,0.457185
0.657582,0.6454179999999999
0.667789,0.899058
0.677997,1.193822
0.688205,1.544368
0.6984119999999999,1.865054
0.7086199999999999,2.10874
0.718827,2.244802
0.729035,2.2854889999999997
0.739242,2.250927
0.74945,2.170427
0.7596579999999999,2.073303
0.7698649999999999,1.977053
0.780073,1.888241
0.79028,1.810366
0.800488,1.752179
0.8106949999999999,1.7145540000000001
0.8209029999999999,1.703617
0.8311109999999999,1.737304
0.841318,1.833554
0.851526,2.008991
0.861733,2.266239
0.871941,2.6013629999999996
0.8821479999999999,3.007361
0.8923559999999999,3.448359
0.9025639999999999,3.887169
0.912771,4.31898
0.922979,4.748602999999999
0.933186,5.159852
0.943394,5.4626
0.9536009999999999,5.5851
0.9638089999999999,5.50985
0.9740169999999999,5.298976
0.984224,5.004102
0.994432,4.647104
1.004639,4.307605
1.014847,4.035482
1.025054,3.829857
1.035262,3.681108
1.04547,3.576984
1.055677,3.504359
1.065885,3.4562340000000003
1.076092,3.420359
1.0863,3.394109
1.096507,3.373109
1.106715,3.007361
1.1169229999999999,2.5812380000000004
1.12713,2.249614
1.137338,1.988866
1.147545,1.778867
1.157753,1.605617
1.1679599999999999,1.462118
1.1781679999999999,1.341369
1.1883759999999999,1.238119
1.198583,1.1497439999999999
1.208791,1.07187
1.218998,1.004495
1.229206,0.94412
1.2394129999999999,0.890746
1.2496209999999999,0.844371
1.2598289999999999,0.801496
1.270036,0.762121
1.280244,0.727996
1.290451,0.695621
1.300659,0.6667470000000001
1.3108659999999999,0.6396219999999999
1.3210739999999999,0.614247
1.331281,0.592372
1.341489,0.571372
1.351697,0.551247
1.361904,0.532872
1.372112,0.5162469999999999
1.3823189999999999,0.499622
1.3925269999999998,0.48474700000000004
1.402734,0.47074699999999997
1.412942,0.457622
1.42315,0.445373
1.433357,0.433123
1.443565,0.42262299999999997
1.4537719999999998,0.411248
1.4639799999999998,0.401623
1.474187,0.391998
1.484395,0.383248
1.494603,0.37449799999999994
1.50481,0.365748
1.494603,0.358748
1.484395,0.350873
1.474187,0.343873
1.4639799999999998,0.337748
1.4537719999999998,0.33074800000000004
1.443565,0.324623
1.433357,0.318498
1.42315,0.312373
1.412942,0.307123
1.402734,0.301873
1.3925269999999998,0.29662299999999997
1.3823189999999999,0.292248
1.372112,0.28699800000000003
1.361904,0.282623
1.351697,0.278248
1.341489,0.273873
1.331281,0.26949799999999996
1.3210739999999999,0.26599799999999996
1.3108659999999999,0.26249799999999995
1.300659,0.258123
1.290451,0.25462300000000004
1.280244,0.25112300000000004
1.270036,0.247623
1.2598289999999999,0.244998
1.2496209999999999,0.241498
1.2394129999999999,0.237998
1.229206,0.235373
1.218998,0.231873
1.208791,0.22924799999999998
1.198583,0.226623
1.1883759999999999,0.223999
1.1781679999999999,0.22137400000000002
1.1679599999999999,0.218749
1.157753,0.21612399999999998
1.147545,0.213499
1.137338,0.211749
1.12713,0.20912399999999998
1.1169229999999999,0.20737399999999998
1.106715,0.20474900000000001
1.096507,0.191624
1.0863,0.159249
1.076092,0.13299899999999998
1.065885,0.111999
1.055677,0.09406208
1.04547,0.079624648
1.035262,0.06693720400000001
1.025054,0.05599975200000001
1.014847,0.04703104
1.004639,0.03893732800000001
0.994432,0.032156106000000004
0.984224,0.025374888
0.9740169999999999,0.020015536000000004
0.9638089999999999,0.015312433
0.9536009999999999,0.009953081
0.943394,-0.025647888000000004
0.933186,-0.029523070000000002
0.922979,-0.031393464
0.912771,-0.034199048
0.9025639999999999,-0.035733444
0.8923559999999999,-0.03658464
0.8821479999999999,-0.039619824000000005
0.871941,-0.041540616
0.861733,-0.042778212
0.851526,-0.04517500000000001
0.841318,-0.047314192000000005
0.8311109999999999,-0.04904458400000001
0.8209029999999999,-0.051077896000000005
0.8106949999999999,-0.058077868000000005
0.800488,-0.066390328
0.79028,-0.07546841600000001
0.780073,-0.08651524000000001
0.7698649999999999,-0.099421432
0.7596579999999999,-0.112874
0.74945,-0.12928
0.739242,-0.148639
0.729035,-0.170624
0.718827,-0.196655
0.7086199999999999,-0.22793599999999997
0.6984119999999999,-0.264139
0.688205,-0.306467
0.677997,-0.35842
0.667789,-0.42152900000000004
0.657582,-0.49656
0.647374,-0.590075
0.6371669999999999,-0.705793
0.6269589999999999,-0.847761
0.616752,-1.022651
0.606544,-1.2494939999999999
0.596336,-1.5417429999999999
0.586129,-1.921491
0.575921,-2.419364
0.5657139999999999,-3.070798
0.5555059999999999,-3.9059820000000003
0.545299,-4.9218519999999994
0.535091,-6.037472999999999
0.524883,-7.131218
0.514676,-8.029838
0.504468,-8.503212
0.49426099999999995,-8.338712999999998
0.48405299999999996,-7.426967
0.473846,-5.970973
0.463638,-4.48173
0.45343,-3.3529850000000003
0.443223,-2.679238
0.433015,-2.332739
0.42280799999999996,-2.16649
0.41259999999999997,-2.08249
0.402393,-2.03699
0.392185,-1.982741
0.38197699999999996,-1.898741
0.37177,-1.804241
0.361562,-1.6992420000000001
0.351355,-1.606492
0.341147,-1.532993
0.33094,-1.489243
0.32073199999999996,-1.459493
0.310525,-1.429743
0.300317,-1.3807429999999998
0.290109,-1.301994
0.279902,-1.203994
0.269694,-1.109495
0.25948699999999997,-1.0307449999999998
0.249279,-0.965995
0.23907199999999998,-0.913495
0.22886399999999998,-0.873246
0.218656,-0.8364959999999999
0.208449,-0.794496
0.198241,-0.761246
0.18803399999999998,-0.729746
0.17782599999999998,-0.6982459999999999
0.167619,-0.6772459999999999
0.157411,-0.654497
0.147203,-0.635247
0.136996,-0.6177469999999999
0.12678799999999998,-0.6037469999999999
0.11658099999999999,-0.5914969999999999
0.106373,-0.577497
0.096166048,-0.563497
0.08595848,-0.554747
0.07575092,-0.542497
0.065543348,-0.5319969999999999
0.055335776,-0.5249969999999999
0.045128204000000005,-0.5162469999999999
0.034920632,-0.5074970000000001
0.024713064,-0.498747
0.014505494,-0.491747
0.004297924,-0.481247
-0.005909646,-0.472497
-0.016117215,-0.465497
-0.026324786000000003,-0.45674699999999996
-0.036532356,-0.447998
-0.046739924,-0.440998
-0.056947496,-0.43224799999999997
-0.067155064,-0.423498
-0.077362632,-0.416498
-0.08757020800000001,-0.407748
-0.09777777600000001,-0.400748
-0.107985,-0.393748
-0.11819199999999999,-0.388498
-0.1284,-0.38149799999999995
-0.13860799999999998,-0.37449799999999994
-0.148815,-0.370998
-0.159023,-0.363998
-0.16923,-0.357873
-0.179438,-0.355248
-0.18964499999999998,-0.350873
-0.199853,-0.346498
-0.18964499999999998,-0.321998
-0.179438,-0.307123
-0.16923,-0.297498
-0.159023,-0.287873
-0.148815,-0.279123
-0.13860799999999998,-0.272998
-0.1284,-0.265123
-0.11819199999999999,-0.258123
-0.107985,-0.251998
-0.09777777600000001,-0.244998
-0.08757020800000001,-0.238873
-0.077362632,-0.23099799999999998
-0.067155064,-0.225748
-0.056947496,-0.216999
-0.046739924,-0.20912399999999998
-0.036532356,-0.20474900000000001
-0.026324786000000003,-0.195999
-0.016117215,-0.18724899999999997
-0.005909646,-0.181124
0.004297924,-0.173249
0.014505494,-0.166249
0.024713064,-0.159249
0.034920632,-0.155311
0.045128204000000005,-0.14743599999999998
0.055335776,-0.139999
0.065543348,-0.138686
0.07575092,-0.132124
0.08595848,-0.128624
0.096166048,-0.12643600000000002
0.106373,-0.123374
0.11658099999999999,-0.120311
0.12678799999999998,-0.116811
0.136996,-0.118561
0.147203,-0.116811
0.157411,-0.114186
0.167619,-0.11637399999999999
0.17782599999999998,-0.115936
0.18803399999999998,-0.11462399999999999
0.198241,-0.11812399999999999
0.208449,-0.11987400000000001
0.218656,-0.11943599999999999
0.22886399999999998,-0.11987400000000001
0.23907199999999998,-0.12118600000000002
0.249279,-0.120311
0.25948699999999997,-0.11943599999999999
0.269694,-0.12118600000000002
0.279902,-0.122061
0.290109,-0.118999
0.300317,-0.11812399999999999
0.310525,-0.114186
0.32073199999999996,-0.105874
0.33094,-0.100187
0.341147,-0.09449958400000001
0.351355,-0.09012460000000001
0.361562,-0.086624616
0.37177,-0.082249632
0.38197699999999996,-0.07503092
0.392185,-0.061249732
0.402393,-0.046374792000000005
0.41259999999999997,-0.030624866
0.42280799999999996,-0.012687444
0.433015,0.0032812350000000004
0.443223,0.015859305
0.45343,0.026249884000000005
0.463638,0.03423422400000001
0.473846,0.04003107200000001
0.48405299999999996,0.043421684
0.49426099999999995,0.048015412
0.504468,0.051077896000000005
0.514676,0.052827888
0.524883,0.05709349600000001
0.535091,0.06026536
0.545299,0.063984092
0.5555059999999999,0.069452816
0.5657139999999999,0.07656216
0.575921,0.08673399200000001
0.586129,0.09996830400000001
0.596336,0.12162400000000001
0.606544,0.15345199999999998
0.616752,0.199608
0.6269589999999999,0.272561
0.6371669999999999,0.380732
0.647374,0.537466
0.657582,0.756543
0.667789,1.0379639999999999
0.677997,1.3667429999999998
0.688205,1.702742
0.6984119999999999,1.9938969999999998
0.7086199999999999,2.190552
0.718827,2.277177
0.729035,2.278927
0.739242,2.22074
0.74945,2.128427
0.7596579999999999,2.0286779999999998
0.7698649999999999,1.9354909999999999
0.780073,1.851491
0.79028,1.781492
0.800488,1.731617
0.8106949999999999,1.706242
0.8209029999999999,1.714117
0.8311109999999999,1.774492
0.841318,1.9083660000000002
0.851526,2.124053
0.861733,2.421989
0.871941,2.796925
0.8821479999999999,3.2309229999999998
0.8923559999999999,3.6797959999999996
0.9025639999999999,4.115544
0.912771,4.553478999999999
0.922979,4.984852
0.933186,5.363726000000001
0.943394,5.594725
0.9536009999999999,5.618349
0.9638089999999999,5.468725
0.9740169999999999,5.207976
0.984224,4.867603
0.994432,4.501855
1.004639,4.183356
1.014847,3.9392319999999996
1.025054,3.758108
1.035262,3.626858
1.04547,3.537609
1.055677,3.473734
1.065885,3.429109
1.076092,3.397609
1.0863,3.372235
1.096507,3.351235
1.106715,2.988986
1.1169229999999999,2.567238
1.12713,2.239115
1.137338,1.979241
1.147545,1.770117
1.157753,1.598617
1.1679599999999999,1.4559929999999999
1.1781679999999999,1.336994
1.1883759999999999,1.233744
1.198583,1.145369
1.208791,1.06837
1.218998,1.0009949999999999
1.229206,0.941495
1.2394129999999999,0.888996
1.2496209999999999,0.841746
1.2598289999999999,0.798871
1.270036,0.761246
1.280244,0.7262460000000001
1.290451,0.694746
1.300659,0.6649970000000001
1.3108659999999999,0.638747
1.3210739999999999,0.614247
1.331281,0.5914969999999999
1.341489,0.570497
1.351697,0.551247
1.361904,0.532872
1.372112,0.5162469999999999
1.3823189999999999,0.499622
1.3925269999999998,0.48562200000000005
1.402734,0.47074699999999997
1.412942,0.457622
1.42315,0.44624800000000003
1.433357,0.433998
1.443565,0.42262299999999997
1.4537719999999998,0.412123
1.4639799999999998,0.402498
1.474187,0.39287299999999997
1.484395,0.384123
1.494603,0.37537299999999996
1.50481,0.367498
1.494603,0.358748
1.484395,0.351748
1.474187,0.344748
1.4639799999999998,0.337748
1.4537719999999998,0.331623
1.443565,0.325498
1.433357,0.319373
1.42315,0.31324799999999997
1.412942,0.307998
1.402734,0.30274799999999996
1.3925269999999998,0.297498
1.3823189999999999,0.293123
1.372112,0.287873
1.361904,0.283498
1.351697,0.279123
1.341489,0.274748
1.331281,0.270373
1.3210739999999999,0.26687299999999997
1.3108659999999999,0.26249799999999995
1.300659,0.25899799999999995
1.290451,0.255498
1.280244,0.251998
1.270036,0.24849799999999997
1.2598289999999999,0.244998
1.2496209999999999,0.242373
1.2394129999999999,0.238873
1.229206,0.23624799999999999
1.218998,0.233623
1.208791,0.230123
1.198583,0.22749799999999998
1.1883759999999999,0.22487300000000002
1.1781679999999999,0.222249
1.1679599999999999,0.219624
1.157753,0.216999
1.147545,0.215249
1.137338,0.21262399999999998
1.12713,0.21087399999999998
1.1169229999999999,0.208249
1.106715,0.205624
1.096507,0.192499
1.0863,0.160124
1.076092,0.133874
1.065885,0.112874
1.055677,0.09493708000000001
1.04547,0.08006214400000002
1.035262,0.0678122
1.025054,0.056874748
1.014847,0.047906036000000006
1.004639,0.039812324
0.994432,0.032812352
0.984224,0.026468634
0.9740169999999999,0.020671782000000003
0.9638089999999999,0.015859305
0.9536009999999999,0.011046826000000001
0.943394,-0.025115890000000002
0.933186,-0.028996672
0.922979,-0.030939864
0.912771,-0.033678252
0.9025639999999999,-0.035145444000000005
0.8923559999999999,-0.036041444
0.8821479999999999,-0.038886228
0.871941,-0.04091902
0.861733,-0.04207261600000001
0.851526,-0.044424604
0.841318,-0.046614192000000006
0.8311109999999999,-0.048271788
0.8209029999999999,-0.050186980000000006
0.8106949999999999,-0.05545288
0.800488,-0.062890344
0.79028,-0.07164031200000001
0.780073,-0.08181213600000001
0.7698649999999999,-0.093515208
0.7596579999999999,-0.10631199999999999
0.74945,-0.121405
0.739242,-0.13978
0.729035,-0.160124
0.718827,-0.183858
0.7086199999999999,-0.21295199999999997
0.6984119999999999,-0.24642
0.688205,-0.285029
0.677997,-0.332607
0.667789,-0.39002899999999996
0.657582,-0.458716
0.647374,-0.542497
0.6371669999999999,-0.64684
0.6269589999999999,-0.774371
0.616752,-0.932636
0.606544,-1.121854
0.596336,-1.389931
0.586129,-1.7243979999999999
0.575921,-2.1551150000000003
0.5657139999999999,-2.736112
0.5555059999999999,-3.488171
0.545299,-4.416542
0.535091,-5.5361
0.524883,-6.694595
0.514676,-7.754215
0.504468,-8.499712
0.49426099999999995,-8.700961
0.48405299999999996,-8.161963
0.473846,-6.903719
0.463638,-5.323476
0.45343,-3.933982
0.443223,-3.013486
0.433015,-2.512988
0.42280799999999996,-2.267989
0.41259999999999997,-2.14374
0.402393,-2.08074
0.392185,-2.029991
0.38197699999999996,-1.9512410000000002
0.37177,-1.8584910000000001
0.361562,-1.755242
0.351355,-1.653742
0.341147,-1.571493
0.33094,-1.515493
0.32073199999999996,-1.482243
0.310525,-1.454243
0.300317,-1.415743
0.290109,-1.3509939999999998
0.279902,-1.258244
0.269694,-1.160244
0.25948699999999997,-1.074495
0.249279,-0.997495
0.23907199999999998,-0.9397449999999999
0.22886399999999998,-0.897745
0.218656,-0.859246
0.208449,-0.8189960000000001
0.198241,-0.782246
0.18803399999999998,-0.7489959999999999
0.17782599999999998,-0.717496
0.167619,-0.689496
0.157411,-0.6702469999999999
0.147203,-0.647497
0.136996,-0.628247
0.12678799999999998,-0.614247
0.11658099999999999,-0.600247
0.106373,-0.5862470000000001
0.096166048,-0.573997
0.08595848,-0.563497
0.07575092,-0.552997
0.065543348,-0.538997
0.055335776,-0.533747
0.045128204000000005,-0.5232469999999999
0.034920632,-0.512747
0.024713064,-0.5074970000000001
0.014505494,-0.49699699999999997
0.004297924,-0.488247
-0.005909646,-0.47949699999999995
-0.016117215,-0.47074699999999997
-0.026324786000000003,-0.46374699999999996
-0.036532356,-0.45324699999999996
-0.046739924,-0.44624800000000003
-0.056947496,-0.439248
-0.067155064,-0.42874799999999996
-0.077362632,-0.423498
-0.08757020800000001,-0.41474799999999995
-0.09777777600000001,-0.407748
-0.107985,-0.400748
-0.11819199999999999,-0.391998
-0.1284,-0.386748
-0.13860799999999998,-0.379748
-0.148815,-0.372748
-0.159023,-0.369248
-0.16923,-0.362248
-0.179438,-0.357873
-0.18964499999999998,-0.355248
-0.199853,-0.34912299999999996
-0.18964499999999998,-0.326373
-0.179438,-0.311498
-0.16923,-0.300998
-0.159023,-0.292248
-0.148815,-0.282623
-0.13860799999999998,-0.276498
-0.1284,-0.268623
-0.11819199999999999,-0.260748
-0.107985,-0.255498
-0.09777777600000001,-0.247623
-0.08757020800000001,-0.23974800000000002
-0.077362632,-0.233623
-0.067155064,-0.22749799999999998
-0.056947496,-0.219624
-0.046739924,-0.211749
-0.036532356,-0.206499
-0.026324786000000003,-0.197749
-0.016117215,-0.18812399999999999
-0.005909646,-0.182874
0.004297924,-0.174999
0.014505494,-0.167561
0.024713064,-0.161436
0.034920632,-0.156186
0.045128204000000005,-0.14918599999999999
0.055335776,-0.142624
0.065543348,-0.140436
0.07575092,-0.136936
0.08595848,-0.13081099999999998
0.096166048,-0.12949899999999998
0.106373,-0.127311
0.11658099999999999,-0.122499
0.12678799999999998,-0.122499
0.136996,-0.122499
0.147203,-0.120311
0.157411,-0.118999
0.167619,-0.11987400000000001
0.17782599999999998,-0.120749
0.18803399999999998,-0.120311
0.198241,-0.122499
0.208449,-0.125124
0.218656,-0.123374
0.22886399999999998,-0.12424899999999998
0.23907199999999998,-0.125124
0.249279,-0.12424899999999998
0.25948699999999997,-0.12424899999999998
0.269694,-0.124686
0.279902,-0.125124
0.290109,-0.122061
0.300317,-0.118999
0.310525,-0.115061
0.32073199999999996,-0.10631199999999999
0.33094,-0.100624
0.341147,-0.09668707200000001
0.351355,-0.091874592
0.361562,-0.088812104
0.37177,-0.08268712800000001
0.38197699999999996,-0.072187176
0.392185,-0.05709349600000001
0.402393,-0.04024982
0.41259999999999997,-0.024499892000000002
0.42280799999999996,-0.00678122
0.433015,0.008859336
0.443223,0.019687412
0.45343,0.029640494
0.463638,0.036749836
0.473846,0.041562316
0.48405299999999996,0.04517167600000001
0.49426099999999995,0.048562284000000004
0.504468,0.05206226800000001
0.514676,0.053921636
0.524883,0.058077868000000005
0.535091,0.06212472
0.545299,0.06540596000000001
0.5555059999999999,0.071968432
0.5657139999999999,0.08060902400000002
0.575921,0.091874592
0.586129,0.10838999999999999
0.596336,0.13409300000000002
0.606544,0.172483
0.616752,0.229358
0.6269589999999999,0.31718599999999997
0.6371669999999999,0.447232
0.647374,0.630544
0.657582,0.880792
0.667789,1.1773069999999999
0.677997,1.5281799999999999
0.688205,1.850179
0.6984119999999999,2.101084
0.7086199999999999,2.248302
0.718827,2.289864
0.729035,2.2583640000000003
0.739242,2.182677
0.74945,2.0842400000000003
0.7596579999999999,1.9844909999999998
0.7698649999999999,1.895679
0.780073,1.817804
0.79028,1.755679
0.800488,1.7171789999999998
0.8106949999999999,1.706242
0.8209029999999999,1.735992
0.8311109999999999,1.828741
0.841318,2.002428
0.851526,2.2583640000000003
0.861733,2.596988
0.871941,3.0086739999999996
0.8821479999999999,3.460172
0.8923559999999999,3.910357
0.9025639999999999,4.347855
0.912771,4.787103
0.922979,5.211476
0.933186,5.5396
0.943394,5.6769739999999995
0.9536009999999999,5.612224
0.9638089999999999,5.398725
0.9740169999999999,5.089852
0.984224,4.718853999999999
0.994432,4.360105
1.004639,4.069605999999999
1.014847,3.8534819999999996
1.025054,3.695983
1.035262,3.5804839999999998
1.04547,3.499984
1.055677,3.445734
1.065885,3.404609
1.076092,3.37486
1.0863,3.351235
1.096507,3.32936
1.106715,2.971486
1.1169229999999999,2.553238
1.12713,2.2277400000000003
1.137338,1.970491
1.147545,1.7622419999999999
1.157753,1.592492
1.1679599999999999,1.451618
1.1781679999999999,1.331744
1.1883759999999999,1.229369
1.198583,1.141869
1.208791,1.06487
1.218998,0.9983700000000001
1.229206,0.93887
1.2394129999999999,0.887246
1.2496209999999999,0.839996
1.2598289999999999,0.797996
1.270036,0.759496
1.280244,0.724496
1.290451,0.692996
1.300659,0.664122
1.3108659999999999,0.637872
1.3210739999999999,0.613372
1.331281,0.590622
1.341489,0.569622
1.351697,0.550372
1.361904,0.5319969999999999
1.372112,0.5153719999999999
1.3823189999999999,0.499622
1.3925269999999998,0.48474700000000004
1.402734,0.47074699999999997
1.412942,0.457622
1.42315,0.445373
1.433357,0.433998
1.443565,0.42262299999999997
1.4537719999999998,0.412123
1.4639799999999998,0.402498
1.474187,0.39287299999999997
1.484395,0.384123
1.494603,0.37537299999999996
1.50481,0.367498
1.494603,0.359623
1.484395,0.35262299999999996
1.474187,0.34562299999999996
1.4639799999999998,0.33862299999999995
1.4537719999999998,0.331623
1.443565,0.325498
1.433357,0.320248
1.42315,0.314123
1.412942,0.308873
1.402734,0.303623
1.3925269999999998,0.29837299999999994
1.3823189999999999,0.293123
1.372112,0.288748
1.361904,0.283498
1.351697,0.279998
1.341489,0.275623
1.331281,0.271248
1.3210739999999999,0.26687299999999997
1.3108659999999999,0.26337299999999997
1.300659,0.25987299999999997
1.290451,0.25637299999999996
1.280244,0.251998
1.270036,0.24937299999999998
1.2598289999999999,0.24587299999999998
1.2496209999999999,0.24324800000000002
1.2394129999999999,0.23974800000000002
1.229206,0.23624799999999999
1.218998,0.23449799999999998
1.208791,0.23099799999999998
1.198583,0.228373
1.1883759999999999,0.225748
1.1781679999999999,0.22312400000000002
1.1679599999999999,0.220499
1.157753,0.21787399999999998
1.147545,0.21612399999999998
1.137338,0.213499
1.12713,0.21087399999999998
1.1169229999999999,0.20912399999999998
1.106715,0.206499
1.096507,0.193374
1.0863,0.160124
1.076092,0.13474899999999998
1.065885,0.112874
1.055677,0.09624956800000001
1.04547,0.08093714400000002
1.035262,0.06868719200000001
1.025054,0.057749744
1.014847,0.048562284000000004
1.004639,0.04068732
0.994432,0.03346860200000001
0.984224,0.02734363
0.9740169999999999,0.021546778000000003
0.9638089999999999,0.016624926
0.9536009999999999,0.011812448000000001
0.943394,-0.024617492
0.933186,-0.028576674000000003
0.922979,-0.030413464000000005
0.912771,-0.033219054000000005
0.9025639999999999,-0.034557448
0.8923559999999999,-0.035459044
0.8821479999999999,-0.038348632
0.871941,-0.04019662
0.861733,-0.041434216
0.851526,-0.043679808
0.841318,-0.0459086
0.8311109999999999,-0.047577392
0.8209029999999999,-0.04933578
0.8106949999999999,-0.052827888
0.800488,-0.059499736000000004
0.79028,-0.067484072
0.780073,-0.077655904
0.7698649999999999,-0.08804648
0.7596579999999999,-0.100624
0.74945,-0.11462399999999999
0.739242,-0.13124899999999998
0.729035,-0.150608
0.718827,-0.172374
0.7086199999999999,-0.199608
0.6984119999999999,-0.230233
0.688205,-0.265451
0.677997,-0.30974799999999997
0.667789,-0.361701
0.657582,-0.424263
0.647374,-0.5004970000000001
0.6371669999999999,-0.5939030000000001
0.6269589999999999,-0.709403
0.616752,-0.851043
0.606544,-1.0277919999999998
0.596336,-1.256494
0.586129,-1.5504930000000001
0.575921,-1.937241
0.5657139999999999,-2.440801
0.5555059999999999,-3.1066730000000002
0.545299,-3.965482
0.535091,-5.020727
0.524883,-6.2019720000000005
0.514676,-7.370092
0.504468,-8.326462999999999
0.49426099999999995,-8.87071
0.48405299999999996,-8.721961
0.473846,-7.780465
0.463638,-6.2579720000000005
0.45343,-4.667229
0.443223,-3.4684839999999997
0.433015,-2.764987
0.42280799999999996,-2.400989
0.41259999999999997,-2.22074
0.402393,-2.13499
0.392185,-2.07899
0.38197699999999996,-2.005491
0.37177,-1.912741
0.361562,-1.8112409999999999
0.351355,-1.704492
0.341147,-1.611742
0.33094,-1.545243
0.32073199999999996,-1.5032429999999999
0.310525,-1.476993
0.300317,-1.447243
0.290109,-1.3947429999999998
0.279902,-1.308994
0.269694,-1.210994
0.25948699999999997,-1.1199949999999999
0.249279,-1.035995
0.23907199999999998,-0.9712449999999999
0.22886399999999998,-0.9239949999999999
0.218656,-0.880246
0.208449,-0.841746
0.198241,-0.803246
0.18803399999999998,-0.768246
0.17782599999999998,-0.734996
0.167619,-0.7052459999999999
0.157411,-0.682496
0.147203,-0.661497
0.136996,-0.640497
0.12678799999999998,-0.626497
0.11658099999999999,-0.6107469999999999
0.106373,-0.5949969999999999
0.096166048,-0.584497
0.08595848,-0.5722470000000001
0.07575092,-0.559997
0.065543348,-0.547747
0.055335776,-0.538997
0.045128204000000005,-0.5302469999999999
0.034920632,-0.5179969999999999
0.024713064,-0.512747
0.014505494,-0.503997
0.004297924,-0.493497
-0.005909646,-0.48649699999999996
-0.016117215,-0.47774700000000003
-0.026324786000000003,-0.468997
-0.036532356,-0.458497
-0.046739924,-0.449747
-0.056947496,-0.444498
-0.067155064,-0.433998
-0.077362632,-0.42874799999999996
-0.08757020800000001,-0.419998
-0.09777777600000001,-0.412998
-0.107985,-0.405998
-0.11819199999999999,-0.397248
-0.1284,-0.390248
-0.13860799999999998,-0.384998
-0.148815,-0.379748
-0.159023,-0.372748
-0.16923,-0.367498
-0.179438,-0.362248
-0.18964499999999998,-0.359623
-0.199853,-0.354373
-0.18964499999999998,-0.329873
-0.179438,-0.315873
-0.16923,-0.304498
-0.159023,-0.29574799999999996
-0.148815,-0.286123
-0.13860799999999998,-0.279998
-0.1284,-0.272123
-0.11819199999999999,-0.264248
-0.107985,-0.258123
-0.09777777600000001,-0.25112300000000004
-0.08757020800000001,-0.24324800000000002
-0.077362632,-0.237123
-0.067155064,-0.230123
-0.056947496,-0.22137400000000002
-0.046739924,-0.213499
-0.036532356,-0.206499
-0.026324786000000003,-0.199499
-0.016117215,-0.189874
-0.005909646,-0.184624
0.004297924,-0.177624
0.014505494,-0.168874
0.024713064,-0.164061
0.034920632,-0.158811
0.045128204000000005,-0.15137399999999998
0.055335776,-0.146124
0.065543348,-0.142624
0.07575092,-0.139561
0.08595848,-0.133874
0.096166048,-0.132124
0.106373,-0.13124899999999998
0.11658099999999999,-0.125561
0.12678799999999998,-0.125561
0.136996,-0.127311
0.147203,-0.123374
0.157411,-0.123374
0.167619,-0.12424899999999998
0.17782599999999998,-0.125561
0.18803399999999998,-0.124686
0.198241,-0.125999
0.208449,-0.12906099999999998
0.218656,-0.127311
0.22886399999999998,-0.127311
0.23907199999999998,-0.129936
0.249279,-0.127311
0.25948699999999997,-0.128186
0.269694,-0.128624
0.279902,-0.127311
0.290109,-0.124686
0.300317,-0.11987400000000001
0.310525,-0.115936
0.32073199999999996,-0.10806199999999999
0.33094,-0.101937
0.341147,-0.09887456800000001
0.351355,-0.09406208
0.361562,-0.08968709600000001
0.37177,-0.082249632
0.38197699999999996,-0.068249696
0.392185,-0.05206226800000001
0.402393,-0.03456234400000001
0.41259999999999997,-0.018156170000000003
0.42280799999999996,-0.0013124940000000002
0.433015,0.01356244
0.443223,0.023296772
0.45343,0.032046732
0.463638,0.03871858
0.473846,0.042546684
0.48405299999999996,0.046156044
0.49426099999999995,0.049656028000000005
0.504468,0.052609140000000006
0.514676,0.054906008000000006
0.524883,0.058843488000000006
0.535091,0.06365596800000001
0.545299,0.0678122
0.5555059999999999,0.07481216800000001
0.5657139999999999,0.08487462400000001
0.575921,0.098218312
0.586129,0.118015
0.596336,0.149405
0.606544,0.19556099999999998
0.616752,0.265123
0.6269589999999999,0.37012300000000004
0.6371669999999999,0.524341
0.647374,0.737949
0.657582,1.0161980000000002
0.667789,1.34465
0.677997,1.685242
0.688205,1.980334
0.6984119999999999,2.183552
0.7086199999999999,2.282427
0.718827,2.285052
0.729035,2.228177
0.739242,2.14024
0.74945,2.040053
0.7596579999999999,1.9420529999999998
0.7698649999999999,1.8584910000000001
0.780073,1.7880539999999998
0.79028,1.735117
0.800488,1.708867
0.8106949999999999,1.7145540000000001
0.8209029999999999,1.7714290000000001
0.8311109999999999,1.900928
0.841318,2.114865
0.851526,2.4119260000000002
0.861733,2.7908
0.871941,3.231798
0.8821479999999999,3.6916079999999996
0.8923559999999999,4.138294
0.9025639999999999,4.583228999999999
0.912771,5.024227
0.922979,5.42235
0.933186,5.6769739999999995
0.943394,5.715474
0.9536009999999999,5.5710999999999995
0.9638089999999999,5.303351
0.9740169999999999,4.950728
0.984224,4.567479
0.994432,4.2288559999999995
1.004639,3.9689819999999996
1.014847,3.776483
1.025054,3.637358
1.035262,3.537609
1.04547,3.467609
1.055677,3.417734
1.065885,3.381859
1.076092,3.35386
1.0863,3.32936
1.096507,3.30661
1.106715,2.952236
1.1169229999999999,2.538363
1.12713,2.21549
1.137338,1.960866
1.147545,1.754367
1.157753,1.585492
1.1679599999999999,1.445493
1.1781679999999999,1.326494
1.1883759999999999,1.2258689999999999
1.198583,1.138369
1.208791,1.0622449999999999
1.218998,0.9966200000000001
1.229206,0.9371200000000001
1.2394129999999999,0.884621
1.2496209999999999,0.8382459999999999
1.2598289999999999,0.796246
1.270036,0.758621
1.280244,0.724496
1.290451,0.692996
1.300659,0.664122
1.3108659999999999,0.636997
1.3210739999999999,0.613372
1.331281,0.590622
1.341489,0.569622
1.351697,0.550372
1.361904,0.532872
1.372112,0.5162469999999999
1.3823189999999999,0.5004970000000001
1.3925269999999998,0.48562200000000005
1.402734,0.471622
1.412942,0.458497
1.42315,0.44624800000000003
1.433357,0.434873
1.443565,0.423498
1.4537719999999998,0.412998
1.4639799999999998,0.403373
1.474187,0.393748
1.484395,0.384998
1.494603,0.37624799999999997
1.50481,0.368373
1.494603,0.361373
1.484395,0.353498
1.474187,0.346498
1.4639799999999998,0.33949799999999997
1.4537719999999998,0.332498
1.443565,0.32724800000000004
1.433357,0.321123
1.42315,0.315873
1.412942,0.30974799999999997
1.402734,0.304498
1.3925269999999998,0.29924799999999996
1.3823189999999999,0.294873
1.372112,0.289623
1.361904,0.285248
1.351697,0.280873
1.341489,0.276498
1.331281,0.272998
1.3210739999999999,0.268623
1.3108659999999999,0.265123
1.300659,0.261623
1.290451,0.257248
1.280244,0.25374800000000003
1.270036,0.250248
1.2598289999999999,0.247623
1.2496209999999999,0.24412300000000003
1.2394129999999999,0.241498
1.229206,0.237998
1.218998,0.235373
1.208791,0.23274799999999998
1.198583,0.22924799999999998
1.1883759999999999,0.226623
1.1781679999999999,0.223999
1.1679599999999999,0.22137400000000002
1.157753,0.218749
1.147545,0.216999
1.137338,0.21437399999999998
1.12713,0.21262399999999998
1.1169229999999999,0.209999
1.106715,0.208249
1.096507,0.194249
1.0863,0.161874
1.076092,0.135624
1.065885,0.11462399999999999
1.055677,0.09712456800000001
1.04547,0.082249632
1.035262,0.06956219200000001
1.025054,0.059062236000000004
1.014847,0.049437284000000005
1.004639,0.041562316
0.994432,0.034343596000000004
0.984224,0.027999876000000003
0.9740169999999999,0.022312400000000003
0.9638089999999999,0.017499922
0.9536009999999999,0.012687444
0.943394,-0.024085494000000002
0.933186,-0.028212676000000003
0.922979,-0.029920668
0.912771,-0.032810256
0.9025639999999999,-0.034036648
0.8923559999999999,-0.03489344800000001
0.8821479999999999,-0.037799832
0.871941,-0.039591824000000005
0.861733,-0.040829420000000005
0.851526,-0.043047008000000005
0.841318,-0.04515260000000001
0.8311109999999999,-0.046854992000000005
0.8209029999999999,-0.04860218400000001
0.8106949999999999,-0.050741376000000005
0.800488,-0.05709349600000001
0.79028,-0.063765344
0.780073,-0.07360904800000001
0.7698649999999999,-0.083452752
0.7596579999999999,-0.09460896
0.74945,-0.108499
0.739242,-0.123702
0.729035,-0.14153
0.718827,-0.161874
0.7086199999999999,-0.186811
0.6984119999999999,-0.215577
0.688205,-0.24806099999999998
0.677997,-0.288529
0.667789,-0.336545
0.657582,-0.393091
0.647374,-0.463091
0.6371669999999999,-0.547747
0.6269589999999999,-0.651215
0.616752,-0.778637
0.606544,-0.939089
0.596336,-1.1288539999999998
0.586129,-1.399556
0.575921,-1.740586
0.5657139999999999,-2.174802
0.5555059999999999,-2.76805
0.545299,-3.537609
0.535091,-4.493542000000001
0.524883,-5.675224
0.514676,-6.907219
0.504468,-8.022839000000001
0.49426099999999995,-8.837461
0.48405299999999996,-9.073709000000001
0.473846,-8.529461999999999
0.463638,-7.220466999999999
0.45343,-5.540475
0.443223,-4.0687310000000005
0.433015,-3.107986
0.42280799999999996,-2.5864879999999997
0.41259999999999997,-2.325739
0.402393,-2.20149
0.392185,-2.13149
0.38197699999999996,-2.06324
0.37177,-1.972241
0.361562,-1.868991
0.351355,-1.760492
0.341147,-1.6572419999999999
0.33094,-1.580242
0.32073199999999996,-1.5277429999999999
0.310525,-1.496243
0.300317,-1.473493
0.290109,-1.433243
0.279902,-1.359743
0.269694,-1.2652439999999998
0.25948699999999997,-1.167244
0.249279,-1.079745
0.23907199999999998,-1.002745
0.22886399999999998,-0.951995
0.218656,-0.9064949999999999
0.208449,-0.8644959999999999
0.198241,-0.827746
0.18803399999999998,-0.789246
0.17782599999999998,-0.754246
0.167619,-0.724496
0.157411,-0.699996
0.147203,-0.6754969999999999
0.136996,-0.652747
0.12678799999999998,-0.636997
0.11658099999999999,-0.621247
0.106373,-0.6037469999999999
0.096166048,-0.593247
0.08595848,-0.5792470000000001
0.07575092,-0.568747
0.065543348,-0.556497
0.055335776,-0.545997
0.045128204000000005,-0.5372469999999999
0.034920632,-0.5249969999999999
0.024713064,-0.519747
0.014505494,-0.510997
0.004297924,-0.5004970000000001
-0.005909646,-0.493497
-0.016117215,-0.48474700000000004
-0.026324786000000003,-0.474247
-0.036532356,-0.46724699999999997
-0.046739924,-0.458497
-0.056947496,-0.449747
-0.067155064,-0.440998
-0.077362632,-0.43224799999999997
-0.08757020800000001,-0.42524799999999996
-0.09777777600000001,-0.41824799999999995
-0.107985,-0.411248
-0.11819199999999999,-0.404248
-0.1284,-0.397248
-0.13860799999999998,-0.390248
-0.148815,-0.384998
-0.159023,-0.37799799999999995
-0.16923,-0.372748
-0.179438,-0.367498
-0.18964499999999998,-0.36312300000000003
-0.199853,-0.359623
-0.18964499999999998,-0.33337300000000003
-0.179438,-0.320248
-0.16923,-0.307998
-0.159023,-0.29924799999999996
-0.148815,-0.291373
-0.13860799999999998,-0.282623
-0.1284,-0.275623
-0.11819199999999999,-0.26687299999999997
-0.107985,-0.25987299999999997
-0.09777777600000001,-0.252873
-0.08757020800000001,-0.244998
-0.077362632,-0.238873
-0.067155064,-0.231873
-0.056947496,-0.22312400000000002
-0.046739924,-0.21612399999999998
-0.036532356,-0.208249
-0.026324786000000003,-0.201249
-0.016117215,-0.192499
-0.005909646,-0.185499
0.004297924,-0.180249
0.014505494,-0.170624
0.024713064,-0.16537400000000002
0.034920632,-0.161874
0.045128204000000005,-0.15312399999999998
0.055335776,-0.14918599999999999
0.065543348,-0.146124
0.07575092,-0.142186
0.08595848,-0.138249
0.096166048,-0.135624
0.106373,-0.13431099999999999
0.11658099999999999,-0.129936
0.12678799999999998,-0.12906099999999998
0.136996,-0.13124899999999998
0.147203,-0.127311
0.157411,-0.127311
0.167619,-0.12949899999999998
0.17782599999999998,-0.12949899999999998
0.18803399999999998,-0.130374
0.198241,-0.13081099999999998
0.208449,-0.133436
0.218656,-0.132124
0.22886399999999998,-0.130374
0.23907199999999998,-0.133436
0.249279,-0.131686
0.25948699999999997,-0.13124899999999998
0.269694,-0.13256099999999998
0.279902,-0.130374
0.290109,-0.12687400000000001
0.300317,-0.12162400000000001
0.310525,-0.11637399999999999
0.32073199999999996,-0.10893699999999999
0.33094,-0.102812
0.341147,-0.100624
0.351355,-0.09581207200000001
0.361562,-0.088812104
0.37177,-0.07918714400000001
0.38197699999999996,-0.06431221200000001
0.392185,-0.046156044
0.402393,-0.028656122000000003
0.41259999999999997,-0.011812448000000001
0.42280799999999996,0.0047031040000000005
0.433015,0.017937420000000003
0.443223,0.027015506
0.45343,0.034124848
0.463638,0.04046857200000001
0.473846,0.043968556000000006
0.48405299999999996,0.046812292000000005
0.49426099999999995,0.050421652000000004
0.504468,0.05337476
0.514676,0.056327876000000006
0.524883,0.06048410800000001
0.535091,0.065296584
0.545299,0.070655936
0.5555059999999999,0.07809340000000001
0.5657139999999999,0.09023397600000001
0.575921,0.106202
0.586129,0.130046
0.596336,0.167889
0.606544,0.22377999999999998
0.616752,0.30777899999999997
0.6269589999999999,0.43355999999999995
0.6371669999999999,0.614247
0.647374,0.858371
0.657582,1.1543379999999999
0.667789,1.504555
0.677997,1.833116
0.688205,2.088615
0.6984119999999999,2.244802
0.7086199999999999,2.297302
0.718827,2.266239
0.729035,2.191865
0.739242,2.096053
0.74945,1.9963030000000002
0.7596579999999999,1.903116
0.7698649999999999,1.825241
0.780073,1.7626789999999999
0.79028,1.7198039999999999
0.800488,1.707554
0.8106949999999999,1.7346789999999999
0.8209029999999999,1.822179
0.8311109999999999,1.992366
0.841318,2.245677
0.851526,2.5847379999999998
0.861733,3.001674
0.871941,3.461484
0.8821479999999999,3.92217
0.8923559999999999,4.370604999999999
0.9025639999999999,4.8186029999999995
0.912771,5.254351
0.922979,5.604349
0.933186,5.767974000000001
0.943394,5.712848999999999
0.9536009999999999,5.5011
0.9638089999999999,5.183476
0.9740169999999999,4.7949779999999995
0.984224,4.419605
0.994432,4.108981
1.004639,3.877982
1.014847,3.709108
1.025054,3.587483
1.035262,3.499984
1.04547,3.436109
1.055677,3.391484
1.065885,3.35911
1.076092,3.331985
1.0863,3.307485
1.096507,3.2856099999999997
1.106715,2.9347359999999996
1.1169229999999999,2.525238
1.12713,2.20499
1.137338,1.952116
1.147545,1.747367
1.157753,1.579367
1.1679599999999999,1.440243
1.1781679999999999,1.3221189999999998
1.1883759999999999,1.2214939999999999
1.198583,1.13487
1.208791,1.05962
1.218998,0.993995
1.229206,0.93537
1.2394129999999999,0.883746
1.2496209999999999,0.837371
1.2598289999999999,0.794496
1.270036,0.7577459999999999
1.280244,0.723621
1.290451,0.692121
1.300659,0.664122
1.3108659999999999,0.637872
1.3210739999999999,0.613372
1.331281,0.590622
1.341489,0.570497
1.351697,0.551247
1.361904,0.533747
1.372112,0.5162469999999999
1.3823189999999999,0.5013719999999999
1.3925269999999998,0.48649699999999996
1.402734,0.471622
1.412942,0.45937199999999995
1.42315,0.447123
1.433357,0.43574799999999997
1.443565,0.424373
1.4537719999999998,0.413873
1.4639799999999998,0.404248
1.474187,0.394623
1.484395,0.38587299999999997
1.494603,0.37799799999999995
1.50481,0.369248
1.494603,0.362248
1.484395,0.354373
1.474187,0.348248
1.4639799999999998,0.341248
1.4537719999999998,0.334248
1.443565,0.328123
1.433357,0.321998
1.42315,0.316748
1.412942,0.311498
1.402734,0.305373
1.3925269999999998,0.300998
1.3823189999999999,0.29574799999999996
1.372112,0.291373
1.361904,0.28699800000000003
1.351697,0.282623
1.341489,0.278248
1.331281,0.273873
1.3210739999999999,0.26949799999999996
1.3108659999999999,0.26599799999999996
1.300659,0.26249799999999995
1.290451,0.25899799999999995
1.280244,0.255498
1.270036,0.251998
1.2598289999999999,0.24937299999999998
1.2496209999999999,0.24587299999999998
1.2394129999999999,0.242373
1.229206,0.23974800000000002
1.218998,0.23624799999999999
1.208791,0.233623
1.198583,0.23099799999999998
1.1883759999999999,0.228373
1.1781679999999999,0.225748
1.1679599999999999,0.22312400000000002
1.157753,0.220499
1.147545,0.21787399999999998
1.137338,0.215249
1.12713,0.213499
1.1169229999999999,0.21087399999999998
1.106715,0.20912399999999998
1.096507,0.195999
1.0863,0.162749
1.076092,0.137374
1.065885,0.11549899999999999
1.055677,0.098437064
1.04547,0.083124632
1.035262,0.07043719200000001
1.025054,0.059499736000000004
1.014847,0.050312276
1.004639,0.042218564
0.994432,0.035437344
0.984224,0.028656122000000003
0.9740169999999999,0.023187396000000002
0.9638089999999999,0.018265543999999998
0.9536009999999999,0.01356244
0.943394,-0.023491896
0.933186,-0.027837478000000002
0.922979,-0.029472670000000003
0.912771,-0.032351058
0.9025639999999999,-0.033599852
0.8923559999999999,-0.034283048
0.8821479999999999,-0.037279036
0.871941,-0.039110228000000004
0.861733,-0.040107024000000005
0.851526,-0.042414216000000005
0.841318,-0.044491804
0.8311109999999999,-0.046126996
0.8209029999999999,-0.04790778800000001
0.8106949999999999,-0.050002176
0.800488,-0.054031012
0.79028,-0.06059348
0.780073,-0.06956219200000001
0.7698649999999999,-0.079405896
0.7596579999999999,-0.08946835200000001
0.74945,-0.102374
0.739242,-0.116811
0.729035,-0.133218
0.718827,-0.152468
0.7086199999999999,-0.17543599999999998
0.6984119999999999,-0.202233
0.688205,-0.232202
0.677997,-0.26927999999999996
0.667789,-0.31357599999999997
0.657582,-0.365201
0.647374,-0.428857
0.6371669999999999,-0.505966
0.6269589999999999,-0.599372
0.616752,-0.714106
0.606544,-0.8582609999999999
0.596336,-1.036104
0.586129,-1.266556
0.575921,-1.566899
0.5657139999999999,-1.957366
0.5555059999999999,-2.469676
0.545299,-3.150423
0.535091,-4.032856
0.524883,-5.136227
0.514676,-6.385720999999999
0.504468,-7.6115900000000005
0.49426099999999995,-8.623086
0.48405299999999996,-9.224209
0.473846,-9.087708999999998
0.463638,-8.118213
0.45343,-6.508221
0.443223,-4.822978
0.433015,-3.5734839999999997
0.42280799999999996,-2.8402369999999997
0.41259999999999997,-2.462239
0.402393,-2.2854889999999997
0.392185,-2.18924
0.38197699999999996,-2.1174899999999997
0.37177,-2.03524
0.361562,-1.9284909999999997
0.351355,-1.816491
0.341147,-1.707992
0.33094,-1.620492
0.32073199999999996,-1.5557429999999999
0.310525,-1.517243
0.300317,-1.494493
0.290109,-1.4647430000000001
0.279902,-1.405243
0.269694,-1.315994
0.25948699999999997,-1.217994
0.249279,-1.123494
0.23907199999999998,-1.041245
0.22886399999999998,-0.978245
0.218656,-0.930995
0.208449,-0.887246
0.198241,-0.8504959999999999
0.18803399999999998,-0.811996
0.17782599999999998,-0.773496
0.167619,-0.741996
0.157411,-0.713996
0.147203,-0.689496
0.136996,-0.6649970000000001
0.12678799999999998,-0.647497
0.11658099999999999,-0.633497
0.106373,-0.614247
0.096166048,-0.601997
0.08595848,-0.589747
0.07575092,-0.575747
0.065543348,-0.565247
0.055335776,-0.554747
0.045128204000000005,-0.5442469999999999
0.034920632,-0.533747
0.024713064,-0.5249969999999999
0.014505494,-0.5179969999999999
0.004297924,-0.5074970000000001
-0.005909646,-0.498747
-0.016117215,-0.491747
-0.026324786000000003,-0.481247
-0.036532356,-0.47074699999999997
-0.046739924,-0.46374699999999996
-0.056947496,-0.454997
-0.067155064,-0.447998
-0.077362632,-0.439248
-0.08757020800000001,-0.43224799999999997
-0.09777777600000001,-0.423498
-0.107985,-0.41474799999999995
-0.11819199999999999,-0.40949800000000003
-0.1284,-0.402498
-0.13860799999999998,-0.393748
-0.148815,-0.388498
-0.159023,-0.383248
-0.16923,-0.37799799999999995
-0.179438,-0.372748
-0.18964499999999998,-0.367498
-0.199853,-0.364873
-0.18964499999999998,-0.336873
-0.179438,-0.323748
-0.16923,-0.312373
-0.159023,-0.301873
-0.148815,-0.29399800000000004
-0.13860799999999998,-0.285248
-0.1284,-0.277373
-0.11819199999999999,-0.270373
-0.107985,-0.26249799999999995
-0.09777777600000001,-0.255498
-0.08757020800000001,-0.247623
-0.077362632,-0.23974800000000002
-0.067155064,-0.23449799999999998
-0.056947496,-0.22487300000000002
-0.046739924,-0.21787399999999998
-0.036532356,-0.21087399999999998
-0.026324786000000003,-0.202999
-0.016117215,-0.194249
-0.005909646,-0.18812399999999999
0.004297924,-0.181999
0.014505494,-0.173249
0.024713064,-0.167124
0.034920632,-0.164499
0.045128204000000005,-0.155311
0.055335776,-0.151811
0.065543348,-0.14918599999999999
0.07575092,-0.144374
0.08595848,-0.141311
0.096166048,-0.139124
0.106373,-0.137811
0.11658099999999999,-0.13474899999999998
0.12678799999999998,-0.13299899999999998
0.136996,-0.135624
0.147203,-0.132124
0.157411,-0.131686
0.167619,-0.13474899999999998
0.17782599999999998,-0.133436
0.18803399999999998,-0.13474899999999998
0.198241,-0.136499
0.208449,-0.136499
0.218656,-0.135624
0.22886399999999998,-0.135186
0.23907199999999998,-0.136936
0.249279,-0.135624
0.25948699999999997,-0.13474899999999998
0.269694,-0.135624
0.279902,-0.13256099999999998
0.290109,-0.128186
0.300317,-0.123374
0.310525,-0.11724899999999999
0.32073199999999996,-0.110249
0.33094,-0.104999
0.341147,-0.102374
0.351355,-0.09712456800000001
0.361562,-0.08793711200000001
0.37177,-0.07568716
0.38197699999999996,-0.059062236000000004
0.392185,-0.039812324
0.402393,-0.022312400000000003
0.41259999999999997,-0.006124973000000001
0.42280799999999996,0.010062455
0.433015,0.021546778000000003
0.443223,0.029968616000000003
0.45343,0.036421716
0.463638,0.041671692
0.473846,0.04517167600000001
0.48405299999999996,0.048015412
0.49426099999999995,0.051843520000000004
0.504468,0.054468508000000006
0.514676,0.057202872
0.524883,0.062015348000000005
0.535091,0.067265328
0.545299,0.073390296
0.5555059999999999,0.08235900800000001
0.5657139999999999,0.096358944
0.575921,0.115608
0.586129,0.144264
0.596336,0.190092
0.606544,0.257795
0.616752,0.35842
0.6269589999999999,0.5081530000000001
0.6371669999999999,0.717059
0.647374,0.9907140000000001
0.657582,1.315119
0.667789,1.660523
0.677997,1.9658969999999998
0.688205,2.1730519999999998
0.6984119999999999,2.281989
0.7086199999999999,2.2946769999999996
0.718827,2.237364
0.729035,2.15074
0.739242,2.052303
0.74945,1.9538659999999999
0.7596579999999999,1.866366
0.7698649999999999,1.795054
0.780073,1.741242
0.79028,1.710179
0.800488,1.714117
0.8106949999999999,1.767492
0.8209029999999999,1.8913039999999999
0.8311109999999999,2.10174
0.841318,2.395739
0.851526,2.7754869999999996
0.861733,3.22436
0.871941,3.692046
0.8821479999999999,4.151419
0.8923559999999999,4.606854
0.9025639999999999,5.056602
0.912771,5.47135
0.922979,5.748723999999999
0.933186,5.810849
0.943394,5.672599
0.9536009999999999,5.403101
0.9638089999999999,5.0399769999999995
0.9740169999999999,4.636604
0.984224,4.279606
0.994432,4.001356
1.004639,3.7974829999999997
1.014847,3.649608
1.025054,3.542859
1.035262,3.464109
1.04547,3.408109
1.055677,3.366984
1.065885,3.33811
1.076092,3.3101100000000003
1.0863,3.2856099999999997
1.096507,3.26286
1.106715,2.915487
1.1169229999999999,2.510363
1.12713,2.193615
1.137338,1.942491
1.147545,1.739492
1.157753,1.573242
1.1679599999999999,1.434993
1.1781679999999999,1.317744
1.1883759999999999,1.217994
1.198583,1.1322439999999998
1.208791,1.0569950000000001
1.218998,0.99137
1.229206,0.93362
1.2394129999999999,0.881996
1.2496209999999999,0.8364959999999999
1.2598289999999999,0.794496
1.270036,0.756871
1.280244,0.722746
1.290451,0.692121
1.300659,0.663247
1.3108659999999999,0.637872
1.3210739999999999,0.613372
1.331281,0.590622
1.341489,0.570497
1.351697,0.551247
1.361904,0.533747
1.372112,0.517122
1.3823189999999999,0.5013719999999999
1.3925269999999998,0.48737199999999997
1.402734,0.473372
1.412942,0.46024699999999996
1.42315,0.447998
1.433357,0.436623
1.443565,0.42524799999999996
1.4537719999999998,0.41562299999999996
1.4639799999999998,0.405123
1.474187,0.395498
1.484395,0.386748
1.494603,0.37887299999999996
1.50481,0.37012300000000004
1.494603,0.36312300000000003
1.484395,0.355248
1.474187,0.348248
1.4639799999999998,0.34212299999999995
1.4537719999999998,0.33512299999999995
1.443565,0.329873
1.433357,0.323748
1.42315,0.317623
1.412942,0.312373
1.402734,0.307123
1.3925269999999998,0.301873
1.3823189999999999,0.297498
1.372112,0.292248
1.361904,0.287873
1.351697,0.284373
1.341489,0.279123
1.331281,0.275623
1.3210739999999999,0.271248
1.3108659999999999,0.267748
1.300659,0.264248
1.290451,0.25987299999999997
1.280244,0.257248
1.270036,0.252873
1.2598289999999999,0.250248
1.2496209999999999,0.246748
1.2394129999999999,0.24412300000000003
1.229206,0.24062299999999998
1.218998,0.237998
1.208791,0.235373
1.198583,0.23274799999999998
1.1883759999999999,0.230123
1.1781679999999999,0.226623
1.1679599999999999,0.22487300000000002
1.157753,0.222249
1.147545,0.219624
1.137338,0.216999
1.12713,0.215249
1.1169229999999999,0.21262399999999998
1.106715,0.21087399999999998
1.096507,0.196874
1.0863,0.164499
1.076092,0.138249
1.065885,0.11637399999999999
1.055677,0.09887456800000001
1.04547,0.084437128
1.035262,0.071312184
1.025054,0.060374732
1.014847,0.051406020000000004
1.004639,0.042874808
0.994432,0.036312340000000005
0.984224,0.029312370000000004
0.9740169999999999,0.023624896000000003
0.9638089999999999,0.019249914000000003
0.9536009999999999,0.014109313000000002
0.943394,-0.022948698000000003
0.933186,-0.02743988
0.922979,-0.029080672000000002
0.912771,-0.03181906
0.9025639999999999,-0.033207856
0.8923559999999999,-0.033739852
0.8821479999999999,-0.03677504
0.871941,-0.038533428
0.861733,-0.039407028000000004
0.851526,-0.041826216
0.841318,-0.043875808
0.8311109999999999,-0.0453934
0.8209029999999999,-0.047196592
0.8106949999999999,-0.049251784
0.800488,-0.051406020000000004
0.79028,-0.057749744
0.780073,-0.06584346
0.7698649999999999,-0.07524966400000001
0.7596579999999999,-0.08487462400000001
0.74945,-0.09668707200000001
0.739242,-0.110577
0.729035,-0.125561
0.718827,-0.143827
0.7086199999999999,-0.164827
0.6984119999999999,-0.189546
0.688205,-0.217655
0.677997,-0.25178
0.667789,-0.292904
0.657582,-0.340045
0.647374,-0.398013
0.6371669999999999,-0.46856000000000003
0.6269589999999999,-0.553106
0.616752,-0.6565749999999999
0.606544,-0.7864019999999999
0.596336,-0.947948
0.586129,-1.137823
0.575921,-1.415306
0.5657139999999999,-1.7600539999999998
0.5555059999999999,-2.199521
0.545299,-2.806987
0.535091,-3.5953589999999997
0.524883,-4.583666
0.514676,-5.834473
0.504468,-7.117217999999999
0.49426099999999995,-8.298461999999999
0.48405299999999996,-9.173459
0.473846,-9.432457000000001
0.463638,-8.88121
0.45343,-7.505716
0.443223,-5.729474
0.433015,-4.191230999999999
0.42280799999999996,-3.190235
0.41259999999999997,-2.647738
0.402393,-2.390489
0.392185,-2.2609899999999996
0.38197699999999996,-2.1752399999999996
0.37177,-2.09824
0.361562,-1.991491
0.351355,-1.874241
0.341147,-1.7622419999999999
0.33094,-1.665992
0.32073199999999996,-1.5907419999999999
0.310525,-1.539993
0.300317,-1.5137429999999998
0.290109,-1.490993
0.279902,-1.443743
0.269694,-1.368493
0.25948699999999997,-1.272244
0.249279,-1.1724940000000001
0.23907199999999998,-1.083245
0.22886399999999998,-1.011495
0.218656,-0.9572449999999999
0.208449,-0.9117449999999999
0.198241,-0.873246
0.18803399999999998,-0.834746
0.17782599999999998,-0.794496
0.167619,-0.761246
0.157411,-0.731496
0.147203,-0.7052459999999999
0.136996,-0.680746
0.12678799999999998,-0.661497
0.11658099999999999,-0.643997
0.106373,-0.626497
0.096166048,-0.612497
0.08595848,-0.600247
0.07575092,-0.584497
0.065543348,-0.573997
0.055335776,-0.563497
0.045128204000000005,-0.551247
0.034920632,-0.540747
0.024713064,-0.533747
0.014505494,-0.5249969999999999
0.004297924,-0.514497
-0.005909646,-0.5057470000000001
-0.016117215,-0.49699699999999997
-0.026324786000000003,-0.48649699999999996
-0.036532356,-0.47774700000000003
-0.046739924,-0.47074699999999997
-0.056947496,-0.461997
-0.067155064,-0.45324699999999996
-0.077362632,-0.444498
-0.08757020800000001,-0.437498
-0.09777777600000001,-0.42874799999999996
-0.107985,-0.42174799999999996
-0.11819199999999999,-0.41474799999999995
-0.1284,-0.407748
-0.13860799999999998,-0.398998
-0.148815,-0.393748
-0.159023,-0.386748
-0.16923,-0.38149799999999995
-0.179438,-0.37799799999999995
-0.18964499999999998,-0.370998
-0.199853,-0.367498
-0.18964499999999998,-0.34212299999999995
-0.179438,-0.326373
-0.16923,-0.317623
-0.159023,-0.305373
-0.148815,-0.297498
-0.13860799999999998,-0.289623
-0.1284,-0.280873
-0.11819199999999999,-0.272998
-0.107985,-0.265123
-0.09777777600000001,-0.258123
-0.08757020800000001,-0.250248
-0.077362632,-0.242373
-0.067155064,-0.237123
-0.056947496,-0.226623
-0.046739924,-0.219624
-0.036532356,-0.213499
-0.026324786000000003,-0.203874
-0.016117215,-0.196874
-0.005909646,-0.189874
0.004297924,-0.183749
0.014505494,-0.176749
0.024713064,-0.16974899999999998
0.034920632,-0.166686
0.045128204000000005,-0.159249
0.055335776,-0.153561
0.065543348,-0.153561
0.07575092,-0.14787399999999998
0.08595848,-0.143936
0.096166048,-0.143061
0.106373,-0.140874
0.11658099999999999,-0.139124
0.12678799999999998,-0.136936
0.136996,-0.138686
0.147203,-0.136936
0.157411,-0.136061
0.167619,-0.139124
0.17782599999999998,-0.139124
0.18803399999999998,-0.138249
0.198241,-0.140436
0.208449,-0.140436
0.218656,-0.139561
0.22886399999999998,-0.138686
0.23907199999999998,-0.140436
0.249279,-0.139561
0.25948699999999997,-0.138249
0.269694,-0.138249
0.279902,-0.135186
0.290109,-0.12949899999999998
0.300317,-0.12424899999999998
0.310525,-0.11812399999999999
0.32073199999999996,-0.11156200000000001
0.33094,-0.10718699999999999
0.341147,-0.103249
0.351355,-0.09668707200000001
0.361562,-0.08531212
0.37177,-0.070874688
0.38197699999999996,-0.05337476
0.392185,-0.033687352000000004
0.402393,-0.015968679000000003
0.41259999999999997,-0.0006562470000000001
0.42280799999999996,0.014656185000000002
0.433015,0.024828014000000002
0.443223,0.032265480000000006
0.45343,0.03784358
0.463638,0.042984184
0.473846,0.046374792000000005
0.48405299999999996,0.048562284000000004
0.49426099999999995,0.052609140000000006
0.504468,0.05567162800000001
0.514676,0.058405992000000004
0.524883,0.06365596800000001
0.535091,0.06923407200000001
0.545299,0.07689028
0.5555059999999999,0.087280856
0.5657139999999999,0.103796
0.575921,0.12709299999999998
0.586129,0.161655
0.596336,0.216999
0.606544,0.29859199999999997
0.616752,0.418904
0.6269589999999999,0.594778
0.6371669999999999,0.8336520000000001
0.647374,1.1275410000000001
0.657582,1.473712
0.667789,1.808616
0.677997,2.078553
0.688205,2.237802
0.6984119999999999,2.299927
0.7086199999999999,2.278489
0.718827,2.201927
0.729035,2.107428
0.739242,2.008553
0.74945,1.913178
0.7596579999999999,1.832679
0.7698649999999999,1.768804
0.780073,1.725054
0.79028,1.707554
0.800488,1.732054
0.8106949999999999,1.816491
0.8209029999999999,1.979241
0.8311109999999999,2.2308019999999997
0.841318,2.566801
0.851526,2.984174
0.861733,3.455359
0.871941,3.924357
0.8821479999999999,4.384605
0.8923559999999999,4.8422279999999995
0.9025639999999999,5.290226
0.912771,5.662099
0.922979,5.851099
0.933186,5.813474
0.943394,5.6034749999999995
0.9536009999999999,5.283226
0.9638089999999999,4.882478
0.9740169999999999,4.4826049999999995
0.984224,4.155355999999999
0.994432,3.9077319999999998
1.004639,3.728358
1.014847,3.5979829999999997
1.025054,3.503484
1.035262,3.433484
1.04547,3.3836090000000003
1.055677,3.3459839999999996
1.065885,3.316235
1.076092,3.289985
1.0863,3.265485
1.096507,3.2427349999999997
1.106715,2.897987
1.1169229999999999,2.497238
1.12713,2.18399
1.137338,1.9346160000000001
1.147545,1.732492
1.157753,1.567993
1.1679599999999999,1.430618
1.1781679999999999,1.314244
1.1883759999999999,1.214494
1.198583,1.1296190000000002
1.208791,1.055245
1.218998,0.9904949999999999
1.229206,0.9327449999999999
1.2394129999999999,0.881996
1.2496209999999999,0.835621
1.2598289999999999,0.794496
1.270036,0.7577459999999999
1.280244,0.723621
1.290451,0.692996
1.300659,0.664122
1.3108659999999999,0.638747
1.3210739999999999,0.614247
1.331281,0.592372
1.341489,0.571372
1.351697,0.5521219999999999
1.361904,0.535497
1.372112,0.5179969999999999
1.3823189999999999,0.503122
1.3925269999999998,0.489122
1.402734,0.474247
1.412942,0.461997
1.42315,0.449747
1.433357,0.437498
1.443565,0.426998
1.4537719999999998,0.416498
1.4639799999999998,0.406873
1.474187,0.398123
1.484395,0.388498
1.494603,0.380623
1.50481,0.371873
1.494603,0.364873
1.484395,0.356998
1.474187,0.349998
1.4639799999999998,0.343873
1.4537719999999998,0.336873
1.443565,0.33074800000000004
1.433357,0.325498
1.42315,0.319373
1.412942,0.314123
1.402734,0.308873
1.3925269999999998,0.303623
1.3823189999999999,0.29924799999999996
1.372112,0.294873
1.361904,0.289623
1.351697,0.286123
1.341489,0.281748
1.331281,0.277373
1.3210739999999999,0.272998
1.3108659999999999,0.26949799999999996
1.300659,0.26599799999999996
1.290451,0.26249799999999995
1.280244,0.25899799999999995
1.270036,0.255498
1.2598289999999999,0.251998
1.2496209999999999,0.24937299999999998
1.2394129999999999,0.244998
1.229206,0.242373
1.218998,0.23974800000000002
1.208791,0.237123
1.198583,0.23449799999999998
1.1883759999999999,0.231873
1.1781679999999999,0.22924799999999998
1.1679599999999999,0.226623
1.157753,0.223999
1.147545,0.222249
1.137338,0.219624
1.12713,0.216999
1.1169229999999999,0.21437399999999998
1.106715,0.21262399999999998
1.096507,0.198624
1.0863,0.16537400000000002
1.076092,0.139124
1.065885,0.11812399999999999
1.055677,0.100187
1.04547,0.08531212
1.035262,0.07262468000000001
1.025054,0.061249732
1.014847,0.05206226800000001
1.004639,0.043968556000000006
0.994432,0.036968588000000004
0.984224,0.030406114000000005
0.9740169999999999,0.024390516
0.9638089999999999,0.019906162
0.9536009999999999,0.014874934000000001
0.943394,0.010609328000000001
0.933186,-0.02461189
0.922979,-0.028800674000000002
0.912771,-0.031399062000000005
0.9025639999999999,-0.032709456000000005
0.8923559999999999,-0.033286252
0.8821479999999999,-0.03622064
0.871941,-0.038035031999999996
0.861733,-0.03880783200000001
0.851526,-0.041193416000000004
0.841318,-0.043276612000000006
0.8311109999999999,-0.044699004
0.8209029999999999,-0.046513396
0.8106949999999999,-0.048635788000000006
0.800488,-0.05038858000000001
0.79028,-0.055234132000000005
0.780073,-0.062452852
0.7698649999999999,-0.071202808
0.7596579999999999,-0.08049964
0.74945,-0.09132772000000001
0.739242,-0.104671
0.729035,-0.118561
0.718827,-0.135405
0.7086199999999999,-0.155421
0.6984119999999999,-0.178171
0.688205,-0.20431100000000002
0.677997,-0.235702
0.667789,-0.273436
0.657582,-0.31718599999999997
0.647374,-0.370232
0.6371669999999999,-0.434763
0.6269589999999999,-0.511216
0.616752,-0.604731
0.606544,-0.722418
0.596336,-0.8676679999999999
0.586129,-1.045948
0.575921,-1.2825250000000001
0.5657139999999999,-1.5859299999999998
0.5555059999999999,-1.9814280000000002
0.545299,-2.5038009999999997
0.535091,-3.200298
0.524883,-4.112044
0.514676,-5.270101
0.504468,-6.571219999999999
0.49426099999999995,-7.861839
0.48405299999999996,-8.951210000000001
0.473846,-9.563707
0.463638,-9.449957999999999
0.45343,-8.440212
0.443223,-6.73747
0.433015,-4.973476999999999
0.42280799999999996,-3.667983
0.41259999999999997,-2.903237
0.402393,-2.5287379999999997
0.392185,-2.346739
0.38197699999999996,-2.24174
0.37177,-2.16124
0.361562,-2.06324
0.351355,-1.937241
0.341147,-1.8182409999999998
0.33094,-1.7149919999999998
0.32073199999999996,-1.6292419999999999
0.310525,-1.566243
0.300317,-1.534743
0.290109,-1.511993
0.279902,-1.4787430000000001
0.269694,-1.415743
0.25948699999999997,-1.324744
0.249279,-1.223244
0.23907199999999998,-1.126995
0.22886399999999998,-1.0482449999999999
0.218656,-0.985245
0.208449,-0.936245
0.198241,-0.895996
0.18803399999999998,-0.859246
0.17782599999999998,-0.817246
0.167619,-0.780496
0.157411,-0.7507459999999999
0.147203,-0.720996
0.136996,-0.694746
0.12678799999999998,-0.6754969999999999
0.11658099999999999,-0.656247
0.106373,-0.636997
0.096166048,-0.621247
0.08595848,-0.608997
0.07575092,-0.5949969999999999
0.065543348,-0.580997
0.055335776,-0.5722470000000001
0.045128204000000005,-0.559997
0.034920632,-0.547747
0.024713064,-0.540747
0.014505494,-0.5302469999999999
0.004297924,-0.5232469999999999
-0.005909646,-0.512747
-0.016117215,-0.503997
-0.026324786000000003,-0.493497
-0.036532356,-0.48474700000000004
-0.046739924,-0.47774700000000003
-0.056947496,-0.468997
-0.067155064,-0.458497
-0.077362632,-0.45149700000000004
-0.08757020800000001,-0.44274800000000003
-0.09777777600000001,-0.43574799999999997
-0.107985,-0.426998
-0.11819199999999999,-0.419998
-0.1284,-0.412998
-0.13860799999999998,-0.405998
-0.148815,-0.398998
-0.159023,-0.393748
-0.16923,-0.386748
-0.179438,-0.383248
-0.18964499999999998,-0.37799799999999995
-0.199853,-0.370998
-0.18964499999999998,-0.348248
-0.179438,-0.33074800000000004
-0.16923,-0.320248
-0.159023,-0.30974799999999997
-0.148815,-0.300998
-0.13860799999999998,-0.29399800000000004
-0.1284,-0.284373
-0.11819199999999999,-0.276498
-0.107985,-0.268623
-0.09777777600000001,-0.260748
-0.08757020800000001,-0.25374800000000003
-0.077362632,-0.24412300000000003
-0.067155064,-0.237998
-0.056947496,-0.22924799999999998
-0.046739924,-0.22137400000000002
-0.036532356,-0.215249
-0.026324786000000003,-0.206499
-0.016117215,-0.198624
-0.005909646,-0.192499
0.004297924,-0.185499
0.014505494,-0.178499
0.024713064,-0.172374
0.034920632,-0.169311
0.045128204000000005,-0.163186
0.055335776,-0.157061
0.065543348,-0.15662399999999999
0.07575092,-0.151811
0.08595848,-0.14831099999999997
0.096166048,-0.14699900000000002
0.106373,-0.14524900000000002
0.11658099999999999,-0.14349900000000002
0.12678799999999998,-0.141749
0.136996,-0.143061
0.147203,-0.141749
0.157411,-0.141311
0.167619,-0.14349900000000002
0.17782599999999998,-0.143936
0.18803399999999998,-0.142624
0.198241,-0.144811
0.208449,-0.144374
0.218656,-0.142624
0.22886399999999998,-0.14349900000000002
0.23907199999999998,-0.143936
0.249279,-0.14349900000000002
0.25948699999999997,-0.142186
0.269694,-0.139999
0.279902,-0.137811
0.290109,-0.130374
0.300317,-0.125124
0.310525,-0.11987400000000001
0.32073199999999996,-0.113311
0.33094,-0.109374
0.341147,-0.104124
0.351355,-0.095374576
0.361562,-0.08137464
0.37177,-0.065624704
0.38197699999999996,-0.047249792000000006
0.392185,-0.02668738
0.402393,-0.009406208000000001
0.41259999999999997,0.0043749800000000005
0.42280799999999996,0.018812416000000002
0.433015,0.027890502
0.443223,0.03456234400000001
0.45343,0.03959357200000001
0.463638,0.043968556000000006
0.473846,0.047140416000000004
0.48405299999999996,0.049656028000000005
0.49426099999999995,0.05348414
0.504468,0.056984124000000004
0.514676,0.059718484
0.524883,0.065624704
0.535091,0.07240592800000001
0.545299,0.08049964
0.5555059999999999,0.09362458400000001
0.5657139999999999,0.11243600000000001
0.575921,0.140764
0.586129,0.18298299999999998
0.596336,0.249045
0.606544,0.347592
0.616752,0.49010699999999996
0.6269589999999999,0.693653
0.6371669999999999,0.962605
0.647374,1.282963
0.657582,1.629899
0.667789,1.9440220000000001
0.677997,2.16649
0.688205,2.278927
0.6984119999999999,2.300364
0.7086199999999999,2.2518019999999996
0.718827,2.161677
0.729035,2.0628029999999997
0.739242,1.9656779999999998
0.74945,1.875991
0.7596579999999999,1.8020539999999998
0.7698649999999999,1.746929
0.780073,1.714117
0.79028,1.7132420000000002
0.800488,1.7626789999999999
0.8106949999999999,1.882116
0.8209029999999999,2.086865
0.8311109999999999,2.3786769999999997
0.841318,2.7566749999999995
0.851526,3.20686
0.861733,3.688108
0.871941,4.155793999999999
0.8821479999999999,4.619979
0.8923559999999999,5.083727
0.9025639999999999,5.5116
0.912771,5.818724
0.922979,5.905348
0.933186,5.777599
0.943394,5.50635
0.9536009999999999,5.138851
0.9638089999999999,4.717979
0.9740169999999999,4.339980000000001
0.984224,4.044231
0.994432,3.824608
1.004639,3.667108
1.014847,3.5524839999999998
1.025054,3.4684839999999997
1.035262,3.404609
1.04547,3.359985
1.055677,3.32411
1.065885,3.2952350000000004
1.076092,3.268985
1.0863,3.2444849999999996
1.096507,3.221735
1.106715,2.880487
1.1169229999999999,2.484114
1.12713,2.1734899999999997
1.137338,1.925866
1.147545,1.726367
1.157753,1.562742
1.1679599999999999,1.426243
1.1781679999999999,1.310744
1.1883759999999999,1.212744
1.198583,1.128745
1.208791,1.05437
1.218998,0.9896199999999999
1.229206,0.9327449999999999
1.2394129999999999,0.881996
1.2496209999999999,0.8364959999999999
1.2598289999999999,0.794496
1.270036,0.7577459999999999
1.280244,0.724496
1.290451,0.693871
1.300659,0.665872
1.3108659999999999,0.6396219999999999
1.3210739999999999,0.6151220000000001
1.331281,0.593247
1.341489,0.5731219999999999
1.351697,0.554747
1.361904,0.5363720000000001
1.372112,0.520622
1.3823189999999999,0.504872
1.3925269999999998,0.489997
1.402734,0.475997
1.412942,0.46374699999999996
1.42315,0.45149700000000004
1.433357,0.440123
1.443565,0.429623
1.4537719999999998,0.41912299999999997
1.4639799999999998,0.40949800000000003
1.474187,0.399873
1.484395,0.390248
1.494603,0.38237299999999996
1.50481,0.37449799999999994
1.494603,0.36662300000000003
1.484395,0.359623
1.474187,0.35262299999999996
1.4639799999999998,0.34562299999999996
1.4537719999999998,0.33949799999999997
1.443565,0.332498
1.433357,0.328123
1.42315,0.321998
1.412942,0.316748
1.402734,0.311498
1.3925269999999998,0.305373
1.3823189999999999,0.301873
1.372112,0.29662299999999997
1.361904,0.292248
1.351697,0.287873
1.341489,0.283498
1.331281,0.279123
1.3210739999999999,0.275623
1.3108659999999999,0.271248
1.300659,0.267748
1.290451,0.264248
1.280244,0.260748
1.270036,0.257248
1.2598289999999999,0.25374800000000003
1.2496209999999999,0.25112300000000004
1.2394129999999999,0.24849799999999997
1.229206,0.244998
1.218998,0.242373
1.208791,0.23974800000000002
1.198583,0.23624799999999999
1.1883759999999999,0.233623
1.1781679999999999,0.231873
1.1679599999999999,0.22924799999999998
1.157753,0.226623
1.147545,0.223999
1.137338,0.222249
1.12713,0.219624
1.1169229999999999,0.216999
1.106715,0.215249
1.096507,0.201249
1.0863,0.167124
1.076092,0.140874
1.065885,0.11987400000000001
1.055677,0.101499
1.04547,0.08618711200000001
1.035262,0.07306217599999999
1.025054,0.06212472
1.014847,0.05315601200000001
1.004639,0.044624800000000006
0.994432,0.037406084000000006
0.984224,0.031281112
0.9740169999999999,0.025265512000000004
0.9638089999999999,0.020453034000000002
0.9536009999999999,0.015640556
0.943394,0.011265575000000002
0.933186,-0.024102294
0.922979,-0.028459074
0.912771,-0.031023864
0.9025639999999999,-0.032222258000000004
0.8923559999999999,-0.032843854
0.8821479999999999,-0.03572224
0.871941,-0.037547836
0.861733,-0.038247832
0.851526,-0.04057182
0.841318,-0.042683012000000006
0.8311109999999999,-0.044032608
0.8209029999999999,-0.04580220000000001
0.8106949999999999,-0.047946992
0.800488,-0.04966618
0.79028,-0.052609140000000006
0.780073,-0.059499736000000004
0.7698649999999999,-0.06770282400000001
0.7596579999999999,-0.076452784
0.74945,-0.08651524000000001
0.739242,-0.09898393600000001
0.729035,-0.112218
0.718827,-0.127749
0.7086199999999999,-0.14678
0.6984119999999999,-0.167671
0.688205,-0.191842
0.677997,-0.221264
0.667789,-0.25571699999999997
0.657582,-0.296295
0.647374,-0.344857
0.6371669999999999,-0.40392
0.6269589999999999,-0.47380999999999995
0.616752,-0.558247
0.606544,-0.6649970000000001
0.596336,-0.795699
0.586129,-0.9586669999999999
0.575921,-1.165057
0.5657139999999999,-1.433462
0.5555059999999999,-1.7830229999999998
0.545299,-2.227521
0.535091,-2.851174
0.524883,-3.664483
0.514676,-4.688229
0.504468,-5.993722999999999
0.49426099999999995,-7.341217
0.48405299999999996,-8.578460999999999
0.473846,-9.498956999999999
0.463638,-9.791206
0.45343,-9.224209
0.443223,-7.769964999999999
0.433015,-5.906223
0.42280799999999996,-4.297981
0.41259999999999997,-3.258485
0.402393,-2.7177369999999996
0.392185,-2.4569889999999996
0.38197699999999996,-2.315239
0.37177,-2.22424
0.361562,-2.13324
0.351355,-2.00724
0.341147,-1.8777409999999999
0.33094,-1.765742
0.32073199999999996,-1.671242
0.310525,-1.597742
0.300317,-1.5557429999999999
0.290109,-1.531243
0.279902,-1.504993
0.269694,-1.4559929999999999
0.25948699999999997,-1.377243
0.249279,-1.275744
0.23907199999999998,-1.174244
0.22886399999999998,-1.088495
0.218656,-1.016745
0.208449,-0.962495
0.198241,-0.9187449999999999
0.18803399999999998,-0.880246
0.17782599999999998,-0.839996
0.167619,-0.801496
0.157411,-0.769996
0.147203,-0.736746
0.136996,-0.710496
0.12678799999999998,-0.687746
0.11658099999999999,-0.6667470000000001
0.106373,-0.649247
0.096166048,-0.631747
0.08595848,-0.6177469999999999
0.07575092,-0.6037469999999999
0.065543348,-0.589747
0.055335776,-0.580997
0.045128204000000005,-0.568747
0.034920632,-0.554747
0.024713064,-0.547747
0.014505494,-0.5372469999999999
0.004297924,-0.528497
-0.005909646,-0.519747
-0.016117215,-0.510997
-0.026324786000000003,-0.5004970000000001
-0.036532356,-0.489997
-0.046739924,-0.482997
-0.056947496,-0.474247
-0.067155064,-0.46374699999999996
-0.077362632,-0.458497
-0.08757020800000001,-0.447998
-0.09777777600000001,-0.440998
-0.107985,-0.433998
-0.11819199999999999,-0.42524799999999996
-0.1284,-0.41824799999999995
-0.13860799999999998,-0.411248
-0.148815,-0.405998
-0.159023,-0.398998
-0.16923,-0.391998
-0.179438,-0.388498
-0.18964499999999998,-0.383248
-0.199853,-0.37799799999999995
-0.18964499999999998,-0.351748
-0.179438,-0.33599799999999996
-0.16923,-0.322873
-0.159023,-0.314123
-0.148815,-0.303623
-0.13860799999999998,-0.29574799999999996
-0.1284,-0.287873
-0.11819199999999999,-0.279123
-0.107985,-0.272123
-0.09777777600000001,-0.26337299999999997
-0.08757020800000001,-0.255498
-0.077362632,-0.247623
-0.067155064,-0.24062299999999998
-0.056947496,-0.231873
-0.046739924,-0.22312400000000002
-0.036532356,-0.21787399999999998
-0.026324786000000003,-0.20912399999999998
-0.016117215,-0.200374
-0.005909646,-0.195999
0.004297924,-0.18812399999999999
0.014505494,-0.181124
0.024713064,-0.175874
0.034920632,-0.17149899999999998
0.045128204000000005,-0.16537400000000002
0.055335776,-0.160999
0.065543348,-0.159249
0.07575092,-0.155749
0.08595848,-0.150936
0.096166048,-0.150499
0.106373,-0.14918599999999999
0.11658099999999999,-0.146561
0.12678799999999998,-0.146561
0.136996,-0.14743599999999998
0.147203,-0.146561
0.157411,-0.145686
0.167619,-0.14787399999999998
0.17782599999999998,-0.14831099999999997
0.18803399999999998,-0.14699900000000002
0.198241,-0.148749
0.208449,-0.148749
0.218656,-0.145686
0.22886399999999998,-0.14787399999999998
0.23907199999999998,-0.14787399999999998
0.249279,-0.14699900000000002
0.25948699999999997,-0.14524900000000002
0.269694,-0.142624
0.279902,-0.139124
0.290109,-0.131686
0.300317,-0.12643600000000002
0.310525,-0.12162400000000001
0.32073199999999996,-0.115061
0.33094,-0.11068700000000001
0.341147,-0.10456199999999999
0.351355,-0.09274958400000001
0.361562,-0.07743716
0.37177,-0.059499736000000004
0.38197699999999996,-0.039812324
0.392185,-0.020562408
0.402393,-0.0034999840000000003
0.41259999999999997,0.01017183
0.42280799999999996,0.022312400000000003
0.433015,0.030624866
0.443223,0.036202964000000004
0.45343,0.041234192
0.463638,0.045281048000000004
0.473846,0.048234160000000005
0.48405299999999996,0.0506404
0.49426099999999995,0.05424976
0.504468,0.058077868000000005
0.514676,0.061359104000000005
0.524883,0.0678122
0.535091,0.07568716
0.545299,0.085202752
0.5555059999999999,0.10073299999999999
0.5657139999999999,0.12326499999999999
0.575921,0.157389
0.586129,0.208577
0.596336,0.287873
0.606544,0.405232
0.616752,0.573013
0.6269589999999999,0.806418
0.6371669999999999,1.098995
0.647374,1.438931
0.657582,1.778429
0.667789,2.059084
0.677997,2.23474
0.688205,2.300802
0.6984119999999999,2.285927
0.7086199999999999,2.216365
0.718827,2.118365
0.729035,2.018616
0.739242,1.9249910000000001
0.74945,1.840991
0.7596579999999999,1.774492
0.7698649999999999,1.7294289999999999
0.780073,1.710179
0.79028,1.7281170000000001
0.800488,1.807741
0.8106949999999999,1.966991
0.8209029999999999,2.21374
0.8311109999999999,2.5462380000000002
0.841318,2.9640489999999997
0.851526,3.438297
0.861733,3.922607
0.871941,4.39073
0.8821479999999999,4.8571029999999995
0.8923559999999999,5.320851
0.9025639999999999,5.712848999999999
0.912771,5.931597999999999
0.922979,5.914098
0.933186,5.708474
0.943394,5.384726
0.9536009999999999,4.976102
0.9638089999999999,4.555229
0.9740169999999999,4.206981
0.984224,3.9436069999999996
0.994432,3.751108
1.004639,3.611983
1.014847,3.510484
1.025054,3.436109
1.035262,3.379234
1.04547,3.33636
1.055677,3.30311
1.065885,3.274235
1.076092,3.247985
1.0863,3.223485
1.096507,3.19811
1.106715,2.862987
1.1169229999999999,2.469239
1.12713,2.162115
1.137338,1.9171159999999998
1.147545,1.7193669999999999
1.157753,1.557493
1.1679599999999999,1.4218680000000001
1.1781679999999999,1.3072439999999999
1.1883759999999999,1.210119
1.198583,1.126119
1.208791,1.053495
1.218998,0.9887449999999999
1.229206,0.93187
1.2394129999999999,0.881996
1.2496209999999999,0.8364959999999999
1.2598289999999999,0.7953709999999999
1.270036,0.758621
1.280244,0.724496
1.290451,0.694746
1.300659,0.6667470000000001
1.3108659999999999,0.640497
1.3210739999999999,0.616872
1.331281,0.5949969999999999
1.341489,0.5748719999999999
1.351697,0.555622
1.361904,0.538122
1.372112,0.5223720000000001
1.3823189999999999,0.506622
1.3925269999999998,0.491747
1.402734,0.47862200000000005
1.412942,0.465497
1.42315,0.45324699999999996
1.433357,0.441873
1.443565,0.431373
1.4537719999999998,0.420873
1.4639799999999998,0.411248
1.474187,0.402498
1.484395,0.39287299999999997
1.494603,0.384998
1.50481,0.377123
1.494603,0.369248
1.484395,0.362248
1.474187,0.355248
1.4639799999999998,0.348248
1.4537719999999998,0.34212299999999995
1.443565,0.33599799999999996
1.433357,0.329873
1.42315,0.324623
1.412942,0.318498
1.402734,0.31324799999999997
1.3925269999999998,0.308873
1.3823189999999999,0.303623
1.372112,0.29924799999999996
1.361904,0.294873
1.351697,0.29049800000000003
1.341489,0.286123
1.331281,0.281748
1.3210739999999999,0.277373
1.3108659999999999,0.273873
1.300659,0.270373
1.290451,0.26687299999999997
1.280244,0.26337299999999997
1.270036,0.25987299999999997
1.2598289999999999,0.25637299999999996
1.2496209999999999,0.25374800000000003
1.2394129999999999,0.25112300000000004
1.229206,0.247623
1.218998,0.244998
1.208791,0.242373
1.198583,0.238873
1.1883759999999999,0.23624799999999999
1.1781679999999999,0.233623
1.1679599999999999,0.231873
1.157753,0.228373
1.147545,0.226623
1.137338,0.223999
1.12713,0.22137400000000002
1.1169229999999999,0.219624
1.106715,0.216999
1.096507,0.202999
1.0863,0.168874
1.076092,0.141749
1.065885,0.120749
1.055677,0.102812
1.04547,0.08706211200000001
1.035262,0.074374672
1.025054,0.06299972
1.014847,0.05381226
1.004639,0.045718548000000005
0.994432,0.03828108
0.984224,0.032156106000000004
0.9740169999999999,0.026140508
0.9638089999999999,0.02132803
0.9536009999999999,0.016624926
0.943394,0.012031196000000001
0.933186,-0.023598296
0.922979,-0.028083876
0.912771,-0.030615064
0.9025639999999999,-0.03180226
0.8923559999999999,-0.032401456
0.8821479999999999,-0.035268644
0.871941,-0.037049436000000005
0.861733,-0.03773263200000001
0.851526,-0.039995024000000004
0.841318,-0.042167812000000006
0.8311109999999999,-0.043377408000000006
0.8209029999999999,-0.0451246
0.8106949999999999,-0.047302992
0.800488,-0.04892698400000001
0.79028,-0.050651776
0.780073,-0.05709349600000001
0.7698649999999999,-0.06431221200000001
0.7596579999999999,-0.072843432
0.74945,-0.08235900800000001
0.739242,-0.09373396
0.729035,-0.106421
0.718827,-0.120749
0.7086199999999999,-0.13846799999999998
0.6984119999999999,-0.158155
0.688205,-0.180467
0.677997,-0.20792
0.667789,-0.239858
0.657582,-0.277373
0.647374,-0.321889
0.6371669999999999,-0.376029
0.6269589999999999,-0.440123
0.616752,-0.516794
0.606544,-0.613372
0.596336,-0.7311679999999999
0.586129,-0.878058
0.575921,-1.05962
0.5657139999999999,-1.2991499999999998
0.5555059999999999,-1.607367
0.545299,-2.008116
0.535091,-2.543176
0.524883,-3.258485
0.514676,-4.203042999999999
0.504468,-5.403975999999999
0.49426099999999995,-6.7628449999999996
0.48405299999999996,-8.119088
0.473846,-9.259208999999998
0.463638,-9.913706
0.45343,-9.810456
0.443223,-8.741211
0.433015,-6.9544690000000005
0.42280799999999996,-5.106477
0.41259999999999997,-3.744983
0.402393,-2.981986
0.392185,-2.602238
0.38197699999999996,-2.406239
0.37177,-2.294239
0.361562,-2.20149
0.351355,-2.08249
0.341147,-1.940741
0.33094,-1.823491
0.32073199999999996,-1.718492
0.310525,-1.634492
0.300317,-1.580242
0.290109,-1.552243
0.279902,-1.5277429999999999
0.269694,-1.490993
0.25948699999999997,-1.426243
0.249279,-1.3299940000000001
0.23907199999999998,-1.226744
0.22886399999999998,-1.133994
0.218656,-1.051745
0.208449,-0.9904949999999999
0.198241,-0.944995
0.18803399999999998,-0.904745
0.17782599999999998,-0.8644959999999999
0.167619,-0.824246
0.157411,-0.789246
0.147203,-0.7559959999999999
0.136996,-0.724496
0.12678799999999998,-0.703496
0.11658099999999999,-0.680746
0.106373,-0.6597470000000001
0.096166048,-0.643997
0.08595848,-0.628247
0.07575092,-0.614247
0.065543348,-0.598497
0.055335776,-0.587997
0.045128204000000005,-0.577497
0.034920632,-0.563497
0.024713064,-0.554747
0.014505494,-0.545997
0.004297924,-0.533747
-0.005909646,-0.528497
-0.016117215,-0.5179969999999999
-0.026324786000000003,-0.5074970000000001
-0.036532356,-0.49699699999999997
-0.046739924,-0.488247
-0.056947496,-0.481247
-0.067155064,-0.47074699999999997
-0.077362632,-0.46374699999999996
-0.08757020800000001,-0.45674699999999996
-0.09777777600000001,-0.44624800000000003
-0.107985,-0.437498
-0.11819199999999999,-0.430498
-0.1284,-0.423498
-0.13860799999999998,-0.416498
-0.148815,-0.40949800000000003
-0.159023,-0.404248
-0.16923,-0.397248
-0.179438,-0.390248
-0.18964499999999998,-0.386748
-0.199853,-0.38149799999999995
-0.18964499999999998,-0.355248
-0.179438,-0.341248
-0.16923,-0.32724800000000004
-0.159023,-0.317623
-0.148815,-0.307123
-0.13860799999999998,-0.29924799999999996
-0.1284,-0.29049800000000003
-0.11819199999999999,-0.281748
-0.107985,-0.275623
-0.09777777600000001,-0.26599799999999996
-0.08757020800000001,-0.258123
-0.077362632,-0.250248
-0.067155064,-0.242373
-0.056947496,-0.23449799999999998
-0.046739924,-0.225748
-0.036532356,-0.219624
-0.026324786000000003,-0.211749
-0.016117215,-0.202999
-0.005909646,-0.198624
0.004297924,-0.19074899999999997
0.014505494,-0.183749
0.024713064,-0.179374
0.034920632,-0.174999
0.045128204000000005,-0.168874
0.055335776,-0.164499
0.065543348,-0.162749
0.07575092,-0.159686
0.08595848,-0.155311
0.096166048,-0.154436
0.106373,-0.153999
0.11658099999999999,-0.150061
0.12678799999999998,-0.150936
0.136996,-0.152249
0.147203,-0.150936
0.157411,-0.15137399999999998
0.167619,-0.152686
0.17782599999999998,-0.153561
0.18803399999999998,-0.15137399999999998
0.198241,-0.152249
0.208449,-0.15312399999999998
0.218656,-0.150499
0.22886399999999998,-0.150936
0.23907199999999998,-0.152249
0.249279,-0.150061
0.25948699999999997,-0.14831099999999997
0.269694,-0.144811
0.279902,-0.139999
0.290109,-0.13256099999999998
0.300317,-0.12687400000000001
0.310525,-0.123374
0.32073199999999996,-0.116811
0.33094,-0.111124
0.341147,-0.103249
0.351355,-0.088812104
0.361562,-0.07174968000000001
0.37177,-0.052937268
0.38197699999999996,-0.033031104
0.392185,-0.014437436
0.402393,0.0021874900000000003
0.41259999999999997,0.014765559000000001
0.42280799999999996,0.025484262000000004
0.433015,0.033359226
0.443223,0.037624832000000004
0.45343,0.042546684
0.463638,0.046374792000000005
0.473846,0.048999784000000005
0.48405299999999996,0.05173414800000001
0.49426099999999995,0.05545288
0.504468,0.05960910800000001
0.514676,0.06343722
0.524883,0.07043719200000001
0.535091,0.07984340000000001
0.545299,0.09099960000000001
0.5555059999999999,0.10904599999999999
0.5657139999999999,0.136718
0.575921,0.17707699999999998
0.586129,0.23942000000000002
0.596336,0.334248
0.606544,0.473591
0.616752,0.669153
0.6269589999999999,0.931433
0.6371669999999999,1.229588
0.647374,1.5948989999999998
0.657582,1.9160220000000001
0.667789,2.15249
0.677997,2.280239
0.688205,2.303864
0.6984119999999999,2.260115
0.7086199999999999,2.176115
0.718827,2.0746149999999997
0.729035,1.975741
0.739242,1.886929
0.74945,1.809929
0.7596579999999999,1.750867
0.7698649999999999,1.717617
0.780073,1.713679
0.79028,1.756554
0.800488,1.871179
0.8106949999999999,2.0711150000000003
0.8209029999999999,2.3594269999999997
0.8311109999999999,2.7348
0.841318,3.187173
0.851526,3.675421
0.861733,4.156231
0.871941,4.628729
0.8821479999999999,5.102102
0.8923559999999999,5.5501
0.9025639999999999,5.881722999999999
0.912771,5.995473
0.922979,5.884348
0.933186,5.612224
0.943394,5.237726
0.9536009999999999,4.805478
0.9638089999999999,4.40298
0.9740169999999999,4.087981
0.984224,3.856107
0.994432,3.685483
1.004639,3.563859
1.014847,3.473734
1.025054,3.406359
1.035262,3.354734
1.04547,3.3136099999999997
1.055677,3.282985
1.065885,3.254985
1.076092,3.2278599999999997
1.0863,3.20336
1.096507,3.179735
1.106715,2.845487
1.1169229999999999,2.456114
1.12713,2.15249
1.137338,1.9101160000000001
1.147545,1.714117
1.157753,1.5531179999999998
1.1679599999999999,1.418368
1.1781679999999999,1.304619
1.1883759999999999,1.208369
1.198583,1.125245
1.208791,1.0526200000000001
1.218998,0.9887449999999999
1.229206,0.93187
1.2394129999999999,0.881996
1.2496209999999999,0.837371
1.2598289999999999,0.796246
1.270036,0.759496
1.280244,0.7262460000000001
1.290451,0.696496
1.300659,0.6676219999999999
1.3108659999999999,0.642247
1.3210739999999999,0.618622
1.331281,0.5967469999999999
1.341489,0.576622
1.351697,0.558247
1.361904,0.540747
1.372112,0.524122
1.3823189999999999,0.509247
1.3925269999999998,0.4943719999999999
1.402734,0.481247
1.412942,0.468122
1.42315,0.45674699999999996
1.433357,0.444498
1.443565,0.433998
1.4537719999999998,0.423498
1.4639799999999998,0.413873
1.474187,0.405123
1.484395,0.396373
1.494603,0.387623
1.50481,0.379748
1.494603,0.371873
1.484395,0.364873
1.474187,0.357873
1.4639799999999998,0.350873
1.4537719999999998,0.344748
1.443565,0.33862299999999995
1.433357,0.332498
1.42315,0.32724800000000004
1.412942,0.321123
1.402734,0.316748
1.3925269999999998,0.311498
1.3823189999999999,0.30624799999999996
1.372112,0.301873
1.361904,0.297498
1.351697,0.293123
1.341489,0.288748
1.331281,0.284373
1.3210739999999999,0.281748
1.3108659999999999,0.277373
1.300659,0.272998
1.290451,0.270373
1.280244,0.26599799999999996
1.270036,0.26337299999999997
1.2598289999999999,0.25987299999999997
1.2496209999999999,0.257248
1.2394129999999999,0.25374800000000003
1.229206,0.250248
1.218998,0.247623
1.208791,0.244998
1.198583,0.242373
1.1883759999999999,0.23974800000000002
1.1781679999999999,0.23624799999999999
1.1679599999999999,0.23449799999999998
1.157753,0.231873
1.147545,0.22924799999999998
1.137338,0.22749799999999998
1.12713,0.22487300000000002
1.1169229999999999,0.22312400000000002
1.106715,0.220499
1.096507,0.206499
1.0863,0.17149899999999998
1.076092,0.144374
1.065885,0.122499
1.055677,0.104124
1.04547,0.08837460800000001
1.035262,0.07568716
1.025054,0.06431221200000001
1.014847,0.05468726
1.004639,0.046812292000000005
0.994432,0.039156076
0.984224,0.032812352
0.9740169999999999,0.02690613
0.9638089999999999,0.021874904
0.9536009999999999,0.017499922
0.943394,0.012796819000000001
0.933186,-0.023099898
0.922979,-0.027663878000000003
0.912771,-0.030335068000000003
0.9025639999999999,-0.031309462
0.8923559999999999,-0.031936658
0.8821479999999999,-0.034798244000000006
0.871941,-0.036495040000000006
0.861733,-0.037223036
0.851526,-0.03945182800000001
0.841318,-0.041568616
0.8311109999999999,-0.042778212
0.8209029999999999,-0.044385404
0.8106949999999999,-0.046698192
0.800488,-0.048294188
0.79028,-0.049912580000000005
0.780073,-0.054468508000000006
0.7698649999999999,-0.061249732
0.7596579999999999,-0.06923407200000001
0.74945,-0.07820277600000002
0.739242,-0.089030856
0.729035,-0.10073299999999999
0.718827,-0.114296
0.7086199999999999,-0.13081099999999998
0.6984119999999999,-0.14907700000000002
0.688205,-0.16974899999999998
0.677997,-0.195671
0.667789,-0.225202
0.657582,-0.259655
0.647374,-0.300998
0.6371669999999999,-0.350435
0.6269589999999999,-0.409388
0.616752,-0.479169
0.606544,-0.566669
0.596336,-0.6736369999999999
0.586129,-0.804996
0.575921,-0.9721199999999999
0.5657139999999999,-1.180588
0.5555059999999999,-1.4524929999999998
0.545299,-1.807304
0.535091,-2.2583640000000003
0.524883,-2.900174
0.514676,-3.7414829999999997
0.504468,-4.786665999999999
0.49426099999999995,-6.157347
0.48405299999999996,-7.571340999999999
0.473846,-8.849711
0.463638,-9.834956
0.45343,-10.160454
0.443223,-9.565456999999999
0.433015,-8.032464
0.42280799999999996,-6.077722
0.41259999999999997,-4.39248
0.402393,-3.344235
0.392185,-2.7999870000000002
0.38197699999999996,-2.521738
0.37177,-2.372989
0.361562,-2.26974
0.351355,-2.15949
0.341147,-2.0107399999999997
0.33094,-1.881241
0.32073199999999996,-1.7709920000000001
0.310525,-1.674742
0.300317,-1.608242
0.290109,-1.571493
0.279902,-1.546993
0.269694,-1.520743
0.25948699999999997,-1.4699929999999999
0.249279,-1.384243
0.23907199999999998,-1.2792439999999998
0.22886399999999998,-1.179494
0.218656,-1.091995
0.208449,-1.021995
0.198241,-0.9694950000000001
0.18803399999999998,-0.927495
0.17782599999999998,-0.888996
0.167619,-0.846996
0.157411,-0.810246
0.147203,-0.775246
0.136996,-0.741996
0.12678799999999998,-0.719246
0.11658099999999999,-0.694746
0.106373,-0.671997
0.096166048,-0.656247
0.08595848,-0.638747
0.07575092,-0.622997
0.065543348,-0.608997
0.055335776,-0.5967469999999999
0.045128204000000005,-0.5862470000000001
0.034920632,-0.570497
0.024713064,-0.563497
0.014505494,-0.552997
0.004297924,-0.542497
-0.005909646,-0.533747
-0.016117215,-0.5249969999999999
-0.026324786000000003,-0.514497
-0.036532356,-0.503997
-0.046739924,-0.49524699999999994
-0.056947496,-0.488247
-0.067155064,-0.47774700000000003
-0.077362632,-0.468997
-0.08757020800000001,-0.461997
-0.09777777600000001,-0.45149700000000004
-0.107985,-0.444498
-0.11819199999999999,-0.437498
-0.1284,-0.42874799999999996
-0.13860799999999998,-0.42174799999999996
-0.148815,-0.41474799999999995
-0.159023,-0.40949800000000003
-0.16923,-0.402498
-0.179438,-0.395498
-0.18964499999999998,-0.391998
-0.199853,-0.386748
-0.18964499999999998,-0.358748
-0.179438,-0.344748
-0.16923,-0.33074800000000004
-0.159023,-0.321123
-0.148815,-0.311498
-0.13860799999999998,-0.303623
-0.1284,-0.29399800000000004
-0.11819199999999999,-0.284373
-0.107985,-0.278248
-0.09777777600000001,-0.26949799999999996
-0.08757020800000001,-0.25987299999999997
-0.077362632,-0.252873
-0.067155064,-0.244998
-0.056947496,-0.23624799999999999
-0.046739924,-0.228373
-0.036532356,-0.222249
-0.026324786000000003,-0.21437399999999998
-0.016117215,-0.20474900000000001
-0.005909646,-0.200374
0.004297924,-0.193374
0.014505494,-0.185499
0.024713064,-0.181999
0.034920632,-0.178499
0.045128204000000005,-0.172374
0.055335776,-0.16799899999999998
0.065543348,-0.16537400000000002
0.07575092,-0.163186
0.08595848,-0.159249
0.096166048,-0.157936
0.106373,-0.158374
0.11658099999999999,-0.154436
0.12678799999999998,-0.15487399999999998
0.136996,-0.157061
0.147203,-0.15487399999999998
0.157411,-0.15662399999999999
0.167619,-0.157499
0.17782599999999998,-0.157936
0.18803399999999998,-0.15662399999999999
0.198241,-0.155749
0.208449,-0.15662399999999999
0.218656,-0.15487399999999998
0.22886399999999998,-0.15487399999999998
0.23907199999999998,-0.156186
0.249279,-0.15312399999999998
0.25948699999999997,-0.150936
0.269694,-0.14699900000000002
0.279902,-0.140874
0.290109,-0.13474899999999998
0.300317,-0.128624
0.310525,-0.124686
0.32073199999999996,-0.118561
0.33094,-0.110249
0.341147,-0.100624
0.351355,-0.08399963200000002
0.361562,-0.065624704
0.37177,-0.046374792000000005
0.38197699999999996,-0.026031134000000004
0.392185,-0.008093714000000002
0.402393,0.007218718
0.41259999999999997,0.018703042000000003
0.42280799999999996,0.028109250000000002
0.433015,0.035327968
0.443223,0.03893732800000001
0.45343,0.043640428
0.463638,0.047468540000000004
0.473846,0.049656028000000005
0.48405299999999996,0.052827888
0.49426099999999995,0.056874748
0.504468,0.06103097600000001
0.514676,0.06584346
0.524883,0.073499672
0.535091,0.084109008
0.545299,0.097780816
0.5555059999999999,0.118999
0.5657139999999999,0.152468
0.575921,0.20146699999999998
0.586129,0.27617
0.596336,0.38948199999999994
0.606544,0.552997
0.616752,0.778199
0.6269589999999999,1.066073
0.6371669999999999,1.4041489999999999
0.647374,1.745835
0.657582,2.0350219999999997
0.667789,2.22599
0.677997,2.305177
0.688205,2.292052
0.6984119999999999,2.227302
0.7086199999999999,2.132803
0.718827,2.029991
0.729035,1.934178
0.739242,1.851054
0.74945,1.782367
0.7596579999999999,1.732492
0.7698649999999999,1.711929
0.780073,1.7272420000000002
0.79028,1.798554
0.800488,1.952116
0.8106949999999999,2.19449
0.8209029999999999,2.525676
0.8311109999999999,2.942174
0.841318,3.419484
0.851526,3.9129819999999995
0.861733,4.393355
0.871941,4.869353
0.8821479999999999,5.344475999999999
0.8923559999999999,5.760974
0.9025639999999999,6.006848000000001
0.912771,6.012973000000001
0.922979,5.816974
0.933186,5.489725
0.943394,5.072352
0.9536009999999999,4.636604
0.9638089999999999,4.266481000000001
0.9740169999999999,3.982982
0.984224,3.7782329999999997
0.994432,3.6277329999999997
1.004639,3.520984
1.014847,3.440484
1.025054,3.379234
1.035262,3.3311100000000002
1.04547,3.29261
1.055677,3.26111
1.065885,3.233985
1.076092,3.20686
1.0863,3.18236
1.096507,3.157861
1.106715,2.8297369999999997
1.1169229999999999,2.444739
1.12713,2.1419900000000003
1.137338,1.902241
1.147545,1.708867
1.157753,1.548743
1.1679599999999999,1.415743
1.1781679999999999,1.303744
1.1883759999999999,1.2074939999999998
1.198583,1.12437
1.208791,1.0526200000000001
1.218998,0.9896199999999999
1.229206,0.9327449999999999
1.2394129999999999,0.882871
1.2496209999999999,0.8382459999999999
1.2598289999999999,0.797996
1.270036,0.761246
1.280244,0.727996
1.290451,0.6982459999999999
1.300659,0.671121
1.3108659999999999,0.644872
1.3210739999999999,0.6221220000000001
1.331281,0.600247
1.341489,0.580122
1.351697,0.561747
1.361904,0.5433720000000001
1.372112,0.527622
1.3823189999999999,0.511872
1.3925269999999998,0.497872
1.402734,0.483872
1.412942,0.471622
1.42315,0.46024699999999996
1.433357,0.447998
1.443565,0.436623
1.4537719999999998,0.426998
1.4639799999999998,0.417373
1.474187,0.407748
1.484395,0.399873
1.494603,0.391123
1.50481,0.383248
1.494603,0.37537299999999996
1.484395,0.368373
1.474187,0.361373
1.4639799999999998,0.355248
1.4537719999999998,0.348248
1.443565,0.34212299999999995
1.433357,0.33599799999999996
1.42315,0.33074800000000004
1.412942,0.325498
1.402734,0.319373
1.3925269999999998,0.314998
1.3823189999999999,0.310623
1.372112,0.305373
1.361904,0.300998
1.351697,0.29662299999999997
1.341489,0.293123
1.331281,0.288748
1.3210739999999999,0.284373
1.3108659999999999,0.280873
1.300659,0.277373
1.290451,0.272998
1.280244,0.270373
1.270036,0.26687299999999997
1.2598289999999999,0.26337299999999997
1.2496209999999999,0.25987299999999997
1.2394129999999999,0.257248
1.229206,0.25462300000000004
1.218998,0.25112300000000004
1.208791,0.24849799999999997
1.198583,0.244998
1.1883759999999999,0.24324800000000002
1.1781679999999999,0.23974800000000002
1.1679599999999999,0.237998
1.157753,0.235373
1.147545,0.23274799999999998
1.137338,0.23099799999999998
1.12713,0.22924799999999998
1.1169229999999999,0.226623
1.106715,0.223999
1.096507,0.209999
1.0863,0.174124
1.076092,0.14699900000000002
1.065885,0.12424899999999998
1.055677,0.10543699999999999
1.04547,0.08968709600000001
1.035262,0.07656216
1.025054,0.06518721200000001
1.014847,0.055781004
1.004639,0.047249792000000006
0.994432,0.04024982
0.984224,0.03346860200000001
0.9740169999999999,0.027781126000000003
0.9638089999999999,0.022531150000000003
0.9536009999999999,0.017937420000000003
0.943394,0.013453065
0.933186,-0.0226463
0.922979,-0.027249480000000003
0.912771,-0.030004668
0.9025639999999999,-0.030962264
0.8923559999999999,-0.03144946
0.8821479999999999,-0.034423052
0.871941,-0.036030240000000005
0.861733,-0.036702240000000004
0.851526,-0.038931028
0.841318,-0.040986220000000004
0.8311109999999999,-0.04223501600000001
0.8209029999999999,-0.043803004000000006
0.8106949999999999,-0.046014996
0.800488,-0.047655788000000004
0.79028,-0.049156584
0.780073,-0.051952896000000005
0.7698649999999999,-0.058515364
0.7596579999999999,-0.065624704
0.74945,-0.07448404
0.739242,-0.08421837600000001
0.729035,-0.09559332800000002
0.718827,-0.10828
0.7086199999999999,-0.123483
0.6984119999999999,-0.141093
0.688205,-0.159905
0.677997,-0.183858
0.667789,-0.211749
0.657582,-0.24324800000000002
0.647374,-0.281967
0.6371669999999999,-0.32724800000000004
0.6269589999999999,-0.381388
0.616752,-0.44526299999999996
0.606544,-0.524669
0.596336,-0.6220119999999999
0.586129,-0.7401369999999999
0.575921,-0.8915109999999999
0.5657139999999999,-1.0731819999999999
0.5555059999999999,-1.317306
0.545299,-1.629899
0.535091,-2.037209
0.524883,-2.5864879999999997
0.514676,-3.32411
0.504468,-4.291418
0.49426099999999995,-5.5413499999999996
0.48405299999999996,-6.966718
0.473846,-8.371087
0.463638,-9.574207
0.45343,-10.279454
0.443223,-10.174453999999999
0.433015,-9.049209
0.42280799999999996,-7.167968
0.41259999999999997,-5.223726
0.402393,-3.842983
0.392185,-3.067736
0.38197699999999996,-2.673988
0.37177,-2.467488
0.361562,-2.3414889999999997
0.351355,-2.23474
0.341147,-2.09124
0.33094,-1.945991
0.32073199999999996,-1.825241
0.310525,-1.720242
0.300317,-1.644992
0.290109,-1.594242
0.279902,-1.566243
0.269694,-1.543493
0.25948699999999997,-1.506743
0.249279,-1.434993
0.23907199999999998,-1.3334940000000002
0.22886399999999998,-1.231994
0.218656,-1.137494
0.208449,-1.0569950000000001
0.198241,-0.999245
0.18803399999999998,-0.951995
0.17782599999999998,-0.9099949999999999
0.167619,-0.869746
0.157411,-0.8312459999999999
0.147203,-0.796246
0.136996,-0.759496
0.12678799999999998,-0.7332460000000001
0.11658099999999999,-0.708746
0.106373,-0.6859959999999999
0.096166048,-0.668497
0.08595848,-0.650997
0.07575092,-0.633497
0.065543348,-0.619497
0.055335776,-0.605497
0.045128204000000005,-0.593247
0.034920632,-0.5792470000000001
0.024713064,-0.570497
0.014505494,-0.561747
0.004297924,-0.549497
-0.005909646,-0.540747
-0.016117215,-0.5319969999999999
-0.026324786000000003,-0.521497
-0.036532356,-0.510997
-0.046739924,-0.502247
-0.056947496,-0.493497
-0.067155064,-0.482997
-0.077362632,-0.475997
-0.08757020800000001,-0.468997
-0.09777777600000001,-0.458497
-0.107985,-0.45149700000000004
-0.11819199999999999,-0.444498
-0.1284,-0.43574799999999997
-0.13860799999999998,-0.426998
-0.148815,-0.419998
-0.159023,-0.41474799999999995
-0.16923,-0.407748
-0.179438,-0.402498
-0.18964499999999998,-0.395498
-0.199853,-0.390248
-0.18964499999999998,-0.363998
-0.179438,-0.348248
-0.16923,-0.33599799999999996
-0.159023,-0.324623
-0.148815,-0.314998
-0.13860799999999998,-0.30624799999999996
-0.1284,-0.297498
-0.11819199999999999,-0.287873
-0.107985,-0.279998
-0.09777777600000001,-0.272998
-0.08757020800000001,-0.26337299999999997
-0.077362632,-0.255498
-0.067155064,-0.24849799999999997
-0.056947496,-0.238873
-0.046739924,-0.23099799999999998
-0.036532356,-0.22487300000000002
-0.026324786000000003,-0.216999
-0.016117215,-0.20912399999999998
-0.005909646,-0.202999
0.004297924,-0.197749
0.014505494,-0.18899899999999997
0.024713064,-0.185499
0.034920632,-0.182874
0.045128204000000005,-0.17543599999999998
0.055335776,-0.17193599999999998
0.065543348,-0.16974899999999998
0.07575092,-0.166249
0.08595848,-0.164061
0.096166048,-0.162749
0.106373,-0.162749
0.11658099999999999,-0.159686
0.12678799999999998,-0.159249
0.136996,-0.162749
0.147203,-0.159686
0.157411,-0.160124
0.167619,-0.162311
0.17782599999999998,-0.160999
0.18803399999999998,-0.160561
0.198241,-0.159686
0.208449,-0.160561
0.218656,-0.158811
0.22886399999999998,-0.157936
0.23907199999999998,-0.159686
0.249279,-0.155749
0.25948699999999997,-0.152249
0.269694,-0.148749
0.279902,-0.141749
0.290109,-0.136061
0.300317,-0.130374
0.310525,-0.125999
0.32073199999999996,-0.118999
0.33094,-0.109374
0.341147,-0.09712456800000001
0.351355,-0.07918714400000001
0.361562,-0.05862474000000001
0.37177,-0.039374824
0.38197699999999996,-0.019249914000000003
0.392185,-0.0019687410000000004
0.402393,0.011593698000000001
0.41259999999999997,0.022640524000000002
0.42280799999999996,0.030624866
0.433015,0.037187336
0.443223,0.04068732
0.45343,0.044515428
0.463638,0.048452912
0.473846,0.050749776
0.48405299999999996,0.053921636
0.49426099999999995,0.058405992000000004
0.504468,0.062780972
0.514676,0.068359072
0.524883,0.077327784
0.535091,0.08946835200000001
0.545299,0.105874
0.5555059999999999,0.131468
0.5657139999999999,0.17160799999999998
0.575921,0.23078
0.586129,0.320248
0.596336,0.45521599999999995
0.606544,0.6452
0.616752,0.899824
0.6269589999999999,1.198854
0.6371669999999999,1.559243
0.647374,1.885835
0.657582,2.132803
0.667789,2.276302
0.677997,2.312177
0.688205,2.267989
0.6984119999999999,2.18749
0.7086199999999999,2.088178
0.718827,1.985803
0.729035,1.895679
0.739242,1.8182409999999998
0.74945,1.7574290000000001
0.7596579999999999,1.7193669999999999
0.7698649999999999,1.7132420000000002
0.780073,1.752179
0.79028,1.8571790000000001
0.800488,2.053178
0.8106949999999999,2.337114
0.8209029999999999,2.711175
0.8311109999999999,3.16486
0.841318,3.657921
0.851526,4.148793
0.861733,4.6331039999999994
0.871941,5.113477
0.8821479999999999,5.580725
0.8923559999999999,5.941223
0.9025639999999999,6.082972
0.912771,5.987597999999999
0.922979,5.717224
0.933186,5.3409759999999995
0.943394,4.895603
0.9536009999999999,4.475605000000001
0.9638089999999999,4.141356
0.9740169999999999,3.8902319999999997
0.984224,3.709983
0.994432,3.577859
1.004639,3.4816089999999997
1.014847,3.409859
1.025054,3.3529850000000003
1.035262,3.3092349999999997
1.04547,3.2724849999999996
1.055677,3.24186
1.065885,3.21386
1.076092,3.1867349999999997
1.0863,3.16136
1.096507,3.137735
1.106715,2.8131120000000003
1.1169229999999999,2.433364
1.12713,2.134115
1.137338,1.896116
1.147545,1.704492
1.157753,1.5461179999999999
1.1679599999999999,1.413993
1.1781679999999999,1.302869
1.1883759999999999,1.2074939999999998
1.198583,1.125245
1.208791,1.053495
1.218998,0.9904949999999999
1.229206,0.93537
1.2394129999999999,0.8854960000000001
1.2496209999999999,0.841746
1.2598289999999999,0.8006209999999999
1.270036,0.7647459999999999
1.280244,0.731496
1.290451,0.701746
1.300659,0.673747
1.3108659999999999,0.648372
1.3210739999999999,0.625622
1.331281,0.6037469999999999
1.341489,0.583622
1.351697,0.565247
1.361904,0.547747
1.372112,0.531122
1.3823189999999999,0.5162469999999999
1.3925269999999998,0.5013719999999999
1.402734,0.488247
1.412942,0.475122
1.42315,0.462872
1.433357,0.452372
1.443565,0.440998
1.4537719999999998,0.431373
1.4639799999999998,0.42174799999999996
1.474187,0.412123
1.484395,0.403373
1.494603,0.395498
1.50481,0.387623
1.494603,0.379748
1.484395,0.371873
1.474187,0.365748
1.4639799999999998,0.358748
1.4537719999999998,0.35262299999999996
1.443565,0.346498
1.433357,0.340373
1.42315,0.33512299999999995
1.412942,0.329873
1.402734,0.323748
1.3925269999999998,0.319373
1.3823189999999999,0.314123
1.372112,0.30974799999999997
1.361904,0.305373
1.351697,0.300998
1.341489,0.29662299999999997
1.331281,0.293123
1.3210739999999999,0.288748
1.3108659999999999,0.285248
1.300659,0.281748
1.290451,0.277373
1.280244,0.274748
1.270036,0.271248
1.2598289999999999,0.267748
1.2496209999999999,0.265123
1.2394129999999999,0.260748
1.229206,0.25899799999999995
1.218998,0.255498
1.208791,0.252873
1.198583,0.250248
1.1883759999999999,0.247623
1.1781679999999999,0.244998
1.1679599999999999,0.242373
1.157753,0.23974800000000002
1.147545,0.237123
1.137338,0.235373
1.12713,0.23274799999999998
1.1169229999999999,0.230123
1.106715,0.228373
1.096507,0.213499
1.0863,0.177624
1.076092,0.148749
1.065885,0.125999
1.055677,0.106749
1.04547,0.09143709600000001
1.035262,0.07787465600000001
1.025054,0.066499704
1.014847,0.056656
1.004639,0.047906036000000006
0.994432,0.040906068000000004
0.984224,0.034124848
0.9740169999999999,0.028437374
0.9638089999999999,0.023406146000000003
0.9536009999999999,0.018374918
0.943394,0.014437436
0.933186,-0.022282302
0.922979,-0.026924680000000003
0.912771,-0.029579070000000002
0.9025639999999999,-0.030654264000000004
0.8923559999999999,-0.030973464000000006
0.8821479999999999,-0.03400865200000001
0.871941,-0.035576644
0.861733,-0.036136640000000005
0.851526,-0.03842702800000001
0.841318,-0.040403824000000005
0.8311109999999999,-0.041686216000000005
0.8209029999999999,-0.043159008000000006
0.8106949999999999,-0.04536540000000001
0.800488,-0.047045392
0.79028,-0.048456588
0.780073,-0.050545376
0.7698649999999999,-0.056109124
0.7596579999999999,-0.062452852
0.74945,-0.070874688
0.739242,-0.08028088800000001
0.729035,-0.09056209600000001
0.718827,-0.102702
0.7086199999999999,-0.116921
0.6984119999999999,-0.133436
0.688205,-0.15104599999999999
0.677997,-0.173358
0.667789,-0.19927999999999998
0.657582,-0.228483
0.647374,-0.264139
0.6371669999999999,-0.306358
0.6269589999999999,-0.35546700000000003
0.616752,-0.414529
0.606544,-0.486607
0.596336,-0.5748719999999999
0.586129,-0.6820590000000001
0.575921,-0.8176829999999999
0.5657139999999999,-0.985901
0.5555059999999999,-1.196557
0.545299,-1.472399
0.535091,-1.833773
0.524883,-2.2916139999999996
0.514676,-2.9566109999999997
0.504468,-3.8154199999999996
0.49426099999999995,-4.88904
0.48405299999999996,-6.329720999999999
0.473846,-7.799713999999999
0.463638,-9.164709
0.45343,-10.181454
0.443223,-10.534953
0.433015,-9.904955
0.42280799999999996,-8.296712
0.41259999999999997,-6.228222
0.402393,-4.506229
0.392185,-3.440484
0.38197699999999996,-2.876987
0.37177,-2.589988
0.361562,-2.423739
0.351355,-2.3064889999999996
0.341147,-2.1752399999999996
0.33094,-2.017741
0.32073199999999996,-1.884741
0.310525,-1.7709920000000001
0.300317,-1.685242
0.290109,-1.620492
0.279902,-1.585492
0.269694,-1.5644930000000001
0.25948699999999997,-1.538243
0.249279,-1.480493
0.23907199999999998,-1.387743
0.22886399999999998,-1.284494
0.218656,-1.184744
0.208449,-1.095495
0.198241,-1.0289949999999999
0.18803399999999998,-0.978245
0.17782599999999998,-0.934495
0.167619,-0.894246
0.157411,-0.853996
0.147203,-0.817246
0.136996,-0.780496
0.12678799999999998,-0.7507459999999999
0.11658099999999999,-0.7262460000000001
0.106373,-0.699996
0.096166048,-0.680746
0.08595848,-0.663247
0.07575092,-0.645747
0.065543348,-0.629997
0.055335776,-0.6177469999999999
0.045128204000000005,-0.6037469999999999
0.034920632,-0.589747
0.024713064,-0.5792470000000001
0.014505494,-0.568747
0.004297924,-0.556497
-0.005909646,-0.549497
-0.016117215,-0.540747
-0.026324786000000003,-0.528497
-0.036532356,-0.5179969999999999
-0.046739924,-0.509247
-0.056947496,-0.498747
-0.067155064,-0.489997
-0.077362632,-0.482997
-0.08757020800000001,-0.474247
-0.09777777600000001,-0.465497
-0.107985,-0.45674699999999996
-0.11819199999999999,-0.449747
-0.1284,-0.440998
-0.13860799999999998,-0.43224799999999997
-0.148815,-0.426998
-0.159023,-0.419998
-0.16923,-0.412998
-0.179438,-0.407748
-0.18964499999999998,-0.400748
-0.199853,-0.395498
-0.18964499999999998,-0.369248
-0.179438,-0.353498
-0.16923,-0.341248
-0.159023,-0.328998
-0.148815,-0.319373
-0.13860799999999998,-0.310623
-0.1284,-0.300998
-0.11819199999999999,-0.292248
-0.107985,-0.283498
-0.09777777600000001,-0.274748
-0.08757020800000001,-0.26599799999999996
-0.077362632,-0.258123
-0.067155064,-0.251998
-0.056947496,-0.241498
-0.046739924,-0.23449799999999998
-0.036532356,-0.228373
-0.026324786000000003,-0.218749
-0.016117215,-0.211749
-0.005909646,-0.205624
0.004297924,-0.199499
0.014505494,-0.192499
0.024713064,-0.18812399999999999
0.034920632,-0.186374
0.045128204000000005,-0.179374
0.055335776,-0.17543599999999998
0.065543348,-0.174124
0.07575092,-0.17018599999999998
0.08595848,-0.16799899999999998
0.096166048,-0.166686
0.106373,-0.166249
0.11658099999999999,-0.164936
0.12678799999999998,-0.16362400000000002
0.136996,-0.167124
0.147203,-0.16537400000000002
0.157411,-0.164499
0.167619,-0.167124
0.17782599999999998,-0.16537400000000002
0.18803399999999998,-0.16362400000000002
0.198241,-0.164061
0.208449,-0.16362400000000002
0.218656,-0.162749
0.22886399999999998,-0.162311
0.23907199999999998,-0.162311
0.249279,-0.159249
0.25948699999999997,-0.154436
0.269694,-0.14962399999999998
0.279902,-0.143936
0.290109,-0.136936
0.300317,-0.132124
0.310525,-0.12687400000000001
0.32073199999999996,-0.118561
0.33094,-0.10718699999999999
0.341147,-0.09274958400000001
0.351355,-0.07306217599999999
0.361562,-0.05162476800000001
0.37177,-0.031281112
0.38197699999999996,-0.012906192000000002
0.392185,0.0034999840000000003
0.402393,0.016515552
0.41259999999999997,0.025703010000000002
0.42280799999999996,0.03292173
0.433015,0.03828108
0.443223,0.042218564
0.45343,0.045609172
0.463638,0.049109156
0.473846,0.05206226800000001
0.48405299999999996,0.05501538
0.49426099999999995,0.060046612000000006
0.504468,0.06518721200000001
0.514676,0.071312184
0.524883,0.08170276
0.535091,0.095702704
0.545299,0.115827
0.5555059999999999,0.146561
0.5657139999999999,0.194358
0.575921,0.266108
0.586129,0.373076
0.596336,0.531778
0.606544,0.7507459999999999
0.616752,1.032385
0.6269589999999999,1.3654309999999998
0.6371669999999999,1.711711
0.647374,2.009865
0.657582,2.209365
0.667789,2.304302
0.677997,2.302989
0.688205,2.2351769999999997
0.6984119999999999,2.144615
0.7086199999999999,2.043553
0.718827,1.9433659999999997
0.729035,1.858929
0.739242,1.788929
0.74945,1.737304
0.7596579999999999,1.711929
0.7698649999999999,1.724617
0.780073,1.791116
0.79028,1.9350530000000001
0.800488,2.1730519999999998
0.8106949999999999,2.500301
0.8209029999999999,2.916362
0.8311109999999999,3.399797
0.841318,3.899419
0.851526,4.38723
0.861733,4.875478
0.871941,5.361975999999999
0.8821479999999999,5.802974
0.8923559999999999,6.079473
0.9025639999999999,6.108347
0.912771,5.923723
0.922979,5.59385
0.933186,5.171226
0.943394,4.718853999999999
0.9536009999999999,4.32948
0.9638089999999999,4.029357
0.9740169999999999,3.808857
0.984224,3.649608
0.994432,3.533234
1.004639,3.445734
1.014847,3.3809839999999998
1.025054,3.3302349999999996
1.035262,3.2873599999999996
1.04547,3.25236
1.055677,3.22086
1.065885,3.19286
1.076092,3.16661
1.0863,3.142111
1.096507,3.1211109999999995
1.106715,2.7999870000000002
1.1169229999999999,2.422864
1.12713,2.12799
1.137338,1.8926159999999999
1.147545,1.7018669999999998
1.157753,1.545243
1.1679599999999999,1.413993
1.1781679999999999,1.303744
1.1883759999999999,1.209244
1.198583,1.127869
1.208791,1.0561200000000002
1.218998,0.99312
1.229206,0.937995
1.2394129999999999,0.888996
1.2496209999999999,0.844371
1.2598289999999999,0.804121
1.270036,0.768246
1.280244,0.7358709999999999
1.290451,0.706121
1.300659,0.678121
1.3108659999999999,0.652747
1.3210739999999999,0.629122
1.331281,0.607247
1.341489,0.587997
1.351697,0.569622
1.361904,0.5521219999999999
1.372112,0.535497
1.3823189999999999,0.520622
1.3925269999999998,0.506622
1.402734,0.492622
1.412942,0.48037199999999997
1.42315,0.468122
1.433357,0.45674699999999996
1.443565,0.44624800000000003
1.4537719999999998,0.43574799999999997
1.4639799999999998,0.426123
1.474187,0.417373
1.484395,0.408623
1.494603,0.399873
1.50481,0.391998
1.494603,0.384123
1.484395,0.377123
1.474187,0.37012300000000004
1.4639799999999998,0.363998
1.4537719999999998,0.356998
1.443565,0.350873
1.433357,0.34562299999999996
1.42315,0.33949799999999997
1.412942,0.334248
1.402734,0.329873
1.3925269999999998,0.323748
1.3823189999999999,0.319373
1.372112,0.314998
1.361904,0.310623
1.351697,0.30624799999999996
1.341489,0.301873
1.331281,0.297498
1.3210739999999999,0.293123
1.3108659999999999,0.289623
1.300659,0.286123
1.290451,0.282623
1.280244,0.279123
1.270036,0.276498
1.2598289999999999,0.272998
1.2496209999999999,0.26949799999999996
1.2394129999999999,0.26687299999999997
1.229206,0.26337299999999997
1.218998,0.260748
1.208791,0.258123
1.198583,0.255498
1.1883759999999999,0.251998
1.1781679999999999,0.24937299999999998
1.1679599999999999,0.247623
1.157753,0.244998
1.147545,0.24324800000000002
1.137338,0.24062299999999998
1.12713,0.237998
1.1169229999999999,0.23624799999999999
1.106715,0.233623
1.096507,0.218749
1.0863,0.181124
1.076092,0.15137399999999998
1.065885,0.127749
1.055677,0.10893699999999999
1.04547,0.09274958400000001
1.035262,0.078749648
1.025054,0.06737470400000001
1.014847,0.057749744
1.004639,0.049218532
0.994432,0.041781064
0.984224,0.035218596000000005
0.9740169999999999,0.029312370000000004
0.9638089999999999,0.024171768000000003
0.9536009999999999,0.01935929
0.943394,0.014874934000000001
0.933186,0.011156200000000002
0.922979,-0.024225492
0.912771,-0.029293470000000005
0.9025639999999999,-0.030279066000000004
0.8923559999999999,-0.030575866000000007
0.8821479999999999,-0.033588652000000004
0.871941,-0.035207044
0.861733,-0.035604644000000005
0.851526,-0.037962232
0.841318,-0.039955824
0.8311109999999999,-0.04102542
0.8209029999999999,-0.042587812
0.8106949999999999,-0.044760604
0.800488,-0.046412596
0.79028,-0.047823788000000006
0.780073,-0.04981738
0.7698649999999999,-0.05348414
0.7596579999999999,-0.059499736000000004
0.74945,-0.067265328
0.739242,-0.076452784
0.729035,-0.085968368
0.718827,-0.097233944
0.7086199999999999,-0.110905
0.6984119999999999,-0.12589
0.688205,-0.142843
0.677997,-0.163296
0.667789,-0.187467
0.657582,-0.214811
0.647374,-0.24751399999999998
0.6371669999999999,-0.286779
0.6269589999999999,-0.332061
0.616752,-0.38587299999999997
0.606544,-0.45226299999999997
0.596336,-0.532106
0.586129,-0.6296689999999999
0.575921,-0.751621
0.5657139999999999,-0.903761
0.5555059999999999,-1.08576
0.545299,-1.333712
0.535091,-1.65243
0.524883,-2.067178
0.514676,-2.631988
0.504468,-3.385797
0.49426099999999995,-4.3762929999999995
0.48405299999999996,-5.681349
0.473846,-7.159218
0.463638,-8.622211
0.45343,-9.903205
0.443223,-10.648701999999998
0.433015,-10.538453
0.42280799999999996,-9.362457999999998
0.41259999999999997,-7.365716999999999
0.402393,-5.363726000000001
0.392185,-3.9497319999999996
0.38197699999999996,-3.155235
0.37177,-2.750987
0.361562,-2.525238
0.351355,-2.379989
0.341147,-2.259239
0.33094,-2.09824
0.32073199999999996,-1.9477410000000002
0.310525,-1.825241
0.300317,-1.7289919999999999
0.290109,-1.655492
0.279902,-1.608242
0.269694,-1.5837419999999998
0.25948699999999997,-1.5644930000000001
0.249279,-1.520743
0.23907199999999998,-1.4419929999999999
0.22886399999999998,-1.3404939999999999
0.218656,-1.2354939999999999
0.208449,-1.139244
0.198241,-1.0622449999999999
0.18803399999999998,-1.006245
0.17782599999999998,-0.960745
0.167619,-0.9187449999999999
0.157411,-0.880246
0.147203,-0.8382459999999999
0.136996,-0.801496
0.12678799999999998,-0.769996
0.11658099999999999,-0.741996
0.106373,-0.715746
0.096166048,-0.692996
0.08595848,-0.6754969999999999
0.07575092,-0.657997
0.065543348,-0.640497
0.055335776,-0.626497
0.045128204000000005,-0.612497
0.034920632,-0.598497
0.024713064,-0.587997
0.014505494,-0.577497
0.004297924,-0.565247
-0.005909646,-0.556497
-0.016117215,-0.547747
-0.026324786000000003,-0.5372469999999999
-0.036532356,-0.5249969999999999
-0.046739924,-0.5179969999999999
-0.056947496,-0.5057470000000001
-0.067155064,-0.49699699999999997
-0.077362632,-0.489997
-0.08757020800000001,-0.481247
-0.09777777600000001,-0.472497
-0.107985,-0.46374699999999996
-0.11819199999999999,-0.45674699999999996
-0.1284,-0.447998
-0.13860799999999998,-0.439248
-0.148815,-0.43224799999999997
-0.159023,-0.42524799999999996
-0.16923,-0.41824799999999995
-0.179438,-0.412998
-0.18964499999999998,-0.405998
-0.199853,-0.400748
-0.18964499999999998,-0.37449799999999994
-0.179438,-0.355248
-0.16923,-0.344748
-0.159023,-0.332498
-0.148815,-0.322873
-0.13860799999999998,-0.314123
-0.1284,-0.303623
-0.11819199999999999,-0.29574799999999996
-0.107985,-0.28699800000000003
-0.09777777600000001,-0.278248
-0.08757020800000001,-0.26949799999999996
-0.077362632,-0.25987299999999997
-0.067155064,-0.25374800000000003
-0.056947496,-0.244998
-0.046739924,-0.23624799999999999
-0.036532356,-0.231873
-0.026324786000000003,-0.222249
-0.016117215,-0.21437399999999998
-0.005909646,-0.20912399999999998
0.004297924,-0.202124
0.014505494,-0.196874
0.024713064,-0.19074899999999997
0.034920632,-0.18899899999999997
0.045128204000000005,-0.183749
0.055335776,-0.178499
0.065543348,-0.179374
0.07575092,-0.174561
0.08595848,-0.172374
0.096166048,-0.172811
0.106373,-0.170624
0.11658099999999999,-0.169311
0.12678799999999998,-0.16974899999999998
0.136996,-0.17149899999999998
0.147203,-0.17018599999999998
0.157411,-0.16974899999999998
0.167619,-0.171061
0.17782599999999998,-0.17018599999999998
0.18803399999999998,-0.166686
0.198241,-0.16799899999999998
0.208449,-0.16799899999999998
0.218656,-0.166249
0.22886399999999998,-0.16581100000000001
0.23907199999999998,-0.164936
0.249279,-0.161436
0.25948699999999997,-0.155749
0.269694,-0.15137399999999998
0.279902,-0.145686
0.290109,-0.138249
0.300317,-0.133874
0.310525,-0.128186
0.32073199999999996,-0.11724899999999999
0.33094,-0.104124
0.341147,-0.086624616
0.351355,-0.066499704
0.361562,-0.045062300000000007
0.37177,-0.024281142000000002
0.38197699999999996,-0.00678122
0.392185,0.008531212
0.402393,0.020671782000000003
0.41259999999999997,0.027890502
0.42280799999999996,0.035437344
0.433015,0.039812324
0.443223,0.043312308
0.45343,0.046812292000000005
0.463638,0.049984152000000004
0.473846,0.05337476
0.48405299999999996,0.056327876000000006
0.49426099999999995,0.06146848
0.504468,0.067921568
0.514676,0.07481216800000001
0.524883,0.087171488
0.535091,0.103796
0.545299,0.12742099999999998
0.5555059999999999,0.165046
0.5657139999999999,0.22235799999999997
0.575921,0.308654
0.586129,0.43607599999999996
0.596336,0.621028
0.606544,0.870293
0.616752,1.166916
0.6269589999999999,1.522055
0.6371669999999999,1.854991
0.647374,2.113334
0.657582,2.265802
0.667789,2.3143640000000003
0.677997,2.280677
0.688205,2.196677
0.6984119999999999,2.098678
0.7086199999999999,1.998491
0.718827,1.903554
0.729035,1.824366
0.739242,1.763117
0.74945,1.722429
0.7596579999999999,1.712367
0.7698649999999999,1.746929
0.780073,1.8462409999999998
0.79028,2.033928
0.800488,2.313927
0.8106949999999999,2.6858
0.8209029999999999,3.140798
0.8311109999999999,3.641733
0.841318,4.140044
0.851526,4.629604
0.861733,5.1257269999999995
0.871941,5.605224
0.8821479999999999,5.993722999999999
0.8923559999999999,6.168722
0.9025639999999999,6.088222
0.912771,5.823974
0.922979,5.441599999999999
0.933186,4.983976999999999
0.943394,4.546479
0.9536009999999999,4.194731
0.9638089999999999,3.9296069999999994
0.9740169999999999,3.7344829999999996
0.984224,3.594483
0.994432,3.490359
1.004639,3.413359
1.014847,3.3529850000000003
1.025054,3.305735
1.035262,3.265485
1.04547,3.23136
1.055677,3.200735
1.065885,3.172735
1.076092,3.146485
1.0863,3.122861
1.096507,3.102736
1.106715,2.785987
1.1169229999999999,2.4141139999999996
1.12713,2.121865
1.137338,1.888241
1.147545,1.6992420000000001
1.157753,1.545243
1.1679599999999999,1.414868
1.1781679999999999,1.305494
1.1883759999999999,1.210994
1.198583,1.1304949999999998
1.208791,1.05962
1.218998,0.9966200000000001
1.229206,0.941495
1.2394129999999999,0.8924960000000001
1.2496209999999999,0.848746
1.2598289999999999,0.808496
1.270036,0.773496
1.280244,0.7402460000000001
1.290451,0.710496
1.300659,0.6833710000000001
1.3108659999999999,0.657997
1.3210739999999999,0.6343719999999999
1.331281,0.613372
1.341489,0.593247
1.351697,0.5748719999999999
1.361904,0.557372
1.372112,0.540747
1.3823189999999999,0.525872
1.3925269999999998,0.510997
1.402734,0.497872
1.412942,0.48562200000000005
1.42315,0.473372
1.433357,0.461997
1.443565,0.45149700000000004
1.4537719999999998,0.440998
1.4639799999999998,0.431373
1.474187,0.42262299999999997
1.484395,0.413873
1.494603,0.405998
1.50481,0.398123
1.494603,0.390248
1.484395,0.383248
1.474187,0.37624799999999997
1.4639799999999998,0.369248
1.4537719999999998,0.36312300000000003
1.443565,0.356998
1.433357,0.350873
1.42315,0.344748
1.412942,0.340373
1.402734,0.33512299999999995
1.3925269999999998,0.329873
1.3823189999999999,0.324623
1.372112,0.320248
1.361904,0.315873
1.351697,0.311498
1.341489,0.307123
1.331281,0.303623
1.3210739999999999,0.29924799999999996
1.3108659999999999,0.29574799999999996
1.300659,0.292248
1.290451,0.288748
1.280244,0.285248
1.270036,0.281748
1.2598289999999999,0.278248
1.2496209999999999,0.275623
1.2394129999999999,0.272123
1.229206,0.26949799999999996
1.218998,0.26599799999999996
1.208791,0.26337299999999997
1.198583,0.260748
1.1883759999999999,0.258123
1.1781679999999999,0.255498
1.1679599999999999,0.252873
1.157753,0.250248
1.147545,0.24849799999999997
1.137338,0.24587299999999998
1.12713,0.24324800000000002
1.1169229999999999,0.241498
1.106715,0.238873
1.096507,0.22312400000000002
1.0863,0.184624
1.076092,0.153999
1.065885,0.130374
1.055677,0.110249
1.04547,0.09406208
1.035262,0.08049964
1.025054,0.06868719200000001
1.014847,0.058843488000000006
1.004639,0.050093528000000005
0.994432,0.04265606
0.984224,0.035874840000000005
0.9740169999999999,0.029968616000000003
0.9638089999999999,0.024937388
0.9536009999999999,0.02012491
0.943394,0.015421807000000003
0.933186,0.011921822
0.922979,-0.023771894000000002
0.912771,-0.028951874000000002
0.9025639999999999,-0.029898268
0.8923559999999999,-0.030195066
0.8821479999999999,-0.033146254
0.871941,-0.034787048
0.861733,-0.035145444000000005
0.851526,-0.03743023200000001
0.841318,-0.039474228
0.8311109999999999,-0.040443024
0.8209029999999999,-0.041988612
0.8106949999999999,-0.044195004
0.800488,-0.0456958
0.79028,-0.047129392000000006
0.780073,-0.049167784000000006
0.7698649999999999,-0.05085914800000001
0.7596579999999999,-0.056874748
0.74945,-0.063984092
0.739242,-0.07262468000000001
0.729035,-0.08181213600000001
0.718827,-0.09220272000000002
0.7086199999999999,-0.10521799999999999
0.6984119999999999,-0.11910799999999999
0.688205,-0.134858
0.677997,-0.154218
0.667789,-0.176421
0.657582,-0.202014
0.647374,-0.232311
0.6371669999999999,-0.268623
0.6269589999999999,-0.31073199999999995
0.616752,-0.359951
0.606544,-0.420982
0.596336,-0.493497
0.586129,-0.5815440000000001
0.575921,-0.692121
0.5657139999999999,-0.828293
0.5555059999999999,-0.9971669999999999
0.545299,-1.2107750000000002
0.535091,-1.490993
0.524883,-1.858929
0.514676,-2.3250830000000002
0.504468,-3.004299
0.49426099999999995,-3.8823570000000003
0.48405299999999996,-5.050477
0.473846,-6.477595999999999
0.463638,-8.013214
0.45343,-9.458707
0.443223,-10.533202
0.433015,-10.907701
0.42280799999999996,-10.267204
0.41259999999999997,-8.553961
0.402393,-6.411970999999999
0.392185,-4.637479
0.38197699999999996,-3.536734
0.37177,-2.964486
0.361562,-2.6599880000000002
0.351355,-2.4727379999999997
0.341147,-2.339739
0.33094,-2.19449
0.32073199999999996,-2.021241
0.310525,-1.884741
0.300317,-1.777992
0.290109,-1.693992
0.279902,-1.632742
0.269694,-1.6012419999999998
0.25948699999999997,-1.585492
0.249279,-1.553993
0.23907199999999998,-1.490993
0.22886399999999998,-1.396493
0.218656,-1.289744
0.208449,-1.188244
0.198241,-1.102495
0.18803399999999998,-1.037745
0.17782599999999998,-0.985245
0.167619,-0.943245
0.157411,-0.904745
0.147203,-0.862746
0.136996,-0.822496
0.12678799999999998,-0.790996
0.11658099999999999,-0.759496
0.106373,-0.731496
0.096166048,-0.708746
0.08595848,-0.689496
0.07575092,-0.6702469999999999
0.065543348,-0.650997
0.055335776,-0.638747
0.045128204000000005,-0.6247469999999999
0.034920632,-0.607247
0.024713064,-0.598497
0.014505494,-0.5862470000000001
0.004297924,-0.573997
-0.005909646,-0.565247
-0.016117215,-0.554747
-0.026324786000000003,-0.545997
-0.036532356,-0.5319969999999999
-0.046739924,-0.5249969999999999
-0.056947496,-0.5162469999999999
-0.067155064,-0.502247
-0.077362632,-0.49699699999999997
-0.08757020800000001,-0.488247
-0.09777777600000001,-0.47774700000000003
-0.107985,-0.47074699999999997
-0.11819199999999999,-0.461997
-0.1284,-0.454997
-0.13860799999999998,-0.44624800000000003
-0.148815,-0.437498
-0.159023,-0.43224799999999997
-0.16923,-0.42524799999999996
-0.179438,-0.419998
-0.18964499999999998,-0.412998
-0.199853,-0.407748
-0.18964499999999998,-0.37799799999999995
-0.179438,-0.360498
-0.16923,-0.348248
-0.159023,-0.337748
-0.148815,-0.326373
-0.13860799999999998,-0.317623
-0.1284,-0.307123
-0.11819199999999999,-0.297498
-0.107985,-0.29049800000000003
-0.09777777600000001,-0.280873
-0.08757020800000001,-0.272998
-0.077362632,-0.265123
-0.067155064,-0.25637299999999996
-0.056947496,-0.247623
-0.046739924,-0.238873
-0.036532356,-0.23449799999999998
-0.026324786000000003,-0.225748
-0.016117215,-0.216999
-0.005909646,-0.21262399999999998
0.004297924,-0.205624
0.014505494,-0.198624
0.024713064,-0.195999
0.034920632,-0.192499
0.045128204000000005,-0.18724899999999997
0.055335776,-0.183749
0.065543348,-0.181999
0.07575092,-0.180249
0.08595848,-0.176311
0.096166048,-0.176311
0.106373,-0.175874
0.11658099999999999,-0.17368599999999998
0.12678799999999998,-0.174999
0.136996,-0.176311
0.147203,-0.174561
0.157411,-0.174561
0.167619,-0.174561
0.17782599999999998,-0.174124
0.18803399999999998,-0.171061
0.198241,-0.17149899999999998
0.208449,-0.172374
0.218656,-0.16974899999999998
0.22886399999999998,-0.169311
0.23907199999999998,-0.16799899999999998
0.249279,-0.162749
0.25948699999999997,-0.157936
0.269694,-0.151811
0.279902,-0.146561
0.290109,-0.139999
0.300317,-0.13431099999999999
0.310525,-0.127749
0.32073199999999996,-0.115061
0.33094,-0.09887456800000001
0.341147,-0.08049964
0.351355,-0.058187244
0.361562,-0.037624832000000004
0.37177,-0.017499922
0.38197699999999996,-0.0008749960000000001
0.392185,0.012906192000000002
0.402393,0.024281142000000002
0.41259999999999997,0.030515488000000004
0.42280799999999996,0.03707796
0.433015,0.041562316
0.443223,0.044077928
0.45343,0.048124784000000004
0.463638,0.05129664800000001
0.473846,0.054359132000000004
0.48405299999999996,0.058187244
0.49426099999999995,0.063984092
0.504468,0.070874688
0.514676,0.07896840000000001
0.524883,0.093187088
0.535091,0.113202
0.545299,0.141858
0.5555059999999999,0.18724899999999997
0.5657139999999999,0.256483
0.575921,0.359404
0.586129,0.510997
0.596336,0.7241679999999999
0.606544,1.002636
0.616752,1.329119
0.6269589999999999,1.676711
0.6371669999999999,1.985147
0.647374,2.19449
0.657582,2.2986139999999997
0.667789,2.3078019999999997
0.677997,2.247865
0.688205,2.152927
0.6984119999999999,2.05274
0.7086199999999999,1.954303
0.718827,1.865054
0.729035,1.793304
0.739242,1.741242
0.74945,1.713679
0.7596579999999999,1.7206789999999998
0.7698649999999999,1.783242
0.780073,1.921053
0.79028,2.15249
0.800488,2.4766760000000003
0.8106949999999999,2.891862
0.8209029999999999,3.3796720000000002
0.8311109999999999,3.887607
0.841318,4.382855
0.851526,4.876353
0.861733,5.378601
0.871941,5.836224
0.8821479999999999,6.145972
0.8923559999999999,6.203722
0.9025639999999999,6.023472999999999
0.912771,5.693599
0.922979,5.262226
0.933186,4.793228
0.943394,4.38548
0.9536009999999999,4.073107
0.9638089999999999,3.8394820000000003
0.9740169999999999,3.6688579999999997
0.984224,3.544609
0.994432,3.451859
1.004639,3.382734
1.014847,3.3267349999999998
1.025054,3.28211
1.035262,3.2427349999999997
1.04547,3.2086099999999997
1.055677,3.17886
1.065885,3.151736
1.076092,3.1263609999999997
1.0863,3.105361
1.096507,3.086986
1.106715,2.7754869999999996
1.1169229999999999,2.407989
1.12713,2.118365
1.137338,1.887366
1.147545,1.6992420000000001
1.157753,1.5461179999999999
1.1679599999999999,1.417493
1.1781679999999999,1.3081189999999998
1.1883759999999999,1.2153690000000001
1.198583,1.133994
1.208791,1.063995
1.218998,1.0018699999999998
1.229206,0.9476199999999999
1.2394129999999999,0.89862
1.2496209999999999,0.853996
1.2598289999999999,0.8146209999999999
1.270036,0.779621
1.280244,0.746371
1.290451,0.717496
1.300659,0.689496
1.3108659999999999,0.664122
1.3210739999999999,0.6413719999999999
1.331281,0.619497
1.341489,0.599372
1.351697,0.580997
1.361904,0.563497
1.372112,0.547747
1.3823189999999999,0.532872
1.3925269999999998,0.5179969999999999
1.402734,0.504872
1.412942,0.492622
1.42315,0.47949699999999995
1.433357,0.468997
1.443565,0.458497
1.4537719999999998,0.447998
1.4639799999999998,0.438373
1.474187,0.42874799999999996
1.484395,0.420873
1.494603,0.412123
1.50481,0.404248
1.494603,0.396373
1.484395,0.38937299999999997
1.474187,0.38237299999999996
1.4639799999999998,0.37537299999999996
1.4537719999999998,0.369248
1.443565,0.36312300000000003
1.433357,0.357873
1.42315,0.351748
1.412942,0.346498
1.402734,0.34212299999999995
1.3925269999999998,0.33599799999999996
1.3823189999999999,0.331623
1.372112,0.32724800000000004
1.361904,0.322873
1.351697,0.318498
1.341489,0.314123
1.331281,0.30974799999999997
1.3210739999999999,0.30624799999999996
1.3108659999999999,0.30274799999999996
1.300659,0.29924799999999996
1.290451,0.29574799999999996
1.280244,0.291373
1.270036,0.288748
1.2598289999999999,0.285248
1.2496209999999999,0.282623
1.2394129999999999,0.279123
1.229206,0.275623
1.218998,0.272998
1.208791,0.270373
1.198583,0.267748
1.1883759999999999,0.265123
1.1781679999999999,0.261623
1.1679599999999999,0.25987299999999997
1.157753,0.257248
1.147545,0.25462300000000004
1.137338,0.251998
1.12713,0.250248
1.1169229999999999,0.247623
1.106715,0.24587299999999998
1.096507,0.22924799999999998
1.0863,0.18899899999999997
1.076092,0.158374
1.065885,0.13299899999999998
1.055677,0.112874
1.04547,0.09581207200000001
1.035262,0.08181213600000001
1.025054,0.069999688
1.014847,0.059499736000000004
1.004639,0.05096852400000001
0.994432,0.043531056000000005
0.984224,0.036531087999999996
0.9740169999999999,0.030843614000000005
0.9638089999999999,0.025484262000000004
0.9536009999999999,0.020781158
0.943394,0.016187429000000003
0.933186,0.012359321000000001
0.922979,-0.023295896000000003
0.912771,-0.028671874000000003
0.9025639999999999,-0.02949507
0.8923559999999999,-0.029831068
0.8821479999999999,-0.032765458000000004
0.871941,-0.034288648000000005
0.861733,-0.034781448
0.851526,-0.036892636
0.841318,-0.038959028
0.8311109999999999,-0.039961424
0.8209029999999999,-0.04133342
0.8106949999999999,-0.043646208000000006
0.800488,-0.045074204
0.79028,-0.046440596
0.780073,-0.048568588
0.7698649999999999,-0.050237380000000005
0.7596579999999999,-0.054577884
0.74945,-0.06114035200000001
0.739242,-0.06901531200000001
0.729035,-0.07809340000000001
0.718827,-0.08739023200000001
0.7086199999999999,-0.099749552
0.6984119999999999,-0.113202
0.688205,-0.12742099999999998
0.677997,-0.145686
0.667789,-0.166468
0.657582,-0.190202
0.647374,-0.21842
0.6371669999999999,-0.25166999999999995
0.6269589999999999,-0.29071699999999995
0.616752,-0.33599799999999996
0.606544,-0.391779
0.596336,-0.458607
0.586129,-0.538013
0.575921,-0.638637
0.5657139999999999,-0.761355
0.5555059999999999,-0.913167
0.545299,-1.095713
0.535091,-1.3488060000000002
0.524883,-1.6718979999999999
0.514676,-2.093865
0.504468,-2.667863
0.49426099999999995,-3.4347969999999997
0.48405299999999996,-4.4497919999999995
0.473846,-5.793349
0.463638,-7.332467
0.45343,-8.86721
0.443223,-10.226954
0.433015,-11.010950999999999
0.42280799999999996,-10.919951
0.41259999999999997,-9.675706
0.402393,-7.610715
0.392185,-5.533474999999999
0.38197699999999996,-4.0634809999999995
0.37177,-3.253235
0.361562,-2.833237
0.351355,-2.5864879999999997
0.341147,-2.421989
0.33094,-2.290739
0.32073199999999996,-2.11049
0.310525,-1.949491
0.300317,-1.833991
0.290109,-1.737742
0.279902,-1.665992
0.269694,-1.623992
0.25948699999999997,-1.604742
0.249279,-1.5819929999999998
0.23907199999999998,-1.532993
0.22886399999999998,-1.4524929999999998
0.218656,-1.347494
0.208449,-1.240744
0.198241,-1.1462439999999998
0.18803399999999998,-1.0709950000000001
0.17782599999999998,-1.0132450000000002
0.167619,-0.9694950000000001
0.157411,-0.929245
0.147203,-0.888996
0.136996,-0.8452459999999999
0.12678799999999998,-0.811996
0.11658099999999999,-0.7787459999999999
0.106373,-0.7489959999999999
0.096166048,-0.724496
0.08595848,-0.703496
0.07575092,-0.682496
0.065543348,-0.6649970000000001
0.055335776,-0.650997
0.045128204000000005,-0.635247
0.034920632,-0.6177469999999999
0.024713064,-0.607247
0.014505494,-0.5967469999999999
0.004297924,-0.582747
-0.005909646,-0.573997
-0.016117215,-0.563497
-0.026324786000000003,-0.551247
-0.036532356,-0.540747
-0.046739924,-0.5319969999999999
-0.056947496,-0.5232469999999999
-0.067155064,-0.510997
-0.077362632,-0.503997
-0.08757020800000001,-0.49699699999999997
-0.09777777600000001,-0.48474700000000004
-0.107985,-0.47774700000000003
-0.11819199999999999,-0.468997
-0.1284,-0.46024699999999996
-0.13860799999999998,-0.45324699999999996
-0.148815,-0.444498
-0.159023,-0.439248
-0.16923,-0.43224799999999997
-0.179438,-0.423498
-0.18964499999999998,-0.419998
-0.199853,-0.412998
-0.18964499999999998,-0.383248
-0.179438,-0.367498
-0.16923,-0.353498
-0.159023,-0.341248
-0.148815,-0.331623
-0.13860799999999998,-0.321998
-0.1284,-0.311498
-0.11819199999999999,-0.300998
-0.107985,-0.29399800000000004
-0.09777777600000001,-0.285248
-0.08757020800000001,-0.274748
-0.077362632,-0.267748
-0.067155064,-0.260748
-0.056947496,-0.250248
-0.046739924,-0.24324800000000002
-0.036532356,-0.237123
-0.026324786000000003,-0.22924799999999998
-0.016117215,-0.220499
-0.005909646,-0.215249
0.004297924,-0.209999
0.014505494,-0.202124
0.024713064,-0.199499
0.034920632,-0.196874
0.045128204000000005,-0.19074899999999997
0.055335776,-0.18899899999999997
0.065543348,-0.186374
0.07575092,-0.184624
0.08595848,-0.181124
0.096166048,-0.181124
0.106373,-0.181561
0.11658099999999999,-0.178499
0.12678799999999998,-0.179374
0.136996,-0.181561
0.147203,-0.178936
0.157411,-0.179811
0.167619,-0.178936
0.17782599999999998,-0.177186
0.18803399999999998,-0.175874
0.198241,-0.174999
0.208449,-0.176311
0.218656,-0.174124
0.22886399999999998,-0.172374
0.23907199999999998,-0.171061
0.249279,-0.164936
0.25948699999999997,-0.158811
0.269694,-0.153999
0.279902,-0.14831099999999997
0.290109,-0.141749
0.300317,-0.13474899999999998
0.310525,-0.125999
0.32073199999999996,-0.111124
0.33094,-0.09274958400000001
0.341147,-0.07393717600000001
0.351355,-0.051187276000000004
0.361562,-0.029093622
0.37177,-0.011156200000000002
0.38197699999999996,0.004593729
0.392185,0.018046794
0.402393,0.02712488
0.41259999999999997,0.032812352
0.42280799999999996,0.038390452
0.433015,0.042874808
0.443223,0.045281048000000004
0.45343,0.048781032
0.463638,0.052937268
0.473846,0.05567162800000001
0.48405299999999996,0.06015598400000001
0.49426099999999995,0.066390328
0.504468,0.07426529600000001
0.514676,0.084437128
0.524883,0.10073299999999999
0.535091,0.125124
0.545299,0.159796
0.5555059999999999,0.214045
0.5657139999999999,0.297936
0.575921,0.420435
0.586129,0.598278
0.596336,0.841746
0.606544,1.139573
0.616752,1.487493
0.6269589999999999,1.8241479999999999
0.6371669999999999,2.094959
0.647374,2.256614
0.657582,2.312177
0.667789,2.287677
0.677997,2.2089269999999996
0.688205,2.106553
0.6984119999999999,2.006366
0.7086199999999999,1.9118659999999998
0.718827,1.830054
0.729035,1.766179
0.739242,1.725054
0.74945,1.711492
0.7596579999999999,1.740804
0.7698649999999999,1.836179
0.780073,2.017303
0.79028,2.292052
0.800488,2.662613
0.8106949999999999,3.118048
0.8209029999999999,3.627296
0.8311109999999999,4.133481
0.841318,4.628729
0.851526,5.130977
0.861733,5.628849
0.871941,6.040973
0.8821479999999999,6.245722
0.8923559999999999,6.186222
0.9025639999999999,5.922848
0.912771,5.536975
0.922979,5.067977
0.933186,4.6121039999999995
0.943394,4.241981
0.9536009999999999,3.965482
0.9638089999999999,3.760733
0.9740169999999999,3.610233
0.984224,3.499984
0.994432,3.415984
1.004639,3.3529850000000003
1.014847,3.302235
1.025054,3.260235
1.035262,3.22261
1.04547,3.188485
1.055677,3.1596100000000003
1.065885,3.132486
1.076092,3.1071109999999997
1.0863,3.086986
1.096507,3.072111
1.106715,2.765862
1.1169229999999999,2.401864
1.12713,2.1157399999999997
1.137338,1.887366
1.147545,1.7018669999999998
1.157753,1.548743
1.1679599999999999,1.420993
1.1781679999999999,1.313369
1.1883759999999999,1.219744
1.198583,1.1401189999999999
1.208791,1.07012
1.218998,1.007995
1.229206,0.9537450000000001
1.2394129999999999,0.904745
1.2496209999999999,0.860996
1.2598289999999999,0.8216209999999999
1.270036,0.786621
1.280244,0.753371
1.290451,0.723621
1.300659,0.696496
1.3108659999999999,0.671121
1.3210739999999999,0.648372
1.331281,0.627372
1.341489,0.607247
1.351697,0.588872
1.361904,0.571372
1.372112,0.554747
1.3823189999999999,0.540747
1.3925269999999998,0.525872
1.402734,0.511872
1.412942,0.499622
1.42315,0.48737199999999997
1.433357,0.475997
1.443565,0.466372
1.4537719999999998,0.45587199999999994
1.4639799999999998,0.44624800000000003
1.474187,0.436623
1.484395,0.427873
1.494603,0.419998
1.50481,0.412123
1.494603,0.404248
1.484395,0.397248
1.474187,0.390248
1.4639799999999998,0.383248
1.4537719999999998,0.377123
1.443565,0.370998
1.433357,0.364873
1.42315,0.359623
1.412942,0.354373
1.402734,0.34912299999999996
1.3925269999999998,0.343873
1.3823189999999999,0.33862299999999995
1.372112,0.334248
1.361904,0.33074800000000004
1.351697,0.325498
1.341489,0.321998
1.331281,0.317623
1.3210739999999999,0.31324799999999997
1.3108659999999999,0.310623
1.300659,0.30624799999999996
1.290451,0.30274799999999996
1.280244,0.29924799999999996
1.270036,0.29574799999999996
1.2598289999999999,0.292248
1.2496209999999999,0.289623
1.2394129999999999,0.286123
1.229206,0.283498
1.218998,0.279998
1.208791,0.277373
1.198583,0.274748
1.1883759999999999,0.272123
1.1781679999999999,0.26949799999999996
1.1679599999999999,0.26687299999999997
1.157753,0.264248
1.147545,0.261623
1.137338,0.25987299999999997
1.12713,0.257248
1.1169229999999999,0.255498
1.106715,0.252873
1.096507,0.23624799999999999
1.0863,0.194249
1.076092,0.161874
1.065885,0.135624
1.055677,0.11462399999999999
1.04547,0.09799956800000001
1.035262,0.083562128
1.025054,0.07174968000000001
1.014847,0.06081222800000001
1.004639,0.05206226800000001
0.994432,0.044406052
0.984224,0.037406084000000006
0.9740169999999999,0.03171861
0.9638089999999999,0.026359258
0.9536009999999999,0.021437404
0.943394,0.017062424
0.933186,0.013015567000000002
0.922979,-0.022831098
0.912771,-0.028352674
0.9025639999999999,-0.029159072000000005
0.8923559999999999,-0.029411070000000004
0.8821479999999999,-0.032379055999999996
0.871941,-0.033896652000000006
0.861733,-0.034210248
0.851526,-0.036511840000000004
0.841318,-0.038404628
0.8311109999999999,-0.039440624
0.8209029999999999,-0.040773420000000005
0.8106949999999999,-0.043019012
0.800488,-0.044553404000000005
0.79028,-0.045723796000000004
0.780073,-0.047890988
0.7698649999999999,-0.049638180000000004
0.7596579999999999,-0.05173414800000001
0.74945,-0.058515364
0.739242,-0.065624704
0.729035,-0.07415592
0.718827,-0.08323400800000001
0.7086199999999999,-0.09449958400000001
0.6984119999999999,-0.107077
0.688205,-0.12053000000000001
0.677997,-0.137593
0.667789,-0.15728
0.657582,-0.17860800000000002
0.647374,-0.20529499999999998
0.6371669999999999,-0.23624799999999999
0.6269589999999999,-0.27201400000000003
0.616752,-0.31390399999999996
0.606544,-0.364982
0.596336,-0.42645099999999997
0.586129,-0.498857
0.575921,-0.589309
0.5657139999999999,-0.700434
0.5555059999999999,-0.8362769999999999
0.545299,-1.005589
0.535091,-1.222588
0.524883,-1.505649
0.514676,-1.878835
0.504468,-2.347833
0.49426099999999995,-3.040174
0.48405299999999996,-3.9374819999999997
0.473846,-5.130102
0.463638,-6.607094999999999
0.45343,-8.220587
0.443223,-9.745706
0.433015,-10.872701
0.42280799999999996,-11.296199
0.41259999999999997,-10.625952999999999
0.402393,-8.86546
0.392185,-6.63772
0.38197699999999996,-4.780978
0.37177,-3.650483
0.361562,-3.062486
0.351355,-2.735237
0.341147,-2.523488
0.33094,-2.383489
0.32073199999999996,-2.22074
0.310525,-2.02474
0.300317,-1.8934909999999998
0.290109,-1.788492
0.279902,-1.704492
0.269694,-1.650242
0.25948699999999997,-1.623992
0.249279,-1.604742
0.23907199999999998,-1.5697429999999999
0.22886399999999998,-1.504993
0.218656,-1.4069930000000002
0.208449,-1.294994
0.198241,-1.195244
0.18803399999999998,-1.111245
0.17782599999999998,-1.0447449999999998
0.167619,-0.997495
0.157411,-0.9537450000000001
0.147203,-0.913495
0.136996,-0.8714959999999999
0.12678799999999998,-0.832996
0.11658099999999999,-0.799746
0.106373,-0.766496
0.096166048,-0.741996
0.08595848,-0.719246
0.07575092,-0.696496
0.065543348,-0.6772459999999999
0.055335776,-0.661497
0.045128204000000005,-0.645747
0.034920632,-0.629997
0.024713064,-0.6177469999999999
0.014505494,-0.607247
0.004297924,-0.5914969999999999
-0.005909646,-0.582747
-0.016117215,-0.5722470000000001
-0.026324786000000003,-0.561747
-0.036532356,-0.549497
-0.046739924,-0.540747
-0.056947496,-0.5302469999999999
-0.067155064,-0.519747
-0.077362632,-0.510997
-0.08757020800000001,-0.502247
-0.09777777600000001,-0.493497
-0.107985,-0.482997
-0.11819199999999999,-0.475997
-0.1284,-0.46724699999999997
-0.13860799999999998,-0.458497
-0.148815,-0.45149700000000004
-0.159023,-0.444498
-0.16923,-0.437498
-0.179438,-0.430498
-0.18964499999999998,-0.42524799999999996
-0.199853,-0.419998
-0.18964499999999998,-0.388498
-0.179438,-0.372748
-0.16923,-0.358748
-0.159023,-0.346498
-0.148815,-0.33512299999999995
-0.13860799999999998,-0.325498
-0.1284,-0.314998
-0.11819199999999999,-0.305373
-0.107985,-0.297498
-0.09777777600000001,-0.288748
-0.08757020800000001,-0.278248
-0.077362632,-0.270373
-0.067155064,-0.26337299999999997
-0.056947496,-0.252873
-0.046739924,-0.246748
-0.036532356,-0.24062299999999998
-0.026324786000000003,-0.231873
-0.016117215,-0.22487300000000002
-0.005909646,-0.21787399999999998
0.004297924,-0.213499
0.014505494,-0.20737399999999998
0.024713064,-0.202124
0.034920632,-0.201249
0.045128204000000005,-0.195999
0.055335776,-0.192499
0.065543348,-0.191624
0.07575092,-0.18812399999999999
0.08595848,-0.18724899999999997
0.096166048,-0.185499
0.106373,-0.185499
0.11658099999999999,-0.184624
0.12678799999999998,-0.183749
0.136996,-0.186811
0.147203,-0.18418600000000002
0.157411,-0.18243600000000001
0.167619,-0.183311
0.17782599999999998,-0.180249
0.18803399999999998,-0.179811
0.198241,-0.179811
0.208449,-0.179374
0.218656,-0.178061
0.22886399999999998,-0.17543599999999998
0.23907199999999998,-0.172811
0.249279,-0.166686
0.25948699999999997,-0.160124
0.269694,-0.155749
0.279902,-0.14962399999999998
0.290109,-0.142624
0.300317,-0.135186
0.310525,-0.12381099999999999
0.32073199999999996,-0.10631199999999999
0.33094,-0.086624616
0.341147,-0.065624704
0.351355,-0.043312308
0.361562,-0.021874904
0.37177,-0.004593729
0.38197699999999996,0.009406208000000001
0.392185,0.022093652000000002
0.402393,0.029421744000000003
0.41259999999999997,0.034781096000000004
0.42280799999999996,0.039921700000000004
0.433015,0.043421684
0.443223,0.046374792000000005
0.45343,0.049765404000000006
0.463638,0.053921636
0.473846,0.05753099600000001
0.48405299999999996,0.061905976
0.49426099999999995,0.06967156800000002
0.504468,0.078312152
0.514676,0.09056209600000001
0.524883,0.110358
0.535091,0.138796
0.545299,0.181561
0.5555059999999999,0.24729500000000001
0.5657139999999999,0.347373
0.575921,0.493607
0.586129,0.699887
0.596336,0.9737610000000001
0.606544,1.298275
0.616752,1.644773
0.6269589999999999,1.9586779999999997
0.6371669999999999,2.181365
0.647374,2.294239
0.657582,2.308239
0.667789,2.256177
0.677997,2.16474
0.688205,2.058865
0.6984119999999999,1.960866
0.7086199999999999,1.8724910000000001
0.718827,1.796804
0.729035,1.7429919999999999
0.739242,1.714117
0.74945,1.718929
0.7596579999999999,1.774929
0.7698649999999999,1.9083660000000002
0.780073,2.13499
0.79028,2.4548010000000002
0.800488,2.869987
0.8106949999999999,3.361734
0.8209029999999999,3.879295
0.8311109999999999,4.382855
0.841318,4.878978
0.851526,5.388224999999999
0.861733,5.870348
0.871941,6.204597
0.8821479999999999,6.291222
0.8923559999999999,6.124097
0.9025639999999999,5.788974
0.912771,5.352351
0.922979,4.865853
0.933186,4.440605
0.943394,4.111606
0.9536009999999999,3.8692320000000002
0.9638089999999999,3.688983
0.9740169999999999,3.555984
0.984224,3.4579839999999997
0.994432,3.3836090000000003
1.004639,3.32411
1.014847,3.277735
1.025054,3.2366099999999998
1.035262,3.200735
1.04547,3.16836
1.055677,3.137735
1.065885,3.1132359999999997
1.076092,3.089611
1.0863,3.072986
1.096507,3.060736
1.106715,2.7588619999999997
1.1169229999999999,2.3992389999999997
1.12713,2.1157399999999997
1.137338,1.889116
1.147545,1.7053669999999999
1.157753,1.553993
1.1679599999999999,1.4271179999999999
1.1781679999999999,1.3194940000000002
1.1883759999999999,1.226744
1.198583,1.1471189999999998
1.208791,1.077995
1.218998,1.0158699999999998
1.229206,0.9616199999999999
1.2394129999999999,0.91262
1.2496209999999999,0.869746
1.2598289999999999,0.8294959999999999
1.270036,0.794496
1.280244,0.762121
1.290451,0.732371
1.300659,0.7052459999999999
1.3108659999999999,0.679871
1.3210739999999999,0.657122
1.331281,0.636122
1.341489,0.615997
1.351697,0.5967469999999999
1.361904,0.580122
1.372112,0.563497
1.3823189999999999,0.548622
1.3925269999999998,0.534622
1.402734,0.521497
1.412942,0.5083719999999999
1.42315,0.49612199999999995
1.433357,0.48562200000000005
1.443565,0.474247
1.4537719999999998,0.46374699999999996
1.4639799999999998,0.454997
1.474187,0.445373
1.484395,0.436623
1.494603,0.42874799999999996
1.50481,0.420873
1.494603,0.413873
1.484395,0.405998
1.474187,0.398998
1.4639799999999998,0.39287299999999997
1.4537719999999998,0.38587299999999997
1.443565,0.380623
1.433357,0.37449799999999994
1.42315,0.368373
1.412942,0.36312300000000003
1.402734,0.357873
1.3925269999999998,0.35262299999999996
1.3823189999999999,0.348248
1.372112,0.34299799999999997
1.361904,0.33862299999999995
1.351697,0.334248
1.341489,0.33074800000000004
1.331281,0.326373
1.3210739999999999,0.321998
1.3108659999999999,0.318498
1.300659,0.314998
1.290451,0.311498
1.280244,0.307998
1.270036,0.304498
1.2598289999999999,0.301873
1.2496209999999999,0.297498
1.2394129999999999,0.294873
1.229206,0.292248
1.218998,0.288748
1.208791,0.286123
1.198583,0.283498
1.1883759999999999,0.280873
1.1781679999999999,0.278248
1.1679599999999999,0.275623
1.157753,0.272998
1.147545,0.270373
1.137338,0.268623
1.12713,0.26599799999999996
1.1169229999999999,0.264248
1.106715,0.261623
1.096507,0.24412300000000003
1.0863,0.199499
1.076092,0.166249
1.065885,0.139124
1.055677,0.11724899999999999
1.04547,0.100187
1.035262,0.08531212
1.025054,0.07262468000000001
1.014847,0.062562224
1.004639,0.052937268
0.994432,0.045281048000000004
0.984224,0.03849982800000001
0.9740169999999999,0.032156106000000004
0.9638089999999999,0.027234254000000003
0.9536009999999999,0.021874904
0.943394,0.017828046
0.933186,0.013781188000000002
0.922979,-0.0224223
0.912771,-0.027938278
0.9025639999999999,-0.028912672000000004
0.8923559999999999,-0.029058272000000003
0.8821479999999999,-0.032048658
0.871941,-0.033538254
0.861733,-0.033734252000000006
0.851526,-0.03604704
0.841318,-0.038007032
0.8311109999999999,-0.038891828
0.8209029999999999,-0.04028062
0.8106949999999999,-0.042431012000000004
0.800488,-0.043920608
0.79028,-0.0450966
0.780073,-0.047207792
0.7698649999999999,-0.048999784000000005
0.7596579999999999,-0.049437284000000005
0.74945,-0.055343504
0.739242,-0.062780972
0.729035,-0.07021843200000001
0.718827,-0.07929652000000001
0.7086199999999999,-0.08968709600000001
0.6984119999999999,-0.10139
0.688205,-0.114186
0.677997,-0.129827
0.667789,-0.148202
0.657582,-0.168546
0.647374,-0.19282699999999997
0.6371669999999999,-0.22191999999999998
0.6269589999999999,-0.254733
0.616752,-0.29367
0.606544,-0.34092
0.596336,-0.396591
0.586129,-0.463091
0.575921,-0.545122
0.5657139999999999,-0.645747
0.5555059999999999,-0.768137
0.545299,-0.9203859999999999
0.535091,-1.103916
0.524883,-1.359743
0.514676,-1.6861169999999999
0.504468,-2.111803
0.49426099999999995,-2.6928
0.48405299999999996,-3.472422
0.473846,-4.49748
0.463638,-5.8808489999999995
0.45343,-7.490841
0.443223,-9.092084999999999
0.433015,-10.522703
0.42280799999999996,-11.380199000000001
0.41259999999999997,-11.304949
0.402393,-10.048454
0.392185,-7.909964
0.38197699999999996,-5.724224
0.37177,-4.201731
0.361562,-3.366984
0.351355,-2.925986
0.341147,-2.654738
0.33094,-2.476238
0.32073199999999996,-2.332739
0.310525,-2.1244899999999998
0.300317,-1.961741
0.290109,-1.8462409999999998
0.279902,-1.7482419999999999
0.269694,-1.681742
0.25948699999999997,-1.644992
0.249279,-1.625742
0.23907199999999998,-1.6012419999999998
0.22886399999999998,-1.552243
0.218656,-1.4647430000000001
0.208449,-1.354493
0.198241,-1.247744
0.18803399999999998,-1.156744
0.17782599999999998,-1.079745
0.167619,-1.023745
0.157411,-0.981745
0.147203,-0.9397449999999999
0.136996,-0.895996
0.12678799999999998,-0.8574959999999999
0.11658099999999999,-0.822496
0.106373,-0.787496
0.096166048,-0.759496
0.08595848,-0.734996
0.07575092,-0.710496
0.065543348,-0.6912459999999999
0.055335776,-0.6754969999999999
0.045128204000000005,-0.657997
0.034920632,-0.642247
0.024713064,-0.628247
0.014505494,-0.615997
0.004297924,-0.6037469999999999
-0.005909646,-0.5914969999999999
-0.016117215,-0.580997
-0.026324786000000003,-0.568747
-0.036532356,-0.558247
-0.046739924,-0.549497
-0.056947496,-0.538997
-0.067155064,-0.528497
-0.077362632,-0.519747
-0.08757020800000001,-0.510997
-0.09777777600000001,-0.502247
-0.107985,-0.491747
-0.11819199999999999,-0.48474700000000004
-0.1284,-0.475997
-0.13860799999999998,-0.465497
-0.148815,-0.458497
-0.159023,-0.45149700000000004
-0.16923,-0.440998
-0.179438,-0.437498
-0.18964499999999998,-0.430498
-0.199853,-0.42524799999999996
-0.18964499999999998,-0.395498
-0.179438,-0.37799799999999995
-0.16923,-0.363998
-0.159023,-0.351748
-0.148815,-0.340373
-0.13860799999999998,-0.33074800000000004
-0.1284,-0.320248
-0.11819199999999999,-0.310623
-0.107985,-0.300998
-0.09777777600000001,-0.292248
-0.08757020800000001,-0.282623
-0.077362632,-0.273873
-0.067155064,-0.267748
-0.056947496,-0.258123
-0.046739924,-0.250248
-0.036532356,-0.244998
-0.026324786000000003,-0.235373
-0.016117215,-0.228373
-0.005909646,-0.22312400000000002
0.004297924,-0.216999
0.014505494,-0.211749
0.024713064,-0.20737399999999998
0.034920632,-0.205624
0.045128204000000005,-0.200374
0.055335776,-0.195999
0.065543348,-0.196874
0.07575092,-0.193374
0.08595848,-0.191624
0.096166048,-0.191624
0.106373,-0.19074899999999997
0.11658099999999999,-0.189874
0.12678799999999998,-0.18899899999999997
0.136996,-0.19074899999999997
0.147203,-0.18899899999999997
0.157411,-0.18724899999999997
0.167619,-0.18724899999999997
0.17782599999999998,-0.185061
0.18803399999999998,-0.183311
0.198241,-0.18418600000000002
0.208449,-0.183311
0.218656,-0.181124
0.22886399999999998,-0.178061
0.23907199999999998,-0.174561
0.249279,-0.169311
0.25948699999999997,-0.162311
0.269694,-0.157499
0.279902,-0.15137399999999998
0.290109,-0.142624
0.300317,-0.133874
0.310525,-0.120311
0.32073199999999996,-0.100624
0.33094,-0.079624648
0.341147,-0.057312244000000005
0.351355,-0.035437344
0.361562,-0.014874934000000001
0.37177,0.0013124940000000002
0.38197699999999996,0.01356244
0.392185,0.025156138
0.402393,0.031827984000000004
0.41259999999999997,0.036093588
0.42280799999999996,0.041452944000000005
0.433015,0.04473417600000001
0.443223,0.047687288
0.45343,0.051187276000000004
0.463638,0.05501538
0.473846,0.05960910800000001
0.48405299999999996,0.064421588
0.49426099999999995,0.07295280000000001
0.504468,0.083780872
0.514676,0.097780816
0.524883,0.121733
0.535091,0.15640500000000002
0.545299,0.20803
0.5555059999999999,0.28776399999999996
0.5657139999999999,0.407529
0.575921,0.580013
0.586129,0.816371
0.596336,1.113213
0.606544,1.459056
0.616752,1.7959289999999999
0.6269589999999999,2.073959
0.6371669999999999,2.248302
0.647374,2.310864
0.657582,2.288989
0.667789,2.21549
0.677997,2.117053
0.688205,2.011178
0.6984119999999999,1.9171159999999998
0.7086199999999999,1.8348659999999999
0.718827,1.767929
0.729035,1.724617
0.739242,1.710617
0.74945,1.736867
0.7596579999999999,1.826116
0.7698649999999999,2.002866
0.780073,2.274989
0.79028,2.6424879999999997
0.800488,3.099673
0.8106949999999999,3.6154830000000002
0.8209029999999999,4.132606
0.8311109999999999,4.6357289999999995
0.841318,5.140602
0.851526,5.648974
0.861733,6.087346999999999
0.871941,6.317471
0.8821479999999999,6.2789719999999996
0.8923559999999999,6.019098
0.9025639999999999,5.622724
0.912771,5.144102
0.922979,4.668978999999999
0.933186,4.283105
0.943394,3.994357
0.9536009999999999,3.7826079999999997
0.9638089999999999,3.6259829999999997
0.9740169999999999,3.507859
0.984224,3.419484
0.994432,3.352109
1.004639,3.2987349999999998
1.014847,3.25411
1.025054,3.2147349999999997
1.035262,3.17886
1.04547,3.148236
1.055677,3.119361
1.065885,3.094861
1.076092,3.074736
1.0863,3.059861
1.096507,3.052861
1.106715,2.754487
1.1169229999999999,2.398364
1.12713,2.118365
1.137338,1.8934909999999998
1.147545,1.711492
1.157753,1.560118
1.1679599999999999,1.434118
1.1781679999999999,1.327369
1.1883759999999999,1.2354939999999999
1.198583,1.155869
1.208791,1.0876199999999998
1.218998,1.025495
1.229206,0.9712449999999999
1.2394129999999999,0.92312
1.2496209999999999,0.8793709999999999
1.2598289999999999,0.839996
1.270036,0.804121
1.280244,0.772621
1.290451,0.742871
1.300659,0.7148709999999999
1.3108659999999999,0.6903710000000001
1.3210739999999999,0.6676219999999999
1.331281,0.645747
1.341489,0.626497
1.351697,0.608122
1.361904,0.590622
1.372112,0.5748719999999999
1.3823189999999999,0.5591219999999999
1.3925269999999998,0.545122
1.402734,0.531122
1.412942,0.518872
1.42315,0.506622
1.433357,0.49524699999999994
1.443565,0.48474700000000004
1.4537719999999998,0.474247
1.4639799999999998,0.465497
1.474187,0.45587199999999994
1.484395,0.447123
1.494603,0.439248
1.50481,0.431373
1.494603,0.423498
1.484395,0.416498
1.474187,0.40949800000000003
1.4639799999999998,0.402498
1.4537719999999998,0.396373
1.443565,0.390248
1.433357,0.384123
1.42315,0.37799799999999995
1.412942,0.373623
1.402734,0.368373
1.3925269999999998,0.36312300000000003
1.3823189999999999,0.357873
1.372112,0.353498
1.361904,0.34912299999999996
1.351697,0.344748
1.341489,0.340373
1.331281,0.336873
1.3210739999999999,0.332498
1.3108659999999999,0.328123
1.300659,0.324623
1.290451,0.321123
1.280244,0.317623
1.270036,0.314998
1.2598289999999999,0.310623
1.2496209999999999,0.307998
1.2394129999999999,0.304498
1.229206,0.301873
1.218998,0.29924799999999996
1.208791,0.29574799999999996
1.198583,0.293123
1.1883759999999999,0.29049800000000003
1.1781679999999999,0.287873
1.1679599999999999,0.285248
1.157753,0.282623
1.147545,0.280873
1.137338,0.278248
1.12713,0.275623
1.1169229999999999,0.273873
1.106715,0.271248
1.096507,0.252873
1.0863,0.206499
1.076092,0.17149899999999998
1.065885,0.14349900000000002
1.055677,0.120749
1.04547,0.101937
1.035262,0.08706211200000001
1.025054,0.074374672
1.014847,0.06343722
1.004639,0.05424976
0.994432,0.046156044
0.984224,0.039374824
0.9740169999999999,0.033031104
0.9638089999999999,0.027890502
0.9536009999999999,0.022859274000000002
0.943394,0.018156170000000003
0.933186,0.014765559000000001
0.922979,-0.022052702000000004
0.912771,-0.027619078000000002
0.9025639999999999,-0.028487076000000004
0.8923559999999999,-0.028744674
0.8821479999999999,-0.031634258
0.871941,-0.033196654000000006
0.861733,-0.033286252
0.851526,-0.035593440000000004
0.841318,-0.037553436
0.8311109999999999,-0.038348632
0.8209029999999999,-0.039715028000000006
0.8106949999999999,-0.04191021600000001
0.800488,-0.043304608
0.79028,-0.044497404000000004
0.780073,-0.046608596
0.7698649999999999,-0.048355788000000004
0.7596579999999999,-0.04979498
0.74945,-0.053265388000000004
0.739242,-0.05960910800000001
0.729035,-0.06704658000000001
0.718827,-0.07524966400000001
0.7086199999999999,-0.085202752
0.6984119999999999,-0.09581207200000001
0.688205,-0.10817099999999999
0.677997,-0.12271800000000001
0.667789,-0.13978
0.657582,-0.158921
0.647374,-0.18134199999999998
0.6371669999999999,-0.208249
0.6269589999999999,-0.23898300000000003
0.616752,-0.27442
0.606544,-0.31838900000000003
0.596336,-0.369467
0.586129,-0.42984100000000003
0.575921,-0.505091
0.5657139999999999,-0.595434
0.5555059999999999,-0.705903
0.545299,-0.841964
0.535091,-1.012151
0.524883,-1.2304629999999999
0.514676,-1.514836
0.504468,-1.8913039999999999
0.49426099999999995,-2.361395
0.48405299999999996,-3.0611729999999997
0.473846,-3.965482
0.463638,-5.179101999999999
0.45343,-6.71472
0.443223,-8.401713
0.433015,-9.992455
0.42280799999999996,-11.20345
0.41259999999999997,-11.681197
0.402393,-11.033701
0.392185,-9.239958
0.38197699999999996,-6.900219
0.37177,-4.959477
0.361562,-3.788733
0.351355,-3.170985
0.341147,-2.820987
0.33094,-2.591738
0.32073199999999996,-2.434239
0.310525,-2.252239
0.300317,-2.04399
0.290109,-1.9074909999999998
0.279902,-1.8007410000000001
0.269694,-1.720242
0.25948699999999997,-1.671242
0.249279,-1.644992
0.23907199999999998,-1.627492
0.22886399999999998,-1.592492
0.218656,-1.520743
0.208449,-1.417493
0.198241,-1.3072439999999999
0.18803399999999998,-1.2074939999999998
0.17782599999999998,-1.1217439999999999
0.167619,-1.055245
0.157411,-1.0097450000000001
0.147203,-0.965995
0.136996,-0.9239949999999999
0.12678799999999998,-0.883746
0.11658099999999999,-0.8452459999999999
0.106373,-0.811996
0.096166048,-0.780496
0.08595848,-0.7524959999999999
0.07575092,-0.729746
0.065543348,-0.7052459999999999
0.055335776,-0.689496
0.045128204000000005,-0.671997
0.034920632,-0.654497
0.024713064,-0.640497
0.014505494,-0.628247
0.004297924,-0.612497
-0.005909646,-0.601997
-0.016117215,-0.5914969999999999
-0.026324786000000003,-0.580997
-0.036532356,-0.566997
-0.046739924,-0.559997
-0.056947496,-0.547747
-0.067155064,-0.535497
-0.077362632,-0.528497
-0.08757020800000001,-0.519747
-0.09777777600000001,-0.509247
-0.107985,-0.5004970000000001
-0.11819199999999999,-0.491747
-0.1284,-0.482997
-0.13860799999999998,-0.474247
-0.148815,-0.465497
-0.159023,-0.458497
-0.16923,-0.449747
-0.179438,-0.44274800000000003
-0.18964499999999998,-0.437498
-0.199853,-0.43224799999999997
