Potential (V),Current (uA)
-0.199853,0.027999876000000003
-0.18964499999999998,0.027999876000000003
-0.179438,0.027999876000000003
-0.16923,0.034999844
-0.159023,0.034999844
-0.148815,0.034999844
-0.13860799999999998,0.03849982800000001
-0.1284,0.04549980000000001
-0.11819199999999999,0.048999784000000005
-0.107985,0.05424976
-0.09777777600000001,0.061249732
-0.08757020800000001,0.068249696
-0.077362632,0.076124664
-0.067155064,0.08399963200000002
-0.056947496,0.09274958400000001
-0.046739924,0.102812
-0.036532356,0.112874
-0.026324786000000003,0.125124
-0.016117215,0.138686
-0.005909646,0.153561
0.004297924,0.17018599999999998
0.014505494,0.189436
0.024713064,0.21087399999999998
0.034920632,0.235373
0.045128204000000005,0.26337299999999997
0.055335776,0.294873
0.065543348,0.33031099999999997
0.07575092,0.369685
0.08595848,0.412998
0.096166048,0.45981
0.106373,0.510122
0.11658099999999999,0.561747
0.12678799999999998,0.614247
0.136996,0.665872
0.147203,0.716184
0.157411,0.763871
0.167619,0.807183
0.17782599999999998,0.846996
0.18803399999999998,0.881996
0.198241,0.91087
0.208449,0.934933
0.218656,0.95637
0.22886399999999998,0.976058
0.23907199999999998,0.995745
0.249279,1.020245
0.25948699999999997,1.0495569999999999
0.269694,1.0867449999999999
0.279902,1.1322439999999998
0.290109,1.1860570000000001
0.300317,1.245119
0.310525,1.3059310000000002
0.32073199999999996,1.3654309999999998
0.33094,1.420993
0.341147,1.47218
0.351355,1.5185549999999999
0.361562,1.560118
0.37177,1.5973049999999998
0.38197699999999996,1.628367
0.392185,1.653742
0.402393,1.6721169999999999
0.41259999999999997,1.683492
0.42280799999999996,1.6904919999999999
0.433015,1.693117
0.443223,1.692679
0.45343,1.690929
0.463638,1.687867
0.473846,1.6848049999999999
0.48405299999999996,1.683492
0.49426099999999995,1.685242
0.504468,1.690929
0.514676,1.700554
0.524883,1.7171789999999998
0.535091,1.739054
0.545299,1.768367
0.5555059999999999,1.807304
0.5657139999999999,1.856741
0.575921,1.9197410000000001
0.586129,1.998928
0.596336,2.0964899999999997
0.606544,2.217677
0.616752,2.366864
0.6269589999999999,2.551051
0.6371669999999999,2.777675
0.647374,3.052424
0.657582,3.384047
0.667789,3.7694829999999997
0.677997,4.210043
0.688205,4.708354
0.6984119999999999,5.239476
0.7086199999999999,5.806474
0.718827,6.395346
0.729035,6.987718
0.739242,7.564341000000001
0.74945,8.114713
0.7596579999999999,8.625710999999999
0.7698649999999999,9.050958999999999
0.780073,9.385208
0.79028,9.603957000000001
0.800488,8.728961
0.8106949999999999,7.4584660000000005
0.8209029999999999,6.59572
0.8311109999999999,5.951722999999999
0.841318,5.449475
0.851526,5.036477
0.861733,4.695228999999999
0.871941,4.40123
0.8821479999999999,4.147481
0.8923559999999999,3.9269819999999998
0.9025639999999999,3.7292330000000002
0.912771,3.5542339999999997
0.922979,3.394984
0.933186,3.249735
0.943394,3.120236
0.9536009999999999,2.9977359999999997
0.9638089999999999,2.8874869999999997
0.9740169999999999,2.784237
0.984224,2.689738
0.994432,2.600488
1.004639,2.516488
1.014847,2.439489
1.025054,2.367739
1.035262,2.297739
1.04547,2.23474
1.055677,2.1734899999999997
1.065885,2.1157399999999997
1.076092,2.0614899999999996
1.0863,2.008991
1.096507,1.961741
1.106715,1.916241
1.1169229999999999,1.870741
1.12713,1.830491
1.137338,1.7902419999999999
1.147545,1.753492
1.157753,1.718492
1.1679599999999999,1.683492
1.1781679999999999,1.651992
1.1883759999999999,1.620492
1.198583,1.592492
1.208791,1.5644930000000001
1.218998,1.536493
1.229206,1.511993
1.2394129999999999,1.489243
1.2496209999999999,1.4664929999999998
1.2598289999999999,1.443743
1.270036,1.422743
1.280244,1.403493
1.290451,1.384243
1.300659,1.368493
1.3108659999999999,1.3509939999999998
1.3210739999999999,1.3352439999999999
1.331281,1.3194940000000002
1.341489,1.305494
1.351697,1.289744
1.361904,1.277494
1.372112,1.2652439999999998
1.3823189999999999,1.252994
1.3925269999999998,1.242494
1.402734,1.228494
1.412942,1.219744
1.42315,1.209244
1.433357,1.198744
1.443565,1.1899939999999998
1.4537719999999998,1.179494
1.4639799999999998,1.1724940000000001
1.474187,1.163744
1.484395,1.154994
1.494603,1.147994
1.50481,1.139244
1.494603,1.1322439999999998
1.484395,1.125245
1.474187,1.1164949999999998
1.4639799999999998,1.112995
1.4537719999999998,1.104245
1.443565,1.097245
1.433357,1.091995
1.42315,1.0849950000000002
1.412942,1.079745
1.402734,1.0727449999999998
1.3925269999999998,1.067495
1.3823189999999999,1.063995
1.372112,1.0569950000000001
1.361904,1.053495
1.351697,1.0482449999999999
1.341489,1.041245
1.331281,1.037745
1.3210739999999999,1.032495
1.3108659999999999,1.0289949999999999
1.300659,1.023745
1.290451,1.018495
1.280244,1.0149949999999999
1.270036,1.0097450000000001
1.2598289999999999,1.006245
1.2496209999999999,1.002745
1.2394129999999999,0.997495
1.229206,0.993995
1.218998,0.9904949999999999
1.208791,0.9869949999999998
1.198583,0.983495
1.1883759999999999,0.978245
1.1781679999999999,0.976495
1.1679599999999999,0.9729949999999999
1.157753,0.9677450000000001
1.147545,0.965995
1.137338,0.962495
1.12713,0.9589949999999999
1.1169229999999999,0.9554950000000001
1.106715,0.951995
1.096507,0.950245
1.0863,0.944995
1.076092,0.943245
1.065885,0.941495
1.055677,0.937995
1.04547,0.934495
1.035262,0.9327449999999999
1.025054,0.929245
1.014847,0.927495
1.004639,0.9239949999999999
0.994432,0.922245
0.984224,0.9187449999999999
0.9740169999999999,0.915245
0.9638089999999999,0.913495
0.9536009999999999,0.9117449999999999
0.943394,0.908245
0.933186,0.9064949999999999
0.922979,0.902995
0.912771,0.902995
0.9025639999999999,0.731496
0.8923559999999999,0.589747
0.8821479999999999,0.475997
0.871941,0.384998
0.861733,0.311498
0.851526,0.25374800000000003
0.841318,0.208249
0.8311109999999999,0.17149899999999998
0.8209029999999999,0.14349900000000002
0.8106949999999999,0.11987400000000001
0.800488,0.101937
0.79028,0.087499616
0.780073,0.07481216800000001
0.7698649999999999,0.06474971600000001
0.7596579999999999,0.056218500000000005
0.74945,0.049437284000000005
0.739242,0.042874808
0.729035,0.037624832000000004
0.718827,0.032812352
0.7086199999999999,0.028328
0.6984119999999999,0.024499892000000002
0.688205,0.021109282
0.677997,0.017499922
0.667789,0.014437436
0.657582,-0.018799118000000004
0.647374,-0.02512709
0.6371669999999999,-0.028100676
0.6269589999999999,-0.028890272
0.616752,-0.028974274000000005
0.606544,-0.031695860000000006
0.596336,-0.032866254
0.586129,-0.032804654
0.575921,-0.035139844
0.5657139999999999,-0.036864640000000004
0.5555059999999999,-0.037581432000000005
0.545299,-0.038903028000000006
0.535091,-0.04103102000000001
0.524883,-0.042403012000000004
0.514676,-0.043383008
0.504468,-0.0455838
0.49426099999999995,-0.047325392
0.48405299999999996,-0.048669384
0.473846,-0.05048938000000001
0.463638,-0.055890376000000005
0.45343,-0.061905976
0.443223,-0.06967156800000002
0.433015,-0.07820277600000002
0.42280799999999996,-0.08804648
0.41259999999999997,-0.098437064
0.402393,-0.111343
0.392185,-0.125999
0.38197699999999996,-0.142186
0.37177,-0.161655
0.361562,-0.184296
0.351355,-0.20988900000000002
0.341147,-0.239858
0.33094,-0.275951
0.32073199999999996,-0.318498
0.310525,-0.36826299999999995
0.300317,-0.428966
0.290109,-0.502029
0.279902,-0.5890909999999999
0.269694,-0.69584
0.25948699999999997,-0.829058
0.249279,-0.9908229999999999
0.23907199999999998,-1.196557
0.22886399999999998,-1.464087
0.218656,-1.812991
0.208449,-2.257927
0.198241,-2.894487
0.18803399999999998,-3.7344829999999996
0.17782599999999998,-4.835228
0.167619,-6.408471
0.157411,-8.250338000000001
0.147203,-10.221704
0.136996,-11.773947
0.12678799999999998,-12.493193999999999
0.11658099999999999,-12.274445
0.106373,-10.989951
0.096166048,-8.85496
0.08595848,-6.52922
0.07575092,-4.649729
0.065543348,-3.4264840000000003
0.055335776,-2.714237
0.045128204000000005,-2.290739
0.034920632,-2.0107399999999997
0.024713064,-1.814741
0.014505494,-1.648492
0.004297924,-1.5032429999999999
-0.005909646,-1.382493
-0.016117215,-1.294994
-0.026324786000000003,-1.237244
-0.036532356,-1.203994
-0.046739924,-1.1899939999999998
-0.056947496,-1.174244
-0.067155064,-1.139244
-0.077362632,-1.088495
-0.08757020800000001,-1.023745
-0.09777777600000001,-0.9554950000000001
-0.107985,-0.899495
-0.11819199999999999,-0.8504959999999999
-0.1284,-0.811996
-0.13860799999999998,-0.780496
-0.148815,-0.7507459999999999
-0.159023,-0.724496
-0.16923,-0.6982459999999999
-0.179438,-0.671997
-0.18964499999999998,-0.654497
-0.199853,-0.631747
-0.18964499999999998,-0.509247
-0.179438,-0.45149700000000004
-0.16923,-0.40949800000000003
-0.159023,-0.37799799999999995
-0.148815,-0.351748
-0.13860799999999998,-0.33074800000000004
-0.1284,-0.310623
-0.11819199999999999,-0.292248
-0.107985,-0.276498
-0.09777777600000001,-0.260748
-0.08757020800000001,-0.244998
-0.077362632,-0.230123
-0.067155064,-0.21612399999999998
-0.056947496,-0.201249
-0.046739924,-0.18812399999999999
-0.036532356,-0.175874
-0.026324786000000003,-0.164499
-0.016117215,-0.152249
-0.005909646,-0.141749
0.004297924,-0.12906099999999998
0.014505494,-0.115936
0.024713064,-0.102374
0.034920632,-0.08706211200000001
0.045128204000000005,-0.06956219200000001
0.055335776,-0.050749776
0.065543348,-0.030406114000000005
0.07575092,-0.008531212
0.08595848,0.014656185000000002
0.096166048,0.03849982800000001
0.106373,0.061249732
0.11658099999999999,0.08553087200000001
0.12678799999999998,0.109374
0.136996,0.133983
0.147203,0.161436
0.157411,0.185717
0.167619,0.20628
0.17782599999999998,0.23242
0.18803399999999998,0.26632599999999995
0.198241,0.307014
0.208449,0.350217
0.218656,0.393091
0.22886399999999998,0.42481
0.23907199999999998,0.445154
0.249279,0.465497
0.25948699999999997,0.48857500000000004
0.269694,0.520075
0.279902,0.567106
0.290109,0.633606
0.300317,0.717606
0.310525,0.820855
0.32073199999999996,0.9486049999999999
0.33094,1.091229
0.341147,1.252775
0.351355,1.427556
0.361562,1.6027740000000001
0.37177,1.764867
0.38197699999999996,1.905085
0.392185,2.0142409999999997
0.402393,2.0855529999999995
0.41259999999999997,2.12099
0.42280799999999996,2.131927
0.433015,2.121428
0.443223,2.09474
0.45343,2.0654280000000003
0.463638,2.038303
0.473846,2.01599
0.48405299999999996,2.0068029999999997
0.49426099999999995,2.0133650000000003
0.504468,2.036115
0.514676,2.0728649999999997
0.524883,2.125803
0.535091,2.188802
0.545299,2.254427
0.5555059999999999,2.3226769999999997
0.5657139999999999,2.3922389999999996
0.575921,2.462676
0.586129,2.534863
0.596336,2.6131749999999996
0.606544,2.703737
0.616752,2.812675
0.6269589999999999,2.9447989999999997
0.6371669999999999,3.103611
0.647374,3.284735
0.657582,3.487297
0.667789,3.703858
0.677997,3.928295
0.688205,4.156231
0.6984119999999999,4.380229999999999
0.7086199999999999,4.602479
0.718827,4.8186029999999995
0.729035,5.018102
0.739242,5.200976
0.74945,5.36285
0.7596579999999999,5.501975
0.7698649999999999,5.612224
0.780073,5.680473999999999
0.79028,5.703224
0.800488,5.679599
0.8106949999999999,5.613099999999999
0.8209029999999999,5.513349999999999
0.8311109999999999,4.7512289999999995
0.841318,4.202606
0.851526,3.796608
0.861733,3.476359
0.871941,3.21561
0.8821479999999999,2.993361
0.8923559999999999,2.807862
0.9025639999999999,2.647738
0.912771,2.508613
0.922979,2.388739
0.933186,2.281114
0.943394,2.186615
0.9536009999999999,2.10174
0.9638089999999999,2.023866
0.9740169999999999,1.9564909999999998
0.984224,1.8926159999999999
0.994432,1.8348659999999999
1.004639,1.782367
1.014847,1.732492
1.025054,1.689617
1.035262,1.6476169999999999
1.04547,1.608242
1.055677,1.574118
1.065885,1.5391179999999998
1.076092,1.509368
1.0863,1.480493
1.096507,1.4524929999999998
1.106715,1.4271179999999999
1.1169229999999999,1.402618
1.12713,1.3807429999999998
1.137338,1.359743
1.147545,1.338744
1.157753,1.3212439999999999
1.1679599999999999,1.302869
1.1781679999999999,1.285369
1.1883759999999999,1.270494
1.198583,1.253869
1.208791,1.2398689999999999
1.218998,1.224994
1.229206,1.211869
1.2394129999999999,1.199619
1.2496209999999999,1.1873690000000001
1.2598289999999999,1.175994
1.270036,1.1646189999999998
1.280244,1.153244
1.290451,1.1444940000000001
1.300659,1.133119
1.3108659999999999,1.12437
1.3210739999999999,1.1156199999999998
1.331281,1.1051199999999999
1.341489,1.09812
1.351697,1.090245
1.361904,1.08237
1.372112,1.07537
1.3823189999999999,1.06662
1.3925269999999998,1.060495
1.402734,1.053495
1.412942,1.046495
1.42315,1.041245
1.433357,1.03337
1.443565,1.0281200000000001
1.4537719999999998,1.021995
1.4639799999999998,1.0158699999999998
1.474187,1.011495
1.484395,1.0053699999999999
1.494603,1.00012
1.50481,0.995745
1.494603,0.9904949999999999
1.484395,0.9861199999999999
1.474187,0.98087
1.4639799999999998,0.976495
1.4537719999999998,0.9729949999999999
1.443565,0.96687
1.433357,0.96337
1.42315,0.9598699999999999
1.412942,0.95462
1.402734,0.951995
1.3925269999999998,0.946745
1.3823189999999999,0.94412
1.372112,0.9397449999999999
1.361904,0.936245
1.351697,0.93362
1.341489,0.929245
1.331281,0.9257449999999999
1.3210739999999999,0.92312
1.3108659999999999,0.9187449999999999
1.300659,0.9169949999999999
1.290451,0.91262
1.280244,0.9099949999999999
1.270036,0.90737
1.2598289999999999,0.90387
1.2496209999999999,0.901246
1.2394129999999999,0.89862
1.229206,0.894246
1.218998,0.8924960000000001
1.208791,0.888996
1.198583,0.887246
1.1883759999999999,0.884621
1.1781679999999999,0.8811209999999999
1.1679599999999999,0.880246
1.157753,0.876746
1.147545,0.8741209999999999
1.137338,0.8723709999999999
1.12713,0.868871
1.1169229999999999,0.867996
1.106715,0.8644959999999999
1.096507,0.862746
1.0863,0.860996
1.076092,0.8574959999999999
1.065885,0.855746
1.055677,0.853996
1.04547,0.851371
1.035262,0.8504959999999999
1.025054,0.846996
1.014847,0.846121
1.004639,0.844371
0.994432,0.840871
0.984224,0.840871
0.9740169999999999,0.8382459999999999
0.9638089999999999,0.835621
0.9536009999999999,0.834746
0.943394,0.832121
0.933186,0.830371
0.922979,0.8286209999999999
0.912771,0.754246
0.9025639999999999,0.599372
0.8923559999999999,0.476872
0.8821479999999999,0.380623
0.871941,0.303623
0.861733,0.24324800000000002
0.851526,0.195999
0.841318,0.159249
0.8311109999999999,0.12949899999999998
0.8209029999999999,0.106749
0.8106949999999999,0.08924960000000001
0.800488,0.074374672
0.79028,0.06299972
0.780073,0.052937268
0.7698649999999999,0.045281048000000004
0.7596579999999999,0.03849982800000001
0.74945,0.032593606000000004
0.739242,0.027671752
0.729035,0.023187396000000002
0.718827,0.01935929
0.7086199999999999,0.015859305
0.6984119999999999,-0.017488724
0.688205,-0.022825500000000002
0.677997,-0.026420684
0.667789,-0.028386274000000003
0.657582,-0.028453476000000002
0.647374,-0.029735868000000002
0.6371669999999999,-0.031617462
0.6269589999999999,-0.032121460000000004
0.616752,-0.032177458000000006
0.606544,-0.034495848
0.596336,-0.035671844
0.586129,-0.035526244
0.575921,-0.037609432
0.5657139999999999,-0.039183028
0.5555059999999999,-0.039815824
0.545299,-0.04110942
0.535091,-0.042968612
0.524883,-0.044183808000000005
0.514676,-0.0452366
0.504468,-0.047123792000000005
0.49426099999999995,-0.048697388
0.48405299999999996,-0.05000778
0.473846,-0.053921636
0.463638,-0.059718484
0.45343,-0.066280956
0.443223,-0.07382780000000001
0.433015,-0.08290588800000001
0.42280799999999996,-0.092640216
0.41259999999999997,-0.10346799999999999
0.402393,-0.116593
0.392185,-0.131905
0.38197699999999996,-0.148968
0.37177,-0.169092
0.361562,-0.193046
0.351355,-0.220061
0.341147,-0.25166999999999995
0.33094,-0.290279
0.32073199999999996,-0.33555999999999997
0.310525,-0.388607
0.300317,-0.45412199999999997
0.290109,-0.532216
0.279902,-0.626169
0.269694,-0.740356
0.25948699999999997,-0.881996
0.249279,-1.050979
0.23907199999999998,-1.271588
0.22886399999999998,-1.549836
0.218656,-1.90421
0.208449,-2.345864
0.198241,-3.004299
0.18803399999999998,-3.8749199999999995
0.17782599999999998,-5.100352
0.167619,-6.7304699999999995
0.157411,-8.747336
0.147203,-10.939200999999999
0.136996,-12.703193
0.12678799999999998,-13.632439
0.11658099999999999,-13.478439999999999
0.106373,-11.898196
0.096166048,-9.224209
0.08595848,-6.50997
0.07575092,-4.602479
0.065543348,-3.5174839999999996
0.055335776,-2.943486
0.045128204000000005,-2.617988
0.034920632,-2.395739
0.024713064,-2.22249
0.014505494,-2.0579899999999998
0.004297924,-1.909241
-0.005909646,-1.795491
-0.016117215,-1.721992
-0.026324786000000003,-1.679992
-0.036532356,-1.6572419999999999
-0.046739924,-1.627492
-0.056947496,-1.567993
-0.067155064,-1.480493
-0.077362632,-1.382493
-0.08757020800000001,-1.2932439999999998
-0.09777777600000001,-1.214494
-0.107985,-1.151494
-0.11819199999999999,-1.104245
-0.1284,-1.060495
-0.13860799999999998,-1.020245
-0.148815,-0.983495
-0.159023,-0.948495
-0.16923,-0.9169949999999999
-0.179438,-0.888996
-0.18964499999999998,-0.862746
-0.199853,-0.8382459999999999
-0.18964499999999998,-0.736746
-0.179438,-0.682496
-0.16923,-0.642247
-0.159023,-0.608997
-0.148815,-0.582747
-0.13860799999999998,-0.558247
-0.1284,-0.535497
-0.11819199999999999,-0.5162469999999999
-0.107985,-0.498747
-0.09777777600000001,-0.481247
-0.08757020800000001,-0.46374699999999996
-0.077362632,-0.44624800000000003
-0.067155064,-0.430498
-0.056947496,-0.412998
-0.046739924,-0.397248
-0.036532356,-0.38149799999999995
-0.026324786000000003,-0.365748
-0.016117215,-0.348248
-0.005909646,-0.332498
0.004297924,-0.314998
0.014505494,-0.29574799999999996
0.024713064,-0.273873
0.034920632,-0.24937299999999998
0.045128204000000005,-0.219624
0.055335776,-0.18724899999999997
0.065543348,-0.152249
0.07575092,-0.11374899999999999
0.08595848,-0.07568716
0.096166048,-0.03849982800000001
0.106373,-0.003937482000000001
0.11658099999999999,0.033031104
0.12678799999999998,0.07043719200000001
0.136996,0.11462399999999999
0.147203,0.175655
0.157411,0.248936
0.167619,0.252873
0.17782599999999998,0.282404
0.18803399999999998,0.341685
0.198241,0.412123
0.208449,0.46877899999999995
0.218656,0.494154
0.22886399999999998,0.48693499999999995
0.23907199999999998,0.46615399999999996
0.249279,0.45259099999999997
0.25948699999999997,0.44471599999999994
0.269694,0.443841
0.279902,0.460466
0.290109,0.501154
0.300317,0.571809
0.310525,0.679215
0.32073199999999996,0.833871
0.33094,1.031839
0.341147,1.2624
0.351355,1.51243
0.361562,1.753492
0.37177,1.955178
0.38197699999999996,2.1008649999999998
0.392185,2.186615
0.402393,2.215052
0.41259999999999997,2.1971149999999997
0.42280799999999996,2.15599
0.433015,2.10349
0.443223,2.048803
0.45343,2.004616
0.463638,1.976178
0.473846,1.9665530000000002
0.48405299999999996,1.983178
0.49426099999999995,2.033491
0.504468,2.116615
0.514676,2.23474
0.524883,2.386114
0.535091,2.562863
0.545299,2.753612
0.5555059999999999,2.943924
0.5657139999999999,3.125923
0.575921,3.2912969999999997
0.586129,3.4330469999999997
0.596336,3.5437339999999997
0.606544,3.632983
0.616752,3.7143580000000003
0.6269589999999999,3.7882949999999997
0.6371669999999999,3.8526070000000003
0.647374,3.9007319999999996
0.657582,3.9436069999999996
0.667789,3.9891069999999997
0.677997,4.0398559999999994
0.688205,4.098481
0.6984119999999999,4.165856
0.7086199999999999,4.241105999999999
0.718827,4.32598
0.729035,4.417855
0.739242,4.518479
0.74945,4.631354
0.7596579999999999,4.750354000000001
0.7698649999999999,4.869353
0.780073,4.974353
0.79028,5.050477
0.800488,5.092477
0.8106949999999999,5.100352
0.8209029999999999,5.080227
0.8311109999999999,5.040852
0.841318,4.463355
0.851526,4.000482
0.861733,3.664483
0.871941,3.404609
0.8821479999999999,3.19111
0.8923559999999999,3.009986
0.9025639999999999,2.856862
0.912771,2.719487
0.922979,2.5996129999999997
0.933186,2.493738
0.943394,2.396614
0.9536009999999999,2.310864
0.9638089999999999,2.2312399999999997
0.9740169999999999,2.16124
0.984224,2.09824
0.994432,2.037865
1.004639,1.985366
1.014847,1.936366
1.025054,1.890866
1.035262,1.8497409999999999
1.04547,1.809491
1.055677,1.774492
1.065885,1.740367
1.076092,1.707992
1.0863,1.678242
1.096507,1.649367
1.106715,1.622242
1.1169229999999999,1.597742
1.12713,1.573242
1.137338,1.551368
1.147545,1.529493
1.157753,1.508493
1.1679599999999999,1.490118
1.1781679999999999,1.4708679999999998
1.1883759999999999,1.453368
1.198583,1.4358680000000001
1.208791,1.419243
1.218998,1.404368
1.229206,1.388618
1.2394129999999999,1.3746180000000001
1.2496209999999999,1.361493
1.2598289999999999,1.347494
1.270036,1.3352439999999999
1.280244,1.3221189999999998
1.290451,1.309869
1.300659,1.299369
1.3108659999999999,1.2871190000000001
1.3210739999999999,1.2783689999999999
1.331281,1.266994
1.341489,1.257369
1.351697,1.248619
1.361904,1.238119
1.372112,1.2302440000000001
1.3823189999999999,1.220619
1.3925269999999998,1.211869
1.402734,1.203994
1.412942,1.195244
1.42315,1.188244
1.433357,1.180369
1.443565,1.1724940000000001
1.4537719999999998,1.166369
1.4639799999999998,1.1584940000000001
1.474187,1.152369
1.484395,1.1462439999999998
1.494603,1.139244
1.50481,1.133994
1.494603,1.127869
1.484395,1.1217439999999999
1.474187,1.1164949999999998
1.4639799999999998,1.109495
1.4537719999999998,1.1051199999999999
1.443565,1.0998700000000001
1.433357,1.093745
1.42315,1.08937
1.412942,1.08412
1.402734,1.07887
1.3925269999999998,1.074495
1.3823189999999999,1.069245
1.372112,1.065745
1.361904,1.060495
1.351697,1.0561200000000002
1.341489,1.0526200000000001
1.331281,1.04737
1.3210739999999999,1.0438699999999999
1.3108659999999999,1.039495
1.300659,1.03512
1.290451,1.03162
1.280244,1.02637
1.270036,1.023745
1.2598289999999999,1.020245
1.2496209999999999,1.0158699999999998
1.2394129999999999,1.0132450000000002
1.229206,1.00887
1.218998,1.006245
1.208791,1.002745
1.198583,0.9983700000000001
1.1883759999999999,0.9966200000000001
1.1781679999999999,0.9922449999999999
1.1679599999999999,0.9887449999999999
1.157753,0.9861199999999999
1.147545,0.98262
1.137338,0.9799950000000001
1.12713,0.976495
1.1169229999999999,0.9729949999999999
1.106715,0.9712449999999999
1.096507,0.9677450000000001
1.0863,0.96512
1.076092,0.962495
1.065885,0.9589949999999999
1.055677,0.9581199999999999
1.04547,0.95462
1.035262,0.951995
1.025054,0.9493699999999999
1.014847,0.9458699999999999
1.004639,0.94412
0.994432,0.941495
0.984224,0.93887
0.9740169999999999,0.9371200000000001
0.9638089999999999,0.93362
0.9536009999999999,0.9327449999999999
0.943394,0.9301200000000001
0.933186,0.92662
0.922979,0.9257449999999999
0.912771,0.922245
0.9025639999999999,0.8793709999999999
0.8923559999999999,0.723621
0.8821479999999999,0.604622
0.871941,0.510997
0.861733,0.437498
0.851526,0.37799799999999995
0.841318,0.329873
0.8311109999999999,0.289623
0.8209029999999999,0.255498
0.8106949999999999,0.225748
0.800488,0.199499
0.79028,0.175874
0.780073,0.15312399999999998
0.7698649999999999,0.13124899999999998
0.7596579999999999,0.11068700000000001
0.74945,0.09056209600000001
0.739242,0.07174968000000001
0.729035,0.055124752000000006
0.718827,0.041124816
0.7086199999999999,0.029531118000000002
0.6984119999999999,0.02034366
0.688205,0.013890563000000002
0.677997,0.008640586000000002
0.667789,0.0047031040000000005
0.657582,-0.024656690000000002
0.647374,-0.030211866000000004
0.6371669999999999,-0.03208226000000001
0.6269589999999999,-0.032580656
0.616752,-0.032653458
0.606544,-0.034983048
0.596336,-0.036114240000000006
0.586129,-0.036080640000000004
0.575921,-0.038040632000000005
0.5657139999999999,-0.039692628
0.5555059999999999,-0.04028062
0.545299,-0.041501416
0.535091,-0.043422208000000004
0.524883,-0.044587004
0.514676,-0.045662196
0.504468,-0.047521388000000005
0.49426099999999995,-0.049055784000000005
0.48405299999999996,-0.049874776
0.473846,-0.05501538
0.463638,-0.061249732
0.45343,-0.068359072
0.443223,-0.07601528800000001
0.433015,-0.08553087200000001
0.42280799999999996,-0.095702704
0.41259999999999997,-0.107077
0.402393,-0.12151499999999998
0.392185,-0.137374
0.38197699999999996,-0.155749
0.37177,-0.17740499999999998
0.361562,-0.20310799999999998
0.351355,-0.232858
0.341147,-0.26753
0.33094,-0.309967
0.32073199999999996,-0.359732
0.310525,-0.418904
0.300317,-0.49163799999999996
0.290109,-0.5785910000000001
0.279902,-0.683918
0.269694,-0.8118869999999999
0.25948699999999997,-0.9692759999999999
0.249279,-1.162213
0.23907199999999998,-1.4069930000000002
0.22886399999999998,-1.7145540000000001
0.218656,-2.096928
0.208449,-2.600488
0.198241,-3.26286
0.18803399999999998,-4.161918
0.17782599999999998,-5.42235
0.167619,-7.105843
0.157411,-9.140209
0.147203,-11.362699
0.136996,-13.124941
0.12678799999999998,-13.999937
0.11658099999999999,-13.628938999999999
0.106373,-11.686448
0.096166048,-8.797210999999999
0.08595848,-6.193222
0.07575092,-4.52723
0.065543348,-3.639983
0.055335776,-3.181485
0.045128204000000005,-2.915487
0.034920632,-2.726487
0.024713064,-2.5654879999999998
0.014505494,-2.406239
0.004297924,-2.25749
-0.005909646,-2.1419900000000003
-0.016117215,-2.06674
-0.026324786000000003,-2.0264900000000003
-0.036532356,-2.000241
-0.046739924,-1.9599909999999998
-0.056947496,-1.881241
-0.067155064,-1.7762419999999999
-0.077362632,-1.665992
-0.08757020800000001,-1.567993
-0.09777777600000001,-1.483993
-0.107985,-1.417493
-0.11819199999999999,-1.363243
-0.1284,-1.315994
-0.13860799999999998,-1.270494
-0.148815,-1.2302440000000001
-0.159023,-1.191744
-0.16923,-1.154994
-0.179438,-1.1217439999999999
-0.18964499999999998,-1.091995
-0.199853,-1.0622449999999999
-0.18964499999999998,-0.9589949999999999
-0.179438,-0.899495
-0.16923,-0.852246
-0.159023,-0.810246
-0.148815,-0.7787459999999999
-0.13860799999999998,-0.7489959999999999
-0.1284,-0.722746
-0.11819199999999999,-0.6982459999999999
-0.107985,-0.6754969999999999
-0.09777777600000001,-0.656247
-0.08757020800000001,-0.636997
-0.077362632,-0.615997
-0.067155064,-0.600247
-0.056947496,-0.5792470000000001
-0.046739924,-0.559997
-0.036532356,-0.542497
-0.026324786000000003,-0.521497
-0.016117215,-0.502247
-0.005909646,-0.482997
0.004297924,-0.461997
0.014505494,-0.439248
0.024713064,-0.412998
0.034920632,-0.383248
0.045128204000000005,-0.346498
0.055335776,-0.304498
0.065543348,-0.260748
0.07575092,-0.21262399999999998
0.08595848,-0.16537400000000002
0.096166048,-0.120749
0.106373,-0.076124664
0.11658099999999999,-0.027999876000000003
0.12678799999999998,0.033687352000000004
0.136996,0.12381099999999999
0.147203,0.222249
0.157411,0.272561
0.167619,0.287873
0.17782599999999998,0.33599799999999996
0.18803399999999998,0.40031
0.198241,0.45587199999999994
0.208449,0.483435
0.218656,0.48474700000000004
0.22886399999999998,0.47380999999999995
0.23907199999999998,0.46024699999999996
0.249279,0.452372
0.25948699999999997,0.44755999999999996
0.269694,0.44493499999999997
0.279902,0.45412199999999997
0.290109,0.483435
0.300317,0.539435
0.310525,0.6343719999999999
0.32073199999999996,0.7787459999999999
0.33094,0.9716829999999999
0.341147,1.201807
0.351355,1.4524929999999998
0.361562,1.6904919999999999
0.37177,1.884304
0.38197699999999996,2.017741
0.392185,2.086865
0.402393,2.096928
0.41259999999999997,2.06499
0.42280799999999996,2.01599
0.433015,1.9604279999999998
0.443223,1.9074909999999998
0.45343,1.867679
0.463638,1.8458039999999998
0.473846,1.844491
0.48405299999999996,1.8724910000000001
0.49426099999999995,1.940303
0.504468,2.050115
0.514676,2.201927
0.524883,2.394864
0.535091,2.620613
0.545299,2.867362
0.5555059999999999,3.115861
0.5657139999999999,3.3564849999999997
0.575921,3.582233
0.586129,3.777795
0.596336,3.9309190000000003
0.606544,4.0398559999999994
0.616752,4.120356
0.6269589999999999,4.180731000000001
0.6371669999999999,4.200856
0.647374,4.1816059999999995
0.657582,4.139606
0.667789,4.093230999999999
0.677997,4.058231
0.688205,4.0337309999999995
0.6984119999999999,4.026731
0.7086199999999999,4.035482
0.718827,4.059982
0.729035,4.102856
0.739242,4.162356
0.74945,4.241105999999999
0.7596579999999999,4.33648
0.7698649999999999,4.437105
0.780073,4.534229
0.79028,4.613854
0.800488,4.669854
0.8106949999999999,4.701353999999999
0.8209029999999999,4.710103
0.8311109999999999,4.7066040000000005
0.841318,4.696979
0.851526,4.278731
0.861733,3.8211069999999996
0.871941,3.5008589999999997
0.8821479999999999,3.25411
0.8923559999999999,3.051986
0.9025639999999999,2.8839870000000003
0.912771,2.7422370000000003
0.922979,2.6162379999999996
0.933186,2.506863
0.943394,2.407989
0.9536009999999999,2.318739
0.9638089999999999,2.239115
0.9740169999999999,2.165615
0.984224,2.1008649999999998
0.994432,2.039616
1.004639,1.9844909999999998
1.014847,1.9354909999999999
1.025054,1.887366
1.035262,1.845366
1.04547,1.805116
1.055677,1.767492
1.065885,1.7342419999999998
1.076092,1.7018669999999998
1.0863,1.6721169999999999
1.096507,1.6432419999999999
1.106715,1.6161169999999998
1.1169229999999999,1.591617
1.12713,1.567117
1.137338,1.544368
1.147545,1.523368
1.157753,1.501493
1.1679599999999999,1.483118
1.1781679999999999,1.4647430000000001
1.1883759999999999,1.446368
1.198583,1.430618
1.208791,1.413993
1.218998,1.3991179999999999
1.229206,1.384243
1.2394129999999999,1.369368
1.2496209999999999,1.357118
1.2598289999999999,1.3422429999999999
1.270036,1.3299940000000001
1.280244,1.317744
1.290451,1.306369
1.300659,1.295869
1.3108659999999999,1.283619
1.3210739999999999,1.273994
1.331281,1.2643689999999999
1.341489,1.253869
1.351697,1.245119
1.361904,1.2354939999999999
1.372112,1.2258689999999999
1.3823189999999999,1.217994
1.3925269999999998,1.209244
1.402734,1.2013690000000001
1.412942,1.1934939999999998
1.42315,1.185619
1.433357,1.1786189999999999
1.443565,1.170744
1.4537719999999998,1.1646189999999998
1.4639799999999998,1.157619
1.474187,1.1497439999999999
1.484395,1.1444940000000001
1.494603,1.138369
1.50481,1.131369
1.494603,1.126995
1.484395,1.1199949999999999
1.474187,1.114745
1.4639799999999998,1.109495
1.4537719999999998,1.10337
1.443565,1.098995
1.433357,1.09287
1.42315,1.088495
1.412942,1.083245
1.402734,1.077995
1.3925269999999998,1.074495
1.3823189999999999,1.06837
1.372112,1.063995
1.361904,1.060495
1.351697,1.05437
1.341489,1.051745
1.331281,1.04737
1.3210739999999999,1.0429950000000001
1.3108659999999999,1.039495
1.300659,1.0342449999999999
1.290451,1.03162
1.280244,1.027245
1.270036,1.02287
1.2598289999999999,1.020245
1.2496209999999999,1.0158699999999998
1.2394129999999999,1.01237
1.229206,1.0097450000000001
1.218998,1.004495
1.208791,1.002745
1.198583,0.999245
1.1883759999999999,0.995745
1.1781679999999999,0.99312
1.1679599999999999,0.9896199999999999
1.157753,0.9869949999999998
1.147545,0.983495
1.137338,0.9799950000000001
1.12713,0.978245
1.1169229999999999,0.9738699999999999
1.106715,0.9712449999999999
1.096507,0.96862
1.0863,0.96512
1.076092,0.96337
1.065885,0.9598699999999999
1.055677,0.9572449999999999
1.04547,0.95462
1.035262,0.95112
1.025054,0.950245
1.014847,0.946745
1.004639,0.94412
0.994432,0.94237
0.984224,0.93887
0.9740169999999999,0.937995
0.9638089999999999,0.934495
0.9536009999999999,0.9327449999999999
0.943394,0.930995
0.933186,0.927495
0.922979,0.9257449999999999
0.912771,0.9239949999999999
0.9025639999999999,0.868871
0.8923559999999999,0.7218709999999999
0.8821479999999999,0.609872
0.871941,0.5223720000000001
0.861733,0.454997
0.851526,0.399873
0.841318,0.355248
0.8311109999999999,0.317623
0.8209029999999999,0.285248
0.8106949999999999,0.257248
0.800488,0.23099799999999998
0.79028,0.206499
0.780073,0.181999
0.7698649999999999,0.158374
0.7596579999999999,0.133874
0.74945,0.110249
0.739242,0.087499616
0.729035,0.066499704
0.718827,0.048562284000000004
0.7086199999999999,0.0339061
0.6984119999999999,0.022749900000000003
0.688205,0.014437436
0.677997,0.008421838000000001
0.667789,0.003937482000000001
0.657582,0.0008749960000000001
0.647374,-0.027423078000000004
0.6371669999999999,-0.032692654
0.6269589999999999,-0.033079056
0.616752,-0.033213454
0.606544,-0.035520644000000004
0.596336,-0.036523036
0.586129,-0.03658464
0.575921,-0.038516628
0.5657139999999999,-0.040095824
0.5555059999999999,-0.040779020000000006
0.545299,-0.041899016000000004
0.535091,-0.043808608000000006
0.524883,-0.044984604000000004
0.514676,-0.046026196
0.504468,-0.047969388
0.49426099999999995,-0.049402980000000006
0.48405299999999996,-0.05085914800000001
0.473846,-0.056218500000000005
0.463638,-0.06267159600000001
0.45343,-0.06967156800000002
0.443223,-0.077546528
0.433015,-0.087280856
0.42280799999999996,-0.097890192
0.41259999999999997,-0.10926499999999999
0.402393,-0.12403
0.392185,-0.140436
0.38197699999999996,-0.159249
0.37177,-0.181999
0.361562,-0.20813900000000002
0.351355,-0.239092
0.341147,-0.274858
0.33094,-0.31871700000000003
0.32073199999999996,-0.370998
0.310525,-0.43224799999999997
0.300317,-0.5083719999999999
0.290109,-0.599153
0.279902,-0.708637
0.269694,-0.84273
0.25948699999999997,-1.005479
0.249279,-1.208588
0.23907199999999998,-1.464306
0.22886399999999998,-1.783898
0.218656,-2.177865
0.208449,-2.706362
0.198241,-3.3958589999999997
0.18803399999999998,-4.333418
0.17782599999999998,-5.657725
0.167619,-7.432216
0.157411,-9.540956999999999
0.147203,-11.868447
0.136996,-13.644689
0.12678799999999998,-14.447935
0.11658099999999999,-13.833688
0.106373,-11.590198
0.096166048,-8.573210999999999
0.08595848,-6.047973
0.07575092,-4.49048
0.065543348,-3.680233
0.055335776,-3.263735
0.045128204000000005,-3.0152360000000002
0.034920632,-2.8297369999999997
0.024713064,-2.663488
0.014505494,-2.502488
0.004297924,-2.3589890000000002
-0.005909646,-2.25049
-0.016117215,-2.18574
-0.026324786000000003,-2.15074
-0.036532356,-2.1244899999999998
-0.046739924,-2.07549
-0.056947496,-1.9862409999999997
-0.067155064,-1.870741
-0.077362632,-1.7587419999999998
-0.08757020800000001,-1.660742
-0.09777777600000001,-1.578492
-0.107985,-1.5137429999999998
-0.11819199999999999,-1.459493
-0.1284,-1.412243
-0.13860799999999998,-1.364993
-0.148815,-1.322994
-0.159023,-1.2827439999999999
-0.16923,-1.245994
-0.179438,-1.212744
-0.18964499999999998,-1.181244
-0.199853,-1.1462439999999998
-0.18964499999999998,-1.0447449999999998
-0.179438,-0.981745
-0.16923,-0.9327449999999999
-0.159023,-0.890746
-0.148815,-0.855746
-0.13860799999999998,-0.825996
-0.1284,-0.796246
-0.11819199999999999,-0.7717459999999999
-0.107985,-0.747246
-0.09777777600000001,-0.724496
-0.08757020800000001,-0.706996
-0.077362632,-0.6859959999999999
-0.067155064,-0.6667470000000001
-0.056947496,-0.647497
-0.046739924,-0.626497
-0.036532356,-0.607247
-0.026324786000000003,-0.5862470000000001
-0.016117215,-0.566997
-0.005909646,-0.545997
0.004297924,-0.5249969999999999
0.014505494,-0.502247
0.024713064,-0.472497
0.034920632,-0.44274800000000003
0.045128204000000005,-0.402498
0.055335776,-0.358748
0.065543348,-0.314998
0.07575092,-0.264248
0.08595848,-0.21787399999999998
0.096166048,-0.176749
0.106373,-0.135624
0.11658099999999999,-0.09449958400000001
0.12678799999999998,-0.045062300000000007
0.136996,0.016624926
0.147203,0.07568716
0.157411,0.102593
0.167619,0.120749
0.17782599999999998,0.16362400000000002
0.18803399999999998,0.226842
0.198241,0.300561
0.208449,0.37406
0.218656,0.43334100000000003
0.22886399999999998,0.46702899999999997
0.23907199999999998,0.475779
0.249279,0.47468499999999997
0.25948699999999997,0.472279
0.269694,0.471841
0.279902,0.482122
0.290109,0.512966
0.300317,0.569184
0.310525,0.663903
0.32073199999999996,0.807183
0.33094,0.9968389999999999
0.341147,1.2223689999999998
0.351355,1.4649619999999999
0.361562,1.694211
0.37177,1.875772
0.38197699999999996,1.9943339999999998
0.392185,2.0479279999999997
0.402393,2.047053
0.41259999999999997,2.008553
0.42280799999999996,1.955616
0.433015,1.897429
0.443223,1.8436160000000001
0.45343,1.8029289999999998
0.463638,1.780179
0.473846,1.778867
0.48405299999999996,1.809054
0.49426099999999995,1.882991
0.504468,2.005491
0.514676,2.174802
0.524883,2.389176
0.535091,2.6424879999999997
0.545299,2.920299
0.5555059999999999,3.2024850000000002
0.5657139999999999,3.480297
0.575921,3.74367
0.586129,3.9759819999999997
0.596336,4.155355999999999
0.606544,4.277856
0.616752,4.3583549999999995
0.6269589999999999,4.405605
0.6371669999999999,4.40298
0.647374,4.339105
0.657582,4.245481
0.667789,4.146606
0.677997,4.064356
0.688205,4.000482
0.6984119999999999,3.957607
0.7086199999999999,3.9357320000000002
0.718827,3.931357
0.729035,3.9462319999999997
0.739242,3.9803569999999997
0.74945,4.035482
0.7596579999999999,4.108981
0.7698649999999999,4.195606
0.780073,4.283105
0.79028,4.360105
0.800488,4.42223
0.8106949999999999,4.466855
0.8209029999999999,4.492229
0.8311109999999999,4.506229
0.841318,4.514105
0.851526,4.52023
0.861733,4.027606
0.871941,3.6154830000000002
0.8821479999999999,3.3223599999999998
0.8923559999999999,3.091361
0.9025639999999999,2.9023619999999997
0.912771,2.744862
0.922979,2.607488
0.933186,2.489363
0.943394,2.3843639999999997
0.9536009999999999,2.289864
0.9638089999999999,2.20674
0.9740169999999999,2.13149
0.984224,2.064115
0.994432,2.002866
1.004639,1.9468659999999998
1.014847,1.896116
1.025054,1.848866
1.035262,1.805116
1.04547,1.765742
1.055677,1.7281170000000001
1.065885,1.693992
1.076092,1.661617
1.0863,1.630992
1.096507,1.602992
1.106715,1.574992
1.1169229999999999,1.5504930000000001
1.12713,1.5277429999999999
1.137338,1.5032429999999999
1.147545,1.483118
1.157753,1.462993
1.1679599999999999,1.443743
1.1781679999999999,1.425368
1.1883759999999999,1.4069930000000002
1.198583,1.391243
1.208791,1.375493
1.218998,1.359743
1.229206,1.345744
1.2394129999999999,1.330869
1.2496209999999999,1.317744
1.2598289999999999,1.304619
1.270036,1.291494
1.280244,1.280994
1.290451,1.267869
1.300659,1.258244
1.3108659999999999,1.247744
1.3210739999999999,1.2363689999999998
1.331281,1.227619
1.341489,1.217119
1.351697,1.2074939999999998
1.361904,1.199619
1.372112,1.1899939999999998
1.3823189999999999,1.182119
1.3925269999999998,1.174244
1.402734,1.165494
1.412942,1.159369
1.42315,1.1506189999999998
1.433357,1.143619
1.443565,1.136619
1.4537719999999998,1.1296190000000002
1.4639799999999998,1.123494
1.474187,1.1164949999999998
1.484395,1.11037
1.494603,1.1051199999999999
1.50481,1.09812
1.494603,1.09287
1.484395,1.0867449999999999
1.474187,1.08062
1.4639799999999998,1.076245
1.4537719999999998,1.07012
1.443565,1.065745
1.433357,1.060495
1.42315,1.05437
1.412942,1.05087
1.402734,1.04562
1.3925269999999998,1.041245
1.3823189999999999,1.03687
1.372112,1.03162
1.361904,1.0281200000000001
1.351697,1.023745
1.341489,1.018495
1.331281,1.0158699999999998
1.3210739999999999,1.01062
1.3108659999999999,1.00712
1.300659,1.00362
1.290451,0.999245
1.280244,0.9966200000000001
1.270036,0.9922449999999999
1.2598289999999999,0.9887449999999999
1.2496209999999999,0.985245
1.2394129999999999,0.98087
1.229206,0.978245
1.218998,0.9738699999999999
1.208791,0.9712449999999999
1.198583,0.96862
1.1883759999999999,0.964245
1.1781679999999999,0.962495
1.1679599999999999,0.9589949999999999
1.157753,0.9554950000000001
1.147545,0.9537450000000001
1.137338,0.9493699999999999
1.12713,0.946745
1.1169229999999999,0.94412
1.106715,0.94062
1.096507,0.93887
1.0863,0.934495
1.076092,0.9327449999999999
1.065885,0.9301200000000001
1.055677,0.92662
1.04547,0.9257449999999999
1.035262,0.922245
1.025054,0.91962
1.014847,0.91787
1.004639,0.91437
0.994432,0.913495
0.984224,0.9099949999999999
0.9740169999999999,0.908245
0.9638089999999999,0.90562
0.9536009999999999,0.902995
0.943394,0.901246
0.933186,0.89862
0.922979,0.89687
0.912771,0.894246
0.9025639999999999,0.765621
0.8923559999999999,0.633497
0.8821479999999999,0.531122
0.871941,0.450623
0.861733,0.38937299999999997
0.851526,0.33862299999999995
0.841318,0.297498
0.8311109999999999,0.265123
0.8209029999999999,0.23624799999999999
0.8106949999999999,0.211749
0.800488,0.18899899999999997
0.79028,0.168874
0.780073,0.148749
0.7698649999999999,0.12906099999999998
0.7596579999999999,0.109812
0.74945,0.09099960000000001
0.739242,0.07262468000000001
0.729035,0.055562252000000006
0.718827,0.041124816
0.7086199999999999,0.028874872
0.6984119999999999,0.019468664000000004
0.688205,0.012468694
0.677997,0.006890594000000001
0.667789,0.0028437370000000003
0.657582,-0.026314284
0.647374,-0.031096662
0.6371669999999999,-0.033023054
0.6269589999999999,-0.033532652
0.616752,-0.033605452
0.606544,-0.035929444
0.596336,-0.036954236
0.586129,-0.036987836
0.575921,-0.038869428000000004
0.5657139999999999,-0.040426224000000004
0.5555059999999999,-0.041126216
0.545299,-0.042285416000000006
0.535091,-0.044116608
0.524883,-0.0453206
0.514676,-0.04633419600000001
0.504468,-0.04821018800000001
0.49426099999999995,-0.049699780000000006
0.48405299999999996,-0.051952896000000005
0.473846,-0.05742162000000001
0.463638,-0.06365596800000001
0.45343,-0.070984056
0.443223,-0.07918714400000001
0.433015,-0.08859336000000001
0.42280799999999996,-0.09953080800000001
0.41259999999999997,-0.11101499999999999
0.402393,-0.12578
0.392185,-0.142733
0.38197699999999996,-0.161764
0.37177,-0.18473299999999998
0.361562,-0.21142
0.351355,-0.242592
0.341147,-0.279451
0.33094,-0.323748
0.32073199999999996,-0.376904
0.310525,-0.439357
0.300317,-0.516466
0.290109,-0.609216
0.279902,-0.72034
0.269694,-0.857058
0.25948699999999997,-1.0223229999999999
0.249279,-1.2302440000000001
0.23907199999999998,-1.490993
0.22886399999999998,-1.815398
0.218656,-2.215052
0.208449,-2.7593
0.198241,-3.4706719999999995
0.18803399999999998,-4.44323
0.17782599999999998,-5.839722999999999
0.167619,-7.712215
0.157411,-9.990705
0.147203,-12.295444
0.136996,-14.069937
0.12678799999999998,-14.783934
0.11658099999999999,-13.940437
0.106373,-11.448449
0.096166048,-8.326462999999999
0.08595848,-5.857224
0.07575092,-4.41173
0.065543348,-3.667983
0.055335776,-3.2794849999999998
0.045128204000000005,-3.036236
0.034920632,-2.843737
0.024713064,-2.673988
0.014505494,-2.511238
0.004297924,-2.372989
-0.005909646,-2.2767389999999996
-0.016117215,-2.22074
-0.026324786000000003,-2.19099
-0.036532356,-2.16299
-0.046739924,-2.10349
-0.056947496,-2.005491
-0.067155064,-1.884741
-0.077362632,-1.774492
-0.08757020800000001,-1.6764919999999999
-0.09777777600000001,-1.599492
-0.107985,-1.538243
-0.11819199999999999,-1.483993
-0.1284,-1.434993
-0.13860799999999998,-1.387743
-0.148815,-1.345744
-0.159023,-1.305494
-0.16923,-1.266994
-0.179438,-1.2354939999999999
-0.18964499999999998,-1.202244
-0.199853,-1.168994
-0.18964499999999998,-1.065745
-0.179438,-1.004495
-0.16923,-0.9572449999999999
-0.159023,-0.915245
-0.148815,-0.878496
-0.13860799999999998,-0.846996
-0.1284,-0.8189960000000001
-0.11819199999999999,-0.792746
-0.107985,-0.769996
-0.09777777600000001,-0.747246
-0.08757020800000001,-0.7262460000000001
-0.077362632,-0.706996
-0.067155064,-0.6859959999999999
-0.056947496,-0.668497
-0.046739924,-0.647497
-0.036532356,-0.628247
-0.026324786000000003,-0.608997
-0.016117215,-0.587997
-0.005909646,-0.568747
0.004297924,-0.545997
0.014505494,-0.5232469999999999
0.024713064,-0.49524699999999994
0.034920632,-0.46374699999999996
0.045128204000000005,-0.423498
0.055335776,-0.37799799999999995
0.065543348,-0.332498
0.07575092,-0.283498
0.08595848,-0.23974800000000002
0.096166048,-0.201249
0.106373,-0.16537400000000002
0.11658099999999999,-0.13299899999999998
0.12678799999999998,-0.09887456800000001
0.136996,-0.057312244000000005
0.147203,-0.015312433
0.157411,0.0008749960000000001
0.167619,0.012249946000000001
0.17782599999999998,0.036312340000000005
0.18803399999999998,0.07262468000000001
0.198241,0.11943599999999999
0.208449,0.176311
0.218656,0.24084199999999997
0.22886399999999998,0.306029
0.23907199999999998,0.367498
0.249279,0.421091
0.25948699999999997,0.462872
0.269694,0.49131
0.279902,0.511872
0.290109,0.546653
0.300317,0.607903
0.310525,0.708309
0.32073199999999996,0.857933
0.33094,1.051089
0.341147,1.275306
0.351355,1.51243
0.361562,1.729648
0.37177,1.89896
0.38197699999999996,2.004834
0.392185,2.0479279999999997
0.402393,2.039616
0.41259999999999997,1.994991
0.42280799999999996,1.937678
0.433015,1.875991
0.443223,1.819116
0.45343,1.7762419999999999
0.463638,1.750429
0.473846,1.747367
0.48405299999999996,1.777992
0.49426099999999995,1.854991
0.504468,1.9844909999999998
0.514676,2.163865
0.524883,2.391364
0.535091,2.660863
0.545299,2.959236
0.5555059999999999,3.2663599999999997
0.5657139999999999,3.569546
0.575921,3.861357
0.586129,4.120356
0.596336,4.320729999999999
0.606544,4.456354999999999
0.616752,4.535978999999999
0.6269589999999999,4.576229
0.6371669999999999,4.560479
0.647374,4.466855
0.657582,4.33298
0.667789,4.196481
0.677997,4.082731
0.688205,3.9917320000000003
0.6984119999999999,3.9252320000000003
0.7086199999999999,3.8841069999999998
0.718827,3.862232
0.729035,3.8596070000000005
0.739242,3.875357
0.74945,3.911232
0.7596579999999999,3.966357
0.7698649999999999,4.034607
0.780073,4.108981
0.79028,4.1816059999999995
0.800488,4.2437309999999995
0.8106949999999999,4.291856
0.8209029999999999,4.32598
0.8311109999999999,4.347855
0.841318,4.36273
0.851526,4.37148
0.861733,4.200856
0.871941,3.684608
0.8821479999999999,3.3416099999999997
0.8923559999999999,3.079986
0.9025639999999999,2.869112
0.912771,2.6967369999999997
0.922979,2.550613
0.933186,2.425489
0.943394,2.3196139999999996
0.9536009999999999,2.223365
0.9638089999999999,2.141115
0.9740169999999999,2.06674
0.984224,1.998491
0.994432,1.9398659999999996
1.004639,1.883866
1.014847,1.833991
1.025054,1.7876169999999998
1.035262,1.7447419999999998
1.04547,1.706242
1.055677,1.669492
1.065885,1.635367
1.076092,1.604742
1.0863,1.574118
1.096507,1.546993
1.106715,1.520743
1.1169229999999999,1.4953679999999998
1.12713,1.473493
1.137338,1.4507430000000001
1.147545,1.429743
1.157753,1.411368
1.1679599999999999,1.392118
1.1781679999999999,1.3746180000000001
1.1883759999999999,1.357118
1.198583,1.341369
1.208791,1.327369
1.218998,1.3116189999999999
1.229206,1.298494
1.2394129999999999,1.284494
1.2496209999999999,1.271369
1.2598289999999999,1.259994
1.270036,1.246869
1.280244,1.2363689999999998
1.290451,1.224994
1.300659,1.213619
1.3108659999999999,1.204869
1.3210739999999999,1.194369
1.331281,1.184744
1.341489,1.175994
1.351697,1.166369
1.361904,1.159369
1.372112,1.1497439999999999
1.3823189999999999,1.141869
1.3925269999999998,1.13487
1.402734,1.126119
1.412942,1.1199949999999999
1.42315,1.112995
1.433357,1.1051199999999999
1.443565,1.0998700000000001
1.4537719999999998,1.091995
1.4639799999999998,1.0867449999999999
1.474187,1.08062
1.484395,1.0736199999999998
1.494603,1.069245
1.50481,1.0622449999999999
1.494603,1.0569950000000001
1.484395,1.051745
1.474187,1.04562
1.4639799999999998,1.0421200000000002
1.4537719999999998,1.035995
1.443565,1.0307449999999998
1.433357,1.027245
1.42315,1.02112
1.412942,1.01762
1.402734,1.01237
1.3925269999999998,1.007995
1.3823189999999999,1.004495
1.372112,0.9983700000000001
1.361904,0.995745
1.351697,0.99137
1.341489,0.9869949999999998
1.331281,0.983495
1.3210739999999999,0.97912
1.3108659999999999,0.9756199999999999
1.300659,0.9721199999999999
1.290451,0.9677450000000001
1.280244,0.96512
1.270036,0.960745
1.2598289999999999,0.9572449999999999
1.2496209999999999,0.95462
1.2394129999999999,0.950245
1.229206,0.9476199999999999
1.218998,0.94412
1.208791,0.94062
1.198583,0.93887
1.1883759999999999,0.934495
1.1781679999999999,0.93187
1.1679599999999999,0.929245
1.157753,0.9257449999999999
1.147545,0.9239949999999999
1.137338,0.91962
1.12713,0.91787
1.1169229999999999,0.915245
1.106715,0.9117449999999999
1.096507,0.9099949999999999
1.0863,0.9064949999999999
1.076092,0.90387
1.065885,0.90212
1.055677,0.89862
1.04547,0.89687
1.035262,0.894246
1.025054,0.891621
1.014847,0.889871
1.004639,0.8863709999999999
0.994432,0.884621
0.984224,0.882871
0.9740169999999999,0.8793709999999999
0.9638089999999999,0.878496
0.9536009999999999,0.874996
0.943394,0.8741209999999999
0.933186,0.8723709999999999
0.922979,0.868871
0.912771,0.827746
0.9025639999999999,0.671997
0.8923559999999999,0.551247
0.8821479999999999,0.45587199999999994
0.871941,0.380623
0.861733,0.322873
0.851526,0.275623
0.841318,0.237998
0.8311109999999999,0.208249
0.8209029999999999,0.183749
0.8106949999999999,0.161874
0.800488,0.14349900000000002
0.79028,0.127749
0.780073,0.111999
0.7698649999999999,0.09712456800000001
0.7596579999999999,0.083124632
0.74945,0.06912468800000002
0.739242,0.055562252000000006
0.729035,0.043312308
0.718827,0.032593606000000004
0.7086199999999999,0.023187396000000002
0.6984119999999999,0.015640556
0.688205,0.009843706
0.677997,0.005031227
0.667789,-0.025362288
0.657582,-0.030206268000000005
0.647374,-0.031415862
0.6371669999999999,-0.033375852
0.6269589999999999,-0.033902252
0.616752,-0.033907848
0.606544,-0.036215040000000004
0.596336,-0.037234236000000004
0.586129,-0.037245436
0.575921,-0.039205428
0.5657139999999999,-0.040667024
0.5555059999999999,-0.041361416000000005
0.545299,-0.042548612
0.535091,-0.044323804
0.524883,-0.045578200000000006
0.514676,-0.04659179200000001
0.504468,-0.048439788
0.49426099999999995,-0.04992938
0.48405299999999996,-0.05249976800000001
0.473846,-0.058187244
0.463638,-0.06464034
0.45343,-0.07174968000000001
0.443223,-0.08006214400000002
0.433015,-0.08968709600000001
0.42280799999999996,-0.100405
0.41259999999999997,-0.11243600000000001
0.402393,-0.12709299999999998
0.392185,-0.144155
0.38197699999999996,-0.163296
0.37177,-0.18648299999999998
0.361562,-0.213608
0.351355,-0.244889
0.341147,-0.281967
0.33094,-0.326701
0.32073199999999996,-0.380185
0.310525,-0.443185
0.300317,-0.5209499999999999
0.290109,-0.614684
0.279902,-0.726684
0.269694,-0.8644959999999999
0.25948699999999997,-1.030854
0.249279,-1.2409629999999998
0.23907199999999998,-1.50368
0.22886399999999998,-1.83071
0.218656,-2.232552
0.208449,-2.788175
0.198241,-3.517921
0.18803399999999998,-4.522417
0.17782599999999998,-5.9867230000000005
0.167619,-7.940589
0.157411,-10.291703
0.147203,-12.631444
0.136996,-14.388435
0.12678799999999998,-15.020183
0.11658099999999999,-14.006936999999999
0.106373,-11.338199
0.096166048,-8.140963
0.08595848,-5.724224
0.07575092,-4.34873
0.065543348,-3.641733
0.055335776,-3.268985
0.045128204000000005,-3.029236
0.034920632,-2.8314869999999996
0.024713064,-2.6599880000000002
0.014505494,-2.5007379999999997
0.004297924,-2.3694889999999997
-0.005909646,-2.280239
-0.016117215,-2.2312399999999997
-0.026324786000000003,-2.20674
-0.036532356,-2.1734899999999997
-0.046739924,-2.10874
-0.056947496,-2.001991
-0.067155064,-1.879491
-0.077362632,-1.769242
-0.08757020800000001,-1.674742
-0.09777777600000001,-1.597742
-0.107985,-1.538243
-0.11819199999999999,-1.485743
-0.1284,-1.436743
-0.13860799999999998,-1.387743
-0.148815,-1.347494
-0.159023,-1.305494
-0.16923,-1.2687439999999999
-0.179438,-1.233744
-0.18964499999999998,-1.202244
-0.199853,-1.167244
-0.18964499999999998,-1.069245
-0.179438,-1.0097450000000001
-0.16923,-0.962495
-0.159023,-0.920495
-0.148815,-0.8854960000000001
-0.13860799999999998,-0.855746
-0.1284,-0.825996
-0.11819199999999999,-0.799746
-0.107985,-0.776996
-0.09777777600000001,-0.754246
-0.08757020800000001,-0.731496
-0.077362632,-0.713996
-0.067155064,-0.694746
-0.056947496,-0.6754969999999999
-0.046739924,-0.656247
-0.036532356,-0.635247
-0.026324786000000003,-0.6177469999999999
-0.016117215,-0.5949969999999999
-0.005909646,-0.577497
0.004297924,-0.554747
0.014505494,-0.5319969999999999
0.024713064,-0.503997
0.034920632,-0.472497
0.045128204000000005,-0.430498
0.055335776,-0.386748
0.065543348,-0.337748
0.07575092,-0.29049800000000003
0.08595848,-0.24324800000000002
0.096166048,-0.205624
0.106373,-0.172374
0.11658099999999999,-0.141749
0.12678799999999998,-0.11549899999999999
0.136996,-0.08618711200000001
0.147203,-0.05249976800000001
0.157411,-0.033249852
0.167619,-0.019687412
0.17782599999999998,-0.0006562470000000001
0.18803399999999998,0.026468634
0.198241,0.06015598400000001
0.208449,0.098765184
0.218656,0.146124
0.22886399999999998,0.198295
0.23907199999999998,0.253201
0.249279,0.309529
0.25948699999999997,0.362248
0.269694,0.412998
0.279902,0.468451
0.290109,0.539435
0.300317,0.63295
0.310525,0.757527
0.32073199999999996,0.924542
0.33094,1.121963
0.341147,1.352962
0.351355,1.584399
0.361562,1.788492
0.37177,1.939647
0.38197699999999996,2.026053
0.392185,2.058865
0.402393,2.043115
0.41259999999999997,1.9932409999999998
0.42280799999999996,1.9324279999999998
0.433015,1.868554
0.443223,1.808616
0.45343,1.7635539999999998
0.463638,1.735554
0.473846,1.730742
0.48405299999999996,1.7600539999999998
0.49426099999999995,1.837054
0.504468,1.970928
0.514676,2.157302
0.524883,2.395301
0.535091,2.679675
0.545299,2.995986
0.5555059999999999,3.32411
0.5657139999999999,3.6487329999999996
0.575921,3.963294
0.586129,4.247230999999999
0.596336,4.466855
0.606544,4.615603999999999
0.616752,4.699604
0.6269589999999999,4.738104
0.6371669999999999,4.716228
0.647374,4.599854
0.657582,4.43098
0.667789,4.258606
0.677997,4.112481
0.688205,3.997857
0.6984119999999999,3.911232
0.7086199999999999,3.8534819999999996
0.718827,3.8167320000000005
0.729035,3.8001080000000003
0.739242,3.8001080000000003
0.74945,3.817608
0.7596579999999999,3.8526070000000003
0.7698649999999999,3.9007319999999996
0.780073,3.9567319999999997
0.79028,4.013605999999999
0.800488,4.066982
0.8106949999999999,4.109856
0.8209029999999999,4.142231
0.8311109999999999,4.161480999999999
0.841318,4.172856
0.851526,4.171105999999999
0.861733,4.157106
0.871941,3.699483
0.8821479999999999,3.2987349999999998
0.8923559999999999,3.014361
0.9025639999999999,2.792987
0.912771,2.6162379999999996
0.922979,2.470113
0.933186,2.3441140000000003
0.943394,2.23824
0.9536009999999999,2.14374
0.9638089999999999,2.0614899999999996
0.9740169999999999,1.988866
0.984224,1.922366
0.994432,1.8637409999999999
1.004639,1.810366
1.014847,1.761367
1.025054,1.717617
1.035262,1.674742
1.04547,1.637117
1.055677,1.602992
1.065885,1.5697429999999999
1.076092,1.540868
1.0863,1.511118
1.096507,1.4848679999999999
1.106715,1.4603679999999999
1.1169229999999999,1.4358680000000001
1.12713,1.414868
1.137338,1.393868
1.147545,1.3746180000000001
1.157753,1.3562429999999999
1.1679599999999999,1.337869
1.1781679999999999,1.3221189999999998
1.1883759999999999,1.306369
1.198583,1.2906190000000002
1.208791,1.277494
1.218998,1.262619
1.229206,1.2494939999999999
1.2394129999999999,1.237244
1.2496209999999999,1.224994
1.2598289999999999,1.214494
1.270036,1.202244
1.280244,1.190869
1.290451,1.182119
1.300659,1.171619
1.3108659999999999,1.162869
1.3210739999999999,1.153244
1.331281,1.143619
1.341489,1.136619
1.351697,1.126995
1.361904,1.12087
1.372112,1.11212
1.3823189999999999,1.104245
1.3925269999999998,1.09812
1.402734,1.090245
1.412942,1.083245
1.42315,1.0771199999999999
1.433357,1.07012
1.443565,1.06487
1.4537719999999998,1.0578699999999999
1.4639799999999998,1.051745
1.474187,1.046495
1.484395,1.04037
1.494603,1.03512
1.50481,1.0298699999999998
1.494603,1.02462
1.484395,1.020245
1.474187,1.0141200000000001
1.4639799999999998,1.0097450000000001
1.4537719999999998,1.0053699999999999
1.443565,1.00012
1.433357,0.9966200000000001
1.42315,0.99137
1.412942,0.9869949999999998
1.402734,0.983495
1.3925269999999998,0.978245
1.3823189999999999,0.974745
1.372112,0.9703700000000001
1.361904,0.965995
1.351697,0.96337
1.341489,0.9589949999999999
1.331281,0.9554950000000001
1.3210739999999999,0.951995
1.3108659999999999,0.9476199999999999
1.300659,0.9458699999999999
1.290451,0.94062
1.280244,0.937995
1.270036,0.934495
1.2598289999999999,0.930995
1.2496209999999999,0.92837
1.2394129999999999,0.92487
1.229206,0.92137
1.218998,0.91962
1.208791,0.915245
1.198583,0.913495
1.1883759999999999,0.9099949999999999
1.1781679999999999,0.90737
1.1679599999999999,0.904745
1.157753,0.90037
1.147545,0.899495
1.137338,0.89687
1.12713,0.8924960000000001
1.1169229999999999,0.891621
1.106715,0.8881209999999999
1.096507,0.8854960000000001
1.0863,0.883746
1.076092,0.880246
1.065885,0.878496
1.055677,0.874996
1.04547,0.873246
1.035262,0.8714959999999999
1.025054,0.868871
1.014847,0.8671209999999999
1.004639,0.8644959999999999
0.994432,0.861871
0.984224,0.860996
0.9740169999999999,0.8574959999999999
0.9638089999999999,0.8566210000000001
0.9536009999999999,0.853996
0.943394,0.851371
0.933186,0.8504959999999999
0.922979,0.846996
0.912771,0.744621
0.9025639999999999,0.601997
0.8923559999999999,0.489122
0.8821479999999999,0.399873
0.871941,0.329873
0.861733,0.273873
0.851526,0.230123
0.841318,0.195124
0.8311109999999999,0.167124
0.8209029999999999,0.14524900000000002
0.8106949999999999,0.125999
0.800488,0.111124
0.79028,0.097562064
0.780073,0.08531212
0.7698649999999999,0.07393717600000001
0.7596579999999999,0.06343722
0.74945,0.05315601200000001
0.739242,0.043312308
0.729035,0.034124848
0.718827,0.025812384000000004
0.7086199999999999,0.018484294000000002
0.6984119999999999,0.012468694
0.688205,0.00776559
0.677997,-0.023855894000000002
0.667789,-0.030396668000000005
0.657582,-0.030475066000000002
0.647374,-0.031763058000000004
0.6371669999999999,-0.033616652000000004
0.6269589999999999,-0.034176648000000004
0.616752,-0.034148648000000004
0.606544,-0.03642784
0.596336,-0.037475032
0.586129,-0.037458236000000006
0.575921,-0.039401424000000004
0.5657139999999999,-0.04088542
0.5555059999999999,-0.041546216000000004
0.545299,-0.042783812
0.535091,-0.044519804
0.524883,-0.045757400000000004
0.514676,-0.046810192
0.504468,-0.048590988
0.49426099999999995,-0.05008618000000001
0.48405299999999996,-0.05315601200000001
0.473846,-0.058843488000000006
0.463638,-0.06540596000000001
0.45343,-0.07240592800000001
0.443223,-0.08082776800000001
0.433015,-0.09056209600000001
0.42280799999999996,-0.10139
0.41259999999999997,-0.113311
0.402393,-0.127968
0.392185,-0.145358
0.38197699999999996,-0.16460799999999998
0.37177,-0.187577
0.361562,-0.21503
0.351355,-0.246311
0.341147,-0.283498
0.33094,-0.32867
0.32073199999999996,-0.381935
0.310525,-0.44559099999999996
0.300317,-0.523138
0.290109,-0.616981
0.279902,-0.729856
0.269694,-0.8676679999999999
0.25948699999999997,-1.034792
0.249279,-1.245338
0.23907199999999998,-1.5078369999999999
0.22886399999999998,-1.836398
0.218656,-2.240208
0.208449,-2.80305
0.198241,-3.549859
0.18803399999999998,-4.580604
0.17782599999999998,-6.102222
0.167619,-8.119088
0.157411,-10.522703
0.147203,-12.881692000000001
0.136996,-14.626435
0.12678799999999998,-15.210931
0.11658099999999999,-14.073436
0.106373,-11.276950000000001
0.096166048,-8.035964
0.08595848,-5.643724
0.07575092,-4.30673
0.065543348,-3.622483
0.055335776,-3.258485
0.045128204000000005,-3.018736
0.034920632,-2.819237
0.024713064,-2.645988
0.014505494,-2.4884880000000003
0.004297924,-2.360739
-0.005909646,-2.278489
-0.016117215,-2.2329899999999996
-0.026324786000000003,-2.20849
-0.036532356,-2.1752399999999996
-0.046739924,-2.10349
-0.056947496,-1.9932409999999998
-0.067155064,-1.870741
-0.077362632,-1.756992
-0.08757020800000001,-1.665992
-0.09777777600000001,-1.588992
-0.107985,-1.529493
-0.11819199999999999,-1.4787430000000001
-0.1284,-1.429743
-0.13860799999999998,-1.3807429999999998
-0.148815,-1.338744
-0.159023,-1.296744
-0.16923,-1.259994
-0.179438,-1.224994
-0.18964499999999998,-1.191744
-0.199853,-1.160244
-0.18964499999999998,-1.0622449999999999
-0.179438,-1.004495
-0.16923,-0.9572449999999999
-0.159023,-0.9187449999999999
-0.148815,-0.883746
-0.13860799999999998,-0.853996
-0.1284,-0.824246
-0.11819199999999999,-0.797996
-0.107985,-0.775246
-0.09777777600000001,-0.7524959999999999
-0.08757020800000001,-0.731496
-0.077362632,-0.713996
-0.067155064,-0.694746
-0.056947496,-0.6754969999999999
-0.046739924,-0.656247
-0.036532356,-0.636997
-0.026324786000000003,-0.6177469999999999
-0.016117215,-0.5967469999999999
-0.005909646,-0.575747
0.004297924,-0.554747
0.014505494,-0.5319969999999999
0.024713064,-0.503997
0.034920632,-0.472497
0.045128204000000005,-0.43224799999999997
0.055335776,-0.386748
0.065543348,-0.337748
0.07575092,-0.28699800000000003
0.08595848,-0.241498
0.096166048,-0.201249
0.106373,-0.168874
0.11658099999999999,-0.139999
0.12678799999999998,-0.11549899999999999
0.136996,-0.092312088
0.147203,-0.06693720400000001
0.157411,-0.046812292000000005
0.167619,-0.030187366
0.17782599999999998,-0.011156200000000002
0.18803399999999998,0.012468694
0.198241,0.041343564000000006
0.208449,0.072296552
0.218656,0.10992099999999999
0.22886399999999998,0.152358
0.23907199999999998,0.198624
0.249279,0.249811
0.25948699999999997,0.300014
0.269694,0.35131
0.279902,0.411248
0.290109,0.491857
0.300317,0.6030909999999999
0.310525,0.7547929999999999
0.32073199999999996,0.954948
0.33094,1.176869
0.341147,1.436087
0.351355,1.675398
0.361562,1.872272
0.37177,2.004616
0.38197699999999996,2.0693650000000003
0.392185,2.083803
0.402393,2.05449
0.41259999999999997,1.9963030000000002
0.42280799999999996,1.9302409999999999
0.433015,1.8633039999999998
0.443223,1.801179
0.45343,1.753492
0.463638,1.723742
0.473846,1.716742
0.48405299999999996,1.7447419999999998
0.49426099999999995,1.822616
0.504468,1.959116
0.514676,2.15249
0.524883,2.401426
0.535091,2.7019879999999996
0.545299,3.037111
0.5555059999999999,3.382297
0.5657139999999999,3.7252949999999996
0.575921,4.0577939999999995
0.586129,4.3644799999999995
0.596336,4.605104
0.606544,4.766978
0.616752,4.8571029999999995
0.6269589999999999,4.896478
0.6371669999999999,4.869353
0.647374,4.731103999999999
0.657582,4.526355
0.667789,4.3198550000000004
0.677997,4.144856
0.688205,4.009232
0.6984119999999999,3.905107
0.7086199999999999,3.832482
0.718827,3.7843579999999997
0.729035,3.753733
0.739242,3.740608
0.74945,3.744108
0.7596579999999999,3.761608
0.7698649999999999,3.791358
0.780073,3.828982
0.79028,3.8692320000000002
0.800488,3.9068569999999996
0.8106949999999999,3.9392319999999996
0.8209029999999999,3.9619820000000003
0.8311109999999999,3.9724819999999994
0.841318,3.971607
0.851526,3.957607
0.861733,3.934857
0.871941,3.699483
0.8821479999999999,3.256735
0.8923559999999999,2.960986
0.9025639999999999,2.736987
0.912771,2.557613
0.922979,2.410614
0.933186,2.284614
0.943394,2.17874
0.9536009999999999,2.0859900000000002
0.9638089999999999,2.0037399999999996
0.9740169999999999,1.932866
0.984224,1.8681159999999999
0.994432,1.810366
1.004639,1.7587419999999998
1.014847,1.709742
1.025054,1.666867
1.035262,1.626617
1.04547,1.589867
1.055677,1.557493
1.065885,1.5242429999999998
1.076092,1.496243
1.0863,1.468243
1.096507,1.4419929999999999
1.106715,1.420118
1.1169229999999999,1.396493
1.12713,1.375493
1.137338,1.3562429999999999
1.147545,1.336994
1.157753,1.3212439999999999
1.1679599999999999,1.303744
1.1781679999999999,1.287994
1.1883759999999999,1.273994
1.198583,1.258244
1.208791,1.245994
1.218998,1.231994
1.229206,1.218869
1.2394129999999999,1.208369
1.2496209999999999,1.196119
1.2598289999999999,1.185619
1.270036,1.175119
1.280244,1.163744
1.290451,1.154994
1.300659,1.145369
1.3108659999999999,1.136619
1.3210739999999999,1.128745
1.331281,1.11912
1.341489,1.11212
1.351697,1.10337
1.361904,1.095495
1.372112,1.08937
1.3823189999999999,1.08062
1.3925269999999998,1.074495
1.402734,1.067495
1.412942,1.060495
1.42315,1.055245
1.433357,1.04912
1.443565,1.0429950000000001
1.4537719999999998,1.03687
1.4639799999999998,1.0307449999999998
1.474187,1.02637
1.484395,1.020245
1.494603,1.0149949999999999
1.50481,1.01062
1.494603,1.004495
1.484395,1.00012
1.474187,0.995745
1.4639799999999998,0.9904949999999999
1.4537719999999998,0.9869949999999998
1.443565,0.98087
1.433357,0.97737
1.42315,0.9738699999999999
1.412942,0.96862
1.402734,0.96512
1.3925269999999998,0.9598699999999999
1.3823189999999999,0.9572449999999999
1.372112,0.9537450000000001
1.361904,0.948495
1.351697,0.9458699999999999
1.341489,0.941495
1.331281,0.937995
1.3210739999999999,0.93537
1.3108659999999999,0.930995
1.300659,0.92837
1.290451,0.92487
1.280244,0.92137
1.270036,0.9187449999999999
1.2598289999999999,0.915245
1.2496209999999999,0.91262
1.2394129999999999,0.9099949999999999
1.229206,0.90562
1.218998,0.90387
1.208791,0.90037
1.198583,0.897745
1.1883759999999999,0.8951209999999999
1.1781679999999999,0.891621
1.1679599999999999,0.890746
1.157753,0.8863709999999999
1.147545,0.883746
1.137338,0.881996
1.12713,0.878496
1.1169229999999999,0.875871
1.106715,0.8741209999999999
1.096507,0.8714959999999999
1.0863,0.869746
1.076092,0.866246
1.065885,0.8644959999999999
1.055677,0.862746
1.04547,0.860121
1.035262,0.858371
1.025054,0.854871
1.014847,0.853121
1.004639,0.851371
0.994432,0.848746
0.984224,0.847871
0.9740169999999999,0.8452459999999999
0.9638089999999999,0.842621
0.9536009999999999,0.840871
0.943394,0.8382459999999999
0.933186,0.837371
0.922979,0.834746
0.912771,0.695621
0.9025639999999999,0.5608719999999999
0.8923559999999999,0.45412199999999997
0.8821479999999999,0.369248
0.871941,0.300998
0.861733,0.247623
0.851526,0.205624
0.841318,0.17149899999999998
0.8311109999999999,0.14524900000000002
0.8209029999999999,0.12424899999999998
0.8106949999999999,0.107624
0.800488,0.093187088
0.79028,0.08093714400000002
0.780073,0.069999688
0.7698649999999999,0.06103097600000001
0.7596579999999999,0.052281016
0.74945,0.043749808
0.739242,0.035874840000000005
0.729035,0.028437374
0.718827,0.021437404
0.7086199999999999,0.015421807000000003
0.6984119999999999,0.01017183
0.688205,-0.021727904
0.677997,-0.028968672
0.667789,-0.030637464
0.657582,-0.030710266
0.647374,-0.03197586
0.6371669999999999,-0.033829452
0.6269589999999999,-0.034344648
0.616752,-0.034355848
0.606544,-0.03658464
0.596336,-0.037654236
0.586129,-0.03759823600000001
0.575921,-0.039535828
0.5657139999999999,-0.04101982
0.5555059999999999,-0.041686216000000005
0.545299,-0.04292941200000001
0.535091,-0.044631804000000004
0.524883,-0.045874996
0.514676,-0.046938992000000006
0.504468,-0.04872538800000001
0.49426099999999995,-0.050231780000000004
0.48405299999999996,-0.05381226
0.473846,-0.059062236000000004
0.463638,-0.06595283600000001
0.45343,-0.072843432
0.443223,-0.08126526400000002
0.433015,-0.09110897600000001
0.42280799999999996,-0.101827
0.41259999999999997,-0.114077
0.402393,-0.128733
0.392185,-0.146014
0.38197699999999996,-0.165483
0.37177,-0.18856099999999998
0.361562,-0.21601399999999998
0.351355,-0.24751399999999998
0.341147,-0.284701
0.33094,-0.330092
0.32073199999999996,-0.383467
0.310525,-0.447341
0.300317,-0.525325
0.290109,-0.61895
0.279902,-0.7324809999999999
0.269694,-0.8705109999999999
0.25948699999999997,-1.037526
0.249279,-1.249056
0.23907199999999998,-1.511555
0.22886399999999998,-1.841648
0.218656,-2.246989
0.208449,-2.815299
0.198241,-3.576546
0.18803399999999998,-4.630479
0.17782599999999998,-6.196721999999999
0.167619,-8.259962
0.157411,-10.701202
0.147203,-13.070691
0.136996,-14.804934
0.12678799999999998,-15.350932
0.11658099999999999,-14.115437
0.106373,-11.210448999999999
0.096166048,-7.948464
0.08595848,-5.585974
0.07575092,-4.280481
0.065543348,-3.611983
0.055335776,-3.258485
0.045128204000000005,-3.0204859999999996
0.034920632,-2.813987
0.024713064,-2.6389880000000003
0.014505494,-2.484988
0.004297924,-2.362489
-0.005909646,-2.281989
-0.016117215,-2.2399899999999997
-0.026324786000000003,-2.21549
-0.036532356,-2.18399
-0.046739924,-2.10699
-0.056947496,-1.994991
-0.067155064,-1.868991
-0.077362632,-1.756992
-0.08757020800000001,-1.6624919999999999
-0.09777777600000001,-1.588992
-0.107985,-1.529493
-0.11819199999999999,-1.480493
-0.1284,-1.4279929999999998
-0.13860799999999998,-1.3789930000000001
-0.148815,-1.336994
-0.159023,-1.291494
-0.16923,-1.256494
-0.179438,-1.2214939999999999
-0.18964499999999998,-1.186494
-0.199853,-1.154994
-0.18964499999999998,-1.0569950000000001
-0.179438,-1.0009949999999999
-0.16923,-0.9554950000000001
-0.159023,-0.9169949999999999
-0.148815,-0.881996
-0.13860799999999998,-0.853996
-0.1284,-0.825996
-0.11819199999999999,-0.797996
-0.107985,-0.773496
-0.09777777600000001,-0.7524959999999999
-0.08757020800000001,-0.731496
-0.077362632,-0.713996
-0.067155064,-0.694746
-0.056947496,-0.6754969999999999
-0.046739924,-0.656247
-0.036532356,-0.636997
-0.026324786000000003,-0.6177469999999999
-0.016117215,-0.5967469999999999
-0.005909646,-0.575747
0.004297924,-0.554747
0.014505494,-0.5302469999999999
0.024713064,-0.503997
0.034920632,-0.472497
0.045128204000000005,-0.430498
0.055335776,-0.383248
0.065543348,-0.334248
0.07575092,-0.285248
0.08595848,-0.237998
0.096166048,-0.196874
0.106373,-0.16362400000000002
0.11658099999999999,-0.135624
0.12678799999999998,-0.111999
0.136996,-0.091874592
0.147203,-0.070874688
0.157411,-0.05206226800000001
0.167619,-0.03456234400000001
0.17782599999999998,-0.015093683
0.18803399999999998,0.006999969000000001
0.198241,0.033249852
0.208449,0.06081222800000001
0.218656,0.09362458400000001
0.22886399999999998,0.130155
0.23907199999999998,0.16974899999999998
0.249279,0.21579500000000001
0.25948699999999997,0.263483
0.269694,0.313139
0.279902,0.374388
0.290109,0.457841
0.300317,0.576075
0.310525,0.740356
0.32073199999999996,0.9588860000000001
0.33094,1.214275
0.341147,1.487712
0.351355,1.7443039999999999
0.361562,1.9453350000000003
0.37177,2.065865
0.38197699999999996,2.120115
0.392185,2.1188029999999998
0.402393,2.075053
0.41259999999999997,2.006366
0.42280799999999996,1.933741
0.433015,1.861554
0.443223,1.7959289999999999
0.45343,1.745617
0.463638,1.714117
0.473846,1.7058039999999999
0.48405299999999996,1.7333669999999999
0.49426099999999995,1.812116
0.504468,1.9529910000000001
0.514676,2.1542399999999997
0.524883,2.4141139999999996
0.535091,2.730425
0.545299,3.082611
0.5555059999999999,3.443547
0.5657139999999999,3.802295
0.575921,4.1518559999999995
0.586129,4.47823
0.596336,4.737229
0.606544,4.9104779999999995
0.616752,5.005852
0.6269589999999999,5.046101999999999
0.6371669999999999,5.011977
0.647374,4.8536030000000006
0.657582,4.612979
0.667789,4.374104999999999
0.677997,4.174606
0.688205,4.017982
0.6984119999999999,3.901607
0.7086199999999999,3.8167320000000005
0.718827,3.7563579999999996
0.729035,3.716108
0.739242,3.693358
0.74945,3.6837329999999997
0.7596579999999999,3.688108
0.7698649999999999,3.703858
0.780073,3.725733
0.79028,3.751983
0.800488,3.7773579999999995
0.8106949999999999,3.7974829999999997
0.8209029999999999,3.8106079999999998
0.8311109999999999,3.813233
0.841318,3.8062329999999998
0.851526,3.790483
0.861733,3.770358
0.871941,3.703858
0.8821479999999999,3.23136
0.8923559999999999,2.9268609999999997
0.9025639999999999,2.700237
0.912771,2.517363
0.922979,2.370364
0.933186,2.246114
0.943394,2.1393649999999997
0.9536009999999999,2.048365
0.9638089999999999,1.966991
0.9740169999999999,1.896116
0.984224,1.833116
0.994432,1.774492
1.004639,1.724617
1.014847,1.677367
1.025054,1.635367
1.035262,1.596867
1.04547,1.560118
1.055677,1.528618
1.065885,1.497118
1.076092,1.469118
1.0863,1.443743
1.096507,1.417493
1.106715,1.3947429999999998
1.1169229999999999,1.372868
1.12713,1.3518679999999998
1.137338,1.334369
1.147545,1.315994
1.157753,1.299369
1.1679599999999999,1.2827439999999999
1.1781679999999999,1.266994
1.1883759999999999,1.253869
1.198583,1.238994
1.208791,1.2258689999999999
1.218998,1.213619
1.229206,1.2013690000000001
1.2394129999999999,1.1899939999999998
1.2496209999999999,1.1786189999999999
1.2598289999999999,1.168119
1.270036,1.1584940000000001
1.280244,1.147994
1.290451,1.138369
1.300659,1.1296190000000002
1.3108659999999999,1.12087
1.3210739999999999,1.112995
1.331281,1.104245
1.341489,1.09637
1.351697,1.08937
1.361904,1.08062
1.372112,1.074495
1.3823189999999999,1.06662
1.3925269999999998,1.060495
1.402734,1.05437
1.412942,1.04737
1.42315,1.0421200000000002
1.433357,1.035995
1.443565,1.0298699999999998
1.4537719999999998,1.02462
1.4639799999999998,1.01762
1.474187,1.0132450000000002
1.484395,1.007995
1.494603,1.002745
1.50481,0.9983700000000001
1.494603,0.99312
1.484395,0.9887449999999999
1.474187,0.9843700000000001
1.4639799999999998,0.97912
1.4537719999999998,0.974745
1.443565,0.9703700000000001
1.433357,0.965995
1.42315,0.962495
1.412942,0.9572449999999999
1.402734,0.9537450000000001
1.3925269999999998,0.950245
1.3823189999999999,0.9458699999999999
1.372112,0.943245
1.361904,0.937995
1.351697,0.93537
1.341489,0.93187
1.331281,0.927495
1.3210739999999999,0.9257449999999999
1.3108659999999999,0.92137
1.300659,0.91787
1.290451,0.915245
1.280244,0.91087
1.270036,0.90912
1.2598289999999999,0.90562
1.2496209999999999,0.90212
1.2394129999999999,0.90037
1.229206,0.895996
1.218998,0.894246
1.208791,0.890746
1.198583,0.887246
1.1883759999999999,0.8863709999999999
1.1781679999999999,0.882871
1.1679599999999999,0.880246
1.157753,0.877621
1.147545,0.8741209999999999
1.137338,0.8723709999999999
1.12713,0.869746
1.1169229999999999,0.8671209999999999
1.106715,0.865371
1.096507,0.861871
1.0863,0.860996
1.076092,0.858371
1.065885,0.855746
1.055677,0.853996
1.04547,0.8504959999999999
1.035262,0.848746
1.025054,0.846996
1.014847,0.844371
1.004639,0.8434959999999999
0.994432,0.839996
0.984224,0.8382459999999999
0.9740169999999999,0.8364959999999999
0.9638089999999999,0.833871
0.9536009999999999,0.832996
0.943394,0.830371
0.933186,0.8286209999999999
0.922979,0.826871
0.912771,0.6667470000000001
0.9025639999999999,0.538122
0.8923559999999999,0.434873
0.8821479999999999,0.351748
0.871941,0.285248
0.861733,0.23274799999999998
0.851526,0.19074899999999997
0.841318,0.159249
0.8311109999999999,0.13299899999999998
0.8209029999999999,0.111999
0.8106949999999999,0.09624956800000001
0.800488,0.08268712800000001
0.79028,0.071312184
0.780073,0.061249732
0.7698649999999999,0.052718516
0.7596579999999999,0.045281048000000004
0.74945,0.03784358
0.739242,0.030843614000000005
0.729035,0.024390516
0.718827,0.018484294000000002
0.7086199999999999,0.013453065
0.6984119999999999,0.008859336
0.688205,-0.022371902000000003
0.677997,-0.029287872000000003
0.667789,-0.030883866000000003
0.657582,-0.030844664
0.647374,-0.032121460000000004
0.6371669999999999,-0.033907848
0.6269589999999999,-0.034434248
0.616752,-0.034490248
0.606544,-0.03664064
0.596336,-0.037760632
0.586129,-0.037715832000000005
0.575921,-0.039631024
0.5657139999999999,-0.041120620000000004
0.5555059999999999,-0.041787016
0.545299,-0.043007808
0.535091,-0.044721404000000006
0.524883,-0.045947796000000006
0.514676,-0.047067792000000004
0.504468,-0.048764588000000005
0.49426099999999995,-0.05027098
0.48405299999999996,-0.05414038400000001
0.473846,-0.05939036000000001
0.463638,-0.066171584
0.45343,-0.073390296
0.443223,-0.08137464
0.433015,-0.09143709600000001
0.42280799999999996,-0.102265
0.41259999999999997,-0.114515
0.402393,-0.12939
0.392185,-0.146452
0.38197699999999996,-0.166139
0.37177,-0.189217
0.361562,-0.216889
0.351355,-0.24849799999999997
0.341147,-0.285686
0.33094,-0.331186
0.32073199999999996,-0.38467
0.310525,-0.44854399999999994
0.300317,-0.526857
0.290109,-0.620919
0.279902,-0.7347769999999999
0.269694,-0.8729169999999999
0.25948699999999997,-1.039932
0.249279,-1.2519
0.23907199999999998,-1.514618
0.22886399999999998,-1.8451469999999999
0.218656,-2.2524580000000003
0.208449,-2.8253619999999997
0.198241,-3.597546
0.18803399999999998,-4.667229
0.17782599999999998,-6.266722
0.167619,-8.364962
0.157411,-10.832452
0.147203,-13.210690999999999
0.136996,-14.944933
0.12678799999999998,-15.46293
0.11658099999999999,-14.167936000000001
0.106373,-11.19295
0.096166048,-7.8924650000000005
0.08595848,-5.550975
0.07575092,-4.26298
0.065543348,-3.611983
0.055335776,-3.261985
0.045128204000000005,-3.023986
0.034920632,-2.813987
0.024713064,-2.6389880000000003
0.014505494,-2.484988
0.004297924,-2.365989
-0.005909646,-2.2854889999999997
-0.016117215,-2.246989
-0.026324786000000003,-2.22249
-0.036532356,-2.18749
-0.046739924,-2.11049
-0.056947496,-1.994991
-0.067155064,-1.868991
-0.077362632,-1.756992
-0.08757020800000001,-1.6624919999999999
-0.09777777600000001,-1.588992
-0.107985,-1.529493
-0.11819199999999999,-1.476993
-0.1284,-1.4279929999999998
-0.13860799999999998,-1.3789930000000001
-0.148815,-1.336994
-0.159023,-1.291494
-0.16923,-1.252994
-0.179438,-1.217994
-0.18964499999999998,-1.186494
-0.199853,-1.151494
-0.18964499999999998,-1.060495
-0.179438,-1.0009949999999999
-0.16923,-0.9589949999999999
-0.159023,-0.9169949999999999
-0.148815,-0.8854960000000001
-0.13860799999999998,-0.853996
-0.1284,-0.825996
-0.11819199999999999,-0.801496
-0.107985,-0.776996
-0.09777777600000001,-0.7559959999999999
-0.08757020800000001,-0.734996
-0.077362632,-0.713996
-0.067155064,-0.696496
-0.056947496,-0.6772459999999999
-0.046739924,-0.657997
-0.036532356,-0.638747
-0.026324786000000003,-0.619497
-0.016117215,-0.598497
-0.005909646,-0.577497
0.004297924,-0.554747
0.014505494,-0.5319969999999999
0.024713064,-0.503997
0.034920632,-0.472497
0.045128204000000005,-0.430498
0.055335776,-0.383248
0.065543348,-0.332498
0.07575092,-0.281748
0.08595848,-0.23449799999999998
0.096166048,-0.193374
0.106373,-0.159249
0.11658099999999999,-0.13124899999999998
0.12678799999999998,-0.109374
0.136996,-0.09012460000000001
0.147203,-0.071312184
0.157411,-0.05381226
0.167619,-0.036749836
0.17782599999999998,-0.017281172000000004
0.18803399999999998,0.003718733
0.198241,0.028437374
0.208449,0.054359132000000004
0.218656,0.084437128
0.22886399999999998,0.117796
0.23907199999999998,0.153561
0.249279,0.195124
0.25948699999999997,0.23974800000000002
0.269694,0.28809199999999996
0.279902,0.34956000000000004
0.290109,0.435201
0.300317,0.557044
0.310525,0.728981
0.32073199999999996,0.958776
0.33094,1.2304629999999999
0.341147,1.521836
0.351355,1.791773
0.361562,2.000022
0.37177,2.117928
0.38197699999999996,2.162115
0.392185,2.1494269999999998
0.402393,2.09474
0.41259999999999997,2.0168649999999997
0.42280799999999996,1.937678
0.433015,1.8611159999999998
0.443223,1.7924289999999998
0.45343,1.739929
0.463638,1.706679
0.473846,1.697054
0.48405299999999996,1.725054
0.49426099999999995,1.8068659999999999
0.504468,1.9529910000000001
0.514676,2.162115
0.524883,2.4338010000000003
0.535091,2.7645500000000003
0.545299,3.132486
0.5555059999999999,3.507859
0.5657139999999999,3.88017
0.575921,4.244605
0.586129,4.586729
0.596336,4.863228
0.606544,5.046101999999999
0.616752,5.142352
0.6269589999999999,5.181726
0.6371669999999999,5.1432269999999995
0.647374,4.959477
0.657582,4.687354
0.667789,4.41873
0.677997,4.197356
0.688205,4.024982
0.6984119999999999,3.8963569999999996
0.7086199999999999,3.800983
0.718827,3.732733
0.729035,3.684608
0.739242,3.652233
0.74945,3.632983
0.7596579999999999,3.6259829999999997
0.7698649999999999,3.629483
0.780073,3.6408579999999997
0.79028,3.6539829999999998
0.800488,3.669733
0.8106949999999999,3.680233
0.8209029999999999,3.685483
0.8311109999999999,3.682858
0.841318,3.672358
0.851526,3.657483
0.861733,3.645233
0.871941,3.642608
0.8821479999999999,3.21736
0.8923559999999999,2.899737
0.9025639999999999,2.669613
0.912771,2.4876129999999996
0.922979,2.338864
0.933186,2.21549
0.943394,2.109615
0.9536009999999999,2.0194900000000002
0.9638089999999999,1.938991
0.9740169999999999,1.8681159999999999
0.984224,1.8068659999999999
0.994432,1.749117
1.004639,1.7001169999999999
1.014847,1.654617
1.025054,1.611742
1.035262,1.574118
1.04547,1.5391179999999998
1.055677,1.506743
1.065885,1.477868
1.076092,1.448993
1.0863,1.4244929999999998
1.096507,1.399993
1.106715,1.377243
1.1169229999999999,1.357118
1.12713,1.3361189999999998
1.137338,1.318619
1.147545,1.301119
1.157753,1.283619
1.1679599999999999,1.269619
1.1781679999999999,1.252994
1.1883759999999999,1.238994
1.198583,1.2258689999999999
1.208791,1.211869
1.218998,1.2013690000000001
1.229206,1.188244
1.2394129999999999,1.177744
1.2496209999999999,1.167244
1.2598289999999999,1.155869
1.270036,1.1471189999999998
1.280244,1.136619
1.290451,1.127869
1.300659,1.11912
1.3108659999999999,1.109495
1.3210739999999999,1.102495
1.331281,1.093745
1.341489,1.0858700000000001
1.351697,1.07887
1.361904,1.0709950000000001
1.372112,1.06487
1.3823189999999999,1.0578699999999999
1.3925269999999998,1.049995
1.402734,1.0447449999999998
1.412942,1.037745
1.42315,1.032495
1.433357,1.027245
1.443565,1.020245
1.4537719999999998,1.0158699999999998
1.4639799999999998,1.0097450000000001
1.474187,1.004495
1.484395,1.00012
1.494603,0.993995
1.50481,0.9896199999999999
1.494603,0.985245
1.484395,0.9799950000000001
1.474187,0.9756199999999999
1.4639799999999998,0.9712449999999999
1.4537719999999998,0.96687
1.443565,0.96337
1.433357,0.9581199999999999
1.42315,0.95462
1.412942,0.950245
1.402734,0.946745
1.3925269999999998,0.943245
1.3823189999999999,0.937995
1.372112,0.93537
1.361904,0.93187
1.351697,0.927495
1.341489,0.92487
1.331281,0.920495
1.3210739999999999,0.91787
1.3108659999999999,0.91437
1.300659,0.91087
1.290451,0.908245
1.280244,0.90387
1.270036,0.901246
1.2598289999999999,0.89862
1.2496209999999999,0.894246
1.2394129999999999,0.8933709999999999
1.229206,0.889871
1.218998,0.8863709999999999
1.208791,0.884621
1.198583,0.8811209999999999
1.1883759999999999,0.8793709999999999
1.1781679999999999,0.875871
1.1679599999999999,0.8723709999999999
1.157753,0.8714959999999999
1.147545,0.867996
1.137338,0.866246
1.12713,0.8636210000000001
1.1169229999999999,0.860121
1.106715,0.859246
1.096507,0.855746
1.0863,0.853121
1.076092,0.852246
1.065885,0.848746
1.055677,0.846996
1.04547,0.844371
1.035262,0.842621
1.025054,0.840871
1.014847,0.8382459999999999
1.004639,0.8364959999999999
0.994432,0.834746
0.984224,0.832121
0.9740169999999999,0.830371
0.9638089999999999,0.827746
0.9536009999999999,0.825996
0.943394,0.824246
0.933186,0.8216209999999999
0.922979,0.8207460000000001
0.912771,0.651872
0.9025639999999999,0.524122
0.8923559999999999,0.42262299999999997
0.8821479999999999,0.340373
0.871941,0.274748
0.861733,0.22312400000000002
0.851526,0.181999
0.841318,0.150499
0.8311109999999999,0.12424899999999998
0.8209029999999999,0.104124
0.8106949999999999,0.08837460800000001
0.800488,0.07524966400000001
0.79028,0.06431221200000001
0.780073,0.055343504
0.7698649999999999,0.04703104
0.7596579999999999,0.04024982
0.74945,0.03346860200000001
0.739242,0.02712488
0.729035,0.021874904
0.718827,0.016515552
0.7086199999999999,0.012031196000000001
0.6984119999999999,-0.021358306
0.688205,-0.026717482
0.677997,-0.02946707
0.667789,-0.031085464000000007
0.657582,-0.030934264000000003
0.647374,-0.03216626
0.6371669999999999,-0.034059048
0.6269589999999999,-0.034434248
0.616752,-0.034585448000000005
0.606544,-0.03672464
0.596336,-0.03778863600000001
0.586129,-0.037816632
0.575921,-0.039653424
0.5657139999999999,-0.04122702
0.5555059999999999,-0.041831816
0.545299,-0.043013412
0.535091,-0.044822200000000006
0.524883,-0.045975800000000004
0.514676,-0.047118192
0.504468,-0.048854188
0.49426099999999995,-0.050304576000000004
0.48405299999999996,-0.05424976
0.473846,-0.05960910800000001
0.463638,-0.066390328
0.45343,-0.073718424
0.443223,-0.08170276
0.433015,-0.09176521600000001
0.42280799999999996,-0.102593
0.41259999999999997,-0.11462399999999999
0.402393,-0.129827
0.392185,-0.146889
0.38197699999999996,-0.166468
0.37177,-0.18976400000000002
0.361562,-0.217217
0.351355,-0.24915500000000002
0.341147,-0.286233
0.33094,-0.332061
0.32073199999999996,-0.38587299999999997
0.310525,-0.44941899999999996
0.300317,-0.528169
0.290109,-0.62234
0.279902,-0.736309
0.269694,-0.874996
0.25948699999999997,-1.041245
0.249279,-1.253869
0.23907199999999998,-1.516587
0.22886399999999998,-1.847116
0.218656,-2.255083
0.208449,-2.8314869999999996
0.198241,-3.610233
0.18803399999999998,-4.690854
0.17782599999999998,-6.313096
0.167619,-8.434087
0.157411,-10.919951
0.147203,-13.308691000000001
0.136996,-15.053431999999999
0.12678799999999998,-15.56093
0.11658099999999999,-14.230936
0.106373,-11.210448999999999
0.096166048,-7.881964
0.08595848,-5.536975
0.07575092,-4.26298
0.065543348,-3.622483
0.055335776,-3.275985
0.045128204000000005,-3.037986
0.034920632,-2.820987
0.024713064,-2.645988
0.014505494,-2.491988
0.004297924,-2.3694889999999997
-0.005909646,-2.2924889999999998
-0.016117215,-2.25399
-0.026324786000000003,-2.2329899999999996
-0.036532356,-2.19799
-0.046739924,-2.12099
-0.056947496,-2.001991
-0.067155064,-1.875991
-0.077362632,-1.760492
-0.08757020800000001,-1.665992
-0.09777777600000001,-1.592492
-0.107985,-1.532993
-0.11819199999999999,-1.483993
-0.1284,-1.431493
-0.13860799999999998,-1.382493
-0.148815,-1.336994
-0.159023,-1.294994
-0.16923,-1.256494
-0.179438,-1.217994
-0.18964499999999998,-1.186494
-0.199853,-1.154994
-0.18964499999999998,-1.060495
-0.179438,-1.004495
-0.16923,-0.962495
-0.159023,-0.9239949999999999
-0.148815,-0.888996
-0.13860799999999998,-0.860996
-0.1284,-0.8294959999999999
-0.11819199999999999,-0.804996
-0.107985,-0.780496
-0.09777777600000001,-0.7559959999999999
-0.08757020800000001,-0.734996
-0.077362632,-0.713996
-0.067155064,-0.699996
-0.056947496,-0.680746
-0.046739924,-0.661497
-0.036532356,-0.642247
-0.026324786000000003,-0.621247
-0.016117215,-0.600247
-0.005909646,-0.580997
0.004297924,-0.556497
0.014505494,-0.533747
0.024713064,-0.5057470000000001
0.034920632,-0.474247
0.045128204000000005,-0.43224799999999997
0.055335776,-0.383248
0.065543348,-0.332498
0.07575092,-0.279998
0.08595848,-0.23274799999999998
0.096166048,-0.19074899999999997
0.106373,-0.157499
0.11658099999999999,-0.128624
0.12678799999999998,-0.106749
0.136996,-0.08837460800000001
0.147203,-0.070874688
0.157411,-0.05381226
0.167619,-0.037406084000000006
0.17782599999999998,-0.018593668
0.18803399999999998,0.0017499920000000001
0.198241,0.025046764000000003
0.208449,0.049984152000000004
0.218656,0.078421528
0.22886399999999998,0.11003
0.23907199999999998,0.14371799999999998
0.249279,0.182108
0.25948699999999997,0.224436
0.269694,0.271795
0.279902,0.332936
0.290109,0.419779
0.300317,0.544575
0.310525,0.722528
0.32073199999999996,0.960855
0.33094,1.244681
0.341147,1.548743
0.351355,1.8296160000000001
0.361562,2.04224
0.37177,2.159052
0.38197699999999996,2.19624
0.392185,2.1734899999999997
0.402393,2.110053
0.41259999999999997,2.025178
0.42280799999999996,1.941178
0.433015,1.860241
0.443223,1.7893659999999998
0.45343,1.7346789999999999
0.463638,1.7001169999999999
0.473846,1.6918039999999999
0.48405299999999996,1.720242
0.49426099999999995,1.805991
0.504468,1.958241
0.514676,2.175677
0.524883,2.460489
0.535091,2.804362
0.545299,3.187173
0.5555059999999999,3.574796
0.5657139999999999,3.960232
0.575921,4.339980000000001
0.586129,4.694354000000001
0.596336,4.983976999999999
0.606544,5.172102
0.616752,5.267476
0.6269589999999999,5.306851
0.6371669999999999,5.260476
0.647374,5.053977
0.657582,4.750354000000001
0.667789,4.456354999999999
0.677997,4.217480999999999
0.688205,4.030232
0.6984119999999999,3.8902319999999997
0.7086199999999999,3.788733
0.718827,3.7117329999999997
0.729035,3.656608
0.739242,3.617233
0.74945,3.5909829999999996
0.7596579999999999,3.574359
0.7698649999999999,3.5673589999999997
0.780073,3.569109
0.79028,3.574359
0.800488,3.5804839999999998
0.8106949999999999,3.5848579999999997
0.8209029999999999,3.583109
0.8311109999999999,3.576109
0.841318,3.563859
0.851526,3.551609
0.861733,3.5454839999999996
0.871941,3.553359
0.8821479999999999,3.2016099999999996
0.8923559999999999,2.875237
0.9025639999999999,2.641613
0.912771,2.460489
0.922979,2.3117389999999998
0.933186,2.1901149999999996
0.943394,2.085115
0.9536009999999999,1.9941160000000002
0.9638089999999999,1.9171159999999998
0.9740169999999999,1.8462409999999998
0.984224,1.785867
0.994432,1.730742
1.004639,1.679992
1.014847,1.636242
1.025054,1.5951170000000001
1.035262,1.557493
1.04547,1.5242429999999998
1.055677,1.490993
1.065885,1.462993
1.076092,1.434993
1.0863,1.410493
1.096507,1.387743
1.106715,1.3641180000000002
1.1169229999999999,1.344869
1.12713,1.324744
1.137338,1.306369
1.147545,1.2906190000000002
1.157753,1.2731190000000001
1.1679599999999999,1.258244
1.1781679999999999,1.243369
1.1883759999999999,1.228494
1.198583,1.217119
1.208791,1.203119
1.218998,1.191744
1.229206,1.179494
1.2394129999999999,1.168119
1.2496209999999999,1.1584940000000001
1.2598289999999999,1.147994
1.270036,1.137494
1.280244,1.128745
1.290451,1.118245
1.300659,1.111245
1.3108659999999999,1.102495
1.3210739999999999,1.093745
1.331281,1.0867449999999999
1.341489,1.07887
1.351697,1.07187
1.361904,1.06487
1.372112,1.0569950000000001
1.3823189999999999,1.05087
1.3925269999999998,1.0438699999999999
1.402734,1.037745
1.412942,1.032495
1.42315,1.02462
1.433357,1.02112
1.443565,1.0149949999999999
1.4537719999999998,1.00887
1.4639799999999998,1.004495
1.474187,0.997495
1.484395,0.99312
1.494603,0.9887449999999999
1.50481,0.98262
1.494603,0.97912
1.484395,0.9738699999999999
1.474187,0.9703700000000001
1.4639799999999998,0.965995
1.4537719999999998,0.960745
1.443565,0.9572449999999999
1.433357,0.9528699999999999
1.42315,0.948495
1.412942,0.944995
1.402734,0.9397449999999999
1.3925269999999998,0.9371200000000001
1.3823189999999999,0.93362
1.372112,0.929245
1.361904,0.92662
1.351697,0.922245
1.341489,0.91962
1.331281,0.915245
1.3210739999999999,0.9117449999999999
1.3108659999999999,0.90912
1.300659,0.90562
1.290451,0.90212
1.280244,0.90037
1.270036,0.895996
1.2598289999999999,0.8933709999999999
1.2496209999999999,0.889871
1.2394129999999999,0.887246
1.229206,0.8854960000000001
1.218998,0.8811209999999999
1.208791,0.880246
1.198583,0.876746
1.1883759999999999,0.873246
1.1781679999999999,0.8714959999999999
1.1679599999999999,0.867996
1.157753,0.866246
1.147545,0.8644959999999999
1.137338,0.860996
1.12713,0.859246
1.1169229999999999,0.855746
1.106715,0.853996
1.096507,0.852246
1.0863,0.848746
1.076092,0.846996
1.065885,0.844371
1.055677,0.841746
1.04547,0.840871
1.035262,0.837371
1.025054,0.8364959999999999
1.014847,0.833871
1.004639,0.8312459999999999
0.994432,0.830371
0.984224,0.827746
0.9740169999999999,0.825996
0.9638089999999999,0.824246
0.9536009999999999,0.8216209999999999
0.943394,0.8207460000000001
0.933186,0.818121
0.922979,0.794496
0.912771,0.642247
0.9025639999999999,0.5162469999999999
0.8923559999999999,0.41562299999999996
0.8821479999999999,0.334248
0.871941,0.268623
0.861733,0.216999
0.851526,0.175874
0.841318,0.14349900000000002
0.8311109999999999,0.11812399999999999
0.8209029999999999,0.098437064
0.8106949999999999,0.08268712800000001
0.800488,0.06956219200000001
0.79028,0.059062236000000004
0.780073,0.05053102400000001
0.7698649999999999,0.042874808
0.7596579999999999,0.036312340000000005
0.74945,0.030406114000000005
0.739242,0.024499892000000002
0.729035,0.019578038
0.718827,0.015093683
0.7086199999999999,0.010609328000000001
0.6984119999999999,-0.021856704
0.688205,-0.027003080000000002
0.677997,-0.029618270000000002
0.667789,-0.031152664
0.657582,-0.031040664000000006
0.647374,-0.03218866
0.6371669999999999,-0.034092652
0.6269589999999999,-0.034490248
0.616752,-0.034619048
0.606544,-0.03677504
0.596336,-0.03778863600000001
0.586129,-0.037906232000000005
0.575921,-0.03970942400000001
0.5657139999999999,-0.04122142
0.5555059999999999,-0.04191021600000001
0.545299,-0.043063812
0.535091,-0.044827804000000006
0.524883,-0.046048596000000004
0.514676,-0.047095792000000004
0.504468,-0.048921384
0.49426099999999995,-0.050354976
0.48405299999999996,-0.054359132000000004
0.473846,-0.060046612000000006
0.463638,-0.066390328
0.45343,-0.073718424
0.443223,-0.08203088800000001
0.433015,-0.091874592
0.42280799999999996,-0.102921
0.41259999999999997,-0.11484299999999999
0.402393,-0.130046
0.392185,-0.147327
0.38197699999999996,-0.166577
0.37177,-0.19031099999999998
0.361562,-0.21754500000000002
0.351355,-0.24970200000000004
0.341147,-0.287108
0.33094,-0.332389
0.32073199999999996,-0.386638
0.310525,-0.45029399999999997
0.300317,-0.528825
0.290109,-0.623653
0.279902,-0.736746
0.269694,-0.875871
0.25948699999999997,-1.041901
0.249279,-1.254306
0.23907199999999998,-1.51768
0.22886399999999998,-1.847335
0.218656,-2.2557389999999997
0.208449,-2.833237
0.198241,-3.6154830000000002
0.18803399999999998,-4.7035409999999995
0.17782599999999998,-6.336721
0.167619,-8.473462
0.157411,-10.975951
0.147203,-13.37519
0.136996,-15.137431999999999
0.12678799999999998,-15.65543
0.11658099999999999,-14.314935
0.106373,-11.259449
0.096166048,-7.899463999999999
0.08595848,-5.543975
0.07575092,-4.280481
0.065543348,-3.639983
0.055335776,-3.296985
0.045128204000000005,-3.0554859999999997
0.034920632,-2.8384869999999998
0.024713064,-2.652988
0.014505494,-2.502488
0.004297924,-2.379989
-0.005909646,-2.302989
-0.016117215,-2.264489
-0.026324786000000003,-2.246989
-0.036532356,-2.20849
-0.046739924,-2.13149
-0.056947496,-2.01599
-0.067155064,-1.882991
-0.077362632,-1.7709920000000001
-0.08757020800000001,-1.6764919999999999
-0.09777777600000001,-1.599492
-0.107985,-1.543493
-0.11819199999999999,-1.490993
-0.1284,-1.4419929999999999
-0.13860799999999998,-1.389493
-0.148815,-1.343994
-0.159023,-1.301994
-0.16923,-1.259994
-0.179438,-1.224994
-0.18964499999999998,-1.1934939999999998
-0.199853,-1.1584940000000001
-0.18964499999999998,-1.067495
-0.179438,-1.011495
-0.16923,-0.9694950000000001
-0.159023,-0.927495
-0.148815,-0.895996
-0.13860799999999998,-0.8644959999999999
-0.1284,-0.8364959999999999
-0.11819199999999999,-0.808496
-0.107985,-0.783996
-0.09777777600000001,-0.7629959999999999
-0.08757020800000001,-0.741996
-0.077362632,-0.720996
-0.067155064,-0.703496
-0.056947496,-0.6842459999999999
-0.046739924,-0.6649970000000001
-0.036532356,-0.647497
-0.026324786000000003,-0.6247469999999999
-0.016117215,-0.6037469999999999
-0.005909646,-0.584497
0.004297924,-0.561747
0.014505494,-0.538997
0.024713064,-0.509247
0.034920632,-0.475997
0.045128204000000005,-0.433998
0.055335776,-0.384998
0.065543348,-0.332498
0.07575092,-0.279998
0.08595848,-0.23274799999999998
0.096166048,-0.189874
0.106373,-0.155749
0.11658099999999999,-0.127749
0.12678799999999998,-0.10456199999999999
0.136996,-0.08706211200000001
0.147203,-0.07043719200000001
0.157411,-0.05424976
0.167619,-0.037624832000000004
0.17782599999999998,-0.019906162
0.18803399999999998,0.0
0.198241,0.022531150000000003
0.208449,0.046593544
0.218656,0.07448404
0.22886399999999998,0.10434299999999999
0.23907199999999998,0.137155
0.249279,0.174233
0.25948699999999997,0.215249
0.269694,0.261405
0.279902,0.321889
0.290109,0.410482
0.300317,0.538013
0.310525,0.720449
0.32073199999999996,0.9662139999999999
0.33094,1.259119
0.341147,1.5738990000000002
0.351355,1.861991
0.361562,2.076365
0.37177,2.191427
0.38197699999999996,2.221615
0.392185,2.191427
0.402393,2.1205529999999997
0.41259999999999997,2.029553
0.42280799999999996,1.9420529999999998
0.433015,1.8584910000000001
0.443223,1.7854290000000002
0.45343,1.7303039999999998
0.463638,1.695304
0.473846,1.68743
0.48405299999999996,1.718054
0.49426099999999995,1.808179
0.504468,1.966991
0.514676,2.19274
0.524883,2.489801
0.535091,2.848112
0.545299,3.244048
0.5555059999999999,3.644796
0.5657139999999999,4.040731
0.575921,4.433605
0.586129,4.8011029999999995
0.596336,5.099476999999999
0.606544,5.290226
0.616752,5.383851
0.6269589999999999,5.419725
0.6371669999999999,5.3646009999999995
0.647374,5.133602
0.657582,4.802853
0.667789,4.486104
0.677997,4.229731
0.688205,4.032856
0.6984119999999999,3.8832319999999996
0.7086199999999999,3.774733
0.718827,3.693358
0.729035,3.6321079999999997
0.739242,3.587483
0.74945,3.553359
0.7596579999999999,3.529734
0.7698649999999999,3.516609
0.780073,3.5096089999999998
0.79028,3.506984
0.800488,3.504359
0.8106949999999999,3.5026089999999996
0.8209029999999999,3.497359
0.8311109999999999,3.486859
0.841318,3.475484
0.851526,3.464984
0.861733,3.4667339999999998
0.871941,3.4816089999999997
0.8821479999999999,3.17886
0.8923559999999999,2.849862
0.9025639999999999,2.615363
0.912771,2.435989
0.922979,2.288989
0.933186,2.16649
0.943394,2.064115
0.9536009999999999,1.973991
0.9638089999999999,1.8969909999999999
0.9740169999999999,1.8296160000000001
0.984224,1.767492
0.994432,1.7149919999999998
1.004639,1.665117
1.014847,1.620492
1.025054,1.581117
1.035262,1.543493
1.04547,1.511118
1.055677,1.479618
1.065885,1.4507430000000001
1.076092,1.4244929999999998
1.0863,1.3991179999999999
1.096507,1.376368
1.106715,1.354493
1.1169229999999999,1.334369
1.12713,1.316869
1.137338,1.297619
1.147545,1.281869
1.157753,1.2652439999999998
1.1679599999999999,1.2494939999999999
1.1781679999999999,1.2363689999999998
1.1883759999999999,1.2214939999999999
1.198583,1.209244
1.208791,1.196119
1.218998,1.183869
1.229206,1.174244
1.2394129999999999,1.1611189999999998
1.2496209999999999,1.1506189999999998
1.2598289999999999,1.141869
1.270036,1.131369
1.280244,1.123494
1.290451,1.1138700000000001
1.300659,1.1051199999999999
1.3108659999999999,1.097245
1.3210739999999999,1.088495
1.331281,1.081495
1.341489,1.0736199999999998
1.351697,1.065745
1.361904,1.05962
1.372112,1.051745
1.3823189999999999,1.04562
1.3925269999999998,1.039495
1.402734,1.032495
1.412942,1.027245
1.42315,1.02112
1.433357,1.0158699999999998
1.443565,1.01062
1.4537719999999998,1.00362
1.4639799999999998,0.999245
1.474187,0.993995
1.484395,0.9887449999999999
1.494603,0.9843700000000001
1.50481,0.97912
1.494603,0.974745
1.484395,0.9703700000000001
1.474187,0.96512
1.4639799999999998,0.9616199999999999
1.4537719999999998,0.95637
1.443565,0.9528699999999999
1.433357,0.9493699999999999
1.42315,0.94412
1.412942,0.94062
1.402734,0.9371200000000001
1.3925269999999998,0.9327449999999999
1.3823189999999999,0.9301200000000001
1.372112,0.92487
1.361904,0.922245
1.351697,0.9187449999999999
1.341489,0.91437
1.331281,0.9117449999999999
1.3210739999999999,0.908245
1.3108659999999999,0.904745
1.300659,0.90212
1.290451,0.89862
1.280244,0.89687
1.270036,0.8924960000000001
1.2598289999999999,0.889871
1.2496209999999999,0.887246
1.2394129999999999,0.883746
1.229206,0.8811209999999999
1.218998,0.877621
1.208791,0.8741209999999999
1.198583,0.873246
1.1883759999999999,0.869746
1.1781679999999999,0.8671209999999999
1.1679599999999999,0.865371
1.157753,0.861871
1.147545,0.860121
1.137338,0.8574959999999999
1.12713,0.854871
1.1169229999999999,0.853121
1.106715,0.8496210000000001
1.096507,0.847871
1.0863,0.8452459999999999
1.076092,0.842621
1.065885,0.841746
1.055677,0.8382459999999999
1.04547,0.837371
1.035262,0.834746
1.025054,0.832121
1.014847,0.8312459999999999
1.004639,0.827746
0.994432,0.825996
0.984224,0.824246
0.9740169999999999,0.8216209999999999
0.9638089999999999,0.8207460000000001
0.9536009999999999,0.818121
0.943394,0.816371
0.933186,0.8146209999999999
0.922979,0.789246
0.912771,0.638747
0.9025639999999999,0.514497
0.8923559999999999,0.412998
0.8821479999999999,0.33074800000000004
0.871941,0.26599799999999996
0.861733,0.213499
0.851526,0.172374
0.841318,0.139999
0.8311109999999999,0.11462399999999999
0.8209029999999999,0.09493708000000001
0.8106949999999999,0.078749648
0.800488,0.066062208
0.79028,0.055562252000000006
0.780073,0.046812292000000005
0.7698649999999999,0.039812324
0.7596579999999999,0.03346860200000001
0.74945,0.027781126000000003
0.739242,0.022640524000000002
0.729035,0.017828046
0.718827,0.013999938000000002
0.7086199999999999,-0.020327910000000005
0.6984119999999999,-0.026924680000000003
0.688205,-0.02705348
0.677997,-0.029758268000000004
0.667789,-0.031163862000000004
0.657582,-0.031152664
0.647374,-0.03227826
0.6371669999999999,-0.034120652
0.6269589999999999,-0.034563048000000006
0.616752,-0.034579848
0.606544,-0.036836640000000004
0.596336,-0.037850232000000004
0.586129,-0.037872632
0.575921,-0.039776624000000003
0.5657139999999999,-0.04122142
0.5555059999999999,-0.041921416
0.545299,-0.043119808
0.535091,-0.0448446
0.524883,-0.046110200000000004
0.514676,-0.047134992
0.504468,-0.048893384000000005
0.49426099999999995,-0.05040538
0.48405299999999996,-0.05424976
0.473846,-0.05993723200000001
0.463638,-0.066609076
0.45343,-0.073718424
0.443223,-0.08235900800000001
0.433015,-0.09198396000000002
0.42280799999999996,-0.10314
0.41259999999999997,-0.115171
0.402393,-0.130046
0.392185,-0.14754599999999998
0.38197699999999996,-0.166905
0.37177,-0.19053
0.361562,-0.21809199999999998
0.351355,-0.249592
0.341147,-0.28743599999999997
0.33094,-0.332607
0.32073199999999996,-0.386857
0.310525,-0.450732
0.300317,-0.5289349999999999
0.290109,-0.6237619999999999
0.279902,-0.737512
0.269694,-0.875761
0.25948699999999997,-1.042448
0.249279,-1.253869
0.23907199999999998,-1.516805
0.22886399999999998,-1.84646
0.218656,-2.25399
0.208449,-2.8314869999999996
0.198241,-3.613733
0.18803399999999998,-4.704416
0.17782599999999998,-6.342846
0.167619,-8.487461999999999
0.157411,-11.0022
0.147203,-13.41719
0.136996,-15.198682
0.12678799999999998,-15.741179
0.11658099999999999,-14.402435
0.106373,-11.336449
0.096166048,-7.944963999999999
0.08595848,-5.571975
0.07575092,-4.308479999999999
0.065543348,-3.667983
0.055335776,-3.324985
0.045128204000000005,-3.086986
0.034920632,-2.8559870000000003
0.024713064,-2.6704879999999998
0.014505494,-2.516488
0.004297924,-2.393989
-0.005909646,-2.316989
-0.016117215,-2.274989
-0.026324786000000003,-2.25749
-0.036532356,-2.22249
-0.046739924,-2.1454899999999997
-0.056947496,-2.0264900000000003
-0.067155064,-1.8969909999999999
-0.077362632,-1.781492
-0.08757020800000001,-1.683492
-0.09777777600000001,-1.609992
-0.107985,-1.5504930000000001
-0.11819199999999999,-1.497993
-0.1284,-1.448993
-0.13860799999999998,-1.399993
-0.148815,-1.3509939999999998
-0.159023,-1.308994
-0.16923,-1.266994
-0.179438,-1.231994
-0.18964499999999998,-1.196994
-0.199853,-1.165494
-0.18964499999999998,-1.074495
-0.179438,-1.018495
-0.16923,-0.9729949999999999
-0.159023,-0.934495
-0.148815,-0.899495
-0.13860799999999998,-0.8714959999999999
-0.1284,-0.8434959999999999
-0.11819199999999999,-0.815496
-0.107985,-0.790996
-0.09777777600000001,-0.766496
-0.08757020800000001,-0.745496
-0.077362632,-0.727996
-0.067155064,-0.710496
-0.056947496,-0.689496
-0.046739924,-0.6702469999999999
-0.036532356,-0.650997
-0.026324786000000003,-0.631747
-0.016117215,-0.608997
-0.005909646,-0.587997
0.004297924,-0.565247
0.014505494,-0.540747
0.024713064,-0.512747
0.034920632,-0.47774700000000003
0.045128204000000005,-0.433998
0.055335776,-0.386748
0.065543348,-0.332498
0.07575092,-0.279998
0.08595848,-0.23099799999999998
0.096166048,-0.18899899999999997
0.106373,-0.15487399999999998
0.11658099999999999,-0.12687400000000001
0.12678799999999998,-0.104124
0.136996,-0.086624616
0.147203,-0.06956219200000001
0.157411,-0.05424976
0.167619,-0.038062332
0.17782599999999998,-0.020999908000000005
0.18803399999999998,-0.0010937450000000001
0.198241,0.020781158
0.208449,0.044187304000000004
0.218656,0.071530936
0.22886399999999998,0.100843
0.23907199999999998,0.13299899999999998
0.249279,0.16953
0.25948699999999997,0.209014
0.269694,0.25516999999999995
0.279902,0.316092
0.290109,0.405451
0.300317,0.535935
0.310525,0.722309
0.32073199999999996,0.974417
0.33094,1.275306
0.341147,1.596649
0.351355,1.890866
0.361562,2.104803
0.37177,2.21724
0.38197699999999996,2.24174
0.392185,2.204552
0.402393,2.12799
0.41259999999999997,2.032615
0.42280799999999996,1.9416159999999998
0.433015,1.856304
0.443223,1.782367
0.45343,1.725929
0.463638,1.6918039999999999
0.473846,1.6843670000000002
0.48405299999999996,1.718492
0.49426099999999995,1.812991
0.504468,1.9788029999999999
0.514676,2.2146150000000002
0.524883,2.5230509999999997
0.535091,2.895362
0.545299,3.303547
0.5555059999999999,3.71567
0.5657139999999999,4.121231
0.575921,4.525479
0.586129,4.905228
0.596336,5.210602000000001
0.606544,5.40135
0.616752,5.49235
0.6269589999999999,5.521224999999999
0.6371669999999999,5.456475
0.647374,5.202725999999999
0.657582,4.844853
0.667789,4.50798
0.677997,4.238481
0.688205,4.031981
0.6984119999999999,3.8771069999999996
0.7086199999999999,3.7624829999999996
0.718827,3.6767329999999996
0.729035,3.610233
0.739242,3.559484
0.74945,3.520984
0.7596579999999999,3.492109
0.7698649999999999,3.471984
0.780073,3.4579839999999997
0.79028,3.447484
0.800488,3.4413590000000003
0.8106949999999999,3.433484
0.8209029999999999,3.424734
0.8311109999999999,3.412484
0.841318,3.401109
0.851526,3.3958589999999997
0.861733,3.4019839999999997
0.871941,3.4238589999999998
0.8821479999999999,3.151736
0.8923559999999999,2.822737
0.9025639999999999,2.590863
0.912771,2.411489
0.922979,2.267114
0.933186,2.146365
0.943394,2.04399
0.9536009999999999,1.9564909999999998
0.9638089999999999,1.879491
0.9740169999999999,1.813866
0.984224,1.752617
0.994432,1.6992420000000001
1.004639,1.651992
1.014847,1.607367
1.025054,1.568867
1.035262,1.532993
1.04547,1.4997429999999998
1.055677,1.4699929999999999
1.065885,1.441118
1.076092,1.415743
1.0863,1.391243
1.096507,1.367618
1.106715,1.347494
1.1169229999999999,1.326494
1.12713,1.3081189999999998
1.137338,1.291494
1.147545,1.273994
1.157753,1.259119
1.1679599999999999,1.243369
1.1781679999999999,1.229369
1.1883759999999999,1.216244
1.198583,1.202244
1.208791,1.190869
1.218998,1.1786189999999999
1.229206,1.167244
1.2394129999999999,1.157619
1.2496209999999999,1.145369
1.2598289999999999,1.136619
1.270036,1.126995
1.280244,1.11737
1.290451,1.11037
1.300659,1.100745
1.3108659999999999,1.09287
1.3210739999999999,1.0849950000000002
1.331281,1.076245
1.341489,1.07012
1.351697,1.0622449999999999
1.361904,1.055245
1.372112,1.04912
1.3823189999999999,1.041245
1.3925269999999998,1.035995
1.402734,1.0298699999999998
1.412942,1.02287
1.42315,1.018495
1.433357,1.011495
1.443565,1.006245
1.4537719999999998,1.0009949999999999
1.4639799999999998,0.99487
1.474187,0.99137
1.484395,0.985245
1.494603,0.9799950000000001
1.50481,0.976495
1.494603,0.9712449999999999
1.484395,0.96687
1.474187,0.962495
1.4639799999999998,0.9572449999999999
1.4537719999999998,0.95462
1.443565,0.948495
1.433357,0.9458699999999999
1.42315,0.941495
1.412942,0.9371200000000001
1.402734,0.934495
1.3925269999999998,0.929245
1.3823189999999999,0.9257449999999999
1.372112,0.92312
1.361904,0.9187449999999999
1.351697,0.91612
1.341489,0.9117449999999999
1.331281,0.908245
1.3210739999999999,0.9064949999999999
1.3108659999999999,0.901246
1.300659,0.899495
1.290451,0.895996
1.280244,0.8924960000000001
1.270036,0.890746
1.2598289999999999,0.8863709999999999
1.2496209999999999,0.883746
1.2394129999999999,0.8811209999999999
1.229206,0.877621
1.218998,0.875871
1.208791,0.8723709999999999
1.198583,0.869746
1.1883759999999999,0.867996
1.1781679999999999,0.8644959999999999
1.1679599999999999,0.862746
1.157753,0.859246
1.147545,0.8566210000000001
1.137338,0.854871
1.12713,0.851371
1.1169229999999999,0.8504959999999999
1.106715,0.847871
1.096507,0.8452459999999999
1.0863,0.8434959999999999
1.076092,0.839996
1.065885,0.839121
1.055677,0.8364959999999999
1.04547,0.833871
1.035262,0.832996
1.025054,0.8294959999999999
1.014847,0.827746
1.004639,0.825996
0.994432,0.823371
0.984224,0.822496
0.9740169999999999,0.819871
0.9638089999999999,0.818121
0.9536009999999999,0.816371
0.943394,0.813746
0.933186,0.812871
0.922979,0.808496
0.912771,0.6396219999999999
0.9025639999999999,0.514497
0.8923559999999999,0.412998
0.8821479999999999,0.33074800000000004
0.871941,0.265123
0.861733,0.21262399999999998
0.851526,0.170624
0.841318,0.137374
0.8311109999999999,0.111999
0.8209029999999999,0.092312088
0.8106949999999999,0.076124664
0.800488,0.06299972
0.79028,0.05315601200000001
0.780073,0.044406052
0.7698649999999999,0.037406084000000006
0.7596579999999999,0.03149986
0.74945,0.025812384000000004
0.739242,0.021109282
0.729035,0.016624926
0.718827,0.013015567000000002
0.7086199999999999,-0.020809508
0.6984119999999999,-0.027294280000000004
0.688205,-0.027165480000000002
0.677997,-0.029881468000000005
0.667789,-0.031247862000000005
0.657582,-0.031119062000000003
0.647374,-0.03233985600000001
0.6371669999999999,-0.034143052
0.6269589999999999,-0.034568648
0.616752,-0.034641448000000005
0.606544,-0.036803036
0.596336,-0.037889432
0.586129,-0.037872632
0.575921,-0.039759828000000004
0.5657139999999999,-0.04124942
0.5555059999999999,-0.041921416
0.545299,-0.043164612000000005
0.535091,-0.044855804000000006
0.524883,-0.046070996
0.514676,-0.047196592
0.504468,-0.048876584
0.49426099999999995,-0.050422176000000006
0.48405299999999996,-0.054468508000000006
0.473846,-0.059827856000000006
0.463638,-0.066718452
0.45343,-0.07393717600000001
0.443223,-0.082249632
0.433015,-0.09209334400000001
0.42280799999999996,-0.10303
0.41259999999999997,-0.115171
0.402393,-0.130155
0.392185,-0.14754599999999998
0.38197699999999996,-0.167124
0.37177,-0.19031099999999998
0.361562,-0.21820199999999998
0.351355,-0.249811
0.341147,-0.287108
0.33094,-0.333045
0.32073199999999996,-0.38642
0.310525,-0.450623
0.300317,-0.529153
0.290109,-0.623544
0.279902,-0.737184
0.269694,-0.8752139999999999
0.25948699999999997,-1.041573
0.249279,-1.252556
0.23907199999999998,-1.514399
0.22886399999999998,-1.8436160000000001
0.218656,-2.2500519999999997
0.208449,-2.8253619999999997
0.198241,-3.606296
0.18803399999999998,-4.695228999999999
0.17782599999999998,-6.333221
0.167619,-8.480462000000001
0.157411,-11.000451
0.147203,-13.432939
0.136996,-15.244181
0.12678799999999998,-15.819929
0.11658099999999999,-14.510935
0.106373,-11.437947999999999
0.096166048,-8.011464
0.08595848,-5.617474
0.07575092,-4.339980000000001
0.065543348,-3.699483
0.055335776,-3.3564849999999997
0.045128204000000005,-3.118486
0.034920632,-2.876987
0.024713064,-2.6809879999999997
0.014505494,-2.5304879999999996
0.004297924,-2.407989
-0.005909646,-2.327489
-0.016117215,-2.288989
-0.026324786000000003,-2.267989
-0.036532356,-2.23649
-0.046739924,-2.15949
-0.056947496,-2.04049
-0.067155064,-1.9109909999999999
-0.077362632,-1.791992
-0.08757020800000001,-1.697492
-0.09777777600000001,-1.620492
-0.107985,-1.560993
-0.11819199999999999,-1.508493
-0.1284,-1.4559929999999999
-0.13860799999999998,-1.403493
-0.148815,-1.361493
-0.159023,-1.315994
-0.16923,-1.273994
-0.179438,-1.238994
-0.18964499999999998,-1.203994
-0.199853,-1.1724940000000001
-0.18964499999999998,-1.081495
-0.179438,-1.025495
-0.16923,-0.9799950000000001
-0.159023,-0.941495
-0.148815,-0.9064949999999999
-0.13860799999999998,-0.878496
-0.1284,-0.846996
-0.11819199999999999,-0.8189960000000001
-0.107985,-0.797996
-0.09777777600000001,-0.773496
-0.08757020800000001,-0.7524959999999999
-0.077362632,-0.734996
-0.067155064,-0.713996
-0.056947496,-0.694746
-0.046739924,-0.6772459999999999
-0.036532356,-0.656247
-0.026324786000000003,-0.635247
-0.016117215,-0.614247
-0.005909646,-0.5914969999999999
0.004297924,-0.568747
0.014505494,-0.5442469999999999
0.024713064,-0.5162469999999999
0.034920632,-0.481247
0.045128204000000005,-0.437498
0.055335776,-0.386748
0.065543348,-0.334248
0.07575092,-0.279998
0.08595848,-0.23099799999999998
0.096166048,-0.18812399999999999
0.106373,-0.153999
0.11658099999999999,-0.125999
0.12678799999999998,-0.103249
0.136996,-0.08618711200000001
0.147203,-0.06912468800000002
0.157411,-0.05381226
0.167619,-0.03849982800000001
0.17782599999999998,-0.020999908000000005
0.18803399999999998,-0.0021874900000000003
0.198241,0.019468664000000004
0.208449,0.042546684
0.218656,0.06912468800000002
0.22886399999999998,0.098765184
0.23907199999999998,0.129936
0.249279,0.166249
0.25948699999999997,0.205624
0.269694,0.25134199999999995
0.279902,0.31324799999999997
0.290109,0.403701
0.300317,0.536919
0.310525,0.727668
0.32073199999999996,0.985136
0.33094,1.293025
0.341147,1.6198359999999998
0.351355,1.916678
0.361562,2.12799
0.37177,2.237364
0.38197699999999996,2.256614
0.392185,2.21374
0.402393,2.131927
0.41259999999999997,2.033928
0.42280799999999996,1.939428
0.433015,1.853241
0.443223,1.777992
0.45343,1.721554
0.463638,1.687867
0.473846,1.682179
0.48405299999999996,1.7198039999999999
0.49426099999999995,1.819554
0.504468,1.9936779999999998
0.514676,2.239115
0.524883,2.559363
0.535091,2.9447989999999997
0.545299,3.3647970000000003
0.5555059999999999,3.786108
0.5657139999999999,4.201731
0.575921,4.616479
0.586129,5.005852
0.596336,5.315601
0.606544,5.505475
0.616752,5.59035
0.6269589999999999,5.613975
0.6371669999999999,5.5361
0.647374,5.259601
0.657582,4.877228
0.667789,4.5237289999999994
0.677997,4.244605
0.688205,4.030232
0.6984119999999999,3.8709819999999997
0.7086199999999999,3.750233
0.718827,3.659233
0.729035,3.5901089999999996
0.739242,3.534984
0.74945,3.492109
0.7596579999999999,3.4579839999999997
0.7698649999999999,3.4317339999999996
0.780073,3.414234
0.79028,3.3984840000000003
0.800488,3.3871089999999997
0.8106949999999999,3.375735
0.8209029999999999,3.363485
0.8311109999999999,3.351235
0.841318,3.340735
0.851526,3.338985
0.861733,3.34861
0.871941,3.375735
0.8821479999999999,3.122861
0.8923559999999999,2.794737
0.9025639999999999,2.566363
0.912771,2.388739
0.922979,2.24524
0.933186,2.12799
0.943394,2.0256149999999997
0.9536009999999999,1.940741
0.9638089999999999,1.8637409999999999
0.9740169999999999,1.798117
0.984224,1.740367
0.994432,1.6869919999999998
1.004639,1.640617
1.014847,1.597742
1.025054,1.558368
1.035262,1.523368
1.04547,1.490118
1.055677,1.461243
1.065885,1.433243
1.076092,1.406118
1.0863,1.384243
1.096507,1.360618
1.106715,1.339619
1.1169229999999999,1.3212439999999999
1.12713,1.301994
1.137338,1.285369
1.147545,1.267869
1.157753,1.252994
1.1679599999999999,1.238994
1.1781679999999999,1.223244
1.1883759999999999,1.210994
1.198583,1.197869
1.208791,1.185619
1.218998,1.175119
1.229206,1.162869
1.2394129999999999,1.152369
1.2496209999999999,1.142744
1.2598289999999999,1.1322439999999998
1.270036,1.123494
1.280244,1.112995
1.290451,1.1051199999999999
1.300659,1.097245
1.3108659999999999,1.088495
1.3210739999999999,1.081495
1.331281,1.0727449999999998
1.341489,1.065745
1.351697,1.0587449999999998
1.361904,1.051745
1.372112,1.0447449999999998
1.3823189999999999,1.03862
1.3925269999999998,1.03162
1.402734,1.027245
1.412942,1.0193699999999999
1.42315,1.0149949999999999
1.433357,1.0097450000000001
1.443565,1.002745
1.4537719999999998,0.9983700000000001
1.4639799999999998,0.9922449999999999
1.474187,0.9869949999999998
1.484395,0.983495
1.494603,0.97737
1.50481,0.9738699999999999
1.494603,0.9694950000000001
1.484395,0.964245
1.474187,0.960745
1.4639799999999998,0.95462
1.4537719999999998,0.95112
1.443565,0.946745
1.433357,0.94237
1.42315,0.9397449999999999
1.412942,0.934495
1.402734,0.930995
1.3925269999999998,0.92837
1.3823189999999999,0.92312
1.372112,0.920495
1.361904,0.9169949999999999
1.351697,0.91262
1.341489,0.91087
1.331281,0.9064949999999999
1.3210739999999999,0.90387
1.3108659999999999,0.90037
1.300659,0.89687
1.290451,0.894246
1.280244,0.889871
1.270036,0.887246
1.2598289999999999,0.884621
1.2496209999999999,0.8811209999999999
1.2394129999999999,0.8793709999999999
1.229206,0.875871
1.218998,0.873246
1.208791,0.8714959999999999
1.198583,0.8671209999999999
1.1883759999999999,0.865371
1.1781679999999999,0.862746
1.1679599999999999,0.860121
1.157753,0.858371
1.147545,0.854871
1.137338,0.853121
1.12713,0.8504959999999999
1.1169229999999999,0.846996
1.106715,0.846121
1.096507,0.842621
1.0863,0.840871
1.076092,0.8382459999999999
1.065885,0.835621
1.055677,0.834746
1.04547,0.832121
1.035262,0.8294959999999999
1.025054,0.8286209999999999
1.014847,0.825121
1.004639,0.824246
0.994432,0.8216209999999999
0.984224,0.819871
0.9740169999999999,0.818121
0.9638089999999999,0.815496
0.9536009999999999,0.8146209999999999
0.943394,0.811996
0.933186,0.809371
0.922979,0.808496
0.912771,0.643122
0.9025639999999999,0.5162469999999999
0.8923559999999999,0.413873
0.8821479999999999,0.331623
0.871941,0.265123
0.861733,0.211749
0.851526,0.16974899999999998
0.841318,0.136499
0.8311109999999999,0.110249
0.8209029999999999,0.09012460000000001
0.8106949999999999,0.074374672
0.800488,0.061249732
0.79028,0.051187276000000004
0.780073,0.04265606
0.7698649999999999,0.035656092
0.7596579999999999,0.029749868000000002
0.74945,0.024390516
0.739242,0.019796786000000004
0.729035,0.015968679000000003
0.718827,0.012140571000000001
0.7086199999999999,-0.021095106000000002
0.6984119999999999,-0.027563078
0.688205,-0.027221480000000003
0.677997,-0.029892670000000003
0.667789,-0.031326264000000006
0.657582,-0.031119062000000003
0.647374,-0.03233985600000001
0.6371669999999999,-0.034137452
0.6269589999999999,-0.034551848
0.616752,-0.034663844
0.606544,-0.03679744
0.596336,-0.037861432
0.586129,-0.037934232000000005
0.575921,-0.039726224000000004
0.5657139999999999,-0.04130542000000001
0.5555059999999999,-0.041893416
0.545299,-0.043108612000000004
0.535091,-0.044923004
0.524883,-0.046048596000000004
0.514676,-0.04719099200000001
0.504468,-0.048915784000000004
0.49426099999999995,-0.05036058
0.48405299999999996,-0.054468508000000006
0.473846,-0.05993723200000001
0.463638,-0.066609076
0.45343,-0.074046544
0.443223,-0.08203088800000001
0.433015,-0.09209334400000001
0.42280799999999996,-0.10303
0.41259999999999997,-0.115171
0.402393,-0.13026500000000002
0.392185,-0.147327
0.38197699999999996,-0.166905
0.37177,-0.190202
0.361562,-0.217655
0.351355,-0.249811
0.341147,-0.28699800000000003
0.33094,-0.332498
0.32073199999999996,-0.38642
0.310525,-0.449966
0.300317,-0.5287160000000001
0.290109,-0.622778
0.279902,-0.736309
0.269694,-0.8741209999999999
0.25948699999999997,-1.039386
0.249279,-1.249931
0.23907199999999998,-1.510462
0.22886399999999998,-1.838148
0.218656,-2.243927
0.208449,-2.815299
0.198241,-3.593171
0.18803399999999998,-4.678604
0.17782599999999998,-6.309597
0.167619,-8.455962
0.157411,-10.9812
0.147203,-13.425939999999999
0.136996,-15.270432
0.12678799999999998,-15.889929
0.11658099999999999,-14.619433999999998
0.106373,-11.556949
0.096166048,-8.098963
0.08595848,-5.673474
0.07575092,-4.38198
0.065543348,-3.737983
0.055335776,-3.391484
0.045128204000000005,-3.149985
0.034920632,-2.9049859999999996
0.024713064,-2.6984879999999998
0.014505494,-2.544488
0.004297924,-2.421989
-0.005909646,-2.337989
-0.016117215,-2.299489
-0.026324786000000003,-2.281989
-0.036532356,-2.25049
-0.046739924,-2.1734899999999997
-0.056947496,-2.05449
-0.067155064,-1.9249910000000001
-0.077362632,-1.805991
-0.08757020800000001,-1.707992
-0.09777777600000001,-1.627492
-0.107985,-1.567993
-0.11819199999999999,-1.518993
-0.1284,-1.462993
-0.13860799999999998,-1.413993
-0.148815,-1.368493
-0.159023,-1.322994
-0.16923,-1.280994
-0.179438,-1.245994
-0.18964499999999998,-1.210994
-0.199853,-1.175994
-0.18964499999999998,-1.088495
-0.179438,-1.032495
-0.16923,-0.9869949999999998
-0.159023,-0.944995
-0.148815,-0.913495
-0.13860799999999998,-0.8854960000000001
-0.1284,-0.853996
-0.11819199999999999,-0.825996
-0.107985,-0.801496
-0.09777777600000001,-0.780496
-0.08757020800000001,-0.759496
-0.077362632,-0.738496
-0.067155064,-0.720996
-0.056947496,-0.699996
-0.046739924,-0.680746
-0.036532356,-0.661497
-0.026324786000000003,-0.640497
-0.016117215,-0.6177469999999999
-0.005909646,-0.5949969999999999
0.004297924,-0.5722470000000001
0.014505494,-0.547747
0.024713064,-0.5179969999999999
0.034920632,-0.482997
0.045128204000000005,-0.437498
0.055335776,-0.386748
0.065543348,-0.334248
0.07575092,-0.279998
0.08595848,-0.23099799999999998
0.096166048,-0.18812399999999999
0.106373,-0.15312399999999998
0.11658099999999999,-0.125124
0.12678799999999998,-0.103249
0.136996,-0.08531212
0.147203,-0.06912468800000002
0.157411,-0.05337476
0.167619,-0.03828108
0.17782599999999998,-0.021437404
0.18803399999999998,-0.0028437370000000003
0.198241,0.018374918
0.208449,0.041343564000000006
0.218656,0.0678122
0.22886399999999998,0.09712456800000001
0.23907199999999998,0.12851500000000002
0.249279,0.16427999999999998
0.25948699999999997,0.203983
0.269694,0.24992
0.279902,0.312482
0.290109,0.40468499999999996
0.300317,0.540528
0.310525,0.7355430000000001
0.32073199999999996,0.9979330000000001
0.33094,1.3116189999999999
0.341147,1.6432419999999999
0.351355,1.9409599999999998
0.361562,2.1511769999999997
0.37177,2.2548649999999997
0.38197699999999996,2.267989
0.392185,2.2203019999999998
0.402393,2.1336779999999997
0.41259999999999997,2.032615
0.42280799999999996,1.936803
0.433015,1.8493039999999998
0.443223,1.7740539999999998
0.45343,1.718492
0.463638,1.6848049999999999
0.473846,1.681742
0.48405299999999996,1.721992
0.49426099999999995,1.828304
0.504468,2.010303
0.514676,2.265802
0.524883,2.5982999999999996
0.535091,2.995986
0.545299,3.4277969999999995
0.5555059999999999,3.8591699999999998
0.5657139999999999,4.2848559999999996
0.575921,4.705729
0.586129,5.103852
0.596336,5.417974999999999
0.606544,5.604349
0.616752,5.682224000000001
0.6269589999999999,5.699724
0.6371669999999999,5.6061
0.647374,5.305976
0.657582,4.901728
0.667789,4.5351040000000005
0.677997,4.247230999999999
0.688205,4.025856
0.6984119999999999,3.861357
0.7086199999999999,3.7397329999999998
0.718827,3.644358
0.729035,3.571734
0.739242,3.513109
0.74945,3.465859
0.7596579999999999,3.428234
0.7698649999999999,3.3984840000000003
0.780073,3.375735
0.79028,3.35736
0.800488,3.3416099999999997
0.8106949999999999,3.3267349999999998
0.8209029999999999,3.312735
0.8311109999999999,3.29961
0.841318,3.29086
0.851526,3.291735
0.861733,3.30661
0.871941,3.33811
0.8821479999999999,3.089611
0.8923559999999999,2.765862
0.9025639999999999,2.540113
0.912771,2.366864
0.922979,2.2251149999999997
0.933186,2.10874
0.943394,2.009865
0.9536009999999999,1.924116
0.9638089999999999,1.851491
0.9740169999999999,1.785867
0.984224,1.7281170000000001
0.994432,1.6764919999999999
1.004639,1.6292419999999999
1.014847,1.588117
1.025054,1.549618
1.035262,1.515493
1.04547,1.483993
1.055677,1.4524929999999998
1.065885,1.4271179999999999
1.076092,1.400868
1.0863,1.377243
1.096507,1.3562429999999999
1.106715,1.334369
1.1169229999999999,1.315994
1.12713,1.297619
1.137338,1.280119
1.147545,1.2643689999999999
1.157753,1.248619
1.1679599999999999,1.234619
1.1781679999999999,1.220619
1.1883759999999999,1.2066189999999999
1.198583,1.194369
1.208791,1.182119
1.218998,1.170744
1.229206,1.160244
1.2394129999999999,1.148869
1.2496209999999999,1.139244
1.2598289999999999,1.128745
1.270036,1.1199949999999999
1.280244,1.11212
1.290451,1.102495
1.300659,1.09462
1.3108659999999999,1.0858700000000001
1.3210739999999999,1.0771199999999999
1.331281,1.0709950000000001
1.341489,1.0631199999999998
1.351697,1.0561200000000002
1.361904,1.049995
1.372112,1.0421200000000002
1.3823189999999999,1.03687
1.3925269999999998,1.0298699999999998
1.402734,1.023745
1.412942,1.018495
1.42315,1.011495
1.433357,1.00712
1.443565,1.0009949999999999
1.4537719999999998,0.995745
1.4639799999999998,0.99137
1.474187,0.985245
1.484395,0.98087
1.494603,0.976495
1.50481,0.9712449999999999
1.494603,0.9677450000000001
1.484395,0.9616199999999999
1.474187,0.9572449999999999
1.4639799999999998,0.9537450000000001
1.4537719999999998,0.948495
1.443565,0.944995
1.433357,0.94062
1.42315,0.9371200000000001
1.412942,0.93362
1.402734,0.929245
1.3925269999999998,0.92662
1.3823189999999999,0.922245
1.372112,0.91787
1.361904,0.915245
1.351697,0.91087
1.341489,0.908245
1.331281,0.904745
1.3210739999999999,0.901246
1.3108659999999999,0.89862
1.300659,0.894246
1.290451,0.891621
1.280244,0.888996
1.270036,0.8854960000000001
1.2598289999999999,0.883746
1.2496209999999999,0.880246
1.2394129999999999,0.876746
1.229206,0.874996
1.218998,0.8714959999999999
1.208791,0.868871
1.198583,0.866246
1.1883759999999999,0.8636210000000001
1.1781679999999999,0.861871
1.1679599999999999,0.858371
1.157753,0.855746
1.147545,0.853121
1.137338,0.8504959999999999
1.12713,0.848746
1.1169229999999999,0.846121
1.106715,0.8434959999999999
1.096507,0.841746
1.0863,0.8382459999999999
1.076092,0.837371
1.065885,0.834746
1.055677,0.832121
1.04547,0.8312459999999999
1.035262,0.827746
1.025054,0.826871
1.014847,0.824246
1.004639,0.8216209999999999
0.994432,0.8207460000000001
0.984224,0.818121
0.9740169999999999,0.816371
0.9638089999999999,0.8146209999999999
0.9536009999999999,0.811996
0.943394,0.811121
0.933186,0.808496
0.922979,0.806746
0.912771,0.648372
0.9025639999999999,0.520622
0.8923559999999999,0.417373
0.8821479999999999,0.334248
0.871941,0.26599799999999996
0.861733,0.21262399999999998
0.851526,0.16974899999999998
0.841318,0.135624
0.8311109999999999,0.110249
0.8209029999999999,0.08924960000000001
0.8106949999999999,0.07306217599999999
0.800488,0.05993723200000001
0.79028,0.049874776
0.780073,0.041343564000000006
0.7698649999999999,0.034343596000000004
0.7596579999999999,0.028656122000000003
0.74945,0.02351552
0.739242,0.018812416000000002
0.729035,0.015203057000000002
0.718827,-0.019073516000000002
0.7086199999999999,-0.025927886
0.6984119999999999,-0.027843076
0.688205,-0.02733348
0.677997,-0.029881468000000005
0.667789,-0.031331862
0.657582,-0.031163862000000004
0.647374,-0.032283858
0.6371669999999999,-0.034154248000000005
0.6269589999999999,-0.034546248
0.616752,-0.034585448000000005
0.606544,-0.036825436
0.596336,-0.037794236
0.586129,-0.037939832
0.575921,-0.039748624
0.5657139999999999,-0.041193416000000004
0.5555059999999999,-0.04193821600000001
0.545299,-0.043091808
0.535091,-0.044900604000000004
0.524883,-0.046087800000000005
0.514676,-0.047118192
0.504468,-0.048921384
0.49426099999999995,-0.05036618
0.48405299999999996,-0.05414038400000001
0.473846,-0.060046612000000006
0.463638,-0.066390328
0.45343,-0.07393717600000001
0.443223,-0.082140264
0.433015,-0.091874592
0.42280799999999996,-0.10303
0.41259999999999997,-0.114733
0.402393,-0.129936
0.392185,-0.147218
0.38197699999999996,-0.166468
0.37177,-0.19031099999999998
0.361562,-0.217436
0.351355,-0.249264
0.341147,-0.28667000000000004
0.33094,-0.33173199999999997
0.32073199999999996,-0.38587299999999997
0.310525,-0.449201
0.300317,-0.527513
0.290109,-0.621794
0.279902,-0.734231
0.269694,-0.8719330000000001
0.25948699999999997,-1.036979
0.249279,-1.245994
0.23907199999999998,-1.505868
0.22886399999999998,-1.831366
0.218656,-2.235396
0.208449,-2.80305
0.198241,-3.574359
0.18803399999999998,-4.655854
0.17782599999999998,-6.274596
0.167619,-8.414838
0.157411,-10.9427
0.147203,-13.40494
0.136996,-15.284431
0.12678799999999998,-15.956427999999999
0.11658099999999999,-14.741934
0.106373,-11.700448
0.096166048,-8.210963
0.08595848,-5.743474
0.07575092,-4.43098
0.065543348,-3.779983
0.055335776,-3.4299839999999997
0.045128204000000005,-3.188485
0.034920632,-2.9399859999999998
0.024713064,-2.719487
0.014505494,-2.5584879999999997
0.004297924,-2.435989
-0.005909646,-2.351989
-0.016117215,-2.3134889999999997
-0.026324786000000003,-2.295989
-0.036532356,-2.2609899999999996
-0.046739924,-2.18749
-0.056947496,-2.07199
-0.067155064,-1.938991
-0.077362632,-1.816491
-0.08757020800000001,-1.718492
-0.09777777600000001,-1.6414920000000002
-0.107985,-1.578492
-0.11819199999999999,-1.525993
-0.1284,-1.476993
-0.13860799999999998,-1.4244929999999998
-0.148815,-1.375493
-0.159023,-1.3334940000000002
-0.16923,-1.291494
-0.179438,-1.252994
-0.18964499999999998,-1.2214939999999999
-0.199853,-1.1829939999999999
-0.18964499999999998,-1.095495
-0.179438,-1.039495
-0.16923,-0.997495
-0.159023,-0.9554950000000001
-0.148815,-0.920495
-0.13860799999999998,-0.888996
-0.1284,-0.860996
-0.11819199999999999,-0.832996
-0.107985,-0.808496
-0.09777777600000001,-0.783996
-0.08757020800000001,-0.7629959999999999
-0.077362632,-0.741996
-0.067155064,-0.724496
-0.056947496,-0.706996
-0.046739924,-0.6859959999999999
-0.036532356,-0.6667470000000001
-0.026324786000000003,-0.643997
-0.016117215,-0.621247
-0.005909646,-0.601997
0.004297924,-0.575747
0.014505494,-0.551247
0.024713064,-0.521497
0.034920632,-0.48649699999999996
0.045128204000000005,-0.439248
0.055335776,-0.388498
0.065543348,-0.332498
0.07575092,-0.278248
0.08595848,-0.22924799999999998
0.096166048,-0.18724899999999997
0.106373,-0.152249
0.11658099999999999,-0.12424899999999998
0.12678799999999998,-0.102812
0.136996,-0.08531212
0.147203,-0.06868719200000001
0.157411,-0.05337476
0.167619,-0.037624832000000004
0.17782599999999998,-0.021656154
0.18803399999999998,-0.0028437370000000003
0.198241,0.017937420000000003
0.208449,0.04046857200000001
0.218656,0.067155952
0.22886399999999998,0.095921448
0.23907199999999998,0.12753
0.249279,0.163405
0.25948699999999997,0.20310799999999998
0.269694,0.249592
0.279902,0.312811
0.290109,0.407529
0.300317,0.5462159999999999
0.310525,0.7453869999999999
0.32073199999999996,1.012807
0.33094,1.330869
0.341147,1.6662109999999999
0.351355,1.964366
0.361562,2.1699900000000003
0.37177,2.270177
0.38197699999999996,2.277177
0.392185,2.22424
0.402393,2.13499
0.41259999999999997,2.030428
0.42280799999999996,1.933741
0.433015,1.845366
0.443223,1.769679
0.45343,1.7145540000000001
0.463638,1.682617
0.473846,1.681742
0.48405299999999996,1.726804
0.49426099999999995,1.8388039999999999
0.504468,2.029115
0.514676,2.294239
0.524883,2.639425
0.535091,3.0493609999999998
0.545299,3.4916709999999997
0.5555059999999999,3.9317939999999996
0.5657139999999999,4.36623
0.575921,4.795853
0.586129,5.200976
0.596336,5.5151
0.606544,5.697099
0.616752,5.767099
0.6269589999999999,5.776724
0.6371669999999999,5.667349
0.647374,5.3409759999999995
0.657582,4.918353
0.667789,4.540354
0.677997,4.244605
0.688205,4.019730999999999
0.6984119999999999,3.8526070000000003
0.7086199999999999,3.727483
0.718827,3.630358
0.729035,3.5551090000000003
0.739242,3.493859
0.74945,3.442234
0.7596579999999999,3.401109
0.7698649999999999,3.3678589999999997
0.780073,3.3416099999999997
0.79028,3.32061
0.800488,3.302235
0.8106949999999999,3.2856099999999997
0.8209029999999999,3.2707349999999997
0.8311109999999999,3.256735
0.841318,3.25061
0.851526,3.25411
0.861733,3.27161
0.871941,3.307485
0.8821479999999999,3.054611
0.8923559999999999,2.7396119999999997
0.9025639999999999,2.5156129999999997
0.912771,2.344989
0.922979,2.205865
0.933186,2.090365
0.943394,1.9941160000000002
0.9536009999999999,1.909241
0.9638089999999999,1.837491
0.9740169999999999,1.774492
0.984224,1.7158669999999998
0.994432,1.665992
1.004639,1.6196169999999999
1.014847,1.579367
1.025054,1.5426179999999998
1.035262,1.506743
1.04547,1.476118
1.055677,1.446368
1.065885,1.420118
1.076092,1.3956179999999998
1.0863,1.371118
1.096507,1.3492439999999999
1.106715,1.3299940000000001
1.1169229999999999,1.309869
1.12713,1.2932439999999998
1.137338,1.275744
1.147545,1.259994
1.157753,1.245119
1.1679599999999999,1.229369
1.1781679999999999,1.216244
1.1883759999999999,1.203119
1.198583,1.190869
1.208791,1.179494
1.218998,1.167244
1.229206,1.156744
1.2394129999999999,1.1462439999999998
1.2496209999999999,1.1357439999999999
1.2598289999999999,1.126995
1.270036,1.1164949999999998
1.280244,1.10862
1.290451,1.0998700000000001
1.300659,1.0911199999999999
1.3108659999999999,1.08412
1.3210739999999999,1.07537
1.331281,1.067495
1.341489,1.06137
1.351697,1.053495
1.361904,1.04737
1.372112,1.04037
1.3823189999999999,1.03337
1.3925269999999998,1.0289949999999999
1.402734,1.02112
1.412942,1.0158699999999998
1.42315,1.01062
1.433357,1.00362
1.443565,0.999245
1.4537719999999998,0.99312
1.4639799999999998,0.9887449999999999
1.474187,0.9843700000000001
1.484395,0.978245
1.494603,0.9738699999999999
1.50481,0.9694950000000001
1.494603,0.964245
1.484395,0.960745
1.474187,0.95462
1.4639799999999998,0.951995
1.4537719999999998,0.946745
1.443565,0.943245
1.433357,0.9397449999999999
1.42315,0.934495
1.412942,0.93187
1.402734,0.927495
1.3925269999999998,0.92312
1.3823189999999999,0.920495
1.372112,0.91612
1.361904,0.91262
1.351697,0.9099949999999999
1.341489,0.90562
1.331281,0.902995
1.3210739999999999,0.899495
1.3108659999999999,0.895996
1.300659,0.8933709999999999
1.290451,0.889871
1.280244,0.887246
1.270036,0.883746
1.2598289999999999,0.8811209999999999
1.2496209999999999,0.8793709999999999
1.2394129999999999,0.874996
1.229206,0.8723709999999999
1.218998,0.870621
1.208791,0.866246
1.198583,0.865371
1.1883759999999999,0.860996
1.1781679999999999,0.859246
1.1679599999999999,0.8566210000000001
1.157753,0.853121
1.147545,0.852246
1.137338,0.848746
1.12713,0.846121
1.1169229999999999,0.8452459999999999
1.106715,0.841746
1.096507,0.839121
1.0863,0.837371
1.076092,0.834746
1.065885,0.833871
1.055677,0.830371
1.04547,0.8286209999999999
1.035262,0.826871
1.025054,0.824246
1.014847,0.823371
1.004639,0.819871
0.994432,0.818121
0.984224,0.816371
0.9740169999999999,0.813746
0.9638089999999999,0.812871
0.9536009999999999,0.811121
0.943394,0.808496
0.933186,0.8076209999999999
0.922979,0.804121
0.912771,0.654497
0.9025639999999999,0.525872
0.8923559999999999,0.420873
0.8821479999999999,0.336873
0.871941,0.268623
0.861733,0.213499
0.851526,0.16974899999999998
0.841318,0.135624
0.8311109999999999,0.109374
0.8209029999999999,0.08924960000000001
0.8106949999999999,0.07262468000000001
0.800488,0.059062236000000004
0.79028,0.049218532
0.780073,0.04046857200000001
0.7698649999999999,0.033687352000000004
0.7596579999999999,0.027781126000000003
0.74945,0.022968648
0.739242,0.018484294000000002
0.729035,0.014656185000000002
0.718827,-0.019342314000000003
0.7086199999999999,-0.026202284000000003
0.6984119999999999,-0.027865476
0.688205,-0.027344678
0.677997,-0.029931870000000003
0.667789,-0.031253462
0.657582,-0.031197464
0.647374,-0.032272656000000004
0.6371669999999999,-0.034131848
0.6269589999999999,-0.034613448000000005
0.616752,-0.034563048000000006
0.606544,-0.036819840000000006
0.596336,-0.037861432
0.586129,-0.037855836000000004
0.575921,-0.039765424
0.5657139999999999,-0.04119902
0.5555059999999999,-0.041921416
0.545299,-0.043097408000000004
0.535091,-0.044811004
0.524883,-0.046076596000000004
0.514676,-0.047129392000000006
0.504468,-0.048876584
0.49426099999999995,-0.05036618
0.48405299999999996,-0.05424976
0.473846,-0.05993723200000001
0.463638,-0.066609076
0.45343,-0.073718424
0.443223,-0.082140264
0.433015,-0.091874592
0.42280799999999996,-0.102812
0.41259999999999997,-0.11484299999999999
0.402393,-0.129608
0.392185,-0.147108
0.38197699999999996,-0.166249
0.37177,-0.189655
0.361562,-0.217327
0.351355,-0.248717
0.341147,-0.286123
0.33094,-0.33129499999999995
0.32073199999999996,-0.384888
0.310525,-0.448435
0.300317,-0.526091
0.290109,-0.620262
0.279902,-0.732371
0.269694,-0.869089
0.25948699999999997,-1.033917
0.249279,-1.2409629999999998
0.23907199999999998,-1.4997429999999998
0.22886399999999998,-1.823929
0.218656,-2.225333
0.208449,-2.78905
0.198241,-3.552921
0.18803399999999998,-4.6265410000000005
0.17782599999999998,-6.232596999999999
0.167619,-8.362336999999998
0.157411,-10.891950999999999
0.147203,-13.371690000000001
0.136996,-15.284431
0.12678799999999998,-16.017678
0.11658099999999999,-14.867934
0.106373,-11.854447
0.096166048,-8.340462
0.08595848,-5.823974
0.07575092,-4.486979
0.065543348,-3.825483
0.055335776,-3.471984
0.045128204000000005,-3.226985
0.034920632,-2.971486
0.024713064,-2.7404870000000003
0.014505494,-2.579488
0.004297924,-2.4499889999999995
-0.005909646,-2.3694889999999997
-0.016117215,-2.323989
-0.026324786000000003,-2.3064889999999996
-0.036532356,-2.278489
-0.046739924,-2.20499
-0.056947496,-2.0894899999999996
-0.067155064,-1.9529910000000001
-0.077362632,-1.830491
-0.08757020800000001,-1.732492
-0.09777777600000001,-1.651992
-0.107985,-1.588992
-0.11819199999999999,-1.536493
-0.1284,-1.487493
-0.13860799999999998,-1.434993
-0.148815,-1.385993
-0.159023,-1.3404939999999999
-0.16923,-1.298494
-0.179438,-1.259994
-0.18964499999999998,-1.228494
-0.199853,-1.1934939999999998
-0.18964499999999998,-1.102495
-0.179438,-1.049995
-0.16923,-1.0009949999999999
-0.159023,-0.962495
-0.148815,-0.927495
-0.13860799999999998,-0.895996
-0.1284,-0.867996
-0.11819199999999999,-0.839996
-0.107985,-0.815496
-0.09777777600000001,-0.790996
-0.08757020800000001,-0.769996
-0.077362632,-0.7489959999999999
-0.067155064,-0.731496
-0.056947496,-0.710496
-0.046739924,-0.6912459999999999
-0.036532356,-0.671997
-0.026324786000000003,-0.649247
-0.016117215,-0.626497
-0.005909646,-0.6037469999999999
0.004297924,-0.580997
0.014505494,-0.554747
0.024713064,-0.5249969999999999
0.034920632,-0.488247
0.045128204000000005,-0.440998
0.055335776,-0.388498
0.065543348,-0.332498
0.07575092,-0.278248
0.08595848,-0.22924799999999998
0.096166048,-0.186374
0.106373,-0.152249
0.11658099999999999,-0.12424899999999998
0.12678799999999998,-0.102374
0.136996,-0.08487462400000001
0.147203,-0.06868719200000001
0.157411,-0.05337476
0.167619,-0.037624832000000004
0.17782599999999998,-0.021656154
0.18803399999999998,-0.0034999840000000003
0.198241,0.017937420000000003
0.208449,0.039812324
0.218656,0.066609076
0.22886399999999998,0.09581207200000001
0.23907199999999998,0.12709299999999998
0.249279,0.163514
0.25948699999999997,0.202999
0.269694,0.250139
0.279902,0.314998
0.290109,0.411248
0.300317,0.553435
0.310525,0.756324
0.32073199999999996,1.0281200000000001
0.33094,1.3509939999999998
0.341147,1.6883039999999998
0.351355,1.985584
0.361562,2.18749
0.37177,2.281552
0.38197699999999996,2.2837389999999997
0.392185,2.225552
0.402393,2.13324
0.41259999999999997,2.026928
0.42280799999999996,1.9289279999999998
0.433015,1.840991
0.443223,1.765742
0.45343,1.711054
0.463638,1.681305
0.473846,1.682179
0.48405299999999996,1.731617
0.49426099999999995,1.850179
0.504468,2.04924
0.514676,2.325302
0.524883,2.6818630000000003
0.535091,3.104486
0.545299,3.555984
0.5555059999999999,4.003544000000001
0.5657139999999999,4.445855
0.575921,4.884227999999999
0.586129,5.295476
0.596336,5.6095999999999995
0.606544,5.784599
0.616752,5.846723
0.6269589999999999,5.844974
0.6371669999999999,5.720724
0.647374,5.368100999999999
0.657582,4.927103
0.667789,4.542104
0.677997,4.241105999999999
0.688205,4.013605999999999
0.6984119999999999,3.8438569999999994
0.7086199999999999,3.715233
0.718827,3.617233
0.729035,3.538484
0.739242,3.475484
0.74945,3.422109
0.7596579999999999,3.37836
0.7698649999999999,3.342485
0.780073,3.3136099999999997
0.79028,3.28911
0.800488,3.268985
0.8106949999999999,3.25061
0.8209029999999999,3.23486
0.8311109999999999,3.221735
0.841318,3.216485
0.851526,3.221735
0.861733,3.2427349999999997
0.871941,3.281235
0.8821479999999999,3.017861
0.8923559999999999,2.7098619999999998
0.9025639999999999,2.491988
0.912771,2.322239
0.922979,2.1883649999999997
0.933186,2.07374
0.943394,1.979241
0.9536009999999999,1.897866
0.9638089999999999,1.824366
0.9740169999999999,1.763117
0.984224,1.706242
0.994432,1.656367
1.004639,1.612617
1.014847,1.570617
1.025054,1.533868
1.035262,1.500618
1.04547,1.468243
1.055677,1.441118
1.065885,1.4131179999999999
1.076092,1.388618
1.0863,1.3658679999999999
1.096507,1.343994
1.106715,1.324744
1.1169229999999999,1.305494
1.12713,1.2871190000000001
1.137338,1.271369
1.147545,1.254744
1.157753,1.240744
1.1679599999999999,1.2258689999999999
1.1781679999999999,1.211869
1.1883759999999999,1.200494
1.198583,1.186494
1.208791,1.175994
1.218998,1.1646189999999998
1.229206,1.152369
1.2394129999999999,1.143619
1.2496209999999999,1.1322439999999998
1.2598289999999999,1.123494
1.270036,1.114745
1.280244,1.104245
1.290451,1.097245
1.300659,1.088495
1.3108659999999999,1.079745
1.3210739999999999,1.0736199999999998
1.331281,1.06487
1.341489,1.0587449999999998
1.351697,1.05087
1.361904,1.0438699999999999
1.372112,1.03862
1.3823189999999999,1.0307449999999998
1.3925269999999998,1.025495
1.402734,1.0193699999999999
1.412942,1.01237
1.42315,1.007995
1.433357,1.0018699999999998
1.443565,0.9966200000000001
1.4537719999999998,0.99137
1.4639799999999998,0.9861199999999999
1.474187,0.981745
1.484395,0.9756199999999999
1.494603,0.9712449999999999
1.50481,0.96687
1.494603,0.9616199999999999
1.484395,0.9581199999999999
1.474187,0.9537450000000001
1.4639799999999998,0.948495
1.4537719999999998,0.944995
1.443565,0.94062
1.433357,0.9371200000000001
1.42315,0.9327449999999999
1.412942,0.92837
1.402734,0.9257449999999999
1.3925269999999998,0.92137
1.3823189999999999,0.91787
1.372112,0.91437
1.361904,0.9099949999999999
1.351697,0.90737
1.341489,0.90387
1.331281,0.90037
1.3210739999999999,0.897745
1.3108659999999999,0.894246
1.300659,0.891621
1.290451,0.8881209999999999
1.280244,0.884621
1.270036,0.882871
1.2598289999999999,0.8793709999999999
1.2496209999999999,0.875871
1.2394129999999999,0.8741209999999999
1.229206,0.869746
1.218998,0.867996
1.208791,0.865371
1.198583,0.861871
1.1883759999999999,0.860121
1.1781679999999999,0.8566210000000001
1.1679599999999999,0.854871
1.157753,0.852246
1.147545,0.8496210000000001
1.137338,0.847871
1.12713,0.844371
1.1169229999999999,0.842621
1.106715,0.839996
1.096507,0.837371
1.0863,0.835621
1.076092,0.832996
1.065885,0.8312459999999999
1.055677,0.8294959999999999
1.04547,0.825996
1.035262,0.825121
1.025054,0.822496
1.014847,0.8207460000000001
1.004639,0.8189960000000001
0.994432,0.816371
0.984224,0.8146209999999999
0.9740169999999999,0.812871
0.9638089999999999,0.810246
0.9536009999999999,0.809371
0.943394,0.806746
0.933186,0.804996
0.922979,0.804121
0.912771,0.662372
0.9025639999999999,0.531122
0.8923559999999999,0.426123
0.8821479999999999,0.340373
0.871941,0.271248
0.861733,0.21612399999999998
0.851526,0.17149899999999998
0.841318,0.136499
0.8311109999999999,0.110249
0.8209029999999999,0.08924960000000001
0.8106949999999999,0.072187176
0.800488,0.059062236000000004
0.79028,0.048781032
0.780073,0.039812324
0.7698649999999999,0.033031104
0.7596579999999999,0.027562376000000003
0.74945,0.022312400000000003
0.739242,0.018046794
0.729035,0.014218687
0.718827,-0.019583114000000002
0.7086199999999999,-0.026308684000000002
0.6984119999999999,-0.027938278
0.688205,-0.02732228
0.677997,-0.029937468000000002
0.667789,-0.031315062
0.657582,-0.031119062000000003
0.647374,-0.03233985600000001
0.6371669999999999,-0.034081448
0.6269589999999999,-0.034568648
0.616752,-0.034613448000000005
0.606544,-0.03676383600000001
0.596336,-0.037844632
0.586129,-0.037839032
0.575921,-0.039692628
0.5657139999999999,-0.041255016000000005
0.5555059999999999,-0.04188781600000001
0.545299,-0.043097408000000004
0.535091,-0.044811004
0.524883,-0.046026196
0.514676,-0.047123792000000005
0.504468,-0.048831788
0.49426099999999995,-0.050349376
0.48405299999999996,-0.054359132000000004
0.473846,-0.059718484
0.463638,-0.066499704
0.45343,-0.073499672
0.443223,-0.08181213600000001
0.433015,-0.091874592
0.42280799999999996,-0.102374
0.41259999999999997,-0.114733
0.402393,-0.12939
0.392185,-0.146671
0.38197699999999996,-0.166139
0.37177,-0.189327
0.361562,-0.21667
0.351355,-0.24828
0.341147,-0.285248
0.33094,-0.33063899999999996
0.32073199999999996,-0.38390399999999997
0.310525,-0.447013
0.300317,-0.524778
0.290109,-0.618075
0.279902,-0.730074
0.269694,-0.8659169999999999
0.25948699999999997,-1.030198
0.249279,-1.23615
0.23907199999999998,-1.492305
0.22886399999999998,-1.81496
0.218656,-2.2146150000000002
0.208449,-2.77155
0.198241,-3.529296
0.18803399999999998,-4.593729
0.17782599999999998,-6.183597
0.167619,-8.301963
0.157411,-10.827201
0.147203,-13.32619
0.136996,-15.277432000000001
0.12678799999999998,-16.071928
0.11658099999999999,-14.997433000000001
0.106373,-12.022445999999999
0.096166048,-8.487461999999999
0.08595848,-5.918473
0.07575092,-4.5499789999999996
0.065543348,-3.877982
0.055335776,-3.513984
0.045128204000000005,-3.265485
0.034920632,-3.009986
0.024713064,-2.764987
0.014505494,-2.596988
0.004297924,-2.463988
-0.005909646,-2.379989
-0.016117215,-2.337989
-0.026324786000000003,-2.320489
-0.036532356,-2.288989
-0.046739924,-2.21899
-0.056947496,-2.10349
-0.067155064,-1.966991
-0.077362632,-1.844491
-0.08757020800000001,-1.7429919999999999
-0.09777777600000001,-1.6589919999999998
-0.107985,-1.599492
-0.11819199999999999,-1.5504930000000001
-0.1284,-1.497993
-0.13860799999999998,-1.4419929999999999
-0.148815,-1.396493
-0.159023,-1.3509939999999998
-0.16923,-1.308994
-0.179438,-1.270494
-0.18964499999999998,-1.2354939999999999
-0.199853,-1.200494
-0.18964499999999998,-1.112995
-0.179438,-1.0569950000000001
-0.16923,-1.007995
-0.159023,-0.9694950000000001
-0.148815,-0.934495
-0.13860799999999998,-0.902995
-0.1284,-0.874996
-0.11819199999999999,-0.846996
-0.107985,-0.8189960000000001
-0.09777777600000001,-0.797996
-0.08757020800000001,-0.773496
-0.077362632,-0.7559959999999999
-0.067155064,-0.734996
-0.056947496,-0.713996
-0.046739924,-0.696496
-0.036532356,-0.6754969999999999
-0.026324786000000003,-0.654497
-0.016117215,-0.631747
-0.005909646,-0.608997
0.004297924,-0.584497
0.014505494,-0.558247
0.024713064,-0.526747
0.034920632,-0.489997
0.045128204000000005,-0.440998
0.055335776,-0.388498
0.065543348,-0.332498
0.07575092,-0.278248
0.08595848,-0.22924799999999998
0.096166048,-0.185499
0.106373,-0.15137399999999998
0.11658099999999999,-0.12424899999999998
0.12678799999999998,-0.101499
0.136996,-0.08487462400000001
0.147203,-0.068249696
0.157411,-0.052937268
0.167619,-0.03784358
0.17782599999999998,-0.021218656000000002
0.18803399999999998,-0.0028437370000000003
0.198241,0.017828046
0.208449,0.039921700000000004
0.218656,0.066280956
0.22886399999999998,0.09559332800000002
0.23907199999999998,0.12709299999999998
0.249279,0.163405
0.25948699999999997,0.203655
0.269694,0.25134199999999995
0.279902,0.317842
0.290109,0.41617
0.300317,0.56131
0.310525,0.768902
0.32073199999999996,1.044198
0.33094,1.371337
0.341147,1.709742
0.351355,2.004834
0.361562,2.203677
0.37177,2.2916139999999996
0.38197699999999996,2.287677
0.392185,2.226865
0.402393,2.1306149999999997
0.41259999999999997,2.023866
0.42280799999999996,1.9249910000000001
0.433015,1.8357409999999998
0.443223,1.761367
0.45343,1.707554
0.463638,1.679117
0.473846,1.683492
0.48405299999999996,1.737304
0.49426099999999995,1.8637409999999999
0.504468,2.070678
0.514676,2.357239
0.524883,2.725175
0.535091,3.159173
0.545299,3.621608
0.5555059999999999,4.075730999999999
0.5657139999999999,4.52723
0.575921,4.971727
0.586129,5.388224999999999
0.596336,5.698849
0.606544,5.865972999999999
0.616752,5.918473
0.6269589999999999,5.907972999999999
0.6371669999999999,5.764474
0.647374,5.3873500000000005
0.657582,4.930603
0.667789,4.536854
0.677997,4.234106
0.688205,4.004857
0.6984119999999999,3.8333570000000003
0.7086199999999999,3.703858
0.718827,3.603233
0.729035,3.5244839999999997
0.739242,3.4579839999999997
0.74945,3.4037339999999996
0.7596579999999999,3.358234
0.7698649999999999,3.319735
0.780073,3.2882350000000002
0.79028,3.261985
0.800488,3.24011
0.8106949999999999,3.22086
0.8209029999999999,3.204235
0.8311109999999999,3.191985
0.841318,3.18761
0.851526,3.195485
0.861733,3.21911
0.871941,3.260235
0.8821479999999999,2.9828609999999998
0.8923559999999999,2.680113
0.9025639999999999,2.469239
0.912771,2.302989
0.922979,2.1691149999999997
0.933186,2.0597399999999997
0.943394,1.964366
0.9536009999999999,1.883866
0.9638089999999999,1.813866
0.9740169999999999,1.750867
0.984224,1.697492
0.994432,1.646742
1.004639,1.602992
1.014847,1.563618
1.025054,1.525993
1.035262,1.4936180000000001
1.04547,1.462118
1.055677,1.434118
1.065885,1.4087429999999999
1.076092,1.382493
1.0863,1.361493
1.096507,1.339619
1.106715,1.3194940000000002
1.1169229999999999,1.301994
1.12713,1.283619
1.137338,1.266994
1.147545,1.251244
1.157753,1.2363689999999998
1.1679599999999999,1.223244
1.1781679999999999,1.208369
1.1883759999999999,1.196119
1.198583,1.183869
1.208791,1.171619
1.218998,1.1611189999999998
1.229206,1.1497439999999999
1.2394129999999999,1.1401189999999999
1.2496209999999999,1.1304949999999998
1.2598289999999999,1.1199949999999999
1.270036,1.111245
1.280244,1.102495
1.290451,1.093745
1.300659,1.0867449999999999
1.3108659999999999,1.0771199999999999
1.3210739999999999,1.07012
1.331281,1.0631199999999998
1.341489,1.05437
1.351697,1.04912
1.361904,1.0421200000000002
1.372112,1.03512
1.3823189999999999,1.0298699999999998
1.3925269999999998,1.021995
1.402734,1.016745
1.412942,1.01062
1.42315,1.0053699999999999
1.433357,1.00012
1.443565,0.993995
1.4537719999999998,0.9896199999999999
1.4639799999999998,0.9843700000000001
1.474187,0.978245
1.484395,0.974745
1.494603,0.96862
1.50481,0.96512
1.494603,0.960745
1.484395,0.95462
1.474187,0.951995
1.4639799999999998,0.946745
1.4537719999999998,0.94237
1.443565,0.93887
1.433357,0.934495
1.42315,0.930995
1.412942,0.92662
1.402734,0.92312
1.3925269999999998,0.920495
1.3823189999999999,0.91612
1.372112,0.91262
1.361904,0.90912
1.351697,0.90562
1.341489,0.902995
1.331281,0.89862
1.3210739999999999,0.895996
1.3108659999999999,0.8924960000000001
1.300659,0.888996
1.290451,0.8863709999999999
1.280244,0.882871
1.270036,0.880246
1.2598289999999999,0.877621
1.2496209999999999,0.873246
1.2394129999999999,0.8723709999999999
1.229206,0.868871
1.218998,0.866246
1.208791,0.8644959999999999
1.198583,0.860996
1.1883759999999999,0.858371
1.1781679999999999,0.855746
1.1679599999999999,0.852246
1.157753,0.8504959999999999
1.147545,0.846996
1.137338,0.8452459999999999
1.12713,0.8434959999999999
1.1169229999999999,0.839996
1.106715,0.839121
1.096507,0.835621
1.0863,0.833871
1.076092,0.832121
1.065885,0.8286209999999999
1.055677,0.827746
1.04547,0.825121
1.035262,0.822496
1.025054,0.8216209999999999
1.014847,0.8189960000000001
1.004639,0.817246
0.994432,0.8146209999999999
0.984224,0.811996
0.9740169999999999,0.811121
0.9638089999999999,0.808496
0.9536009999999999,0.806746
0.943394,0.805871
0.933186,0.802371
0.922979,0.802371
0.912771,0.671121
0.9025639999999999,0.538122
0.8923559999999999,0.430498
0.8821479999999999,0.343873
0.871941,0.272998
0.861733,0.21787399999999998
0.851526,0.173249
0.841318,0.138249
0.8311109999999999,0.111124
0.8209029999999999,0.08924960000000001
0.8106949999999999,0.072187176
0.800488,0.059062236000000004
0.79028,0.048343536000000006
0.780073,0.04003107200000001
0.7698649999999999,0.032593606000000004
0.7596579999999999,0.02734363
0.74945,0.022093652000000002
0.739242,0.017828046
0.729035,0.014218687
0.718827,-0.019784712000000003
0.7086199999999999,-0.026426284
0.6984119999999999,-0.027971876
0.688205,-0.027316680000000003
0.677997,-0.029875868
0.667789,-0.031326264000000006
0.657582,-0.031107864
0.647374,-0.032239058
0.6371669999999999,-0.034137452
0.6269589999999999,-0.034495848
0.616752,-0.034591048000000006
0.606544,-0.03675264
0.596336,-0.037811036000000006
0.586129,-0.037867032
0.575921,-0.039625428000000004
0.5657139999999999,-0.04121021600000001
0.5555059999999999,-0.041854216
0.545299,-0.043024608000000006
0.535091,-0.044867000000000004
0.524883,-0.045986996
0.514676,-0.047073392000000006
0.504468,-0.048859784
0.49426099999999995,-0.05027658000000001
0.48405299999999996,-0.05414038400000001
0.473846,-0.05960910800000001
0.463638,-0.066062208
0.45343,-0.07360904800000001
0.443223,-0.08148400800000001
0.433015,-0.09154646400000001
0.42280799999999996,-0.102265
0.41259999999999997,-0.114186
0.402393,-0.12939
0.392185,-0.146124
0.38197699999999996,-0.165702
0.37177,-0.188889
0.361562,-0.21601399999999998
0.351355,-0.247623
0.341147,-0.28426399999999996
0.33094,-0.329326
0.32073199999999996,-0.38270099999999996
0.310525,-0.44526299999999996
0.300317,-0.5230279999999999
0.290109,-0.615559
0.279902,-0.727231
0.269694,-0.862746
0.25948699999999997,-1.0252759999999999
0.249279,-1.230025
0.23907199999999998,-1.484649
0.22886399999999998,-1.8048980000000001
0.218656,-2.202584
0.208449,-2.7527369999999998
0.198241,-3.502171
0.18803399999999998,-4.556979
0.17782599999999998,-6.127597
0.167619,-8.231963
0.157411,-10.753702
0.147203,-13.26669
0.136996,-15.261681000000001
0.12678799999999998,-16.119177999999998
0.11658099999999999,-15.123432
0.106373,-12.197446000000001
0.096166048,-8.630962
0.08595848,-6.016473
0.07575092,-4.616479
0.065543348,-3.930482
0.055335776,-3.555984
0.045128204000000005,-3.307485
0.034920632,-3.0484859999999996
0.024713064,-2.785987
0.014505494,-2.610988
0.004297924,-2.477989
-0.005909646,-2.390489
-0.016117215,-2.344989
-0.026324786000000003,-2.327489
-0.036532356,-2.299489
-0.046739924,-2.2329899999999996
-0.056947496,-2.1174899999999997
-0.067155064,-1.9809910000000002
-0.077362632,-1.8584910000000001
-0.08757020800000001,-1.756992
-0.09777777600000001,-1.669492
-0.107985,-1.606492
-0.11819199999999999,-1.553993
-0.1284,-1.504993
-0.13860799999999998,-1.4524929999999998
-0.148815,-1.403493
-0.159023,-1.357993
-0.16923,-1.312494
-0.179438,-1.277494
-0.18964499999999998,-1.238994
-0.199853,-1.2074939999999998
-0.18964499999999998,-1.1164949999999998
-0.179438,-1.060495
-0.16923,-1.0149949999999999
-0.159023,-0.9729949999999999
-0.148815,-0.937995
-0.13860799999999998,-0.9064949999999999
-0.1284,-0.874996
-0.11819199999999999,-0.8504959999999999
-0.107985,-0.822496
-0.09777777600000001,-0.801496
-0.08757020800000001,-0.776996
-0.077362632,-0.759496
-0.067155064,-0.741996
-0.056947496,-0.720996
-0.046739924,-0.699996
-0.036532356,-0.6789959999999999
-0.026324786000000003,-0.656247
-0.016117215,-0.633497
-0.005909646,-0.6107469999999999
0.004297924,-0.5862470000000001
0.014505494,-0.561747
0.024713064,-0.528497
0.034920632,-0.489997
0.045128204000000005,-0.440998
0.055335776,-0.386748
0.065543348,-0.33074800000000004
0.07575092,-0.276498
0.08595848,-0.225748
0.096166048,-0.184624
0.106373,-0.14962399999999998
0.11658099999999999,-0.122499
0.12678799999999998,-0.101062
0.136996,-0.084437128
0.147203,-0.06737470400000001
0.157411,-0.05249976800000001
0.167619,-0.037406084000000006
0.17782599999999998,-0.020562408
0.18803399999999998,-0.002406239
0.198241,0.018156170000000003
0.208449,0.040577944000000005
0.218656,0.066609076
0.22886399999999998,0.09581207200000001
0.23907199999999998,0.127749
0.249279,0.163843
0.25948699999999997,0.20474900000000001
0.269694,0.253092
0.279902,0.32101399999999997
0.290109,0.42207599999999995
0.300317,0.570278
0.310525,0.782137
0.32073199999999996,1.060932
0.33094,1.392337
0.341147,1.731398
0.351355,2.023647
0.361562,2.2181149999999996
0.37177,2.299927
0.38197699999999996,2.291177
0.392185,2.22599
0.402393,2.127553
0.41259999999999997,2.019053
0.42280799999999996,1.9197410000000001
0.433015,1.8309289999999998
0.443223,1.756992
0.45343,1.704929
0.463638,1.678242
0.473846,1.685242
0.48405299999999996,1.7438669999999998
0.49426099999999995,1.8777409999999999
0.504468,2.0934280000000003
0.514676,2.390489
0.524883,2.77155
0.535091,3.216048
0.545299,3.6863580000000002
0.5555059999999999,4.147481
0.5657139999999999,4.606854
0.575921,5.060102
0.586129,5.4792250000000005
0.596336,5.787224
0.606544,5.9455979999999995
0.616752,5.985848
0.6269589999999999,5.964848
0.6371669999999999,5.800349
0.647374,5.398725
0.657582,4.930603
0.667789,4.531604
0.677997,4.227106
0.688205,3.996982
0.6984119999999999,3.823733
0.7086199999999999,3.695108
0.718827,3.592734
0.729035,3.5113589999999997
0.739242,3.443984
0.74945,3.387984
0.7596579999999999,3.33986
0.7698649999999999,3.29961
0.780073,3.267235
0.79028,3.239235
0.800488,3.21561
0.8106949999999999,3.195485
0.8209029999999999,3.17886
0.8311109999999999,3.167485
0.841318,3.16486
0.851526,3.1744850000000002
0.861733,3.200735
0.871941,3.2453600000000002
0.8821479999999999,2.9478609999999996
0.8923559999999999,2.654738
0.9025639999999999,2.445614
0.912771,2.284614
0.922979,2.15249
0.933186,2.04399
0.943394,1.952116
0.9536009999999999,1.871616
0.9638089999999999,1.8033659999999998
0.9740169999999999,1.741242
0.984224,1.687867
0.994432,1.639742
1.004639,1.5951170000000001
1.014847,1.5557429999999999
1.025054,1.519868
1.035262,1.486618
1.04547,1.457743
1.055677,1.4279929999999998
1.065885,1.403493
1.076092,1.378118
1.0863,1.355369
1.096507,1.3361189999999998
1.106715,1.315119
1.1169229999999999,1.296744
1.12713,1.280119
1.137338,1.262619
1.147545,1.248619
1.157753,1.231994
1.1679599999999999,1.218869
1.1781679999999999,1.205744
1.1883759999999999,1.1926189999999999
1.198583,1.181244
1.208791,1.168994
1.218998,1.157619
1.229206,1.147994
1.2394129999999999,1.136619
1.2496209999999999,1.127869
1.2598289999999999,1.11737
1.270036,1.107745
1.280244,1.100745
1.290451,1.090245
1.300659,1.083245
1.3108659999999999,1.07537
1.3210739999999999,1.067495
1.331281,1.060495
1.341489,1.053495
1.351697,1.046495
1.361904,1.04037
1.372112,1.032495
1.3823189999999999,1.027245
1.3925269999999998,1.020245
1.402734,1.0141200000000001
1.412942,1.00887
1.42315,1.002745
1.433357,0.997495
1.443565,0.9922449999999999
1.4537719999999998,0.9869949999999998
1.4639799999999998,0.98262
1.474187,0.976495
1.484395,0.9721199999999999
1.494603,0.9677450000000001
1.50481,0.962495
1.494603,0.9581199999999999
1.484395,0.9537450000000001
1.474187,0.9493699999999999
1.4639799999999998,0.9458699999999999
1.4537719999999998,0.94062
1.443565,0.9371200000000001
1.433357,0.9327449999999999
1.42315,0.92837
1.412942,0.9257449999999999
1.402734,0.920495
1.3925269999999998,0.91787
1.3823189999999999,0.91437
1.372112,0.91087
1.361904,0.90737
1.351697,0.90387
1.341489,0.90037
1.331281,0.897745
1.3210739999999999,0.8933709999999999
1.3108659999999999,0.890746
1.300659,0.887246
1.290451,0.884621
1.280244,0.881996
1.270036,0.878496
1.2598289999999999,0.875871
1.2496209999999999,0.873246
1.2394129999999999,0.869746
1.229206,0.867996
1.218998,0.8636210000000001
1.208791,0.861871
1.198583,0.859246
1.1883759999999999,0.854871
1.1781679999999999,0.853996
1.1679599999999999,0.851371
1.157753,0.847871
1.147545,0.846996
1.137338,0.8434959999999999
1.12713,0.841746
1.1169229999999999,0.839121
1.106715,0.8364959999999999
1.096507,0.834746
1.0863,0.8312459999999999
1.076092,0.830371
1.065885,0.827746
1.055677,0.825121
1.04547,0.824246
1.035262,0.8207460000000001
1.025054,0.819871
1.014847,0.817246
1.004639,0.8146209999999999
0.994432,0.813746
0.984224,0.811121
0.9740169999999999,0.809371
0.9638089999999999,0.8076209999999999
0.9536009999999999,0.804996
0.943394,0.804121
0.933186,0.801496
0.922979,0.799746
0.912771,0.679871
0.9025639999999999,0.5442469999999999
0.8923559999999999,0.43574799999999997
0.8821479999999999,0.348248
0.871941,0.276498
0.861733,0.219624
0.851526,0.174999
0.841318,0.139124
0.8311109999999999,0.111124
0.8209029999999999,0.08968709600000001
0.8106949999999999,0.07262468000000001
0.800488,0.059062236000000004
0.79028,0.048343536000000006
0.780073,0.039812324
0.7698649999999999,0.032812352
0.7596579999999999,0.02690613
0.74945,0.022093652000000002
0.739242,0.017609298000000002
0.729035,0.014218687
0.718827,-0.019913512
0.7086199999999999,-0.026555084000000003
0.6984119999999999,-0.027927078
0.688205,-0.02732228
0.677997,-0.029892670000000003
0.667789,-0.031264664000000005
0.657582,-0.031102262
0.647374,-0.032216658
0.6371669999999999,-0.034092652
0.6269589999999999,-0.034451048000000005
0.616752,-0.03454064800000001
0.606544,-0.03674704
0.596336,-0.037777432
0.586129,-0.037799832
0.575921,-0.03965902400000001
0.5657139999999999,-0.04114302000000001
0.5555059999999999,-0.041865416
0.545299,-0.042991012
0.535091,-0.04477740000000001
0.524883,-0.0459814
0.514676,-0.046994996000000004
0.504468,-0.048809388
0.49426099999999995,-0.05027098
0.48405299999999996,-0.053921636
0.473846,-0.059499736000000004
0.463638,-0.066171584
0.45343,-0.07328092000000001
0.443223,-0.08148400800000001
0.433015,-0.09110897600000001
0.42280799999999996,-0.102265
0.41259999999999997,-0.113858
0.402393,-0.128952
0.392185,-0.146014
0.38197699999999996,-0.165046
0.37177,-0.188342
0.361562,-0.215358
0.351355,-0.246748
0.341147,-0.283498
0.33094,-0.328123
0.32073199999999996,-0.38127900000000003
0.310525,-0.44373199999999996
0.300317,-0.5209499999999999
0.290109,-0.613591
0.279902,-0.72384
0.269694,-0.859136
0.25948699999999997,-1.02112
0.249279,-1.223463
0.23907199999999998,-1.477212
0.22886399999999998,-1.79396
0.218656,-2.189677
0.208449,-2.7334870000000002
0.198241,-3.473734
0.18803399999999998,-4.518917
0.17782599999999998,-6.068972
0.167619,-8.156713
0.157411,-10.674952
0.147203,-13.200191
0.136996,-15.237181999999999
0.12678799999999998,-16.161177000000002
0.11658099999999999,-15.252932
0.106373,-12.379444
0.096166048,-8.798961
0.08595848,-6.128472
0.07575092,-4.689979
0.065543348,-3.9864819999999996
0.055335776,-3.601483
0.045128204000000005,-3.3459839999999996
0.034920632,-3.086986
0.024713064,-2.8104869999999997
0.014505494,-2.624988
0.004297924,-2.495488
-0.005909646,-2.404489
-0.016117215,-2.3589890000000002
-0.026324786000000003,-2.3414889999999997
-0.036532356,-2.3134889999999997
-0.046739924,-2.2434890000000003
-0.056947496,-2.13149
-0.067155064,-1.994991
-0.077362632,-1.8724910000000001
-0.08757020800000001,-1.763992
-0.09777777600000001,-1.679992
-0.107985,-1.616992
-0.11819199999999999,-1.5644930000000001
-0.1284,-1.511993
-0.13860799999999998,-1.459493
-0.148815,-1.410493
-0.159023,-1.368493
-0.16923,-1.3194940000000002
-0.179438,-1.284494
-0.18964499999999998,-1.245994
-0.199853,-1.210994
-0.18964499999999998,-1.123494
-0.179438,-1.067495
-0.16923,-1.021995
-0.159023,-0.9799950000000001
-0.148815,-0.941495
-0.13860799999999998,-0.913495
-0.1284,-0.881996
-0.11819199999999999,-0.853996
-0.107985,-0.8294959999999999
-0.09777777600000001,-0.804996
-0.08757020800000001,-0.783996
-0.077362632,-0.7629959999999999
-0.067155064,-0.741996
-0.056947496,-0.720996
-0.046739924,-0.703496
-0.036532356,-0.682496
-0.026324786000000003,-0.6597470000000001
-0.016117215,-0.635247
-0.005909646,-0.614247
0.004297924,-0.589747
0.014505494,-0.563497
0.024713064,-0.5302469999999999
0.034920632,-0.489997
0.045128204000000005,-0.440998
0.055335776,-0.384998
0.065543348,-0.33074800000000004
0.07575092,-0.274748
0.08595848,-0.223999
0.096166048,-0.182874
0.106373,-0.14962399999999998
0.11658099999999999,-0.12162400000000001
0.12678799999999998,-0.100624
0.136996,-0.083562128
0.147203,-0.06737470400000001
0.157411,-0.05206226800000001
0.167619,-0.036531087999999996
0.17782599999999998,-0.02012491
0.18803399999999998,-0.0017499920000000001
0.198241,0.018703042000000003
0.208449,0.040906068000000004
0.218656,0.06737470400000001
0.22886399999999998,0.09646832000000001
0.23907199999999998,0.128296
0.249279,0.165046
0.25948699999999997,0.20617
0.269694,0.25571699999999997
0.279902,0.324623
0.290109,0.428201
0.300317,0.580122
0.310525,0.795699
0.32073199999999996,1.078651
0.33094,1.4131179999999999
0.341147,1.753054
0.351355,2.041803
0.361562,2.229927
0.37177,2.307364
0.38197699999999996,2.2929269999999997
0.392185,2.22424
0.402393,2.124053
0.41259999999999997,2.0142409999999997
0.42280799999999996,1.914928
0.433015,1.826991
0.443223,1.753054
0.45343,1.7023039999999998
0.463638,1.677367
0.473846,1.687867
0.48405299999999996,1.751742
0.49426099999999995,1.893054
0.504468,2.117928
0.514676,2.425051
0.524883,2.817924
0.535091,3.27336
0.545299,3.751108
0.5555059999999999,4.218793
0.5657139999999999,4.6856029999999995
0.575921,5.144102
0.586129,5.566725
0.596336,5.870348
0.606544,6.019098
0.616752,6.047097999999999
0.6269589999999999,6.015598
0.6371669999999999,5.831849
0.647374,5.4057249999999994
0.657582,4.925353
0.667789,4.522854
0.677997,4.217480999999999
0.688205,3.987357
0.6984119999999999,3.814107
0.7086199999999999,3.684608
0.718827,3.581358
0.729035,3.499984
0.739242,3.4317339999999996
0.74945,3.3739839999999997
0.7596579999999999,3.32411
0.7698649999999999,3.28386
0.780073,3.24886
0.79028,3.21911
0.800488,3.1946099999999995
0.8106949999999999,3.17361
0.8209029999999999,3.1587349999999996
0.8311109999999999,3.14736
0.841318,3.145611
0.851526,3.157861
0.861733,3.1849849999999997
0.871941,3.23311
0.8821479999999999,2.911111
0.8923559999999999,2.6293629999999997
0.9025639999999999,2.423739
0.912771,2.266239
0.922979,2.137615
0.933186,2.029115
0.943394,1.9398659999999996
0.9536009999999999,1.860241
0.9638089999999999,1.792867
0.9740169999999999,1.7333669999999999
0.984224,1.678242
0.994432,1.631867
1.004639,1.588117
1.014847,1.548743
1.025054,1.514618
1.035262,1.480493
1.04547,1.451618
1.055677,1.4236179999999998
1.065885,1.397368
1.076092,1.3746180000000001
1.0863,1.3509939999999998
1.096507,1.330869
1.106715,1.3116189999999999
1.1169229999999999,1.2923689999999999
1.12713,1.276619
1.137338,1.259994
1.147545,1.2442440000000001
1.157753,1.2302440000000001
1.1679599999999999,1.214494
1.1781679999999999,1.203119
1.1883759999999999,1.1899939999999998
1.198583,1.177744
1.208791,1.167244
1.218998,1.154119
1.229206,1.1444940000000001
1.2394129999999999,1.13487
1.2496209999999999,1.12437
1.2598289999999999,1.1156199999999998
1.270036,1.1059949999999998
1.280244,1.097245
1.290451,1.08937
1.300659,1.079745
1.3108659999999999,1.0736199999999998
1.3210739999999999,1.06487
1.331281,1.0578699999999999
1.341489,1.051745
1.351697,1.0429950000000001
1.361904,1.037745
1.372112,1.03162
1.3823189999999999,1.02462
1.3925269999999998,1.0193699999999999
1.402734,1.01237
1.412942,1.00712
1.42315,1.0009949999999999
1.433357,0.995745
1.443565,0.9904949999999999
1.4537719999999998,0.985245
1.4639799999999998,0.9799950000000001
1.474187,0.974745
1.484395,0.9694950000000001
1.494603,0.965995
1.50481,0.960745
1.494603,0.95637
1.484395,0.9528699999999999
1.474187,0.946745
1.4639799999999998,0.94412
1.4537719999999998,0.93887
1.443565,0.934495
1.433357,0.93187
1.42315,0.92662
1.412942,0.9239949999999999
1.402734,0.91962
1.3925269999999998,0.915245
1.3823189999999999,0.913495
1.372112,0.90912
1.361904,0.90562
1.351697,0.90212
1.341489,0.89862
1.331281,0.895996
1.3210739999999999,0.891621
1.3108659999999999,0.888996
1.300659,0.8863709999999999
1.290451,0.881996
1.280244,0.880246
1.270036,0.876746
1.2598289999999999,0.873246
1.2496209999999999,0.8723709999999999
1.2394129999999999,0.867996
1.229206,0.865371
1.218998,0.862746
1.208791,0.859246
1.198583,0.858371
1.1883759999999999,0.854871
1.1781679999999999,0.852246
1.1679599999999999,0.8504959999999999
1.157753,0.846996
1.147545,0.8452459999999999
1.137338,0.841746
1.12713,0.839996
1.1169229999999999,0.8382459999999999
1.106715,0.834746
1.096507,0.832996
1.0863,0.830371
1.076092,0.827746
1.065885,0.826871
1.055677,0.823371
1.04547,0.822496
1.035262,0.819871
1.025054,0.817246
1.014847,0.816371
1.004639,0.812871
0.994432,0.811121
0.984224,0.810246
0.9740169999999999,0.8076209999999999
0.9638089999999999,0.805871
0.9536009999999999,0.804121
0.943394,0.801496
0.933186,0.8006209999999999
0.922979,0.797996
0.912771,0.688621
0.9025639999999999,0.5521219999999999
0.8923559999999999,0.441873
0.8821479999999999,0.35262299999999996
0.871941,0.279998
0.861733,0.22312400000000002
0.851526,0.176749
0.841318,0.140874
0.8311109999999999,0.112874
0.8209029999999999,0.09099960000000001
0.8106949999999999,0.07306217599999999
0.800488,0.059499736000000004
0.79028,0.048562284000000004
0.780073,0.039812324
0.7698649999999999,0.032812352
0.7596579999999999,0.02690613
0.74945,0.022093652000000002
0.739242,0.017718672
0.729035,0.013999938000000002
0.718827,-0.019986312000000003
0.7086199999999999,-0.026611082
0.6984119999999999,-0.027955076000000002
0.688205,-0.027294280000000004
0.677997,-0.029943068
0.667789,-0.031197464
0.657582,-0.031063064000000005
0.647374,-0.032227856000000006
0.6371669999999999,-0.03400865200000001
0.6269589999999999,-0.034507048
0.616752,-0.03446784800000001
0.606544,-0.036741436
0.596336,-0.037743836
0.586129,-0.037777432
0.575921,-0.03968142400000001
0.5657139999999999,-0.04113742
0.5555059999999999,-0.041809416
0.545299,-0.042985408
0.535091,-0.044732600000000004
0.524883,-0.045947796000000006
0.514676,-0.047022992
0.504468,-0.048775784
0.49426099999999995,-0.05027658000000001
0.48405299999999996,-0.05381226
0.473846,-0.05939036000000001
0.463638,-0.06595283600000001
0.45343,-0.07295280000000001
0.443223,-0.08126526400000002
0.433015,-0.09099960000000001
0.42280799999999996,-0.101827
0.41259999999999997,-0.11374899999999999
0.402393,-0.128405
0.392185,-0.145577
0.38197699999999996,-0.16460799999999998
0.37177,-0.187686
0.361562,-0.21492
0.351355,-0.245764
0.341147,-0.282623
0.33094,-0.327029
0.32073199999999996,-0.379638
0.310525,-0.442091
0.300317,-0.518544
0.290109,-0.610856
0.279902,-0.7207779999999999
0.269694,-0.854652
0.25948699999999997,-1.016526
0.249279,-1.216682
0.23907199999999998,-1.468462
0.22886399999999998,-1.783242
0.218656,-2.1758960000000003
0.208449,-2.714237
0.198241,-3.443984
0.18803399999999998,-4.478667
0.17782599999999998,-6.009473
0.167619,-8.077963
0.157411,-10.590953
0.147203,-13.131941
0.136996,-15.203932
0.12678799999999998,-16.204926999999998
0.11658099999999999,-15.382430999999999
0.106373,-12.564943
0.096166048,-8.970460000000001
0.08595848,-6.240472
0.07575092,-4.766978
0.065543348,-4.045980999999999
0.055335776,-3.650483
0.045128204000000005,-3.387984
0.034920632,-3.1289860000000003
0.024713064,-2.8384869999999998
0.014505494,-2.645988
0.004297924,-2.509488
-0.005909646,-2.418489
-0.016117215,-2.3694889999999997
-0.026324786000000003,-2.348489
-0.036532356,-2.323989
-0.046739924,-2.25749
-0.056947496,-2.1454899999999997
-0.067155064,-2.008991
-0.077362632,-1.882991
-0.08757020800000001,-1.777992
-0.09777777600000001,-1.6904919999999999
-0.107985,-1.623992
-0.11819199999999999,-1.571493
-0.1284,-1.518993
-0.13860799999999998,-1.4664929999999998
-0.148815,-1.417493
-0.159023,-1.371993
-0.16923,-1.326494
-0.179438,-1.291494
-0.18964499999999998,-1.252994
-0.199853,-1.217994
-0.18964499999999998,-1.1304949999999998
-0.179438,-1.074495
-0.16923,-1.025495
-0.159023,-0.9869949999999998
-0.148815,-0.948495
-0.13860799999999998,-0.920495
-0.1284,-0.888996
-0.11819199999999999,-0.8574959999999999
-0.107985,-0.832996
-0.09777777600000001,-0.811996
-0.08757020800000001,-0.787496
-0.077362632,-0.769996
-0.067155064,-0.7489959999999999
-0.056947496,-0.727996
-0.046739924,-0.706996
-0.036532356,-0.6859959999999999
-0.026324786000000003,-0.663247
-0.016117215,-0.638747
-0.005909646,-0.6177469999999999
0.004297924,-0.5914969999999999
0.014505494,-0.565247
0.024713064,-0.5319969999999999
0.034920632,-0.489997
0.045128204000000005,-0.440998
0.055335776,-0.384998
0.065543348,-0.32724800000000004
0.07575092,-0.272998
0.08595848,-0.223999
0.096166048,-0.181999
0.106373,-0.148749
0.11658099999999999,-0.120749
0.12678799999999998,-0.100187
0.136996,-0.083124632
0.147203,-0.066499704
0.157411,-0.05162476800000001
0.167619,-0.035656092
0.17782599999999998,-0.019687412
0.18803399999999998,-0.0010937450000000001
0.198241,0.019687412
0.208449,0.041562316
0.218656,0.068140328
0.22886399999999998,0.09712456800000001
0.23907199999999998,0.12906099999999998
0.249279,0.166139
0.25948699999999997,0.207483
0.269694,0.258233
0.279902,0.328779
0.290109,0.434763
0.300317,0.590294
0.310525,0.8099179999999999
0.32073199999999996,1.095495
0.33094,1.434337
0.341147,1.7731789999999998
0.351355,2.059303
0.361562,2.24174
0.37177,2.313052
0.38197699999999996,2.294239
0.392185,2.221177
0.402393,2.119678
0.41259999999999997,2.009428
0.42280799999999996,1.9096790000000001
0.433015,1.8217409999999998
0.443223,1.749117
0.45343,1.6996790000000002
0.463638,1.6764919999999999
0.473846,1.6904919999999999
0.48405299999999996,1.7600539999999998
0.49426099999999995,1.908804
0.504468,2.1424279999999998
0.514676,2.460489
0.524883,2.863862
0.535091,3.3311100000000002
0.545299,3.815857
0.5555059999999999,4.288792999999999
0.5657139999999999,4.764353
0.575921,5.228975999999999
0.586129,5.6533489999999995
0.596336,5.949973
0.606544,6.086473
0.616752,6.106597
0.6269589999999999,6.061097999999999
0.6371669999999999,5.854598
0.647374,5.4057249999999994
0.657582,4.9157269999999995
0.667789,4.511479
0.677997,4.206106
0.688205,3.9759819999999997
0.6984119999999999,3.803608
0.7086199999999999,3.673233
0.718827,3.570859
0.729035,3.488609
0.739242,3.419484
0.74945,3.3608589999999996
0.7596579999999999,3.3101100000000003
0.7698649999999999,3.26811
0.780073,3.232235
0.79028,3.2024850000000002
0.800488,3.177985
0.8106949999999999,3.15611
0.8209029999999999,3.14036
0.8311109999999999,3.129861
0.841318,3.129861
0.851526,3.1438599999999997
0.861733,3.17361
0.871941,3.223485
0.8821479999999999,2.876112
0.8923559999999999,2.603113
0.9025639999999999,2.404489
0.912771,2.247865
0.922979,2.12274
0.933186,2.0168649999999997
0.943394,1.927616
0.9536009999999999,1.8497409999999999
0.9638089999999999,1.782367
0.9740169999999999,1.724617
0.984224,1.671242
0.994432,1.623992
1.004639,1.5819929999999998
1.014847,1.5426179999999998
1.025054,1.508493
1.035262,1.475243
1.04547,1.445493
1.055677,1.419243
1.065885,1.392118
1.076092,1.3702429999999999
1.0863,1.347494
1.096507,1.326494
1.106715,1.3081189999999998
1.1169229999999999,1.289744
1.12713,1.2731190000000001
1.137338,1.256494
1.147545,1.240744
1.157753,1.226744
1.1679599999999999,1.211869
1.1781679999999999,1.199619
1.1883759999999999,1.1873690000000001
1.198583,1.174244
1.208791,1.163744
1.218998,1.152369
1.229206,1.141869
1.2394129999999999,1.1322439999999998
1.2496209999999999,1.1217439999999999
1.2598289999999999,1.112995
1.270036,1.10337
1.280244,1.09462
1.290451,1.0876199999999998
1.300659,1.077995
1.3108659999999999,1.0709950000000001
1.3210739999999999,1.063995
1.331281,1.055245
1.341489,1.049995
1.351697,1.0421200000000002
1.361904,1.03512
1.372112,1.0298699999999998
1.3823189999999999,1.021995
1.3925269999999998,1.016745
1.402734,1.01062
1.412942,1.004495
1.42315,0.999245
1.433357,0.99312
1.443565,0.9887449999999999
1.4537719999999998,0.983495
1.4639799999999998,0.97737
1.474187,0.9738699999999999
1.484395,0.9677450000000001
1.494603,0.96337
1.50481,0.9598699999999999
1.494603,0.9537450000000001
1.484395,0.95112
1.474187,0.9458699999999999
1.4639799999999998,0.941495
1.4537719999999998,0.937995
1.443565,0.9327449999999999
1.433357,0.929245
1.42315,0.9257449999999999
1.412942,0.92137
1.402734,0.9187449999999999
1.3925269999999998,0.913495
1.3823189999999999,0.91087
1.372112,0.90737
1.361904,0.902995
1.351697,0.901246
1.341489,0.89687
1.331281,0.8933709999999999
1.3210739999999999,0.890746
1.3108659999999999,0.8863709999999999
1.300659,0.884621
1.290451,0.8811209999999999
1.280244,0.877621
1.270036,0.875871
1.2598289999999999,0.8723709999999999
1.2496209999999999,0.869746
1.2394129999999999,0.866246
1.229206,0.8636210000000001
1.218998,0.861871
1.208791,0.8574959999999999
1.198583,0.855746
1.1883759999999999,0.853121
1.1781679999999999,0.8496210000000001
1.1679599999999999,0.848746
1.157753,0.8452459999999999
1.147545,0.842621
1.137338,0.840871
1.12713,0.8382459999999999
1.1169229999999999,0.8364959999999999
1.106715,0.833871
1.096507,0.8312459999999999
1.0863,0.8294959999999999
1.076092,0.825996
1.065885,0.825121
1.055677,0.822496
1.04547,0.8207460000000001
1.035262,0.8189960000000001
1.025054,0.815496
1.014847,0.813746
1.004639,0.812871
0.994432,0.809371
0.984224,0.808496
0.9740169999999999,0.805871
0.9638089999999999,0.804121
0.9536009999999999,0.802371
0.943394,0.799746
0.933186,0.798871
0.922979,0.796246
0.912771,0.6973710000000001
0.9025639999999999,0.5591219999999999
0.8923559999999999,0.447123
0.8821479999999999,0.356998
0.871941,0.283498
0.861733,0.225748
0.851526,0.179374
0.841318,0.142624
0.8311109999999999,0.11374899999999999
0.8209029999999999,0.09143709600000001
0.8106949999999999,0.07393717600000001
0.800488,0.059499736000000004
0.79028,0.048999784000000005
0.780073,0.039812324
0.7698649999999999,0.032812352
0.7596579999999999,0.02712488
0.74945,0.021984278000000003
0.739242,0.017828046
0.729035,0.013999938000000002
0.718827,-0.020047912
0.7086199999999999,-0.026594282000000004
0.6984119999999999,-0.027949476
0.688205,-0.02726628
0.677997,-0.029875868
0.667789,-0.031163862000000004
0.657582,-0.031051862000000003
0.647374,-0.032233460000000005
0.6371669999999999,-0.034003052
0.6269589999999999,-0.034484648
0.616752,-0.034479048000000005
0.606544,-0.036674236000000006
0.596336,-0.037760632
0.586129,-0.037727036000000005
0.575921,-0.039642224000000004
0.5657139999999999,-0.041098220000000005
0.5555059999999999,-0.041759016
0.545299,-0.043013412
0.535091,-0.04467100400000001
0.524883,-0.0459142
0.514676,-0.046983792
0.504468,-0.04872538800000001
0.49426099999999995,-0.05024858
0.48405299999999996,-0.05381226
0.473846,-0.059062236000000004
0.463638,-0.06595283600000001
0.45343,-0.072734056
0.443223,-0.081046512
0.433015,-0.090890224
0.42280799999999996,-0.101499
0.41259999999999997,-0.11352999999999999
0.402393,-0.128077
0.392185,-0.145139
0.38197699999999996,-0.16427999999999998
0.37177,-0.18703
0.361562,-0.214155
0.351355,-0.244889
0.341147,-0.281639
0.33094,-0.32604500000000003
0.32073199999999996,-0.37799799999999995
0.310525,-0.44034100000000004
0.300317,-0.5163570000000001
0.290109,-0.607794
0.279902,-0.717606
0.269694,-0.850277
0.25948699999999997,-1.0112759999999998
0.249279,-1.2099
0.23907199999999998,-1.458837
0.22886399999999998,-1.772085
0.218656,-2.161677
0.208449,-2.693237
0.198241,-3.414234
0.18803399999999998,-4.436229999999999
0.17782599999999998,-5.946473
0.167619,-7.996589
0.157411,-10.498203
0.147203,-13.054941999999999
0.136996,-15.163682
0.12678799999999998,-16.232927
0.11658099999999999,-15.508431
0.106373,-12.753943
0.096166048,-9.145459
0.08595848,-6.359471
0.07575092,-4.843978
0.065543348,-4.108981
0.055335776,-3.702983
0.045128204000000005,-3.4299839999999997
0.034920632,-3.1744850000000002
0.024713064,-2.862987
0.014505494,-2.663488
0.004297924,-2.523488
-0.005909646,-2.428989
-0.016117215,-2.376489
-0.026324786000000003,-2.3589890000000002
-0.036532356,-2.3344889999999996
-0.046739924,-2.2714890000000003
-0.056947496,-2.15949
-0.067155064,-2.02299
-0.077362632,-1.8969909999999999
-0.08757020800000001,-1.788492
-0.09777777600000001,-1.697492
-0.107985,-1.634492
-0.11819199999999999,-1.578492
-0.1284,-1.529493
-0.13860799999999998,-1.476993
-0.148815,-1.4244929999999998
-0.159023,-1.3789930000000001
-0.16923,-1.3334940000000002
-0.179438,-1.294994
-0.18964499999999998,-1.259994
-0.199853,-1.224994
-0.18964499999999998,-1.137494
-0.179438,-1.077995
-0.16923,-1.0289949999999999
-0.159023,-0.9904949999999999
-0.148815,-0.9554950000000001
-0.13860799999999998,-0.9239949999999999
-0.1284,-0.8924960000000001
-0.11819199999999999,-0.8644959999999999
-0.107985,-0.8364959999999999
-0.09777777600000001,-0.815496
-0.08757020800000001,-0.790996
-0.077362632,-0.769996
-0.067155064,-0.7489959999999999
-0.056947496,-0.731496
-0.046739924,-0.710496
-0.036532356,-0.689496
-0.026324786000000003,-0.6667470000000001
-0.016117215,-0.642247
-0.005909646,-0.619497
0.004297924,-0.5949969999999999
0.014505494,-0.566997
0.024713064,-0.5319969999999999
0.034920632,-0.489997
0.045128204000000005,-0.439248
0.055335776,-0.384998
0.065543348,-0.32724800000000004
0.07575092,-0.271248
0.08595848,-0.222249
0.096166048,-0.180249
0.106373,-0.14787399999999998
0.11658099999999999,-0.11987400000000001
0.12678799999999998,-0.09887456800000001
0.136996,-0.082249632
0.147203,-0.066062208
0.157411,-0.050749776
0.167619,-0.035218596000000005
0.17782599999999998,-0.018593668
0.18803399999999998,-0.0006562470000000001
0.198241,0.020562408
0.208449,0.04265606
0.218656,0.06901531200000001
0.22886399999999998,0.098437064
0.23907199999999998,0.130155
0.249279,0.167671
0.25948699999999997,0.209342
0.269694,0.260639
0.279902,0.333264
0.290109,0.44176299999999996
0.300317,0.600903
0.310525,0.8246829999999999
0.32073199999999996,1.1126660000000002
0.33094,1.455555
0.341147,1.793304
0.351355,2.075053
0.361562,2.252239
0.37177,2.3165519999999997
0.38197699999999996,2.294239
0.392185,2.218552
0.402393,2.114865
0.41259999999999997,2.004616
0.42280799999999996,1.904428
0.433015,1.8173659999999998
0.443223,1.745617
0.45343,1.697054
0.463638,1.67693
0.473846,1.693992
0.48405299999999996,1.769242
0.49426099999999995,1.9254280000000001
0.504468,2.16824
0.514676,2.497238
0.524883,2.911549
0.535091,3.387984
0.545299,3.880607
0.5555059999999999,4.36098
0.5657139999999999,4.837853
0.575921,5.310351
0.586129,5.736473999999999
0.596336,6.028723
0.606544,6.152972
0.616752,6.1608469999999995
0.6269589999999999,6.103097
0.6371669999999999,5.872973
0.647374,5.403101
0.657582,4.903478
0.667789,4.499229000000001
0.677997,4.193856
0.688205,3.966357
0.6984119999999999,3.794858
0.7086199999999999,3.664483
0.718827,3.562109
0.729035,3.478984
0.739242,3.409859
0.74945,3.351235
0.7596579999999999,3.29961
0.7698649999999999,3.256735
0.780073,3.21911
0.79028,3.188485
0.800488,3.16311
0.8106949999999999,3.141235
0.8209029999999999,3.125485
0.8311109999999999,3.116736
0.841318,3.117611
0.851526,3.132486
0.861733,3.16486
0.871941,3.216485
0.8821479999999999,2.843737
0.8923559999999999,2.577738
0.9025639999999999,2.385239
0.912771,2.232115
0.922979,2.10874
0.933186,2.004616
0.943394,1.916241
0.9536009999999999,1.840991
0.9638089999999999,1.7736169999999998
0.9740169999999999,1.7158669999999998
0.984224,1.665117
0.994432,1.616992
1.004639,1.575868
1.014847,1.537368
1.025054,1.502368
1.035262,1.471743
1.04547,1.441118
1.055677,1.414868
1.065885,1.389493
1.076092,1.3658679999999999
1.0863,1.343994
1.096507,1.3221189999999998
1.106715,1.304619
1.1169229999999999,1.286244
1.12713,1.2687439999999999
1.137338,1.253869
1.147545,1.237244
1.157753,1.224119
1.1679599999999999,1.210119
1.1781679999999999,1.196994
1.1883759999999999,1.184744
1.198583,1.1724940000000001
1.208791,1.1611189999999998
1.218998,1.1506189999999998
1.229206,1.139244
1.2394129999999999,1.1296190000000002
1.2496209999999999,1.1199949999999999
1.2598289999999999,1.11037
1.270036,1.102495
1.280244,1.09287
1.290451,1.0849950000000002
1.300659,1.076245
1.3108659999999999,1.06837
1.3210739999999999,1.0622449999999999
1.331281,1.053495
1.341489,1.04737
1.351697,1.04037
1.361904,1.032495
1.372112,1.0281200000000001
1.3823189999999999,1.02112
1.3925269999999998,1.0149949999999999
1.402734,1.00887
1.412942,1.002745
1.42315,0.997495
1.433357,0.9922449999999999
1.443565,0.9861199999999999
1.4537719999999998,0.98262
1.4639799999999998,0.9756199999999999
1.474187,0.9721199999999999
1.484395,0.96687
1.494603,0.9616199999999999
1.50481,0.9572449999999999
1.494603,0.951995
1.484395,0.948495
1.474187,0.94412
1.4639799999999998,0.93887
1.4537719999999998,0.936245
1.443565,0.93187
1.433357,0.927495
1.42315,0.9239949999999999
1.412942,0.91962
1.402734,0.91612
1.3925269999999998,0.91262
1.3823189999999999,0.908245
1.372112,0.90562
1.361904,0.901246
1.351697,0.89862
1.341489,0.895996
1.331281,0.891621
1.3210739999999999,0.888996
1.3108659999999999,0.8854960000000001
1.300659,0.881996
1.290451,0.880246
1.280244,0.875871
1.270036,0.8741209999999999
1.2598289999999999,0.870621
1.2496209999999999,0.8671209999999999
1.2394129999999999,0.865371
1.229206,0.861871
1.218998,0.860121
1.208791,0.8574959999999999
1.198583,0.853996
1.1883759999999999,0.852246
1.1781679999999999,0.848746
1.1679599999999999,0.846996
1.157753,0.844371
1.147545,0.840871
1.137338,0.839121
1.12713,0.8364959999999999
1.1169229999999999,0.834746
1.106715,0.832996
1.096507,0.8294959999999999
1.0863,0.827746
1.076092,0.825996
1.065885,0.823371
1.055677,0.8216209999999999
1.04547,0.818121
1.035262,0.817246
1.025054,0.8146209999999999
1.014847,0.812871
1.004639,0.811121
0.994432,0.808496
0.984224,0.806746
0.9740169999999999,0.804996
0.9638089999999999,0.802371
0.9536009999999999,0.801496
0.943394,0.798871
0.933186,0.797121
0.922979,0.796246
0.912771,0.706996
0.9025639999999999,0.565247
0.8923559999999999,0.45324699999999996
0.8821479999999999,0.361373
0.871941,0.287873
0.861733,0.228373
0.851526,0.181124
0.841318,0.144374
0.8311109999999999,0.11462399999999999
0.8209029999999999,0.09274958400000001
0.8106949999999999,0.07481216800000001
0.800488,0.060374732
0.79028,0.049437284000000005
0.780073,0.04024982
0.7698649999999999,0.032812352
0.7596579999999999,0.02712488
0.74945,0.021874904
0.739242,0.017828046
0.729035,0.014328061000000001
0.718827,-0.02010951
0.7086199999999999,-0.026622282
0.6984119999999999,-0.027938278
0.688205,-0.02722708
0.677997,-0.029819870000000002
0.667789,-0.031163862000000004
0.657582,-0.031001464000000003
0.647374,-0.03221106
0.6371669999999999,-0.033980652
0.6269589999999999,-0.034456648
0.616752,-0.034495848
0.606544,-0.036657436
0.596336,-0.037727036000000005
0.586129,-0.037710232
0.575921,-0.039597424000000006
0.5657139999999999,-0.04109262
0.5555059999999999,-0.041753416
0.545299,-0.042935012
0.535091,-0.044704604
0.524883,-0.0458694
0.514676,-0.046978192
0.504468,-0.048702988
0.49426099999999995,-0.05017018
0.48405299999999996,-0.053702888000000004
0.473846,-0.058843488000000006
0.463638,-0.065734088
0.45343,-0.072734056
0.443223,-0.08082776800000001
0.433015,-0.090780848
0.42280799999999996,-0.101171
0.41259999999999997,-0.113093
0.402393,-0.127749
0.392185,-0.14448299999999997
0.38197699999999996,-0.163843
0.37177,-0.186264
0.361562,-0.213499
0.351355,-0.24423299999999998
0.341147,-0.28043599999999996
0.33094,-0.324623
0.32073199999999996,-0.376576
0.310525,-0.438373
0.300317,-0.514169
0.290109,-0.604841
0.279902,-0.713996
0.269694,-0.845683
0.25948699999999997,-1.005808
0.249279,-1.203119
0.23907199999999998,-1.449649
0.22886399999999998,-1.760492
0.218656,-2.146802
0.208449,-2.671363
0.198241,-3.3836090000000003
0.18803399999999998,-4.392918
0.17782599999999998,-5.881722999999999
0.167619,-7.910839
0.157411,-10.401952999999999
0.147203,-12.970941999999999
0.136996,-15.118182
0.12678799999999998,-16.257427
0.11658099999999999,-15.627431
0.106373,-12.946442
0.096166048,-9.334458
0.08595848,-6.481971
0.07575092,-4.924478
0.065543348,-4.171981
0.055335776,-3.758983
0.045128204000000005,-3.475484
0.034920632,-3.223485
0.024713064,-2.901487
0.014505494,-2.677488
0.004297924,-2.5374879999999997
-0.005909646,-2.442989
-0.016117215,-2.3869890000000002
-0.026324786000000003,-2.3694889999999997
-0.036532356,-2.344989
-0.046739924,-2.281989
-0.056947496,-2.1734899999999997
-0.067155064,-2.03699
-0.077362632,-1.9109909999999999
-0.08757020800000001,-1.798991
-0.09777777600000001,-1.707992
-0.107985,-1.6379920000000001
-0.11819199999999999,-1.585492
-0.1284,-1.536493
-0.13860799999999998,-1.483993
-0.148815,-1.431493
-0.159023,-1.385993
-0.16923,-1.3404939999999999
-0.179438,-1.301994
-0.18964499999999998,-1.266994
-0.199853,-1.231994
-0.18964499999999998,-1.140994
-0.179438,-1.081495
-0.16923,-1.035995
-0.159023,-0.993995
-0.148815,-0.9589949999999999
-0.13860799999999998,-0.927495
-0.1284,-0.895996
-0.11819199999999999,-0.867996
-0.107985,-0.839996
-0.09777777600000001,-0.8189960000000001
-0.08757020800000001,-0.794496
-0.077362632,-0.773496
-0.067155064,-0.7559959999999999
-0.056947496,-0.734996
-0.046739924,-0.713996
-0.036532356,-0.6912459999999999
-0.026324786000000003,-0.668497
-0.016117215,-0.645747
-0.005909646,-0.621247
0.004297924,-0.5967469999999999
0.014505494,-0.566997
0.024713064,-0.533747
0.034920632,-0.489997
0.045128204000000005,-0.439248
0.055335776,-0.383248
0.065543348,-0.325498
0.07575092,-0.26949799999999996
0.08595848,-0.220499
0.096166048,-0.179374
0.106373,-0.146124
0.11658099999999999,-0.118999
0.12678799999999998,-0.09799956800000001
0.136996,-0.08181213600000001
0.147203,-0.06518721200000001
0.157411,-0.049874776
0.167619,-0.03456234400000001
0.17782599999999998,-0.017718672
0.18803399999999998,0.00043749800000000003
0.198241,0.021546778000000003
0.208449,0.04385918
0.218656,0.07021843200000001
0.22886399999999998,0.09985892800000001
0.23907199999999998,0.131686
0.249279,0.169092
0.25948699999999997,0.21142
0.269694,0.26370099999999996
0.279902,0.338185
0.290109,0.448982
0.300317,0.611622
0.310525,0.839886
0.32073199999999996,1.130057
0.33094,1.476337
0.341147,1.813648
0.351355,2.0901460000000003
0.361562,2.2618639999999997
0.37177,2.320489
0.38197699999999996,2.293364
0.392185,2.2146150000000002
0.402393,2.110053
0.41259999999999997,1.998491
0.42280799999999996,1.899179
0.433015,1.812554
0.443223,1.7421170000000001
0.45343,1.694867
0.463638,1.67693
0.473846,1.697929
0.48405299999999996,1.778429
0.49426099999999995,1.942928
0.504468,2.19449
0.514676,2.533988
0.524883,2.960111
0.535091,3.445297
0.545299,3.9449189999999996
0.5555059999999999,4.43098
0.5657139999999999,4.913977999999999
0.575921,5.390851
0.586129,5.816974
0.596336,6.101347
0.606544,6.212471999999999
0.616752,6.208972
0.6269589999999999,6.1372219999999995
0.6371669999999999,5.881722999999999
0.647374,5.3926
0.657582,4.888603
0.667789,4.4852300000000005
0.677997,4.182481
0.688205,3.954107
0.6984119999999999,3.7843579999999997
0.7086199999999999,3.654858
0.718827,3.5524839999999998
0.729035,3.470234
0.739242,3.4002339999999998
0.74945,3.340735
0.7596579999999999,3.28911
0.7698649999999999,3.2453600000000002
0.780073,3.2086099999999997
0.79028,3.176235
0.800488,3.1508599999999998
0.8106949999999999,3.129861
0.8209029999999999,3.1132359999999997
0.8311109999999999,3.104486
0.841318,3.1071109999999997
0.851526,3.123736
0.861733,3.1587349999999996
0.871941,3.205985
0.8821479999999999,2.811362
0.8923559999999999,2.554113
0.9025639999999999,2.365989
0.912771,2.216365
0.922979,2.09474
0.933186,1.9932409999999998
0.943394,1.905741
0.9536009999999999,1.8322409999999998
0.9638089999999999,1.765742
0.9740169999999999,1.707992
0.984224,1.6572419999999999
0.994432,1.610867
1.004639,1.570617
1.014847,1.532118
1.025054,1.497118
1.035262,1.4664929999999998
1.04547,1.436743
1.055677,1.410493
1.065885,1.385993
1.076092,1.361493
1.0863,1.3404939999999999
1.096507,1.320369
1.106715,1.301119
1.1169229999999999,1.283619
1.12713,1.266119
1.137338,1.251244
1.147545,1.2354939999999999
1.157753,1.220619
1.1679599999999999,1.2074939999999998
1.1781679999999999,1.194369
1.1883759999999999,1.182119
1.198583,1.170744
1.208791,1.1584940000000001
1.218998,1.148869
1.229206,1.136619
1.2394129999999999,1.127869
1.2496209999999999,1.118245
1.2598289999999999,1.107745
1.270036,1.0998700000000001
1.280244,1.090245
1.290451,1.08237
1.300659,1.07537
1.3108659999999999,1.06662
1.3210739999999999,1.05962
1.331281,1.051745
1.341489,1.0447449999999998
1.351697,1.03862
1.361904,1.0307449999999998
1.372112,1.025495
1.3823189999999999,1.0193699999999999
1.3925269999999998,1.0132450000000002
1.402734,1.007995
1.412942,1.0009949999999999
1.42315,0.995745
1.433357,0.9904949999999999
1.443565,0.9843700000000001
1.4537719999999998,0.9799950000000001
1.4639799999999998,0.9738699999999999
1.474187,0.9694950000000001
1.484395,0.965995
1.494603,0.9598699999999999
1.50481,0.9554950000000001
1.494603,0.95112
1.484395,0.946745
1.474187,0.943245
1.4639799999999998,0.937995
1.4537719999999998,0.934495
1.443565,0.9301200000000001
1.433357,0.9257449999999999
1.42315,0.92312
1.412942,0.9187449999999999
1.402734,0.915245
1.3925269999999998,0.9117449999999999
1.3823189999999999,0.90737
1.372112,0.904745
1.361904,0.90037
1.351697,0.89687
1.341489,0.894246
1.331281,0.889871
1.3210739999999999,0.887246
1.3108659999999999,0.884621
1.300659,0.880246
1.290451,0.878496
1.280244,0.874996
1.270036,0.8723709999999999
1.2598289999999999,0.869746
1.2496209999999999,0.866246
1.2394129999999999,0.8644959999999999
1.229206,0.860996
1.218998,0.858371
1.208791,0.855746
1.198583,0.852246
1.1883759999999999,0.8504959999999999
1.1781679999999999,0.847871
1.1679599999999999,0.8452459999999999
1.157753,0.8434959999999999
1.147545,0.839121
1.137338,0.8382459999999999
1.12713,0.835621
1.1169229999999999,0.832996
1.106715,0.8312459999999999
1.096507,0.827746
1.0863,0.825996
1.076092,0.824246
1.065885,0.8207460000000001
1.055677,0.819871
1.04547,0.817246
1.035262,0.815496
1.025054,0.813746
1.014847,0.811121
1.004639,0.810246
0.994432,0.8076209999999999
0.984224,0.804996
0.9740169999999999,0.804121
0.9638089999999999,0.8006209999999999
0.9536009999999999,0.8006209999999999
0.943394,0.797996
0.933186,0.7953709999999999
0.922979,0.794496
0.912771,0.717496
0.9025639999999999,0.573997
0.8923559999999999,0.45937199999999995
0.8821479999999999,0.365748
0.871941,0.291373
0.861733,0.231873
0.851526,0.183749
0.841318,0.146124
0.8311109999999999,0.11637399999999999
0.8209029999999999,0.09362458400000001
0.8106949999999999,0.07568716
0.800488,0.06081222800000001
0.79028,0.049874776
0.780073,0.04046857200000001
0.7698649999999999,0.033249852
0.7596579999999999,0.027562376000000003
0.74945,0.022312400000000003
0.739242,0.018046794
0.729035,0.014437436
0.718827,-0.020126312
0.7086199999999999,-0.026577482000000003
0.6984119999999999,-0.027887876000000002
0.688205,-0.027159882000000003
0.677997,-0.029786268
0.667789,-0.03116946
0.657582,-0.030939864
0.647374,-0.032110258
0.6371669999999999,-0.033958252
0.6269589999999999,-0.034355848
0.616752,-0.034456648
0.606544,-0.036612636000000004
0.596336,-0.037682236
0.586129,-0.037715832000000005
0.575921,-0.039524624
0.5657139999999999,-0.041098220000000005
0.5555059999999999,-0.041669416
0.545299,-0.042901412
0.535091,-0.044682204
0.524883,-0.04579659600000001
0.514676,-0.046944592
0.504468,-0.048646984000000004
0.49426099999999995,-0.05010858
0.48405299999999996,-0.05359351200000001
0.473846,-0.058952864
0.463638,-0.065515332
0.45343,-0.07262468000000001
0.443223,-0.08060902400000002
0.433015,-0.09045272000000001
0.42280799999999996,-0.100952
0.41259999999999997,-0.112765
0.402393,-0.12742099999999998
0.392185,-0.14404599999999998
0.38197699999999996,-0.163296
0.37177,-0.185717
0.361562,-0.212405
0.351355,-0.24346700000000002
0.341147,-0.27934200000000003
0.33094,-0.32342
0.32073199999999996,-0.375154
0.310525,-0.43640399999999996
0.300317,-0.511763
0.290109,-0.601778
0.279902,-0.710059
0.269694,-0.841527
0.25948699999999997,-1.000448
0.249279,-1.196119
0.23907199999999998,-1.4404620000000001
0.22886399999999998,-1.7482419999999999
0.218656,-2.1323649999999996
0.208449,-2.650363
0.198241,-3.352109
0.18803399999999998,-4.349168
0.17782599999999998,-5.816097999999999
0.167619,-7.823339
0.157411,-10.303953
0.147203,-12.885192
0.136996,-15.067432
0.12678799999999998,-16.274926999999998
0.11658099999999999,-15.742929
0.106373,-13.138940999999999
0.096166048,-9.519957
0.08595848,-6.61147
0.07575092,-5.004977
0.065543348,-4.234980999999999
0.055335776,-3.8149819999999997
0.045128204000000005,-3.5244839999999997
0.034920632,-3.2724849999999996
0.024713064,-2.943486
0.014505494,-2.6984879999999998
0.004297924,-2.551488
-0.005909646,-2.453489
-0.016117215,-2.3974889999999998
-0.026324786000000003,-2.376489
-0.036532356,-2.351989
-0.046739924,-2.295989
-0.056947496,-2.18749
-0.067155064,-2.05099
-0.077362632,-1.921491
-0.08757020800000001,-1.809491
-0.09777777600000001,-1.718492
-0.107985,-1.648492
-0.11819199999999999,-1.592492
-0.1284,-1.543493
-0.13860799999999998,-1.490993
-0.148815,-1.4419929999999999
-0.159023,-1.3929930000000001
-0.16923,-1.347494
-0.179438,-1.308994
-0.18964499999999998,-1.270494
-0.199853,-1.2354939999999999
-0.18964499999999998,-1.1444940000000001
-0.179438,-1.091995
-0.16923,-1.0429950000000001
-0.159023,-1.0009949999999999
-0.148815,-0.965995
-0.13860799999999998,-0.930995
-0.1284,-0.902995
-0.11819199999999999,-0.8714959999999999
-0.107985,-0.8434959999999999
-0.09777777600000001,-0.822496
-0.08757020800000001,-0.797996
-0.077362632,-0.776996
-0.067155064,-0.759496
-0.056947496,-0.738496
-0.046739924,-0.713996
-0.036532356,-0.694746
-0.026324786000000003,-0.671997
-0.016117215,-0.647497
-0.005909646,-0.622997
0.004297924,-0.598497
0.014505494,-0.568747
0.024713064,-0.533747
0.034920632,-0.489997
0.045128204000000005,-0.437498
0.055335776,-0.379748
0.065543348,-0.321998
0.07575092,-0.267748
0.08595848,-0.21787399999999998
0.096166048,-0.176749
0.106373,-0.144374
0.11658099999999999,-0.11812399999999999
0.12678799999999998,-0.09712456800000001
0.136996,-0.08093714400000002
0.147203,-0.06474971600000001
0.157411,-0.048999784000000005
0.167619,-0.0339061
0.17782599999999998,-0.016843676000000002
0.18803399999999998,0.0013124940000000002
0.198241,0.022421774000000002
0.208449,0.044952928
0.218656,0.071202808
0.22886399999999998,0.101062
0.23907199999999998,0.133108
0.249279,0.170733
0.25948699999999997,0.213499
0.269694,0.266655
0.279902,0.34299799999999997
0.290109,0.45674699999999996
0.300317,0.622887
0.310525,0.855418
0.32073199999999996,1.146573
0.33094,1.496899
0.341147,1.832679
0.351355,2.1043649999999996
0.361562,2.2706139999999997
0.37177,2.323114
0.38197699999999996,2.291177
0.392185,2.210677
0.402393,2.1043649999999996
0.41259999999999997,1.9932409999999998
0.42280799999999996,1.8934909999999998
0.433015,1.807741
0.443223,1.738179
0.45343,1.692679
0.463638,1.677367
0.473846,1.7018669999999998
0.48405299999999996,1.7880539999999998
0.49426099999999995,1.960866
0.504468,2.221177
0.514676,2.5716129999999997
0.524883,3.009111
0.535091,3.503484
0.545299,4.007918999999999
0.5555059999999999,4.500103999999999
0.5657139999999999,4.988352
0.575921,5.4704749999999995
0.586129,5.895722999999999
0.596336,6.171347
0.606544,6.268471
0.616752,6.253597
0.6269589999999999,6.168722
0.6371669999999999,5.887848
0.647374,5.379476
0.657582,4.871103
0.667789,4.468604
0.677997,4.168481
0.688205,3.9436069999999996
0.6984119999999999,3.773858
0.7086199999999999,3.646108
0.718827,3.544609
0.729035,3.462359
0.739242,3.392359
0.74945,3.33286
0.7596579999999999,3.281235
0.7698649999999999,3.2366099999999998
0.780073,3.1998599999999997
0.79028,3.167485
0.800488,3.14036
0.8106949999999999,3.119361
0.8209029999999999,3.103611
0.8311109999999999,3.096611
0.841318,3.099236
0.851526,3.118486
0.861733,3.1543609999999997
0.871941,3.169235
0.8821479999999999,2.7824869999999997
0.8923559999999999,2.532238
0.9025639999999999,2.348489
0.912771,2.202365
0.922979,2.08249
0.933186,1.982741
0.943394,1.896116
0.9536009999999999,1.823491
0.9638089999999999,1.7587419999999998
0.9740169999999999,1.7009919999999998
0.984224,1.651992
0.994432,1.605617
1.004639,1.5644930000000001
1.014847,1.5277429999999999
1.025054,1.492743
1.035262,1.462993
1.04547,1.433243
1.055677,1.406118
1.065885,1.3816179999999998
1.076092,1.357993
1.0863,1.337869
1.096507,1.317744
1.106715,1.298494
1.1169229999999999,1.280994
1.12713,1.263494
1.137338,1.248619
1.147545,1.232869
1.157753,1.217994
1.1679599999999999,1.205744
1.1781679999999999,1.191744
1.1883759999999999,1.179494
1.198583,1.168119
1.208791,1.155869
1.218998,1.1471189999999998
1.229206,1.1357439999999999
1.2394129999999999,1.125245
1.2496209999999999,1.1164949999999998
1.2598289999999999,1.1059949999999998
1.270036,1.09812
1.280244,1.08937
1.290451,1.08062
1.300659,1.0736199999999998
1.3108659999999999,1.06487
1.3210739999999999,1.0578699999999999
1.331281,1.05087
1.341489,1.0429950000000001
1.351697,1.037745
1.361904,1.0298699999999998
1.372112,1.023745
1.3823189999999999,1.01762
1.3925269999999998,1.01062
1.402734,1.006245
1.412942,0.999245
1.42315,0.993995
1.433357,0.9896199999999999
1.443565,0.98262
1.4537719999999998,0.978245
1.4639799999999998,0.9729949999999999
1.474187,0.9677450000000001
1.484395,0.964245
1.494603,0.9581199999999999
1.50481,0.9537450000000001
1.494603,0.950245
1.484395,0.944995
1.474187,0.941495
1.4639799999999998,0.936245
1.4537719999999998,0.9327449999999999
1.443565,0.929245
1.433357,0.9239949999999999
1.42315,0.92137
1.412942,0.9169949999999999
1.402734,0.913495
1.3925269999999998,0.91087
1.3823189999999999,0.90562
1.372112,0.902995
1.361904,0.899495
1.351697,0.8951209999999999
1.341489,0.8933709999999999
1.331281,0.888996
1.3210739999999999,0.8863709999999999
1.3108659999999999,0.883746
1.300659,0.8793709999999999
1.290451,0.877621
1.280244,0.873246
1.270036,0.870621
1.2598289999999999,0.868871
1.2496209999999999,0.8644959999999999
1.2394129999999999,0.862746
1.229206,0.859246
1.218998,0.8566210000000001
1.208791,0.854871
1.198583,0.851371
1.1883759999999999,0.848746
1.1781679999999999,0.846121
1.1679599999999999,0.844371
1.157753,0.841746
1.147545,0.8382459999999999
1.137338,0.8364959999999999
1.12713,0.834746
1.1169229999999999,0.8312459999999999
1.106715,0.8294959999999999
1.096507,0.826871
1.0863,0.824246
1.076092,0.822496
1.065885,0.819871
1.055677,0.8189960000000001
1.04547,0.816371
1.035262,0.813746
1.025054,0.812871
1.014847,0.810246
1.004639,0.808496
0.994432,0.805871
0.984224,0.804121
0.9740169999999999,0.803246
0.9638089999999999,0.799746
0.9536009999999999,0.798871
0.943394,0.797121
0.933186,0.794496
0.922979,0.7936209999999999
0.912771,0.7271209999999999
0.9025639999999999,0.581872
0.8923559999999999,0.465497
0.8821479999999999,0.371873
0.871941,0.29574799999999996
0.861733,0.235373
0.851526,0.185499
0.841318,0.14787399999999998
0.8311109999999999,0.11812399999999999
0.8209029999999999,0.09449958400000001
0.8106949999999999,0.076124664
0.800488,0.06168722800000001
0.79028,0.050093528000000005
0.780073,0.041124816
0.7698649999999999,0.03346860200000001
0.7596579999999999,0.027781126000000003
0.74945,0.022421774000000002
0.739242,0.018046794
0.729035,0.014656185000000002
0.718827,-0.020143110000000002
0.7086199999999999,-0.026532684
0.6984119999999999,-0.027831876000000002
0.688205,-0.027131880000000004
0.677997,-0.029668668000000002
0.667789,-0.031096662
0.657582,-0.030861466000000004
0.647374,-0.032093458000000005
0.6371669999999999,-0.033935848000000005
0.6269589999999999,-0.034322248
0.616752,-0.034439848
0.606544,-0.036612636000000004
0.596336,-0.037626232
0.586129,-0.037710232
0.575921,-0.039502224
0.5657139999999999,-0.041036616000000005
0.5555059999999999,-0.04167501600000001
0.545299,-0.042845412000000006
0.535091,-0.044637404
0.524883,-0.04577980000000001
0.514676,-0.046888596
0.504468,-0.048669384
0.49426099999999995,-0.05009178
0.48405299999999996,-0.05348414
0.473846,-0.058843488000000006
0.463638,-0.065296584
0.45343,-0.07240592800000001
0.443223,-0.08039026400000002
0.433015,-0.09012460000000001
0.42280799999999996,-0.100843
0.41259999999999997,-0.112327
0.402393,-0.127202
0.392185,-0.14360799999999999
0.38197699999999996,-0.16252999999999998
0.37177,-0.18517099999999997
0.361562,-0.21153
0.351355,-0.242483
0.341147,-0.278248
0.33094,-0.321889
0.32073199999999996,-0.373732
0.310525,-0.434326
0.300317,-0.5093570000000001
0.290109,-0.598934
0.279902,-0.70645
0.269694,-0.836824
0.25948699999999997,-0.994761
0.249279,-1.1886819999999998
0.23907199999999998,-1.431274
0.22886399999999998,-1.735992
0.218656,-2.1174899999999997
0.208449,-2.628488
0.198241,-3.321047
0.18803399999999998,-4.304543
0.17782599999999998,-5.749599
0.167619,-7.734965000000001
0.157411,-10.204204
0.147203,-12.792442
0.136996,-15.011433
0.12678799999999998,-16.285426
0.11658099999999999,-15.847928000000001
0.106373,-13.33144
0.096166048,-9.712456
0.08595848,-6.747968999999999
0.07575092,-5.0959769999999995
0.065543348,-4.30148
0.055335776,-3.874482
0.045128204000000005,-3.5734839999999997
0.034920632,-3.321485
0.024713064,-2.988986
0.014505494,-2.722987
0.004297924,-2.568988
-0.005909646,-2.467488
-0.016117215,-2.407989
-0.026324786000000003,-2.3869890000000002
-0.036532356,-2.362489
-0.046739924,-2.3064889999999996
-0.056947496,-2.20149
-0.067155064,-2.06499
-0.077362632,-1.9319909999999998
-0.08757020800000001,-1.819991
-0.09777777600000001,-1.725492
-0.107985,-1.655492
-0.11819199999999999,-1.599492
-0.1284,-1.5504930000000001
-0.13860799999999998,-1.497993
-0.148815,-1.448993
-0.159023,-1.399993
-0.16923,-1.354493
-0.179438,-1.315994
-0.18964499999999998,-1.277494
-0.199853,-1.242494
-0.18964499999999998,-1.154994
-0.179438,-1.095495
-0.16923,-1.049995
-0.159023,-1.004495
-0.148815,-0.9694950000000001
-0.13860799999999998,-0.937995
-0.1284,-0.9064949999999999
-0.11819199999999999,-0.874996
-0.107985,-0.8504959999999999
-0.09777777600000001,-0.825996
-0.08757020800000001,-0.804996
-0.077362632,-0.780496
-0.067155064,-0.7629959999999999
-0.056947496,-0.741996
-0.046739924,-0.720996
-0.036532356,-0.699996
-0.026324786000000003,-0.673747
-0.016117215,-0.650997
-0.005909646,-0.626497
0.004297924,-0.600247
0.014505494,-0.570497
0.024713064,-0.533747
0.034920632,-0.489997
0.045128204000000005,-0.43574799999999997
0.055335776,-0.37799799999999995
0.065543348,-0.320248
0.07575092,-0.264248
0.08595848,-0.21612399999999998
0.096166048,-0.175874
0.106373,-0.142624
0.11658099999999999,-0.11724899999999999
0.12678799999999998,-0.09581207200000001
0.136996,-0.08006214400000002
0.147203,-0.06343722
0.157411,-0.048124784000000004
0.167619,-0.032812352
0.17782599999999998,-0.015968679000000003
0.18803399999999998,0.002406239
0.198241,0.02351552
0.208449,0.046156044
0.218656,0.07262468000000001
0.22886399999999998,0.102593
0.23907199999999998,0.13474899999999998
0.249279,0.172264
0.25948699999999997,0.215686
0.269694,0.26982599999999995
0.279902,0.347701
0.290109,0.464294
0.300317,0.634044
0.310525,0.87073
0.32073199999999996,1.163526
0.33094,1.5170240000000002
0.341147,1.85171
0.351355,2.117928
0.361562,2.2780519999999997
0.37177,2.325302
0.38197699999999996,2.288989
0.392185,2.205865
0.402393,2.098678
0.41259999999999997,1.987116
0.42280799999999996,1.888241
0.433015,1.8029289999999998
0.443223,1.7346789999999999
0.45343,1.6904919999999999
0.463638,1.677805
0.473846,1.706242
0.48405299999999996,1.798554
0.49426099999999995,1.979241
0.504468,2.249177
0.514676,2.609675
0.524883,3.057673
0.535091,3.5603589999999996
0.545299,4.070481
0.5555059999999999,4.568354
0.5657139999999999,5.061852
0.575921,5.54835
0.586129,5.970973
0.596336,6.236972
0.606544,6.320971
0.616752,6.292096999999999
0.6269589999999999,6.194097
0.6371669999999999,5.886973
0.647374,5.361101
0.657582,4.850978
0.667789,4.4502299999999995
0.677997,4.153606
0.688205,3.930482
0.6984119999999999,3.764233
0.7086199999999999,3.636483
0.718827,3.535859
0.729035,3.4544840000000003
0.739242,3.3844849999999997
0.74945,3.32586
0.7596579999999999,3.27336
0.7698649999999999,3.228735
0.780073,3.19111
0.79028,3.1587349999999996
0.800488,3.132486
0.8106949999999999,3.1114859999999998
0.8209029999999999,3.096611
0.8311109999999999,3.089611
0.841318,3.093986
0.851526,3.114111
0.861733,3.15261
0.871941,3.127236
0.8821479999999999,2.756237
0.8923559999999999,2.512988
0.9025639999999999,2.331864
0.912771,2.18924
0.922979,2.07024
0.933186,1.9731159999999999
0.943394,1.888241
0.9536009999999999,1.814741
0.9638089999999999,1.752617
0.9740169999999999,1.694867
0.984224,1.645867
0.994432,1.6003669999999999
1.004639,1.559243
1.014847,1.523368
1.025054,1.488368
1.035262,1.457743
1.04547,1.429743
1.055677,1.402618
1.065885,1.3789930000000001
1.076092,1.355369
1.0863,1.334369
1.096507,1.315119
1.106715,1.294994
1.1169229999999999,1.2783689999999999
1.12713,1.260869
1.137338,1.245994
1.147545,1.231119
1.157753,1.2153690000000001
1.1679599999999999,1.203119
1.1781679999999999,1.1899939999999998
1.1883759999999999,1.176869
1.198583,1.166369
1.208791,1.154119
1.218998,1.1444940000000001
1.229206,1.133119
1.2394129999999999,1.123494
1.2496209999999999,1.114745
1.2598289999999999,1.104245
1.270036,1.09637
1.280244,1.088495
1.290451,1.077995
1.300659,1.07187
1.3108659999999999,1.0631199999999998
1.3210739999999999,1.0561200000000002
1.331281,1.04912
1.341489,1.0421200000000002
1.351697,1.035995
1.361904,1.0289949999999999
1.372112,1.021995
1.3823189999999999,1.016745
1.3925269999999998,1.0097450000000001
1.402734,1.004495
1.412942,0.9983700000000001
1.42315,0.9922449999999999
1.433357,0.9878699999999999
1.443565,0.981745
1.4537719999999998,0.976495
1.4639799999999998,0.9721199999999999
1.474187,0.965995
1.484395,0.962495
1.494603,0.9572449999999999
1.50481,0.9528699999999999
1.494603,0.9493699999999999
1.484395,0.943245
1.474187,0.9397449999999999
1.4639799999999998,0.93537
1.4537719999999998,0.930995
1.443565,0.92837
1.433357,0.92312
1.42315,0.91962
1.412942,0.91612
1.402734,0.9117449999999999
1.3925269999999998,0.90912
1.3823189999999999,0.904745
1.372112,0.901246
1.361904,0.89862
1.351697,0.8933709999999999
1.341489,0.891621
1.331281,0.8881209999999999
1.3210739999999999,0.884621
1.3108659999999999,0.881996
1.300659,0.878496
1.290451,0.875871
1.280244,0.8723709999999999
1.270036,0.868871
1.2598289999999999,0.8671209999999999
1.2496209999999999,0.8636210000000001
1.2394129999999999,0.860996
1.229206,0.858371
1.218998,0.854871
1.208791,0.853121
1.198583,0.8504959999999999
1.1883759999999999,0.846996
1.1781679999999999,0.846121
1.1679599999999999,0.841746
1.157753,0.840871
1.147545,0.837371
1.137338,0.834746
1.12713,0.833871
1.1169229999999999,0.830371
1.106715,0.8286209999999999
1.096507,0.825996
1.0863,0.823371
1.076092,0.822496
1.065885,0.8189960000000001
1.055677,0.817246
1.04547,0.815496
1.035262,0.811996
1.025054,0.811996
1.014847,0.809371
1.004639,0.806746
0.994432,0.805871
0.984224,0.802371
0.9740169999999999,0.801496
0.9638089999999999,0.799746
0.9536009999999999,0.797121
0.943394,0.796246
0.933186,0.792746
0.922979,0.7918709999999999
0.912771,0.738496
0.9025639999999999,0.589747
0.8923559999999999,0.471622
0.8821479999999999,0.37624799999999997
0.871941,0.29924799999999996
0.861733,0.237998
0.851526,0.18899899999999997
0.841318,0.14962399999999998
0.8311109999999999,0.118999
0.8209029999999999,0.09581207200000001
0.8106949999999999,0.07699965600000001
0.800488,0.06212472
0.79028,0.050749776
0.780073,0.041562316
0.7698649999999999,0.0339061
0.7596579999999999,0.027999876000000003
0.74945,0.022640524000000002
0.739242,0.018374918
0.729035,0.014874934000000001
0.718827,-0.020199112
0.7086199999999999,-0.026487884
0.6984119999999999,-0.027775878
0.688205,-0.027070282
0.677997,-0.029635068
0.667789,-0.031046264000000004
0.657582,-0.030844664
0.647374,-0.03205986
0.6371669999999999,-0.03389104800000001
0.6269589999999999,-0.034294252000000004
0.616752,-0.034395048
0.606544,-0.036612636000000004
0.596336,-0.037620636
0.586129,-0.037659836
0.575921,-0.039468628
0.5657139999999999,-0.04099742
0.5555059999999999,-0.041663816
0.545299,-0.042817412000000006
0.535091,-0.044615004
0.524883,-0.045774196
0.514676,-0.046838196
0.504468,-0.048641384
0.49426099999999995,-0.050069380000000004
0.48405299999999996,-0.053265388000000004
0.473846,-0.058734116
0.463638,-0.064968464
0.45343,-0.07240592800000001
0.443223,-0.08006214400000002
0.433015,-0.08979648000000001
0.42280799999999996,-0.100515
0.41259999999999997,-0.111999
0.402393,-0.12676500000000002
0.392185,-0.143389
0.38197699999999996,-0.16220199999999999
0.37177,-0.184624
0.361562,-0.211092
0.351355,-0.241717
0.341147,-0.277155
0.33094,-0.32068599999999997
0.32073199999999996,-0.372092
0.310525,-0.432357
0.300317,-0.50695
0.290109,-0.5960909999999999
0.279902,-0.702621
0.269694,-0.832558
0.25948699999999997,-0.9894010000000001
0.249279,-1.1814630000000002
0.23907199999999998,-1.4220869999999999
0.22886399999999998,-1.7239609999999999
0.218656,-2.1023959999999997
0.208449,-2.60705
0.198241,-3.29086
0.18803399999999998,-4.261668
0.17782599999999998,-5.683974
0.167619,-7.648340999999999
0.157411,-10.102704999999998
0.147203,-12.697943
0.136996,-14.948433
0.12678799999999998,-16.287176
0.11658099999999999,-15.945927999999999
0.106373,-13.509939
0.096166048,-9.901456
0.08595848,-6.880969
0.07575092,-5.176476
0.065543348,-4.36798
0.055335776,-3.933982
0.045128204000000005,-3.6259829999999997
0.034920632,-3.370484
0.024713064,-3.041486
0.014505494,-2.7439869999999997
0.004297924,-2.582988
-0.005909646,-2.477989
-0.016117215,-2.418489
-0.026324786000000003,-2.393989
-0.036532356,-2.3694889999999997
-0.046739924,-2.316989
-0.056947496,-2.2119899999999997
-0.067155064,-2.07549
-0.077362632,-1.945991
-0.08757020800000001,-1.830491
-0.09777777600000001,-1.735992
-0.107985,-1.6624919999999999
-0.11819199999999999,-1.606492
-0.1284,-1.557493
-0.13860799999999998,-1.504993
-0.148815,-1.4524929999999998
-0.159023,-1.403493
-0.16923,-1.361493
-0.179438,-1.3194940000000002
-0.18964499999999998,-1.284494
-0.199853,-1.245994
-0.18964499999999998,-1.161994
-0.179438,-1.098995
-0.16923,-1.053495
-0.159023,-1.007995
-0.148815,-0.9729949999999999
-0.13860799999999998,-0.941495
-0.1284,-0.9064949999999999
-0.11819199999999999,-0.878496
-0.107985,-0.853996
-0.09777777600000001,-0.8294959999999999
-0.08757020800000001,-0.804996
-0.077362632,-0.787496
-0.067155064,-0.766496
-0.056947496,-0.745496
-0.046739924,-0.720996
-0.036532356,-0.703496
-0.026324786000000003,-0.6772459999999999
-0.016117215,-0.652747
-0.005909646,-0.628247
0.004297924,-0.601997
0.014505494,-0.570497
0.024713064,-0.533747
0.034920632,-0.488247
0.045128204000000005,-0.43574799999999997
0.055335776,-0.37624799999999997
0.065543348,-0.318498
0.07575092,-0.26249799999999995
0.08595848,-0.213499
0.096166048,-0.174124
0.106373,-0.141749
0.11658099999999999,-0.11637399999999999
0.12678799999999998,-0.09581207200000001
0.136996,-0.07918714400000001
0.147203,-0.06299972
0.157411,-0.047249792000000006
0.167619,-0.031937358000000006
0.17782599999999998,-0.015312433
0.18803399999999998,0.0034999840000000003
0.198241,0.024499892000000002
0.208449,0.04779666400000001
0.218656,0.074046544
0.22886399999999998,0.104015
0.23907199999999998,0.136608
0.249279,0.174233
0.25948699999999997,0.217983
0.269694,0.273217
0.279902,0.352842
0.290109,0.47260699999999994
0.300317,0.6454179999999999
0.310525,0.886042
0.32073199999999996,1.179932
0.33094,1.537368
0.341147,1.870304
0.351355,2.131271
0.361562,2.2854889999999997
0.37177,2.327489
0.38197699999999996,2.286802
0.392185,2.201052
0.402393,2.09299
0.41259999999999997,1.9809910000000002
0.42280799999999996,1.882991
0.433015,1.798117
0.443223,1.7311789999999998
0.45343,1.688742
0.463638,1.678242
0.473846,1.711492
0.48405299999999996,1.809491
0.49426099999999995,1.998053
0.504468,2.277614
0.514676,2.647738
0.524883,3.1062359999999996
0.535091,3.617233
0.545299,4.133044
0.5555059999999999,4.636604
0.5657139999999999,5.134477
0.575921,5.624474
0.586129,6.045347
0.596336,6.299970999999999
0.606544,6.369096
0.616752,6.327971999999999
0.6269589999999999,6.215972
0.6371669999999999,5.883473
0.647374,5.342726
0.657582,4.830852999999999
0.667789,4.433605
0.677997,4.140481
0.688205,3.920857
0.6984119999999999,3.7563579999999996
0.7086199999999999,3.630358
0.718827,3.529734
0.729035,3.449234
0.739242,3.380109
0.74945,3.319735
0.7596579999999999,3.26811
0.7698649999999999,3.22261
0.780073,3.18586
0.79028,3.1543609999999997
0.800488,3.1263609999999997
0.8106949999999999,3.1062359999999996
0.8209029999999999,3.090486
0.8311109999999999,3.084361
0.841318,3.091361
0.851526,3.1114859999999998
0.861733,3.15261
0.871941,3.088736
0.8821479999999999,2.7326119999999996
0.8923559999999999,2.495488
0.9025639999999999,2.317864
0.912771,2.177865
0.922979,2.060615
0.933186,1.964366
0.943394,1.880366
0.9536009999999999,1.807741
0.9638089999999999,1.746492
0.9740169999999999,1.689617
0.984224,1.640617
0.994432,1.595992
1.004639,1.554868
1.014847,1.518993
1.025054,1.4848679999999999
1.035262,1.454243
1.04547,1.426243
1.055677,1.3991179999999999
1.065885,1.375493
1.076092,1.3527429999999998
1.0863,1.330869
1.096507,1.312494
1.106715,1.2923689999999999
1.1169229999999999,1.275744
1.12713,1.259994
1.137338,1.243369
1.147545,1.229369
1.157753,1.214494
1.1679599999999999,1.2013690000000001
1.1781679999999999,1.188244
1.1883759999999999,1.175119
1.198583,1.1646189999999998
1.208791,1.152369
1.218998,1.141869
1.229206,1.1322439999999998
1.2394129999999999,1.12087
1.2496209999999999,1.112995
1.2598289999999999,1.10337
1.270036,1.09462
1.280244,1.0867449999999999
1.290451,1.0771199999999999
1.300659,1.07012
1.3108659999999999,1.0631199999999998
1.3210739999999999,1.05437
1.331281,1.0482449999999999
1.341489,1.04037
1.351697,1.03337
1.361904,1.027245
1.372112,1.020245
1.3823189999999999,1.0158699999999998
1.3925269999999998,1.00887
1.402734,1.002745
1.412942,0.997495
1.42315,0.99137
1.433357,0.9861199999999999
1.443565,0.98087
1.4537719999999998,0.974745
1.4639799999999998,0.9712449999999999
1.474187,0.96512
1.484395,0.960745
1.494603,0.9572449999999999
1.50481,0.95112
1.494603,0.9476199999999999
1.484395,0.943245
1.474187,0.93887
1.4639799999999998,0.93537
1.4537719999999998,0.9301200000000001
1.443565,0.92662
1.433357,0.922245
1.42315,0.9187449999999999
1.412942,0.915245
1.402734,0.91087
1.3925269999999998,0.90737
1.3823189999999999,0.90387
1.372112,0.899495
1.361904,0.897745
1.351697,0.8933709999999999
1.341489,0.890746
1.331281,0.887246
1.3210739999999999,0.882871
1.3108659999999999,0.8811209999999999
1.300659,0.877621
1.290451,0.8741209999999999
1.280244,0.8723709999999999
1.270036,0.867996
1.2598289999999999,0.866246
1.2496209999999999,0.862746
1.2394129999999999,0.859246
1.229206,0.858371
1.218998,0.853996
1.208791,0.852246
1.198583,0.8496210000000001
1.1883759999999999,0.846121
1.1781679999999999,0.8452459999999999
1.1679599999999999,0.840871
1.157753,0.839121
1.147545,0.837371
1.137338,0.833871
1.12713,0.832996
1.1169229999999999,0.8286209999999999
1.106715,0.827746
1.096507,0.825996
1.0863,0.822496
1.076092,0.8207460000000001
1.065885,0.8189960000000001
1.055677,0.816371
1.04547,0.8146209999999999
1.035262,0.811996
1.025054,0.810246
1.014847,0.808496
1.004639,0.805871
0.994432,0.804996
0.984224,0.801496
0.9740169999999999,0.8006209999999999
0.9638089999999999,0.798871
0.9536009999999999,0.796246
0.943394,0.7953709999999999
0.933186,0.792746
0.922979,0.790996
0.912771,0.7489959999999999
0.9025639999999999,0.597622
0.8923559999999999,0.47862200000000005
0.8821479999999999,0.38237299999999996
0.871941,0.304498
0.861733,0.241498
0.851526,0.191624
0.841318,0.152249
0.8311109999999999,0.12162400000000001
0.8209029999999999,0.09712456800000001
0.8106949999999999,0.078312152
0.800488,0.06343722
0.79028,0.05162476800000001
0.780073,0.042218564
0.7698649999999999,0.034343596000000004
0.7596579999999999,0.028218626000000004
0.74945,0.023187396000000002
0.739242,0.018484294000000002
0.729035,0.014984308000000002
0.718827,-0.020159912000000002
0.7086199999999999,-0.026471082000000003
0.6984119999999999,-0.027663878000000003
0.688205,-0.027059080000000003
0.677997,-0.029579070000000002
0.667789,-0.031001464000000003
0.657582,-0.030855862000000005
0.647374,-0.03194786
0.6371669999999999,-0.033846248
0.6269589999999999,-0.034255048
0.616752,-0.034311048000000004
0.606544,-0.03657904000000001
0.596336,-0.037542232
0.586129,-0.037615036000000004
0.575921,-0.039479828
0.5657139999999999,-0.04094702
0.5555059999999999,-0.041647016
0.545299,-0.042772612
0.535091,-0.044547804
0.524883,-0.045790996
0.514676,-0.046782192
0.504468,-0.04861338800000001
0.49426099999999995,-0.05003018
0.48405299999999996,-0.053046640000000006
0.473846,-0.058734116
0.463638,-0.064968464
0.45343,-0.072187176
0.443223,-0.07995276800000001
0.433015,-0.08946835200000001
0.42280799999999996,-0.100515
0.41259999999999997,-0.11178
0.402393,-0.126218
0.392185,-0.143061
0.38197699999999996,-0.16154600000000002
0.37177,-0.18418600000000002
0.361562,-0.21032700000000001
0.351355,-0.240733
0.341147,-0.276389
0.33094,-0.319264
0.32073199999999996,-0.370779
0.310525,-0.430716
0.300317,-0.504763
0.290109,-0.593356
0.279902,-0.699012
0.269694,-0.828183
0.25948699999999997,-0.984151
0.249279,-1.174463
0.23907199999999998,-1.413337
0.22886399999999998,-1.712586
0.218656,-2.088178
0.208449,-2.5864879999999997
0.198241,-3.26111
0.18803399999999998,-4.219231
0.17782599999999998,-5.6201
0.167619,-7.560841
0.157411,-9.898831000000001
0.147203,-12.610443
0.136996,-14.885433
0.12678799999999998,-16.287176
0.11658099999999999,-16.043928
0.106373,-13.691939
0.096166048,-10.093955000000001
0.08595848,-7.020968
0.07575092,-5.263976
0.065543348,-4.43448
0.055335776,-4.000482
0.045128204000000005,-3.685483
0.034920632,-3.422984
0.024713064,-3.104486
0.014505494,-2.7754869999999996
0.004297924,-2.600488
-0.005909646,-2.491988
-0.016117215,-2.425489
-0.026324786000000003,-2.400989
-0.036532356,-2.379989
-0.046739924,-2.330989
-0.056947496,-2.22599
-0.067155064,-2.0894899999999996
-0.077362632,-1.9599909999999998
-0.08757020800000001,-1.840991
-0.09777777600000001,-1.7429919999999999
-0.107985,-1.669492
-0.11819199999999999,-1.613492
-0.1284,-1.5644930000000001
-0.13860799999999998,-1.511993
-0.148815,-1.459493
-0.159023,-1.410493
-0.16923,-1.364993
-0.179438,-1.326494
-0.18964499999999998,-1.287994
-0.199853,-1.252994
-0.18964499999999998,-1.165494
-0.179438,-1.1059949999999998
-0.16923,-1.060495
-0.159023,-1.0149949999999999
-0.148815,-0.976495
-0.13860799999999998,-0.944995
-0.1284,-0.913495
-0.11819199999999999,-0.881996
-0.107985,-0.8574959999999999
-0.09777777600000001,-0.832996
-0.08757020800000001,-0.811996
-0.077362632,-0.790996
-0.067155064,-0.769996
-0.056947496,-0.7489959999999999
-0.046739924,-0.724496
-0.036532356,-0.703496
-0.026324786000000003,-0.6789959999999999
-0.016117215,-0.652747
-0.005909646,-0.629997
0.004297924,-0.601997
0.014505494,-0.570497
0.024713064,-0.533747
0.034920632,-0.48649699999999996
0.045128204000000005,-0.43224799999999997
0.055335776,-0.37449799999999994
0.065543348,-0.314998
0.07575092,-0.260748
0.08595848,-0.211749
0.096166048,-0.172374
0.106373,-0.139999
0.11658099999999999,-0.11462399999999999
0.12678799999999998,-0.09406208
0.136996,-0.078312152
0.147203,-0.06212472
0.157411,-0.045937296
0.167619,-0.030843614000000005
0.17782599999999998,-0.013781188000000002
0.18803399999999998,0.006124973000000001
0.198241,0.025812384000000004
0.208449,0.048999784000000005
0.218656,0.07601528800000001
0.22886399999999998,0.10543699999999999
0.23907199999999998,0.138249
0.249279,0.176202
0.25948699999999997,0.220608
0.269694,0.276826
0.279902,0.35798199999999997
0.290109,0.480482
0.300317,0.656903
0.310525,0.901355
0.32073199999999996,1.19601
0.33094,1.556836
0.341147,1.887804
0.351355,2.143302
0.361562,2.292052
0.37177,2.3283639999999997
0.38197699999999996,2.2837389999999997
0.392185,2.195802
0.402393,2.086865
0.41259999999999997,1.9753029999999998
0.42280799999999996,1.8773039999999999
0.433015,1.793741
0.443223,1.727679
0.45343,1.687867
0.463638,1.679117
0.473846,1.716742
0.48405299999999996,1.8208659999999999
0.49426099999999995,2.017741
0.504468,2.3060519999999998
0.514676,2.686675
0.524883,3.155673
0.535091,3.674108
0.545299,4.193856
0.5555059999999999,4.703104
0.5657139999999999,5.206226
0.575921,5.698849
0.586129,6.1162220000000005
0.596336,6.360346
0.606544,6.4172210000000005
0.616752,6.3612210000000005
0.6269589999999999,6.231722
0.6371669999999999,5.876473
0.647374,5.321726
0.657582,4.809853
0.667789,4.41698
0.677997,4.127356
0.688205,3.911232
0.6984119999999999,3.747608
0.7086199999999999,3.623358
0.718827,3.5244839999999997
0.729035,3.443984
0.739242,3.375735
0.74945,3.316235
0.7596579999999999,3.265485
0.7698649999999999,3.219985
0.780073,3.183235
0.79028,3.1508599999999998
0.800488,3.124611
0.8106949999999999,3.102736
0.8209029999999999,3.089611
0.8311109999999999,3.0834859999999997
0.841318,3.090486
0.851526,3.1132359999999997
0.861733,3.1543609999999997
0.871941,3.053736
0.8821479999999999,2.708987
0.8923559999999999,2.478863
0.9025639999999999,2.303864
0.912771,2.16649
0.922979,2.05099
0.933186,1.9547409999999998
0.943394,1.873366
0.9536009999999999,1.8007410000000001
0.9638089999999999,1.740367
0.9740169999999999,1.685242
0.984224,1.635367
0.994432,1.592492
1.004639,1.5504930000000001
1.014847,1.515493
1.025054,1.483118
1.035262,1.451618
1.04547,1.4244929999999998
1.055677,1.397368
1.065885,1.372868
1.076092,1.3509939999999998
1.0863,1.329119
1.096507,1.310744
1.106715,1.291494
1.1169229999999999,1.273994
1.12713,1.258244
1.137338,1.241619
1.147545,1.227619
1.157753,1.213619
1.1679599999999999,1.199619
1.1781679999999999,1.1873690000000001
1.1883759999999999,1.174244
1.198583,1.162869
1.208791,1.152369
1.218998,1.140994
1.229206,1.131369
1.2394129999999999,1.12087
1.2496209999999999,1.111245
1.2598289999999999,1.102495
1.270036,1.09287
1.280244,1.0849950000000002
1.290451,1.0771199999999999
1.300659,1.06837
1.3108659999999999,1.06137
1.3210739999999999,1.053495
1.331281,1.046495
1.341489,1.039495
1.351697,1.032495
1.361904,1.02637
1.372112,1.0193699999999999
1.3823189999999999,1.0141200000000001
1.3925269999999998,1.007995
1.402734,1.0009949999999999
1.412942,0.9966200000000001
1.42315,0.9904949999999999
1.433357,0.985245
1.443565,0.98087
1.4537719999999998,0.9738699999999999
1.4639799999999998,0.9703700000000001
1.474187,0.96512
1.484395,0.9598699999999999
1.494603,0.95637
1.50481,0.950245
1.494603,0.946745
1.484395,0.941495
1.474187,0.9371200000000001
1.4639799999999998,0.934495
1.4537719999999998,0.929245
1.443565,0.9257449999999999
1.433357,0.922245
1.42315,0.9169949999999999
1.412942,0.91437
1.402734,0.9099949999999999
1.3925269999999998,0.9064949999999999
1.3823189999999999,0.902995
1.372112,0.89862
1.361904,0.89687
1.351697,0.8924960000000001
1.341489,0.888996
1.331281,0.8863709999999999
1.3210739999999999,0.882871
1.3108659999999999,0.880246
1.300659,0.876746
1.290451,0.873246
1.280244,0.8714959999999999
1.270036,0.8671209999999999
1.2598289999999999,0.8644959999999999
1.2496209999999999,0.861871
1.2394129999999999,0.858371
1.229206,0.8574959999999999
1.218998,0.853121
1.208791,0.851371
1.198583,0.848746
1.1883759999999999,0.8452459999999999
1.1781679999999999,0.8434959999999999
1.1679599999999999,0.840871
1.157753,0.8382459999999999
1.147545,0.8364959999999999
1.137338,0.832996
1.12713,0.8312459999999999
1.1169229999999999,0.8294959999999999
1.106715,0.825996
1.096507,0.825121
1.0863,0.8216209999999999
1.076092,0.819871
1.065885,0.818121
1.055677,0.8146209999999999
1.04547,0.813746
1.035262,0.811996
1.025054,0.809371
1.014847,0.808496
1.004639,0.804996
0.994432,0.804121
0.984224,0.801496
0.9740169999999999,0.798871
0.9638089999999999,0.797996
0.9536009999999999,0.7953709999999999
0.943394,0.7936209999999999
0.933186,0.792746
0.922979,0.789246
0.912771,0.758621
0.9025639999999999,0.606372
0.8923559999999999,0.48562200000000005
0.8821479999999999,0.387623
0.871941,0.308873
0.861733,0.244998
0.851526,0.194249
0.841318,0.153999
0.8311109999999999,0.122499
0.8209029999999999,0.09887456800000001
0.8106949999999999,0.07918714400000001
0.800488,0.06387471600000001
0.79028,0.05206226800000001
0.780073,0.04265606
0.7698649999999999,0.034999844
0.7596579999999999,0.028656122000000003
0.74945,0.023296772
0.739242,0.018812416000000002
0.729035,0.015093683
0.718827,-0.020171112
0.7086199999999999,-0.026437482
0.6984119999999999,-0.027585478000000004
0.688205,-0.027008682000000003
0.677997,-0.029584670000000004
0.667789,-0.030962264
0.657582,-0.030816666000000003
0.647374,-0.031914258
0.6371669999999999,-0.033874252
0.6269589999999999,-0.034249452
0.616752,-0.034299848
0.606544,-0.03655664000000001
0.596336,-0.037525436
0.586129,-0.037592636
0.575921,-0.039474228
0.5657139999999999,-0.04091902
0.5555059999999999,-0.041619016
0.545299,-0.042772612
0.535091,-0.044559004000000006
0.524883,-0.045757400000000004
0.514676,-0.046765392
0.504468,-0.048585384
0.49426099999999995,-0.050046980000000005
0.48405299999999996,-0.052827888
0.473846,-0.058405992000000004
0.463638,-0.06474971600000001
0.45343,-0.071859056
0.443223,-0.07995276800000001
0.433015,-0.08924960000000001
0.42280799999999996,-0.100077
0.41259999999999997,-0.11167099999999999
0.402393,-0.125999
0.392185,-0.142624
0.38197699999999996,-0.161108
0.37177,-0.183639
0.361562,-0.20978
0.351355,-0.23974800000000002
0.341147,-0.27551400000000004
0.33094,-0.31817
0.32073199999999996,-0.36913799999999997
0.310525,-0.428857
0.300317,-0.502466
0.290109,-0.590841
0.279902,-0.695731
0.269694,-0.823808
0.25948699999999997,-0.979011
0.249279,-1.1676819999999999
0.23907199999999998,-1.4041489999999999
0.22886399999999998,-1.7009919999999998
0.218656,-2.07374
0.208449,-2.566363
0.198241,-3.23136
0.18803399999999998,-4.177668
0.17782599999999998,-5.5588500000000005
0.167619,-7.475966
0.157411,-9.808705999999999
0.147203,-12.515944000000001
0.136996,-14.818933999999999
0.12678799999999998,-16.278427
0.11658099999999999,-16.127927
0.106373,-13.863437999999999
0.096166048,-10.282954
0.08595848,-7.1574670000000005
0.07575092,-5.354976
0.065543348,-4.504479
0.055335776,-4.066982
0.045128204000000005,-3.748483
0.034920632,-3.478984
0.024713064,-3.167485
0.014505494,-2.806987
0.004297924,-2.617988
-0.005909646,-2.505988
-0.016117215,-2.435989
-0.026324786000000003,-2.411489
-0.036532356,-2.390489
-0.046739924,-2.337989
-0.056947496,-2.23649
-0.067155064,-2.10349
-0.077362632,-1.970491
-0.08757020800000001,-1.847991
-0.09777777600000001,-1.749992
-0.107985,-1.6764919999999999
-0.11819199999999999,-1.616992
-0.1284,-1.567993
-0.13860799999999998,-1.515493
-0.148815,-1.4664929999999998
-0.159023,-1.417493
-0.16923,-1.368493
-0.179438,-1.3334940000000002
-0.18964499999999998,-1.294994
-0.199853,-1.256494
-0.18964499999999998,-1.168994
-0.179438,-1.109495
-0.16923,-1.060495
-0.159023,-1.018495
-0.148815,-0.9799950000000001
-0.13860799999999998,-0.948495
-0.1284,-0.9169949999999999
-0.11819199999999999,-0.8854960000000001
-0.107985,-0.860996
-0.09777777600000001,-0.8364959999999999
-0.08757020800000001,-0.811996
-0.077362632,-0.790996
-0.067155064,-0.769996
-0.056947496,-0.7489959999999999
-0.046739924,-0.727996
-0.036532356,-0.703496
-0.026324786000000003,-0.680746
-0.016117215,-0.654497
-0.005909646,-0.629997
0.004297924,-0.601997
0.014505494,-0.570497
0.024713064,-0.533747
0.034920632,-0.48649699999999996
0.045128204000000005,-0.430498
0.055335776,-0.370998
0.065543348,-0.31324799999999997
0.07575092,-0.257248
0.08595848,-0.20912399999999998
0.096166048,-0.16974899999999998
0.106373,-0.139124
0.11658099999999999,-0.11374899999999999
0.12678799999999998,-0.093187088
0.136996,-0.07699965600000001
0.147203,-0.061249732
0.157411,-0.044843548000000004
0.167619,-0.029749868000000002
0.17782599999999998,-0.013124942000000002
0.18803399999999998,0.0073280920000000005
0.198241,0.02734363
0.208449,0.050202904000000007
0.218656,0.077655904
0.22886399999999998,0.107077
0.23907199999999998,0.139999
0.249279,0.178171
0.25948699999999997,0.222795
0.269694,0.280545
0.279902,0.363342
0.290109,0.488247
0.300317,0.6689339999999999
0.310525,0.916558
0.32073199999999996,1.211869
0.33094,1.5767419999999999
0.341147,1.904647
0.351355,2.155334
0.361562,2.297739
0.37177,2.328802
0.38197699999999996,2.280239
0.392185,2.190552
0.402393,2.081178
0.41259999999999997,1.9691779999999999
0.42280799999999996,1.872054
0.433015,1.7893659999999998
0.443223,1.724617
0.45343,1.6865539999999999
0.463638,1.680867
0.473846,1.721992
0.48405299999999996,1.833554
0.49426099999999995,2.0374280000000002
0.504468,2.3353639999999998
0.514676,2.725612
0.524883,3.204235
0.535091,3.7305449999999998
0.545299,4.253793
0.5555059999999999,4.769604
0.5657139999999999,5.277101
0.575921,5.770599
0.586129,6.187097
0.596336,6.418095999999999
0.606544,6.459220999999999
0.616752,6.390971
0.6269589999999999,6.243972
0.6371669999999999,5.862474
0.647374,5.296351
0.657582,4.788853
0.667789,4.3994800000000005
0.677997,4.114231
0.688205,3.8998569999999995
0.6984119999999999,3.738858
0.7086199999999999,3.617233
0.718827,3.519234
0.729035,3.439609
0.739242,3.373109
0.74945,3.3136099999999997
0.7596579999999999,3.26286
0.7698649999999999,3.218235
0.780073,3.179735
0.79028,3.148236
0.800488,3.121986
0.8106949999999999,3.100111
0.8209029999999999,3.087861
0.8311109999999999,3.082611
0.841318,3.090486
0.851526,3.114111
0.861733,3.1569849999999997
0.871941,3.021361
0.8821479999999999,2.687112
0.8923559999999999,2.463114
0.9025639999999999,2.290739
0.912771,2.1551150000000003
0.922979,2.04224
0.933186,1.9468659999999998
0.943394,1.867241
0.9536009999999999,1.796367
0.9638089999999999,1.7342419999999998
0.9740169999999999,1.680867
0.984224,1.630992
0.994432,1.588117
1.004639,1.547868
1.014847,1.511118
1.025054,1.479618
1.035262,1.448118
1.04547,1.4218680000000001
1.055677,1.3947429999999998
1.065885,1.369368
1.076092,1.3492439999999999
1.0863,1.327369
1.096507,1.3072439999999999
1.106715,1.289744
1.1169229999999999,1.270494
1.12713,1.255619
1.137338,1.238994
1.147545,1.224994
1.157753,1.210994
1.1679599999999999,1.196994
1.1781679999999999,1.184744
1.1883759999999999,1.1724940000000001
1.198583,1.1611189999999998
1.208791,1.1506189999999998
1.218998,1.138369
1.229206,1.1296190000000002
1.2394129999999999,1.11912
1.2496209999999999,1.109495
1.2598289999999999,1.100745
1.270036,1.0911199999999999
1.280244,1.083245
1.290451,1.07537
1.300659,1.06662
1.3108659999999999,1.06137
1.3210739999999999,1.0526200000000001
1.331281,1.0447449999999998
1.341489,1.039495
1.351697,1.0307449999999998
1.361904,1.025495
1.372112,1.018495
1.3823189999999999,1.01237
1.3925269999999998,1.00712
1.402734,1.00012
1.412942,0.995745
1.42315,0.9896199999999999
1.433357,0.983495
1.443565,0.9799950000000001
1.4537719999999998,0.9738699999999999
1.4639799999999998,0.96862
1.474187,0.964245
1.484395,0.9581199999999999
1.494603,0.95462
1.50481,0.950245
1.494603,0.944995
1.484395,0.941495
1.474187,0.936245
1.4639799999999998,0.9327449999999999
1.4537719999999998,0.92837
1.443565,0.9239949999999999
1.433357,0.920495
1.42315,0.91612
1.412942,0.91262
1.402734,0.90912
1.3925269999999998,0.904745
1.3823189999999999,0.90212
1.372112,0.897745
1.361904,0.894246
1.351697,0.891621
1.341489,0.887246
1.331281,0.8854960000000001
1.3210739999999999,0.8811209999999999
1.3108659999999999,0.877621
1.300659,0.875871
1.290451,0.8723709999999999
1.280244,0.869746
1.270036,0.866246
1.2598289999999999,0.862746
1.2496209999999999,0.860996
1.2394129999999999,0.8574959999999999
1.229206,0.854871
1.218998,0.853121
1.208791,0.848746
1.198583,0.847871
1.1883759999999999,0.844371
1.1781679999999999,0.841746
1.1679599999999999,0.839996
1.157753,0.8364959999999999
1.147545,0.835621
1.137338,0.832121
1.12713,0.8294959999999999
1.1169229999999999,0.8286209999999999
1.106715,0.825121
1.096507,0.823371
1.0863,0.8207460000000001
1.076092,0.818121
1.065885,0.817246
1.055677,0.8146209999999999
1.04547,0.812871
1.035262,0.811121
1.025054,0.8076209999999999
1.014847,0.806746
1.004639,0.804121
0.994432,0.802371
0.984224,0.8006209999999999
0.9740169999999999,0.797996
0.9638089999999999,0.797121
0.9536009999999999,0.794496
0.943394,0.792746
0.933186,0.7918709999999999
0.922979,0.7883709999999999
0.912771,0.759496
0.9025639999999999,0.614247
0.8923559999999999,0.49087200000000003
0.8821479999999999,0.391998
0.871941,0.312373
0.861733,0.247623
0.851526,0.196874
0.841318,0.155749
0.8311109999999999,0.12424899999999998
0.8209029999999999,0.099749552
0.8106949999999999,0.08006214400000002
0.800488,0.06474971600000001
0.79028,0.052937268
0.780073,0.042874808
0.7698649999999999,0.035437344
0.7596579999999999,0.028874872
0.74945,0.023624896000000003
0.739242,0.019031166
0.729035,0.015203057000000002
0.718827,-0.02016551
0.7086199999999999,-0.026482282000000003
0.6984119999999999,-0.027652678000000003
0.688205,-0.026941482
0.677997,-0.029573470000000004
0.667789,-0.030917464000000002
0.657582,-0.030811064000000003
0.647374,-0.031936658
0.6371669999999999,-0.033767852
0.6269589999999999,-0.034243848
0.616752,-0.034249452
0.606544,-0.03653424
0.596336,-0.037547836
0.586129,-0.037547836
0.575921,-0.039474228
0.5657139999999999,-0.04090782
0.5555059999999999,-0.041602216
0.545299,-0.04279501200000001
0.535091,-0.044486204
0.524883,-0.0457014
0.514676,-0.04673739600000001
0.504468,-0.048523788000000005
0.49426099999999995,-0.049996580000000006
0.48405299999999996,-0.052718516
0.473846,-0.058296616
0.463638,-0.06453096000000001
0.45343,-0.07164031200000001
0.443223,-0.07984340000000001
0.433015,-0.089030856
0.42280799999999996,-0.09985892800000001
0.41259999999999997,-0.111343
0.402393,-0.125561
0.392185,-0.142077
0.38197699999999996,-0.16045199999999998
0.37177,-0.182764
0.361562,-0.20912399999999998
0.351355,-0.238873
0.341147,-0.274201
0.33094,-0.316967
0.32073199999999996,-0.367279
0.310525,-0.427216
0.300317,-0.49994999999999995
0.290109,-0.587888
0.279902,-0.6920120000000001
0.269694,-0.8189960000000001
0.25948699999999997,-0.9737610000000001
0.249279,-1.160463
0.23907199999999998,-1.3954
0.22886399999999998,-1.68918
0.218656,-2.058646
0.208449,-2.5466759999999997
0.198241,-3.202048
0.18803399999999998,-4.134793
0.17782599999999998,-5.497599999999999
0.167619,-7.389341999999999
0.157411,-9.716830999999999
0.147203,-12.417944
0.136996,-14.747183999999999
0.12678799999999998,-16.269676999999998
0.11658099999999999,-16.211926000000002
0.106373,-14.038437
0.096166048,-10.482453
0.08595848,-7.300967
0.07575092,-5.445975
0.065543348,-4.574479
0.055335776,-4.133481
0.045128204000000005,-3.811482
0.034920632,-3.534984
0.024713064,-3.230485
0.014505494,-2.845487
0.004297924,-2.635488
-0.005909646,-2.516488
-0.016117215,-2.446489
-0.026324786000000003,-2.418489
-0.036532356,-2.3974889999999998
-0.046739924,-2.348489
-0.056947496,-2.25049
-0.067155064,-2.1139900000000003
-0.077362632,-1.9809910000000002
-0.08757020800000001,-1.8584910000000001
-0.09777777600000001,-1.760492
-0.107985,-1.683492
-0.11819199999999999,-1.623992
-0.1284,-1.574992
-0.13860799999999998,-1.522493
-0.148815,-1.4699929999999999
-0.159023,-1.420993
-0.16923,-1.375493
-0.179438,-1.3334940000000002
-0.18964499999999998,-1.298494
-0.199853,-1.263494
-0.18964499999999998,-1.175994
-0.179438,-1.112995
-0.16923,-1.063995
-0.159023,-1.021995
-0.148815,-0.983495
-0.13860799999999998,-0.951995
-0.1284,-0.920495
-0.11819199999999999,-0.888996
-0.107985,-0.8644959999999999
-0.09777777600000001,-0.839996
-0.08757020800000001,-0.815496
-0.077362632,-0.794496
-0.067155064,-0.773496
-0.056947496,-0.7524959999999999
-0.046739924,-0.731496
-0.036532356,-0.706996
-0.026324786000000003,-0.682496
-0.016117215,-0.656247
-0.005909646,-0.633497
0.004297924,-0.605497
0.014505494,-0.570497
0.024713064,-0.5319969999999999
0.034920632,-0.48474700000000004
0.045128204000000005,-0.42874799999999996
0.055335776,-0.369248
0.065543348,-0.30974799999999997
0.07575092,-0.255498
0.08595848,-0.20737399999999998
0.096166048,-0.168874
0.106373,-0.137374
0.11658099999999999,-0.111999
0.12678799999999998,-0.092312088
0.136996,-0.076124664
0.147203,-0.05993723200000001
0.157411,-0.044187304000000004
0.167619,-0.028656122000000003
0.17782599999999998,-0.011812448000000001
0.18803399999999998,0.008312463
0.198241,0.028765498000000004
0.208449,0.05162476800000001
0.218656,0.07896840000000001
0.22886399999999998,0.10893699999999999
0.23907199999999998,0.141639
0.249279,0.18035800000000002
0.25948699999999997,0.225311
0.269694,0.28393599999999997
0.279902,0.36891999999999997
0.290109,0.49645
0.300317,0.6806369999999999
0.310525,0.93198
0.32073199999999996,1.227182
0.33094,1.595555
0.341147,1.9212719999999999
0.351355,2.1660519999999996
0.361562,2.302552
0.37177,2.328802
0.38197699999999996,2.2767389999999996
0.392185,2.185302
0.402393,2.075053
0.41259999999999997,1.963928
0.42280799999999996,1.866804
0.433015,1.7849920000000001
0.443223,1.721554
0.45343,1.6848049999999999
0.463638,1.682617
0.473846,1.727679
0.48405299999999996,1.8458039999999998
0.49426099999999995,2.0579899999999998
0.504468,2.364239
0.514676,2.764987
0.524883,3.252797
0.535091,3.786545
0.545299,4.312855
0.5555059999999999,4.834352999999999
0.5657139999999999,5.347101
0.575921,5.841473000000001
0.586129,6.251847000000001
0.596336,6.4705960000000005
0.606544,6.495971
0.616752,6.418095999999999
0.6269589999999999,6.2527219999999994
0.6371669999999999,5.846723
0.647374,5.271851
0.657582,4.766978
0.667789,4.382855
0.677997,4.098481
0.688205,3.8902319999999997
0.6984119999999999,3.731858
0.7086199999999999,3.6111079999999998
0.718827,3.514859
0.729035,3.435234
0.739242,3.368735
0.74945,3.310985
0.7596579999999999,3.258485
0.7698649999999999,3.21561
0.780073,3.177985
0.79028,3.145611
0.800488,3.120236
0.8106949999999999,3.099236
0.8209029999999999,3.0861110000000003
0.8311109999999999,3.081736
0.841318,3.090486
0.851526,3.115861
0.861733,3.1596100000000003
0.871941,2.991611
0.8821479999999999,2.6669880000000004
0.8923559999999999,2.446489
0.9025639999999999,2.278489
0.912771,2.14374
0.922979,2.034365
0.933186,1.938991
0.943394,1.860241
0.9536009999999999,1.7902419999999999
0.9638089999999999,1.7289919999999999
0.9740169999999999,1.675617
0.984224,1.626617
0.994432,1.582867
1.004639,1.544368
1.014847,1.5076180000000001
1.025054,1.476118
1.035262,1.445493
1.04547,1.417493
1.055677,1.3929930000000001
1.065885,1.367618
1.076092,1.345744
1.0863,1.3256189999999999
1.096507,1.304619
1.106715,1.287994
1.1169229999999999,1.2687439999999999
1.12713,1.252994
1.137338,1.238119
1.147545,1.2223689999999998
1.157753,1.209244
1.1679599999999999,1.195244
1.1781679999999999,1.1829939999999999
1.1883759999999999,1.171619
1.198583,1.1584940000000001
1.208791,1.148869
1.218998,1.137494
1.229206,1.126995
1.2394129999999999,1.118245
1.2496209999999999,1.107745
1.2598289999999999,1.0998700000000001
1.270036,1.090245
1.280244,1.081495
1.290451,1.074495
1.300659,1.065745
1.3108659999999999,1.0578699999999999
1.3210739999999999,1.05087
1.331281,1.0429950000000001
1.341489,1.03687
1.351697,1.0289949999999999
1.361904,1.02287
1.372112,1.01762
1.3823189999999999,1.01062
1.3925269999999998,1.0053699999999999
1.402734,0.999245
1.412942,0.99312
1.42315,0.9887449999999999
1.433357,0.981745
1.443565,0.97737
1.4537719999999998,0.9721199999999999
1.4639799999999998,0.965995
1.474187,0.962495
1.484395,0.9572449999999999
1.494603,0.9528699999999999
1.50481,0.948495
1.494603,0.943245
1.484395,0.9397449999999999
1.474187,0.934495
1.4639799999999998,0.930995
1.4537719999999998,0.927495
1.443565,0.92312
1.433357,0.91962
1.42315,0.915245
1.412942,0.91087
1.402734,0.908245
1.3925269999999998,0.90387
1.3823189999999999,0.90037
1.372112,0.897745
1.361904,0.8933709999999999
1.351697,0.890746
1.341489,0.8863709999999999
1.331281,0.883746
1.3210739999999999,0.8811209999999999
1.3108659999999999,0.876746
1.300659,0.874996
1.290451,0.8714959999999999
1.280244,0.867996
1.270036,0.866246
1.2598289999999999,0.861871
1.2496209999999999,0.860121
1.2394129999999999,0.8566210000000001
1.229206,0.853996
1.218998,0.852246
1.208791,0.847871
1.198583,0.846121
1.1883759999999999,0.8434959999999999
1.1781679999999999,0.839996
1.1679599999999999,0.839121
1.157753,0.835621
1.147545,0.832996
1.137338,0.8312459999999999
1.12713,0.8286209999999999
1.1169229999999999,0.826871
1.106715,0.824246
1.096507,0.8216209999999999
1.0863,0.819871
1.076092,0.817246
1.065885,0.815496
1.055677,0.812871
1.04547,0.811121
1.035262,0.810246
1.025054,0.806746
1.014847,0.805871
1.004639,0.803246
0.994432,0.8006209999999999
0.984224,0.799746
0.9740169999999999,0.797121
0.9638089999999999,0.7953709999999999
0.9536009999999999,0.7936209999999999
0.943394,0.790996
0.933186,0.790121
0.922979,0.787496
0.912771,0.7857459999999999
0.9025639999999999,0.621247
0.8923559999999999,0.49699699999999997
0.8821479999999999,0.397248
0.871941,0.315873
0.861733,0.25112300000000004
0.851526,0.198624
0.841318,0.158374
0.8311109999999999,0.125124
0.8209029999999999,0.099749552
0.8106949999999999,0.08093714400000002
0.800488,0.06518721200000001
0.79028,0.052937268
0.780073,0.043312308
0.7698649999999999,0.035437344
0.7596579999999999,0.029093622
0.74945,0.023624896000000003
0.739242,0.019249914000000003
0.729035,0.015312433
0.718827,-0.020199112
0.7086199999999999,-0.026392684000000003
0.6984119999999999,-0.027641478000000004
0.688205,-0.02691348
0.677997,-0.029562270000000005
0.667789,-0.030889464000000002
0.657582,-0.030771866000000002
0.647374,-0.03195346
0.6371669999999999,-0.033739852
0.6269589999999999,-0.034243848
0.616752,-0.034277448
0.606544,-0.036461440000000005
0.596336,-0.037559032000000006
0.586129,-0.037519832
0.575921,-0.039407028000000004
0.5657139999999999,-0.040913420000000006
0.5555059999999999,-0.041529420000000004
0.545299,-0.042772612
0.535091,-0.044441404000000004
0.524883,-0.0456734
0.514676,-0.04673739600000001
0.504468,-0.048484588
0.49426099999999995,-0.04996858
0.48405299999999996,-0.052718516
0.473846,-0.058077868000000005
0.463638,-0.06464034
0.45343,-0.071421552
0.443223,-0.079515272
0.433015,-0.089030856
0.42280799999999996,-0.099421432
0.41259999999999997,-0.11101499999999999
0.402393,-0.12523299999999998
0.392185,-0.141639
0.38197699999999996,-0.160014
0.37177,-0.181889
0.361562,-0.208358
0.351355,-0.237998
0.341147,-0.27310799999999996
0.33094,-0.315654
0.32073199999999996,-0.365748
0.310525,-0.425029
0.300317,-0.49754399999999993
0.290109,-0.584716
0.279902,-0.688621
0.269694,-0.814183
0.25948699999999997,-0.9679639999999999
0.249279,-1.153463
0.23907199999999998,-1.385993
0.22886399999999998,-1.678023
0.218656,-2.04399
0.208449,-2.525238
0.198241,-3.17361
0.18803399999999998,-4.0927940000000005
0.17782599999999998,-5.435474999999999
0.167619,-7.304467
0.157411,-9.621457
0.147203,-12.319944
0.136996,-14.677184
0.12678799999999998,-16.253927
0.11658099999999999,-16.288926
0.106373,-14.202937
0.096166048,-10.674952
0.08595848,-7.444466
0.07575092,-5.533474999999999
0.065543348,-4.633979
0.055335776,-4.189481
0.045128204000000005,-3.867482
0.034920632,-3.583984
0.024713064,-3.286485
0.014505494,-2.8839870000000003
0.004297924,-2.649488
-0.005909646,-2.526988
-0.016117215,-2.453489
-0.026324786000000003,-2.421989
-0.036532356,-2.404489
-0.046739924,-2.355489
-0.056947496,-2.2609899999999996
-0.067155064,-2.1244899999999998
-0.077362632,-1.991491
-0.08757020800000001,-1.868991
-0.09777777600000001,-1.767492
-0.107985,-1.6904919999999999
-0.11819199999999999,-1.630992
-0.1284,-1.578492
-0.13860799999999998,-1.525993
-0.148815,-1.476993
-0.159023,-1.4244929999999998
-0.16923,-1.3789930000000001
-0.179438,-1.336994
-0.18964499999999998,-1.301994
-0.199853,-1.266994
-0.18964499999999998,-1.175994
-0.179438,-1.1164949999999998
-0.16923,-1.067495
-0.159023,-1.025495
-0.148815,-0.9869949999999998
-0.13860799999999998,-0.9554950000000001
-0.1284,-0.920495
-0.11819199999999999,-0.8924960000000001
-0.107985,-0.8644959999999999
-0.09777777600000001,-0.839996
-0.08757020800000001,-0.8189960000000001
-0.077362632,-0.794496
-0.067155064,-0.776996
-0.056947496,-0.7524959999999999
-0.046739924,-0.731496
-0.036532356,-0.706996
-0.026324786000000003,-0.682496
-0.016117215,-0.657997
-0.005909646,-0.633497
0.004297924,-0.605497
0.014505494,-0.570497
0.024713064,-0.5302469999999999
0.034920632,-0.482997
0.045128204000000005,-0.42524799999999996
0.055335776,-0.365748
0.065543348,-0.307998
0.07575092,-0.251998
0.08595848,-0.205624
0.096166048,-0.166249
0.106373,-0.135624
0.11658099999999999,-0.111124
0.12678799999999998,-0.09099960000000001
0.136996,-0.07524966400000001
0.147203,-0.05862474000000001
0.157411,-0.042874808
0.167619,-0.027781126000000003
0.17782599999999998,-0.010499954000000002
0.18803399999999998,0.009515583
0.198241,0.030077992000000005
0.208449,0.053046640000000006
0.218656,0.08039026400000002
0.22886399999999998,0.11079599999999999
0.23907199999999998,0.14349900000000002
0.249279,0.18265499999999998
0.25948699999999997,0.22793599999999997
0.269694,0.28721699999999994
0.279902,0.374388
0.290109,0.504544
0.300317,0.692231
0.310525,0.947511
0.32073199999999996,1.241728
0.33094,1.6148049999999998
0.341147,1.936803
0.351355,2.176552
0.361562,2.307364
0.37177,2.3283639999999997
0.38197699999999996,2.2732390000000002
0.392185,2.179615
0.402393,2.068928
0.41259999999999997,1.957803
0.42280799999999996,1.8611159999999998
0.433015,1.780617
0.443223,1.718492
0.45343,1.683929
0.463638,1.683929
0.473846,1.7333669999999999
0.48405299999999996,1.857616
0.49426099999999995,2.078115
0.504468,2.3926760000000002
0.514676,2.804362
0.524883,3.300922
0.535091,3.8412319999999998
0.545299,4.37498
0.5555059999999999,4.894728
0.5657139999999999,5.414476
0.575921,5.911473
0.586129,6.315722
0.596336,6.52222
0.606544,6.5327210000000004
0.616752,6.441720999999999
0.6269589999999999,6.2579720000000005
0.6371669999999999,5.829223
0.647374,5.2464759999999995
0.657582,4.743353
0.667789,4.365355
0.677997,4.087106
0.688205,3.881482
0.6984119999999999,3.724858
0.7086199999999999,3.6041079999999996
0.718827,3.5096089999999998
0.729035,3.430859
0.739242,3.3652349999999998
0.74945,3.307485
0.7596579999999999,3.256735
0.7698649999999999,3.2129849999999998
0.780073,3.176235
0.79028,3.1438599999999997
0.800488,3.118486
0.8106949999999999,3.097486
0.8209029999999999,3.0852359999999996
0.8311109999999999,3.081736
0.841318,3.090486
0.851526,3.117611
0.861733,3.16311
0.871941,2.9636109999999998
0.8821479999999999,2.648613
0.8923559999999999,2.432489
0.9025639999999999,2.267989
0.912771,2.134115
0.922979,2.0256149999999997
0.933186,1.932866
0.943394,1.853241
0.9536009999999999,1.7849920000000001
0.9638089999999999,1.722867
0.9740169999999999,1.6703670000000002
0.984224,1.623117
0.994432,1.579367
1.004639,1.540868
1.014847,1.504993
1.025054,1.472618
1.035262,1.443743
1.04547,1.414868
1.055677,1.390368
1.065885,1.3658679999999999
1.076092,1.343119
1.0863,1.323869
1.096507,1.302869
1.106715,1.285369
1.1169229999999999,1.267869
1.12713,1.251244
1.137338,1.237244
1.147545,1.2214939999999999
1.157753,1.2074939999999998
1.1679599999999999,1.195244
1.1781679999999999,1.181244
1.1883759999999999,1.169869
1.198583,1.157619
1.208791,1.1471189999999998
1.218998,1.136619
1.229206,1.125245
1.2394129999999999,1.11737
1.2496209999999999,1.10687
1.2598289999999999,1.097245
1.270036,1.090245
1.280244,1.079745
1.290451,1.0727449999999998
1.300659,1.06487
1.3108659999999999,1.0561200000000002
1.3210739999999999,1.049995
1.331281,1.0421200000000002
1.341489,1.03512
1.351697,1.0289949999999999
1.361904,1.021995
1.372112,1.016745
1.3823189999999999,1.0097450000000001
1.3925269999999998,1.00362
1.402734,0.9983700000000001
1.412942,0.99137
1.42315,0.9869949999999998
1.433357,0.98087
1.443565,0.9756199999999999
1.4537719999999998,0.9712449999999999
1.4639799999999998,0.965995
1.474187,0.9616199999999999
1.484395,0.95637
1.494603,0.95112
1.50481,0.9476199999999999
1.494603,0.94237
1.484395,0.937995
1.474187,0.934495
1.4639799999999998,0.929245
1.4537719999999998,0.9257449999999999
1.443565,0.92137
1.433357,0.91787
1.42315,0.91437
1.412942,0.9099949999999999
1.402734,0.9064949999999999
1.3925269999999998,0.902995
1.3823189999999999,0.899495
1.372112,0.89687
1.361904,0.8924960000000001
1.351697,0.888996
1.341489,0.8863709999999999
1.331281,0.881996
1.3210739999999999,0.880246
1.3108659999999999,0.875871
1.300659,0.873246
1.290451,0.870621
1.280244,0.8671209999999999
1.270036,0.865371
1.2598289999999999,0.861871
1.2496209999999999,0.858371
1.2394129999999999,0.8566210000000001
1.229206,0.852246
1.218998,0.8504959999999999
1.208791,0.847871
1.198583,0.8452459999999999
1.1883759999999999,0.842621
1.1781679999999999,0.839996
1.1679599999999999,0.8382459999999999
1.157753,0.835621
1.147545,0.832121
1.137338,0.830371
1.12713,0.827746
1.1169229999999999,0.825121
1.106715,0.823371
1.096507,0.8207460000000001
1.0863,0.8189960000000001
1.076092,0.816371
1.065885,0.813746
1.055677,0.812871
1.04547,0.809371
1.035262,0.808496
1.025054,0.805871
1.014847,0.803246
1.004639,0.802371
0.994432,0.799746
0.984224,0.797996
0.9740169999999999,0.796246
0.9638089999999999,0.7936209999999999
0.9536009999999999,0.7936209999999999
0.943394,0.790121
0.933186,0.789246
0.922979,0.787496
0.912771,0.784871
0.9025639999999999,0.628247
0.8923559999999999,0.503122
0.8821479999999999,0.401623
0.871941,0.319373
0.861733,0.25462300000000004
0.851526,0.202124
0.841318,0.160124
0.8311109999999999,0.127749
0.8209029999999999,0.102374
0.8106949999999999,0.082249632
0.800488,0.066062208
0.79028,0.05381226
0.780073,0.043968556000000006
0.7698649999999999,0.035874840000000005
0.7596579999999999,0.029531118000000002
0.74945,0.023953018000000003
0.739242,0.019468664000000004
0.729035,0.01553118
0.718827,0.012140571000000001
0.7086199999999999,-0.022450302000000002
0.6984119999999999,-0.027635878000000003
0.688205,-0.026818282000000002
0.677997,-0.02948947
0.667789,-0.030889464000000002
0.657582,-0.030687866
0.647374,-0.031936658
0.6371669999999999,-0.033717452
0.6269589999999999,-0.03418784800000001
0.616752,-0.034283048
0.606544,-0.03639984
0.596336,-0.037536632
0.586129,-0.037514236000000006
0.575921,-0.039379024000000006
0.5657139999999999,-0.04090222
0.5555059999999999,-0.041490216
0.545299,-0.042733412
0.535091,-0.044475004
0.524883,-0.045617396000000004
0.514676,-0.04672619200000001
0.504468,-0.048439788
0.49426099999999995,-0.04991818
0.48405299999999996,-0.052827888
0.473846,-0.057968492
0.463638,-0.06431221200000001
0.45343,-0.071312184
0.443223,-0.07918714400000001
0.433015,-0.088812104
0.42280799999999996,-0.09920268800000001
0.41259999999999997,-0.110577
0.402393,-0.125015
0.392185,-0.141093
0.38197699999999996,-0.159577
0.37177,-0.181561
0.361562,-0.207483
0.351355,-0.237233
0.341147,-0.271795
0.33094,-0.314561
0.32073199999999996,-0.363888
0.310525,-0.42295099999999997
0.300317,-0.49524699999999994
0.290109,-0.5815440000000001
0.279902,-0.6849029999999999
0.269694,-0.809808
0.25948699999999997,-0.962605
0.249279,-1.1462439999999998
0.23907199999999998,-1.376806
0.22886399999999998,-1.6662109999999999
0.218656,-2.029115
0.208449,-2.504238
0.198241,-3.145611
0.18803399999999998,-4.0516689999999995
0.17782599999999998,-5.374225
0.167619,-7.221342
0.157411,-9.528707
0.147203,-12.220195
0.136996,-14.601935
0.12678799999999998,-16.234676999999998
0.11658099999999999,-16.362426
0.106373,-14.367435
0.096166048,-10.870951
0.08595848,-7.591466
0.07575092,-5.620975
0.065543348,-4.696979
0.055335776,-4.241981
0.045128204000000005,-3.923482
0.034920632,-3.636483
0.024713064,-3.335485
0.014505494,-2.936486
0.004297924,-2.6704879999999998
-0.005909646,-2.540988
-0.016117215,-2.467488
-0.026324786000000003,-2.432489
-0.036532356,-2.411489
-0.046739924,-2.365989
-0.056947496,-2.2714890000000003
-0.067155064,-2.1419900000000003
-0.077362632,-2.001991
-0.08757020800000001,-1.879491
-0.09777777600000001,-1.777992
-0.107985,-1.697492
-0.11819199999999999,-1.6379920000000001
-0.1284,-1.5819929999999998
-0.13860799999999998,-1.532993
-0.148815,-1.480493
-0.159023,-1.434993
-0.16923,-1.385993
-0.179438,-1.343994
-0.18964499999999998,-1.308994
-0.199853,-1.270494
-0.18964499999999998,-1.1829939999999999
-0.179438,-1.123494
-0.16923,-1.074495
-0.159023,-1.0289949999999999
-0.148815,-0.993995
-0.13860799999999998,-0.9589949999999999
-0.1284,-0.9239949999999999
-0.11819199999999999,-0.895996
-0.107985,-0.867996
-0.09777777600000001,-0.846996
-0.08757020800000001,-0.822496
-0.077362632,-0.801496
-0.067155064,-0.780496
-0.056947496,-0.7559959999999999
-0.046739924,-0.734996
-0.036532356,-0.710496
-0.026324786000000003,-0.6859959999999999
-0.016117215,-0.6597470000000001
-0.005909646,-0.635247
0.004297924,-0.607247
0.014505494,-0.5722470000000001
0.024713064,-0.5302469999999999
0.034920632,-0.482997
0.045128204000000005,-0.423498
0.055335776,-0.363998
0.065543348,-0.304498
0.07575092,-0.250248
0.08595848,-0.202999
0.096166048,-0.16537400000000002
0.106373,-0.13474899999999998
0.11658099999999999,-0.110249
0.12678799999999998,-0.09012460000000001
0.136996,-0.074374672
0.147203,-0.058187244
0.157411,-0.04199981600000001
0.167619,-0.02690613
0.17782599999999998,-0.009406208000000001
0.18803399999999998,0.010718702
0.198241,0.031390486
0.208449,0.054468508000000006
0.218656,0.081921512
0.22886399999999998,0.112655
0.23907199999999998,0.145358
0.249279,0.18440499999999999
0.25948699999999997,0.230889
0.269694,0.29082600000000003
0.279902,0.379967
0.290109,0.5126379999999999
0.300317,0.703168
0.310525,0.962495
0.32073199999999996,1.280994
0.33094,1.6320860000000001
0.341147,1.952116
0.351355,2.186177
0.361562,2.311302
0.37177,2.327052
0.38197699999999996,2.269302
0.392185,2.1734899999999997
0.402393,2.0623650000000002
0.41259999999999997,1.952116
0.42280799999999996,1.856304
0.433015,1.7762419999999999
0.443223,1.7154289999999999
0.45343,1.682179
0.463638,1.685242
0.473846,1.738617
0.48405299999999996,1.869866
0.49426099999999995,2.098678
0.504468,2.421989
0.514676,2.8428620000000002
0.524883,3.34861
0.535091,3.8937319999999995
0.545299,4.43273
0.5555059999999999,4.956853
0.5657139999999999,5.480975
0.575921,5.979723
0.586129,6.377846
0.596336,6.571219999999999
0.606544,6.5650949999999995
0.616752,6.460971
0.6269589999999999,6.261472
0.6371669999999999,5.806474
0.647374,5.218476
0.657582,4.720604000000001
0.667789,4.346979999999999
0.677997,4.073981
0.688205,3.8709819999999997
0.6984119999999999,3.717858
0.7086199999999999,3.599733
0.718827,3.505234
0.729035,3.428234
0.739242,3.361734
0.74945,3.305735
0.7596579999999999,3.254985
0.7698649999999999,3.211235
0.780073,3.1744850000000002
0.79028,3.142986
0.800488,3.116736
0.8106949999999999,3.097486
0.8209029999999999,3.0852359999999996
0.8311109999999999,3.082611
0.841318,3.0922359999999998
0.851526,3.1211109999999995
0.861733,3.167485
0.871941,2.9347359999999996
0.8821479999999999,2.631113
0.8923559999999999,2.417614
0.9025639999999999,2.256614
0.912771,2.125365
0.922979,2.0168649999999997
0.933186,1.9267409999999998
0.943394,1.847116
0.9536009999999999,1.779742
0.9638089999999999,1.7193669999999999
0.9740169999999999,1.665117
0.984224,1.618742
0.994432,1.574992
1.004639,1.537368
1.014847,1.502368
1.025054,1.469118
1.035262,1.440243
1.04547,1.412243
1.055677,1.386868
1.065885,1.363243
1.076092,1.3404939999999999
1.0863,1.320369
1.096507,1.301994
1.106715,1.2827439999999999
1.1169229999999999,1.266119
1.12713,1.248619
1.137338,1.234619
1.147545,1.219744
1.157753,1.204869
1.1679599999999999,1.1926189999999999
1.1781679999999999,1.179494
1.1883759999999999,1.168119
1.198583,1.156744
1.208791,1.1444940000000001
1.218998,1.13487
1.229206,1.12437
1.2394129999999999,1.114745
1.2496209999999999,1.1059949999999998
1.2598289999999999,1.095495
1.270036,1.0876199999999998
1.280244,1.07887
1.290451,1.07012
1.300659,1.0631199999999998
1.3108659999999999,1.05437
1.3210739999999999,1.0482449999999999
1.331281,1.041245
1.341489,1.03337
1.351697,1.027245
1.361904,1.020245
1.372112,1.0141200000000001
1.3823189999999999,1.00887
1.3925269999999998,1.0018699999999998
1.402734,0.9966200000000001
1.412942,0.99137
1.42315,0.9843700000000001
1.433357,0.9799950000000001
1.443565,0.9738699999999999
1.4537719999999998,0.9694950000000001
1.4639799999999998,0.96512
1.474187,0.9589949999999999
1.484395,0.9554950000000001
1.494603,0.950245
1.50481,0.9458699999999999
1.494603,0.941495
1.484395,0.936245
1.474187,0.9327449999999999
1.4639799999999998,0.92837
1.4537719999999998,0.9239949999999999
1.443565,0.920495
1.433357,0.91612
1.42315,0.913495
1.412942,0.90912
1.402734,0.90562
1.3925269999999998,0.90212
1.3823189999999999,0.897745
1.372112,0.8951209999999999
1.361904,0.891621
1.351697,0.887246
1.341489,0.8854960000000001
1.331281,0.8811209999999999
1.3210739999999999,0.878496
1.3108659999999999,0.875871
1.300659,0.8714959999999999
1.290451,0.869746
1.280244,0.866246
1.270036,0.8636210000000001
1.2598289999999999,0.860996
1.2496209999999999,0.8574959999999999
1.2394129999999999,0.854871
1.229206,0.852246
1.218998,0.848746
1.208791,0.846996
1.198583,0.8434959999999999
1.1883759999999999,0.841746
1.1781679999999999,0.839121
1.1679599999999999,0.8364959999999999
1.157753,0.834746
1.147545,0.832121
1.137338,0.8294959999999999
1.12713,0.827746
1.1169229999999999,0.824246
1.106715,0.822496
1.096507,0.819871
1.0863,0.817246
1.076092,0.816371
1.065885,0.812871
1.055677,0.811996
1.04547,0.809371
1.035262,0.806746
1.025054,0.805871
1.014847,0.803246
1.004639,0.801496
0.994432,0.799746
0.984224,0.797121
0.9740169999999999,0.7953709999999999
0.9638089999999999,0.792746
0.9536009999999999,0.790996
0.943394,0.789246
0.933186,0.787496
0.922979,0.786621
0.912771,0.7831210000000001
0.9025639999999999,0.635247
0.8923559999999999,0.509247
0.8821479999999999,0.405998
0.871941,0.323748
0.861733,0.257248
0.851526,0.203874
0.841318,0.161874
0.8311109999999999,0.128624
0.8209029999999999,0.102374
0.8106949999999999,0.083124632
0.800488,0.06693720400000001
0.79028,0.05424976
0.780073,0.044187304000000004
0.7698649999999999,0.036093588
0.7596579999999999,0.029749868000000002
0.74945,0.024171768000000003
0.739242,0.019578038
0.729035,0.015968679000000003
0.718827,0.012359321000000001
0.7086199999999999,-0.022506300000000003
0.6984119999999999,-0.027574278
0.688205,-0.026863082000000003
0.677997,-0.029416672
0.667789,-0.030911864
0.657582,-0.030676664000000003
0.647374,-0.03186946
0.6371669999999999,-0.033756648
0.6269589999999999,-0.034126248000000005
0.616752,-0.034288648000000005
0.606544,-0.03642224
0.596336,-0.037486236000000006
0.586129,-0.037525436
0.575921,-0.03933982800000001
0.5657139999999999,-0.04086862000000001
0.5555059999999999,-0.041518216000000004
0.545299,-0.042655012000000006
0.535091,-0.04448060400000001
0.524883,-0.045594996000000006
0.514676,-0.04668699600000001
0.504468,-0.048450984
0.49426099999999995,-0.04989578
0.48405299999999996,-0.05249976800000001
0.473846,-0.057968492
0.463638,-0.06431221200000001
0.45343,-0.071312184
0.443223,-0.07907777600000002
0.433015,-0.088483976
0.42280799999999996,-0.09887456800000001
0.41259999999999997,-0.11003
0.402393,-0.124686
0.392185,-0.14065499999999997
0.38197699999999996,-0.159139
0.37177,-0.181014
0.361562,-0.206499
0.351355,-0.236358
0.341147,-0.270811
0.33094,-0.313029
0.32073199999999996,-0.362576
0.310525,-0.420873
0.300317,-0.49295
0.290109,-0.5787
0.279902,-0.681184
0.269694,-0.805762
0.25948699999999997,-0.9569169999999999
0.249279,-1.139682
0.23907199999999998,-1.368493
0.22886399999999998,-1.6550550000000002
0.218656,-2.015334
0.208449,-2.484988
0.198241,-3.117611
0.18803399999999998,-4.013169
0.17782599999999998,-5.316476
0.167619,-7.141718
0.157411,-9.438583
0.147203,-12.125696000000001
0.136996,-14.533684
0.12678799999999998,-16.217178
0.11658099999999999,-16.432426
0.106373,-14.531934
0.096166048,-11.06345
0.08595848,-7.738465
0.07575092,-5.7119740000000006
0.065543348,-4.756479000000001
0.055335776,-4.297981
0.045128204000000005,-3.9759819999999997
0.034920632,-3.685483
0.024713064,-3.3844849999999997
0.014505494,-2.988986
0.004297924,-2.687988
-0.005909646,-2.551488
-0.016117215,-2.474489
-0.026324786000000003,-2.439489
-0.036532356,-2.418489
-0.046739924,-2.376489
-0.056947496,-2.281989
-0.067155064,-2.15249
-0.077362632,-2.01599
-0.08757020800000001,-1.886491
-0.09777777600000001,-1.7849920000000001
-0.107985,-1.7009919999999998
-0.11819199999999999,-1.6414920000000002
-0.1284,-1.588992
-0.13860799999999998,-1.536493
-0.148815,-1.487493
-0.159023,-1.4384929999999998
-0.16923,-1.389493
-0.179438,-1.347494
-0.18964499999999998,-1.312494
-0.199853,-1.273994
-0.18964499999999998,-1.186494
-0.179438,-1.126995
-0.16923,-1.077995
-0.159023,-1.032495
-0.148815,-0.993995
-0.13860799999999998,-0.962495
-0.1284,-0.927495
-0.11819199999999999,-0.899495
-0.107985,-0.8714959999999999
-0.09777777600000001,-0.846996
-0.08757020800000001,-0.822496
-0.077362632,-0.801496
-0.067155064,-0.783996
-0.056947496,-0.759496
-0.046739924,-0.734996
-0.036532356,-0.713996
-0.026324786000000003,-0.6859959999999999
-0.016117215,-0.661497
-0.005909646,-0.635247
0.004297924,-0.607247
0.014505494,-0.5722470000000001
0.024713064,-0.528497
0.034920632,-0.47949699999999995
0.045128204000000005,-0.42174799999999996
0.055335776,-0.360498
0.065543348,-0.30274799999999996
0.07575092,-0.24849799999999997
0.08595848,-0.200374
0.096166048,-0.162749
0.106373,-0.13299899999999998
0.11658099999999999,-0.108499
0.12678799999999998,-0.088812104
0.136996,-0.073499672
0.147203,-0.057312244000000005
0.157411,-0.040906068000000004
0.167619,-0.025812384000000004
0.17782599999999998,-0.008531212
0.18803399999999998,0.011703073000000001
0.198241,0.032484232
0.208449,0.056109124
0.218656,0.083562128
0.22886399999999998,0.11396799999999999
0.23907199999999998,0.147327
0.249279,0.186264
0.25948699999999997,0.233405
0.269694,0.29476399999999997
0.279902,0.385217
0.290109,0.521169
0.300317,0.714543
0.310525,0.977042
0.32073199999999996,1.298494
0.33094,1.649148
0.341147,1.966772
0.351355,2.195802
0.361562,2.315239
0.37177,2.3266139999999997
0.38197699999999996,2.265364
0.392185,2.1691149999999997
0.402393,2.057115
0.41259999999999997,1.945991
0.42280799999999996,1.851491
0.433015,1.772304
0.443223,1.712804
0.45343,1.681742
0.463638,1.6869919999999998
0.473846,1.7451789999999998
0.48405299999999996,1.882554
0.49426099999999995,2.1188029999999998
0.504468,2.450864
0.514676,2.8809240000000003
0.524883,3.3958589999999997
0.535091,3.947107
0.545299,4.489605
0.5555059999999999,5.018102
0.5657139999999999,5.54485
0.575921,6.045347
0.586129,6.437346
0.596336,6.617595
0.606544,6.5974699999999995
0.616752,6.478471
0.6269589999999999,6.260597
0.6371669999999999,5.784599
0.647374,5.192227
0.657582,4.697853
0.667789,4.32948
0.677997,4.062606
0.688205,3.861357
0.6984119999999999,3.709983
0.7086199999999999,3.594483
0.718827,3.5008589999999997
0.729035,3.424734
0.739242,3.359985
0.74945,3.30311
0.7596579999999999,3.253235
0.7698649999999999,3.209485
0.780073,3.172735
0.79028,3.142111
0.800488,3.115861
0.8106949999999999,3.096611
0.8209029999999999,3.0852359999999996
0.8311109999999999,3.0834859999999997
0.841318,3.093986
0.851526,3.122861
0.861733,3.1718599999999997
0.871941,2.908487
0.8821479999999999,2.6144879999999997
0.8923559999999999,2.405364
0.9025639999999999,2.24524
0.912771,2.1174899999999997
0.922979,2.009865
0.933186,1.9197410000000001
0.943394,1.841866
0.9536009999999999,1.7736169999999998
0.9638089999999999,1.7149919999999998
0.9740169999999999,1.661617
0.984224,1.6152419999999998
0.994432,1.5723669999999998
1.004639,1.533868
1.014847,1.4988679999999999
1.025054,1.4664929999999998
1.035262,1.4376179999999998
1.04547,1.4096179999999998
1.055677,1.384243
1.065885,1.361493
1.076092,1.338744
1.0863,1.318619
1.096507,1.299369
1.106715,1.280119
1.1169229999999999,1.2643689999999999
1.12713,1.247744
1.137338,1.231994
1.147545,1.217994
1.157753,1.203994
1.1679599999999999,1.190869
1.1781679999999999,1.177744
1.1883759999999999,1.165494
1.198583,1.154994
1.208791,1.143619
1.218998,1.133119
1.229206,1.123494
1.2394129999999999,1.11212
1.2496209999999999,1.104245
1.2598289999999999,1.09462
1.270036,1.0858700000000001
1.280244,1.077995
1.290451,1.069245
1.300659,1.0622449999999999
1.3108659999999999,1.05437
1.3210739999999999,1.046495
1.331281,1.04037
1.341489,1.032495
1.351697,1.025495
1.361904,1.0193699999999999
1.372112,1.01237
1.3823189999999999,1.00712
1.3925269999999998,1.0009949999999999
1.402734,0.99487
1.412942,0.9904949999999999
1.42315,0.983495
1.433357,0.97912
1.443565,0.9738699999999999
1.4537719999999998,0.9677450000000001
1.4639799999999998,0.964245
1.474187,0.9581199999999999
1.484395,0.9537450000000001
1.494603,0.9493699999999999
1.50481,0.944995
1.494603,0.94062
1.484395,0.93537
1.474187,0.93187
1.4639799999999998,0.92837
1.4537719999999998,0.92312
1.443565,0.91962
1.433357,0.915245
1.42315,0.9117449999999999
1.412942,0.908245
1.402734,0.90387
1.3925269999999998,0.901246
1.3823189999999999,0.89687
1.372112,0.8924960000000001
1.361904,0.890746
1.351697,0.8863709999999999
1.341489,0.883746
1.331281,0.880246
1.3210739999999999,0.876746
1.3108659999999999,0.8741209999999999
1.300659,0.870621
1.290451,0.8671209999999999
1.280244,0.865371
1.270036,0.860996
1.2598289999999999,0.859246
1.2496209999999999,0.8566210000000001
1.2394129999999999,0.853121
1.229206,0.852246
1.218998,0.847871
1.208791,0.846121
1.198583,0.842621
1.1883759999999999,0.839996
1.1781679999999999,0.8382459999999999
1.1679599999999999,0.834746
1.157753,0.832996
1.147545,0.830371
1.137338,0.827746
1.12713,0.825996
1.1169229999999999,0.823371
1.106715,0.8207460000000001
1.096507,0.8189960000000001
1.0863,0.815496
1.076092,0.8146209999999999
1.065885,0.811996
1.055677,0.810246
1.04547,0.808496
1.035262,0.805871
1.025054,0.804121
1.014847,0.802371
1.004639,0.799746
0.994432,0.798871
0.984224,0.7953709999999999
0.9740169999999999,0.794496
0.9638089999999999,0.792746
0.9536009999999999,0.790121
0.943394,0.789246
0.933186,0.786621
0.922979,0.784871
0.912771,0.7831210000000001
0.9025639999999999,0.643122
0.8923559999999999,0.514497
0.8821479999999999,0.41037300000000004
0.871941,0.32724800000000004
0.861733,0.25987299999999997
0.851526,0.206499
0.841318,0.16362400000000002
0.8311109999999999,0.130374
0.8209029999999999,0.104124
0.8106949999999999,0.08399963200000002
0.800488,0.0678122
0.79028,0.05468726
0.780073,0.044843548000000004
0.7698649999999999,0.036312340000000005
0.7596579999999999,0.029968616000000003
0.74945,0.024390516
0.739242,0.019578038
0.729035,0.015968679000000003
0.718827,0.012578069
0.7086199999999999,-0.022517500000000003
0.6984119999999999,-0.027479078000000004
0.688205,-0.026846282000000003
0.677997,-0.029433470000000003
0.667789,-0.030855862000000005
0.657582,-0.030682264
0.647374,-0.031847059999999996
0.6371669999999999,-0.033784652000000005
0.6269589999999999,-0.034126248000000005
0.616752,-0.03421584800000001
0.606544,-0.03645024
0.596336,-0.037447036
0.586129,-0.037491836
0.575921,-0.039323028
0.5657139999999999,-0.040829420000000005
0.5555059999999999,-0.041529420000000004
0.545299,-0.042621412
0.535091,-0.044424604
0.524883,-0.0456062
0.514676,-0.046619796000000005
0.504468,-0.048456588
0.49426099999999995,-0.04987898
0.48405299999999996,-0.052281016
0.473846,-0.05785911600000001
0.463638,-0.063984092
0.45343,-0.07109343200000001
0.443223,-0.078749648
0.433015,-0.08826523200000001
0.42280799999999996,-0.098546432
0.41259999999999997,-0.10992099999999999
0.402393,-0.12414
0.392185,-0.140436
0.38197699999999996,-0.158374
0.37177,-0.180577
0.361562,-0.205733
0.351355,-0.235264
0.341147,-0.26982599999999995
0.33094,-0.311389
0.32073199999999996,-0.361264
0.310525,-0.418795
0.300317,-0.490435
0.290109,-0.576075
0.279902,-0.677465
0.269694,-0.801496
0.25948699999999997,-0.951777
0.249279,-1.123057
0.23907199999999998,-1.3603999999999998
0.22886399999999998,-1.6432419999999999
0.218656,-2.0008969999999997
0.208449,-2.465739
0.198241,-3.090486
0.18803399999999998,-3.9737940000000003
0.17782599999999998,-5.258725999999999
0.167619,-7.061217999999999
0.157411,-9.349333
0.147203,-12.029446
0.136996,-14.461935
0.12678799999999998,-16.190928
0.11658099999999999,-16.495427
0.106373,-14.685934
0.096166048,-11.259449
0.08595848,-7.885463999999999
0.07575092,-5.802974
0.065543348,-4.812478
0.055335776,-4.346979999999999
0.045128204000000005,-4.024982
0.034920632,-3.730983
0.024713064,-3.433484
0.014505494,-3.037986
0.004297924,-2.7124870000000003
-0.005909646,-2.5654879999999998
-0.016117215,-2.484988
-0.026324786000000003,-2.4499889999999995
-0.036532356,-2.428989
-0.046739924,-2.383489
-0.056947496,-2.295989
-0.067155064,-2.16299
-0.077362632,-2.0264900000000003
-0.08757020800000001,-1.8969909999999999
-0.09777777600000001,-1.791992
-0.107985,-1.707992
-0.11819199999999999,-1.648492
-0.1284,-1.595992
-0.13860799999999998,-1.543493
-0.148815,-1.490993
-0.159023,-1.4419929999999999
-0.16923,-1.3929930000000001
-0.179438,-1.354493
-0.18964499999999998,-1.315994
-0.199853,-1.277494
-0.18964499999999998,-1.1934939999999998
-0.179438,-1.1304949999999998
-0.16923,-1.081495
-0.159023,-1.035995
-0.148815,-0.997495
-0.13860799999999998,-0.965995
-0.1284,-0.930995
-0.11819199999999999,-0.899495
-0.107985,-0.874996
-0.09777777600000001,-0.8504959999999999
-0.08757020800000001,-0.825996
-0.077362632,-0.804996
-0.067155064,-0.783996
-0.056947496,-0.759496
-0.046739924,-0.734996
-0.036532356,-0.713996
-0.026324786000000003,-0.687746
-0.016117215,-0.661497
-0.005909646,-0.636997
0.004297924,-0.605497
0.014505494,-0.570497
0.024713064,-0.528497
0.034920632,-0.47774700000000003
0.045128204000000005,-0.419998
0.055335776,-0.356998
0.065543348,-0.29924799999999996
0.07575092,-0.244998
0.08595848,-0.198624
0.096166048,-0.161874
0.106373,-0.132124
0.11658099999999999,-0.107624
0.12678799999999998,-0.08793711200000001
0.136996,-0.072187176
0.147203,-0.05643725200000001
0.157411,-0.04003107200000001
0.167619,-0.024718642000000002
0.17782599999999998,-0.0074374670000000006
0.18803399999999998,0.013124942000000002
0.198241,0.033577976
0.208449,0.05753099600000001
0.218656,0.085093368
0.22886399999999998,0.115718
0.23907199999999998,0.14918599999999999
0.249279,0.188342
0.25948699999999997,0.235811
0.269694,0.298701
0.279902,0.390685
0.290109,0.5293720000000001
0.300317,0.726137
0.310525,0.991479
0.32073199999999996,1.315775
0.33094,1.665992
0.341147,1.9807719999999998
0.351355,2.204115
0.361562,2.318302
0.37177,2.325739
0.38197699999999996,2.2609899999999996
0.392185,2.16299
0.402393,2.05099
0.41259999999999997,1.940303
0.42280799999999996,1.847116
0.433015,1.768367
0.443223,1.710179
0.45343,1.681305
0.463638,1.68918
0.473846,1.752179
0.48405299999999996,1.895679
0.49426099999999995,2.1393649999999997
0.504468,2.4801759999999997
0.514676,2.920299
0.524883,3.443547
0.535091,3.9987319999999995
0.545299,4.545604999999999
0.5555059999999999,5.079351999999999
0.5657139999999999,5.608725000000001
0.575921,6.1100970000000006
0.586129,6.495095999999999
0.596336,6.65872
0.606544,6.62372
0.616752,6.493345
0.6269589999999999,6.2553469999999995
0.6371669999999999,5.759224
0.647374,5.162477
0.657582,4.675103999999999
0.667789,4.31198
0.677997,4.048607
0.688205,3.8526070000000003
0.6984119999999999,3.702983
0.7086199999999999,3.589234
0.718827,3.4964839999999997
0.729035,3.421234
0.739242,3.358234
0.74945,3.3004849999999997
0.7596579999999999,3.2514849999999997
0.7698649999999999,3.2086099999999997
0.780073,3.1718599999999997
0.79028,3.141235
0.800488,3.115861
0.8106949999999999,3.096611
0.8209029999999999,3.0852359999999996
0.8311109999999999,3.084361
0.841318,3.097486
0.851526,3.1263609999999997
0.861733,3.17536
0.871941,2.8839870000000003
0.8821479999999999,2.596988
0.8923559999999999,2.393114
0.9025639999999999,2.23474
0.912771,2.10874
0.922979,2.001991
0.933186,1.912741
0.943394,1.836616
0.9536009999999999,1.768367
0.9638089999999999,1.710617
0.9740169999999999,1.6581169999999998
0.984224,1.610867
0.994432,1.5697429999999999
1.004639,1.530368
1.014847,1.4953679999999998
1.025054,1.4647430000000001
1.035262,1.434118
1.04547,1.4078680000000001
1.055677,1.3816179999999998
1.065885,1.358868
1.076092,1.336994
1.0863,1.315994
1.096507,1.297619
1.106715,1.2792439999999998
1.1169229999999999,1.261744
1.12713,1.246869
1.137338,1.2302440000000001
1.147545,1.216244
1.157753,1.202244
1.1679599999999999,1.189119
1.1781679999999999,1.176869
1.1883759999999999,1.1646189999999998
1.198583,1.153244
1.208791,1.142744
1.218998,1.1304949999999998
1.229206,1.1217439999999999
1.2394129999999999,1.111245
1.2496209999999999,1.102495
1.2598289999999999,1.09287
1.270036,1.08412
1.280244,1.076245
1.290451,1.067495
1.300659,1.05962
1.3108659999999999,1.0526200000000001
1.3210739999999999,1.0447449999999998
1.331281,1.03862
1.341489,1.0307449999999998
1.351697,1.023745
1.361904,1.018495
1.372112,1.011495
1.3823189999999999,1.0053699999999999
1.3925269999999998,1.00012
1.402734,0.9922449999999999
1.412942,0.9887449999999999
1.42315,0.98262
1.433357,0.97737
1.443565,0.9721199999999999
1.4537719999999998,0.965995
1.4639799999999998,0.962495
1.474187,0.9572449999999999
1.484395,0.951995
1.494603,0.948495
1.50481,0.94237
1.494603,0.93887
1.484395,0.934495
1.474187,0.9301200000000001
1.4639799999999998,0.92662
1.4537719999999998,0.922245
1.443565,0.91787
1.433357,0.91437
1.42315,0.9099949999999999
1.412942,0.9064949999999999
1.402734,0.902995
1.3925269999999998,0.899495
1.3823189999999999,0.89687
1.372112,0.891621
1.361904,0.888996
1.351697,0.8854960000000001
1.341489,0.881996
1.331281,0.8793709999999999
1.3210739999999999,0.874996
1.3108659999999999,0.873246
1.300659,0.870621
1.290451,0.866246
1.280244,0.8644959999999999
1.270036,0.860996
1.2598289999999999,0.8574959999999999
1.2496209999999999,0.855746
1.2394129999999999,0.852246
1.229206,0.8496210000000001
1.218998,0.846996
1.208791,0.844371
1.198583,0.842621
1.1883759999999999,0.839121
1.1781679999999999,0.837371
1.1679599999999999,0.833871
1.157753,0.8312459999999999
1.147545,0.8294959999999999
1.137338,0.826871
1.12713,0.824246
1.1169229999999999,0.822496
1.106715,0.8189960000000001
1.096507,0.818121
1.0863,0.8146209999999999
1.076092,0.812871
1.065885,0.811996
1.055677,0.808496
1.04547,0.806746
1.035262,0.804996
1.025054,0.802371
1.014847,0.8006209999999999
1.004639,0.797996
0.994432,0.797121
0.984224,0.7953709999999999
0.9740169999999999,0.792746
0.9638089999999999,0.7918709999999999
0.9536009999999999,0.7883709999999999
0.943394,0.787496
0.933186,0.7857459999999999
0.922979,0.7831210000000001
0.912771,0.7831210000000001
0.9025639999999999,0.650122
0.8923559999999999,0.519747
0.8821479999999999,0.41562299999999996
0.871941,0.33074800000000004
0.861733,0.26249799999999995
0.851526,0.208249
0.841318,0.16537400000000002
0.8311109999999999,0.13124899999999998
0.8209029999999999,0.104999
0.8106949999999999,0.084437128
0.800488,0.068249696
0.79028,0.055562252000000006
0.780073,0.045062300000000007
0.7698649999999999,0.036749836
0.7596579999999999,0.030187366
0.74945,0.024718642000000002
0.739242,0.020015536000000004
0.729035,0.016078053000000002
0.718827,0.012796819000000001
0.7086199999999999,-0.022567902
0.6984119999999999,-0.027456678
0.688205,-0.026801482
0.677997,-0.029383072000000003
0.667789,-0.030822264000000002
0.657582,-0.030687866
0.647374,-0.03183025800000001
0.6371669999999999,-0.033695052
0.6269589999999999,-0.034154248000000005
0.616752,-0.034154248000000005
0.606544,-0.036467040000000006
0.596336,-0.037419036
0.586129,-0.037480636
0.575921,-0.03933422400000001
0.5657139999999999,-0.040779020000000006
0.5555059999999999,-0.041473416000000006
0.545299,-0.04260461200000001
0.535091,-0.044351804
0.524883,-0.0456062
0.514676,-0.046569392
0.504468,-0.04839498800000001
0.49426099999999995,-0.049862180000000006
0.48405299999999996,-0.05206226800000001
0.473846,-0.057749744
0.463638,-0.06387471600000001
0.45343,-0.070655936
0.443223,-0.07885902400000001
0.433015,-0.087827736
0.42280799999999996,-0.098546432
0.41259999999999997,-0.109593
0.402393,-0.123702
0.392185,-0.140108
0.38197699999999996,-0.157718
0.37177,-0.179702
0.361562,-0.205186
0.351355,-0.23428000000000002
0.341147,-0.268733
0.33094,-0.310186
0.32073199999999996,-0.359623
0.310525,-0.417263
0.300317,-0.48780999999999997
0.290109,-0.5732309999999999
0.279902,-0.673965
0.269694,-0.79723
0.25948699999999997,-0.946855
0.249279,-1.1169319999999998
0.23907199999999998,-1.3518679999999998
0.22886399999999998,-1.632961
0.218656,-1.9866779999999997
0.208449,-2.446926
0.198241,-3.063798
0.18803399999999998,-3.937044
0.17782599999999998,-5.202725999999999
0.167619,-6.982468
0.157411,-9.260959
0.147203,-11.931446999999999
0.136996,-14.386685
0.12678799999999998,-16.164678000000002
0.11658099999999999,-16.554926000000002
0.106373,-14.836433
0.096166048,-11.441448
0.08595848,-8.028963
0.07575092,-5.890473
0.065543348,-4.871978
0.055335776,-4.39248
0.045128204000000005,-4.073981
0.034920632,-3.779983
0.024713064,-3.478984
0.014505494,-3.090486
0.004297924,-2.7334870000000002
-0.005909646,-2.579488
-0.016117215,-2.495488
-0.026324786000000003,-2.453489
-0.036532356,-2.432489
-0.046739924,-2.393989
-0.056947496,-2.3064889999999996
-0.067155064,-2.17699
-0.077362632,-2.03699
-0.08757020800000001,-1.9109909999999999
-0.09777777600000001,-1.798991
-0.107985,-1.718492
-0.11819199999999999,-1.651992
-0.1284,-1.602992
-0.13860799999999998,-1.546993
-0.148815,-1.494493
-0.159023,-1.448993
-0.16923,-1.399993
-0.179438,-1.361493
-0.18964499999999998,-1.3194940000000002
-0.199853,-1.280994
-0.18964499999999998,-1.196994
-0.179438,-1.133994
-0.16923,-1.0849950000000002
-0.159023,-1.039495
-0.148815,-1.0009949999999999
-0.13860799999999998,-0.965995
-0.1284,-0.934495
-0.11819199999999999,-0.902995
-0.107985,-0.874996
-0.09777777600000001,-0.8504959999999999
-0.08757020800000001,-0.8294959999999999
-0.077362632,-0.808496
-0.067155064,-0.787496
-0.056947496,-0.7629959999999999
-0.046739924,-0.738496
-0.036532356,-0.713996
-0.026324786000000003,-0.689496
-0.016117215,-0.663247
-0.005909646,-0.636997
0.004297924,-0.607247
0.014505494,-0.570497
0.024713064,-0.528497
0.034920632,-0.475997
0.045128204000000005,-0.416498
0.055335776,-0.355248
0.065543348,-0.297498
0.07575092,-0.24324800000000002
0.08595848,-0.196874
0.096166048,-0.160124
0.106373,-0.130374
0.11658099999999999,-0.106749
0.12678799999999998,-0.087499616
0.136996,-0.071312184
0.147203,-0.055562252000000006
0.157411,-0.039374824
0.167619,-0.023843644
0.17782599999999998,-0.006343722
0.18803399999999998,0.014328061000000001
0.198241,0.035109216000000006
0.208449,0.058734116
0.218656,0.08673399200000001
0.22886399999999998,0.11703
0.23907199999999998,0.150936
0.249279,0.19053
0.25948699999999997,0.238436
0.269694,0.302311
0.279902,0.39626300000000003
0.290109,0.5368099999999999
0.300317,0.737402
0.310525,1.005261
0.32073199999999996,1.3324
0.33094,1.681961
0.341147,1.993459
0.351355,2.2128650000000003
0.361562,2.3209269999999997
0.37177,2.323989
0.38197699999999996,2.257052
0.392185,2.15774
0.402393,2.04574
0.41259999999999997,1.9350530000000001
0.42280799999999996,1.841866
0.433015,1.764429
0.443223,1.707554
0.45343,1.680429
0.463638,1.691367
0.473846,1.7583039999999999
0.48405299999999996,1.909241
0.49426099999999995,2.1603649999999996
0.504468,2.510363
0.514676,2.958361
0.524883,3.489922
0.535091,4.050794
0.545299,4.600729
0.5555059999999999,5.137977
0.5657139999999999,5.670849
0.575921,6.1722220000000005
0.586129,6.55022
0.596336,6.699845
0.606544,6.64997
0.616752,6.507345999999999
0.6269589999999999,6.250971
0.6371669999999999,5.733849
0.647374,5.136227
0.657582,4.653229
0.667789,4.297981
0.677997,4.038106
0.688205,3.8438569999999994
0.6984119999999999,3.6968579999999998
0.7086199999999999,3.583984
0.718827,3.493859
0.729035,3.418609
0.739242,3.35561
0.74945,3.2987349999999998
0.7596579999999999,3.25061
0.7698649999999999,3.207735
0.780073,3.170985
0.79028,3.141235
0.800488,3.116736
0.8106949999999999,3.097486
0.8209029999999999,3.086986
0.8311109999999999,3.0861110000000003
0.841318,3.099236
0.851526,3.129861
0.861733,3.18061
0.871941,2.8612369999999996
0.8821479999999999,2.5803629999999997
0.8923559999999999,2.381739
0.9025639999999999,2.22599
0.912771,2.1008649999999998
0.922979,1.9967409999999999
0.933186,1.9066159999999999
0.943394,1.831366
0.9536009999999999,1.764867
0.9638089999999999,1.706242
0.9740169999999999,1.654617
0.984224,1.607367
0.994432,1.565368
1.004639,1.5277429999999999
1.014847,1.491868
1.025054,1.462118
1.035262,1.431493
1.04547,1.405243
1.055677,1.3798679999999999
1.065885,1.355369
1.076092,1.3352439999999999
1.0863,1.314244
1.096507,1.294994
1.106715,1.277494
1.1169229999999999,1.259994
1.12713,1.2442440000000001
1.137338,1.228494
1.147545,1.213619
1.157753,1.2013690000000001
1.1679599999999999,1.1873690000000001
1.1781679999999999,1.175119
1.1883759999999999,1.162869
1.198583,1.1506189999999998
1.208791,1.140994
1.218998,1.1296190000000002
1.229206,1.1199949999999999
1.2394129999999999,1.11037
1.2496209999999999,1.100745
1.2598289999999999,1.091995
1.270036,1.083245
1.280244,1.074495
1.290451,1.067495
1.300659,1.0578699999999999
1.3108659999999999,1.051745
1.3210739999999999,1.0438699999999999
1.331281,1.03687
1.341489,1.0307449999999998
1.351697,1.02287
1.361904,1.016745
1.372112,1.01062
1.3823189999999999,1.00362
1.3925269999999998,0.9983700000000001
1.402734,0.9922449999999999
1.412942,0.9869949999999998
1.42315,0.981745
1.433357,0.9756199999999999
1.443565,0.9712449999999999
1.4537719999999998,0.965995
1.4639799999999998,0.960745
1.474187,0.95637
1.484395,0.950245
1.494603,0.946745
1.50481,0.94237
1.494603,0.9371200000000001
1.484395,0.93362
1.474187,0.92837
1.4639799999999998,0.92487
1.4537719999999998,0.92137
1.443565,0.91612
1.433357,0.913495
1.42315,0.90912
1.412942,0.90562
1.402734,0.90212
1.3925269999999998,0.897745
1.3823189999999999,0.8951209999999999
1.372112,0.890746
1.361904,0.887246
1.351697,0.8854960000000001
1.341489,0.880246
1.331281,0.877621
1.3210739999999999,0.8741209999999999
1.3108659999999999,0.8714959999999999
1.300659,0.868871
1.290451,0.8644959999999999
1.280244,0.862746
1.270036,0.859246
1.2598289999999999,0.855746
1.2496209999999999,0.854871
1.2394129999999999,0.851371
1.229206,0.847871
1.218998,0.846121
1.208791,0.842621
1.198583,0.840871
1.1883759999999999,0.8382459999999999
1.1781679999999999,0.834746
1.1679599999999999,0.833871
1.157753,0.8294959999999999
1.147545,0.8286209999999999
1.137338,0.825996
1.12713,0.822496
1.1169229999999999,0.8216209999999999
1.106715,0.818121
1.096507,0.816371
1.0863,0.813746
1.076092,0.811121
1.065885,0.810246
1.055677,0.8076209999999999
1.04547,0.804996
1.035262,0.804121
1.025054,0.8006209999999999
1.014847,0.799746
1.004639,0.797121
0.994432,0.7953709999999999
0.984224,0.794496
0.9740169999999999,0.790996
0.9638089999999999,0.790121
0.9536009999999999,0.787496
0.943394,0.7857459999999999
0.933186,0.784871
0.922979,0.782246
0.912771,0.780496
0.9025639999999999,0.656247
0.8923559999999999,0.5249969999999999
0.8821479999999999,0.41824799999999995
0.871941,0.33337300000000003
0.861733,0.265123
0.851526,0.209999
0.841318,0.166249
0.8311109999999999,0.132124
0.8209029999999999,0.105874
0.8106949999999999,0.08531212
0.800488,0.06868719200000001
0.79028,0.055562252000000006
0.780073,0.045281048000000004
0.7698649999999999,0.036968588000000004
0.7596579999999999,0.030624866
0.74945,0.024937388
0.739242,0.02012491
0.729035,0.016078053000000002
0.718827,0.012906192000000002
0.7086199999999999,-0.022595900000000002
0.6984119999999999,-0.02743988
0.688205,-0.026779082
0.677997,-0.029371872000000004
0.667789,-0.030738264000000005
0.657582,-0.030671066000000004
0.647374,-0.03183025800000001
0.6371669999999999,-0.033672652000000004
0.6269589999999999,-0.034171048
0.616752,-0.034148648000000004
0.606544,-0.03641664000000001
0.596336,-0.037441436
0.586129,-0.03741343600000001
0.575921,-0.03933422400000001
0.5657139999999999,-0.04074542
0.5555059999999999,-0.04143982
0.545299,-0.042621412
0.535091,-0.04431820400000001
0.524883,-0.0455558
0.514676,-0.046558196
0.504468,-0.048333388000000005
0.49426099999999995,-0.04982298
0.48405299999999996,-0.05206226800000001
0.473846,-0.05742162000000001
0.463638,-0.06387471600000001
0.45343,-0.070327816
0.443223,-0.07853090400000001
0.433015,-0.087827736
0.42280799999999996,-0.098108944
0.41259999999999997,-0.109374
0.402393,-0.12326499999999999
0.392185,-0.13967100000000002
0.38197699999999996,-0.15728
0.37177,-0.178936
0.361562,-0.20453
0.351355,-0.233405
0.341147,-0.26785800000000004
0.33094,-0.309092
0.32073199999999996,-0.35765399999999997
0.310525,-0.41551299999999997
0.300317,-0.48562200000000005
0.290109,-0.570388
0.279902,-0.670793
0.269694,-0.792527
0.25948699999999997,-0.941386
0.249279,-1.1114629999999999
0.23907199999999998,-1.3433369999999998
0.22886399999999998,-1.622242
0.218656,-1.972897
0.208449,-2.428114
0.198241,-3.037986
0.18803399999999998,-3.898982
0.17782599999999998,-5.148477
0.167619,-6.905468999999999
0.157411,-9.170834
0.147203,-11.836946
0.136996,-14.309686
0.12678799999999998,-16.138428
0.11658099999999999,-16.607426
0.106373,-14.979932
0.096166048,-11.630448
0.08595848,-8.182962999999999
0.07575092,-5.981472999999999
0.065543348,-4.927976999999999
0.055335776,-4.43798
0.045128204000000005,-4.115981
0.034920632,-3.8219819999999998
0.024713064,-3.520984
0.014505494,-3.1394859999999998
0.004297924,-2.757987
-0.005909646,-2.593488
-0.016117215,-2.505988
-0.026324786000000003,-2.460489
-0.036532356,-2.439489
-0.046739924,-2.400989
-0.056947496,-2.3134889999999997
-0.067155064,-2.18749
-0.077362632,-2.04749
-0.08757020800000001,-1.917991
-0.09777777600000001,-1.809491
-0.107985,-1.721992
-0.11819199999999999,-1.6589919999999998
-0.1284,-1.606492
-0.13860799999999998,-1.553993
-0.148815,-1.504993
-0.159023,-1.4559929999999999
-0.16923,-1.403493
-0.179438,-1.361493
-0.18964499999999998,-1.326494
-0.199853,-1.287994
-0.18964499999999998,-1.200494
-0.179438,-1.137494
-0.16923,-1.088495
-0.159023,-1.046495
-0.148815,-1.004495
-0.13860799999999998,-0.9694950000000001
-0.1284,-0.937995
-0.11819199999999999,-0.9064949999999999
-0.107985,-0.878496
-0.09777777600000001,-0.853996
-0.08757020800000001,-0.832996
-0.077362632,-0.811996
-0.067155064,-0.787496
-0.056947496,-0.766496
-0.046739924,-0.741996
-0.036532356,-0.717496
-0.026324786000000003,-0.692996
-0.016117215,-0.663247
-0.005909646,-0.638747
0.004297924,-0.607247
0.014505494,-0.570497
0.024713064,-0.5249969999999999
0.034920632,-0.474247
0.045128204000000005,-0.41474799999999995
0.055335776,-0.353498
0.065543348,-0.29399800000000004
0.07575092,-0.23974800000000002
0.08595848,-0.195124
0.096166048,-0.158374
0.106373,-0.12949899999999998
0.11658099999999999,-0.105874
0.12678799999999998,-0.08618711200000001
0.136996,-0.07043719200000001
0.147203,-0.05424976
0.157411,-0.03849982800000001
0.167619,-0.022531150000000003
0.17782599999999998,-0.005468726
0.18803399999999998,0.015093683
0.198241,0.036531087999999996
0.208449,0.060046612000000006
0.218656,0.088155856
0.22886399999999998,0.11878
0.23907199999999998,0.152577
0.249279,0.19282699999999997
0.25948699999999997,0.240952
0.269694,0.306139
0.279902,0.401951
0.290109,0.545341
0.300317,0.748887
0.310525,1.019261
0.32073199999999996,1.348368
0.33094,1.698148
0.341147,2.006147
0.351355,2.22074
0.361562,2.323552
0.37177,2.321802
0.38197699999999996,2.2526770000000003
0.392185,2.152053
0.402393,2.039616
0.41259999999999997,1.929366
0.42280799999999996,1.837054
0.433015,1.760929
0.443223,1.704929
0.45343,1.679555
0.463638,1.693554
0.473846,1.765304
0.48405299999999996,1.922366
0.49426099999999995,2.181365
0.504468,2.539238
0.514676,2.996861
0.524883,3.535859
0.535091,4.101980999999999
0.545299,4.654978999999999
0.5555059999999999,5.195726
0.5657139999999999,5.732974
0.575921,6.232596999999999
0.586129,6.60272
0.596336,6.73747
0.606544,6.67272
0.616752,6.517845
0.6269589999999999,6.241347
0.6371669999999999,5.704974
0.647374,5.107352
0.657582,4.629604
0.667789,4.279606
0.677997,4.024107
0.688205,3.8342319999999996
0.6984119999999999,3.688983
0.7086199999999999,3.576984
0.718827,3.488609
0.729035,3.414234
0.739242,3.352109
0.74945,3.296985
0.7596579999999999,3.247985
0.7698649999999999,3.20511
0.780073,3.169235
0.79028,3.1394859999999998
0.800488,3.114986
0.8106949999999999,3.096611
0.8209029999999999,3.086986
0.8311109999999999,3.086986
0.841318,3.1009860000000002
0.851526,3.132486
0.861733,3.18411
0.871941,2.8384869999999998
0.8821479999999999,2.564613
0.8923559999999999,2.3694889999999997
0.9025639999999999,2.216365
0.912771,2.09124
0.922979,1.9897409999999998
0.933186,1.9013660000000001
0.943394,1.825241
0.9536009999999999,1.759617
0.9638089999999999,1.7009919999999998
0.9740169999999999,1.650242
0.984224,1.603867
0.994432,1.561868
1.004639,1.5242429999999998
1.014847,1.489243
1.025054,1.458618
1.035262,1.428868
1.04547,1.401743
1.055677,1.378118
1.065885,1.3527429999999998
1.076092,1.331744
1.0863,1.312494
1.096507,1.2923689999999999
1.106715,1.274869
1.1169229999999999,1.257369
1.12713,1.241619
1.137338,1.226744
1.147545,1.211869
1.157753,1.199619
1.1679599999999999,1.184744
1.1781679999999999,1.1724940000000001
1.1883759999999999,1.161994
1.198583,1.148869
1.208791,1.139244
1.218998,1.127869
1.229206,1.11737
1.2394129999999999,1.109495
1.2496209999999999,1.09812
1.2598289999999999,1.090245
1.270036,1.081495
1.280244,1.0727449999999998
1.290451,1.065745
1.300659,1.0569950000000001
1.3108659999999999,1.049995
1.3210739999999999,1.0429950000000001
1.331281,1.03512
1.341489,1.0289949999999999
1.351697,1.021995
1.361904,1.0149949999999999
1.372112,1.0097450000000001
1.3823189999999999,1.002745
1.3925269999999998,0.997495
1.402734,0.99137
1.412942,0.985245
1.42315,0.98087
1.433357,0.9738699999999999
1.443565,0.9694950000000001
1.4537719999999998,0.964245
1.4639799999999998,0.9589949999999999
1.474187,0.95462
1.484395,0.9493699999999999
1.494603,0.944995
1.50481,0.94062
1.494603,0.93537
1.484395,0.9327449999999999
1.474187,0.927495
1.4639799999999998,0.92312
1.4537719999999998,0.920495
1.443565,0.915245
1.433357,0.9117449999999999
1.42315,0.908245
1.412942,0.90387
1.402734,0.90037
1.3925269999999998,0.89687
1.3823189999999999,0.8933709999999999
1.372112,0.890746
1.361904,0.8854960000000001
1.351697,0.883746
1.341489,0.8793709999999999
1.331281,0.875871
1.3210739999999999,0.8741209999999999
1.3108659999999999,0.869746
1.300659,0.867996
1.290451,0.8644959999999999
1.280244,0.860996
1.270036,0.859246
1.2598289999999999,0.854871
1.2496209999999999,0.853121
1.2394129999999999,0.8504959999999999
1.229206,0.846121
1.218998,0.8452459999999999
1.208791,0.841746
1.198583,0.839121
1.1883759999999999,0.837371
1.1781679999999999,0.833871
1.1679599999999999,0.832121
1.157753,0.8286209999999999
1.147545,0.826871
1.137338,0.825121
1.12713,0.8216209999999999
1.1169229999999999,0.819871
1.106715,0.818121
1.096507,0.8146209999999999
1.0863,0.813746
1.076092,0.811121
1.065885,0.808496
1.055677,0.806746
1.04547,0.804121
1.035262,0.802371
1.025054,0.8006209999999999
1.014847,0.797996
1.004639,0.796246
0.994432,0.7936209999999999
0.984224,0.792746
0.9740169999999999,0.790996
0.9638089999999999,0.7883709999999999
0.9536009999999999,0.787496
0.943394,0.783996
0.933186,0.7831210000000001
0.922979,0.781371
0.912771,0.7787459999999999
0.9025639999999999,0.663247
0.8923559999999999,0.5302469999999999
0.8821479999999999,0.423498
0.871941,0.336873
0.861733,0.267748
0.851526,0.21262399999999998
0.841318,0.168874
0.8311109999999999,0.133874
0.8209029999999999,0.106749
0.8106949999999999,0.08618711200000001
0.800488,0.06956219200000001
0.79028,0.05643725200000001
0.780073,0.045718548000000005
0.7698649999999999,0.037406084000000006
0.7596579999999999,0.030624866
0.74945,0.025156138
0.739242,0.020453034000000002
0.729035,0.016296803000000002
0.718827,0.012906192000000002
0.7086199999999999,-0.022556702
0.6984119999999999,-0.027484678000000002
0.688205,-0.026695084
0.677997,-0.029377470000000003
0.667789,-0.030755066
0.657582,-0.030598266
0.647374,-0.03180226
0.6371669999999999,-0.033622252000000005
0.6269589999999999,-0.034143052
0.616752,-0.034154248000000005
0.606544,-0.03636624
0.596336,-0.037441436
0.586129,-0.037363036
0.575921,-0.039295028
0.5657139999999999,-0.04078462
0.5555059999999999,-0.041400620000000006
0.545299,-0.042599012
0.535091,-0.044329404
0.524883,-0.045483
0.514676,-0.04659179200000001
0.504468,-0.048294188
0.49426099999999995,-0.04980618
0.48405299999999996,-0.05206226800000001
0.473846,-0.057312244000000005
0.463638,-0.06387471600000001
0.45343,-0.07054656000000001
0.443223,-0.078421528
0.433015,-0.08760899200000001
0.42280799999999996,-0.09767144000000001
0.41259999999999997,-0.10926499999999999
0.402393,-0.12315499999999999
0.392185,-0.139124
0.38197699999999996,-0.15695199999999998
0.37177,-0.17828
0.361562,-0.203874
0.351355,-0.23274799999999998
0.341147,-0.266436
0.33094,-0.308108
0.32073199999999996,-0.356342
0.310525,-0.413545
0.300317,-0.483435
0.290109,-0.567106
0.279902,-0.6674030000000001
0.269694,-0.7883709999999999
0.25948699999999997,-0.9363549999999999
0.249279,-1.1058849999999998
0.23907199999999998,-1.335462
0.22886399999999998,-1.611961
0.218656,-1.9597719999999998
0.208449,-2.410176
0.198241,-3.013924
0.18803399999999998,-3.86267
0.17782599999999998,-5.0959769999999995
0.167619,-6.831969
0.157411,-9.084209
0.147203,-11.742447
0.136996,-14.236186
0.12678799999999998,-16.108677
0.11658099999999999,-16.659925
0.106373,-15.119932
0.096166048,-11.826447
0.08595848,-8.333462
0.07575092,-6.0724730000000005
0.065543348,-4.983976999999999
0.055335776,-4.479979999999999
0.045128204000000005,-4.1579809999999995
0.034920632,-3.8639819999999996
0.024713064,-3.559484
0.014505494,-3.188485
0.004297924,-2.785987
-0.005909646,-2.607488
-0.016117215,-2.516488
-0.026324786000000003,-2.470989
-0.036532356,-2.446489
-0.046739924,-2.407989
-0.056947496,-2.327489
-0.067155064,-2.19799
-0.077362632,-2.0579899999999998
-0.08757020800000001,-1.9284909999999997
-0.09777777600000001,-1.816491
-0.107985,-1.7289919999999999
-0.11819199999999999,-1.665992
-0.1284,-1.609992
-0.13860799999999998,-1.557493
-0.148815,-1.508493
-0.159023,-1.4559929999999999
-0.16923,-1.410493
-0.179438,-1.368493
-0.18964499999999998,-1.326494
-0.199853,-1.291494
-0.18964499999999998,-1.203994
-0.179438,-1.140994
-0.16923,-1.095495
-0.159023,-1.046495
-0.148815,-1.007995
-0.13860799999999998,-0.9729949999999999
-0.1284,-0.941495
-0.11819199999999999,-0.9099949999999999
-0.107985,-0.881996
-0.09777777600000001,-0.8574959999999999
-0.08757020800000001,-0.8364959999999999
-0.077362632,-0.811996
-0.067155064,-0.790996
-0.056947496,-0.766496
-0.046739924,-0.741996
-0.036532356,-0.717496
-0.026324786000000003,-0.692996
-0.016117215,-0.6649970000000001
-0.005909646,-0.638747
0.004297924,-0.607247
0.014505494,-0.568747
0.024713064,-0.5249969999999999
0.034920632,-0.472497
0.045128204000000005,-0.411248
0.055335776,-0.349998
0.065543348,-0.29049800000000003
0.07575092,-0.237998
0.08595848,-0.193374
0.096166048,-0.15662399999999999
0.106373,-0.127749
0.11658099999999999,-0.104124
0.12678799999999998,-0.08487462400000001
0.136996,-0.06956219200000001
0.147203,-0.05337476
0.157411,-0.037406084000000006
0.167619,-0.021656154
0.17782599999999998,-0.004156231
0.18803399999999998,0.016515552
0.198241,0.037734208000000005
0.208449,0.061359104000000005
0.218656,0.08946835200000001
0.22886399999999998,0.12064
0.23907199999999998,0.154218
0.249279,0.194796
0.25948699999999997,0.24368599999999999
0.269694,0.309529
0.279902,0.407748
0.290109,0.552888
0.300317,0.7600429999999999
0.310525,1.033151
0.32073199999999996,1.3639
0.33094,1.714117
0.341147,2.017959
0.351355,2.2277400000000003
0.361562,2.325302
0.37177,2.3196139999999996
0.38197699999999996,2.247865
0.392185,2.146365
0.402393,2.033491
0.41259999999999997,1.924553
0.42280799999999996,1.8322409999999998
0.433015,1.7574290000000001
0.443223,1.703179
0.45343,1.679117
0.463638,1.696617
0.473846,1.7718669999999999
0.48405299999999996,1.9359279999999999
0.49426099999999995,2.202802
0.504468,2.568988
0.514676,3.034923
0.524883,3.5804839999999998
0.535091,4.150544
0.545299,4.709229
0.5555059999999999,5.251726
0.5657139999999999,5.7924739999999995
0.575921,6.290347
0.586129,6.6534699999999996
0.596336,6.7742189999999995
0.606544,6.691968999999999
0.616752,6.52572
0.6269589999999999,6.229972
0.6371669999999999,5.6769739999999995
0.647374,5.078477
0.657582,4.608604
0.667789,4.263855
0.677997,4.012732
0.688205,3.825483
0.6984119999999999,3.6837329999999997
0.7086199999999999,3.5726080000000002
0.718827,3.485109
0.729035,3.4116090000000003
0.739242,3.349485
0.74945,3.2952350000000004
0.7596579999999999,3.246235
0.7698649999999999,3.20511
0.780073,3.169235
0.79028,3.138611
0.800488,3.114986
0.8106949999999999,3.097486
0.8209029999999999,3.087861
0.8311109999999999,3.089611
0.841318,3.103611
0.851526,3.137735
0.861733,3.188485
0.871941,2.815737
0.8821479999999999,2.551488
0.8923559999999999,2.358114
0.9025639999999999,2.20849
0.912771,2.0842400000000003
0.922979,1.982741
0.933186,1.896116
0.943394,1.819991
0.9536009999999999,1.7561170000000002
0.9638089999999999,1.696617
0.9740169999999999,1.646742
0.984224,1.6003669999999999
0.994432,1.558368
1.004639,1.5216180000000001
1.014847,1.487493
1.025054,1.455118
1.035262,1.4271179999999999
1.04547,1.3991179999999999
1.055677,1.3746180000000001
1.065885,1.3518679999999998
1.076092,1.3299940000000001
1.0863,1.310744
1.096507,1.2906190000000002
1.106715,1.2731190000000001
1.1169229999999999,1.256494
1.12713,1.2398689999999999
1.137338,1.2258689999999999
1.147545,1.210994
1.157753,1.196994
1.1679599999999999,1.183869
1.1781679999999999,1.171619
1.1883759999999999,1.160244
1.198583,1.147994
1.208791,1.136619
1.218998,1.127869
1.229206,1.1156199999999998
1.2394129999999999,1.107745
1.2496209999999999,1.09812
1.2598289999999999,1.088495
1.270036,1.08062
1.280244,1.0709950000000001
1.290451,1.063995
1.300659,1.0569950000000001
1.3108659999999999,1.0482449999999999
1.3210739999999999,1.0421200000000002
1.331281,1.0342449999999999
1.341489,1.0281200000000001
1.351697,1.02112
1.361904,1.0132450000000002
1.372112,1.007995
1.3823189999999999,1.0018699999999998
1.3925269999999998,0.995745
1.402734,0.9904949999999999
1.412942,0.983495
1.42315,0.97912
1.433357,0.9738699999999999
1.443565,0.9677450000000001
1.4537719999999998,0.964245
1.4639799999999998,0.9581199999999999
1.474187,0.9537450000000001
1.484395,0.9493699999999999
1.494603,0.943245
1.50481,0.9397449999999999
1.494603,0.934495
1.484395,0.930995
1.474187,0.92662
1.4639799999999998,0.92137
1.4537719999999998,0.9187449999999999
1.443565,0.91437
1.433357,0.91087
1.42315,0.90737
1.412942,0.90212
1.402734,0.899495
1.3925269999999998,0.895996
1.3823189999999999,0.891621
1.372112,0.889871
1.361904,0.8854960000000001
1.351697,0.881996
1.341489,0.8793709999999999
1.331281,0.8741209999999999
1.3210739999999999,0.873246
1.3108659999999999,0.868871
1.300659,0.866246
1.290451,0.8636210000000001
1.280244,0.859246
1.270036,0.8574959999999999
1.2598289999999999,0.853996
1.2496209999999999,0.851371
1.2394129999999999,0.8496210000000001
1.229206,0.8452459999999999
1.218998,0.8434959999999999
1.208791,0.840871
1.198583,0.8382459999999999
1.1883759999999999,0.8364959999999999
1.1781679999999999,0.832996
1.1679599999999999,0.8312459999999999
1.157753,0.8286209999999999
1.147545,0.825121
1.137338,0.823371
1.12713,0.8207460000000001
1.1169229999999999,0.8189960000000001
1.106715,0.817246
1.096507,0.813746
1.0863,0.811996
1.076092,0.809371
1.065885,0.8076209999999999
1.055677,0.805871
1.04547,0.803246
1.035262,0.801496
1.025054,0.799746
1.014847,0.796246
1.004639,0.796246
0.994432,0.792746
0.984224,0.7918709999999999
0.9740169999999999,0.790121
0.9638089999999999,0.787496
0.9536009999999999,0.786621
0.943394,0.7831210000000001
0.933186,0.782246
0.922979,0.780496
0.912771,0.777871
0.9025639999999999,0.669372
0.8923559999999999,0.534622
0.8821479999999999,0.426998
0.871941,0.340373
0.861733,0.270373
0.851526,0.215249
0.841318,0.170624
0.8311109999999999,0.135624
0.8209029999999999,0.107624
0.8106949999999999,0.08706211200000001
0.800488,0.069999688
0.79028,0.056874748
0.780073,0.046374792000000005
0.7698649999999999,0.03784358
0.7596579999999999,0.03106236
0.74945,0.025156138
0.739242,0.020453034000000002
0.729035,0.016406176
0.718827,0.012906192000000002
0.7086199999999999,-0.022528700000000002
0.6984119999999999,-0.02743988
0.688205,-0.026639084
0.677997,-0.029310270000000003
0.667789,-0.030760664000000007
0.657582,-0.030536666000000004
0.647374,-0.031785458
0.6371669999999999,-0.033616652000000004
0.6269589999999999,-0.034081448
0.616752,-0.03416544800000001
0.606544,-0.03628784
0.596336,-0.037424636000000004
0.586129,-0.03740783200000001
0.575921,-0.039267024000000005
0.5657139999999999,-0.040801420000000005
0.5555059999999999,-0.041322216
0.545299,-0.042571012
0.535091,-0.04431820400000001
0.524883,-0.0454214
0.514676,-0.046552596
0.504468,-0.04828858800000001
0.49426099999999995,-0.049744580000000004
0.48405299999999996,-0.05206226800000001
0.473846,-0.05709349600000001
0.463638,-0.06343722
0.45343,-0.07021843200000001
0.443223,-0.07787465600000001
0.433015,-0.087499616
0.42280799999999996,-0.09745268800000001
0.41259999999999997,-0.108718
0.402393,-0.122499
0.392185,-0.13857699999999998
0.38197699999999996,-0.15640500000000002
0.37177,-0.177624
0.361562,-0.20310799999999998
0.351355,-0.231873
0.341147,-0.265451
0.33094,-0.306358
0.32073199999999996,-0.354592
0.310525,-0.411248
0.300317,-0.481247
0.290109,-0.564372
0.279902,-0.663793
0.269694,-0.783996
0.25948699999999997,-0.931105
0.249279,-1.100198
0.23907199999999998,-1.3269309999999999
0.22886399999999998,-1.601899
0.218656,-1.9468659999999998
0.208449,-2.391801
0.198241,-2.9885490000000003
0.18803399999999998,-3.8272319999999995
0.17782599999999998,-5.0426020000000005
0.167619,-6.757594
0.157411,-8.994085
0.147203,-11.644447
0.136996,-14.157435999999999
0.12678799999999998,-16.070178000000002
0.11658099999999999,-16.698424
0.106373,-15.259931000000002
0.096166048,-11.997946
0.08595848,-8.483962
0.07575092,-6.159972
0.065543348,-5.036477
0.055335776,-4.521979999999999
0.045128204000000005,-4.196481
0.034920632,-3.898982
0.024713064,-3.594483
0.014505494,-3.226985
0.004297924,-2.8104869999999997
-0.005909646,-2.617988
-0.016117215,-2.523488
-0.026324786000000003,-2.474489
-0.036532356,-2.4499889999999995
-0.046739924,-2.4149890000000003
-0.056947496,-2.3344889999999996
-0.067155064,-2.20499
-0.077362632,-2.06499
-0.08757020800000001,-1.9354909999999999
-0.09777777600000001,-1.823491
-0.107985,-1.735992
-0.11819199999999999,-1.669492
-0.1284,-1.616992
-0.13860799999999998,-1.560993
-0.148815,-1.511993
-0.159023,-1.462993
-0.16923,-1.413993
-0.179438,-1.371993
-0.18964499999999998,-1.3299940000000001
-0.199853,-1.294994
-0.18964499999999998,-1.203994
-0.179438,-1.1444940000000001
-0.16923,-1.095495
-0.159023,-1.049995
-0.148815,-1.011495
-0.13860799999999998,-0.976495
-0.1284,-0.941495
-0.11819199999999999,-0.913495
-0.107985,-0.881996
-0.09777777600000001,-0.8574959999999999
-0.08757020800000001,-0.8364959999999999
-0.077362632,-0.811996
-0.067155064,-0.790996
-0.056947496,-0.766496
-0.046739924,-0.745496
-0.036532356,-0.717496
-0.026324786000000003,-0.692996
-0.016117215,-0.6649970000000001
-0.005909646,-0.638747
0.004297924,-0.607247
0.014505494,-0.568747
0.024713064,-0.5232469999999999
0.034920632,-0.47074699999999997
0.045128204000000005,-0.40949800000000003
0.055335776,-0.348248
0.065543348,-0.288748
0.07575092,-0.23624799999999999
0.08595848,-0.189874
0.096166048,-0.15487399999999998
0.106373,-0.12687400000000001
0.11658099999999999,-0.102812
0.12678799999999998,-0.083562128
0.136996,-0.06868719200000001
0.147203,-0.05249976800000001
0.157411,-0.035874840000000005
0.167619,-0.020781158
0.17782599999999998,-0.0028437370000000003
0.18803399999999998,0.017390548000000002
0.198241,0.038827952
0.208449,0.06299972
0.218656,0.09067147200000002
0.22886399999999998,0.12217099999999999
0.23907199999999998,0.155968
0.249279,0.196545
0.25948699999999997,0.24620199999999998
0.269694,0.31324799999999997
0.279902,0.413107
0.290109,0.561091
0.300317,0.770434
0.310525,1.046823
0.32073199999999996,1.3789930000000001
0.33094,1.728773
0.341147,2.029334
0.351355,2.233865
0.361562,2.327927
0.37177,2.3174270000000003
0.38197699999999996,2.2434890000000003
0.392185,2.141552
0.402393,2.0278029999999996
0.41259999999999997,1.9197410000000001
0.42280799999999996,1.827866
0.433015,1.753929
0.443223,1.7009919999999998
0.45343,1.67868
0.463638,1.698804
0.473846,1.779304
0.48405299999999996,1.949928
0.49426099999999995,2.22424
0.504468,2.5982999999999996
0.514676,3.073861
0.524883,3.625108
0.535091,4.1986680000000005
0.545299,4.761728
0.5555059999999999,5.307726000000001
0.5657139999999999,5.851099
0.575921,6.348096
0.586129,6.70072
0.596336,6.805719
0.606544,6.71122
0.616752,6.53097
0.6269589999999999,6.215972
0.6371669999999999,5.647224
0.647374,5.050477
0.657582,4.586729
0.667789,4.248106
0.677997,4.002231
0.688205,3.8167320000000005
0.6984119999999999,3.6767329999999996
0.7086199999999999,3.568234
0.718827,3.480734
0.729035,3.408984
0.739242,3.34686
0.74945,3.29261
0.7596579999999999,3.2444849999999996
0.7698649999999999,3.20336
0.780073,3.16836
0.79028,3.138611
0.800488,3.114986
0.8106949999999999,3.097486
0.8209029999999999,3.088736
0.8311109999999999,3.091361
0.841318,3.1062359999999996
0.851526,3.14036
0.861733,3.18936
0.871941,2.794737
0.8821479999999999,2.5374879999999997
0.8923559999999999,2.346739
0.9025639999999999,2.198865
0.912771,2.078115
0.922979,1.975741
0.933186,1.890866
0.943394,1.8156160000000001
0.9536009999999999,1.750867
0.9638089999999999,1.693117
0.9740169999999999,1.642367
0.984224,1.597742
0.994432,1.554868
1.004639,1.518118
1.014847,1.4848679999999999
1.025054,1.4524929999999998
1.035262,1.4244929999999998
1.04547,1.397368
1.055677,1.372868
1.065885,1.3501180000000002
1.076092,1.328244
1.0863,1.308994
1.096507,1.289744
1.106715,1.270494
1.1169229999999999,1.254744
1.12713,1.238119
1.137338,1.224119
1.147545,1.209244
1.157753,1.195244
1.1679599999999999,1.1829939999999999
1.1781679999999999,1.169869
1.1883759999999999,1.1584940000000001
1.198583,1.1471189999999998
1.208791,1.1357439999999999
1.218998,1.126119
1.229206,1.114745
1.2394129999999999,1.1051199999999999
1.2496209999999999,1.097245
1.2598289999999999,1.0867449999999999
1.270036,1.07887
1.280244,1.07012
1.290451,1.0622449999999999
1.300659,1.055245
1.3108659999999999,1.046495
1.3210739999999999,1.039495
1.331281,1.03337
1.341489,1.025495
1.351697,1.0193699999999999
1.361904,1.01237
1.372112,1.006245
1.3823189999999999,1.0009949999999999
1.3925269999999998,0.993995
1.402734,0.9887449999999999
1.412942,0.98262
1.42315,0.97737
1.433357,0.9729949999999999
1.443565,0.965995
1.4537719999999998,0.962495
1.4639799999999998,0.9572449999999999
1.474187,0.951995
1.484395,0.9476199999999999
1.494603,0.94237
1.50481,0.937995
1.494603,0.934495
1.484395,0.92837
1.474187,0.9257449999999999
1.4639799999999998,0.920495
1.4537719999999998,0.9169949999999999
1.443565,0.913495
1.433357,0.90912
1.42315,0.90562
1.412942,0.901246
1.402734,0.897745
1.3925269999999998,0.894246
1.3823189999999999,0.890746
1.372112,0.887246
1.361904,0.884621
1.351697,0.880246
1.341489,0.877621
1.331281,0.873246
1.3210739999999999,0.8714959999999999
1.3108659999999999,0.867996
1.300659,0.8644959999999999
1.290451,0.862746
1.280244,0.858371
1.270036,0.855746
1.2598289999999999,0.853996
1.2496209999999999,0.8496210000000001
1.2394129999999999,0.847871
1.229206,0.8452459999999999
1.218998,0.841746
1.208791,0.839996
1.198583,0.8364959999999999
1.1883759999999999,0.834746
1.1781679999999999,0.832121
1.1679599999999999,0.8286209999999999
1.157753,0.827746
1.147545,0.824246
1.137338,0.822496
1.12713,0.819871
1.1169229999999999,0.817246
1.106715,0.815496
1.096507,0.812871
1.0863,0.810246
1.076092,0.809371
1.065885,0.805871
1.055677,0.804996
1.04547,0.802371
1.035262,0.799746
1.025054,0.798871
1.014847,0.7953709999999999
1.004639,0.794496
0.994432,0.792746
0.984224,0.789246
0.9740169999999999,0.789246
0.9638089999999999,0.7857459999999999
0.9536009999999999,0.784871
0.943394,0.7831210000000001
0.933186,0.780496
0.922979,0.779621
0.912771,0.776996
0.9025639999999999,0.6746219999999999
0.8923559999999999,0.538997
0.8821479999999999,0.430498
0.871941,0.34299799999999997
0.861733,0.272998
0.851526,0.216999
0.841318,0.17149899999999998
0.8311109999999999,0.136499
0.8209029999999999,0.108499
0.8106949999999999,0.08793711200000001
0.800488,0.07043719200000001
0.79028,0.057312244000000005
0.780073,0.046593544
0.7698649999999999,0.03784358
0.7596579999999999,0.031281112
0.74945,0.025265512000000004
0.739242,0.020671782000000003
0.729035,0.016624926
0.718827,0.012906192000000002
0.7086199999999999,-0.0225399
0.6984119999999999,-0.02741748
0.688205,-0.026683884
0.677997,-0.029310270000000003
0.667789,-0.030704664000000003
0.657582,-0.030542264
0.647374,-0.03177986000000001
0.6371669999999999,-0.033639052
0.6269589999999999,-0.034019848
0.616752,-0.034137452
0.606544,-0.03632144
0.596336,-0.037379836
0.586129,-0.03741343600000001
0.575921,-0.039205428
0.5657139999999999,-0.04075662
0.5555059999999999,-0.04133342
0.545299,-0.042526212
0.535091,-0.044307004000000004
0.524883,-0.0454214
0.514676,-0.046530196
0.504468,-0.048294188
0.49426099999999995,-0.049699780000000006
0.48405299999999996,-0.051843520000000004
0.473846,-0.056984124000000004
0.463638,-0.06332784
0.45343,-0.07021843200000001
0.443223,-0.07776528
0.433015,-0.087171488
0.42280799999999996,-0.09701519200000001
0.41259999999999997,-0.10828
0.402393,-0.12228000000000001
0.392185,-0.13792100000000002
0.38197699999999996,-0.155858
0.37177,-0.17696699999999999
0.361562,-0.202014
0.351355,-0.230889
0.341147,-0.264139
0.33094,-0.305264
0.32073199999999996,-0.35317
0.310525,-0.40917
0.300317,-0.478951
0.290109,-0.561419
0.279902,-0.660403
0.269694,-0.77973
0.25948699999999997,-0.925636
0.249279,-1.09462
0.23907199999999998,-1.318837
0.22886399999999998,-1.59118
0.218656,-1.933522
0.208449,-2.373864
0.198241,-2.964486
0.18803399999999998,-3.7926699999999998
0.17782599999999998,-4.931914999999999
0.167619,-6.691968999999999
0.157411,-8.910960000000001
0.147203,-11.553448
0.136996,-14.082187
0.12678799999999998,-16.033427
0.11658099999999999,-16.740425
0.106373,-15.385931
0.096166048,-12.176445
0.08595848,-8.637960999999999
0.07575092,-6.250971
0.065543348,-5.092477
0.055335776,-4.560479
0.045128204000000005,-4.231481
0.034920632,-3.9374819999999997
0.024713064,-3.629483
0.014505494,-3.265485
0.004297924,-2.8384869999999998
-0.005909646,-2.631988
-0.016117215,-2.533988
-0.026324786000000003,-2.481489
-0.036532356,-2.4569889999999996
-0.046739924,-2.421989
-0.056947496,-2.3414889999999997
-0.067155064,-2.21549
-0.077362632,-2.07549
-0.08757020800000001,-1.945991
-0.09777777600000001,-1.833991
-0.107985,-1.739492
-0.11819199999999999,-1.6729919999999998
-0.1284,-1.620492
-0.13860799999999998,-1.567993
-0.148815,-1.515493
-0.159023,-1.4664929999999998
-0.16923,-1.417493
-0.179438,-1.375493
-0.18964499999999998,-1.336994
-0.199853,-1.298494
-0.18964499999999998,-1.210994
-0.179438,-1.147994
-0.16923,-1.098995
-0.159023,-1.053495
-0.148815,-1.011495
-0.13860799999999998,-0.9799950000000001
-0.1284,-0.944995
-0.11819199999999999,-0.913495
-0.107985,-0.8854960000000001
-0.09777777600000001,-0.8644959999999999
-0.08757020800000001,-0.8364959999999999
-0.077362632,-0.815496
-0.067155064,-0.794496
-0.056947496,-0.769996
-0.046739924,-0.745496
-0.036532356,-0.720996
-0.026324786000000003,-0.692996
-0.016117215,-0.6667470000000001
-0.005909646,-0.638747
0.004297924,-0.607247
0.014505494,-0.568747
0.024713064,-0.521497
0.034920632,-0.46724699999999997
0.045128204000000005,-0.405998
0.055335776,-0.34299799999999997
0.065543348,-0.28699800000000003
0.07575092,-0.23274799999999998
0.08595848,-0.18899899999999997
0.096166048,-0.15312399999999998
0.106373,-0.125124
0.11658099999999999,-0.101937
0.12678799999999998,-0.083124632
0.136996,-0.06737470400000001
0.147203,-0.05162476800000001
0.157411,-0.035218596000000005
0.167619,-0.019906162
0.17782599999999998,-0.0019687410000000004
0.18803399999999998,0.018812416000000002
0.198241,0.039921700000000004
0.208449,0.064093464
0.218656,0.09242146400000001
0.22886399999999998,0.123702
0.23907199999999998,0.157936
0.249279,0.198514
0.25948699999999997,0.248936
0.269694,0.316967
0.279902,0.41824799999999995
0.290109,0.569075
0.300317,0.780934
0.310525,1.059839
0.32073199999999996,1.394087
0.33094,1.742335
0.341147,2.04049
0.351355,2.2399899999999997
0.361562,2.328802
0.37177,2.315239
0.38197699999999996,2.238677
0.392185,2.135865
0.402393,2.0225530000000003
0.41259999999999997,1.914491
0.42280799999999996,1.823491
0.433015,1.750429
0.443223,1.6992420000000001
0.45343,1.67868
0.463638,1.7009919999999998
0.473846,1.7867419999999998
0.48405299999999996,1.9630530000000002
0.49426099999999995,2.244802
0.504468,2.627175
0.514676,3.109736
0.524883,3.669733
0.535091,4.245918
0.545299,4.812478
0.5555059999999999,5.361975999999999
0.5657139999999999,5.907098
0.575921,6.403221
0.586129,6.746219
0.596336,6.835469
0.606544,6.72697
0.616752,6.53447
0.6269589999999999,6.201097
0.6371669999999999,5.617474
0.647374,5.024227
0.657582,4.566604
0.667789,4.233231
0.677997,3.990857
0.688205,3.808857
0.6984119999999999,3.6714830000000003
0.7086199999999999,3.564734
0.718827,3.476359
0.729035,3.405484
0.739242,3.344235
0.74945,3.29086
0.7596579999999999,3.2427349999999997
0.7698649999999999,3.2016099999999996
0.780073,3.16661
0.79028,3.136861
0.800488,3.114111
0.8106949999999999,3.096611
0.8209029999999999,3.088736
0.8311109999999999,3.091361
0.841318,3.107986
0.851526,3.142111
0.861733,3.1701099999999998
0.871941,2.7754869999999996
0.8821479999999999,2.524363
0.8923559999999999,2.337114
0.9025639999999999,2.1901149999999996
0.912771,2.0711150000000003
0.922979,1.9696159999999998
0.933186,1.885616
0.943394,1.8112409999999999
0.9536009999999999,1.746492
0.9638089999999999,1.689617
0.9740169999999999,1.6379920000000001
0.984224,1.593367
0.994432,1.552243
1.004639,1.514618
1.014847,1.482243
1.025054,1.4498680000000002
1.035262,1.420993
1.04547,1.3947429999999998
1.055677,1.369368
1.065885,1.347494
1.076092,1.3256189999999999
1.0863,1.305494
1.096507,1.2871190000000001
1.106715,1.267869
1.1169229999999999,1.252994
1.12713,1.2363689999999998
1.137338,1.2214939999999999
1.147545,1.2074939999999998
1.157753,1.1926189999999999
1.1679599999999999,1.180369
1.1781679999999999,1.168119
1.1883759999999999,1.155869
1.198583,1.145369
1.208791,1.133119
1.218998,1.123494
1.229206,1.1138700000000001
1.2394129999999999,1.10337
1.2496209999999999,1.095495
1.2598289999999999,1.0858700000000001
1.270036,1.0771199999999999
1.280244,1.069245
1.290451,1.05962
1.300659,1.0526200000000001
1.3108659999999999,1.0447449999999998
1.3210739999999999,1.037745
1.331281,1.03162
1.341489,1.023745
1.351697,1.01762
1.361904,1.01062
1.372112,1.004495
1.3823189999999999,0.999245
1.3925269999999998,0.9922449999999999
1.402734,0.9869949999999998
1.412942,0.981745
1.42315,0.974745
1.433357,0.9712449999999999
1.443565,0.96512
1.4537719999999998,0.9598699999999999
1.4639799999999998,0.9554950000000001
1.474187,0.9493699999999999
1.484395,0.9458699999999999
1.494603,0.94062
1.50481,0.936245
1.494603,0.9327449999999999
1.484395,0.92662
1.474187,0.9239949999999999
1.4639799999999998,0.91962
1.4537719999999998,0.915245
1.443565,0.9117449999999999
1.433357,0.90737
1.42315,0.90387
1.412942,0.90037
1.402734,0.895996
1.3925269999999998,0.8933709999999999
1.3823189999999999,0.888996
1.372112,0.8854960000000001
1.361904,0.883746
1.351697,0.878496
1.341489,0.875871
1.331281,0.873246
1.3210739999999999,0.868871
1.3108659999999999,0.8671209999999999
1.300659,0.8636210000000001
1.290451,0.860121
1.280244,0.8574959999999999
1.270036,0.853996
1.2598289999999999,0.852246
1.2496209999999999,0.847871
1.2394129999999999,0.846121
1.229206,0.8434959999999999
1.218998,0.839996
1.208791,0.8382459999999999
1.198583,0.834746
1.1883759999999999,0.832996
1.1781679999999999,0.8312459999999999
1.1679599999999999,0.827746
1.157753,0.825996
1.147545,0.822496
1.137338,0.8207460000000001
1.12713,0.8189960000000001
1.1169229999999999,0.815496
1.106715,0.813746
1.096507,0.811996
1.0863,0.809371
1.076092,0.8076209999999999
1.065885,0.804996
1.055677,0.802371
1.04547,0.8006209999999999
1.035262,0.798871
1.025054,0.797121
1.014847,0.794496
1.004639,0.7918709999999999
0.994432,0.790996
0.984224,0.7883709999999999
0.9740169999999999,0.787496
0.9638089999999999,0.784871
0.9536009999999999,0.7831210000000001
0.943394,0.781371
0.933186,0.7787459999999999
0.922979,0.777871
0.912771,0.7761210000000001
0.9025639999999999,0.679871
0.8923559999999999,0.5433720000000001
0.8821479999999999,0.433998
0.871941,0.34562299999999996
0.861733,0.274748
0.851526,0.21787399999999998
0.841318,0.172374
0.8311109999999999,0.137374
0.8209029999999999,0.109374
0.8106949999999999,0.08837460800000001
0.800488,0.071312184
0.79028,0.057312244000000005
0.780073,0.04703104
0.7698649999999999,0.038062332
0.7596579999999999,0.031281112
0.74945,0.025593638000000002
0.739242,0.020562408
0.729035,0.016624926
0.718827,0.013124942000000002
0.7086199999999999,-0.022551100000000004
0.6984119999999999,-0.027361480000000004
0.688205,-0.026695084
0.677997,-0.029259870000000004
0.667789,-0.030727062
0.657582,-0.030559066000000003
0.647374,-0.03173506
0.6371669999999999,-0.033616652000000004
0.6269589999999999,-0.034025452
0.616752,-0.034143052
0.606544,-0.036355040000000005
0.596336,-0.037363036
0.586129,-0.037424636000000004
0.575921,-0.039244624000000006
0.5657139999999999,-0.04069502
0.5555059999999999,-0.041400620000000006
0.545299,-0.042487012000000005
0.535091,-0.044301404
0.524883,-0.0454214
0.514676,-0.046440596
0.504468,-0.048243788
0.49426099999999995,-0.049694184
0.48405299999999996,-0.05173414800000001
0.473846,-0.056984124000000004
0.463638,-0.063109092
0.45343,-0.070109064
0.443223,-0.077546528
0.433015,-0.08673399200000001
0.42280799999999996,-0.09734332000000001
0.41259999999999997,-0.107843
0.402393,-0.121952
0.392185,-0.137702
0.38197699999999996,-0.15520199999999998
0.37177,-0.176639
0.361562,-0.201358
0.351355,-0.229905
0.341147,-0.263264
0.33094,-0.30373300000000003
0.32073199999999996,-0.351748
0.310525,-0.407529
0.300317,-0.47643499999999994
0.290109,-0.558794
0.279902,-0.6567930000000001
0.269694,-0.775793
0.25948699999999997,-0.9206049999999999
0.249279,-1.088604
0.23907199999999998,-1.3114000000000001
0.22886399999999998,-1.580899
0.218656,-1.921053
0.208449,-2.3563639999999997
0.198241,-2.941299
0.18803399999999998,-3.75942
0.17782599999999998,-4.88729
0.167619,-6.62372
0.157411,-8.827835
0.147203,-11.462448
0.136996,-14.008687
0.12678799999999998,-15.998427999999999
0.11658099999999999,-16.778926000000002
0.106373,-15.511929999999998
0.096166048,-12.354944999999999
0.08595848,-8.788461
0.07575092,-6.345471
0.065543348,-5.148477
0.055335776,-4.598979
0.045128204000000005,-4.266481000000001
0.034920632,-3.9689819999999996
0.024713064,-3.657483
0.014505494,-3.289985
0.004297924,-2.866487
-0.005909646,-2.6424879999999997
-0.016117215,-2.540988
-0.026324786000000003,-2.4884880000000003
-0.036532356,-2.463988
-0.046739924,-2.432489
-0.056947496,-2.351989
-0.067155064,-2.22949
-0.077362632,-2.0859900000000002
-0.08757020800000001,-1.9529910000000001
-0.09777777600000001,-1.837491
-0.107985,-1.746492
-0.11819199999999999,-1.679992
-0.1284,-1.623992
-0.13860799999999998,-1.571493
-0.148815,-1.522493
-0.159023,-1.4699929999999999
-0.16923,-1.4244929999999998
-0.179438,-1.3789930000000001
-0.18964499999999998,-1.3404939999999999
-0.199853,-1.301994
-0.18964499999999998,-1.214494
-0.179438,-1.151494
-0.16923,-1.102495
-0.159023,-1.0569950000000001
-0.148815,-1.0149949999999999
-0.13860799999999998,-0.9799950000000001
-0.1284,-0.944995
-0.11819199999999999,-0.9169949999999999
-0.107985,-0.888996
-0.09777777600000001,-0.8644959999999999
-0.08757020800000001,-0.839996
-0.077362632,-0.815496
-0.067155064,-0.797996
-0.056947496,-0.769996
-0.046739924,-0.745496
-0.036532356,-0.720996
-0.026324786000000003,-0.692996
-0.016117215,-0.668497
-0.005909646,-0.640497
0.004297924,-0.607247
0.014505494,-0.566997
0.024713064,-0.519747
0.034920632,-0.465497
0.045128204000000005,-0.404248
0.055335776,-0.341248
0.065543348,-0.283498
0.07575092,-0.23274799999999998
0.08595848,-0.18724899999999997
0.096166048,-0.152249
0.106373,-0.12424899999999998
0.11658099999999999,-0.101062
0.12678799999999998,-0.082249632
0.136996,-0.06693720400000001
0.147203,-0.050749776
0.157411,-0.034343596000000004
0.167619,-0.018812416000000002
0.17782599999999998,-0.0010937450000000001
0.18803399999999998,0.019906162
0.198241,0.041015444000000005
0.208449,0.065624704
0.218656,0.093515208
0.22886399999999998,0.12490499999999999
0.23907199999999998,0.159577
0.249279,0.200374
0.25948699999999997,0.251452
0.269694,0.320795
0.279902,0.423716
0.290109,0.577059
0.300317,0.791652
0.310525,1.0723070000000001
0.32073199999999996,1.4087429999999999
0.33094,1.7561170000000002
0.341147,2.050334
0.351355,2.24524
0.361562,2.3292390000000003
0.37177,2.312614
0.38197699999999996,2.234302
0.392185,2.130178
0.402393,2.017303
0.41259999999999997,1.908804
0.42280799999999996,1.819554
0.433015,1.746929
0.443223,1.696617
0.45343,1.678242
0.463638,1.704054
0.473846,1.793741
0.48405299999999996,1.977053
0.49426099999999995,2.265802
0.504468,2.655613
0.514676,3.146485
0.524883,3.712608
0.535091,4.291418
0.545299,4.862353
0.5555059999999999,5.415351
0.5657139999999999,5.962223
0.575921,6.456596
0.586129,6.789094
0.596336,6.863468999999999
0.606544,6.740969
0.616752,6.53447
0.6269589999999999,6.181847
0.6371669999999999,5.585974
0.647374,4.997102
0.657582,4.545604999999999
0.667789,4.218356
0.677997,3.9794819999999995
0.688205,3.800983
0.6984119999999999,3.664483
0.7086199999999999,3.559484
0.718827,3.4728589999999997
0.729035,3.4019839999999997
0.739242,3.3416099999999997
0.74945,3.2882350000000002
0.7596579999999999,3.240985
0.7698649999999999,3.1998599999999997
0.780073,3.16486
0.79028,3.135986
0.800488,3.112361
0.8106949999999999,3.096611
0.8209029999999999,3.088736
0.8311109999999999,3.091361
0.841318,3.108861
0.851526,3.1438599999999997
0.861733,3.142986
0.871941,2.7588619999999997
0.8821479999999999,2.512113
0.8923559999999999,2.3283639999999997
0.9025639999999999,2.181365
0.912771,2.064115
0.922979,1.9634909999999999
0.933186,1.879491
0.943394,1.8068659999999999
0.9536009999999999,1.7421170000000001
0.9638089999999999,1.6861169999999999
0.9740169999999999,1.635367
0.984224,1.589867
0.994432,1.549618
1.004639,1.511118
1.014847,1.4787430000000001
1.025054,1.447243
1.035262,1.418368
1.04547,1.392118
1.055677,1.3667429999999998
1.065885,1.344869
1.076092,1.323869
1.0863,1.302869
1.096507,1.284494
1.106715,1.266119
1.1169229999999999,1.2494939999999999
1.12713,1.234619
1.137338,1.218869
1.147545,1.205744
1.157753,1.190869
1.1679599999999999,1.177744
1.1781679999999999,1.166369
1.1883759999999999,1.153244
1.198583,1.143619
1.208791,1.1322439999999998
1.218998,1.1217439999999999
1.229206,1.11212
1.2394129999999999,1.1016199999999998
1.2496209999999999,1.09287
1.2598289999999999,1.08412
1.270036,1.074495
1.280244,1.06662
1.290451,1.0587449999999998
1.300659,1.05087
1.3108659999999999,1.0438699999999999
1.3210739999999999,1.035995
1.331281,1.0298699999999998
1.341489,1.02287
1.351697,1.0149949999999999
1.361904,1.0097450000000001
1.372112,1.002745
1.3823189999999999,0.997495
1.3925269999999998,0.99137
1.402734,0.985245
1.412942,0.9799950000000001
1.42315,0.9738699999999999
1.433357,0.9694950000000001
1.443565,0.964245
1.4537719999999998,0.9581199999999999
1.4639799999999998,0.9537450000000001
1.474187,0.948495
1.484395,0.94412
1.494603,0.9397449999999999
1.50481,0.93537
1.494603,0.930995
1.484395,0.92662
1.474187,0.92137
1.4639799999999998,0.9187449999999999
1.4537719999999998,0.913495
1.443565,0.9099949999999999
1.433357,0.90562
1.42315,0.901246
1.412942,0.899495
1.402734,0.894246
1.3925269999999998,0.890746
1.3823189999999999,0.8881209999999999
1.372112,0.883746
1.361904,0.8811209999999999
1.351697,0.876746
1.341489,0.8741209999999999
1.331281,0.8714959999999999
1.3210739999999999,0.8671209999999999
1.3108659999999999,0.865371
1.300659,0.861871
1.290451,0.858371
1.280244,0.855746
1.270036,0.852246
1.2598289999999999,0.8504959999999999
1.2496209999999999,0.846996
1.2394129999999999,0.8434959999999999
1.229206,0.841746
1.218998,0.839121
1.208791,0.8364959999999999
1.198583,0.833871
1.1883759999999999,0.830371
1.1781679999999999,0.8286209999999999
1.1679599999999999,0.825996
1.157753,0.823371
1.147545,0.8216209999999999
1.137338,0.818121
1.12713,0.816371
1.1169229999999999,0.813746
1.106715,0.811996
1.096507,0.811121
1.0863,0.806746
1.076092,0.805871
1.065885,0.803246
1.055677,0.8006209999999999
1.04547,0.799746
1.035262,0.797121
1.025054,0.794496
1.014847,0.7936209999999999
1.004639,0.790996
0.994432,0.790121
0.984224,0.787496
0.9740169999999999,0.784871
0.9638089999999999,0.783996
0.9536009999999999,0.780496
0.943394,0.780496
0.933186,0.777871
0.922979,0.775246
0.912771,0.774371
0.9025639999999999,0.6842459999999999
0.8923559999999999,0.546872
0.8821479999999999,0.436623
0.871941,0.347373
0.861733,0.276498
0.851526,0.219624
0.841318,0.173249
0.8311109999999999,0.138249
0.8209029999999999,0.110249
0.8106949999999999,0.08837460800000001
0.800488,0.071312184
0.79028,0.057749744
0.780073,0.04703104
0.7698649999999999,0.03828108
0.7596579999999999,0.031281112
0.74945,0.025812384000000004
0.739242,0.020671782000000003
0.729035,0.016734301000000004
0.718827,0.013234317
0.7086199999999999,-0.022590302000000003
0.6984119999999999,-0.027350280000000005
0.688205,-0.026711882000000003
0.677997,-0.029254272
0.667789,-0.030704664000000003
0.657582,-0.030564664000000002
0.647374,-0.031707062
0.6371669999999999,-0.033627852
0.6269589999999999,-0.034025452
0.616752,-0.034115052
0.606544,-0.036355040000000005
0.596336,-0.037318236000000005
0.586129,-0.037402236000000005
0.575921,-0.039233428
0.5657139999999999,-0.040667024
0.5555059999999999,-0.04135582000000001
0.545299,-0.042436616
0.535091,-0.044239804
0.524883,-0.045432600000000004
0.514676,-0.046390196
0.504468,-0.04823258800000001
0.49426099999999995,-0.049643780000000005
0.48405299999999996,-0.051406020000000004
0.473846,-0.056874748
0.463638,-0.06299972
0.45343,-0.06967156800000002
0.443223,-0.07743716
0.433015,-0.08651524000000001
0.42280799999999996,-0.09679644800000001
0.41259999999999997,-0.107624
0.402393,-0.121405
0.392185,-0.137046
0.38197699999999996,-0.154546
0.37177,-0.17576399999999998
0.361562,-0.200374
0.351355,-0.22891999999999998
0.341147,-0.262061
0.33094,-0.30241999999999997
0.32073199999999996,-0.35010699999999995
0.310525,-0.405779
0.300317,-0.474138
0.290109,-0.5559499999999999
0.279902,-0.653075
0.269694,-0.771527
0.25948699999999997,-0.915902
0.249279,-1.082917
0.23907199999999998,-1.303525
0.22886399999999998,-1.570836
0.218656,-1.9081469999999998
0.208449,-2.318739
0.198241,-2.9198609999999996
0.18803399999999998,-3.72792
0.17782599999999998,-4.844853
0.167619,-6.556345
0.157411,-8.745585
0.147203,-11.371449
0.136996,-13.933437
0.12678799999999998,-15.959928999999999
0.11658099999999999,-16.813924
0.106373,-15.63443
0.096166048,-12.529944
0.08595848,-8.93896
0.07575092,-6.439971
0.065543348,-5.200976
0.055335776,-4.637479
0.045128204000000005,-4.294479999999999
0.034920632,-3.9934819999999998
0.024713064,-3.681983
0.014505494,-3.314485
0.004297924,-2.880487
-0.005909646,-2.652988
-0.016117215,-2.551488
-0.026324786000000003,-2.495488
-0.036532356,-2.470989
-0.046739924,-2.439489
-0.056947496,-2.362489
-0.067155064,-2.23649
-0.077362632,-2.09999
-0.08757020800000001,-1.9634909999999999
-0.09777777600000001,-1.844491
-0.107985,-1.756992
-0.11819199999999999,-1.683492
-0.1284,-1.630992
-0.13860799999999998,-1.574992
-0.148815,-1.525993
-0.159023,-1.476993
-0.16923,-1.4279929999999998
-0.179438,-1.385993
-0.18964499999999998,-1.343994
-0.199853,-1.305494
-0.18964499999999998,-1.217994
-0.179438,-1.154994
-0.16923,-1.1059949999999998
-0.159023,-1.060495
-0.148815,-1.018495
-0.13860799999999998,-0.983495
-0.1284,-0.948495
-0.11819199999999999,-0.920495
-0.107985,-0.8924960000000001
-0.09777777600000001,-0.8644959999999999
-0.08757020800000001,-0.8434959999999999
-0.077362632,-0.8189960000000001
-0.067155064,-0.797996
-0.056947496,-0.773496
-0.046739924,-0.7489959999999999
-0.036532356,-0.724496
-0.026324786000000003,-0.699996
-0.016117215,-0.668497
-0.005909646,-0.642247
0.004297924,-0.607247
0.014505494,-0.566997
0.024713064,-0.519747
0.034920632,-0.46374699999999996
0.045128204000000005,-0.402498
0.055335776,-0.33949799999999997
0.065543348,-0.281748
0.07575092,-0.22924799999999998
0.08595848,-0.184624
0.096166048,-0.15137399999999998
0.106373,-0.123374
0.11658099999999999,-0.100187
0.12678799999999998,-0.08181213600000001
0.136996,-0.066062208
0.147203,-0.049874776
0.157411,-0.033687352000000004
0.167619,-0.017718672
0.17782599999999998,-0.00043749800000000003
0.18803399999999998,0.020999908000000005
0.198241,0.042218564
0.208449,0.066718452
0.218656,0.09504644800000002
0.22886399999999998,0.126218
0.23907199999999998,0.160999
0.249279,0.202233
0.25948699999999997,0.25353000000000003
0.269694,0.324186
0.279902,0.42874799999999996
0.290109,0.5843879999999999
0.300317,0.801715
0.310525,1.0837919999999999
0.32073199999999996,1.422524
0.33094,1.7685849999999999
0.341147,2.059959
0.351355,2.25049
0.361562,2.3292390000000003
0.37177,2.3104270000000002
0.38197699999999996,2.229927
0.392185,2.125365
0.402393,2.012053
0.41259999999999997,1.9039909999999998
0.42280799999999996,1.814741
0.433015,1.7438669999999998
0.443223,1.694429
0.45343,1.67868
0.463638,1.706242
0.473846,1.8003040000000001
0.48405299999999996,1.9901779999999998
0.49426099999999995,2.285927
0.504468,2.683613
0.514676,3.181923
0.524883,3.753733
0.535091,4.336043
0.545299,4.9104779999999995
0.5555059999999999,5.4661
0.5657139999999999,6.013847999999999
0.575921,6.507345999999999
0.586129,6.829344
0.596336,6.888844
0.606544,6.752344
0.616752,6.53447
0.6269589999999999,6.161722
0.6371669999999999,5.55535
0.647374,4.969977
0.657582,4.526355
0.667789,4.203481
0.677997,3.9681070000000003
0.688205,3.7922329999999995
0.6984119999999999,3.656608
0.7086199999999999,3.553359
0.718827,3.467609
0.729035,3.397609
0.739242,3.3372349999999997
0.74945,3.282985
0.7596579999999999,3.2366099999999998
0.7698649999999999,3.195485
0.780073,3.16136
0.79028,3.1316100000000002
0.800488,3.108861
0.8106949999999999,3.093111
0.8209029999999999,3.0861110000000003
0.8311109999999999,3.089611
0.841318,3.108861
0.851526,3.144735
0.861733,3.118486
0.871941,2.744862
0.8821479999999999,2.499863
0.8923559999999999,2.318739
0.9025639999999999,2.174365
0.912771,2.057115
0.922979,1.958241
0.933186,1.873366
0.943394,1.801616
0.9536009999999999,1.737742
0.9638089999999999,1.681742
0.9740169999999999,1.631867
0.984224,1.585492
0.994432,1.5461179999999999
1.004639,1.508493
1.014847,1.475243
1.025054,1.444618
1.035262,1.414868
1.04547,1.389493
1.055677,1.364993
1.065885,1.341369
1.076092,1.3212439999999999
1.0863,1.301119
1.096507,1.2827439999999999
1.106715,1.2643689999999999
1.1169229999999999,1.246869
1.12713,1.231994
1.137338,1.216244
1.147545,1.203119
1.157753,1.189119
1.1679599999999999,1.175119
1.1781679999999999,1.1646189999999998
1.1883759999999999,1.151494
1.198583,1.140994
1.208791,1.1304949999999998
1.218998,1.11912
1.229206,1.11037
1.2394129999999999,1.0998700000000001
1.2496209999999999,1.090245
1.2598289999999999,1.08237
1.270036,1.0727449999999998
1.280244,1.06487
1.290451,1.0569950000000001
1.300659,1.0482449999999999
1.3108659999999999,1.0421200000000002
1.3210739999999999,1.0342449999999999
1.331281,1.027245
1.341489,1.02112
1.351697,1.0132450000000002
1.361904,1.00712
1.372112,1.0009949999999999
1.3823189999999999,0.99487
1.3925269999999998,0.9896199999999999
1.402734,0.98262
1.412942,0.978245
1.42315,0.9721199999999999
1.433357,0.96687
1.443565,0.962495
1.4537719999999998,0.95637
1.4639799999999998,0.951995
1.474187,0.946745
1.484395,0.941495
1.494603,0.937995
1.50481,0.9327449999999999
1.494603,0.92837
1.484395,0.92487
1.474187,0.91962
1.4639799999999998,0.91612
1.4537719999999998,0.9117449999999999
1.443565,0.90737
1.433357,0.904745
1.42315,0.899495
1.412942,0.89687
1.402734,0.8933709999999999
1.3925269999999998,0.8881209999999999
1.3823189999999999,0.8863709999999999
1.372112,0.881996
1.361904,0.8793709999999999
1.351697,0.875871
1.341489,0.8723709999999999
1.331281,0.870621
1.3210739999999999,0.865371
1.3108659999999999,0.862746
1.300659,0.860121
1.290451,0.855746
1.280244,0.853996
1.270036,0.851371
1.2598289999999999,0.847871
1.2496209999999999,0.846121
1.2394129999999999,0.842621
1.229206,0.839996
1.218998,0.837371
1.208791,0.834746
1.198583,0.832996
1.1883759999999999,0.8294959999999999
1.1781679999999999,0.826871
1.1679599999999999,0.825121
1.157753,0.8216209999999999
1.147545,0.8207460000000001
1.137338,0.817246
1.12713,0.8146209999999999
1.1169229999999999,0.812871
1.106715,0.810246
1.096507,0.808496
1.0863,0.805871
1.076092,0.803246
1.065885,0.802371
1.055677,0.798871
1.04547,0.797996
1.035262,0.7953709999999999
1.025054,0.792746
1.014847,0.7918709999999999
1.004639,0.789246
0.994432,0.787496
0.984224,0.7857459999999999
0.9740169999999999,0.7831210000000001
0.9638089999999999,0.782246
0.9536009999999999,0.779621
0.943394,0.777871
0.933186,0.776996
0.922979,0.773496
0.912771,0.773496
0.9025639999999999,0.687746
0.8923559999999999,0.549497
0.8821479999999999,0.438373
0.871941,0.349998
0.861733,0.278248
0.851526,0.22137400000000002
0.841318,0.174999
0.8311109999999999,0.139124
0.8209029999999999,0.111124
0.8106949999999999,0.088812104
0.800488,0.07174968000000001
0.79028,0.058187244
0.780073,0.047249792000000006
0.7698649999999999,0.03871858
0.7596579999999999,0.03149986
0.74945,0.025812384000000004
0.739242,0.020890532
0.729035,0.016843676000000002
0.718827,0.013453065
0.7086199999999999,-0.022595900000000002
0.6984119999999999,-0.027316680000000003
0.688205,-0.026627884
0.677997,-0.029276672000000004
0.667789,-0.030648666000000005
0.657582,-0.030575866000000007
0.647374,-0.031690260000000005
0.6371669999999999,-0.033588652000000004
0.6269589999999999,-0.034014252
0.616752,-0.034042248000000004
0.606544,-0.03631584
0.596336,-0.037290236
0.586129,-0.037323836000000006
0.575921,-0.039239028
0.5657139999999999,-0.040639020000000005
0.5555059999999999,-0.041316616
0.545299,-0.042464612000000006
0.535091,-0.044183808000000005
0.524883,-0.045410200000000005
0.514676,-0.046339796
0.504468,-0.048165388
0.49426099999999995,-0.049643780000000005
0.48405299999999996,-0.05129664800000001
0.473846,-0.056656
0.463638,-0.062890344
0.45343,-0.06934344800000002
0.443223,-0.077218408
0.433015,-0.08618711200000001
0.42280799999999996,-0.096358944
0.41259999999999997,-0.107405
0.402393,-0.120968
0.392185,-0.136718
0.38197699999999996,-0.153999
0.37177,-0.175108
0.361562,-0.199608
0.351355,-0.227827
0.341147,-0.260967
0.33094,-0.301108
0.32073199999999996,-0.348248
0.310525,-0.40381
0.300317,-0.471513
0.290109,-0.553106
0.279902,-0.649903
0.269694,-0.7670429999999999
0.25948699999999997,-0.910761
0.249279,-1.077339
0.23907199999999998,-1.29565
0.22886399999999998,-1.5612110000000001
0.218656,-1.895241
0.208449,-2.304302
0.198241,-2.897549
0.18803399999999998,-3.695983
0.17782599999999998,-4.802853
0.167619,-6.490721
0.157411,-8.666836
0.147203,-11.282198999999999
0.136996,-13.858188
0.12678799999999998,-15.919678999999999
0.11658099999999999,-16.838424
0.106373,-15.742929
0.096166048,-12.697943
0.08595848,-9.089459
0.07575092,-6.53097
0.065543348,-5.253476
0.055335776,-4.672479
0.045128204000000005,-4.322481
0.034920632,-4.014481
0.024713064,-3.702983
0.014505494,-3.331985
0.004297924,-2.894487
-0.005909646,-2.663488
-0.016117215,-2.5584879999999997
-0.026324786000000003,-2.502488
-0.036532356,-2.477989
-0.046739924,-2.442989
-0.056947496,-2.3694889999999997
-0.067155064,-2.246989
-0.077362632,-2.10699
-0.08757020800000001,-1.973991
-0.09777777600000001,-1.854991
-0.107985,-1.760492
-0.11819199999999999,-1.6904919999999999
-0.1284,-1.634492
-0.13860799999999998,-1.585492
-0.148815,-1.532993
-0.159023,-1.480493
-0.16923,-1.431493
-0.179438,-1.389493
-0.18964499999999998,-1.3509939999999998
-0.199853,-1.308994
-0.18964499999999998,-1.2214939999999999
-0.179438,-1.1584940000000001
-0.16923,-1.1059949999999998
-0.159023,-1.063995
-0.148815,-1.021995
-0.13860799999999998,-0.9869949999999998
-0.1284,-0.951995
-0.11819199999999999,-0.920495
-0.107985,-0.8924960000000001
-0.09777777600000001,-0.867996
-0.08757020800000001,-0.8434959999999999
-0.077362632,-0.822496
-0.067155064,-0.797996
-0.056947496,-0.773496
-0.046739924,-0.7489959999999999
-0.036532356,-0.724496
-0.026324786000000003,-0.699996
-0.016117215,-0.668497
-0.005909646,-0.640497
0.004297924,-0.607247
0.014505494,-0.565247
0.024713064,-0.5179969999999999
0.034920632,-0.461997
0.045128204000000005,-0.400748
0.055335776,-0.337748
0.065543348,-0.278248
0.07575092,-0.22749799999999998
0.08595848,-0.183749
0.096166048,-0.14962399999999998
0.106373,-0.122499
0.11658099999999999,-0.09887456800000001
0.12678799999999998,-0.08093714400000002
0.136996,-0.06518721200000001
0.147203,-0.048999784000000005
0.157411,-0.032812352
0.167619,-0.017062424
0.17782599999999998,0.0006562470000000001
0.18803399999999998,0.021984278000000003
0.198241,0.043531056000000005
0.208449,0.067593448
0.218656,0.096358944
0.22886399999999998,0.127858
0.23907199999999998,0.16252999999999998
0.249279,0.204092
0.25948699999999997,0.25604499999999997
0.269694,0.327795
0.279902,0.433888
0.290109,0.5914969999999999
0.300317,0.811777
0.310525,1.094948
0.32073199999999996,1.435649
0.33094,1.780835
0.341147,2.068271
0.351355,2.255302
0.361562,2.3296769999999998
0.37177,2.306927
0.38197699999999996,2.225552
0.392185,2.119678
0.402393,2.0068029999999997
0.41259999999999997,1.899616
0.42280799999999996,1.8112409999999999
0.433015,1.741242
0.443223,1.692679
0.45343,1.678242
0.463638,1.708867
0.473846,1.807741
0.48405299999999996,2.0037399999999996
0.49426099999999995,2.305614
0.504468,2.711175
0.514676,3.21736
0.524883,3.7944199999999997
0.535091,4.379355
0.545299,4.957726999999999
0.5555059999999999,5.515975
0.5657139999999999,6.066348
0.575921,6.55547
0.586129,6.868719
0.596336,6.911593999999999
0.606544,6.761969
0.616752,6.533595999999999
0.6269589999999999,6.141597
0.6371669999999999,5.5264750000000005
0.647374,4.944603
0.657582,4.507104
0.667789,4.189481
0.677997,3.957607
0.688205,3.785233
0.6984119999999999,3.651358
0.7086199999999999,3.5472339999999996
0.718827,3.463234
0.729035,3.394109
0.739242,3.333735
0.74945,3.28036
0.7596579999999999,3.232235
0.7698649999999999,3.19286
0.780073,3.157861
0.79028,3.1281109999999996
0.800488,3.1062359999999996
0.8106949999999999,3.091361
0.8209029999999999,3.084361
0.8311109999999999,3.088736
0.841318,3.107986
0.851526,3.144735
0.861733,3.096611
0.871941,2.7308619999999997
0.8821479999999999,2.489363
0.8923559999999999,2.310864
0.9025639999999999,2.1673649999999998
0.912771,2.05099
0.922979,1.9529910000000001
0.933186,1.8681159999999999
0.943394,1.797241
0.9536009999999999,1.7342419999999998
0.9638089999999999,1.6764919999999999
0.9740169999999999,1.628367
0.984224,1.582867
0.994432,1.5426179999999998
1.004639,1.505868
1.014847,1.471743
1.025054,1.4419929999999999
1.035262,1.4131179999999999
1.04547,1.386868
1.055677,1.363243
1.065885,1.338744
1.076092,1.318619
1.0863,1.298494
1.096507,1.2792439999999998
1.106715,1.262619
1.1169229999999999,1.245119
1.12713,1.229369
1.137338,1.214494
1.147545,1.199619
1.157753,1.1873690000000001
1.1679599999999999,1.173369
1.1781679999999999,1.161994
1.1883759999999999,1.1497439999999999
1.198583,1.138369
1.208791,1.128745
1.218998,1.11737
1.229206,1.10687
1.2394129999999999,1.09812
1.2496209999999999,1.0876199999999998
1.2598289999999999,1.079745
1.270036,1.0709950000000001
1.280244,1.0622449999999999
1.290451,1.055245
1.300659,1.046495
1.3108659999999999,1.039495
1.3210739999999999,1.032495
1.331281,1.02462
1.341489,1.018495
1.351697,1.011495
1.361904,1.0053699999999999
1.372112,1.00012
1.3823189999999999,0.9922449999999999
1.3925269999999998,0.9878699999999999
1.402734,0.98087
1.412942,0.9756199999999999
1.42315,0.9712449999999999
1.433357,0.964245
1.443565,0.9598699999999999
1.4537719999999998,0.95462
1.4639799999999998,0.9493699999999999
1.474187,0.9458699999999999
1.484395,0.9397449999999999
1.494603,0.936245
1.50481,0.93187
1.494603,0.92662
1.484395,0.92312
1.474187,0.9187449999999999
1.4639799999999998,0.91437
1.4537719999999998,0.91087
1.443565,0.90562
1.433357,0.902995
1.42315,0.899495
1.412942,0.894246
1.402734,0.891621
1.3925269999999998,0.887246
1.3823189999999999,0.884621
1.372112,0.8811209999999999
1.361904,0.876746
1.351697,0.8741209999999999
1.341489,0.870621
1.331281,0.8671209999999999
1.3210739999999999,0.8644959999999999
1.3108659999999999,0.860996
1.300659,0.858371
1.290451,0.854871
1.280244,0.852246
1.270036,0.8496210000000001
1.2598289999999999,0.846121
1.2496209999999999,0.844371
1.2394129999999999,0.840871
1.229206,0.8382459999999999
1.218998,0.8364959999999999
1.208791,0.832121
1.198583,0.8312459999999999
1.1883759999999999,0.827746
1.1781679999999999,0.825121
1.1679599999999999,0.824246
1.157753,0.819871
1.147545,0.818121
1.137338,0.815496
1.12713,0.812871
1.1169229999999999,0.811121
1.106715,0.808496
1.096507,0.805871
1.0863,0.804996
1.076092,0.801496
1.065885,0.8006209999999999
1.055677,0.797996
1.04547,0.7953709999999999
1.035262,0.794496
1.025054,0.7918709999999999
1.014847,0.790121
1.004639,0.7883709999999999
0.994432,0.7857459999999999
0.984224,0.784871
0.9740169999999999,0.782246
0.9638089999999999,0.780496
0.9536009999999999,0.7787459999999999
0.943394,0.7761210000000001
0.933186,0.775246
0.922979,0.772621
0.912771,0.770871
0.9025639999999999,0.6912459999999999
0.8923559999999999,0.5521219999999999
0.8821479999999999,0.440998
0.871941,0.351748
0.861733,0.279998
0.851526,0.222249
0.841318,0.175874
0.8311109999999999,0.139999
0.8209029999999999,0.111124
0.8106949999999999,0.08968709600000001
0.800488,0.072187176
0.79028,0.05862474000000001
0.780073,0.047468540000000004
0.7698649999999999,0.03871858
0.7596579999999999,0.03171861
0.74945,0.025812384000000004
0.739242,0.020781158
0.729035,0.016843676000000002
0.718827,0.013453065
0.7086199999999999,-0.022651900000000003
0.6984119999999999,-0.027294280000000004
0.688205,-0.026577482000000003
0.677997,-0.029310270000000003
0.667789,-0.030626266000000006
0.657582,-0.030508666000000004
0.647374,-0.03173506
0.6371669999999999,-0.033532652
0.6269589999999999,-0.034003052
0.616752,-0.034059048
0.606544,-0.036276640000000006
0.596336,-0.037374236000000005
0.586129,-0.037279036
0.575921,-0.039183028
0.5657139999999999,-0.040667024
0.5555059999999999,-0.041294220000000006
0.545299,-0.042459016
0.535091,-0.04415580400000001
0.524883,-0.04536540000000001
0.514676,-0.046345396000000004
0.504468,-0.048109388
0.49426099999999995,-0.04960458400000001
0.48405299999999996,-0.05129664800000001
0.473846,-0.05643725200000001
0.463638,-0.062890344
0.45343,-0.06912468800000002
0.443223,-0.07699965600000001
0.433015,-0.08607774400000001
0.42280799999999996,-0.096030824
0.41259999999999997,-0.107077
0.402393,-0.12053000000000001
0.392185,-0.136061
0.38197699999999996,-0.153671
0.37177,-0.174342
0.361562,-0.199061
0.351355,-0.226842
0.341147,-0.25987299999999997
0.33094,-0.299904
0.32073199999999996,-0.346607
0.310525,-0.401841
0.300317,-0.469216
0.290109,-0.550044
0.279902,-0.646512
0.269694,-0.762887
0.25948699999999997,-0.905839
0.249279,-1.07176
0.23907199999999998,-1.287775
0.22886399999999998,-1.5524609999999999
0.218656,-1.883429
0.208449,-2.289646
0.198241,-2.875674
0.18803399999999998,-3.665796
0.17782599999999998,-4.763040999999999
0.167619,-6.427721
0.157411,-8.586336
0.147203,-11.19995
0.136996,-13.782938
0.12678799999999998,-15.881178
0.11658099999999999,-16.862924
0.106373,-15.854928
0.096166048,-12.865942
0.08595848,-9.236459
0.07575092,-6.62547
0.065543348,-5.305976
0.055335776,-4.703978
0.045128204000000005,-4.346979999999999
0.034920632,-4.031981
0.024713064,-3.7134829999999996
0.014505494,-3.3459839999999996
0.004297924,-2.908487
-0.005909646,-2.673988
-0.016117215,-2.568988
-0.026324786000000003,-2.509488
-0.036532356,-2.484988
-0.046739924,-2.4499889999999995
-0.056947496,-2.379989
-0.067155064,-2.25749
-0.077362632,-2.1174899999999997
-0.08757020800000001,-1.9809910000000002
-0.09777777600000001,-1.861991
-0.107985,-1.767492
-0.11819199999999999,-1.697492
-0.1284,-1.6414920000000002
-0.13860799999999998,-1.588992
-0.148815,-1.536493
-0.159023,-1.483993
-0.16923,-1.434993
-0.179438,-1.3929930000000001
-0.18964499999999998,-1.354493
-0.199853,-1.315994
-0.18964499999999998,-1.224994
-0.179438,-1.161994
-0.16923,-1.112995
-0.159023,-1.063995
-0.148815,-1.021995
-0.13860799999999998,-0.9869949999999998
-0.1284,-0.9554950000000001
-0.11819199999999999,-0.920495
-0.107985,-0.895996
-0.09777777600000001,-0.8714959999999999
-0.08757020800000001,-0.846996
-0.077362632,-0.825996
-0.067155064,-0.801496
-0.056947496,-0.776996
-0.046739924,-0.7524959999999999
-0.036532356,-0.727996
-0.026324786000000003,-0.699996
-0.016117215,-0.6702469999999999
-0.005909646,-0.642247
0.004297924,-0.607247
0.014505494,-0.565247
0.024713064,-0.5162469999999999
0.034920632,-0.46024699999999996
0.045128204000000005,-0.397248
0.055335776,-0.33599799999999996
0.065543348,-0.276498
0.07575092,-0.225748
0.08595848,-0.182874
0.096166048,-0.14787399999999998
0.106373,-0.120749
0.11658099999999999,-0.098437064
0.12678799999999998,-0.08006214400000002
0.136996,-0.06474971600000001
0.147203,-0.048124784000000004
0.157411,-0.032156106000000004
0.167619,-0.016187429000000003
0.17782599999999998,0.001531243
0.18803399999999998,0.022749900000000003
0.198241,0.044624800000000006
0.208449,0.06879656800000002
0.218656,0.09745268800000001
0.22886399999999998,0.12939
0.23907199999999998,0.163952
0.249279,0.20617
0.25948699999999997,0.25845100000000004
0.269694,0.33129499999999995
0.279902,0.439248
0.290109,0.598716
0.300317,0.821949
0.310525,1.106323
0.32073199999999996,1.448556
0.33094,1.793085
0.341147,2.0770210000000002
0.351355,2.260115
0.361562,2.330552
0.37177,2.304302
0.38197699999999996,2.221615
0.392185,2.114865
0.402393,2.001991
0.41259999999999997,1.895679
0.42280799999999996,1.807304
0.433015,1.738179
0.443223,1.6918039999999999
0.45343,1.67868
0.463638,1.712367
0.473846,1.815179
0.48405299999999996,2.017303
0.49426099999999995,2.3266139999999997
0.504468,2.739175
0.514676,3.252797
0.524883,3.8346700000000005
0.535091,4.42748
0.545299,5.0014769999999995
0.5555059999999999,5.56585
0.5657139999999999,6.117972
0.575921,6.605345
0.586129,6.907219
0.596336,6.934343
0.606544,6.770719
0.616752,6.53097
0.6269589999999999,6.120596999999999
0.6371669999999999,5.494975
0.647374,4.919228
0.657582,4.486979
0.667789,4.1754809999999996
0.677997,3.947982
0.688205,3.775608
0.6984119999999999,3.644358
0.7086199999999999,3.541109
0.718827,3.4579839999999997
0.729035,3.387984
0.739242,3.3284849999999997
0.74945,3.27511
0.7596579999999999,3.2278599999999997
0.7698649999999999,3.18761
0.780073,3.153485
0.79028,3.124611
0.800488,3.103611
0.8106949999999999,3.088736
0.8209029999999999,3.081736
0.8311109999999999,3.086986
0.841318,3.1071109999999997
0.851526,3.144735
0.861733,3.075611
0.871941,2.718612
0.8821479999999999,2.480614
0.8923559999999999,2.302114
0.9025639999999999,2.16124
0.912771,2.043115
0.922979,1.9477410000000002
0.933186,1.8646159999999998
0.943394,1.791992
0.9536009999999999,1.7298669999999998
0.9638089999999999,1.6729919999999998
0.9740169999999999,1.624867
0.984224,1.579367
0.994432,1.538243
1.004639,1.5032429999999999
1.014847,1.469118
1.025054,1.4384929999999998
1.035262,1.410493
1.04547,1.383368
1.055677,1.359743
1.065885,1.336994
1.076092,1.315994
1.0863,1.296744
1.096507,1.276619
1.106715,1.259994
1.1169229999999999,1.242494
1.12713,1.226744
1.137338,1.212744
1.147545,1.197869
1.157753,1.185619
1.1679599999999999,1.171619
1.1781679999999999,1.159369
1.1883759999999999,1.148869
1.198583,1.1357439999999999
1.208791,1.126119
1.218998,1.1156199999999998
1.229206,1.1051199999999999
1.2394129999999999,1.09637
1.2496209999999999,1.0858700000000001
1.2598289999999999,1.077995
1.270036,1.069245
1.280244,1.060495
1.290451,1.053495
1.300659,1.0447449999999998
1.3108659999999999,1.037745
1.3210739999999999,1.0307449999999998
1.331281,1.02287
1.341489,1.016745
1.351697,1.01062
1.361904,1.002745
1.372112,0.997495
1.3823189999999999,0.9904949999999999
1.3925269999999998,0.985245
1.402734,0.9799950000000001
1.412942,0.9729949999999999
1.42315,0.96862
1.433357,0.962495
1.443565,0.9572449999999999
1.4537719999999998,0.9537450000000001
1.4639799999999998,0.9476199999999999
1.474187,0.94412
1.484395,0.93887
1.494603,0.93362
1.50481,0.9301200000000001
1.494603,0.92487
1.484395,0.920495
1.474187,0.9169949999999999
1.4639799999999998,0.9117449999999999
1.4537719999999998,0.90912
1.443565,0.90387
1.433357,0.90037
1.42315,0.897745
1.412942,0.8924960000000001
1.402734,0.889871
1.3925269999999998,0.8863709999999999
1.3823189999999999,0.881996
1.372112,0.880246
1.361904,0.874996
1.351697,0.8723709999999999
1.341489,0.868871
1.331281,0.865371
1.3210739999999999,0.8636210000000001
1.3108659999999999,0.859246
1.300659,0.8566210000000001
1.290451,0.853121
1.280244,0.8504959999999999
1.270036,0.847871
1.2598289999999999,0.844371
1.2496209999999999,0.841746
1.2394129999999999,0.839996
1.229206,0.835621
1.218998,0.833871
1.208791,0.8312459999999999
1.198583,0.8286209999999999
1.1883759999999999,0.826871
1.1781679999999999,0.823371
1.1679599999999999,0.8216209999999999
1.157753,0.8189960000000001
1.147545,0.816371
1.137338,0.8146209999999999
1.12713,0.811121
1.1169229999999999,0.809371
1.106715,0.8076209999999999
1.096507,0.804121
1.0863,0.803246
1.076092,0.8006209999999999
1.065885,0.797996
1.055677,0.796246
1.04547,0.7936209999999999
1.035262,0.792746
1.025054,0.790121
1.014847,0.787496
1.004639,0.786621
0.994432,0.783996
0.984224,0.782246
0.9740169999999999,0.780496
0.9638089999999999,0.777871
0.9536009999999999,0.776996
0.943394,0.774371
0.933186,0.773496
0.922979,0.7717459999999999
0.912771,0.768246
0.9025639999999999,0.694746
0.8923559999999999,0.554747
0.8821479999999999,0.44274800000000003
0.871941,0.353498
0.861733,0.280873
0.851526,0.22312400000000002
0.841318,0.176749
0.8311109999999999,0.139999
0.8209029999999999,0.111999
0.8106949999999999,0.09012460000000001
0.800488,0.072187176
0.79028,0.05862474000000001
0.780073,0.047687288
0.7698649999999999,0.03893732800000001
0.7596579999999999,0.031937358000000006
0.74945,0.025812384000000004
0.739242,0.020890532
0.729035,0.016734301000000004
0.718827,0.013453065
0.7086199999999999,-0.022595900000000002
0.6984119999999999,-0.027327880000000002
0.688205,-0.026571882000000005
0.677997,-0.029276672000000004
0.667789,-0.030687866
0.657582,-0.030503064
0.647374,-0.03173506
0.6371669999999999,-0.033549452
0.6269589999999999,-0.034019848
0.616752,-0.034070252
0.606544,-0.036243040000000004
0.596336,-0.037340635999999996
0.586129,-0.037284636
0.575921,-0.039166228000000004
0.5657139999999999,-0.040639020000000005
0.5555059999999999,-0.04121021600000001
0.545299,-0.042431012000000004
0.535091,-0.044161408000000006
0.524883,-0.0453094
0.514676,-0.04638459600000001
0.504468,-0.048081388
0.49426099999999995,-0.04955418
0.48405299999999996,-0.051406020000000004
0.473846,-0.056218500000000005
0.463638,-0.06267159600000001
0.45343,-0.06901531200000001
0.443223,-0.076780904
0.433015,-0.085968368
0.42280799999999996,-0.09559332800000002
0.41259999999999997,-0.10664
0.402393,-0.12009299999999999
0.392185,-0.135624
0.38197699999999996,-0.15312399999999998
0.37177,-0.173796
0.361562,-0.198186
0.351355,-0.226077
0.341147,-0.25866999999999996
0.33094,-0.298483
0.32073199999999996,-0.34496699999999997
0.310525,-0.40009100000000003
0.300317,-0.46735699999999997
0.290109,-0.54731
0.279902,-0.643231
0.269694,-0.759277
0.25948699999999997,-0.9010269999999999
0.249279,-1.0665099999999998
0.23907199999999998,-1.280338
0.22886399999999998,-1.5430549999999998
0.218656,-1.871616
0.208449,-2.275208
0.198241,-2.855112
0.18803399999999998,-3.635608
0.17782599999999998,-4.724103
0.167619,-6.367346
0.157411,-8.511087
0.147203,-11.117700000000001
0.136996,-13.712938
0.12678799999999998,-15.840929
0.11658099999999999,-16.887424
0.106373,-15.959928999999999
0.096166048,-13.030441999999999
0.08595848,-9.383457
0.07575092,-6.71997
0.065543348,-5.358476
0.055335776,-4.731979
0.045128204000000005,-4.3644799999999995
0.034920632,-4.042482
0.024713064,-3.723983
0.014505494,-3.3564849999999997
0.004297924,-2.9189869999999996
-0.005909646,-2.6809879999999997
-0.016117215,-2.575988
-0.026324786000000003,-2.516488
-0.036532356,-2.491988
-0.046739924,-2.4569889999999996
-0.056947496,-2.3869890000000002
-0.067155064,-2.264489
-0.077362632,-2.12799
-0.08757020800000001,-1.991491
-0.09777777600000001,-1.868991
-0.107985,-1.774492
-0.11819199999999999,-1.704492
-0.1284,-1.644992
-0.13860799999999998,-1.592492
-0.148815,-1.543493
-0.159023,-1.490993
-0.16923,-1.4419929999999999
-0.179438,-1.396493
-0.18964499999999998,-1.357993
-0.199853,-1.3194940000000002
-0.18964499999999998,-1.228494
-0.179438,-1.165494
-0.16923,-1.1164949999999998
-0.159023,-1.067495
-0.148815,-1.0289949999999999
-0.13860799999999998,-0.9904949999999999
-0.1284,-0.9554950000000001
-0.11819199999999999,-0.9239949999999999
-0.107985,-0.899495
-0.09777777600000001,-0.874996
-0.08757020800000001,-0.846996
-0.077362632,-0.825996
-0.067155064,-0.804996
-0.056947496,-0.776996
-0.046739924,-0.7524959999999999
-0.036532356,-0.727996
-0.026324786000000003,-0.699996
-0.016117215,-0.671997
-0.005909646,-0.642247
0.004297924,-0.607247
0.014505494,-0.565247
0.024713064,-0.514497
0.034920632,-0.458497
0.045128204000000005,-0.395498
0.055335776,-0.332498
0.065543348,-0.274748
0.07575092,-0.223999
0.08595848,-0.181124
0.096166048,-0.14699900000000002
0.106373,-0.11987400000000001
0.11658099999999999,-0.097562064
0.12678799999999998,-0.07918714400000001
0.136996,-0.06387471600000001
0.147203,-0.047687288
0.157411,-0.03149986
0.167619,-0.01553118
0.17782599999999998,0.0026249880000000004
0.18803399999999998,0.023734270000000002
0.198241,0.045609172
0.208449,0.069999688
0.218656,0.098765184
0.22886399999999998,0.13059300000000001
0.23907199999999998,0.16537400000000002
0.249279,0.207702
0.25948699999999997,0.261076
0.269694,0.334248
0.279902,0.444279
0.290109,0.6058250000000001
0.300317,0.831465
0.310525,1.1172600000000001
0.32073199999999996,1.4605869999999999
0.33094,1.8048980000000001
0.341147,2.084678
0.351355,2.263615
0.361562,2.330114
0.37177,2.3012390000000003
0.38197699999999996,2.216802
0.392185,2.110053
0.402393,1.9967409999999999
0.41259999999999997,1.890866
0.42280799999999996,1.8033659999999998
0.433015,1.735117
0.443223,1.689617
0.45343,1.678242
0.463638,1.7149919999999998
0.473846,1.822179
0.48405299999999996,2.030865
0.49426099999999995,2.346739
0.504468,2.765862
0.514676,3.286922
0.524883,3.874045
0.535091,4.468604
0.545299,5.046101999999999
0.5555059999999999,5.613099999999999
0.5657139999999999,6.1669719999999995
0.575921,6.649095
0.586129,6.941343999999999
0.596336,6.9544690000000005
0.606544,6.776844
0.616752,6.52572
0.6269589999999999,6.099597
0.6371669999999999,5.465225
0.647374,4.894728
0.657582,4.468604
0.667789,4.162356
0.677997,3.9374819999999997
0.688205,3.7677329999999998
0.6984119999999999,3.637358
0.7086199999999999,3.534984
0.718827,3.4536089999999997
0.729035,3.3836090000000003
0.739242,3.32411
0.74945,3.27161
0.7596579999999999,3.223485
0.7698649999999999,3.183235
0.780073,3.149111
0.79028,3.120236
0.800488,3.099236
0.8106949999999999,3.084361
0.8209029999999999,3.079111
0.8311109999999999,3.0852359999999996
0.841318,3.105361
0.851526,3.144735
0.861733,3.057236
0.871941,2.706362
0.8821479999999999,2.470989
0.8923559999999999,2.293364
0.9025639999999999,2.1542399999999997
0.912771,2.037865
0.922979,1.9416159999999998
0.933186,1.860241
0.943394,1.7876169999999998
0.9536009999999999,1.725492
0.9638089999999999,1.669492
0.9740169999999999,1.620492
0.984224,1.5767419999999999
0.994432,1.535618
1.004639,1.4997429999999998
1.014847,1.4664929999999998
1.025054,1.434993
1.035262,1.4078680000000001
1.04547,1.3807429999999998
1.055677,1.357118
1.065885,1.334369
1.076092,1.312494
1.0863,1.2932439999999998
1.096507,1.274869
1.106715,1.256494
1.1169229999999999,1.240744
1.12713,1.224119
1.137338,1.210994
1.147545,1.195244
1.157753,1.182119
1.1679599999999999,1.169869
1.1781679999999999,1.156744
1.1883759999999999,1.1462439999999998
1.198583,1.133994
1.208791,1.123494
1.218998,1.1138700000000001
1.229206,1.102495
1.2394129999999999,1.093745
1.2496209999999999,1.0849950000000002
1.2598289999999999,1.07537
1.270036,1.067495
1.280244,1.0587449999999998
1.290451,1.05087
1.300659,1.0438699999999999
1.3108659999999999,1.03512
1.3210739999999999,1.0289949999999999
1.331281,1.02112
1.341489,1.0149949999999999
1.351697,1.007995
1.361904,1.0009949999999999
1.372112,0.995745
1.3823189999999999,0.9896199999999999
1.3925269999999998,0.98262
1.402734,0.978245
1.412942,0.9721199999999999
1.42315,0.96687
1.433357,0.9616199999999999
1.443565,0.9554950000000001
1.4537719999999998,0.951995
1.4639799999999998,0.9458699999999999
1.474187,0.941495
1.484395,0.9371200000000001
1.494603,0.93187
1.50481,0.927495
1.494603,0.92312
1.484395,0.9187449999999999
1.474187,0.915245
1.4639799999999998,0.9099949999999999
1.4537719999999998,0.9064949999999999
1.443565,0.90212
1.433357,0.89862
1.42315,0.895996
1.412942,0.890746
1.402734,0.8881209999999999
1.3925269999999998,0.884621
1.3823189999999999,0.880246
1.372112,0.877621
1.361904,0.873246
1.351697,0.870621
1.341489,0.867996
1.331281,0.8636210000000001
1.3210739999999999,0.860996
1.3108659999999999,0.8574959999999999
1.300659,0.854871
1.290451,0.852246
1.280244,0.847871
1.270036,0.846121
1.2598289999999999,0.8434959999999999
1.2496209999999999,0.839996
1.2394129999999999,0.8382459999999999
1.229206,0.834746
1.218998,0.832121
1.208791,0.8294959999999999
1.198583,0.825996
1.1883759999999999,0.825121
1.1781679999999999,0.8216209999999999
1.1679599999999999,0.819871
1.157753,0.817246
1.147545,0.8146209999999999
1.137338,0.812871
1.12713,0.810246
1.1169229999999999,0.8076209999999999
1.106715,0.805871
1.096507,0.802371
1.0863,0.8006209999999999
1.076092,0.798871
1.065885,0.796246
1.055677,0.7953709999999999
1.04547,0.7918709999999999
1.035262,0.790996
1.025054,0.7883709999999999
1.014847,0.786621
1.004639,0.7857459999999999
0.994432,0.782246
0.984224,0.780496
0.9740169999999999,0.779621
0.9638089999999999,0.7761210000000001
0.9536009999999999,0.775246
0.943394,0.772621
0.933186,0.770871
0.922979,0.769996
0.912771,0.767371
0.9025639999999999,0.6973710000000001
0.8923559999999999,0.556497
0.8821479999999999,0.444498
0.871941,0.355248
0.861733,0.282623
0.851526,0.223999
0.841318,0.177624
0.8311109999999999,0.140874
0.8209029999999999,0.112874
0.8106949999999999,0.09056209600000001
0.800488,0.07262468000000001
0.79028,0.05862474000000001
0.780073,0.047906036000000006
0.7698649999999999,0.03893732800000001
0.7596579999999999,0.032156106000000004
0.74945,0.026031134000000004
0.739242,0.021218656000000002
0.729035,0.01695305
0.718827,0.01334369
0.7086199999999999,-0.022567902
0.6984119999999999,-0.027305480000000003
0.688205,-0.026560682000000002
0.677997,-0.029276672000000004
0.667789,-0.030659864000000002
0.657582,-0.030463868000000005
0.647374,-0.031712660000000004
0.6371669999999999,-0.033515854
0.6269589999999999,-0.033991852
0.616752,-0.034081448
0.606544,-0.036192640000000005
0.596336,-0.037307036
0.586129,-0.037279036
0.575921,-0.039104628
0.5657139999999999,-0.04063342
0.5555059999999999,-0.041176620000000004
0.545299,-0.042403012000000004
0.535091,-0.04413900800000001
0.524883,-0.045259
0.514676,-0.046328596
0.504468,-0.048053388
0.49426099999999995,-0.049498184
0.48405299999999996,-0.051077896000000005
0.473846,-0.05599975200000001
0.463638,-0.062452852
0.45343,-0.06890594400000001
0.443223,-0.07634341600000001
0.433015,-0.085640248
0.42280799999999996,-0.09548395200000001
0.41259999999999997,-0.106202
0.402393,-0.119655
0.392185,-0.134968
0.38197699999999996,-0.152468
0.37177,-0.17303000000000002
0.361562,-0.197311
0.351355,-0.225092
0.341147,-0.257467
0.33094,-0.297279
0.32073199999999996,-0.343764
0.310525,-0.398013
0.300317,-0.46506000000000003
0.290109,-0.544685
0.279902,-0.6400589999999999
0.269694,-0.755121
0.25948699999999997,-0.895886
0.249279,-1.061151
0.23907199999999998,-1.2729
0.22886399999999998,-1.5336489999999998
0.218656,-1.860023
0.208449,-2.2609899999999996
0.198241,-2.834549
0.18803399999999998,-3.6058579999999996
0.17782599999999998,-4.684729
0.167619,-6.3087219999999995
0.157411,-8.434961999999999
0.147203,-11.03195
0.136996,-13.641188999999999
0.12678799999999998,-15.798928999999998
0.11658099999999999,-16.908424
0.106373,-16.057927
0.096166048,-13.184441
0.08595848,-9.530457
0.07575092,-6.810969
0.065543348,-5.407475000000001
0.055335776,-4.759978
0.045128204000000005,-4.37498
0.034920632,-4.049480999999999
0.024713064,-3.730983
0.014505494,-3.359985
0.004297924,-2.925986
-0.005909646,-2.691488
-0.016117215,-2.582988
-0.026324786000000003,-2.523488
-0.036532356,-2.495488
-0.046739924,-2.463988
-0.056947496,-2.393989
-0.067155064,-2.274989
-0.077362632,-2.13499
-0.08757020800000001,-1.998491
-0.09777777600000001,-1.875991
-0.107985,-1.777992
-0.11819199999999999,-1.707992
-0.1284,-1.648492
-0.13860799999999998,-1.595992
-0.148815,-1.546993
-0.159023,-1.494493
-0.16923,-1.445493
-0.179438,-1.399993
-0.18964499999999998,-1.361493
-0.199853,-1.322994
-0.18964499999999998,-1.231994
-0.179438,-1.168994
-0.16923,-1.1164949999999998
-0.159023,-1.0709950000000001
-0.148815,-1.0289949999999999
-0.13860799999999998,-0.993995
-0.1284,-0.9589949999999999
-0.11819199999999999,-0.927495
-0.107985,-0.899495
-0.09777777600000001,-0.874996
-0.08757020800000001,-0.846996
-0.077362632,-0.825996
-0.067155064,-0.804996
-0.056947496,-0.776996
-0.046739924,-0.7524959999999999
-0.036532356,-0.727996
-0.026324786000000003,-0.699996
-0.016117215,-0.671997
-0.005909646,-0.642247
0.004297924,-0.607247
0.014505494,-0.565247
0.024713064,-0.512747
0.034920632,-0.45674699999999996
0.045128204000000005,-0.393748
0.055335776,-0.33074800000000004
0.065543348,-0.272998
0.07575092,-0.222249
0.08595848,-0.179374
0.096166048,-0.146124
0.106373,-0.118999
0.11658099999999999,-0.09712456800000001
0.12678799999999998,-0.078312152
0.136996,-0.06299972
0.147203,-0.047249792000000006
0.157411,-0.030624866
0.167619,-0.014874934000000001
0.17782599999999998,0.0034999840000000003
0.18803399999999998,0.024499892000000002
0.198241,0.046484168
0.208449,0.071202808
0.218656,0.09996830400000001
0.22886399999999998,0.131905
0.23907199999999998,0.166796
0.249279,0.209342
0.25948699999999997,0.26337299999999997
0.269694,0.337857
0.279902,0.44931
0.290109,0.613153
0.300317,0.8405429999999999
0.310525,1.127323
0.32073199999999996,1.4728370000000002
0.33094,1.815398
0.341147,2.092115
0.351355,2.267114
0.361562,2.3296769999999998
0.37177,2.298177
0.38197699999999996,2.212427
0.392185,2.104803
0.402393,1.991928
0.41259999999999997,1.886491
0.42280799999999996,1.799866
0.433015,1.732054
0.443223,1.6883039999999998
0.45343,1.678242
0.463638,1.717617
0.473846,1.8296160000000001
0.48405299999999996,2.04399
0.49426099999999995,2.366427
0.504468,2.792112
0.514676,3.319735
0.524883,3.911232
0.535091,4.509729999999999
0.545299,5.088977000000001
0.5555059999999999,5.658599
0.5657139999999999,6.2142219999999995
0.575921,6.692844999999999
0.586129,6.974594
0.596336,6.9719679999999995
0.606544,6.784719
0.616752,6.519596
0.6269589999999999,6.0750969999999995
0.6371669999999999,5.43635
0.647374,4.870228
0.657582,4.4502299999999995
0.667789,4.147481
0.677997,3.9269819999999998
0.688205,3.758983
0.6984119999999999,3.630358
0.7086199999999999,3.529734
0.718827,3.4466089999999996
0.729035,3.37836
0.739242,3.31886
0.74945,3.2663599999999997
0.7596579999999999,3.218235
0.7698649999999999,3.177985
0.780073,3.1438599999999997
0.79028,3.115861
0.800488,3.094861
0.8106949999999999,3.080861
0.8209029999999999,3.075611
0.8311109999999999,3.082611
0.841318,3.104486
0.851526,3.1438599999999997
0.861733,3.0406109999999997
0.871941,2.692363
0.8821479999999999,2.461364
0.8923559999999999,2.2854889999999997
0.9025639999999999,2.1472399999999996
0.912771,2.032615
0.922979,1.936366
0.933186,1.854991
0.943394,1.782367
0.9536009999999999,1.721117
0.9638089999999999,1.665992
0.9740169999999999,1.6161169999999998
0.984224,1.573242
0.994432,1.532118
1.004639,1.496243
1.014847,1.462993
1.025054,1.432368
1.035262,1.405243
1.04547,1.378118
1.055677,1.353619
1.065885,1.331744
1.076092,1.309869
1.0863,1.2906190000000002
1.096507,1.272244
1.106715,1.253869
1.1169229999999999,1.238119
1.12713,1.2223689999999998
1.137338,1.2074939999999998
1.147545,1.1934939999999998
1.157753,1.179494
1.1679599999999999,1.168119
1.1781679999999999,1.154994
1.1883759999999999,1.143619
1.198583,1.1322439999999998
1.208791,1.12087
1.218998,1.111245
1.229206,1.100745
1.2394129999999999,1.0911199999999999
1.2496209999999999,1.083245
1.2598289999999999,1.0727449999999998
1.270036,1.06487
1.280244,1.0569950000000001
1.290451,1.0482449999999999
1.300659,1.0421200000000002
1.3108659999999999,1.032495
1.3210739999999999,1.02637
1.331281,1.0193699999999999
1.341489,1.011495
1.351697,1.006245
1.361904,0.999245
1.372112,0.99312
1.3823189999999999,0.9878699999999999
1.3925269999999998,0.98087
1.402734,0.976495
1.412942,0.9703700000000001
1.42315,0.964245
1.433357,0.9598699999999999
1.443565,0.9537450000000001
1.4537719999999998,0.9493699999999999
1.4639799999999998,0.94412
1.474187,0.93887
1.484395,0.93537
1.494603,0.929245
1.50481,0.9257449999999999
1.494603,0.92137
1.484395,0.9169949999999999
1.474187,0.913495
1.4639799999999998,0.90912
1.4537719999999998,0.904745
1.443565,0.901246
1.433357,0.89687
1.42315,0.8933709999999999
1.412942,0.888996
1.402734,0.8854960000000001
1.3925269999999998,0.882871
1.3823189999999999,0.878496
1.372112,0.874996
1.361904,0.8714959999999999
1.351697,0.867996
1.341489,0.866246
1.331281,0.861871
1.3210739999999999,0.859246
1.3108659999999999,0.855746
1.300659,0.852246
1.290451,0.8504959999999999
1.280244,0.846996
1.270036,0.844371
1.2598289999999999,0.841746
1.2496209999999999,0.8382459999999999
1.2394129999999999,0.8364959999999999
1.229206,0.832996
1.218998,0.830371
1.208791,0.8286209999999999
1.198583,0.825121
1.1883759999999999,0.822496
1.1781679999999999,0.8207460000000001
1.1679599999999999,0.817246
1.157753,0.815496
1.147545,0.812871
1.137338,0.810246
1.12713,0.808496
1.1169229999999999,0.804996
1.106715,0.804121
1.096507,0.801496
1.0863,0.798871
1.076092,0.797996
1.065885,0.794496
1.055677,0.7936209999999999
1.04547,0.790996
1.035262,0.7883709999999999
1.025054,0.787496
1.014847,0.784871
1.004639,0.7831210000000001
0.994432,0.780496
0.984224,0.7787459999999999
0.9740169999999999,0.777871
0.9638089999999999,0.774371
0.9536009999999999,0.773496
0.943394,0.7717459999999999
0.933186,0.769121
0.922979,0.768246
0.912771,0.765621
0.9025639999999999,0.699121
0.8923559999999999,0.5591219999999999
0.8821479999999999,0.44624800000000003
0.871941,0.356123
0.861733,0.283498
0.851526,0.22487300000000002
0.841318,0.178499
0.8311109999999999,0.141749
0.8209029999999999,0.112874
0.8106949999999999,0.09056209600000001
0.800488,0.07262468000000001
0.79028,0.059062236000000004
0.780073,0.047906036000000006
0.7698649999999999,0.03893732800000001
0.7596579999999999,0.032156106000000004
0.74945,0.026249884000000005
0.739242,0.020999908000000005
0.729035,0.017171798000000002
0.718827,0.01334369
0.7086199999999999,-0.022579102000000004
0.6984119999999999,-0.02728308
0.688205,-0.026577482000000003
0.677997,-0.029215070000000003
0.667789,-0.030648666000000005
0.657582,-0.030475066000000002
0.647374,-0.03167346
0.6371669999999999,-0.033543854000000005
0.6269589999999999,-0.033952648
0.616752,-0.034075852
0.606544,-0.03623184000000001
0.596336,-0.037267836
0.586129,-0.037267836
0.575921,-0.039093428
0.5657139999999999,-0.040588620000000006
0.5555059999999999,-0.041193416000000004
0.545299,-0.042313412
0.535091,-0.044161408000000006
0.524883,-0.045219800000000004
0.514676,-0.046244596000000006
0.504468,-0.048042188
0.49426099999999995,-0.04944218
0.48405299999999996,-0.051077896000000005
0.473846,-0.05599975200000001
0.463638,-0.06212472
0.45343,-0.06879656800000002
0.443223,-0.076124664
0.433015,-0.08531212
0.42280799999999996,-0.09493708000000001
0.41259999999999997,-0.105546
0.402393,-0.11943599999999999
0.392185,-0.13463999999999998
0.38197699999999996,-0.15203
0.37177,-0.172483
0.361562,-0.196436
0.351355,-0.224436
0.341147,-0.25637299999999996
0.33094,-0.29574799999999996
0.32073199999999996,-0.34212299999999995
0.310525,-0.395935
0.300317,-0.462763
0.290109,-0.541841
0.279902,-0.63645
0.269694,-0.751184
0.25948699999999997,-0.891183
0.249279,-1.055901
0.23907199999999998,-1.266119
0.22886399999999998,-1.52468
0.218656,-1.848866
0.208449,-2.247427
0.198241,-2.813987
0.18803399999999998,-3.578296
0.17782599999999998,-4.6475409999999995
0.167619,-6.251847000000001
0.157411,-8.363213
0.147203,-10.954949999999998
0.136996,-13.574689000000001
0.12678799999999998,-15.75693
0.11658099999999999,-16.925924
0.106373,-16.155927
0.096166048,-13.34194
0.08595848,-9.680957
0.07575092,-6.905468999999999
0.065543348,-5.456475
0.055335776,-4.787978
0.045128204000000005,-4.38898
0.034920632,-4.056481
0.024713064,-3.730983
0.014505494,-3.359985
0.004297924,-2.9294860000000003
-0.005909646,-2.6984879999999998
-0.016117215,-2.593488
-0.026324786000000003,-2.5304879999999996
-0.036532356,-2.502488
-0.046739924,-2.470989
-0.056947496,-2.400989
-0.067155064,-2.281989
-0.077362632,-2.1419900000000003
-0.08757020800000001,-2.005491
-0.09777777600000001,-1.882991
-0.107985,-1.7849920000000001
-0.11819199999999999,-1.711492
-0.1284,-1.651992
-0.13860799999999998,-1.599492
-0.148815,-1.5504930000000001
-0.159023,-1.497993
-0.16923,-1.448993
-0.179438,-1.4069930000000002
-0.18964499999999998,-1.364993
-0.199853,-1.326494
-0.18964499999999998,-1.2354939999999999
-0.179438,-1.168994
-0.16923,-1.1199949999999999
-0.159023,-1.0709950000000001
-0.148815,-1.032495
-0.13860799999999998,-0.993995
-0.1284,-0.9589949999999999
-0.11819199999999999,-0.927495
-0.107985,-0.899495
-0.09777777600000001,-0.874996
-0.08757020800000001,-0.8504959999999999
-0.077362632,-0.825996
-0.067155064,-0.808496
-0.056947496,-0.780496
-0.046739924,-0.7559959999999999
-0.036532356,-0.727996
-0.026324786000000003,-0.703496
-0.016117215,-0.673747
-0.005909646,-0.642247
0.004297924,-0.607247
0.014505494,-0.563497
0.024713064,-0.510997
0.034920632,-0.454997
0.045128204000000005,-0.390248
0.055335776,-0.32724800000000004
0.065543348,-0.271248
0.07575092,-0.220499
0.08595848,-0.177624
0.096166048,-0.14524900000000002
0.106373,-0.11812399999999999
0.11658099999999999,-0.09581207200000001
0.12678799999999998,-0.07787465600000001
0.136996,-0.062562224
0.147203,-0.046374792000000005
0.157411,-0.029531118000000002
0.167619,-0.013999938000000002
0.17782599999999998,0.0043749800000000005
0.18803399999999998,0.025484262000000004
0.198241,0.047249792000000006
0.208449,0.07240592800000001
0.218656,0.10128000000000001
0.22886399999999998,0.13332699999999997
0.23907199999999998,0.168218
0.249279,0.21087399999999998
0.25948699999999997,0.265561
0.269694,0.341029
0.279902,0.454232
0.290109,0.620153
0.300317,0.849511
0.310525,1.1372760000000002
0.32073199999999996,1.48443
0.33094,1.8254599999999999
0.341147,2.0993340000000003
0.351355,2.270177
0.361562,2.3296769999999998
0.37177,2.295114
0.38197699999999996,2.2071769999999997
0.392185,2.09999
0.402393,1.987116
0.41259999999999997,1.882554
0.42280799999999996,1.7959289999999999
0.433015,1.7298669999999998
0.443223,1.6869919999999998
0.45343,1.67868
0.463638,1.720242
0.473846,1.837491
0.48405299999999996,2.056678
0.49426099999999995,2.386114
0.504468,2.8183619999999996
0.514676,3.352109
0.524883,3.949294
0.535091,4.550854
0.545299,5.132726
0.5555059999999999,5.704974
0.5657139999999999,6.259722
0.575921,6.736594
0.586129,7.006093
0.596336,6.988593
0.606544,6.787344
0.616752,6.512595
0.6269589999999999,6.050598
0.6371669999999999,5.407475000000001
0.647374,4.847478
0.657582,4.433605
0.667789,4.134356
0.677997,3.917357
0.688205,3.751108
0.6984119999999999,3.623358
0.7086199999999999,3.522734
0.718827,3.440484
0.729035,3.372235
0.739242,3.31186
0.74945,3.25936
0.7596579999999999,3.21211
0.7698649999999999,3.1718599999999997
0.780073,3.138611
0.79028,3.109736
0.800488,3.088736
0.8106949999999999,3.076486
0.8209029999999999,3.072111
0.8311109999999999,3.079111
0.841318,3.101861
0.851526,3.142111
0.861733,3.023986
0.871941,2.6809879999999997
0.8821479999999999,2.452614
0.8923559999999999,2.277614
0.9025639999999999,2.14024
0.912771,2.0264900000000003
0.922979,1.9302409999999999
0.933186,1.8506159999999998
0.943394,1.777992
0.9536009999999999,1.716742
0.9638089999999999,1.6624919999999999
0.9740169999999999,1.612617
0.984224,1.568867
0.994432,1.528618
1.004639,1.492743
1.014847,1.4603679999999999
1.025054,1.428868
1.035262,1.401743
1.04547,1.375493
1.055677,1.3501180000000002
1.065885,1.329119
1.076092,1.3072439999999999
1.0863,1.287994
1.096507,1.269619
1.106715,1.251244
1.1169229999999999,1.2354939999999999
1.12713,1.219744
1.137338,1.204869
1.147545,1.191744
1.157753,1.176869
1.1679599999999999,1.165494
1.1781679999999999,1.152369
1.1883759999999999,1.140994
1.198583,1.1304949999999998
1.208791,1.11912
1.218998,1.10862
1.229206,1.098995
1.2394129999999999,1.088495
1.2496209999999999,1.08062
1.2598289999999999,1.07187
1.270036,1.0631199999999998
1.280244,1.055245
1.290451,1.04562
1.300659,1.039495
1.3108659999999999,1.03162
1.3210739999999999,1.023745
1.331281,1.01762
1.341489,1.0097450000000001
1.351697,1.004495
1.361904,0.997495
1.372112,0.9904949999999999
1.3823189999999999,0.9861199999999999
1.3925269999999998,0.97912
1.402734,0.9738699999999999
1.412942,0.96862
1.42315,0.962495
1.433357,0.9581199999999999
1.443565,0.951995
1.4537719999999998,0.9476199999999999
1.4639799999999998,0.943245
1.474187,0.9371200000000001
1.484395,0.93362
1.494603,0.927495
1.50481,0.9239949999999999
1.494603,0.91962
1.484395,0.91437
1.474187,0.9117449999999999
1.4639799999999998,0.90737
1.4537719999999998,0.90212
1.443565,0.899495
1.433357,0.894246
1.42315,0.891621
1.412942,0.8881209999999999
1.402734,0.883746
1.3925269999999998,0.8811209999999999
1.3823189999999999,0.876746
1.372112,0.8741209999999999
1.361904,0.870621
1.351697,0.866246
1.341489,0.8644959999999999
1.331281,0.860121
1.3210739999999999,0.8574959999999999
1.3108659999999999,0.854871
1.300659,0.8504959999999999
1.290451,0.847871
1.280244,0.846121
1.270036,0.841746
1.2598289999999999,0.839996
1.2496209999999999,0.837371
1.2394129999999999,0.834746
1.229206,0.8312459999999999
1.218998,0.827746
1.208791,0.826871
1.198583,0.823371
1.1883759999999999,0.8207460000000001
1.1781679999999999,0.8189960000000001
1.1679599999999999,0.815496
1.157753,0.813746
1.147545,0.811121
1.137338,0.808496
1.12713,0.806746
1.1169229999999999,0.804121
1.106715,0.801496
1.096507,0.799746
1.0863,0.797121
1.076092,0.7953709999999999
1.065885,0.792746
1.055677,0.790996
1.04547,0.789246
1.035262,0.7857459999999999
1.025054,0.7857459999999999
1.014847,0.7831210000000001
1.004639,0.781371
0.994432,0.779621
0.984224,0.776996
0.9740169999999999,0.775246
0.9638089999999999,0.773496
0.9536009999999999,0.7717459999999999
0.943394,0.769996
0.933186,0.767371
0.922979,0.766496
0.912771,0.7647459999999999
0.9025639999999999,0.701746
0.8923559999999999,0.5608719999999999
0.8821479999999999,0.447998
0.871941,0.356998
0.861733,0.284373
0.851526,0.225748
0.841318,0.178499
0.8311109999999999,0.142624
0.8209029999999999,0.112874
0.8106949999999999,0.09099960000000001
0.800488,0.07306217599999999
0.79028,0.059499736000000004
0.780073,0.048124784000000004
0.7698649999999999,0.039156076
0.7596579999999999,0.032156106000000004
0.74945,0.026249884000000005
0.739242,0.020890532
0.729035,0.017062424
0.718827,0.01334369
0.7086199999999999,-0.022511902
0.6984119999999999,-0.02726628
0.688205,-0.026538282000000003
0.677997,-0.029159072000000005
0.667789,-0.030637464
0.657582,-0.030452666
0.647374,-0.031639862
0.6371669999999999,-0.033549452
0.6269589999999999,-0.033919052000000005
0.616752,-0.034019848
0.606544,-0.03624864
0.596336,-0.037206236000000004
0.586129,-0.03725103600000001
0.575921,-0.039048628
0.5657139999999999,-0.04057182
0.5555059999999999,-0.04121021600000001
0.545299,-0.042279816000000005
0.535091,-0.044111004
0.524883,-0.045203004000000005
0.514676,-0.046199796
0.504468,-0.048008588000000005
0.49426099999999995,-0.049408584000000005
0.48405299999999996,-0.050749776
0.473846,-0.05599975200000001
0.463638,-0.061905976
0.45343,-0.06879656800000002
0.443223,-0.07601528800000001
0.433015,-0.08487462400000001
0.42280799999999996,-0.09504644800000002
0.41259999999999997,-0.105327
0.402393,-0.119218
0.392185,-0.13409300000000002
0.38197699999999996,-0.151155
0.37177,-0.171827
0.361562,-0.195671
0.351355,-0.223561
0.341147,-0.25528
0.33094,-0.29432600000000003
0.32073199999999996,-0.340592
0.310525,-0.394076
0.300317,-0.460466
0.290109,-0.539216
0.279902,-0.633278
0.269694,-0.7471369999999999
0.25948699999999997,-0.8863709999999999
0.249279,-1.05076
0.23907199999999998,-1.259119
0.22886399999999998,-1.5157120000000002
0.218656,-1.837929
0.208449,-2.234302
0.198241,-2.794737
0.18803399999999998,-3.551609
0.17782599999999998,-4.610354
0.167619,-6.197597
0.157411,-8.294087
0.147203,-10.876201
0.136996,-13.506439
0.12678799999999998,-15.714929
0.11658099999999999,-16.939923999999998
0.106373,-16.246927
0.096166048,-13.485439
0.08595848,-9.817456
0.07575092,-6.992969
0.065543348,-5.501975
0.055335776,-4.808978
0.045128204000000005,-4.40298
0.034920632,-4.059982
0.024713064,-3.730983
0.014505494,-3.3564849999999997
0.004297924,-2.9329859999999996
-0.005909646,-2.705487
-0.016117215,-2.600488
-0.026324786000000003,-2.5374879999999997
-0.036532356,-2.505988
-0.046739924,-2.477989
-0.056947496,-2.411489
-0.067155064,-2.2924889999999998
-0.077362632,-2.15249
-0.08757020800000001,-2.012491
-0.09777777600000001,-1.889991
-0.107985,-1.791992
-0.11819199999999999,-1.7149919999999998
-0.1284,-1.6589919999999998
-0.13860799999999998,-1.606492
-0.148815,-1.557493
-0.159023,-1.504993
-0.16923,-1.4524929999999998
-0.179438,-1.4069930000000002
-0.18964499999999998,-1.368493
-0.199853,-1.3299940000000001
-0.18964499999999998,-1.238994
-0.179438,-1.1724940000000001
-0.16923,-1.1199949999999999
-0.159023,-1.074495
-0.148815,-1.032495
-0.13860799999999998,-1.0009949999999999
-0.1284,-0.962495
-0.11819199999999999,-0.930995
-0.107985,-0.902995
-0.09777777600000001,-0.878496
-0.08757020800000001,-0.853996
-0.077362632,-0.8294959999999999
-0.067155064,-0.808496
-0.056947496,-0.780496
-0.046739924,-0.7559959999999999
-0.036532356,-0.731496
-0.026324786000000003,-0.703496
-0.016117215,-0.671997
-0.005909646,-0.643997
0.004297924,-0.605497
0.014505494,-0.561747
0.024713064,-0.509247
0.034920632,-0.45149700000000004
0.045128204000000005,-0.388498
0.055335776,-0.325498
0.065543348,-0.26949799999999996
0.07575092,-0.218749
0.08595848,-0.176749
0.096166048,-0.14349900000000002
0.106373,-0.11724899999999999
0.11658099999999999,-0.095374576
0.12678799999999998,-0.07699965600000001
0.136996,-0.06168722800000001
0.147203,-0.04549980000000001
0.157411,-0.028874872
0.167619,-0.01334369
0.17782599999999998,0.004812478
0.18803399999999998,0.026578006000000005
0.198241,0.048124784000000004
0.208449,0.073171552
0.218656,0.102374
0.22886399999999998,0.134202
0.23907199999999998,0.16985799999999998
0.249279,0.21251399999999998
0.25948699999999997,0.267639
0.269694,0.34442
0.279902,0.45882599999999996
0.290109,0.6268250000000001
0.300317,0.8582609999999999
0.310525,1.14701
0.32073199999999996,1.4953679999999998
0.33094,1.8353039999999998
0.341147,2.106115
0.351355,2.272364
0.361562,2.3292390000000003
0.37177,2.2924889999999998
0.38197699999999996,2.202802
0.392185,2.095615
0.402393,1.983178
0.41259999999999997,1.8781789999999998
0.42280799999999996,1.793304
0.433015,1.727679
0.443223,1.6856790000000001
0.45343,1.679117
0.463638,1.723742
0.473846,1.8449289999999998
0.48405299999999996,2.07024
0.49426099999999995,2.4058010000000003
0.504468,2.8441739999999998
0.514676,3.3836090000000003
0.524883,3.985169
0.535091,4.588479
0.545299,5.173852
0.5555059999999999,5.747849
0.5657139999999999,6.305221
0.575921,6.778594
0.586129,7.036718
0.596336,7.004343
0.606544,6.791719
0.616752,6.50472
0.6269589999999999,6.026972
0.6371669999999999,5.379476
0.647374,4.8247279999999995
0.657582,4.41698
0.667789,4.122106
0.677997,3.9068569999999996
0.688205,3.743233
0.6984119999999999,3.616358
0.7086199999999999,3.5174839999999996
0.718827,3.434359
0.729035,3.366984
0.739242,3.307485
0.74945,3.25411
0.7596579999999999,3.207735
0.7698649999999999,3.16661
0.780073,3.132486
0.79028,3.105361
0.800488,3.084361
0.8106949999999999,3.072111
0.8209029999999999,3.0686109999999998
0.8311109999999999,3.076486
0.841318,3.100111
0.851526,3.14036
0.861733,3.007361
0.871941,2.669613
0.8821479999999999,2.443864
0.8923559999999999,2.2706139999999997
0.9025639999999999,2.134115
0.912771,2.022115
0.922979,1.9249910000000001
0.933186,1.845366
0.943394,1.774492
0.9536009999999999,1.712367
0.9638089999999999,1.6581169999999998
0.9740169999999999,1.6091170000000001
0.984224,1.566243
0.994432,1.526868
1.004639,1.489243
1.014847,1.457743
1.025054,1.426243
1.035262,1.3991179999999999
1.04547,1.373743
1.055677,1.348368
1.065885,1.326494
1.076092,1.305494
1.0863,1.285369
1.096507,1.267869
1.106715,1.2494939999999999
1.1169229999999999,1.233744
1.12713,1.217994
1.137338,1.202244
1.147545,1.1899939999999998
1.157753,1.175119
1.1679599999999999,1.162869
1.1781679999999999,1.1506189999999998
1.1883759999999999,1.138369
1.198583,1.127869
1.208791,1.1164949999999998
1.218998,1.1059949999999998
1.229206,1.097245
1.2394129999999999,1.0867449999999999
1.2496209999999999,1.07887
1.2598289999999999,1.069245
1.270036,1.060495
1.280244,1.0526200000000001
1.290451,1.0438699999999999
1.300659,1.037745
1.3108659999999999,1.0298699999999998
1.3210739999999999,1.021995
1.331281,1.0158699999999998
1.341489,1.007995
1.351697,1.0018699999999998
1.361904,0.995745
1.372112,0.9887449999999999
1.3823189999999999,0.983495
1.3925269999999998,0.97737
1.402734,0.9712449999999999
1.412942,0.965995
1.42315,0.9598699999999999
1.433357,0.9554950000000001
1.443565,0.950245
1.4537719999999998,0.944995
1.4639799999999998,0.94062
1.474187,0.93537
1.484395,0.930995
1.494603,0.92662
1.50481,0.92137
1.494603,0.91787
1.484395,0.913495
1.474187,0.90912
1.4639799999999998,0.90562
1.4537719999999998,0.90037
1.443565,0.897745
1.433357,0.8933709999999999
1.42315,0.888996
1.412942,0.8863709999999999
1.402734,0.881996
1.3925269999999998,0.878496
1.3823189999999999,0.874996
1.372112,0.8714959999999999
1.361904,0.868871
1.351697,0.8644959999999999
1.341489,0.861871
1.331281,0.859246
1.3210739999999999,0.854871
1.3108659999999999,0.853121
1.300659,0.848746
1.290451,0.846121
1.280244,0.844371
1.270036,0.839996
1.2598289999999999,0.8382459999999999
1.2496209999999999,0.834746
1.2394129999999999,0.832121
1.229206,0.8294959999999999
1.218998,0.826871
1.208791,0.824246
1.198583,0.8216209999999999
1.1883759999999999,0.8189960000000001
1.1781679999999999,0.817246
1.1679599999999999,0.813746
1.157753,0.811996
1.147545,0.809371
1.137338,0.806746
1.12713,0.804996
1.1169229999999999,0.802371
1.106715,0.799746
1.096507,0.797996
1.0863,0.7953709999999999
1.076092,0.7936209999999999
1.065885,0.7918709999999999
1.055677,0.789246
1.04547,0.7883709999999999
1.035262,0.784871
1.025054,0.783996
1.014847,0.781371
1.004639,0.7787459999999999
0.994432,0.777871
0.984224,0.775246
0.9740169999999999,0.774371
0.9638089999999999,0.772621
0.9536009999999999,0.769121
0.943394,0.769121
0.933186,0.766496
0.922979,0.7647459999999999
0.912771,0.7629959999999999
0.9025639999999999,0.703496
0.8923559999999999,0.561747
0.8821479999999999,0.449747
0.871941,0.358748
0.861733,0.285248
0.851526,0.226623
0.841318,0.179374
0.8311109999999999,0.142624
0.8209029999999999,0.11374899999999999
0.8106949999999999,0.09143709600000001
0.800488,0.073499672
0.79028,0.059499736000000004
0.780073,0.048343536000000006
0.7698649999999999,0.039156076
0.7596579999999999,0.032156106000000004
0.74945,0.026468634
0.739242,0.021218656000000002
0.729035,0.017062424
0.718827,0.013453065
0.7086199999999999,-0.0224559
0.6984119999999999,-0.027249480000000003
0.688205,-0.026555084000000003
0.677997,-0.029136672000000002
0.667789,-0.030581466000000005
0.657582,-0.030463868000000005
0.647374,-0.031595062
0.6371669999999999,-0.033543854000000005
0.6269589999999999,-0.033924652
0.616752,-0.033975048
0.606544,-0.03622064
0.596336,-0.037183836000000005
0.586129,-0.037267836
0.575921,-0.039048628
0.5657139999999999,-0.04052142
0.5555059999999999,-0.041187816
0.545299,-0.042218216
0.535091,-0.044049408000000005
0.524883,-0.045203004000000005
0.514676,-0.046138196
0.504468,-0.047997388
0.49426099999999995,-0.049374980000000006
0.48405299999999996,-0.05053102400000001
0.473846,-0.055890376000000005
0.463638,-0.061577852
0.45343,-0.068359072
0.443223,-0.07568716
0.433015,-0.08465587200000001
0.42280799999999996,-0.09449958400000001
0.41259999999999997,-0.10510800000000001
0.402393,-0.118561
0.392185,-0.133655
0.38197699999999996,-0.150608
0.37177,-0.171171
0.361562,-0.195124
0.351355,-0.222467
0.341147,-0.254405
0.33094,-0.292904
0.32073199999999996,-0.33916999999999997
0.310525,-0.392216
0.300317,-0.458169
0.290109,-0.536919
0.279902,-0.6301059999999999
0.269694,-0.743637
0.25948699999999997,-0.8818860000000001
0.249279,-1.045511
0.23907199999999998,-1.252556
0.22886399999999998,-1.5078369999999999
0.218656,-1.827429
0.208449,-2.221615
0.198241,-2.776362
0.18803399999999998,-3.525359
0.17782599999999998,-4.576229
0.167619,-6.145097
0.157411,-8.227587999999999
0.147203,-10.802701
0.136996,-13.44169
0.12678799999999998,-15.678180000000001
0.11658099999999999,-16.957424
0.106373,-16.334425999999997
0.096166048,-13.625437999999999
0.08595848,-9.957455
0.07575092,-7.080468
0.065543348,-5.5474749999999995
0.055335776,-4.8299780000000005
0.045128204000000005,-4.406479999999999
0.034920632,-4.056481
0.024713064,-3.730983
0.014505494,-3.3564849999999997
0.004297924,-2.9399859999999998
-0.005909646,-2.7159869999999997
-0.016117215,-2.603988
-0.026324786000000003,-2.544488
-0.036532356,-2.509488
-0.046739924,-2.481489
-0.056947496,-2.4149890000000003
-0.067155064,-2.299489
-0.077362632,-2.15949
-0.08757020800000001,-2.02299
-0.09777777600000001,-1.8934909999999998
-0.107985,-1.795491
-0.11819199999999999,-1.721992
-0.1284,-1.6624919999999999
-0.13860799999999998,-1.609992
-0.148815,-1.560993
-0.159023,-1.508493
-0.16923,-1.4559929999999999
-0.179438,-1.413993
-0.18964499999999998,-1.371993
-0.199853,-1.3334940000000002
-0.18964499999999998,-1.242494
-0.179438,-1.175994
-0.16923,-1.126995
-0.159023,-1.077995
-0.148815,-1.035995
-0.13860799999999998,-1.0009949999999999
-0.1284,-0.962495
-0.11819199999999999,-0.930995
-0.107985,-0.902995
-0.09777777600000001,-0.878496
-0.08757020800000001,-0.853996
-0.077362632,-0.832996
-0.067155064,-0.808496
-0.056947496,-0.783996
-0.046739924,-0.7559959999999999
-0.036532356,-0.731496
-0.026324786000000003,-0.703496
-0.016117215,-0.673747
-0.005909646,-0.642247
0.004297924,-0.605497
0.014505494,-0.561747
0.024713064,-0.5074970000000001
0.034920632,-0.449747
0.045128204000000005,-0.386748
0.055335776,-0.323748
0.065543348,-0.26599799999999996
0.07575092,-0.216999
0.08595848,-0.174999
0.096166048,-0.14349900000000002
0.106373,-0.11637399999999999
0.11658099999999999,-0.09449958400000001
0.12678799999999998,-0.07656216
0.136996,-0.061249732
0.147203,-0.044624800000000006
0.157411,-0.028656122000000003
0.167619,-0.012687444
0.17782599999999998,0.006671845
0.18803399999999998,0.027234254000000003
0.198241,0.048999784000000005
0.208449,0.07426529600000001
0.218656,0.10335799999999999
0.22886399999999998,0.135405
0.23907199999999998,0.171061
0.249279,0.21426399999999998
0.25948699999999997,0.269717
0.269694,0.34781
0.279902,0.46331
0.290109,0.633497
0.300317,0.866792
0.310525,1.15576
0.32073199999999996,1.506305
0.33094,1.8449289999999998
0.341147,2.112678
0.351355,2.275864
0.361562,2.328802
0.37177,2.2894270000000003
0.38197699999999996,2.199302
0.392185,2.0908029999999997
0.402393,1.9788029999999999
0.41259999999999997,1.8746789999999998
0.42280799999999996,1.7902419999999999
0.433015,1.725054
0.443223,1.6843670000000002
0.45343,1.679555
0.463638,1.726367
0.473846,1.852804
0.48405299999999996,2.083803
0.49426099999999995,2.4241759999999997
0.504468,2.869987
0.514676,3.415547
0.524883,4.021044
0.535091,4.627854
0.545299,5.214101
0.5555059999999999,5.791599
0.5657139999999999,6.347221
0.575921,6.817969
0.586129,7.064717999999999
0.596336,7.018343
0.606544,6.795219
0.616752,6.495971
0.6269589999999999,6.0015979999999995
0.6371669999999999,5.351476
0.647374,4.8011029999999995
0.657582,4.400354999999999
0.667789,4.108981
0.677997,3.897232
0.688205,3.7344829999999996
0.6984119999999999,3.609358
0.7086199999999999,3.510484
0.718827,3.429109
0.729035,3.359985
0.739242,3.30136
0.74945,3.247985
0.7596579999999999,3.2016099999999996
0.7698649999999999,3.160485
0.780073,3.1281109999999996
0.79028,3.100111
0.800488,3.079986
0.8106949999999999,3.067736
0.8209029999999999,3.065111
0.8311109999999999,3.073861
0.841318,3.097486
0.851526,3.1394859999999998
0.861733,2.993361
0.871941,2.6591129999999996
0.8821479999999999,2.435114
0.8923559999999999,2.264489
0.9025639999999999,2.1271150000000003
0.912771,2.01599
0.922979,1.921491
0.933186,1.840116
0.943394,1.7709920000000001
0.9536009999999999,1.707992
0.9638089999999999,1.654617
0.9740169999999999,1.605617
0.984224,1.562742
0.994432,1.523368
1.004639,1.486618
1.014847,1.454243
1.025054,1.4244929999999998
1.035262,1.3956179999999998
1.04547,1.371118
1.055677,1.345744
1.065885,1.323869
1.076092,1.302869
1.0863,1.2827439999999999
1.096507,1.2652439999999998
1.106715,1.246869
1.1169229999999999,1.2302440000000001
1.12713,1.2153690000000001
1.137338,1.200494
1.147545,1.186494
1.157753,1.1724940000000001
1.1679599999999999,1.160244
1.1781679999999999,1.148869
1.1883759999999999,1.1357439999999999
1.198583,1.125245
1.208791,1.114745
1.218998,1.104245
1.229206,1.095495
1.2394129999999999,1.0849950000000002
1.2496209999999999,1.076245
1.2598289999999999,1.067495
1.270036,1.0578699999999999
1.280244,1.05087
1.290451,1.0421200000000002
1.300659,1.0342449999999999
1.3108659999999999,1.0281200000000001
1.3210739999999999,1.0193699999999999
1.331281,1.0132450000000002
1.341489,1.006245
1.351697,0.999245
1.361904,0.993995
1.372112,0.9869949999999998
1.3823189999999999,0.981745
1.3925269999999998,0.9756199999999999
1.402734,0.9694950000000001
1.412942,0.96512
1.42315,0.9589949999999999
1.433357,0.9537450000000001
1.443565,0.9493699999999999
1.4537719999999998,0.943245
1.4639799999999998,0.93887
1.474187,0.93362
1.484395,0.92837
1.494603,0.92487
1.50481,0.91962
1.494603,0.91612
1.484395,0.9117449999999999
1.474187,0.9064949999999999
1.4639799999999998,0.90387
1.4537719999999998,0.89862
1.443565,0.8951209999999999
1.433357,0.891621
1.42315,0.887246
1.412942,0.884621
1.402734,0.880246
1.3925269999999998,0.876746
1.3823189999999999,0.8741209999999999
1.372112,0.869746
1.361904,0.8671209999999999
1.351697,0.8636210000000001
1.341489,0.859246
1.331281,0.8574959999999999
1.3210739999999999,0.853121
1.3108659999999999,0.8504959999999999
1.300659,0.847871
1.290451,0.844371
1.280244,0.842621
1.270036,0.8382459999999999
1.2598289999999999,0.8364959999999999
1.2496209999999999,0.833871
1.2394129999999999,0.8294959999999999
1.229206,0.8286209999999999
1.218998,0.825121
1.208791,0.822496
1.198583,0.8207460000000001
1.1883759999999999,0.817246
1.1781679999999999,0.815496
1.1679599999999999,0.812871
1.157753,0.809371
1.147545,0.808496
1.137338,0.804996
1.12713,0.803246
1.1169229999999999,0.8006209999999999
1.106715,0.797996
1.096507,0.797121
1.0863,0.7936209999999999
1.076092,0.7918709999999999
1.065885,0.790121
1.055677,0.787496
1.04547,0.786621
1.035262,0.783996
1.025054,0.781371
1.014847,0.780496
1.004639,0.776996
0.994432,0.7761210000000001
0.984224,0.773496
0.9740169999999999,0.7717459999999999
0.9638089999999999,0.770871
0.9536009999999999,0.767371
0.943394,0.766496
0.933186,0.7647459999999999
0.922979,0.7629959999999999
0.912771,0.762121
0.9025639999999999,0.706121
0.8923559999999999,0.564372
0.8821479999999999,0.45149700000000004
0.871941,0.360498
0.861733,0.286123
0.851526,0.22749799999999998
0.841318,0.180249
0.8311109999999999,0.14349900000000002
0.8209029999999999,0.11462399999999999
0.8106949999999999,0.091874592
0.800488,0.07393717600000001
0.79028,0.059499736000000004
0.780073,0.048562284000000004
0.7698649999999999,0.039374824
0.7596579999999999,0.032374858000000006
0.74945,0.026468634
0.739242,0.021218656000000002
0.729035,0.017062424
0.718827,0.013671815
0.7086199999999999,-0.022534302000000003
0.6984119999999999,-0.02717668
0.688205,-0.026499084000000003
0.677997,-0.029091872
0.667789,-0.030581466000000005
0.657582,-0.030447066000000002
0.647374,-0.03158946
0.6371669999999999,-0.033487852
0.6269589999999999,-0.033919052000000005
0.616752,-0.033930248
0.606544,-0.03622624
0.596336,-0.037144636
0.586129,-0.037206236000000004
0.575921,-0.03901502800000001
0.5657139999999999,-0.04052142
0.5555059999999999,-0.04118222
0.545299,-0.042218216
0.535091,-0.044015808000000003
0.524883,-0.0451694
0.514676,-0.046115796
0.504468,-0.047958188000000006
0.49426099999999995,-0.04936938400000001
0.48405299999999996,-0.050312276
0.473846,-0.055562252000000006
0.463638,-0.061577852
0.45343,-0.068249696
0.443223,-0.075577792
0.433015,-0.084327752
0.42280799999999996,-0.09428083200000001
0.41259999999999997,-0.104671
0.402393,-0.11812399999999999
0.392185,-0.13332699999999997
0.38197699999999996,-0.149952
0.37177,-0.170514
0.361562,-0.194358
0.351355,-0.22137400000000002
0.341147,-0.25342
0.33094,-0.29191999999999996
0.32073199999999996,-0.337529
0.310525,-0.390685
0.300317,-0.455982
0.290109,-0.5342939999999999
0.279902,-0.627044
0.269694,-0.739918
0.25948699999999997,-0.877621
0.249279,-1.0401509999999998
0.23907199999999998,-1.246213
0.22886399999999998,-1.4997429999999998
0.218656,-1.817148
0.208449,-2.209584
0.198241,-2.758425
0.18803399999999998,-3.5008589999999997
0.17782599999999998,-4.542542
0.167619,-6.093472
0.157411,-8.161963
0.147203,-10.729201999999999
0.136996,-13.37519
0.12678799999999998,-15.63618
0.11658099999999999,-16.964423999999998
0.106373,-16.411426000000002
0.096166048,-13.761938
0.08595848,-10.090455
0.07575092,-7.167968
0.065543348,-5.592974
0.055335776,-4.854477999999999
0.045128204000000005,-4.41698
0.034920632,-4.056481
0.024713064,-3.727483
0.014505494,-3.3564849999999997
0.004297924,-2.9399859999999998
-0.005909646,-2.719487
-0.016117215,-2.610988
-0.026324786000000003,-2.551488
-0.036532356,-2.516488
-0.046739924,-2.4884880000000003
-0.056947496,-2.421989
-0.067155064,-2.3064889999999996
-0.077362632,-2.1699900000000003
-0.08757020800000001,-2.029991
-0.09777777600000001,-1.9039909999999998
-0.107985,-1.802492
-0.11819199999999999,-1.725492
-0.1284,-1.669492
-0.13860799999999998,-1.613492
-0.148815,-1.5644930000000001
-0.159023,-1.511993
-0.16923,-1.459493
-0.179438,-1.417493
-0.18964499999999998,-1.375493
-0.199853,-1.336994
-0.18964499999999998,-1.245994
-0.179438,-1.175994
-0.16923,-1.126995
-0.159023,-1.077995
-0.148815,-1.035995
-0.13860799999999998,-1.0009949999999999
-0.1284,-0.965995
-0.11819199999999999,-0.934495
-0.107985,-0.9064949999999999
-0.09777777600000001,-0.881996
-0.08757020800000001,-0.8574959999999999
-0.077362632,-0.832996
-0.067155064,-0.808496
-0.056947496,-0.783996
-0.046739924,-0.759496
-0.036532356,-0.731496
-0.026324786000000003,-0.703496
-0.016117215,-0.673747
-0.005909646,-0.643997
0.004297924,-0.605497
0.014505494,-0.561747
0.024713064,-0.5074970000000001
0.034920632,-0.447998
0.045128204000000005,-0.384998
0.055335776,-0.321998
0.065543348,-0.26599799999999996
0.07575092,-0.215249
0.08595848,-0.174124
0.096166048,-0.141749
0.106373,-0.11549899999999999
0.11658099999999999,-0.09362458400000001
0.12678799999999998,-0.076124664
0.136996,-0.060374732
0.147203,-0.043749808
0.157411,-0.027781126000000003
0.167619,-0.011593698000000001
0.17782599999999998,0.0074374670000000006
0.18803399999999998,0.028109250000000002
0.198241,0.050093528000000005
0.208449,0.07481216800000001
0.218656,0.10434299999999999
0.22886399999999998,0.136499
0.23907199999999998,0.172374
0.249279,0.215905
0.25948699999999997,0.27190499999999995
0.269694,0.35098199999999996
0.279902,0.467904
0.290109,0.639512
0.300317,0.875433
0.310525,1.16451
0.32073199999999996,1.5170240000000002
0.33094,1.8534599999999999
0.341147,2.118365
0.351355,2.278489
0.361562,2.327489
0.37177,2.2863640000000003
0.38197699999999996,2.195365
0.392185,2.0859900000000002
0.402393,1.973991
0.41259999999999997,1.870304
0.42280799999999996,1.7867419999999998
0.433015,1.722429
0.443223,1.682617
0.45343,1.679992
0.463638,1.7294289999999999
0.473846,1.8598039999999998
0.48405299999999996,2.096928
0.49426099999999995,2.442989
0.504468,2.894487
0.514676,3.445734
0.524883,4.055605999999999
0.535091,4.664604000000001
0.545299,5.253476
0.5555059999999999,5.832724
0.5657139999999999,6.389221
0.575921,6.854719
0.586129,7.090967999999999
0.596336,7.0305930000000005
0.606544,6.796093999999999
0.616752,6.484596
0.6269589999999999,5.975347999999999
0.6371669999999999,5.323476
0.647374,4.780103
0.657582,4.38373
0.667789,4.096731
0.677997,3.885857
0.688205,3.7266079999999997
0.6984119999999999,3.601483
0.7086199999999999,3.503484
0.718827,3.422109
0.729035,3.3529850000000003
0.739242,3.2943599999999997
0.74945,3.240985
0.7596579999999999,3.1937349999999998
0.7698649999999999,3.1543609999999997
0.780073,3.1211109999999995
0.79028,3.093986
0.800488,3.073861
0.8106949999999999,3.062486
0.8209029999999999,3.060736
0.8311109999999999,3.069486
0.841318,3.093986
0.851526,3.136861
0.861733,2.976736
0.871941,2.648613
0.8821479999999999,2.425489
0.8923559999999999,2.256614
0.9025639999999999,2.12099
0.912771,2.009865
0.922979,1.915366
0.933186,1.8348659999999999
0.943394,1.766617
0.9536009999999999,1.703617
0.9638089999999999,1.650242
0.9740169999999999,1.602992
0.984224,1.558368
0.994432,1.519868
1.004639,1.483118
1.014847,1.4507430000000001
1.025054,1.420993
1.035262,1.392118
1.04547,1.367618
1.055677,1.343119
1.065885,1.3212439999999999
1.076092,1.301119
1.0863,1.280119
1.096507,1.262619
1.106715,1.245119
1.1169229999999999,1.228494
1.12713,1.213619
1.137338,1.197869
1.147545,1.184744
1.157753,1.170744
1.1679599999999999,1.157619
1.1781679999999999,1.1471189999999998
1.1883759999999999,1.133994
1.198583,1.123494
1.208791,1.112995
1.218998,1.1016199999999998
1.229206,1.09287
1.2394129999999999,1.083245
1.2496209999999999,1.0736199999999998
1.2598289999999999,1.06487
1.270036,1.0561200000000002
1.280244,1.0482449999999999
1.290451,1.04037
1.300659,1.032495
1.3108659999999999,1.025495
1.3210739999999999,1.01762
1.331281,1.011495
1.341489,1.0053699999999999
1.351697,0.997495
1.361904,0.9922449999999999
1.372112,0.985245
1.3823189999999999,0.97912
1.3925269999999998,0.9738699999999999
1.402734,0.9677450000000001
1.412942,0.962495
1.42315,0.9572449999999999
1.433357,0.95112
1.443565,0.9476199999999999
1.4537719999999998,0.94062
1.4639799999999998,0.9371200000000001
1.474187,0.93187
1.484395,0.92662
1.494603,0.92312
1.50481,0.91787
1.494603,0.913495
1.484395,0.9099949999999999
1.474187,0.90562
1.4639799999999998,0.90212
1.4537719999999998,0.897745
1.443565,0.8924960000000001
1.433357,0.889871
1.42315,0.8854960000000001
1.412942,0.881996
1.402734,0.878496
1.3925269999999998,0.8741209999999999
1.3823189999999999,0.8723709999999999
1.372112,0.867996
1.361904,0.865371
1.351697,0.861871
1.341489,0.8574959999999999
1.331281,0.855746
1.3210739999999999,0.852246
1.3108659999999999,0.848746
1.300659,0.846121
1.290451,0.841746
1.280244,0.839996
1.270036,0.837371
1.2598289999999999,0.833871
1.2496209999999999,0.832121
1.2394129999999999,0.8286209999999999
1.229206,0.826871
1.218998,0.824246
1.208791,0.8207460000000001
1.198583,0.8189960000000001
1.1883759999999999,0.815496
1.1781679999999999,0.813746
1.1679599999999999,0.811121
1.157753,0.8076209999999999
1.147545,0.805871
1.137338,0.804121
1.12713,0.801496
1.1169229999999999,0.799746
1.106715,0.796246
1.096507,0.794496
1.0863,0.792746
1.076092,0.790121
1.065885,0.7883709999999999
1.055677,0.7857459999999999
1.04547,0.783996
1.035262,0.782246
1.025054,0.779621
1.014847,0.7787459999999999
1.004639,0.775246
0.994432,0.774371
0.984224,0.772621
0.9740169999999999,0.769996
0.9638089999999999,0.769121
0.9536009999999999,0.766496
0.943394,0.7647459999999999
0.933186,0.7629959999999999
0.922979,0.761246
0.912771,0.759496
0.9025639999999999,0.706996
0.8923559999999999,0.565247
0.8821479999999999,0.452372
0.871941,0.361373
0.861733,0.287873
0.851526,0.228373
0.841318,0.180249
0.8311109999999999,0.14349900000000002
0.8209029999999999,0.11462399999999999
0.8106949999999999,0.091874592
0.800488,0.07393717600000001
0.79028,0.059499736000000004
0.780073,0.048562284000000004
0.7698649999999999,0.039374824
0.7596579999999999,0.032374858000000006
0.74945,0.026468634
0.739242,0.02132803
0.729035,0.01695305
0.718827,0.013671815
0.7086199999999999,-0.022523102000000003
0.6984119999999999,-0.027154280000000003
0.688205,-0.026454284
0.677997,-0.029142272
0.667789,-0.030564664000000002
0.657582,-0.030402266
0.647374,-0.031550262
0.6371669999999999,-0.033465452
0.6269589999999999,-0.033902252
0.616752,-0.033902252
0.606544,-0.03619824
0.596336,-0.037172636
0.586129,-0.037161436000000006
0.575921,-0.039009428000000006
0.5657139999999999,-0.04048222
0.5555059999999999,-0.04111502
0.545299,-0.042223812
0.535091,-0.043959804
0.524883,-0.045147
0.514676,-0.046048596000000004
0.504468,-0.047890988
0.49426099999999995,-0.04935818
0.48405299999999996,-0.050202904000000007
0.473846,-0.05545288
0.463638,-0.061359104000000005
0.45343,-0.0678122
0.443223,-0.07535904
0.433015,-0.084109008
0.42280799999999996,-0.093843336
0.41259999999999997,-0.104452
0.402393,-0.117468
0.392185,-0.13299899999999998
0.38197699999999996,-0.14962399999999998
0.37177,-0.16974899999999998
0.361562,-0.19370199999999999
0.351355,-0.220499
0.341147,-0.252436
0.33094,-0.29071699999999995
0.32073199999999996,-0.33599799999999996
0.310525,-0.389045
0.300317,-0.454013
0.290109,-0.531888
0.279902,-0.624091
0.269694,-0.736418
0.25948699999999997,-0.873902
0.249279,-1.035557
0.23907199999999998,-1.2400879999999999
0.22886399999999998,-1.491868
0.218656,-1.807085
0.208449,-2.19799
0.198241,-2.740925
0.18803399999999998,-3.4767959999999998
0.17782599999999998,-4.510604
0.167619,-6.044473
0.157411,-8.098963
0.147203,-10.659202
0.136996,-13.313939999999999
0.12678799999999998,-15.595929
0.11658099999999999,-16.974923999999998
0.106373,-16.495427
0.096166048,-13.898437999999999
0.08595848,-10.226954
0.07575092,-7.255467
0.065543348,-5.638475000000001
0.055335776,-4.875478
0.045128204000000005,-4.423979999999999
0.034920632,-4.052981
0.024713064,-3.723983
0.014505494,-3.349485
0.004297924,-2.9399859999999998
-0.005909646,-2.726487
-0.016117215,-2.617988
-0.026324786000000003,-2.554988
-0.036532356,-2.523488
-0.046739924,-2.491988
-0.056947496,-2.428989
-0.067155064,-2.3134889999999997
-0.077362632,-2.17699
-0.08757020800000001,-2.03699
-0.09777777600000001,-1.9109909999999999
-0.107985,-1.809491
-0.11819199999999999,-1.7289919999999999
-0.1284,-1.6729919999999998
-0.13860799999999998,-1.616992
-0.148815,-1.567993
-0.159023,-1.515493
-0.16923,-1.462993
-0.179438,-1.420993
-0.18964499999999998,-1.3789930000000001
-0.199853,-1.336994
-0.18964499999999998,-1.245994
-0.179438,-1.1829939999999999
-0.16923,-1.1304949999999998
-0.159023,-1.081495
-0.148815,-1.039495
-0.13860799999999998,-1.004495
-0.1284,-0.9694950000000001
-0.11819199999999999,-0.937995
-0.107985,-0.9099949999999999
-0.09777777600000001,-0.8854960000000001
-0.08757020800000001,-0.8574959999999999
-0.077362632,-0.8364959999999999
-0.067155064,-0.811996
-0.056947496,-0.783996
-0.046739924,-0.759496
-0.036532356,-0.734996
-0.026324786000000003,-0.703496
-0.016117215,-0.673747
-0.005909646,-0.643997
0.004297924,-0.605497
0.014505494,-0.559997
0.024713064,-0.5057470000000001
0.034920632,-0.447998
0.045128204000000005,-0.383248
0.055335776,-0.320248
0.065543348,-0.264248
0.07575092,-0.213499
0.08595848,-0.173249
0.096166048,-0.140874
0.106373,-0.11549899999999999
0.11658099999999999,-0.093187088
0.12678799999999998,-0.07524966400000001
0.136996,-0.05993723200000001
0.147203,-0.043531056000000005
0.157411,-0.02734363
0.167619,-0.010937452
0.17782599999999998,0.007874965
0.18803399999999998,0.028765498000000004
0.198241,0.05096852400000001
0.208449,0.07579653600000001
0.218656,0.105655
0.22886399999999998,0.137593
0.23907199999999998,0.173358
0.249279,0.217327
0.25948699999999997,0.273873
0.269694,0.354045
0.279902,0.472279
0.290109,0.645856
0.300317,0.883527
0.310525,1.172385
0.32073199999999996,1.526868
0.33094,1.861772
0.341147,2.123834
0.351355,2.281114
0.361562,2.325739
0.37177,2.282864
0.38197699999999996,2.191427
0.392185,2.0816149999999998
0.402393,1.9696159999999998
0.41259999999999997,1.866804
0.42280799999999996,1.783679
0.433015,1.7206789999999998
0.443223,1.681742
0.45343,1.680429
0.463638,1.732929
0.473846,1.867241
0.48405299999999996,2.109615
0.49426099999999995,2.4609259999999997
0.504468,2.9198609999999996
0.514676,3.475921
0.524883,4.089294000000001
0.535091,4.7004790000000005
0.545299,5.290226
0.5555059999999999,5.872973
0.5657139999999999,6.430346
0.575921,6.890594
0.586129,7.117217999999999
0.596336,7.041968
0.606544,6.795219
0.616752,6.475846
0.6269589999999999,5.951722999999999
0.6371669999999999,5.297226
0.647374,4.758228
0.657582,4.367105
0.667789,4.084481
0.677997,3.8762320000000003
0.688205,3.717858
0.6984119999999999,3.594483
0.7086199999999999,3.4964839999999997
0.718827,3.4151089999999997
0.729035,3.34686
0.739242,3.2882350000000002
0.74945,3.23486
0.7596579999999999,3.18761
0.7698649999999999,3.14736
0.780073,3.114111
0.79028,3.087861
0.800488,3.0686109999999998
0.8106949999999999,3.057236
0.8209029999999999,3.056361
0.8311109999999999,3.065986
0.841318,3.091361
0.851526,3.13511
0.861733,2.961861
0.871941,2.6389880000000003
0.8821479999999999,2.416739
0.8923559999999999,2.25049
0.9025639999999999,2.114865
0.912771,2.0037399999999996
0.922979,1.9118659999999998
0.933186,1.830491
0.943394,1.7622419999999999
0.9536009999999999,1.7009919999999998
0.9638089999999999,1.645867
0.9740169999999999,1.599492
0.984224,1.554868
0.994432,1.516368
1.004639,1.480493
1.014847,1.447243
1.025054,1.418368
1.035262,1.389493
1.04547,1.364993
1.055677,1.341369
1.065885,1.317744
1.076092,1.298494
1.0863,1.277494
1.096507,1.259119
1.106715,1.242494
1.1169229999999999,1.224994
1.12713,1.210994
1.137338,1.196119
1.147545,1.182119
1.157753,1.168994
1.1679599999999999,1.154994
1.1781679999999999,1.143619
1.1883759999999999,1.1322439999999998
1.198583,1.12087
1.208791,1.11037
1.218998,1.098995
1.229206,1.090245
1.2394129999999999,1.08062
1.2496209999999999,1.0709950000000001
1.2598289999999999,1.063995
1.270036,1.05437
1.280244,1.04562
1.290451,1.039495
1.300659,1.0307449999999998
1.3108659999999999,1.023745
1.3210739999999999,1.016745
1.331281,1.00887
1.341489,1.002745
1.351697,0.995745
1.361904,0.9896199999999999
1.372112,0.983495
1.3823189999999999,0.976495
1.3925269999999998,0.9721199999999999
1.402734,0.96512
1.412942,0.9598699999999999
1.42315,0.9554950000000001
1.433357,0.9493699999999999
1.443565,0.944995
1.4537719999999998,0.9397449999999999
1.4639799999999998,0.934495
1.474187,0.930995
1.484395,0.92487
1.494603,0.920495
1.50481,0.9169949999999999
1.494603,0.9117449999999999
1.484395,0.908245
1.474187,0.902995
1.4639799999999998,0.899495
1.4537719999999998,0.895996
1.443565,0.890746
1.433357,0.8881209999999999
1.42315,0.883746
1.412942,0.880246
1.402734,0.877621
1.3925269999999998,0.873246
1.3823189999999999,0.869746
1.372112,0.866246
1.361904,0.862746
1.351697,0.860121
1.341489,0.855746
1.331281,0.853996
1.3210739999999999,0.8504959999999999
1.3108659999999999,0.846996
1.300659,0.844371
1.290451,0.840871
1.280244,0.8382459999999999
1.270036,0.8364959999999999
1.2598289999999999,0.832121
1.2496209999999999,0.830371
1.2394129999999999,0.827746
1.229206,0.824246
1.218998,0.822496
1.208791,0.8189960000000001
1.198583,0.817246
1.1883759999999999,0.8146209999999999
1.1781679999999999,0.811121
1.1679599999999999,0.810246
1.157753,0.806746
1.147545,0.804996
1.137338,0.802371
1.12713,0.798871
1.1169229999999999,0.797996
1.106715,0.794496
1.096507,0.792746
1.0863,0.7918709999999999
1.076092,0.7883709999999999
1.065885,0.787496
1.055677,0.784871
1.04547,0.782246
1.035262,0.781371
1.025054,0.777871
1.014847,0.776996
1.004639,0.774371
0.994432,0.772621
0.984224,0.7717459999999999
0.9740169999999999,0.768246
0.9638089999999999,0.767371
0.9536009999999999,0.765621
0.943394,0.7629959999999999
0.933186,0.762121
0.922979,0.759496
0.912771,0.758621
0.9025639999999999,0.709621
0.8923559999999999,0.566997
0.8821479999999999,0.45412199999999997
0.871941,0.362248
0.861733,0.288748
0.851526,0.22924799999999998
0.841318,0.181999
0.8311109999999999,0.144374
0.8209029999999999,0.11462399999999999
0.8106949999999999,0.092312088
0.800488,0.074374672
0.79028,0.05993723200000001
0.780073,0.048562284000000004
0.7698649999999999,0.03959357200000001
0.7596579999999999,0.032593606000000004
0.74945,0.026468634
0.739242,0.021546778000000003
0.729035,0.017062424
0.718827,0.013781188000000002
0.7086199999999999,-0.022472702000000004
0.6984119999999999,-0.027193480000000003
0.688205,-0.026448682
0.677997,-0.029147872000000002
0.667789,-0.030475066000000002
0.657582,-0.030396668000000005
0.647374,-0.03158946
0.6371669999999999,-0.033431854000000004
0.6269589999999999,-0.033907848
0.616752,-0.033874252
0.606544,-0.036142240000000006
0.596336,-0.037178236
0.586129,-0.037077436
0.575921,-0.039020628
0.5657139999999999,-0.04043182
0.5555059999999999,-0.041036616000000005
0.545299,-0.04220701200000001
0.535091,-0.043920608
0.524883,-0.0451078
0.514676,-0.046054196000000006
0.504468,-0.047812592
0.49426099999999995,-0.049313380000000004
0.48405299999999996,-0.050202904000000007
0.473846,-0.055124752000000006
0.463638,-0.061249732
0.45343,-0.067484072
0.443223,-0.07503092
0.433015,-0.08399963200000002
0.42280799999999996,-0.093515208
0.41259999999999997,-0.10434299999999999
0.402393,-0.11724899999999999
0.392185,-0.13245200000000001
0.38197699999999996,-0.14918599999999999
0.37177,-0.16920200000000002
0.361562,-0.193046
0.351355,-0.219733
0.341147,-0.251452
0.33094,-0.289733
0.32073199999999996,-0.33457600000000004
0.310525,-0.387295
0.300317,-0.451826
0.290109,-0.529263
0.279902,-0.6214649999999999
0.269694,-0.732809
0.25948699999999997,-0.8694179999999999
0.249279,-1.030854
0.23907199999999998,-1.233525
0.22886399999999998,-1.484649
0.218656,-1.7974599999999998
0.208449,-2.186177
0.198241,-2.7243
0.18803399999999998,-3.452734
0.17782599999999998,-4.479105
0.167619,-5.995473
0.157411,-8.036838999999999
0.147203,-10.589203
0.136996,-13.249191
0.12678799999999998,-15.55743
0.11658099999999999,-16.978422
0.106373,-16.565425
0.096166048,-14.020937
0.08595848,-10.349452999999999
0.07575092,-7.339466999999999
0.065543348,-5.680473999999999
0.055335776,-4.892978
0.045128204000000005,-4.43098
0.034920632,-4.052981
0.024713064,-3.7204829999999998
0.014505494,-3.349485
0.004297924,-2.9399859999999998
-0.005909646,-2.729987
-0.016117215,-2.624988
-0.026324786000000003,-2.561988
-0.036532356,-2.526988
-0.046739924,-2.4989879999999998
-0.056947496,-2.435989
-0.067155064,-2.323989
-0.077362632,-2.18399
-0.08757020800000001,-2.04399
-0.09777777600000001,-1.914491
-0.107985,-1.812991
-0.11819199999999999,-1.735992
-0.1284,-1.6729919999999998
-0.13860799999999998,-1.623992
-0.148815,-1.571493
-0.159023,-1.518993
-0.16923,-1.4699929999999999
-0.179438,-1.4244929999999998
-0.18964499999999998,-1.382493
-0.199853,-1.343994
-0.18964499999999998,-1.2494939999999999
-0.179438,-1.186494
-0.16923,-1.133994
-0.159023,-1.0849950000000002
-0.148815,-1.0429950000000001
-0.13860799999999998,-1.007995
-0.1284,-0.9729949999999999
-0.11819199999999999,-0.937995
-0.107985,-0.9099949999999999
-0.09777777600000001,-0.8854960000000001
-0.08757020800000001,-0.860996
-0.077362632,-0.8364959999999999
-0.067155064,-0.815496
-0.056947496,-0.787496
-0.046739924,-0.7629959999999999
-0.036532356,-0.734996
-0.026324786000000003,-0.706996
-0.016117215,-0.6754969999999999
-0.005909646,-0.642247
0.004297924,-0.605497
0.014505494,-0.558247
0.024713064,-0.5057470000000001
0.034920632,-0.444498
0.045128204000000005,-0.379748
0.055335776,-0.318498
0.065543348,-0.260748
0.07575092,-0.213499
0.08595848,-0.172374
0.096166048,-0.139999
0.106373,-0.11462399999999999
0.11658099999999999,-0.09274958400000001
0.12678799999999998,-0.07524966400000001
0.136996,-0.059499736000000004
0.147203,-0.042437312000000005
0.157411,-0.02690613
0.167619,-0.010281204
0.17782599999999998,0.008749961
0.18803399999999998,0.029202996000000002
0.198241,0.051843520000000004
0.208449,0.07667153600000001
0.218656,0.10609299999999999
0.22886399999999998,0.13857699999999998
0.23907199999999998,0.174561
0.249279,0.218967
0.25948699999999997,0.275951
0.269694,0.35667
0.279902,0.476872
0.290109,0.651872
0.300317,0.891839
0.310525,1.180588
0.32073199999999996,1.536493
0.33094,1.8705219999999998
0.341147,2.128427
0.351355,2.282427
0.361562,2.324864
0.37177,2.280239
0.38197699999999996,2.18749
0.392185,2.0776779999999997
0.402393,1.9661160000000002
0.41259999999999997,1.8633039999999998
0.42280799999999996,1.780617
0.433015,1.718492
0.443223,1.680867
0.45343,1.680867
0.463638,1.736429
0.473846,1.8751159999999998
0.48405299999999996,2.12274
0.49426099999999995,2.4801759999999997
0.504468,2.943486
0.514676,3.505671
0.524883,4.121669
0.535091,4.736353
0.545299,5.329601
0.5555059999999999,5.911473
0.5657139999999999,6.469721
0.575921,6.923844
0.586129,7.139092
0.596336,7.050718
0.606544,6.793469
0.616752,6.463596
0.6269589999999999,5.923723
0.6371669999999999,5.271851
0.647374,4.738104
0.657582,4.351355
0.667789,4.0722309999999995
0.677997,3.8666069999999997
0.688205,3.709983
0.6984119999999999,3.586609
0.7086199999999999,3.488609
0.718827,3.408109
0.729035,3.340735
0.739242,3.28211
0.74945,3.228735
0.7596579999999999,3.18236
0.7698649999999999,3.142986
0.780073,3.109736
0.79028,3.082611
0.800488,3.064236
0.8106949999999999,3.052861
0.8209029999999999,3.052861
0.8311109999999999,3.064236
0.841318,3.088736
0.851526,3.134235
0.861733,2.946986
0.871941,2.6293629999999997
0.8821479999999999,2.408864
0.8923559999999999,2.2426150000000002
0.9025639999999999,2.11049
0.912771,1.998491
0.922979,1.9074909999999998
0.933186,1.826991
0.943394,1.7578669999999998
0.9536009999999999,1.698367
0.9638089999999999,1.6432419999999999
0.9740169999999999,1.596867
0.984224,1.552243
0.994432,1.5128679999999999
1.004639,1.477868
1.014847,1.444618
1.025054,1.415743
1.035262,1.387743
1.04547,1.361493
1.055677,1.338744
1.065885,1.315994
1.076092,1.294994
1.0863,1.276619
1.096507,1.257369
1.106715,1.240744
1.1169229999999999,1.224119
1.12713,1.208369
1.137338,1.194369
1.147545,1.179494
1.157753,1.167244
1.1679599999999999,1.154119
1.1781679999999999,1.141869
1.1883759999999999,1.131369
1.198583,1.118245
1.208791,1.10862
1.218998,1.098995
1.229206,1.088495
1.2394129999999999,1.079745
1.2496209999999999,1.069245
1.2598289999999999,1.06137
1.270036,1.0526200000000001
1.280244,1.0438699999999999
1.290451,1.03687
1.300659,1.0289949999999999
1.3108659999999999,1.02112
1.3210739999999999,1.0149949999999999
1.331281,1.00712
1.341489,1.0009949999999999
1.351697,0.993995
1.361904,0.9878699999999999
1.372112,0.98262
1.3823189999999999,0.9756199999999999
1.3925269999999998,0.9703700000000001
1.402734,0.964245
1.412942,0.9581199999999999
1.42315,0.9537450000000001
1.433357,0.948495
1.443565,0.943245
1.4537719999999998,0.93887
1.4639799999999998,0.9327449999999999
1.474187,0.92837
1.484395,0.9239949999999999
1.494603,0.91962
1.50481,0.91612
1.494603,0.9099949999999999
1.484395,0.90737
1.474187,0.90212
1.4639799999999998,0.897745
1.4537719999999998,0.8951209999999999
1.443565,0.889871
1.433357,0.8863709999999999
1.42315,0.882871
1.412942,0.878496
1.402734,0.875871
1.3925269999999998,0.8714959999999999
1.3823189999999999,0.867996
1.372112,0.865371
1.361904,0.860996
1.351697,0.858371
1.341489,0.854871
1.331281,0.851371
1.3210739999999999,0.8496210000000001
1.3108659999999999,0.8452459999999999
1.300659,0.8434959999999999
1.290451,0.839996
1.280244,0.8364959999999999
1.270036,0.834746
1.2598289999999999,0.8312459999999999
1.2496209999999999,0.8286209999999999
1.2394129999999999,0.825996
1.229206,0.822496
1.218998,0.8207460000000001
1.208791,0.817246
1.198583,0.8146209999999999
1.1883759999999999,0.812871
1.1781679999999999,0.809371
1.1679599999999999,0.808496
1.157753,0.805871
1.147545,0.803246
1.137338,0.801496
1.12713,0.797996
1.1169229999999999,0.796246
1.106715,0.7936209999999999
1.096507,0.790996
1.0863,0.790121
1.076092,0.786621
1.065885,0.7857459999999999
1.055677,0.783996
1.04547,0.781371
1.035262,0.779621
1.025054,0.776996
1.014847,0.774371
1.004639,0.773496
0.994432,0.770871
0.984224,0.769996
0.9740169999999999,0.767371
0.9638089999999999,0.765621
0.9536009999999999,0.7647459999999999
0.943394,0.761246
0.933186,0.760371
0.922979,0.758621
0.912771,0.7559959999999999
0.9025639999999999,0.711371
0.8923559999999999,0.568747
0.8821479999999999,0.454997
0.871941,0.36312300000000003
0.861733,0.288748
0.851526,0.22924799999999998
0.841318,0.181999
0.8311109999999999,0.144374
0.8209029999999999,0.11549899999999999
0.8106949999999999,0.09274958400000001
0.800488,0.07393717600000001
0.79028,0.060374732
0.780073,0.048999784000000005
0.7698649999999999,0.039812324
0.7596579999999999,0.032593606000000004
0.74945,0.026468634
0.739242,0.021546778000000003
0.729035,0.017171798000000002
0.718827,0.013671815
0.7086199999999999,-0.022399900000000004
0.6984119999999999,-0.027159882000000003
0.688205,-0.026387084000000005
0.677997,-0.029119872
0.667789,-0.030491866000000003
0.657582,-0.030323866000000005
0.647374,-0.031583860000000005
0.6371669999999999,-0.033409454000000005
0.6269589999999999,-0.033857452
0.616752,-0.033874252
0.606544,-0.03612544
0.596336,-0.037161436000000006
0.586129,-0.037077436
0.575921,-0.038970228
0.5657139999999999,-0.040403824000000005
0.5555059999999999,-0.040991820000000005
0.545299,-0.042167812000000006
0.535091,-0.043909404000000006
0.524883,-0.04504060000000001
0.514676,-0.046054196000000006
0.504468,-0.047784588
0.49426099999999995,-0.049296584000000004
0.48405299999999996,-0.050202904000000007
0.473846,-0.05501538
0.463638,-0.061249732
0.45343,-0.067593448
0.443223,-0.074921544
0.433015,-0.08367150400000001
0.42280799999999996,-0.093187088
0.41259999999999997,-0.104015
0.402393,-0.11703
0.392185,-0.13201500000000002
0.38197699999999996,-0.148749
0.37177,-0.16843599999999997
0.361562,-0.19206099999999998
0.351355,-0.219077
0.341147,-0.25035799999999997
0.33094,-0.288748
0.32073199999999996,-0.333045
0.310525,-0.38587299999999997
0.300317,-0.45029399999999997
0.290109,-0.527075
0.279902,-0.61895
0.269694,-0.729418
0.25948699999999997,-0.8655889999999999
0.249279,-1.026698
0.23907199999999998,-1.227619
0.22886399999999998,-1.47743
0.218656,-1.788929
0.208449,-2.175677
0.198241,-2.708987
0.18803399999999998,-3.4317339999999996
0.17782599999999998,-4.4502299999999995
0.167619,-5.953473
0.157411,-7.980839
0.147203,-10.524453000000001
0.136996,-13.187941
0.12678799999999998,-15.513679999999999
0.11658099999999999,-16.978422
0.106373,-16.624926
0.096166048,-14.136436
0.08595848,-10.468453
0.07575092,-7.412965999999999
0.065543348,-5.718973999999999
0.055335776,-4.9104779999999995
0.045128204000000005,-4.43448
0.034920632,-4.049480999999999
0.024713064,-3.7134829999999996
0.014505494,-3.3459839999999996
0.004297924,-2.943486
-0.005909646,-2.7334870000000002
-0.016117215,-2.631988
-0.026324786000000003,-2.5654879999999998
-0.036532356,-2.5304879999999996
-0.046739924,-2.502488
-0.056947496,-2.439489
-0.067155064,-2.327489
-0.077362632,-2.19099
-0.08757020800000001,-2.05099
-0.09777777600000001,-1.921491
-0.107985,-1.819991
-0.11819199999999999,-1.739492
-0.1284,-1.6764919999999999
-0.13860799999999998,-1.623992
-0.148815,-1.574992
-0.159023,-1.522493
-0.16923,-1.473493
-0.179438,-1.4279929999999998
-0.18964499999999998,-1.382493
-0.199853,-1.343994
