Potential (V),Current (uA)
-0.199853,0.0
-0.18964499999999998,0.0
-0.179438,0.0
-0.16923,0.0
-0.159023,0.0
-0.148815,0.0
-0.13860799999999998,0.0034999840000000003
-0.1284,0.006999969000000001
-0.11819199999999999,0.006999969000000001
-0.107985,0.008749961
-0.09777777600000001,0.008749961
-0.08757020800000001,0.012249946000000001
-0.077362632,0.013124942000000002
-0.067155064,0.014874934000000001
-0.056947496,0.017499922
-0.046739924,0.02012491
-0.036532356,0.023187396000000002
-0.026324786000000003,0.026249884000000005
-0.016117215,0.030187366
-0.005909646,0.034343596000000004
0.004297924,0.03893732800000001
0.014505494,0.044406052
0.024713064,0.050093528000000005
0.034920632,0.056218500000000005
0.045128204000000005,0.06343722
0.055335776,0.070984056
0.065543348,0.07918714400000001
0.07575092,0.08837460800000001
0.08595848,0.09887456800000001
0.096166048,0.11101499999999999
0.106373,0.125015
0.11658099999999999,0.140983
0.12678799999999998,0.157936
0.136996,0.17478000000000002
0.147203,0.191733
0.157411,0.207155
0.167619,0.222249
0.17782599999999998,0.239858
0.18803399999999998,0.260748
0.198241,0.285576
0.208449,0.315436
0.218656,0.35327899999999995
0.22886399999999998,0.399873
0.23907199999999998,0.45631
0.249279,0.5256529999999999
0.25948699999999997,0.604731
0.269694,0.6919029999999999
0.279902,0.7831210000000001
0.290109,0.874011
0.300317,0.960964
0.310525,1.0401509999999998
0.32073199999999996,1.116057
0.33094,1.186713
0.341147,1.2508059999999999
0.351355,1.3085559999999998
0.361562,1.35865
0.37177,1.399556
0.38197699999999996,1.4325869999999998
0.392185,1.457087
0.402393,1.47393
0.41259999999999997,1.484649
0.42280799999999996,1.491649
0.433015,1.496462
0.443223,1.4993049999999999
0.45343,1.502368
0.463638,1.506305
0.473846,1.510462
0.48405299999999996,1.5170240000000002
0.49426099999999995,1.527086
0.504468,1.540211
0.514676,1.557274
0.524883,1.5798050000000001
0.535091,1.607805
0.545299,1.64193
0.5555059999999999,1.684586
0.5657139999999999,1.738179
0.575921,1.804241
0.586129,1.8867099999999999
0.596336,1.988209
0.606544,2.113553
0.616752,2.268427
0.6269589999999999,2.460051
0.6371669999999999,2.69455
0.647374,2.978049
0.657582,3.3136099999999997
0.667789,3.698171
0.677997,4.1308560000000005
0.688205,4.611229
0.6984119999999999,5.118727
0.7086199999999999,5.6559740000000005
0.718827,6.215097
0.729035,6.778594
0.739242,7.3289670000000005
0.74945,7.852215
0.7596579999999999,8.333462
0.7698649999999999,8.741211
0.780073,9.071959
0.79028,9.290707999999999
0.800488,7.425216
0.8106949999999999,6.277222
0.8209029999999999,5.521224999999999
0.8311109999999999,4.969977
0.841318,4.548229
0.851526,4.212231
0.861733,3.9322320000000004
0.871941,3.701233
0.8821479999999999,3.499984
0.8923559999999999,3.324985
0.9025639999999999,3.170985
0.912771,3.032736
0.922979,2.910237
0.933186,2.7982370000000003
0.943394,2.694988
0.9536009999999999,2.602238
0.9638089999999999,2.514738
0.9740169999999999,2.434239
0.984224,2.360739
0.994432,2.290739
1.004639,2.22599
1.014847,2.16474
1.025054,2.10699
1.035262,2.05274
1.04547,2.000241
1.055677,1.9529910000000001
1.065885,1.9074909999999998
1.076092,1.8637409999999999
1.0863,1.823491
1.096507,1.783242
1.106715,1.746492
1.1169229999999999,1.711492
1.12713,1.6764919999999999
1.137338,1.646742
1.147545,1.6152419999999998
1.157753,1.585492
1.1679599999999999,1.557493
1.1781679999999999,1.529493
1.1883759999999999,1.5032429999999999
1.198583,1.4787430000000001
1.208791,1.454243
1.218998,1.431493
1.229206,1.4087429999999999
1.2394129999999999,1.387743
1.2496209999999999,1.3667429999999998
1.2598289999999999,1.347494
1.270036,1.328244
1.280244,1.308994
1.290451,1.291494
1.300659,1.273994
1.3108659999999999,1.256494
1.3210739999999999,1.242494
1.331281,1.226744
1.341489,1.210994
1.351697,1.198744
1.361904,1.1829939999999999
1.372112,1.168994
1.3823189999999999,1.156744
1.3925269999999998,1.1444940000000001
1.402734,1.1322439999999998
1.412942,1.1199949999999999
1.42315,1.109495
1.433357,1.098995
1.443565,1.0867449999999999
1.4537719999999998,1.077995
1.4639799999999998,1.067495
1.474187,1.0587449999999998
1.484395,1.0482449999999999
1.494603,1.039495
1.50481,1.032495
1.494603,1.023745
1.484395,1.0149949999999999
1.474187,1.007995
1.4639799999999998,0.999245
1.4537719999999998,0.9922449999999999
1.443565,0.9869949999999998
1.433357,0.978245
1.42315,0.9729949999999999
1.412942,0.965995
1.402734,0.9589949999999999
1.3925269999999998,0.9537450000000001
1.3823189999999999,0.946745
1.372112,0.941495
1.361904,0.936245
1.351697,0.929245
1.341489,0.9257449999999999
1.331281,0.920495
1.3210739999999999,0.915245
1.3108659999999999,0.9099949999999999
1.300659,0.904745
1.290451,0.901246
1.280244,0.895996
1.270036,0.890746
1.2598289999999999,0.887246
1.2496209999999999,0.881996
1.2394129999999999,0.878496
1.229206,0.874996
1.218998,0.8714959999999999
1.208791,0.867996
1.198583,0.862746
1.1883759999999999,0.860996
1.1781679999999999,0.855746
1.1679599999999999,0.852246
1.157753,0.848746
1.147545,0.8452459999999999
1.137338,0.8434959999999999
1.12713,0.839996
1.1169229999999999,0.8364959999999999
1.106715,0.832996
1.096507,0.8294959999999999
1.0863,0.827746
1.076092,0.824246
1.065885,0.8207460000000001
1.055677,0.8189960000000001
1.04547,0.817246
1.035262,0.813746
1.025054,0.811996
1.014847,0.808496
1.004639,0.806746
0.994432,0.803246
0.984224,0.801496
0.9740169999999999,0.797996
0.9638089999999999,0.796246
0.9536009999999999,0.794496
0.943394,0.790996
0.933186,0.789246
0.922979,0.787496
0.912771,0.783996
0.9025639999999999,0.782246
0.8923559999999999,0.780496
0.8821479999999999,0.754246
0.871941,0.614247
0.861733,0.49699699999999997
0.851526,0.402498
0.841318,0.32724800000000004
0.8311109999999999,0.267748
0.8209029999999999,0.220499
0.8106949999999999,0.183749
0.800488,0.15312399999999998
0.79028,0.128624
0.780073,0.109374
0.7698649999999999,0.09362458400000001
0.7596579999999999,0.08049964
0.74945,0.069999688
0.739242,0.06081222800000001
0.729035,0.052937268
0.718827,0.046156044
0.7086199999999999,0.04024982
0.6984119999999999,0.034999844
0.688205,0.030515488000000004
0.677997,0.026140508
0.667789,0.022093652000000002
0.657582,0.018593668
0.647374,0.015203057000000002
0.6371669999999999,-0.018838318000000003
0.6269589999999999,-0.025121488
0.616752,-0.026515882
0.606544,-0.029248670000000004
0.596336,-0.030570264
0.586129,-0.030402266
0.575921,-0.032731856000000004
0.5657139999999999,-0.034546248
0.5555059999999999,-0.035061444000000004
0.545299,-0.03637184
0.535091,-0.038634232000000004
0.524883,-0.039793424
0.514676,-0.04067822000000001
0.504468,-0.042991012
0.49426099999999995,-0.044699004
0.48405299999999996,-0.04600939600000001
0.473846,-0.047806988
0.463638,-0.04967738000000001
0.45343,-0.052171644
0.443223,-0.058077868000000005
0.433015,-0.06584346
0.42280799999999996,-0.07382780000000001
0.41259999999999997,-0.08257776
0.402393,-0.093515208
0.392185,-0.105546
0.38197699999999996,-0.118999
0.37177,-0.134968
0.361562,-0.153343
0.351355,-0.174233
0.341147,-0.198077
0.33094,-0.22706099999999999
0.32073199999999996,-0.26053000000000004
0.310525,-0.299358
0.300317,-0.347264
0.290109,-0.403154
0.279902,-0.46998199999999996
0.269694,-0.5507
0.25948699999999997,-0.650122
0.249279,-0.77273
0.23907199999999998,-0.9239949999999999
0.22886399999999998,-1.104682
0.218656,-1.356025
0.208449,-1.671461
0.198241,-2.085334
0.18803399999999998,-2.648613
0.17782599999999998,-3.411172
0.167619,-4.43098
0.157411,-5.813474
0.147203,-7.493466
0.136996,-9.268833
0.12678799999999998,-10.837701
0.11658099999999999,-11.665448
0.106373,-11.633948
0.096166048,-10.669702
0.08595848,-8.90746
0.07575092,-6.826719
0.065543348,-5.0102269999999995
0.055335776,-3.7397329999999998
0.045128204000000005,-2.943486
0.034920632,-2.4499889999999995
0.024713064,-2.13674
0.014505494,-1.914491
0.004297924,-1.730742
-0.005909646,-1.5697429999999999
-0.016117215,-1.429743
-0.026324786000000003,-1.314244
-0.036532356,-1.231994
-0.046739924,-1.181244
-0.056947496,-1.151494
-0.067155064,-1.1322439999999998
-0.077362632,-1.107745
-0.08757020800000001,-1.0622449999999999
-0.09777777600000001,-0.999245
-0.107985,-0.9327449999999999
-0.11819199999999999,-0.8714959999999999
-0.1284,-0.8189960000000001
-0.13860799999999998,-0.775246
-0.148815,-0.741996
-0.159023,-0.710496
-0.16923,-0.680746
-0.179438,-0.652747
-0.18964499999999998,-0.629997
-0.199853,-0.6037469999999999
-0.18964499999999998,-0.474247
-0.179438,-0.411248
-0.16923,-0.369248
-0.159023,-0.334248
-0.148815,-0.30624799999999996
-0.13860799999999998,-0.282623
-0.1284,-0.260748
-0.11819199999999999,-0.24062299999999998
-0.107985,-0.22312400000000002
-0.09777777600000001,-0.20474900000000001
-0.08757020800000001,-0.186374
-0.077362632,-0.168874
-0.067155064,-0.153999
-0.056947496,-0.136499
-0.046739924,-0.122061
-0.036532356,-0.109812
-0.026324786000000003,-0.09712456800000001
-0.016117215,-0.08618711200000001
-0.005909646,-0.07568716
0.004297924,-0.06431221200000001
0.014505494,-0.050749776
0.024713064,-0.037406084000000006
0.034920632,-0.024499892000000002
0.045128204000000005,-0.008968710000000001
0.055335776,0.006671845
0.065543348,0.01914054
0.07575092,0.031281112
0.08595848,0.041234192
0.096166048,0.049546656
0.106373,0.05676537200000001
0.11658099999999999,0.06453096000000001
0.12678799999999998,0.08257776
0.136996,0.104452
0.147203,0.100515
0.157411,0.101171
0.167619,0.103577
0.17782599999999998,0.109593
0.18803399999999998,0.11910799999999999
0.198241,0.13256099999999998
0.208449,0.152139
0.218656,0.181233
0.22886399999999998,0.224983
0.23907199999999998,0.287108
0.249279,0.368373
0.25948699999999997,0.463201
0.269694,0.572028
0.279902,0.6972619999999999
0.290109,0.837918
0.300317,0.990604
0.310525,1.1497439999999999
0.32073199999999996,1.3216809999999999
0.33094,1.4942739999999999
0.341147,1.654836
0.351355,1.799866
0.361562,1.921053
0.37177,2.005928
0.38197699999999996,2.0628029999999997
0.392185,2.09299
0.402393,2.09474
0.41259999999999997,2.076365
0.42280799999999996,2.04924
0.433015,2.01599
0.443223,1.9814280000000002
0.45343,1.9538659999999999
0.463638,1.9354909999999999
0.473846,1.9271779999999998
0.48405299999999996,1.931553
0.49426099999999995,1.952553
0.504468,1.985803
0.514676,2.030428
0.524883,2.086865
0.535091,2.1494269999999998
0.545299,2.216365
0.5555059999999999,2.2863640000000003
0.5657139999999999,2.3589890000000002
0.575921,2.434676
0.586129,2.517801
0.596336,2.614925
0.606544,2.729987
0.616752,2.866487
0.6269589999999999,3.026173
0.6371669999999999,3.20511
0.647374,3.401109
0.657582,3.607608
0.667789,3.8167320000000005
0.677997,4.026294
0.688205,4.229731
0.6984119999999999,4.424855
0.7086199999999999,4.6147290000000005
0.718827,4.795853
0.729035,4.967353
0.739242,5.124852000000001
0.74945,5.265726
0.7596579999999999,5.383851
0.7698649999999999,5.47135
0.780073,5.522975000000001
0.79028,5.533474999999999
0.800488,4.969977
0.8106949999999999,4.220106
0.8209029999999999,3.7397329999999998
0.8311109999999999,3.389734
0.841318,3.116736
0.851526,2.900612
0.861733,2.718612
0.871941,2.5654879999999998
0.8821479999999999,2.435114
0.8923559999999999,2.318739
0.9025639999999999,2.2181149999999996
0.912771,2.1271150000000003
0.922979,2.0448649999999997
0.933186,1.9713659999999997
0.943394,1.903116
0.9536009999999999,1.841866
0.9638089999999999,1.784117
0.9740169999999999,1.730742
0.984224,1.682617
0.994432,1.637117
1.004639,1.594242
1.014847,1.5557429999999999
1.025054,1.518118
1.035262,1.483993
1.04547,1.4524929999999998
1.055677,1.420993
1.065885,1.393868
1.076092,1.3658679999999999
1.0863,1.341369
1.096507,1.317744
1.106715,1.294994
1.1169229999999999,1.274869
1.12713,1.253869
1.137338,1.2354939999999999
1.147545,1.217994
1.157753,1.200494
1.1679599999999999,1.184744
1.1781679999999999,1.168994
1.1883759999999999,1.154119
1.198583,1.140994
1.208791,1.126119
1.218998,1.1138700000000001
1.229206,1.1016199999999998
1.2394129999999999,1.08937
1.2496209999999999,1.07887
1.2598289999999999,1.06662
1.270036,1.0569950000000001
1.280244,1.046495
1.290451,1.035995
1.300659,1.0281200000000001
1.3108659999999999,1.01762
1.3210739999999999,1.00887
1.331281,1.0018699999999998
1.341489,0.9922449999999999
1.351697,0.985245
1.361904,0.97737
1.372112,0.9694950000000001
1.3823189999999999,0.96337
1.3925269999999998,0.9554950000000001
1.402734,0.9493699999999999
1.412942,0.943245
1.42315,0.936245
1.433357,0.930995
1.443565,0.9239949999999999
1.4537719999999998,0.9187449999999999
1.4639799999999998,0.913495
1.474187,0.90737
1.484395,0.90212
1.494603,0.897745
1.50481,0.891621
1.494603,0.8881209999999999
1.484395,0.881996
1.474187,0.878496
1.4639799999999998,0.873246
1.4537719999999998,0.868871
1.443565,0.8644959999999999
1.433357,0.860121
1.42315,0.855746
1.412942,0.852246
1.402734,0.846996
1.3925269999999998,0.844371
1.3823189999999999,0.839996
1.372112,0.8364959999999999
1.361904,0.833871
1.351697,0.8286209999999999
1.341489,0.826871
1.331281,0.822496
1.3210739999999999,0.8189960000000001
1.3108659999999999,0.816371
1.300659,0.812871
1.290451,0.811121
1.280244,0.8076209999999999
1.270036,0.804121
1.2598289999999999,0.801496
1.2496209999999999,0.797996
1.2394129999999999,0.7953709999999999
1.229206,0.792746
1.218998,0.789246
1.208791,0.7883709999999999
1.198583,0.784871
1.1883759999999999,0.782246
1.1781679999999999,0.779621
1.1679599999999999,0.7761210000000001
1.157753,0.774371
1.147545,0.772621
1.137338,0.769121
1.12713,0.767371
1.1169229999999999,0.7647459999999999
1.106715,0.7629959999999999
1.096507,0.760371
1.0863,0.7577459999999999
1.076092,0.756871
1.065885,0.754246
1.055677,0.7524959999999999
1.04547,0.749871
1.035262,0.748121
1.025054,0.746371
1.014847,0.743746
1.004639,0.741996
0.994432,0.741121
0.984224,0.738496
0.9740169999999999,0.736746
0.9638089999999999,0.7341209999999999
0.9536009999999999,0.732371
0.943394,0.731496
0.933186,0.7288709999999999
0.922979,0.727996
0.912771,0.7262460000000001
0.9025639999999999,0.723621
0.8923559999999999,0.722746
0.8821479999999999,0.681621
0.871941,0.545122
0.861733,0.438373
0.851526,0.354373
0.841318,0.28699800000000003
0.8311109999999999,0.23449799999999998
0.8209029999999999,0.192499
0.8106949999999999,0.158374
0.800488,0.132124
0.79028,0.110249
0.780073,0.093187088
0.7698649999999999,0.078749648
0.7596579999999999,0.06693720400000001
0.74945,0.056874748
0.739242,0.047906036000000006
0.729035,0.04068732
0.718827,0.034124848
0.7086199999999999,0.028218626000000004
0.6984119999999999,0.023078022
0.688205,0.01892179
0.677997,0.014984308000000002
0.667789,-0.018563918
0.657582,-0.024595092000000002
0.647374,-0.02706468
0.6371669999999999,-0.02930467
0.6269589999999999,-0.029881468000000005
0.616752,-0.029937468000000002
0.606544,-0.032418258000000005
0.596336,-0.033482252000000004
0.586129,-0.033370254
0.575921,-0.035414244
0.5657139999999999,-0.037060636
0.5555059999999999,-0.037564632
0.545299,-0.038701432
0.535091,-0.04072862000000001
0.524883,-0.041815016
0.514676,-0.042655012000000006
0.504468,-0.044760604
0.49426099999999995,-0.046244596000000006
0.48405299999999996,-0.047498988000000006
0.473846,-0.049184584
0.463638,-0.050749776
0.45343,-0.056218500000000005
0.443223,-0.062452852
0.433015,-0.07021843200000001
0.42280799999999996,-0.078421528
0.41259999999999997,-0.087171488
0.402393,-0.09832768800000001
0.392185,-0.11068700000000001
0.38197699999999996,-0.124577
0.37177,-0.141202
0.361562,-0.16023300000000001
0.351355,-0.182327
0.341147,-0.207264
0.33094,-0.23767
0.32073199999999996,-0.273436
0.310525,-0.314451
0.300317,-0.36542
0.290109,-0.425466
0.279902,-0.496341
0.269694,-0.582966
0.25948699999999997,-0.68895
0.249279,-0.819215
0.23907199999999998,-0.978245
0.22886399999999998,-1.175994
0.218656,-1.429962
0.208449,-1.755898
0.198241,-2.177865
0.18803399999999998,-2.77155
0.17782599999999998,-3.5774209999999997
0.167619,-4.667666
0.157411,-6.200222
0.147203,-8.053463
0.136996,-10.048454
0.12678799999999998,-11.679447000000001
0.11658099999999999,-12.601693
0.106373,-12.549192999999999
0.096166048,-11.285699
0.08595848,-9.04221
0.07575092,-6.61322
0.065543348,-4.772228
0.055335776,-3.659233
0.045128204000000005,-3.029236
0.034920632,-2.654738
0.024713064,-2.413239
0.014505494,-2.21899
0.004297924,-2.0387399999999998
-0.005909646,-1.874241
-0.016117215,-1.739492
-0.026324786000000003,-1.6432419999999999
-0.036532356,-1.5819929999999998
-0.046739924,-1.5504930000000001
-0.056947496,-1.518993
-0.067155064,-1.4647430000000001
-0.077362632,-1.382493
-0.08757020800000001,-1.287994
-0.09777777600000001,-1.195244
-0.107985,-1.1164949999999998
-0.11819199999999999,-1.055245
-0.1284,-1.006245
-0.13860799999999998,-0.960745
-0.148815,-0.9257449999999999
-0.159023,-0.888996
-0.16923,-0.852246
-0.179438,-0.822496
-0.18964499999999998,-0.794496
-0.199853,-0.768246
-0.18964499999999998,-0.663247
-0.179438,-0.608997
-0.16923,-0.568747
-0.159023,-0.533747
-0.148815,-0.5057470000000001
-0.13860799999999998,-0.482997
-0.1284,-0.458497
-0.11819199999999999,-0.437498
-0.107985,-0.41824799999999995
-0.09777777600000001,-0.400748
-0.08757020800000001,-0.38149799999999995
-0.077362632,-0.362248
-0.067155064,-0.346498
-0.056947496,-0.328998
-0.046739924,-0.30974799999999997
-0.036532356,-0.294873
-0.026324786000000003,-0.277373
-0.016117215,-0.260748
-0.005909646,-0.244998
0.004297924,-0.225748
0.014505494,-0.203874
0.024713064,-0.178499
0.034920632,-0.15137399999999998
0.045128204000000005,-0.118999
0.055335776,-0.087499616
0.065543348,-0.059499736000000004
0.07575092,-0.034999844
0.08595848,-0.014437436
0.096166048,0.00043749800000000003
0.106373,0.012687444
0.11658099999999999,0.024609266
0.12678799999999998,0.039156076
0.136996,0.056656
0.147203,0.056656
0.157411,0.061249732
0.167619,0.067921568
0.17782599999999998,0.078312152
0.18803399999999998,0.09045272000000001
0.198241,0.10248299999999999
0.208449,0.118561
0.218656,0.14196799999999998
0.22886399999999998,0.17357699999999998
0.23907199999999998,0.22487300000000002
0.249279,0.291154
0.25948699999999997,0.361701
0.269694,0.450841
0.279902,0.568309
0.290109,0.719903
0.300317,0.90562
0.310525,1.116385
0.32073199999999996,1.359306
0.33094,1.6043049999999999
0.341147,1.828741
0.351355,2.012928
0.361562,2.141115
0.37177,2.211115
0.38197699999999996,2.22949
0.392185,2.211115
0.402393,2.163865
0.41259999999999997,2.10174
0.42280799999999996,2.040053
0.433015,1.983616
0.443223,1.936366
0.45343,1.906178
0.463638,1.897429
0.473846,1.9136159999999998
0.48405299999999996,1.959553
0.49426099999999995,2.0413650000000003
0.504468,2.1542399999999997
0.514676,2.295989
0.524883,2.463114
0.535091,2.640738
0.545299,2.821424
0.5555059999999999,2.999049
0.5657139999999999,3.1626730000000003
0.575921,3.302235
0.586129,3.413359
0.596336,3.503921
0.606544,3.579609
0.616752,3.635608
0.6269589999999999,3.674983
0.6371669999999999,3.7077959999999996
0.647374,3.744108
0.657582,3.78917
0.667789,3.842107
0.677997,3.901607
0.688205,3.967232
0.6984119999999999,4.037232
0.7086199999999999,4.113356
0.718827,4.190356
0.729035,4.2673559999999995
0.739242,4.339980000000001
0.74945,4.406479999999999
0.7596579999999999,4.46423
0.7698649999999999,4.50798
0.780073,4.536854
0.79028,4.545604999999999
0.800488,4.535978999999999
0.8106949999999999,4.3172299999999995
0.8209029999999999,3.669733
0.8311109999999999,3.267235
0.841318,2.974986
0.851526,2.750112
0.861733,2.569863
0.871941,2.419364
0.8821479999999999,2.294239
0.8923559999999999,2.18574
0.9025639999999999,2.09124
0.912771,2.008991
0.922979,1.932866
0.933186,1.866366
0.943394,1.805116
0.9536009999999999,1.749992
0.9638089999999999,1.7001169999999999
0.9740169999999999,1.652867
0.984224,1.609992
0.994432,1.5697429999999999
1.004639,1.532118
1.014847,1.497993
1.025054,1.465618
1.035262,1.434993
1.04547,1.4078680000000001
1.055677,1.3798679999999999
1.065885,1.355369
1.076092,1.332619
1.0863,1.309869
1.096507,1.2906190000000002
1.106715,1.269619
1.1169229999999999,1.252119
1.12713,1.234619
1.137338,1.217119
1.147545,1.202244
1.157753,1.186494
1.1679599999999999,1.1724940000000001
1.1781679999999999,1.159369
1.1883759999999999,1.145369
1.198583,1.133119
1.208791,1.12087
1.218998,1.10862
1.229206,1.09812
1.2394129999999999,1.0858700000000001
1.2496209999999999,1.0771199999999999
1.2598289999999999,1.06662
1.270036,1.0569950000000001
1.280244,1.0482449999999999
1.290451,1.037745
1.300659,1.0298699999999998
1.3108659999999999,1.021995
1.3210739999999999,1.0132450000000002
1.331281,1.006245
1.341489,0.997495
1.351697,0.9904949999999999
1.361904,0.9843700000000001
1.372112,0.976495
1.3823189999999999,0.9703700000000001
1.3925269999999998,0.96337
1.402734,0.9572449999999999
1.412942,0.951995
1.42315,0.944995
1.433357,0.93887
1.443565,0.93362
1.4537719999999998,0.927495
1.4639799999999998,0.92312
1.474187,0.9169949999999999
1.484395,0.91262
1.494603,0.908245
1.50481,0.90212
1.494603,0.89862
1.484395,0.8933709999999999
1.474187,0.888996
1.4639799999999998,0.884621
1.4537719999999998,0.8793709999999999
1.443565,0.875871
1.433357,0.8723709999999999
1.42315,0.867996
1.412942,0.8644959999999999
1.402734,0.859246
1.3925269999999998,0.8566210000000001
1.3823189999999999,0.853121
1.372112,0.848746
1.361904,0.846121
1.351697,0.841746
1.341489,0.8382459999999999
1.331281,0.835621
1.3210739999999999,0.8312459999999999
1.3108659999999999,0.8286209999999999
1.300659,0.825121
1.290451,0.8216209999999999
1.280244,0.819871
1.270036,0.815496
1.2598289999999999,0.813746
1.2496209999999999,0.811121
1.2394129999999999,0.8076209999999999
1.229206,0.805871
1.218998,0.802371
1.208791,0.799746
1.198583,0.797996
1.1883759999999999,0.7936209999999999
1.1781679999999999,0.792746
1.1679599999999999,0.789246
1.157753,0.786621
1.147545,0.784871
1.137338,0.781371
1.12713,0.780496
1.1169229999999999,0.776996
1.106715,0.775246
1.096507,0.773496
1.0863,0.769996
1.076092,0.768246
1.065885,0.766496
1.055677,0.763871
1.04547,0.7629959999999999
1.035262,0.759496
1.025054,0.758621
1.014847,0.756871
1.004639,0.754246
0.994432,0.7524959999999999
0.984224,0.749871
0.9740169999999999,0.748121
0.9638089999999999,0.747246
0.9536009999999999,0.744621
0.943394,0.743746
0.933186,0.741121
0.922979,0.739371
0.912771,0.738496
0.9025639999999999,0.7358709999999999
0.8923559999999999,0.734996
0.8821479999999999,0.732371
0.871941,0.585372
0.861733,0.475122
0.851526,0.386748
0.841318,0.317623
0.8311109999999999,0.26249799999999995
0.8209029999999999,0.218749
0.8106949999999999,0.183749
0.800488,0.155749
0.79028,0.13124899999999998
0.780073,0.111999
0.7698649999999999,0.09449958400000001
0.7596579999999999,0.079624648
0.74945,0.06693720400000001
0.739242,0.054906008000000006
0.729035,0.044843548000000004
0.718827,0.035874840000000005
0.7086199999999999,0.027999876000000003
0.6984119999999999,0.021874904
0.688205,0.016843676000000002
0.677997,0.012578069
0.667789,-0.020322312000000002
0.657582,-0.026577482000000003
0.647374,-0.028313476000000004
0.6371669999999999,-0.030413464000000005
0.6269589999999999,-0.030867064000000003
0.616752,-0.030878262000000004
0.606544,-0.033364654
0.596336,-0.034322248
0.586129,-0.034227052
0.575921,-0.03620944
0.5657139999999999,-0.037755032
0.5555059999999999,-0.038354232
0.545299,-0.039384628000000005
0.535091,-0.041344616
0.524883,-0.042487012000000005
0.514676,-0.043209412
0.504468,-0.0453486
0.49426099999999995,-0.046787792
0.48405299999999996,-0.047986188000000006
0.473846,-0.04970538
0.463638,-0.05239039200000001
0.45343,-0.05785911600000001
0.443223,-0.064421588
0.433015,-0.07207780800000001
0.42280799999999996,-0.08049964
0.41259999999999997,-0.089358976
0.402393,-0.101062
0.392185,-0.11396799999999999
0.38197699999999996,-0.128077
0.37177,-0.14524900000000002
0.361562,-0.165046
0.351355,-0.187905
0.341147,-0.21437399999999998
0.33094,-0.24620199999999998
0.32073199999999996,-0.283826
0.310525,-0.32724800000000004
0.300317,-0.380623
0.290109,-0.444498
0.279902,-0.5196379999999999
0.269694,-0.6115120000000001
0.25948699999999997,-0.724278
0.249279,-0.86198
0.23907199999999998,-1.0282289999999998
0.22886399999999998,-1.238775
0.218656,-1.5052109999999999
0.208449,-1.8451469999999999
0.198241,-2.275208
0.18803399999999998,-2.900612
0.17782599999999998,-3.738858
0.167619,-4.866728
0.157411,-6.500345
0.147203,-8.435837
0.136996,-10.505203
0.12678799999999998,-12.176445
0.11658099999999999,-13.100441
0.106373,-12.923691999999999
0.096166048,-11.364449
0.08595848,-8.837461
0.07575092,-6.355970999999999
0.065543348,-4.637479
0.055335776,-3.662733
0.045128204000000005,-3.123736
0.034920632,-2.7982370000000003
0.024713064,-2.579488
0.014505494,-2.3922389999999996
0.004297924,-2.2119899999999997
-0.005909646,-2.05274
-0.016117215,-1.9249910000000001
-0.026324786000000003,-1.842741
-0.036532356,-1.793741
-0.046739924,-1.765742
-0.056947496,-1.723742
-0.067155064,-1.650242
-0.077362632,-1.5504930000000001
-0.08757020800000001,-1.445493
-0.09777777600000001,-1.3492439999999999
-0.107985,-1.270494
-0.11819199999999999,-1.2074939999999998
-0.1284,-1.1584940000000001
-0.13860799999999998,-1.111245
-0.148815,-1.069245
-0.159023,-1.032495
-0.16923,-0.9922449999999999
-0.179438,-0.960745
-0.18964499999999998,-0.929245
-0.199853,-0.901246
-0.18964499999999998,-0.801496
-0.179438,-0.745496
-0.16923,-0.703496
-0.159023,-0.668497
-0.148815,-0.636997
-0.13860799999999998,-0.6107469999999999
-0.1284,-0.5862470000000001
-0.11819199999999999,-0.561747
-0.107985,-0.542497
-0.09777777600000001,-0.5232469999999999
-0.08757020800000001,-0.502247
-0.077362632,-0.482997
-0.067155064,-0.465497
-0.056947496,-0.44624800000000003
-0.046739924,-0.426998
-0.036532356,-0.411248
-0.026324786000000003,-0.391998
-0.016117215,-0.372748
-0.005909646,-0.353498
0.004297924,-0.33074800000000004
0.014505494,-0.304498
0.024713064,-0.273873
0.034920632,-0.238873
0.045128204000000005,-0.199499
0.055335776,-0.159249
0.065543348,-0.122499
0.07575092,-0.09012460000000001
0.08595848,-0.06299972
0.096166048,-0.043312308
0.106373,-0.02712488
0.11658099999999999,-0.013124942000000002
0.12678799999999998,-0.001531243
0.136996,0.008749961
0.147203,0.019031166
0.157411,0.028437374
0.167619,0.038171708000000006
0.17782599999999998,0.050093528000000005
0.18803399999999998,0.06518721200000001
0.198241,0.080718392
0.208449,0.100077
0.218656,0.124796
0.22886399999999998,0.152686
0.23907199999999998,0.188671
0.249279,0.24117
0.25948699999999997,0.319264
0.269694,0.410045
0.279902,0.520513
0.290109,0.6672929999999999
0.300317,0.856293
0.310525,1.082807
0.32073199999999996,1.341587
0.33094,1.602992
0.341147,1.8357409999999998
0.351355,2.017959
0.361562,2.131927
0.37177,2.1818020000000002
0.38197699999999996,2.178302
0.392185,2.140677
0.402393,2.078553
0.41259999999999997,2.005928
0.42280799999999996,1.9385530000000002
0.433015,1.879491
0.443223,1.831804
0.45343,1.803804
0.463638,1.799866
0.473846,1.826554
0.48405299999999996,1.890866
0.49426099999999995,1.998053
0.504468,2.144615
0.514676,2.328802
0.524883,2.544488
0.535091,2.774175
0.545299,3.0064859999999998
0.5555059999999999,3.2352980000000002
0.5657139999999999,3.4496719999999996
0.575921,3.633421
0.586129,3.775608
0.596336,3.877982
0.606544,3.9497319999999996
0.616752,3.9786070000000002
0.6269589999999999,3.960232
0.6371669999999999,3.9129819999999995
0.647374,3.862232
0.657582,3.825483
0.667789,3.803608
0.677997,3.799232
0.688205,3.807108
0.6984119999999999,3.824608
0.7086199999999999,3.8526070000000003
0.718827,3.885857
0.729035,3.923482
0.739242,3.9619820000000003
0.74945,4.000482
0.7596579999999999,4.038106
0.7698649999999999,4.069605999999999
0.780073,4.0958559999999995
0.79028,4.114231
0.800488,4.122106
0.8106949999999999,4.123856
0.8209029999999999,4.106356
0.8311109999999999,3.4693590000000003
0.841318,3.079111
0.851526,2.800862
0.861733,2.588238
0.871941,2.418489
0.8821479999999999,2.277614
0.8923559999999999,2.16124
0.9025639999999999,2.0579899999999998
0.912771,1.9713659999999997
0.922979,1.8934909999999998
0.933186,1.824366
0.943394,1.763117
0.9536009999999999,1.707117
0.9638089999999999,1.656367
0.9740169999999999,1.610867
0.984224,1.567993
0.994432,1.530368
1.004639,1.494493
1.014847,1.461243
1.025054,1.431493
1.035262,1.401743
1.04547,1.376368
1.055677,1.3501180000000002
1.065885,1.326494
1.076092,1.305494
1.0863,1.284494
1.096507,1.2652439999999998
1.106715,1.246869
1.1169229999999999,1.228494
1.12713,1.212744
1.137338,1.196994
1.147545,1.182119
1.157753,1.167244
1.1679599999999999,1.153244
1.1781679999999999,1.140994
1.1883759999999999,1.127869
1.198583,1.1156199999999998
1.208791,1.104245
1.218998,1.09287
1.229206,1.08237
1.2394129999999999,1.07187
1.2496209999999999,1.06137
1.2598289999999999,1.0526200000000001
1.270036,1.0421200000000002
1.280244,1.0342449999999999
1.290451,1.025495
1.300659,1.016745
1.3108659999999999,1.0097450000000001
1.3210739999999999,1.0009949999999999
1.331281,0.99312
1.341489,0.9869949999999998
1.351697,0.978245
1.361904,0.9721199999999999
1.372112,0.965995
1.3823189999999999,0.9589949999999999
1.3925269999999998,0.9537450000000001
1.402734,0.9458699999999999
1.412942,0.94062
1.42315,0.934495
1.433357,0.92837
1.443565,0.9239949999999999
1.4537719999999998,0.91787
1.4639799999999998,0.913495
1.474187,0.908245
1.484395,0.90212
1.494603,0.89862
1.50481,0.8933709999999999
1.494603,0.888996
1.484395,0.8854960000000001
1.474187,0.880246
1.4639799999999998,0.875871
1.4537719999999998,0.8714959999999999
1.443565,0.8671209999999999
1.433357,0.8644959999999999
1.42315,0.859246
1.412942,0.8566210000000001
1.402734,0.852246
1.3925269999999998,0.847871
1.3823189999999999,0.8452459999999999
1.372112,0.840871
1.361904,0.8382459999999999
1.351697,0.834746
1.341489,0.830371
1.331281,0.8286209999999999
1.3210739999999999,0.825121
1.3108659999999999,0.8216209999999999
1.300659,0.8189960000000001
1.290451,0.8146209999999999
1.280244,0.812871
1.270036,0.809371
1.2598289999999999,0.805871
1.2496209999999999,0.804996
1.2394129999999999,0.8006209999999999
1.229206,0.798871
1.218998,0.7953709999999999
1.208791,0.792746
1.198583,0.7918709999999999
1.1883759999999999,0.787496
1.1781679999999999,0.7857459999999999
1.1679599999999999,0.7831210000000001
1.157753,0.780496
1.147545,0.7787459999999999
1.137338,0.7761210000000001
1.12713,0.773496
1.1169229999999999,0.7717459999999999
1.106715,0.768246
1.096507,0.767371
1.0863,0.7647459999999999
1.076092,0.762121
1.065885,0.761246
1.055677,0.7577459999999999
1.04547,0.7559959999999999
1.035262,0.754246
1.025054,0.751621
1.014847,0.7507459999999999
1.004639,0.748121
0.994432,0.747246
0.984224,0.745496
0.9740169999999999,0.741996
0.9638089999999999,0.741121
0.9536009999999999,0.739371
0.943394,0.737621
0.933186,0.736746
0.922979,0.7332460000000001
0.912771,0.732371
0.9025639999999999,0.730621
0.8923559999999999,0.7288709999999999
0.8821479999999999,0.695621
0.871941,0.5591219999999999
0.861733,0.45324699999999996
0.851526,0.37012300000000004
0.841318,0.30274799999999996
0.8311109999999999,0.25112300000000004
0.8209029999999999,0.20912399999999998
0.8106949999999999,0.175874
0.800488,0.14787399999999998
0.79028,0.125124
0.780073,0.106749
0.7698649999999999,0.08968709600000001
0.7596579999999999,0.07524966400000001
0.74945,0.06212472
0.739242,0.050749776
0.729035,0.040906068000000004
0.718827,0.032374858000000006
0.7086199999999999,0.024718642000000002
0.6984119999999999,0.01892179
0.688205,0.014437436
0.677997,0.01017183
0.667789,-0.021576704
0.657582,-0.027641478000000004
0.647374,-0.029024672
0.6371669999999999,-0.031040664000000006
0.6269589999999999,-0.031550262
0.616752,-0.03146066200000001
0.606544,-0.03389104800000001
0.596336,-0.034899048
0.586129,-0.034736648
0.575921,-0.036730240000000004
0.5657139999999999,-0.038253432000000004
0.5555059999999999,-0.038785432
0.545299,-0.039894224000000006
0.535091,-0.041719816
0.524883,-0.042862212000000004
0.514676,-0.043657408
0.504468,-0.045662196
0.49426099999999995,-0.04716859200000001
0.48405299999999996,-0.048327788
0.473846,-0.05001338
0.463638,-0.053702888000000004
0.45343,-0.058952864
0.443223,-0.065734088
0.433015,-0.073390296
0.42280799999999996,-0.082140264
0.41259999999999997,-0.091218344
0.402393,-0.102702
0.392185,-0.116046
0.38197699999999996,-0.130483
0.37177,-0.147983
0.361562,-0.16843599999999997
0.351355,-0.191514
0.341147,-0.218749
0.33094,-0.25134199999999995
0.32073199999999996,-0.289842
0.310525,-0.33479499999999995
0.300317,-0.38948199999999994
0.290109,-0.45521599999999995
0.279902,-0.532544
0.269694,-0.626934
0.25948699999999997,-0.743199
0.249279,-0.884621
0.23907199999999998,-1.053495
0.22886399999999998,-1.272244
0.218656,-1.544805
0.208449,-1.893272
0.198241,-2.32902
0.18803399999999998,-2.978486
0.17782599999999998,-3.8473569999999997
0.167619,-5.078477
0.157411,-6.721719
0.147203,-8.724585999999999
0.136996,-10.855202
0.12678799999999998,-12.550943
0.11658099999999999,-13.46269
0.106373,-13.172191
0.096166048,-11.408199
0.08595848,-8.721961
0.07575092,-6.249222
0.065543348,-4.612979
0.055335776,-3.701233
0.045128204000000005,-3.200735
0.034920632,-2.8892369999999996
0.024713064,-2.6722379999999997
0.014505494,-2.481489
0.004297924,-2.299489
-0.005909646,-2.1419900000000003
-0.016117215,-2.021241
-0.026324786000000003,-1.942491
-0.036532356,-1.900491
-0.046739924,-1.870741
-0.056947496,-1.825241
-0.067155064,-1.739492
-0.077362632,-1.634492
-0.08757020800000001,-1.525993
-0.09777777600000001,-1.4279929999999998
-0.107985,-1.3509939999999998
-0.11819199999999999,-1.287994
-0.1284,-1.237244
-0.13860799999999998,-1.1899939999999998
-0.148815,-1.147994
-0.159023,-1.1059949999999998
-0.16923,-1.065745
-0.179438,-1.0307449999999998
-0.18964499999999998,-1.0009949999999999
-0.199853,-0.9712449999999999
-0.18964499999999998,-0.873246
-0.179438,-0.8189960000000001
-0.16923,-0.775246
-0.159023,-0.738496
-0.148815,-0.7052459999999999
-0.13860799999999998,-0.6789959999999999
-0.1284,-0.654497
-0.11819199999999999,-0.628247
-0.107985,-0.607247
-0.09777777600000001,-0.5862470000000001
-0.08757020800000001,-0.566997
-0.077362632,-0.547747
-0.067155064,-0.528497
-0.056947496,-0.509247
-0.046739924,-0.489997
-0.036532356,-0.47074699999999997
-0.026324786000000003,-0.45149700000000004
-0.016117215,-0.430498
-0.005909646,-0.411248
0.004297924,-0.386748
0.014505494,-0.358748
0.024713064,-0.32724800000000004
0.034920632,-0.288748
0.045128204000000005,-0.244998
0.055335776,-0.200374
0.065543348,-0.159249
0.07575092,-0.122499
0.08595848,-0.09099960000000001
0.096166048,-0.0678122
0.106373,-0.049437284000000005
0.11658099999999999,-0.034124848
0.12678799999999998,-0.022312400000000003
0.136996,-0.012249946000000001
0.147203,-0.0013124940000000002
0.157411,0.010609328000000001
0.167619,0.021765528000000003
0.17782599999999998,0.035218596000000005
0.18803399999999998,0.051077896000000005
0.198241,0.068249696
0.208449,0.08804648
0.218656,0.111999
0.22886399999999998,0.13857699999999998
0.23907199999999998,0.169967
0.249279,0.21087399999999998
0.25948699999999997,0.266545
0.269694,0.347592
0.279902,0.467685
0.290109,0.636997
0.300317,0.849074
0.310525,1.090354
0.32073199999999996,1.362368
0.33094,1.6301169999999998
0.341147,1.860023
0.351355,2.029334
0.361562,2.124928
0.37177,2.154678
0.38197699999999996,2.135865
0.392185,2.086428
0.402393,2.017303
0.41259999999999997,1.940741
0.42280799999999996,1.871616
0.433015,1.8112409999999999
0.443223,1.7626789999999999
0.45343,1.735117
0.463638,1.732929
0.473846,1.763117
0.48405299999999996,1.8353039999999998
0.49426099999999995,1.9547409999999998
0.504468,2.118365
0.514676,2.324864
0.524883,2.566801
0.535091,2.824924
0.545299,3.084361
0.5555059999999999,3.341172
0.5657139999999999,3.5861709999999998
0.575921,3.7974829999999997
0.586129,3.960669
0.596336,4.0687310000000005
0.606544,4.137856
0.616752,4.158856
0.6269589999999999,4.113356
0.6371669999999999,4.027606
0.647374,3.933982
0.657582,3.8569819999999995
0.667789,3.799232
0.677997,3.7624829999999996
0.688205,3.742358
0.6984119999999999,3.732733
0.7086199999999999,3.736233
0.718827,3.746733
0.729035,3.760733
0.739242,3.7782329999999997
0.74945,3.794858
0.7596579999999999,3.8106079999999998
0.7698649999999999,3.8263570000000002
0.780073,3.8403569999999996
0.79028,3.8508569999999995
0.800488,3.8596070000000005
0.8106949999999999,3.8648569999999998
0.8209029999999999,3.8709819999999997
0.8311109999999999,3.785233
0.841318,3.22261
0.851526,2.8708620000000002
0.861733,2.617988
0.871941,2.422864
0.8821479999999999,2.265364
0.8923559999999999,2.13674
0.9025639999999999,2.027366
0.912771,1.933741
0.922979,1.8541159999999999
0.933186,1.781492
0.943394,1.7193669999999999
0.9536009999999999,1.6624919999999999
0.9638089999999999,1.611742
0.9740169999999999,1.567117
0.984224,1.5242429999999998
0.994432,1.486618
1.004639,1.4524929999999998
1.014847,1.419243
1.025054,1.390368
1.035262,1.361493
1.04547,1.3361189999999998
1.055677,1.312494
1.065885,1.288869
1.076092,1.2687439999999999
1.0863,1.248619
1.096507,1.228494
1.106715,1.211869
1.1169229999999999,1.194369
1.12713,1.1786189999999999
1.137338,1.162869
1.147545,1.147994
1.157753,1.13487
1.1679599999999999,1.12087
1.1781679999999999,1.10862
1.1883759999999999,1.09637
1.198583,1.08412
1.208791,1.074495
1.218998,1.0622449999999999
1.229206,1.0526200000000001
1.2394129999999999,1.0429950000000001
1.2496209999999999,1.032495
1.2598289999999999,1.023745
1.270036,1.0149949999999999
1.280244,1.006245
1.290451,0.9983700000000001
1.300659,0.9896199999999999
1.3108659999999999,0.98262
1.3210739999999999,0.974745
1.331281,0.96687
1.341489,0.960745
1.351697,0.9537450000000001
1.361904,0.946745
1.372112,0.94062
1.3823189999999999,0.93362
1.3925269999999998,0.929245
1.402734,0.922245
1.412942,0.9169949999999999
1.42315,0.9117449999999999
1.433357,0.90562
1.443565,0.90037
1.4537719999999998,0.895996
1.4639799999999998,0.890746
1.474187,0.8863709999999999
1.484395,0.880246
1.494603,0.875871
1.50481,0.8723709999999999
1.494603,0.8671209999999999
1.484395,0.8636210000000001
1.474187,0.859246
1.4639799999999998,0.854871
1.4537719999999998,0.851371
1.443565,0.846121
1.433357,0.8434959999999999
1.42315,0.839121
1.412942,0.835621
1.402734,0.832996
1.3925269999999998,0.827746
1.3823189999999999,0.825996
1.372112,0.8216209999999999
1.361904,0.818121
1.351697,0.815496
1.341489,0.811996
1.331281,0.809371
1.3210739999999999,0.805871
1.3108659999999999,0.802371
1.300659,0.8006209999999999
1.290451,0.796246
1.280244,0.7936209999999999
1.270036,0.7918709999999999
1.2598289999999999,0.7883709999999999
1.2496209999999999,0.786621
1.2394129999999999,0.7831210000000001
1.229206,0.780496
1.218998,0.7787459999999999
1.208791,0.775246
1.198583,0.773496
1.1883759999999999,0.770871
1.1781679999999999,0.768246
1.1679599999999999,0.766496
1.157753,0.7629959999999999
1.147545,0.761246
1.137338,0.759496
1.12713,0.7559959999999999
1.1169229999999999,0.755121
1.106715,0.7524959999999999
1.096507,0.749871
1.0863,0.748121
1.076092,0.746371
1.065885,0.745496
1.055677,0.741996
1.04547,0.7402460000000001
1.035262,0.738496
1.025054,0.7358709999999999
1.014847,0.734996
1.004639,0.7332460000000001
0.994432,0.730621
0.984224,0.729746
0.9740169999999999,0.7271209999999999
0.9638089999999999,0.7262460000000001
0.9536009999999999,0.723621
0.943394,0.7218709999999999
0.933186,0.720996
0.922979,0.718371
0.912771,0.716621
0.9025639999999999,0.715746
0.8923559999999999,0.7131209999999999
0.8821479999999999,0.6247469999999999
0.871941,0.499622
0.861733,0.400748
0.851526,0.322873
0.841318,0.26249799999999995
0.8311109999999999,0.21262399999999998
0.8209029999999999,0.174999
0.8106949999999999,0.144374
0.800488,0.11987400000000001
0.79028,0.101062
0.780073,0.084437128
0.7698649999999999,0.070874688
0.7596579999999999,0.059499736000000004
0.74945,0.049218532
0.739242,0.04046857200000001
0.729035,0.032593606000000004
0.718827,0.026031134000000004
0.7086199999999999,0.02034366
0.6984119999999999,0.01553118
0.688205,0.011921822
0.677997,-0.020596708000000002
0.667789,-0.027663878000000003
0.657582,-0.028324676000000003
0.647374,-0.029590270000000002
0.6371669999999999,-0.03151666
0.6269589999999999,-0.032020660000000006
0.616752,-0.031919858
0.606544,-0.034283048
0.596336,-0.035285444000000006
0.586129,-0.035123044000000006
0.575921,-0.03711103600000001
0.5657139999999999,-0.038589432
0.5555059999999999,-0.039087828000000005
0.545299,-0.040235824
0.535091,-0.042016616
0.524883,-0.043175808
0.514676,-0.043987808
0.504468,-0.0459142
0.49426099999999995,-0.047470992000000004
0.48405299999999996,-0.048596584
0.473846,-0.050231780000000004
0.463638,-0.054577884
0.45343,-0.059827856000000006
0.443223,-0.066499704
0.433015,-0.074374672
0.42280799999999996,-0.08301525600000001
0.41259999999999997,-0.09253084000000002
0.402393,-0.104015
0.392185,-0.117468
0.38197699999999996,-0.132233
0.37177,-0.14962399999999998
0.361562,-0.170514
0.351355,-0.19381099999999998
0.341147,-0.22148299999999999
0.33094,-0.25462300000000004
0.32073199999999996,-0.293342
0.310525,-0.33916999999999997
0.300317,-0.394513
0.290109,-0.46090400000000004
0.279902,-0.539872
0.269694,-0.635247
0.25948699999999997,-0.753371
0.249279,-0.8964329999999999
0.23907199999999998,-1.066401
0.22886399999999998,-1.289088
0.218656,-1.565149
0.208449,-1.91821
0.198241,-2.385239
0.18803399999999998,-3.024861
0.17782599999999998,-3.924357
0.167619,-5.202725999999999
0.157411,-6.905468999999999
0.147203,-8.961709
0.136996,-11.142199999999999
0.12678799999999998,-12.850193
0.11658099999999999,-13.753188
0.106373,-13.37519
0.096166048,-11.464198
0.08595848,-8.671211
0.07575092,-6.194972
0.065543348,-4.602479
0.055335776,-3.727483
0.045128204000000005,-3.2427349999999997
0.034920632,-2.9347359999999996
0.024713064,-2.7177369999999996
0.014505494,-2.523488
0.004297924,-2.339739
-0.005909646,-2.18399
-0.016117215,-2.06674
-0.026324786000000003,-1.9932409999999998
-0.036532356,-1.9529910000000001
-0.046739924,-1.9249910000000001
-0.056947496,-1.874241
-0.067155064,-1.783242
-0.077362632,-1.6729919999999998
-0.08757020800000001,-1.562742
-0.09777777600000001,-1.4647430000000001
-0.107985,-1.385993
-0.11819199999999999,-1.326494
-0.1284,-1.275744
-0.13860799999999998,-1.228494
-0.148815,-1.1829939999999999
-0.159023,-1.140994
-0.16923,-1.098995
-0.179438,-1.063995
-0.18964499999999998,-1.0342449999999999
-0.199853,-1.002745
-0.18964499999999998,-0.908245
-0.179438,-0.855746
-0.16923,-0.811996
-0.159023,-0.773496
-0.148815,-0.741996
-0.13860799999999998,-0.713996
-0.1284,-0.687746
-0.11819199999999999,-0.661497
-0.107985,-0.640497
-0.09777777600000001,-0.619497
-0.08757020800000001,-0.598497
-0.077362632,-0.5792470000000001
-0.067155064,-0.559997
-0.056947496,-0.540747
-0.046739924,-0.521497
-0.036532356,-0.502247
-0.026324786000000003,-0.481247
-0.016117215,-0.46024699999999996
-0.005909646,-0.440998
0.004297924,-0.416498
0.014505494,-0.388498
0.024713064,-0.353498
0.034920632,-0.314998
0.045128204000000005,-0.26949799999999996
0.055335776,-0.222249
0.065543348,-0.176749
0.07575092,-0.137374
0.08595848,-0.103249
0.096166048,-0.07743716
0.106373,-0.057749744
0.11658099999999999,-0.041124816
0.12678799999999998,-0.028218626000000004
0.136996,-0.018374918
0.147203,-0.00678122
0.157411,0.004921853
0.167619,0.016406176
0.17782599999999998,0.030077992000000005
0.18803399999999998,0.045609172
0.198241,0.062780972
0.208449,0.08181213600000001
0.218656,0.105327
0.22886399999999998,0.13103
0.23907199999999998,0.159796
0.249279,0.19752999999999998
0.25948699999999997,0.24696700000000002
0.269694,0.317951
0.279902,0.425138
0.290109,0.5825279999999999
0.300317,0.8006209999999999
0.310525,1.0731819999999999
0.32073199999999996,1.384025
0.33094,1.685898
0.341147,1.9291470000000002
0.351355,2.089053
0.361562,2.1673649999999998
0.37177,2.171302
0.38197699999999996,2.128427
0.392185,2.060615
0.402393,1.979678
0.41259999999999997,1.896553
0.42280799999999996,1.822616
0.433015,1.7600539999999998
0.443223,1.710617
0.45343,1.682617
0.463638,1.680429
0.473846,1.712367
0.48405299999999996,1.789804
0.49426099999999995,1.917991
0.504468,2.0934280000000003
0.514676,2.3165519999999997
0.524883,2.5773010000000003
0.535091,2.855549
0.545299,3.1364229999999997
0.5555059999999999,3.414672
0.5657139999999999,3.68417
0.575921,3.9191070000000003
0.586129,4.097606
0.596336,4.211355999999999
0.606544,4.279606
0.616752,4.291856
0.6269589999999999,4.2288559999999995
0.6371669999999999,4.116856
0.647374,3.994357
0.657582,3.891107
0.667789,3.811482
0.677997,3.753733
0.688205,3.715233
0.6984119999999999,3.6916079999999996
0.7086199999999999,3.680233
0.718827,3.675858
0.729035,3.6767329999999996
0.739242,3.679358
0.74945,3.682858
0.7596579999999999,3.685483
0.7698649999999999,3.688108
0.780073,3.6898579999999996
0.79028,3.6916079999999996
0.800488,3.692483
0.8106949999999999,3.693358
0.8209029999999999,3.697733
0.8311109999999999,3.707358
0.841318,3.371359
0.851526,2.936486
0.861733,2.645113
0.871941,2.428989
0.8821479999999999,2.2583640000000003
0.8923559999999999,2.12099
0.9025639999999999,2.006366
0.912771,1.9074909999999998
0.922979,1.825241
0.933186,1.751742
0.943394,1.687867
0.9536009999999999,1.631867
0.9638089999999999,1.580242
0.9740169999999999,1.535618
0.984224,1.492743
0.994432,1.454243
1.004639,1.420993
1.014847,1.387743
1.025054,1.358868
1.035262,1.331744
1.04547,1.304619
1.055677,1.281869
1.065885,1.259119
1.076092,1.238119
1.0863,1.219744
1.096507,1.199619
1.106715,1.1829939999999999
1.1169229999999999,1.166369
1.12713,1.1506189999999998
1.137338,1.136619
1.147545,1.12087
1.157753,1.10862
1.1679599999999999,1.09462
1.1781679999999999,1.081495
1.1883759999999999,1.0709950000000001
1.198583,1.0587449999999998
1.208791,1.0482449999999999
1.218998,1.037745
1.229206,1.027245
1.2394129999999999,1.018495
1.2496209999999999,1.007995
1.2598289999999999,0.999245
1.270036,0.99137
1.280244,0.98262
1.290451,0.974745
1.300659,0.96687
1.3108659999999999,0.9598699999999999
1.3210739999999999,0.9528699999999999
1.331281,0.944995
1.341489,0.93887
1.351697,0.9327449999999999
1.361904,0.9257449999999999
1.372112,0.920495
1.3823189999999999,0.913495
1.3925269999999998,0.90737
1.402734,0.90212
1.412942,0.895996
1.42315,0.891621
1.433357,0.8863709999999999
1.443565,0.880246
1.4537719999999998,0.876746
1.4639799999999998,0.8714959999999999
1.474187,0.8671209999999999
1.484395,0.861871
1.494603,0.8574959999999999
1.50481,0.853996
1.494603,0.848746
1.484395,0.8452459999999999
1.474187,0.840871
1.4639799999999998,0.8364959999999999
1.4537719999999998,0.833871
1.443565,0.8286209999999999
1.433357,0.825996
1.42315,0.822496
1.412942,0.818121
1.402734,0.815496
1.3925269999999998,0.811121
1.3823189999999999,0.8076209999999999
1.372112,0.805871
1.361904,0.801496
1.351697,0.798871
1.341489,0.7953709999999999
1.331281,0.792746
1.3210739999999999,0.790121
1.3108659999999999,0.786621
1.300659,0.783996
1.290451,0.781371
1.280244,0.777871
1.270036,0.7761210000000001
1.2598289999999999,0.772621
1.2496209999999999,0.769996
1.2394129999999999,0.768246
1.229206,0.765621
1.218998,0.7629959999999999
1.208791,0.760371
1.198583,0.7577459999999999
1.1883759999999999,0.756871
1.1781679999999999,0.7524959999999999
1.1679599999999999,0.751621
1.157753,0.7489959999999999
1.147545,0.746371
1.137338,0.744621
1.12713,0.741996
1.1169229999999999,0.7402460000000001
1.106715,0.738496
1.096507,0.7358709999999999
1.0863,0.7341209999999999
1.076092,0.732371
1.065885,0.729746
1.055677,0.7288709999999999
1.04547,0.7262460000000001
1.035262,0.725371
1.025054,0.722746
1.014847,0.720996
1.004639,0.719246
0.994432,0.716621
0.984224,0.715746
0.9740169999999999,0.713996
0.9638089999999999,0.712246
0.9536009999999999,0.710496
0.943394,0.707871
0.933186,0.706996
0.922979,0.706121
0.912771,0.703496
0.9025639999999999,0.702621
0.8923559999999999,0.699996
0.8821479999999999,0.5661219999999999
0.871941,0.450623
0.861733,0.359623
0.851526,0.28699800000000003
0.841318,0.230123
0.8311109999999999,0.184624
0.8209029999999999,0.14962399999999998
0.8106949999999999,0.12162400000000001
0.800488,0.099749552
0.79028,0.08268712800000001
0.780073,0.068249696
0.7698649999999999,0.056874748
0.7596579999999999,0.047687288
0.74945,0.039374824
0.739242,0.032812352
0.729035,0.02668738
0.718827,0.021765528000000003
0.7086199999999999,0.017171798000000002
0.6984119999999999,0.013015567000000002
0.688205,-0.019056716
0.677997,-0.026275084
0.667789,-0.028677474
0.657582,-0.028699874
0.647374,-0.030021470000000005
0.6371669999999999,-0.031858262000000005
0.6269589999999999,-0.03227826
0.616752,-0.032283858
0.606544,-0.034512648
0.596336,-0.03561584
0.586129,-0.035369444
0.575921,-0.037351836000000006
0.5657139999999999,-0.038847028000000006
0.5555059999999999,-0.039323028
0.545299,-0.04048222
0.535091,-0.042302216000000004
0.524883,-0.043383008
0.514676,-0.044234204000000006
0.504468,-0.046138196
0.49426099999999995,-0.04761098800000001
0.48405299999999996,-0.048826184
0.473846,-0.05036058
0.463638,-0.055234132000000005
0.45343,-0.06059348
0.443223,-0.06737470400000001
0.433015,-0.07524966400000001
0.42280799999999996,-0.083890248
0.41259999999999997,-0.09340584000000002
0.402393,-0.10521799999999999
0.392185,-0.118343
0.38197699999999996,-0.133436
0.37177,-0.15104599999999999
0.361562,-0.172264
0.351355,-0.19588899999999998
0.341147,-0.22334199999999998
0.33094,-0.257139
0.32073199999999996,-0.296186
0.310525,-0.34223200000000004
0.300317,-0.398451
0.290109,-0.465169
0.279902,-0.545013
0.269694,-0.6413719999999999
0.25948699999999997,-0.76059
0.249279,-0.905183
0.23907199999999998,-1.075479
0.22886399999999998,-1.301337
0.218656,-1.5798050000000001
0.208449,-1.936585
0.198241,-2.4123639999999997
0.18803399999999998,-3.0655479999999997
0.17782599999999998,-3.992169
0.167619,-5.312101
0.157411,-7.065593
0.147203,-9.163834
0.136996,-11.388949
0.12678799999999998,-13.102191
0.11658099999999999,-13.999937
0.106373,-13.544939
0.096166048,-11.511448
0.08595848,-8.634461
0.07575092,-6.147722
0.065543348,-4.586729
0.055335776,-3.7344829999999996
0.045128204000000005,-3.263735
0.034920632,-2.960986
0.024713064,-2.738737
0.014505494,-2.5462380000000002
0.004297924,-2.360739
-0.005909646,-2.20849
-0.016117215,-2.09474
-0.026324786000000003,-2.02474
-0.036532356,-1.9879909999999998
-0.046739924,-1.9599909999999998
-0.056947496,-1.9074909999999998
-0.067155064,-1.812991
-0.077362632,-1.6992420000000001
-0.08757020800000001,-1.588992
-0.09777777600000001,-1.490993
-0.107985,-1.412243
-0.11819199999999999,-1.3527429999999998
-0.1284,-1.301994
-0.13860799999999998,-1.252994
-0.148815,-1.2074939999999998
-0.159023,-1.163744
-0.16923,-1.123494
-0.179438,-1.0849950000000002
-0.18964499999999998,-1.053495
-0.199853,-1.021995
-0.18964499999999998,-0.929245
-0.179438,-0.876746
-0.16923,-0.834746
-0.159023,-0.796246
-0.148815,-0.7647459999999999
-0.13860799999999998,-0.734996
-0.1284,-0.708746
-0.11819199999999999,-0.6842459999999999
-0.107985,-0.661497
-0.09777777600000001,-0.640497
-0.08757020800000001,-0.619497
-0.077362632,-0.600247
-0.067155064,-0.582747
-0.056947496,-0.559997
-0.046739924,-0.540747
-0.036532356,-0.521497
-0.026324786000000003,-0.5004970000000001
-0.016117215,-0.47949699999999995
-0.005909646,-0.458497
0.004297924,-0.433998
0.014505494,-0.405998
0.024713064,-0.372748
0.034920632,-0.332498
0.045128204000000005,-0.283498
0.055335776,-0.23449799999999998
0.065543348,-0.18812399999999999
0.07575092,-0.14524900000000002
0.08595848,-0.110249
0.096166048,-0.082249632
0.106373,-0.061249732
0.11658099999999999,-0.044187304000000004
0.12678799999999998,-0.030406114000000005
0.136996,-0.02034366
0.147203,-0.008749961
0.157411,0.0032812350000000004
0.167619,0.014109313000000002
0.17782599999999998,0.027562376000000003
0.18803399999999998,0.042546684
0.198241,0.05939036000000001
0.208449,0.07820277600000002
0.218656,0.100515
0.22886399999999998,0.12589
0.23907199999999998,0.15345199999999998
0.249279,0.189327
0.25948699999999997,0.23646699999999998
0.269694,0.303842
0.279902,0.405451
0.290109,0.55606
0.300317,0.767152
0.310525,1.0392759999999999
0.32073199999999996,1.355806
0.33094,1.6762730000000001
0.341147,1.9413969999999998
0.351355,2.116615
0.361562,2.198427
0.37177,2.197552
0.38197699999999996,2.14374
0.392185,2.064553
0.402393,1.973553
0.41259999999999997,1.882116
0.42280799999999996,1.802492
0.433015,1.735117
0.443223,1.682617
0.45343,1.651555
0.463638,1.64893
0.473846,1.682179
0.48405299999999996,1.764429
0.49426099999999995,1.899616
0.504468,2.085115
0.514676,2.321364
0.524883,2.598738
0.535091,2.894049
0.545299,3.19111
0.5555059999999999,3.4877339999999997
0.5657139999999999,3.77692
0.575921,4.031981
0.586129,4.227106
0.596336,4.346979999999999
0.606544,4.41173
0.616752,4.41523
0.6269589999999999,4.339105
0.6371669999999999,4.203481
0.647374,4.056481
0.657582,3.930482
0.667789,3.832482
0.677997,3.759858
0.688205,3.708233
0.6984119999999999,3.672358
0.7086199999999999,3.6487329999999996
0.718827,3.6347329999999998
0.729035,3.6259829999999997
0.739242,3.619858
0.74945,3.614608
0.7596579999999999,3.610233
0.7698649999999999,3.6058579999999996
0.780073,3.602358
0.79028,3.599733
0.800488,3.597108
0.8106949999999999,3.596234
0.8209029999999999,3.599733
0.8311109999999999,3.607608
0.841318,3.476359
0.851526,2.983736
0.861733,2.6669880000000004
0.871941,2.437739
0.8821479999999999,2.260115
0.8923559999999999,2.1157399999999997
0.9025639999999999,1.998491
0.912771,1.897866
0.922979,1.812991
0.933186,1.739492
0.943394,1.673867
0.9536009999999999,1.616992
0.9638089999999999,1.565368
0.9740169999999999,1.518993
0.984224,1.476993
0.994432,1.4376179999999998
1.004639,1.404368
1.014847,1.371993
1.025054,1.3422429999999999
1.035262,1.315119
1.04547,1.288869
1.055677,1.2652439999999998
1.065885,1.243369
1.076092,1.2223689999999998
1.0863,1.203119
1.096507,1.183869
1.106715,1.166369
1.1169229999999999,1.1506189999999998
1.12713,1.133994
1.137338,1.12087
1.147545,1.1051199999999999
1.157753,1.091995
1.1679599999999999,1.079745
1.1781679999999999,1.06662
1.1883759999999999,1.0561200000000002
1.198583,1.0438699999999999
1.208791,1.03337
1.218998,1.023745
1.229206,1.0132450000000002
1.2394129999999999,1.00362
1.2496209999999999,0.99487
1.2598289999999999,0.985245
1.270036,0.97737
1.280244,0.96862
1.290451,0.960745
1.300659,0.9537450000000001
1.3108659999999999,0.944995
1.3210739999999999,0.9397449999999999
1.331281,0.93187
1.341489,0.92487
1.351697,0.91962
1.361904,0.91262
1.372112,0.9064949999999999
1.3823189999999999,0.90037
1.3925269999999998,0.894246
1.402734,0.889871
1.412942,0.883746
1.42315,0.8793709999999999
1.433357,0.8741209999999999
1.443565,0.867996
1.4537719999999998,0.8644959999999999
1.4639799999999998,0.859246
1.474187,0.854871
1.484395,0.8504959999999999
1.494603,0.8452459999999999
1.50481,0.841746
1.494603,0.837371
1.484395,0.832996
1.474187,0.8294959999999999
1.4639799999999998,0.825121
1.4537719999999998,0.8216209999999999
1.443565,0.818121
1.433357,0.813746
1.42315,0.811121
1.412942,0.806746
1.402734,0.804121
1.3925269999999998,0.8006209999999999
1.3823189999999999,0.797121
1.372112,0.794496
1.361904,0.790996
1.351697,0.787496
1.341489,0.7857459999999999
1.331281,0.781371
1.3210739999999999,0.779621
1.3108659999999999,0.7761210000000001
1.300659,0.772621
1.290451,0.7717459999999999
1.280244,0.767371
1.270036,0.765621
1.2598289999999999,0.7629959999999999
1.2496209999999999,0.759496
1.2394129999999999,0.758621
1.229206,0.755121
1.218998,0.753371
1.208791,0.7507459999999999
1.198583,0.748121
1.1883759999999999,0.746371
1.1781679999999999,0.742871
1.1679599999999999,0.741121
1.157753,0.7402460000000001
1.147545,0.736746
1.137338,0.734996
1.12713,0.7332460000000001
1.1169229999999999,0.730621
1.106715,0.7288709999999999
1.096507,0.7262460000000001
1.0863,0.724496
1.076092,0.722746
1.065885,0.720996
1.055677,0.719246
1.04547,0.716621
1.035262,0.7148709999999999
1.025054,0.7131209999999999
1.014847,0.711371
1.004639,0.710496
0.994432,0.707871
0.984224,0.706121
0.9740169999999999,0.7052459999999999
0.9638089999999999,0.702621
0.9536009999999999,0.701746
0.943394,0.699121
0.933186,0.6973710000000001
0.922979,0.696496
0.912771,0.694746
0.9025639999999999,0.693871
0.8923559999999999,0.6676219999999999
0.8821479999999999,0.528497
0.871941,0.420873
0.861733,0.334248
0.851526,0.26599799999999996
0.841318,0.211749
0.8311109999999999,0.16974899999999998
0.8209029999999999,0.136499
0.8106949999999999,0.110249
0.800488,0.08968709600000001
0.79028,0.07393717600000001
0.780073,0.06081222800000001
0.7698649999999999,0.050093528000000005
0.7596579999999999,0.042218564
0.74945,0.034999844
0.739242,0.028874872
0.729035,0.023734270000000002
0.718827,0.019249914000000003
0.7086199999999999,0.015312433
0.6984119999999999,-0.018586318
0.688205,-0.024096694000000002
0.677997,-0.027400678
0.667789,-0.029119872
0.657582,-0.028979872
0.647374,-0.030273466000000006
0.6371669999999999,-0.032121460000000004
0.6269589999999999,-0.032491056000000004
0.616752,-0.032541454000000004
0.606544,-0.034691848000000004
0.596336,-0.035761444
0.586129,-0.035627044
0.575921,-0.037480636
0.5657139999999999,-0.039037428000000006
0.5555059999999999,-0.039491028000000004
0.545299,-0.04063342
0.535091,-0.04247021200000001
0.524883,-0.043517408
0.514676,-0.044435804
0.504468,-0.046266996000000005
0.49426099999999995,-0.047756588
0.48405299999999996,-0.049016584
0.473846,-0.050093528000000005
0.463638,-0.055234132000000005
0.45343,-0.061249732
0.443223,-0.06770282400000001
0.433015,-0.07601528800000001
0.42280799999999996,-0.08454649600000001
0.41259999999999997,-0.09406208
0.402393,-0.10598300000000001
0.392185,-0.11932699999999999
0.38197699999999996,-0.13453
0.37177,-0.152358
0.361562,-0.173358
0.351355,-0.19763899999999998
0.341147,-0.225202
0.33094,-0.259326
0.32073199999999996,-0.298701
0.310525,-0.34496699999999997
0.300317,-0.401951
0.290109,-0.469216
0.279902,-0.5496059999999999
0.269694,-0.6477149999999999
0.25948699999999997,-0.7674799999999999
0.249279,-0.913605
0.23907199999999998,-1.0846669999999998
0.22886399999999998,-1.313369
0.218656,-1.5948989999999998
0.208449,-1.955616
0.198241,-2.439489
0.18803399999999998,-3.1066730000000002
0.17782599999999998,-4.055605999999999
0.167619,-5.411849999999999
0.157411,-7.206467
0.147203,-9.334458
0.136996,-11.595448000000001
0.12678799999999998,-13.308691000000001
0.11658099999999999,-14.197686
0.106373,-13.670939
0.096166048,-11.534198
0.08595848,-8.585460999999999
0.07575092,-6.096971999999999
0.065543348,-4.563979
0.055335776,-3.7344829999999996
0.045128204000000005,-3.274235
0.034920632,-2.974986
0.024713064,-2.7527369999999998
0.014505494,-2.5584879999999997
0.004297924,-2.3782389999999998
-0.005909646,-2.2277400000000003
-0.016117215,-2.1174899999999997
-0.026324786000000003,-2.04924
-0.036532356,-2.01599
-0.046739924,-1.9897409999999998
-0.056947496,-1.9354909999999999
-0.067155064,-1.837491
-0.077362632,-1.721992
-0.08757020800000001,-1.609992
-0.09777777600000001,-1.5137429999999998
-0.107985,-1.434993
-0.11819199999999999,-1.373743
-0.1284,-1.3212439999999999
-0.13860799999999998,-1.273994
-0.148815,-1.228494
-0.159023,-1.1829939999999999
-0.16923,-1.140994
-0.179438,-1.104245
-0.18964499999999998,-1.0709950000000001
-0.199853,-1.041245
-0.18964499999999998,-0.948495
-0.179438,-0.895996
-0.16923,-0.853996
-0.159023,-0.815496
-0.148815,-0.783996
-0.13860799999999998,-0.754246
-0.1284,-0.727996
-0.11819199999999999,-0.701746
-0.107985,-0.6789959999999999
-0.09777777600000001,-0.657997
-0.08757020800000001,-0.636997
-0.077362632,-0.6177469999999999
-0.067155064,-0.598497
-0.056947496,-0.577497
-0.046739924,-0.558247
-0.036532356,-0.5372469999999999
-0.026324786000000003,-0.5162469999999999
-0.016117215,-0.49524699999999994
-0.005909646,-0.474247
0.004297924,-0.447998
0.014505494,-0.419998
0.024713064,-0.384998
0.034920632,-0.344748
0.045128204000000005,-0.29574799999999996
0.055335776,-0.244998
0.065543348,-0.196874
0.07575092,-0.152249
0.08595848,-0.11549899999999999
0.096166048,-0.086624616
0.106373,-0.06431221200000001
0.11658099999999999,-0.046812292000000005
0.12678799999999998,-0.033249852
0.136996,-0.022093652000000002
0.147203,-0.010499954000000002
0.157411,0.0006562470000000001
0.167619,0.012359321000000001
0.17782599999999998,0.025593638000000002
0.18803399999999998,0.040577944000000005
0.198241,0.056874748
0.208449,0.07546841600000001
0.218656,0.097562064
0.22886399999999998,0.12239
0.23907199999999998,0.149514
0.249279,0.184514
0.25948699999999997,0.23078
0.269694,0.296076
0.279902,0.395279
0.290109,0.542278
0.300317,0.749324
0.310525,1.018932
0.32073199999999996,1.3348060000000002
0.33094,1.6589919999999998
0.341147,1.93046
0.351355,2.1122400000000003
0.361562,2.199302
0.37177,2.198427
0.38197699999999996,2.143302
0.392185,2.0614899999999996
0.402393,1.966991
0.41259999999999997,1.8724910000000001
0.42280799999999996,1.790679
0.433015,1.7206789999999998
0.443223,1.667305
0.45343,1.635805
0.463638,1.634055
0.473846,1.669055
0.48405299999999996,1.753929
0.49426099999999995,1.896116
0.504468,2.090365
0.514676,2.337989
0.524883,2.6298
0.535091,2.9399859999999998
0.545299,3.25236
0.5555059999999999,3.5642959999999997
0.5657139999999999,3.8701069999999995
0.575921,4.142231
0.586129,4.34873
0.596336,4.475605000000001
0.606544,4.538604
0.616752,4.536854
0.6269589999999999,4.44848
0.6371669999999999,4.290106
0.647374,4.1194809999999995
0.657582,3.9724819999999994
0.667789,3.8569819999999995
0.677997,3.7721080000000002
0.688205,3.707358
0.6984119999999999,3.660983
0.7086199999999999,3.6286080000000003
0.718827,3.606733
0.729035,3.5909829999999996
0.739242,3.576984
0.74945,3.565609
0.7596579999999999,3.556859
0.7698649999999999,3.548109
0.780073,3.5419840000000002
0.79028,3.536734
0.800488,3.533234
0.8106949999999999,3.5323589999999996
0.8209029999999999,3.534984
0.8311109999999999,3.544609
0.841318,3.549859
0.851526,3.017861
0.861733,2.683613
0.871941,2.445614
0.8821479999999999,2.262739
0.8923559999999999,2.114865
0.9025639999999999,1.9958660000000001
0.912771,1.8934909999999998
0.922979,1.8068659999999999
0.933186,1.732492
0.943394,1.665992
0.9536009999999999,1.6091170000000001
0.9638089999999999,1.5566179999999998
0.9740169999999999,1.509368
0.984224,1.4673679999999998
0.994432,1.428868
1.004639,1.393868
1.014847,1.362368
1.025054,1.331744
1.035262,1.305494
1.04547,1.2783689999999999
1.055677,1.254744
1.065885,1.232869
1.076092,1.211869
1.0863,1.1926189999999999
1.096507,1.174244
1.106715,1.156744
1.1169229999999999,1.140994
1.12713,1.12437
1.137338,1.11037
1.147545,1.095495
1.157753,1.08237
1.1679599999999999,1.07012
1.1781679999999999,1.0569950000000001
1.1883759999999999,1.04562
1.198583,1.03512
1.208791,1.023745
1.218998,1.0141200000000001
1.229206,1.00362
1.2394129999999999,0.993995
1.2496209999999999,0.9861199999999999
1.2598289999999999,0.976495
1.270036,0.96862
1.280244,0.9598699999999999
1.290451,0.951995
1.300659,0.944995
1.3108659999999999,0.9371200000000001
1.3210739999999999,0.930995
1.331281,0.9239949999999999
1.341489,0.91612
1.351697,0.91087
1.361904,0.90387
1.372112,0.89862
1.3823189999999999,0.8924960000000001
1.3925269999999998,0.8863709999999999
1.402734,0.8811209999999999
1.412942,0.874996
1.42315,0.869746
1.433357,0.865371
1.443565,0.860121
1.4537719999999998,0.855746
1.4639799999999998,0.851371
1.474187,0.846121
1.484395,0.842621
1.494603,0.8382459999999999
1.50481,0.833871
1.494603,0.8294959999999999
1.484395,0.825121
1.474187,0.8216209999999999
1.4639799999999998,0.818121
1.4537719999999998,0.813746
1.443565,0.811121
1.433357,0.805871
1.42315,0.804121
1.412942,0.799746
1.402734,0.796246
1.3925269999999998,0.7936209999999999
1.3823189999999999,0.789246
1.372112,0.787496
1.361904,0.783996
1.351697,0.780496
1.341489,0.777871
1.331281,0.774371
1.3210739999999999,0.7717459999999999
1.3108659999999999,0.769121
1.300659,0.765621
1.290451,0.763871
1.280244,0.760371
1.270036,0.7577459999999999
1.2598289999999999,0.7559959999999999
1.2496209999999999,0.7524959999999999
1.2394129999999999,0.751621
1.229206,0.748121
1.218998,0.746371
1.208791,0.744621
1.198583,0.7402460000000001
1.1883759999999999,0.739371
1.1781679999999999,0.736746
1.1679599999999999,0.7341209999999999
1.157753,0.732371
1.147545,0.729746
1.137338,0.727996
1.12713,0.7271209999999999
1.1169229999999999,0.723621
1.106715,0.7218709999999999
1.096507,0.7201209999999999
1.0863,0.717496
1.076092,0.716621
1.065885,0.713996
1.055677,0.7131209999999999
1.04547,0.710496
1.035262,0.708746
1.025054,0.707871
1.014847,0.7043710000000001
1.004639,0.703496
0.994432,0.701746
0.984224,0.699996
0.9740169999999999,0.699121
0.9638089999999999,0.696496
0.9536009999999999,0.695621
0.943394,0.693871
0.933186,0.692121
0.922979,0.6912459999999999
0.912771,0.688621
0.9025639999999999,0.686871
0.8923559999999999,0.636122
0.8821479999999999,0.503997
0.871941,0.399873
0.861733,0.318498
0.851526,0.251998
0.841318,0.200374
0.8311109999999999,0.160124
0.8209029999999999,0.128624
0.8106949999999999,0.104124
0.800488,0.084437128
0.79028,0.06912468800000002
0.780073,0.056874748
0.7698649999999999,0.046812292000000005
0.7596579999999999,0.039156076
0.74945,0.032374858000000006
0.739242,0.026359258
0.729035,0.021984278000000003
0.718827,0.017718672
0.7086199999999999,0.014109313000000002
0.6984119999999999,-0.019235914
0.688205,-0.024662292000000002
0.677997,-0.027719878000000003
0.667789,-0.029343870000000005
0.657582,-0.029192670000000004
0.647374,-0.030402266
0.6371669999999999,-0.03227826
0.6269589999999999,-0.03263665600000001
0.616752,-0.032675858
0.606544,-0.03485984400000001
0.596336,-0.035845444000000004
0.586129,-0.035789440000000006
0.575921,-0.037609432
0.5657139999999999,-0.039143828
0.5555059999999999,-0.039653424
0.545299,-0.04073422
0.535091,-0.042615812
0.524883,-0.043607008
0.514676,-0.044542204
0.504468,-0.046401396000000004
0.49426099999999995,-0.047846188000000005
0.48405299999999996,-0.049106184000000004
0.473846,-0.050421652000000004
0.463638,-0.055562252000000006
0.45343,-0.06168722800000001
0.443223,-0.068140328
0.433015,-0.07656216
0.42280799999999996,-0.08498399200000001
0.41259999999999997,-0.09471832800000002
0.402393,-0.106749
0.392185,-0.12009299999999999
0.38197699999999996,-0.135296
0.37177,-0.153561
0.361562,-0.174561
0.351355,-0.198842
0.341147,-0.226842
0.33094,-0.260967
0.32073199999999996,-0.300779
0.310525,-0.347482
0.300317,-0.40501299999999996
0.290109,-0.47293499999999994
0.279902,-0.554091
0.269694,-0.652856
0.25948699999999997,-0.773715
0.249279,-0.921152
0.23907199999999998,-1.09287
0.22886399999999998,-1.324962
0.218656,-1.6093359999999999
0.208449,-1.9731159999999999
0.198241,-2.463988
0.18803399999999998,-3.1438599999999997
0.17782599999999998,-4.112044
0.167619,-5.4967250000000005
0.157411,-7.3263419999999995
0.147203,-9.475333
0.136996,-11.765197
0.12678799999999998,-13.485439
0.11658099999999999,-14.367435
0.106373,-13.782938
0.096166048,-11.556949
0.08595848,-8.546961999999999
0.07575092,-6.054973
0.065543348,-4.544729
0.055335776,-3.732733
0.045128204000000005,-3.282985
0.034920632,-2.9907359999999996
0.024713064,-2.766737
0.014505494,-2.572488
0.004297924,-2.393989
-0.005909646,-2.24524
-0.016117215,-2.13849
-0.026324786000000003,-2.07199
-0.036532356,-2.04049
-0.046739924,-2.01599
-0.056947496,-1.9599909999999998
-0.067155064,-1.861991
-0.077362632,-1.746492
-0.08757020800000001,-1.632742
-0.09777777600000001,-1.534743
-0.107985,-1.4559929999999999
-0.11819199999999999,-1.3947429999999998
-0.1284,-1.343994
-0.13860799999999998,-1.2932439999999998
-0.148815,-1.247744
-0.159023,-1.200494
-0.16923,-1.1584940000000001
-0.179438,-1.1217439999999999
-0.18964499999999998,-1.088495
-0.199853,-1.055245
-0.18964499999999998,-0.965995
-0.179438,-0.913495
-0.16923,-0.8714959999999999
-0.159023,-0.832996
-0.148815,-0.801496
-0.13860799999999998,-0.773496
-0.1284,-0.743746
-0.11819199999999999,-0.717496
-0.107985,-0.694746
-0.09777777600000001,-0.673747
-0.08757020800000001,-0.650997
-0.077362632,-0.631747
-0.067155064,-0.614247
-0.056947496,-0.5914969999999999
-0.046739924,-0.5722470000000001
-0.036532356,-0.552997
-0.026324786000000003,-0.5302469999999999
-0.016117215,-0.509247
-0.005909646,-0.48649699999999996
0.004297924,-0.461997
0.014505494,-0.433998
0.024713064,-0.397248
0.034920632,-0.356998
0.045128204000000005,-0.30624799999999996
0.055335776,-0.25374800000000003
0.065543348,-0.20474900000000001
0.07575092,-0.159249
0.08595848,-0.120749
0.096166048,-0.09099960000000001
0.106373,-0.06737470400000001
0.11658099999999999,-0.049437284000000005
0.12678799999999998,-0.035437344
0.136996,-0.023843644
0.147203,-0.012249946000000001
0.157411,-0.0008749960000000001
0.167619,0.010828077
0.17782599999999998,0.023953018000000003
0.18803399999999998,0.038390452
0.198241,0.05468726
0.208449,0.073390296
0.218656,0.095155824
0.22886399999999998,0.11998299999999999
0.23907199999999998,0.147218
0.249279,0.181452
0.25948699999999997,0.22716999999999998
0.269694,0.29159199999999996
0.279902,0.38937299999999997
0.290109,0.53506
0.300317,0.739918
0.310525,1.008432
0.32073199999999996,1.3234309999999998
0.33094,1.648492
0.341147,1.924116
0.351355,2.1083030000000003
0.361562,2.19624
0.37177,2.195365
0.38197699999999996,2.13849
0.392185,2.054928
0.402393,1.9586779999999997
0.41259999999999997,1.862866
0.42280799999999996,1.779742
0.433015,1.709742
0.443223,1.655492
0.45343,1.62443
0.463638,1.6226800000000001
0.473846,1.659867
0.48405299999999996,1.749117
0.49426099999999995,1.897429
0.504468,2.1008649999999998
0.514676,2.3603020000000003
0.524883,2.6656750000000002
0.535091,2.989861
0.545299,3.316672
0.5555059999999999,3.642171
0.5657139999999999,3.963294
0.575921,4.252481
0.586129,4.472105
0.596336,4.6033539999999995
0.606544,4.663729
0.616752,4.657604
0.6269589999999999,4.557854
0.6371669999999999,4.37848
0.647374,4.1842310000000005
0.657582,4.017982
0.667789,3.884982
0.677997,3.786108
0.688205,3.710858
0.6984119999999999,3.654858
0.7086199999999999,3.616358
0.718827,3.585734
0.729035,3.563859
0.739242,3.544609
0.74945,3.528859
0.7596579999999999,3.5157339999999997
0.7698649999999999,3.503484
0.780073,3.495609
0.79028,3.4877339999999997
0.800488,3.4842340000000003
0.8106949999999999,3.483359
0.8209029999999999,3.4859839999999997
0.8311109999999999,3.494734
0.841318,3.514859
0.851526,3.038861
0.861733,2.692363
0.871941,2.447364
0.8821479999999999,2.2618639999999997
0.8923559999999999,2.1122400000000003
0.9025639999999999,1.9906160000000002
0.912771,1.889116
0.922979,1.8007410000000001
0.933186,1.726367
0.943394,1.659867
0.9536009999999999,1.6003669999999999
0.9638089999999999,1.549618
0.9740169999999999,1.501493
0.984224,1.4603679999999999
0.994432,1.4218680000000001
1.004639,1.385993
1.014847,1.355369
1.025054,1.323869
1.035262,1.296744
1.04547,1.271369
1.055677,1.246869
1.065885,1.224994
1.076092,1.203994
1.0863,1.184744
1.096507,1.166369
1.106715,1.148869
1.1169229999999999,1.1322439999999998
1.12713,1.1164949999999998
1.137338,1.1016199999999998
1.147545,1.088495
1.157753,1.074495
1.1679599999999999,1.0622449999999999
1.1781679999999999,1.049995
1.1883759999999999,1.037745
1.198583,1.027245
1.208791,1.0158699999999998
1.218998,1.006245
1.229206,0.9966200000000001
1.2394129999999999,0.9869949999999998
1.2496209999999999,0.978245
1.2598289999999999,0.9694950000000001
1.270036,0.960745
1.280244,0.9537450000000001
1.290451,0.944995
1.300659,0.937995
1.3108659999999999,0.9301200000000001
1.3210739999999999,0.92312
1.331281,0.9169949999999999
1.341489,0.9099949999999999
1.351697,0.90387
1.361904,0.897745
1.372112,0.890746
1.3823189999999999,0.8863709999999999
1.3925269999999998,0.880246
1.402734,0.8741209999999999
1.412942,0.869746
1.42315,0.8636210000000001
1.433357,0.859246
1.443565,0.853996
1.4537719999999998,0.8496210000000001
1.4639799999999998,0.8452459999999999
1.474187,0.839996
1.484395,0.8364959999999999
1.494603,0.832121
1.50481,0.827746
1.494603,0.824246
1.484395,0.8189960000000001
1.474187,0.815496
1.4639799999999998,0.811996
1.4537719999999998,0.8076209999999999
1.443565,0.804996
1.433357,0.8006209999999999
1.42315,0.797121
1.412942,0.794496
1.402734,0.790121
1.3925269999999998,0.7883709999999999
1.3823189999999999,0.783996
1.372112,0.781371
1.361904,0.7787459999999999
1.351697,0.774371
1.341489,0.772621
1.331281,0.769121
1.3210739999999999,0.766496
1.3108659999999999,0.763871
1.300659,0.760371
1.290451,0.758621
1.280244,0.7559959999999999
1.270036,0.7524959999999999
1.2598289999999999,0.751621
1.2496209999999999,0.748121
1.2394129999999999,0.745496
1.229206,0.743746
1.218998,0.7402460000000001
1.208791,0.739371
1.198583,0.7358709999999999
1.1883759999999999,0.7341209999999999
1.1781679999999999,0.732371
1.1679599999999999,0.7288709999999999
1.157753,0.727996
1.147545,0.725371
1.137338,0.722746
1.12713,0.7218709999999999
1.1169229999999999,0.718371
1.106715,0.716621
1.096507,0.7148709999999999
1.0863,0.7131209999999999
1.076092,0.712246
1.065885,0.708746
1.055677,0.707871
1.04547,0.706121
1.035262,0.703496
1.025054,0.703496
1.014847,0.700871
1.004639,0.6982459999999999
0.994432,0.6982459999999999
0.984224,0.694746
0.9740169999999999,0.694746
0.9638089999999999,0.692121
0.9536009999999999,0.689496
0.943394,0.689496
0.933186,0.686871
0.922979,0.6859959999999999
0.912771,0.685121
0.9025639999999999,0.682496
0.8923559999999999,0.614247
0.8821479999999999,0.48649699999999996
0.871941,0.386748
0.861733,0.307123
0.851526,0.24324800000000002
0.841318,0.193374
0.8311109999999999,0.153999
0.8209029999999999,0.123374
0.8106949999999999,0.09887456800000001
0.800488,0.08093714400000002
0.79028,0.066062208
0.780073,0.05424976
0.7698649999999999,0.044624800000000006
0.7596579999999999,0.036968588000000004
0.74945,0.030843614000000005
0.739242,0.025156138
0.729035,0.020671782000000003
0.718827,0.016843676000000002
0.7086199999999999,0.013234317
0.6984119999999999,-0.019627914
0.688205,-0.025048690000000002
0.677997,-0.027904678000000002
0.667789,-0.02946707
0.657582,-0.02932707
0.647374,-0.030503064
0.6371669999999999,-0.032412658000000004
0.6269589999999999,-0.032737454000000006
0.616752,-0.032759854000000005
0.606544,-0.034988644
0.596336,-0.035935044000000006
0.586129,-0.03585664000000001
0.575921,-0.037727036000000005
0.5657139999999999,-0.039199828000000006
0.5555059999999999,-0.039731824000000006
0.545299,-0.040801420000000005
0.535091,-0.04269421200000001
0.524883,-0.043719008000000004
0.514676,-0.044615004
0.504468,-0.04651899600000001
0.49426099999999995,-0.047930188000000006
0.48405299999999996,-0.049173384
0.473846,-0.050749776
0.463638,-0.055781004
0.45343,-0.061905976
0.443223,-0.06857782400000001
0.433015,-0.07667153600000001
0.42280799999999996,-0.085640248
0.41259999999999997,-0.09504644800000002
0.402393,-0.10718699999999999
0.392185,-0.12085800000000001
0.38197699999999996,-0.13617100000000001
0.37177,-0.154327
0.361562,-0.17532699999999998
0.351355,-0.199827
0.341147,-0.22793599999999997
0.33094,-0.26228
0.32073199999999996,-0.30274799999999996
0.310525,-0.34945099999999996
0.300317,-0.40742
0.290109,-0.47588800000000003
0.279902,-0.557481
0.269694,-0.657122
0.25948699999999997,-0.7787459999999999
0.249279,-0.9271670000000001
0.23907199999999998,-1.099323
0.22886399999999998,-1.333275
0.218656,-1.620055
0.208449,-1.9868970000000001
0.198241,-2.483238
0.18803399999999998,-3.172735
0.17782599999999998,-4.1544810000000005
0.167619,-5.56235
0.157411,-7.418216
0.147203,-9.584707
0.136996,-11.899946
0.12678799999999998,-13.630689
0.11658099999999999,-14.510935
0.106373,-13.882687999999998
0.096166048,-11.588448
0.08595848,-8.525960999999999
0.07575092,-6.0252229999999996
0.065543348,-4.5289790000000005
0.055335776,-3.732733
0.045128204000000005,-3.291735
0.034920632,-3.002986
0.024713064,-2.778987
0.014505494,-2.582988
0.004297924,-2.407989
-0.005909646,-2.262739
-0.016117215,-2.15774
-0.026324786000000003,-2.09474
-0.036532356,-2.06324
-0.046739924,-2.04049
-0.056947496,-1.9844909999999998
-0.067155064,-1.884741
-0.077362632,-1.767492
-0.08757020800000001,-1.651992
-0.09777777600000001,-1.553993
-0.107985,-1.475243
-0.11819199999999999,-1.413993
-0.1284,-1.361493
-0.13860799999999998,-1.310744
-0.148815,-1.2652439999999998
-0.159023,-1.217994
-0.16923,-1.175994
-0.179438,-1.139244
-0.18964499999999998,-1.104245
-0.199853,-1.0727449999999998
-0.18964499999999998,-0.981745
-0.179438,-0.927495
-0.16923,-0.8854960000000001
-0.159023,-0.848746
-0.148815,-0.815496
-0.13860799999999998,-0.787496
-0.1284,-0.759496
-0.11819199999999999,-0.7332460000000001
-0.107985,-0.710496
-0.09777777600000001,-0.687746
-0.08757020800000001,-0.6649970000000001
-0.077362632,-0.645747
-0.067155064,-0.626497
-0.056947496,-0.605497
-0.046739924,-0.584497
-0.036532356,-0.565247
-0.026324786000000003,-0.542497
-0.016117215,-0.519747
-0.005909646,-0.498747
0.004297924,-0.472497
0.014505494,-0.44274800000000003
0.024713064,-0.407748
0.034920632,-0.365748
0.045128204000000005,-0.314998
0.055335776,-0.26249799999999995
0.065543348,-0.21087399999999998
0.07575092,-0.164499
0.08595848,-0.125124
0.096166048,-0.09449958400000001
0.106373,-0.07043719200000001
0.11658099999999999,-0.05162476800000001
0.12678799999999998,-0.037187336
0.136996,-0.025593638000000002
0.147203,-0.013999938000000002
0.157411,-0.0028437370000000003
0.167619,0.009515583
0.17782599999999998,0.022421774000000002
0.18803399999999998,0.037406084000000006
0.198241,0.053046640000000006
0.208449,0.07164031200000001
0.218656,0.093843336
0.22886399999999998,0.118343
0.23907199999999998,0.145686
0.249279,0.18003
0.25948699999999997,0.225202
0.269694,0.289623
0.279902,0.386748
0.290109,0.531888
0.300317,0.735762
0.310525,1.004058
0.32073199999999996,1.319056
0.33094,1.644555
0.341147,1.921491
0.351355,2.106553
0.361562,2.19449
0.37177,2.191865
0.38197699999999996,2.13324
0.392185,2.048365
0.402393,1.9503659999999998
0.41259999999999997,1.853679
0.42280799999999996,1.770117
0.433015,1.6992420000000001
0.443223,1.644992
0.45343,1.6148049999999998
0.463638,1.6143669999999999
0.473846,1.65418
0.48405299999999996,1.747367
0.49426099999999995,1.902678
0.504468,2.114865
0.514676,2.386114
0.524883,2.7059249999999997
0.535091,3.0432360000000003
0.545299,3.382297
0.5555059999999999,3.7217949999999997
0.5657139999999999,4.056919
0.575921,4.36098
0.586129,4.5911040000000005
0.596336,4.726729
0.606544,4.784477999999999
0.616752,4.773103
0.6269589999999999,4.661979
0.6371669999999999,4.462479999999999
0.647374,4.244605
0.657582,4.058231
0.667789,3.9094819999999997
0.677997,3.798358
0.688205,3.7143580000000003
0.6984119999999999,3.650483
0.7086199999999999,3.6041079999999996
0.718827,3.568234
0.729035,3.540234
0.739242,3.5174839999999996
0.74945,3.4964839999999997
0.7596579999999999,3.479859
0.7698649999999999,3.465859
0.780073,3.455359
0.79028,3.447484
0.800488,3.4413590000000003
0.8106949999999999,3.439609
0.8209029999999999,3.442234
0.8311109999999999,3.452734
0.841318,3.473734
0.851526,3.041486
0.861733,2.689738
0.871941,2.441239
0.8821479999999999,2.2548649999999997
0.8923559999999999,2.106115
0.9025639999999999,1.983616
0.912771,1.882116
0.922979,1.792867
0.933186,1.717617
0.943394,1.651117
0.9536009999999999,1.592492
0.9638089999999999,1.5417429999999999
0.9740169999999999,1.494493
0.984224,1.451618
0.994432,1.413993
1.004639,1.378118
1.014847,1.346618
1.025054,1.315994
1.035262,1.288869
1.04547,1.2643689999999999
1.055677,1.238994
1.065885,1.217994
1.076092,1.196994
1.0863,1.176869
1.096507,1.159369
1.106715,1.140994
1.1169229999999999,1.125245
1.12713,1.11037
1.137338,1.09462
1.147545,1.081495
1.157753,1.067495
1.1679599999999999,1.055245
1.1781679999999999,1.0429950000000001
1.1883759999999999,1.0307449999999998
1.198583,1.02112
1.208791,1.0097450000000001
1.218998,0.999245
1.229206,0.9904949999999999
1.2394129999999999,0.9799950000000001
1.2496209999999999,0.9721199999999999
1.2598289999999999,0.96337
1.270036,0.95462
1.280244,0.9476199999999999
1.290451,0.93887
1.300659,0.93187
1.3108659999999999,0.92487
1.3210739999999999,0.9169949999999999
1.331281,0.91087
1.341489,0.90387
1.351697,0.897745
1.361904,0.8924960000000001
1.372112,0.8854960000000001
1.3823189999999999,0.880246
1.3925269999999998,0.8741209999999999
1.402734,0.868871
1.412942,0.8644959999999999
1.42315,0.858371
1.433357,0.853996
1.443565,0.848746
1.4537719999999998,0.8434959999999999
1.4639799999999998,0.839996
1.474187,0.834746
1.484395,0.830371
1.494603,0.826871
1.50481,0.8216209999999999
1.494603,0.8189960000000001
1.484395,0.8146209999999999
1.474187,0.810246
1.4639799999999998,0.8076209999999999
1.4537719999999998,0.802371
1.443565,0.799746
1.433357,0.796246
1.42315,0.792746
1.412942,0.790121
1.402734,0.7857459999999999
1.3925269999999998,0.7831210000000001
1.3823189999999999,0.779621
1.372112,0.7761210000000001
1.361904,0.774371
1.351697,0.769996
1.341489,0.767371
1.331281,0.765621
1.3210739999999999,0.761246
1.3108659999999999,0.759496
1.300659,0.756871
1.290451,0.753371
1.280244,0.751621
1.270036,0.748121
1.2598289999999999,0.746371
1.2496209999999999,0.743746
1.2394129999999999,0.741121
1.229206,0.739371
1.218998,0.7358709999999999
1.208791,0.7341209999999999
1.198583,0.732371
1.1883759999999999,0.729746
1.1781679999999999,0.727996
1.1679599999999999,0.725371
1.157753,0.723621
1.147545,0.7218709999999999
1.137338,0.719246
1.12713,0.717496
1.1169229999999999,0.715746
1.106715,0.7131209999999999
1.096507,0.712246
1.0863,0.709621
1.076092,0.707871
1.065885,0.706121
1.055677,0.703496
1.04547,0.702621
1.035262,0.699996
1.025054,0.699121
1.014847,0.6973710000000001
1.004639,0.694746
0.994432,0.694746
0.984224,0.692121
0.9740169999999999,0.6903710000000001
0.9638089999999999,0.688621
0.9536009999999999,0.686871
0.943394,0.6859959999999999
0.933186,0.6842459999999999
0.922979,0.682496
0.912771,0.681621
0.9025639999999999,0.6789959999999999
0.8923559999999999,0.598497
0.8821479999999999,0.474247
0.871941,0.377123
0.861733,0.29924799999999996
0.851526,0.237123
0.841318,0.18812399999999999
0.8311109999999999,0.150499
0.8209029999999999,0.11987400000000001
0.8106949999999999,0.09712456800000001
0.800488,0.078749648
0.79028,0.06387471600000001
0.780073,0.05249976800000001
0.7698649999999999,0.043093556000000005
0.7596579999999999,0.035656092
0.74945,0.029749868000000002
0.739242,0.024281142000000002
0.729035,0.020015536000000004
0.718827,0.016187429000000003
0.7086199999999999,0.012468694
0.6984119999999999,-0.019986312000000003
0.688205,-0.025300690000000004
0.677997,-0.028106276000000003
0.667789,-0.02960707
0.657582,-0.02944467
0.647374,-0.030570264
0.6371669999999999,-0.032496656
0.6269589999999999,-0.032804654
0.616752,-0.032827054
0.606544,-0.035083844
0.596336,-0.035979840000000006
0.586129,-0.03594624
0.575921,-0.037811036000000006
0.5657139999999999,-0.039244624000000006
0.5555059999999999,-0.03984382400000001
0.545299,-0.04086862000000001
0.535091,-0.042733412
0.524883,-0.043803004000000006
0.514676,-0.044659804000000004
0.504468,-0.046569392
0.49426099999999995,-0.047991788
0.48405299999999996,-0.04922938400000001
0.473846,-0.05096852400000001
0.463638,-0.056218500000000005
0.45343,-0.06212472
0.443223,-0.06912468800000002
0.433015,-0.07699965600000001
0.42280799999999996,-0.08607774400000001
0.41259999999999997,-0.095374576
0.402393,-0.107624
0.392185,-0.121296
0.38197699999999996,-0.13638999999999998
0.37177,-0.15487399999999998
0.361562,-0.176202
0.351355,-0.200702
0.341147,-0.229139
0.33094,-0.263264
0.32073199999999996,-0.304061
0.310525,-0.351201
0.300317,-0.40917
0.290109,-0.47840399999999994
0.279902,-0.560544
0.269694,-0.660512
0.25948699999999997,-0.7831210000000001
0.249279,-0.931761
0.23907199999999998,-1.104463
0.22886399999999998,-1.340056
0.218656,-1.628367
0.208449,-1.996959
0.198241,-2.497238
0.18803399999999998,-3.1941729999999997
0.17782599999999998,-4.186418
0.167619,-5.6095999999999995
0.157411,-7.487341
0.147203,-9.667832
0.136996,-12.010196
0.12678799999999998,-13.754939
0.11658099999999999,-14.645684
0.106373,-13.998187
0.096166048,-11.647948
0.08595848,-8.532962000000001
0.07575092,-6.016473
0.065543348,-4.525479
0.055335776,-3.7397329999999998
0.045128204000000005,-3.303985
0.034920632,-3.018736
0.024713064,-2.791237
0.014505494,-2.596988
0.004297924,-2.421989
-0.005909646,-2.278489
-0.016117215,-2.1752399999999996
-0.026324786000000003,-2.1122400000000003
-0.036532356,-2.0842400000000003
-0.046739924,-2.0614899999999996
-0.056947496,-2.005491
-0.067155064,-1.905741
-0.077362632,-1.788492
-0.08757020800000001,-1.6729919999999998
-0.09777777600000001,-1.573242
-0.107985,-1.492743
-0.11819199999999999,-1.431493
-0.1284,-1.3807429999999998
-0.13860799999999998,-1.328244
-0.148815,-1.280994
-0.159023,-1.2354939999999999
-0.16923,-1.1899939999999998
-0.179438,-1.153244
-0.18964499999999998,-1.1199949999999999
-0.199853,-1.0867449999999999
-0.18964499999999998,-0.995745
-0.179438,-0.943245
-0.16923,-0.901246
-0.159023,-0.862746
-0.148815,-0.8294959999999999
-0.13860799999999998,-0.799746
-0.1284,-0.769996
-0.11819199999999999,-0.745496
-0.107985,-0.720996
-0.09777777600000001,-0.699996
-0.08757020800000001,-0.6772459999999999
-0.077362632,-0.657997
-0.067155064,-0.638747
-0.056947496,-0.6177469999999999
-0.046739924,-0.5949969999999999
-0.036532356,-0.575747
-0.026324786000000003,-0.552997
-0.016117215,-0.5302469999999999
-0.005909646,-0.509247
0.004297924,-0.482997
0.014505494,-0.45324699999999996
0.024713064,-0.41824799999999995
0.034920632,-0.37449799999999994
0.045128204000000005,-0.321998
0.055335776,-0.267748
0.065543348,-0.21612399999999998
0.07575092,-0.168874
0.08595848,-0.128624
0.096166048,-0.09712456800000001
0.106373,-0.07262468000000001
0.11658099999999999,-0.05381226
0.12678799999999998,-0.039374824
0.136996,-0.02712488
0.147203,-0.01553118
0.157411,-0.003718733
0.167619,0.008203088
0.17782599999999998,0.021218656000000002
0.18803399999999998,0.036531087999999996
0.198241,0.052171644
0.208449,0.070655936
0.218656,0.093077712
0.22886399999999998,0.11724899999999999
0.23907199999999998,0.144921
0.249279,0.179374
0.25948699999999997,0.224764
0.269694,0.289295
0.279902,0.385982
0.290109,0.5315599999999999
0.300317,0.735762
0.310525,1.00362
0.32073199999999996,1.319275
0.33094,1.644992
0.341147,1.921928
0.351355,2.106553
0.361562,2.1923019999999998
0.37177,2.18924
0.38197699999999996,2.12799
0.392185,2.040928
0.402393,1.942491
0.41259999999999997,1.844491
0.42280799999999996,1.760929
0.433015,1.690054
0.443223,1.636242
0.45343,1.607367
0.463638,1.607805
0.473846,1.65068
0.48405299999999996,1.749117
0.49426099999999995,1.9109909999999999
0.504468,2.13324
0.514676,2.415864
0.524883,2.7487999999999997
0.535091,3.099673
0.545299,3.450109
0.5555059999999999,3.801857
0.5657139999999999,4.1492309999999994
0.575921,4.46773
0.586129,4.707479
0.596336,4.843103
0.606544,4.899977999999999
0.616752,4.884227999999999
0.6269589999999999,4.763479
0.6371669999999999,4.542104
0.647374,4.300605
0.657582,4.0958559999999995
0.667789,3.933982
0.677997,3.811482
0.688205,3.717858
0.6984119999999999,3.6469829999999996
0.7086199999999999,3.594483
0.718827,3.5524839999999998
0.729035,3.520109
0.739242,3.492984
0.74945,3.4693590000000003
0.7596579999999999,3.449234
0.7698649999999999,3.432609
0.780073,3.420359
0.79028,3.4107339999999997
0.800488,3.404609
0.8106949999999999,3.4019839999999997
0.8209029999999999,3.405484
0.8311109999999999,3.415984
0.841318,3.437859
0.851526,3.031861
0.861733,2.679238
0.871941,2.431614
0.8821479999999999,2.244365
0.8923559999999999,2.0964899999999997
0.9025639999999999,1.973991
0.912771,1.8724910000000001
0.922979,1.7849920000000001
0.933186,1.708867
0.943394,1.6441169999999998
0.9536009999999999,1.584617
0.9638089999999999,1.533868
0.9740169999999999,1.486618
0.984224,1.443743
0.994432,1.4069930000000002
1.004639,1.371118
1.014847,1.339619
1.025054,1.308994
1.035262,1.281869
1.04547,1.256494
1.055677,1.232869
1.065885,1.210994
1.076092,1.190869
1.0863,1.170744
1.096507,1.152369
1.106715,1.13487
1.1169229999999999,1.118245
1.12713,1.104245
1.137338,1.088495
1.147545,1.07537
1.157753,1.06137
1.1679599999999999,1.0482449999999999
1.1781679999999999,1.037745
1.1883759999999999,1.025495
1.198583,1.0149949999999999
1.208791,1.004495
1.218998,0.99312
1.229206,0.985245
1.2394129999999999,0.974745
1.2496209999999999,0.965995
1.2598289999999999,0.9581199999999999
1.270036,0.9493699999999999
1.280244,0.94237
1.290451,0.93362
1.300659,0.9257449999999999
1.3108659999999999,0.91962
1.3210739999999999,0.9117449999999999
1.331281,0.9064949999999999
1.341489,0.899495
1.351697,0.8924960000000001
1.361904,0.8881209999999999
1.372112,0.8811209999999999
1.3823189999999999,0.875871
1.3925269999999998,0.870621
1.402734,0.8644959999999999
1.412942,0.860121
1.42315,0.854871
1.433357,0.8496210000000001
1.443565,0.846121
1.4537719999999998,0.839996
1.4639799999999998,0.835621
1.474187,0.832121
1.484395,0.826871
1.494603,0.823371
1.50481,0.8189960000000001
1.494603,0.8146209999999999
1.484395,0.811121
1.474187,0.806746
1.4639799999999998,0.804121
1.4537719999999998,0.799746
1.443565,0.796246
1.433357,0.7936209999999999
1.42315,0.789246
1.412942,0.786621
1.402734,0.7831210000000001
1.3925269999999998,0.779621
1.3823189999999999,0.776996
1.372112,0.773496
1.361904,0.770871
1.351697,0.767371
1.341489,0.7647459999999999
1.331281,0.762121
1.3210739999999999,0.758621
1.3108659999999999,0.756871
1.300659,0.754246
1.290451,0.7507459999999999
1.280244,0.7489959999999999
1.270036,0.746371
1.2598289999999999,0.743746
1.2496209999999999,0.741121
1.2394129999999999,0.738496
1.229206,0.737621
1.218998,0.7341209999999999
1.208791,0.731496
1.198583,0.729746
1.1883759999999999,0.7262460000000001
1.1781679999999999,0.725371
1.1679599999999999,0.722746
1.157753,0.720996
1.147545,0.7201209999999999
1.137338,0.716621
1.12713,0.7148709999999999
1.1169229999999999,0.7131209999999999
1.106715,0.710496
1.096507,0.709621
1.0863,0.706996
1.076092,0.7052459999999999
1.065885,0.703496
1.055677,0.700871
1.04547,0.699996
1.035262,0.6982459999999999
1.025054,0.696496
1.014847,0.695621
1.004639,0.692996
0.994432,0.692121
0.984224,0.689496
0.9740169999999999,0.687746
0.9638089999999999,0.686871
0.9536009999999999,0.6842459999999999
0.943394,0.6833710000000001
0.933186,0.681621
0.922979,0.6789959999999999
0.912771,0.6789959999999999
0.9025639999999999,0.6763709999999999
0.8923559999999999,0.587122
0.8821479999999999,0.466372
0.871941,0.37012300000000004
0.861733,0.29399800000000004
0.851526,0.23274799999999998
0.841318,0.184624
0.8311109999999999,0.14699900000000002
0.8209029999999999,0.11812399999999999
0.8106949999999999,0.09493708000000001
0.800488,0.07699965600000001
0.79028,0.062562224
0.780073,0.051187276000000004
0.7698649999999999,0.042218564
0.7596579999999999,0.034781096000000004
0.74945,0.029093622
0.739242,0.02351552
0.729035,0.01935929
0.718827,0.015968679000000003
0.7086199999999999,-0.018558318
0.6984119999999999,-0.024751890000000002
0.688205,-0.025625488000000002
0.677997,-0.028212676000000003
0.667789,-0.02964067
0.657582,-0.029523070000000002
0.647374,-0.030648666000000005
0.6371669999999999,-0.032541454000000004
0.6269589999999999,-0.032911054
0.616752,-0.032843854
0.606544,-0.03516224400000001
0.596336,-0.036041444
0.586129,-0.03598544
0.575921,-0.037872632
0.5657139999999999,-0.039283828
0.5555059999999999,-0.039888624
0.545299,-0.04094702
0.535091,-0.042722212
0.524883,-0.043875808
0.514676,-0.044693404000000006
0.504468,-0.046625396
0.49426099999999995,-0.04807018800000001
0.48405299999999996,-0.049251784
0.473846,-0.051187276000000004
0.463638,-0.056546624000000004
0.45343,-0.062452852
0.443223,-0.06934344800000002
0.433015,-0.07710903200000001
0.42280799999999996,-0.08618711200000001
0.41259999999999997,-0.09581207200000001
0.402393,-0.10773300000000001
0.392185,-0.12184299999999999
0.38197699999999996,-0.13682699999999998
0.37177,-0.155311
0.361562,-0.17685800000000002
0.351355,-0.20103
0.341147,-0.229905
0.33094,-0.264248
0.32073199999999996,-0.304936
0.310525,-0.352514
0.300317,-0.410482
0.290109,-0.480044
0.279902,-0.562403
0.269694,-0.6625899999999999
0.25948699999999997,-0.785855
0.249279,-0.9346049999999999
0.23907199999999998,-1.107745
0.22886399999999998,-1.344212
0.218656,-1.632961
0.208449,-2.0037399999999996
0.198241,-2.505988
0.18803399999999998,-3.207735
0.17782599999999998,-4.206106
0.167619,-5.638475000000001
0.157411,-7.533716
0.147203,-9.727331
0.136996,-12.090694999999998
0.12678799999999998,-13.859938
0.11658099999999999,-14.766434
0.106373,-14.111936
0.096166048,-11.719696999999998
0.08595848,-8.559212
0.07575092,-6.019973
0.065543348,-4.5289790000000005
0.055335776,-3.750233
0.045128204000000005,-3.317985
0.034920632,-3.036236
0.024713064,-2.808737
0.014505494,-2.609238
0.004297924,-2.434239
-0.005909646,-2.294239
-0.016117215,-2.19099
-0.026324786000000003,-2.13149
-0.036532356,-2.10349
-0.046739924,-2.08249
-0.056947496,-2.0282400000000003
-0.067155064,-1.9267409999999998
-0.077362632,-1.807741
-0.08757020800000001,-1.692242
-0.09777777600000001,-1.5907419999999999
-0.107985,-1.5102429999999998
-0.11819199999999999,-1.448993
-0.1284,-1.396493
-0.13860799999999998,-1.345744
-0.148815,-1.298494
-0.159023,-1.251244
-0.16923,-1.205744
-0.179438,-1.167244
-0.18964499999999998,-1.133994
-0.199853,-1.098995
-0.18964499999999998,-1.011495
-0.179438,-0.9554950000000001
-0.16923,-0.913495
-0.159023,-0.874996
-0.148815,-0.841746
-0.13860799999999998,-0.813746
-0.1284,-0.783996
-0.11819199999999999,-0.7559959999999999
-0.107985,-0.734996
-0.09777777600000001,-0.710496
-0.08757020800000001,-0.689496
-0.077362632,-0.668497
-0.067155064,-0.649247
-0.056947496,-0.626497
-0.046739924,-0.605497
-0.036532356,-0.5862470000000001
-0.026324786000000003,-0.561747
-0.016117215,-0.538997
-0.005909646,-0.5179969999999999
0.004297924,-0.491747
0.014505494,-0.461997
0.024713064,-0.42524799999999996
0.034920632,-0.379748
0.045128204000000005,-0.32724800000000004
0.055335776,-0.272998
0.065543348,-0.220499
0.07575092,-0.172374
0.08595848,-0.13124899999999998
0.096166048,-0.099749552
0.106373,-0.07481216800000001
0.11658099999999999,-0.055562252000000006
0.12678799999999998,-0.041124816
0.136996,-0.028656122000000003
0.147203,-0.016843676000000002
0.157411,-0.005249977000000001
0.167619,0.0073280920000000005
0.17782599999999998,0.02012491
0.18803399999999998,0.035437344
0.198241,0.051515396000000005
0.208449,0.069999688
0.218656,0.09242146400000001
0.22886399999999998,0.116811
0.23907199999999998,0.144593
0.249279,0.179264
0.25948699999999997,0.224764
0.269694,0.289842
0.279902,0.387185
0.290109,0.53331
0.300317,0.738606
0.310525,1.007339
0.32073199999999996,1.323869
0.33094,1.649148
0.341147,1.92521
0.351355,2.107865
0.361562,2.19099
0.37177,2.18574
0.38197699999999996,2.122302
0.392185,2.033491
0.402393,1.934178
0.41259999999999997,1.8357409999999998
0.42280799999999996,1.752179
0.433015,1.681742
0.443223,1.628367
0.45343,1.6003669999999999
0.463638,1.602992
0.473846,1.64893
0.48405299999999996,1.753054
0.49426099999999995,1.922366
0.504468,2.1542399999999997
0.514676,2.449114
0.524883,2.794737
0.535091,3.157423
0.545299,3.519234
0.5555059999999999,3.8827949999999998
0.5657139999999999,4.241981
0.575921,4.570104
0.586129,4.820353
0.596336,4.958602
0.606544,5.011977
0.616752,4.992728
0.6269589999999999,4.857978
0.6371669999999999,4.616479
0.647374,4.35398
0.657582,4.1308560000000005
0.667789,3.954982
0.677997,3.8219819999999998
0.688205,3.7204829999999998
0.6984119999999999,3.6434830000000002
0.7086199999999999,3.5848579999999997
0.718827,3.538484
0.729035,3.501734
0.739242,3.4711089999999998
0.74945,3.4448589999999997
0.7596579999999999,3.422109
0.7698649999999999,3.4037339999999996
0.780073,3.389734
0.79028,3.380109
0.800488,3.372235
0.8106949999999999,3.3696099999999998
0.8209029999999999,3.373109
0.8311109999999999,3.382734
0.841318,3.405484
0.851526,3.0126109999999997
0.861733,2.662613
0.871941,2.418489
0.8821479999999999,2.232115
0.8923559999999999,2.0859900000000002
0.9025639999999999,1.9634909999999999
0.912771,1.861991
0.922979,1.7762419999999999
0.933186,1.7001169999999999
0.943394,1.636242
0.9536009999999999,1.5767419999999999
0.9638089999999999,1.525993
0.9740169999999999,1.479618
0.984224,1.436743
0.994432,1.3991179999999999
1.004639,1.3641180000000002
1.014847,1.332619
1.025054,1.303744
1.035262,1.274869
1.04547,1.2503689999999998
1.055677,1.226744
1.065885,1.203994
1.076092,1.184744
1.0863,1.1646189999999998
1.096507,1.1471189999999998
1.106715,1.1304949999999998
1.1169229999999999,1.112995
1.12713,1.098995
1.137338,1.083245
1.147545,1.07012
1.157753,1.0569950000000001
1.1679599999999999,1.0438699999999999
1.1781679999999999,1.032495
1.1883759999999999,1.020245
1.198583,1.0097450000000001
1.208791,1.00012
1.218998,0.9896199999999999
1.229206,0.9799950000000001
1.2394129999999999,0.9703700000000001
1.2496209999999999,0.9616199999999999
1.2598289999999999,0.9537450000000001
1.270036,0.944995
1.280244,0.9371200000000001
1.290451,0.9301200000000001
1.300659,0.922245
1.3108659999999999,0.91612
1.3210739999999999,0.908245
1.331281,0.90212
1.341489,0.89687
1.351697,0.888996
1.361904,0.883746
1.372112,0.877621
1.3823189999999999,0.8714959999999999
1.3925269999999998,0.8671209999999999
1.402734,0.860996
1.412942,0.8566210000000001
1.42315,0.851371
1.433357,0.846121
1.443565,0.842621
1.4537719999999998,0.837371
1.4639799999999998,0.832996
1.474187,0.8286209999999999
1.484395,0.823371
1.494603,0.8207460000000001
1.50481,0.816371
1.494603,0.811996
1.484395,0.808496
1.474187,0.804121
1.4639799999999998,0.801496
1.4537719999999998,0.797996
1.443565,0.7936209999999999
1.433357,0.790996
1.42315,0.786621
1.412942,0.783996
1.402734,0.780496
1.3925269999999998,0.776996
1.3823189999999999,0.774371
1.372112,0.770871
1.361904,0.768246
1.351697,0.766496
1.341489,0.762121
1.331281,0.760371
1.3210739999999999,0.756871
1.3108659999999999,0.754246
1.300659,0.751621
1.290451,0.748121
1.280244,0.746371
1.270036,0.743746
1.2598289999999999,0.741121
1.2496209999999999,0.739371
1.2394129999999999,0.7358709999999999
1.229206,0.7341209999999999
1.218998,0.732371
1.208791,0.729746
1.198583,0.727996
1.1883759999999999,0.725371
1.1781679999999999,0.723621
1.1679599999999999,0.720996
1.157753,0.718371
1.147545,0.717496
1.137338,0.7148709999999999
1.12713,0.7131209999999999
1.1169229999999999,0.712246
1.106715,0.708746
1.096507,0.707871
1.0863,0.7052459999999999
1.076092,0.702621
1.065885,0.701746
1.055677,0.699121
1.04547,0.6982459999999999
1.035262,0.696496
1.025054,0.693871
1.014847,0.692996
1.004639,0.6903710000000001
0.994432,0.689496
0.984224,0.687746
0.9740169999999999,0.6859959999999999
0.9638089999999999,0.685121
0.9536009999999999,0.682496
0.943394,0.681621
0.933186,0.679871
0.922979,0.678121
0.912771,0.6772459999999999
0.9025639999999999,0.6754969999999999
0.8923559999999999,0.580997
0.8821479999999999,0.461122
0.871941,0.365748
0.861733,0.29049800000000003
0.851526,0.230123
0.841318,0.182874
0.8311109999999999,0.14524900000000002
0.8209029999999999,0.11637399999999999
0.8106949999999999,0.09362458400000001
0.800488,0.076124664
0.79028,0.06212472
0.780073,0.050749776
0.7698649999999999,0.041781064
0.7596579999999999,0.034343596000000004
0.74945,0.028437374
0.739242,0.023406146000000003
0.729035,0.01914054
0.718827,0.015640556
0.7086199999999999,-0.018810318
0.6984119999999999,-0.025037490000000003
0.688205,-0.025614288000000002
0.677997,-0.028296674000000004
0.667789,-0.029691068000000004
0.657582,-0.029556670000000004
0.647374,-0.030682264
0.6371669999999999,-0.032547058000000004
0.6269589999999999,-0.032950254000000005
0.616752,-0.032883056
0.606544,-0.035195844000000004
0.596336,-0.03612544
0.586129,-0.036002240000000005
0.575921,-0.037934232000000005
0.5657139999999999,-0.039345428
0.5555059999999999,-0.039922224000000006
0.545299,-0.040986220000000004
0.535091,-0.04274461200000001
0.524883,-0.043915004
0.514676,-0.044743804000000005
0.504468,-0.046625396
0.49426099999999995,-0.048109388
0.48405299999999996,-0.04927978400000001
0.473846,-0.05129664800000001
0.463638,-0.05643725200000001
0.45343,-0.06234347600000001
0.443223,-0.06934344800000002
0.433015,-0.07743716
0.42280799999999996,-0.086296496
0.41259999999999997,-0.095921448
0.402393,-0.107952
0.392185,-0.121952
0.38197699999999996,-0.137155
0.37177,-0.15553
0.361562,-0.177186
0.351355,-0.201358
0.341147,-0.230342
0.33094,-0.26468600000000003
0.32073199999999996,-0.305483
0.310525,-0.35327899999999995
0.300317,-0.411138
0.290109,-0.481247
0.279902,-0.5636059999999999
0.269694,-0.664122
0.25948699999999997,-0.787605
0.249279,-0.936902
0.23907199999999998,-1.110041
0.22886399999999998,-1.347056
0.218656,-1.6360229999999998
0.208449,-2.0070219999999996
0.198241,-2.510801
0.18803399999999998,-3.2147349999999997
0.17782599999999998,-4.217480999999999
0.167619,-5.6559740000000005
0.157411,-7.560841
0.147203,-9.766706000000001
0.136996,-12.151945
0.12678799999999998,-13.947438
0.11658099999999999,-14.876683
0.106373,-14.227437
0.096166048,-11.810697000000001
0.08595848,-8.601211
0.07575092,-6.033972
0.065543348,-4.53948
0.055335776,-3.765983
0.045128204000000005,-3.3372349999999997
0.034920632,-3.0554859999999997
0.024713064,-2.826237
0.014505494,-2.621488
0.004297924,-2.446489
-0.005909646,-2.308239
-0.016117215,-2.20674
-0.026324786000000003,-2.14899
-0.036532356,-2.12099
-0.046739924,-2.10174
-0.056947496,-2.04924
-0.067155064,-1.9477410000000002
-0.077362632,-1.826991
-0.08757020800000001,-1.709742
-0.09777777600000001,-1.606492
-0.107985,-1.5277429999999999
-0.11819199999999999,-1.4647430000000001
-0.1284,-1.410493
-0.13860799999999998,-1.361493
-0.148815,-1.312494
-0.159023,-1.263494
-0.16923,-1.217994
-0.179438,-1.179494
-0.18964499999999998,-1.147994
-0.199853,-1.109495
-0.18964499999999998,-1.023745
-0.179438,-0.9694950000000001
-0.16923,-0.9257449999999999
-0.159023,-0.887246
-0.148815,-0.853996
-0.13860799999999998,-0.824246
-0.1284,-0.796246
-0.11819199999999999,-0.766496
-0.107985,-0.743746
-0.09777777600000001,-0.720996
-0.08757020800000001,-0.6982459999999999
-0.077362632,-0.6789959999999999
-0.067155064,-0.657997
-0.056947496,-0.636997
-0.046739924,-0.615997
-0.036532356,-0.5949969999999999
-0.026324786000000003,-0.5722470000000001
-0.016117215,-0.547747
-0.005909646,-0.526747
0.004297924,-0.5004970000000001
0.014505494,-0.468997
0.024713064,-0.43224799999999997
0.034920632,-0.386748
0.045128204000000005,-0.332498
0.055335776,-0.276498
0.065543348,-0.223999
0.07575092,-0.174999
0.08595848,-0.133874
0.096166048,-0.101499
0.106373,-0.07699965600000001
0.11658099999999999,-0.056874748
0.12678799999999998,-0.042874808
0.136996,-0.030187366
0.147203,-0.018156170000000003
0.157411,-0.006124973000000001
0.167619,0.006453096000000001
0.17782599999999998,0.019468664000000004
0.18803399999999998,0.03467172400000001
0.198241,0.051077896000000005
0.208449,0.069452816
0.218656,0.09220272000000002
0.22886399999999998,0.11703
0.23907199999999998,0.144593
0.249279,0.18003
0.25948699999999997,0.22553
0.269694,0.291154
0.279902,0.38948199999999994
0.290109,0.536482
0.300317,0.743637
0.310525,1.0132450000000002
0.32073199999999996,1.331087
0.33094,1.656367
0.341147,1.930022
0.351355,2.11049
0.361562,2.190552
0.37177,2.181365
0.38197699999999996,2.117053
0.392185,2.0264900000000003
0.402393,1.925866
0.41259999999999997,1.826991
0.42280799999999996,1.7434290000000001
0.433015,1.673867
0.443223,1.621367
0.45343,1.59468
0.463638,1.599492
0.473846,1.64893
0.48405299999999996,1.7587419999999998
0.49426099999999995,1.9354909999999999
0.504468,2.177427
0.514676,2.484114
0.524883,2.842424
0.535091,3.216923
0.545299,3.589234
0.5555059999999999,3.963732
0.5657139999999999,4.333855
0.575921,4.672479
0.586129,4.928853
0.596336,5.067977
0.606544,5.116976999999999
0.616752,5.092477
0.6269589999999999,4.946352
0.6371669999999999,4.683854
0.647374,4.400354999999999
0.657582,4.1606060000000005
0.667789,3.971607
0.677997,3.829857
0.688205,3.721358
0.6984119999999999,3.637358
0.7086199999999999,3.574359
0.718827,3.525359
0.729035,3.4842340000000003
0.739242,3.451859
0.74945,3.422109
0.7596579999999999,3.397609
0.7698649999999999,3.377484
0.780073,3.361734
0.79028,3.35036
0.800488,3.3433599999999997
0.8106949999999999,3.33986
0.8209029999999999,3.342485
0.8311109999999999,3.35386
0.841318,3.375735
0.851526,2.988986
0.861733,2.6424879999999997
0.871941,2.402739
0.8821479999999999,2.2181149999999996
0.8923559999999999,2.0728649999999997
0.9025639999999999,1.9529910000000001
0.912771,1.851491
0.922979,1.766617
0.933186,1.6904919999999999
0.943394,1.626617
0.9536009999999999,1.568867
0.9638089999999999,1.517243
0.9740169999999999,1.472618
0.984224,1.429743
0.994432,1.392118
1.004639,1.357993
1.014847,1.3256189999999999
1.025054,1.297619
1.035262,1.269619
1.04547,1.2442440000000001
1.055677,1.2214939999999999
1.065885,1.198744
1.076092,1.179494
1.0863,1.160244
1.096507,1.140994
1.106715,1.125245
1.1169229999999999,1.107745
1.12713,1.093745
1.137338,1.07887
1.147545,1.06487
1.157753,1.0526200000000001
1.1679599999999999,1.039495
1.1781679999999999,1.0281200000000001
1.1883759999999999,1.016745
1.198583,1.0053699999999999
1.208791,0.995745
1.218998,0.985245
1.229206,0.976495
1.2394129999999999,0.9677450000000001
1.2496209999999999,0.9581199999999999
1.2598289999999999,0.950245
1.270036,0.94237
1.280244,0.93362
1.290451,0.92662
1.300659,0.9187449999999999
1.3108659999999999,0.91262
1.3210739999999999,0.9064949999999999
1.331281,0.89862
1.341489,0.8933709999999999
1.351697,0.8863709999999999
1.361904,0.8811209999999999
1.372112,0.875871
1.3823189999999999,0.868871
1.3925269999999998,0.865371
1.402734,0.859246
1.412942,0.853996
1.42315,0.8496210000000001
1.433357,0.844371
1.443565,0.839996
1.4537719999999998,0.834746
1.4639799999999998,0.830371
1.474187,0.826871
1.484395,0.8216209999999999
1.494603,0.818121
1.50481,0.8146209999999999
1.494603,0.809371
1.484395,0.8076209999999999
1.474187,0.802371
1.4639799999999998,0.798871
1.4537719999999998,0.796246
1.443565,0.7918709999999999
1.433357,0.789246
1.42315,0.7857459999999999
1.412942,0.782246
1.402734,0.779621
1.3925269999999998,0.775246
1.3823189999999999,0.773496
1.372112,0.769996
1.361904,0.766496
1.351697,0.7647459999999999
1.341489,0.761246
1.331281,0.758621
1.3210739999999999,0.7559959999999999
1.3108659999999999,0.7524959999999999
1.300659,0.7507459999999999
1.290451,0.748121
1.280244,0.745496
1.270036,0.742871
1.2598289999999999,0.7402460000000001
1.2496209999999999,0.738496
1.2394129999999999,0.7358709999999999
1.229206,0.732371
1.218998,0.731496
1.208791,0.727996
1.198583,0.7262460000000001
1.1883759999999999,0.723621
1.1781679999999999,0.720996
1.1679599999999999,0.7201209999999999
1.157753,0.716621
1.147545,0.715746
1.137338,0.713996
1.12713,0.711371
1.1169229999999999,0.710496
1.106715,0.707871
1.096507,0.7052459999999999
1.0863,0.7043710000000001
1.076092,0.701746
1.065885,0.700871
1.055677,0.6982459999999999
1.04547,0.696496
1.035262,0.695621
1.025054,0.692996
1.014847,0.692121
1.004639,0.689496
0.994432,0.687746
0.984224,0.686871
0.9740169999999999,0.685121
0.9638089999999999,0.6833710000000001
0.9536009999999999,0.682496
0.943394,0.679871
0.933186,0.6789959999999999
0.922979,0.6763709999999999
0.912771,0.6754969999999999
0.9025639999999999,0.6746219999999999
0.8923559999999999,0.577497
0.8821479999999999,0.457622
0.871941,0.36312300000000003
0.861733,0.287873
0.851526,0.228373
0.841318,0.181124
0.8311109999999999,0.144374
0.8209029999999999,0.11549899999999999
0.8106949999999999,0.093187088
0.800488,0.07524966400000001
0.79028,0.061249732
0.780073,0.050093528000000005
0.7698649999999999,0.041124816
0.7596579999999999,0.034124848
0.74945,0.027999876000000003
0.739242,0.023187396000000002
0.729035,0.018703042000000003
0.718827,0.015421807000000003
0.7086199999999999,-0.019000716
0.6984119999999999,-0.025227888000000004
0.688205,-0.025653486
0.677997,-0.028369476000000005
0.667789,-0.029730270000000003
0.657582,-0.029573470000000004
0.647374,-0.030749466000000003
0.6371669999999999,-0.032563853999999996
0.6269589999999999,-0.033000654000000004
0.616752,-0.032922256000000004
0.606544,-0.03516224400000001
0.596336,-0.03617584
0.586129,-0.03600784
0.575921,-0.03794543200000001
0.5657139999999999,-0.039390228000000006
0.5555059999999999,-0.039905424
0.545299,-0.04101982
0.535091,-0.042750212
0.524883,-0.043943008
0.514676,-0.044788604
0.504468,-0.046619796000000005
0.49426099999999995,-0.048114988
0.48405299999999996,-0.049313380000000004
0.473846,-0.05129664800000001
0.463638,-0.056546624000000004
0.45343,-0.062452852
0.443223,-0.069452816
0.433015,-0.077546528
0.42280799999999996,-0.086296496
0.41259999999999997,-0.09624956800000001
0.402393,-0.10817099999999999
0.392185,-0.122061
0.38197699999999996,-0.137265
0.37177,-0.155639
0.361562,-0.177296
0.351355,-0.201905
0.341147,-0.230561
0.33094,-0.265123
0.32073199999999996,-0.305811
0.310525,-0.353717
0.300317,-0.41179499999999997
0.290109,-0.481466
0.279902,-0.5645910000000001
0.269694,-0.6648869999999999
0.25948699999999997,-0.7889179999999999
0.249279,-0.937995
0.23907199999999998,-1.1110259999999998
0.22886399999999998,-1.348587
0.218656,-1.636898
0.208449,-2.008334
0.198241,-2.512113
0.18803399999999998,-3.216048
0.17782599999999998,-4.219669
0.167619,-5.6594739999999994
0.157411,-7.571340999999999
0.147203,-9.787706
0.136996,-12.190444999999999
0.12678799999999998,-14.015687
0.11658099999999999,-14.979932
0.106373,-14.348186
0.096166048,-11.913946000000001
0.08595848,-8.664211
0.07575092,-6.061973
0.065543348,-4.5587290000000005
0.055335776,-3.785233
0.045128204000000005,-3.359985
0.034920632,-3.079986
0.024713064,-2.845487
0.014505494,-2.635488
0.004297924,-2.460489
-0.005909646,-2.323989
-0.016117215,-2.22249
-0.026324786000000003,-2.16299
-0.036532356,-2.14024
-0.046739924,-2.11924
-0.056947496,-2.06674
-0.067155064,-1.965241
-0.077362632,-1.844491
-0.08757020800000001,-1.7272420000000002
-0.09777777600000001,-1.623992
-0.107985,-1.5417429999999999
-0.11819199999999999,-1.4787430000000001
-0.1284,-1.4244929999999998
-0.13860799999999998,-1.373743
-0.148815,-1.324744
-0.159023,-1.277494
-0.16923,-1.231994
-0.179438,-1.191744
-0.18964499999999998,-1.1584940000000001
-0.199853,-1.123494
-0.18964499999999998,-1.0342449999999999
-0.179438,-0.9799950000000001
-0.16923,-0.936245
-0.159023,-0.897745
-0.148815,-0.862746
-0.13860799999999998,-0.832996
-0.1284,-0.804996
-0.11819199999999999,-0.776996
-0.107985,-0.754246
-0.09777777600000001,-0.729746
-0.08757020800000001,-0.706996
-0.077362632,-0.687746
-0.067155064,-0.668497
-0.056947496,-0.645747
-0.046739924,-0.622997
-0.036532356,-0.601997
-0.026324786000000003,-0.5792470000000001
-0.016117215,-0.554747
-0.005909646,-0.533747
0.004297924,-0.5074970000000001
0.014505494,-0.474247
0.024713064,-0.437498
0.034920632,-0.391998
0.045128204000000005,-0.33599799999999996
0.055335776,-0.279998
0.065543348,-0.225748
0.07575092,-0.176749
0.08595848,-0.135624
0.096166048,-0.103249
0.106373,-0.078749648
0.11658099999999999,-0.05862474000000001
0.12678799999999998,-0.043312308
0.136996,-0.03149986
0.147203,-0.018812416000000002
0.157411,-0.0074374670000000006
0.167619,0.005578100000000001
0.17782599999999998,0.019031166
0.18803399999999998,0.034343596000000004
0.198241,0.051077896000000005
0.208449,0.06967156800000002
0.218656,0.092312088
0.22886399999999998,0.117577
0.23907199999999998,0.145139
0.249279,0.181014
0.25948699999999997,0.22716999999999998
0.269694,0.293123
0.279902,0.393091
0.290109,0.5412939999999999
0.300317,0.7501990000000001
0.310525,1.021557
0.32073199999999996,1.340275
0.33094,1.665773
0.341147,1.936803
0.351355,2.113553
0.361562,2.1901149999999996
0.37177,2.177865
0.38197699999999996,2.110928
0.392185,2.019053
0.402393,1.917991
0.41259999999999997,1.819554
0.42280799999999996,1.735554
0.433015,1.66643
0.443223,1.6148049999999998
0.45343,1.58943
0.463638,1.5973049999999998
0.473846,1.65068
0.48405299999999996,1.766617
0.49426099999999995,1.9508029999999998
0.504468,2.202802
0.514676,2.522176
0.524883,2.892299
0.535091,3.277735
0.545299,3.660546
0.5555059999999999,4.043793999999999
0.5657139999999999,4.4266049999999995
0.575921,4.773103
0.586129,5.034727
0.596336,5.172102
0.606544,5.217601
0.616752,5.188726
0.6269589999999999,5.029477
0.6371669999999999,4.7451039999999995
0.647374,4.440605
0.657582,4.185105999999999
0.667789,3.9864819999999996
0.677997,3.835982
0.688205,3.722233
0.6984119999999999,3.6321079999999997
0.7086199999999999,3.564734
0.718827,3.5113589999999997
0.729035,3.4684839999999997
0.739242,3.432609
0.74945,3.401109
0.7596579999999999,3.37486
0.7698649999999999,3.35386
0.780073,3.3372349999999997
0.79028,3.32411
0.800488,3.31711
0.8106949999999999,3.312735
0.8209029999999999,3.316235
0.8311109999999999,3.3267349999999998
0.841318,3.349485
0.851526,2.9636109999999998
0.861733,2.622363
0.871941,2.385239
0.8821479999999999,2.204115
0.8923559999999999,2.0597399999999997
0.9025639999999999,1.942491
0.912771,1.841866
0.922979,1.7578669999999998
0.933186,1.682617
0.943394,1.618742
0.9536009999999999,1.561868
0.9638089999999999,1.5102429999999998
0.9740169999999999,1.465618
0.984224,1.4236179999999998
0.994432,1.385993
1.004639,1.3527429999999998
1.014847,1.320369
1.025054,1.291494
1.035262,1.2652439999999998
1.04547,1.238994
1.055677,1.217119
1.065885,1.195244
1.076092,1.174244
1.0863,1.155869
1.096507,1.137494
1.106715,1.12087
1.1169229999999999,1.104245
1.12713,1.08937
1.137338,1.07537
1.147545,1.06137
1.157753,1.04912
1.1679599999999999,1.035995
1.1781679999999999,1.02462
1.1883759999999999,1.0141200000000001
1.198583,1.002745
1.208791,0.9922449999999999
1.218998,0.983495
1.229206,0.9729949999999999
1.2394129999999999,0.96512
1.2496209999999999,0.9554950000000001
1.2598289999999999,0.9476199999999999
1.270036,0.9397449999999999
1.280244,0.930995
1.290451,0.92487
1.300659,0.9169949999999999
1.3108659999999999,0.9099949999999999
1.3210739999999999,0.904745
1.331281,0.89687
1.341489,0.890746
1.351697,0.8854960000000001
1.361904,0.878496
1.372112,0.8741209999999999
1.3823189999999999,0.867996
1.3925269999999998,0.862746
1.402734,0.858371
1.412942,0.852246
1.42315,0.847871
1.433357,0.8434959999999999
1.443565,0.8382459999999999
1.4537719999999998,0.834746
1.4639799999999998,0.8286209999999999
1.474187,0.825996
1.484395,0.8207460000000001
1.494603,0.816371
1.50481,0.813746
1.494603,0.809371
1.484395,0.805871
1.474187,0.802371
1.4639799999999998,0.797996
1.4537719999999998,0.7953709999999999
1.443565,0.790996
1.433357,0.787496
1.42315,0.784871
1.412942,0.780496
1.402734,0.7787459999999999
1.3925269999999998,0.774371
1.3823189999999999,0.7717459999999999
1.372112,0.769121
1.361904,0.765621
1.351697,0.763871
1.341489,0.760371
1.331281,0.7577459999999999
1.3210739999999999,0.755121
1.3108659999999999,0.751621
1.300659,0.749871
1.290451,0.747246
1.280244,0.744621
1.270036,0.742871
1.2598289999999999,0.739371
1.2496209999999999,0.736746
1.2394129999999999,0.7358709999999999
1.229206,0.732371
1.218998,0.730621
1.208791,0.727996
1.198583,0.725371
1.1883759999999999,0.723621
1.1781679999999999,0.720996
1.1679599999999999,0.7201209999999999
1.157753,0.717496
1.147545,0.7148709999999999
1.137338,0.713996
1.12713,0.710496
1.1169229999999999,0.709621
1.106715,0.706996
1.096507,0.7052459999999999
1.0863,0.703496
1.076092,0.700871
1.065885,0.699121
1.055677,0.6982459999999999
1.04547,0.695621
1.035262,0.694746
1.025054,0.692996
1.014847,0.6903710000000001
1.004639,0.6903710000000001
0.994432,0.686871
0.984224,0.686871
0.9740169999999999,0.685121
0.9638089999999999,0.682496
0.9536009999999999,0.681621
0.943394,0.6789959999999999
0.933186,0.678121
0.922979,0.6763709999999999
0.912771,0.6746219999999999
0.9025639999999999,0.673747
0.8923559999999999,0.575747
0.8821479999999999,0.45674699999999996
0.871941,0.36312300000000003
0.861733,0.287873
0.851526,0.228373
0.841318,0.181124
0.8311109999999999,0.144374
0.8209029999999999,0.11549899999999999
0.8106949999999999,0.09274958400000001
0.800488,0.07481216800000001
0.79028,0.061249732
0.780073,0.049874776
0.7698649999999999,0.041124816
0.7596579999999999,0.034124848
0.74945,0.027999876000000003
0.739242,0.022968648
0.729035,0.018703042000000003
0.718827,0.014984308000000002
0.7086199999999999,-0.019084716
0.6984119999999999,-0.025384688000000002
0.688205,-0.025720688000000002
0.677997,-0.028419874
0.667789,-0.029719070000000004
0.657582,-0.029562270000000005
0.647374,-0.030788664000000004
0.6371669999999999,-0.032586258
0.6269589999999999,-0.03300625200000001
0.616752,-0.032972654000000004
0.606544,-0.035173444000000005
0.596336,-0.03620944
0.586129,-0.036019044
0.575921,-0.03794543200000001
0.5657139999999999,-0.039423824
0.5555059999999999,-0.039894224000000006
0.545299,-0.04104782
0.535091,-0.042823012
0.524883,-0.043892604
0.514676,-0.044827804000000006
0.504468,-0.046619796000000005
0.49426099999999995,-0.048142988000000005
0.48405299999999996,-0.049318984
0.473846,-0.051187276000000004
0.463638,-0.05676537200000001
0.45343,-0.062452852
0.443223,-0.06923407200000001
0.433015,-0.077655904
0.42280799999999996,-0.086296496
0.41259999999999997,-0.09614020000000001
0.402393,-0.10828
0.392185,-0.12184299999999999
0.38197699999999996,-0.137702
0.37177,-0.155639
0.361562,-0.17751399999999998
0.351355,-0.20179499999999997
0.341147,-0.23045200000000002
0.33094,-0.265561
0.32073199999999996,-0.306029
0.310525,-0.353826
0.300317,-0.41234099999999996
0.290109,-0.48179400000000006
0.279902,-0.564919
0.269694,-0.6653249999999999
0.25948699999999997,-0.789027
0.249279,-0.9382139999999999
0.23907199999999998,-1.110807
0.22886399999999998,-1.348368
0.218656,-1.63668
0.208449,-2.006584
0.198241,-2.5099259999999997
0.18803399999999998,-3.2129849999999998
0.17782599999999998,-4.215293
0.167619,-5.655099
0.157411,-7.567841
0.147203,-9.793830999999999
0.136996,-12.213195
0.12678799999999998,-14.071686
0.11658099999999999,-15.076182000000001
0.106373,-14.468935
0.096166048,-12.034695999999999
0.08595848,-8.746461
0.07575092,-6.105722
0.065543348,-4.584979000000001
0.055335776,-3.809733
0.045128204000000005,-3.382734
0.034920632,-3.104486
0.024713064,-2.866487
0.014505494,-2.649488
0.004297924,-2.474489
-0.005909646,-2.337989
-0.016117215,-2.23824
-0.026324786000000003,-2.17874
-0.036532356,-2.1542399999999997
-0.046739924,-2.13674
-0.056947496,-2.0842400000000003
-0.067155064,-1.982741
-0.077362632,-1.861991
-0.08757020800000001,-1.7447419999999998
-0.09777777600000001,-1.639742
-0.107985,-1.553993
-0.11819199999999999,-1.492743
-0.1284,-1.4384929999999998
-0.13860799999999998,-1.387743
-0.148815,-1.338744
-0.159023,-1.289744
-0.16923,-1.2442440000000001
-0.179438,-1.205744
-0.18964499999999998,-1.168994
-0.199853,-1.1322439999999998
-0.18964499999999998,-1.0447449999999998
-0.179438,-0.9922449999999999
-0.16923,-0.946745
-0.159023,-0.9064949999999999
-0.148815,-0.873246
-0.13860799999999998,-0.8434959999999999
-0.1284,-0.813746
-0.11819199999999999,-0.7857459999999999
-0.107985,-0.761246
-0.09777777600000001,-0.738496
-0.08757020800000001,-0.715746
-0.077362632,-0.696496
-0.067155064,-0.6754969999999999
-0.056947496,-0.652747
-0.046739924,-0.631747
-0.036532356,-0.608997
-0.026324786000000003,-0.5862470000000001
-0.016117215,-0.563497
-0.005909646,-0.538997
0.004297924,-0.512747
0.014505494,-0.481247
0.024713064,-0.440998
0.034920632,-0.395498
0.045128204000000005,-0.33949799999999997
0.055335776,-0.283498
0.065543348,-0.22924799999999998
0.07575092,-0.178499
0.08595848,-0.137374
0.096166048,-0.104999
0.106373,-0.079624648
0.11658099999999999,-0.05993723200000001
0.12678799999999998,-0.044624800000000006
0.136996,-0.032593606000000004
0.147203,-0.019906162
0.157411,-0.007874965
0.167619,0.004812478
0.17782599999999998,0.018484294000000002
0.18803399999999998,0.0339061
0.198241,0.05096852400000001
0.208449,0.069780936
0.218656,0.09242146400000001
0.22886399999999998,0.117905
0.23907199999999998,0.146014
0.249279,0.18178
0.25948699999999997,0.228811
0.269694,0.29574799999999996
0.279902,0.397138
0.290109,0.5472
0.300317,0.7584019999999999
0.310525,1.031729
0.32073199999999996,1.3514309999999998
0.33094,1.676054
0.341147,1.9444599999999999
0.351355,2.1174899999999997
0.361562,2.1901149999999996
0.37177,2.1739270000000004
0.38197699999999996,2.104803
0.392185,2.012053
0.402393,1.9101160000000001
0.41259999999999997,1.8112409999999999
0.42280799999999996,1.7281170000000001
0.433015,1.65943
0.443223,1.6091170000000001
0.45343,1.585492
0.463638,1.595992
0.473846,1.653742
0.48405299999999996,1.775367
0.49426099999999995,1.9683030000000001
0.504468,2.22949
0.514676,2.5615509999999997
0.524883,2.943924
0.535091,3.339422
0.545299,3.731858
0.5555059999999999,4.124731000000001
0.5657139999999999,4.518479
0.575921,4.872853
0.586129,5.137102
0.596336,5.271851
0.606544,5.312976
0.616752,5.2788509999999995
0.6269589999999999,5.107352
0.6371669999999999,4.800228
0.647374,4.479105
0.657582,4.208731
0.667789,3.9996069999999997
0.677997,3.842107
0.688205,3.7196079999999996
0.6984119999999999,3.6277329999999997
0.7086199999999999,3.5551090000000003
0.718827,3.498234
0.729035,3.452734
0.739242,3.414234
0.74945,3.3809839999999998
0.7596579999999999,3.35386
0.7698649999999999,3.3311100000000002
0.780073,3.314485
0.79028,3.3004849999999997
0.800488,3.29261
0.8106949999999999,3.2882350000000002
0.8209029999999999,3.29086
0.8311109999999999,3.30136
0.841318,3.324985
0.851526,2.9347359999999996
0.861733,2.600488
0.871941,2.367739
0.8821479999999999,2.18924
0.8923559999999999,2.04574
0.9025639999999999,1.9302409999999999
0.912771,1.830491
0.922979,1.747367
0.933186,1.673867
0.943394,1.609992
0.9536009999999999,1.553993
0.9638089999999999,1.504118
0.9740169999999999,1.457743
0.984224,1.417493
0.994432,1.3789930000000001
1.004639,1.345744
1.014847,1.315119
1.025054,1.286244
1.035262,1.260869
1.04547,1.234619
1.055677,1.211869
1.065885,1.190869
1.076092,1.169869
1.0863,1.151494
1.096507,1.133119
1.106715,1.1164949999999998
1.1169229999999999,1.100745
1.12713,1.0849950000000002
1.137338,1.0727449999999998
1.147545,1.0587449999999998
1.157753,1.04562
1.1679599999999999,1.0342449999999999
1.1781679999999999,1.021995
1.1883759999999999,1.011495
1.198583,1.00012
1.208791,0.9896199999999999
1.218998,0.98087
1.229206,0.9703700000000001
1.2394129999999999,0.962495
1.2496209999999999,0.9537450000000001
1.2598289999999999,0.944995
1.270036,0.937995
1.280244,0.9301200000000001
1.290451,0.92312
1.300659,0.91612
1.3108659999999999,0.908245
1.3210739999999999,0.90212
1.331281,0.895996
1.341489,0.888996
1.351697,0.883746
1.361904,0.877621
1.372112,0.8723709999999999
1.3823189999999999,0.8671209999999999
1.3925269999999998,0.860996
1.402734,0.8574959999999999
1.412942,0.851371
1.42315,0.846996
1.433357,0.842621
1.443565,0.837371
1.4537719999999998,0.833871
1.4639799999999998,0.8286209999999999
1.474187,0.824246
1.484395,0.8207460000000001
1.494603,0.816371
1.50481,0.812871
1.494603,0.808496
1.484395,0.804996
1.474187,0.801496
1.4639799999999998,0.797121
1.4537719999999998,0.794496
1.443565,0.790996
1.433357,0.786621
1.42315,0.784871
1.412942,0.780496
1.402734,0.777871
1.3925269999999998,0.775246
1.3823189999999999,0.770871
1.372112,0.769121
1.361904,0.765621
1.351697,0.7629959999999999
1.341489,0.760371
1.331281,0.756871
1.3210739999999999,0.755121
1.3108659999999999,0.7524959999999999
1.300659,0.7489959999999999
1.290451,0.747246
1.280244,0.743746
1.270036,0.741996
1.2598289999999999,0.739371
1.2496209999999999,0.736746
1.2394129999999999,0.734996
1.229206,0.732371
1.218998,0.729746
1.208791,0.727996
1.198583,0.725371
1.1883759999999999,0.723621
1.1781679999999999,0.720996
1.1679599999999999,0.719246
1.157753,0.717496
1.147545,0.713996
1.137338,0.7131209999999999
1.12713,0.710496
1.1169229999999999,0.708746
1.106715,0.706996
1.096507,0.7043710000000001
1.0863,0.703496
1.076092,0.700871
1.065885,0.699121
1.055677,0.6982459999999999
1.04547,0.695621
1.035262,0.693871
1.025054,0.692996
1.014847,0.6903710000000001
1.004639,0.689496
0.994432,0.686871
0.984224,0.6859959999999999
0.9740169999999999,0.6842459999999999
0.9638089999999999,0.681621
0.9536009999999999,0.680746
0.943394,0.6789959999999999
0.933186,0.6772459999999999
0.922979,0.6763709999999999
0.912771,0.673747
0.9025639999999999,0.672872
0.8923559999999999,0.576622
0.8821479999999999,0.457622
0.871941,0.36312300000000003
0.861733,0.288748
0.851526,0.228373
0.841318,0.181124
0.8311109999999999,0.144374
0.8209029999999999,0.11549899999999999
0.8106949999999999,0.09274958400000001
0.800488,0.07481216800000001
0.79028,0.061249732
0.780073,0.049874776
0.7698649999999999,0.040906068000000004
0.7596579999999999,0.0339061
0.74945,0.027781126000000003
0.739242,0.022968648
0.729035,0.018703042000000003
0.718827,0.015093683
0.7086199999999999,-0.019191114000000002
0.6984119999999999,-0.025502288
0.688205,-0.025759886
0.677997,-0.028391876
0.667789,-0.02980307
0.657582,-0.029612670000000004
0.647374,-0.030777466
0.6371669999999999,-0.032619856
0.6269589999999999,-0.03298945600000001
0.616752,-0.03298945600000001
0.606544,-0.035156648
0.596336,-0.036187040000000004
0.586129,-0.03607504
0.575921,-0.037923036
0.5657139999999999,-0.039457428
0.5555059999999999,-0.039916624000000005
0.545299,-0.04106462
0.535091,-0.042839812000000005
0.524883,-0.043875808
0.514676,-0.044816600000000005
0.504468,-0.046647796000000005
0.49426099999999995,-0.04812618800000001
0.48405299999999996,-0.049363784
0.473846,-0.05129664800000001
0.463638,-0.056546624000000004
0.45343,-0.062562224
0.443223,-0.06923407200000001
0.433015,-0.077546528
0.42280799999999996,-0.086296496
0.41259999999999997,-0.096030824
0.402393,-0.10817099999999999
0.392185,-0.12184299999999999
0.38197699999999996,-0.137483
0.37177,-0.155749
0.361562,-0.177296
0.351355,-0.202014
0.341147,-0.230561
0.33094,-0.265451
0.32073199999999996,-0.30591999999999997
0.310525,-0.35360699999999995
0.300317,-0.41234099999999996
0.290109,-0.481466
0.279902,-0.5647
0.269694,-0.6648869999999999
0.25948699999999997,-0.7882619999999999
0.249279,-0.937995
0.23907199999999998,-1.109823
0.22886399999999998,-1.347275
0.218656,-1.6347109999999998
0.208449,-2.0035220000000002
0.198241,-2.505988
0.18803399999999998,-3.206423
0.17782599999999998,-4.204793
0.167619,-5.641099
0.157411,-7.553841
0.147203,-9.787706
0.136996,-12.225444999999999
0.12678799999999998,-14.111936
0.11658099999999999,-15.161932
0.106373,-14.593183999999999
0.096166048,-12.167695
0.08595848,-8.847959999999999
0.07575092,-6.159972
0.065543348,-4.618229
0.055335776,-3.837733
0.045128204000000005,-3.408984
0.034920632,-3.130736
0.024713064,-2.8892369999999996
0.014505494,-2.663488
0.004297924,-2.4884880000000003
-0.005909646,-2.351989
-0.016117215,-2.25049
-0.026324786000000003,-2.19099
-0.036532356,-2.16824
-0.046739924,-2.15074
-0.056947496,-2.09999
-0.067155064,-2.001991
-0.077362632,-1.879491
-0.08757020800000001,-1.7587419999999998
-0.09777777600000001,-1.653742
-0.107985,-1.5697429999999999
-0.11819199999999999,-1.506743
-0.1284,-1.4507430000000001
-0.13860799999999998,-1.399993
-0.148815,-1.3527429999999998
-0.159023,-1.301994
-0.16923,-1.256494
-0.179438,-1.216244
-0.18964499999999998,-1.179494
-0.199853,-1.1444940000000001
-0.18964499999999998,-1.0569950000000001
-0.179438,-1.0009949999999999
-0.16923,-0.9589949999999999
-0.159023,-0.915245
-0.148815,-0.883746
-0.13860799999999998,-0.852246
-0.1284,-0.822496
-0.11819199999999999,-0.794496
-0.107985,-0.768246
-0.09777777600000001,-0.745496
-0.08757020800000001,-0.724496
-0.077362632,-0.703496
-0.067155064,-0.6842459999999999
-0.056947496,-0.6597470000000001
-0.046739924,-0.638747
-0.036532356,-0.615997
-0.026324786000000003,-0.5914969999999999
-0.016117215,-0.568747
-0.005909646,-0.545997
0.004297924,-0.5179969999999999
0.014505494,-0.48649699999999996
0.024713064,-0.444498
0.034920632,-0.398998
0.045128204000000005,-0.341248
0.055335776,-0.285248
0.065543348,-0.22924799999999998
0.07575092,-0.180249
0.08595848,-0.138249
0.096166048,-0.105874
0.106373,-0.08049964
0.11658099999999999,-0.06081222800000001
0.12678799999999998,-0.04549980000000001
0.136996,-0.03346860200000001
0.147203,-0.02034366
0.157411,-0.008312463
0.167619,0.0043749800000000005
0.17782599999999998,0.018265543999999998
0.18803399999999998,0.0339061
0.198241,0.050749776
0.208449,0.07021843200000001
0.218656,0.092968336
0.22886399999999998,0.11878
0.23907199999999998,0.14699900000000002
0.249279,0.183202
0.25948699999999997,0.231108
0.269694,0.298701
0.279902,0.401951
0.290109,0.5542
0.300317,0.7674799999999999
0.310525,1.0429950000000001
0.32073199999999996,1.3636810000000001
0.33094,1.687648
0.341147,1.9532089999999998
0.351355,2.121428
0.361562,2.1901149999999996
0.37177,2.170427
0.38197699999999996,2.098678
0.392185,2.0050529999999998
0.402393,1.902241
0.41259999999999997,1.803804
0.42280799999999996,1.721117
0.433015,1.652867
0.443223,1.603867
0.45343,1.581555
0.463638,1.595555
0.473846,1.6572419999999999
0.48405299999999996,1.7854290000000002
0.49426099999999995,1.987116
0.504468,2.2583640000000003
0.514676,2.602675
0.524883,2.995549
0.535091,3.400672
0.545299,3.8027320000000002
0.5555059999999999,4.204356
0.5657139999999999,4.608604
0.575921,4.969977
0.586129,5.235976
0.596336,5.366351
0.606544,5.402226
0.616752,5.360226
0.6269589999999999,5.175601
0.6371669999999999,4.8483529999999995
0.647374,4.508855
0.657582,4.226231
0.667789,4.008356
0.677997,3.844732
0.688205,3.717858
0.6984119999999999,3.620733
0.7086199999999999,3.546359
0.718827,3.486859
0.729035,3.4387339999999997
0.739242,3.397609
0.74945,3.363485
0.7596579999999999,3.33461
0.7698649999999999,3.3101100000000003
0.780073,3.29261
0.79028,3.277735
0.800488,3.26986
0.8106949999999999,3.265485
0.8209029999999999,3.26811
0.8311109999999999,3.2794849999999998
0.841318,3.302235
0.851526,2.903237
0.861733,2.577738
0.871941,2.348489
0.8821479999999999,2.174365
0.8923559999999999,2.032615
0.9025639999999999,1.917991
0.912771,1.8208659999999999
0.922979,1.736867
0.933186,1.665992
0.943394,1.602117
0.9536009999999999,1.546993
0.9638089999999999,1.497118
0.9740169999999999,1.451618
0.984224,1.411368
0.994432,1.3746180000000001
1.004639,1.3404939999999999
1.014847,1.310744
1.025054,1.280994
1.035262,1.255619
1.04547,1.2302440000000001
1.055677,1.2074939999999998
1.065885,1.1873690000000001
1.076092,1.166369
1.0863,1.147994
1.096507,1.1304949999999998
1.106715,1.112995
1.1169229999999999,1.09812
1.12713,1.08237
1.137338,1.069245
1.147545,1.0561200000000002
1.157753,1.0429950000000001
1.1679599999999999,1.03162
1.1781679999999999,1.0193699999999999
1.1883759999999999,1.00887
1.198583,0.9983700000000001
1.208791,0.9869949999999998
1.218998,0.97912
1.229206,0.9694950000000001
1.2394129999999999,0.9598699999999999
1.2496209999999999,0.9528699999999999
1.2598289999999999,0.943245
1.270036,0.936245
1.280244,0.929245
1.290451,0.92137
1.300659,0.915245
1.3108659999999999,0.90737
1.3210739999999999,0.901246
1.331281,0.8951209999999999
1.341489,0.8881209999999999
1.351697,0.882871
1.361904,0.876746
1.372112,0.8714959999999999
1.3823189999999999,0.8671209999999999
1.3925269999999998,0.860996
1.402734,0.8566210000000001
1.412942,0.851371
1.42315,0.846121
1.433357,0.842621
1.443565,0.837371
1.4537719999999998,0.832996
1.4639799999999998,0.8286209999999999
1.474187,0.823371
1.484395,0.8207460000000001
1.494603,0.815496
1.50481,0.811996
1.494603,0.808496
1.484395,0.804121
1.474187,0.801496
1.4639799999999998,0.797996
1.4537719999999998,0.7936209999999999
1.443565,0.790996
1.433357,0.786621
1.42315,0.783996
1.412942,0.780496
1.402734,0.776996
1.3925269999999998,0.775246
1.3823189999999999,0.770871
1.372112,0.768246
1.361904,0.765621
1.351697,0.762121
1.341489,0.760371
1.331281,0.7577459999999999
1.3210739999999999,0.754246
1.3108659999999999,0.7524959999999999
1.300659,0.748121
1.290451,0.747246
1.280244,0.744621
1.270036,0.741121
1.2598289999999999,0.739371
1.2496209999999999,0.736746
1.2394129999999999,0.734996
1.229206,0.732371
1.218998,0.729746
1.208791,0.727996
1.198583,0.724496
1.1883759999999999,0.723621
1.1781679999999999,0.720996
1.1679599999999999,0.719246
1.157753,0.717496
1.147545,0.7148709999999999
1.137338,0.7131209999999999
1.12713,0.712246
1.1169229999999999,0.707871
1.106715,0.706996
1.096507,0.7052459999999999
1.0863,0.702621
1.076092,0.701746
1.065885,0.699121
1.055677,0.6982459999999999
1.04547,0.695621
1.035262,0.693871
1.025054,0.692996
1.014847,0.689496
1.004639,0.688621
0.994432,0.687746
0.984224,0.685121
0.9740169999999999,0.6842459999999999
0.9638089999999999,0.681621
0.9536009999999999,0.680746
0.943394,0.679871
0.933186,0.6772459999999999
0.922979,0.6763709999999999
0.912771,0.6746219999999999
0.9025639999999999,0.672872
0.8923559999999999,0.578372
0.8821479999999999,0.45937199999999995
0.871941,0.363998
0.861733,0.289623
0.851526,0.22924799999999998
0.841318,0.181999
0.8311109999999999,0.144374
0.8209029999999999,0.11549899999999999
0.8106949999999999,0.093187088
0.800488,0.07524966400000001
0.79028,0.061249732
0.780073,0.050093528000000005
0.7698649999999999,0.04068732
0.7596579999999999,0.0339061
0.74945,0.027999876000000003
0.739242,0.022749900000000003
0.729035,0.018812416000000002
0.718827,0.015093683
0.7086199999999999,-0.019303116000000002
0.6984119999999999,-0.025563886000000004
0.688205,-0.025799088000000005
0.677997,-0.028358276000000005
0.667789,-0.029847870000000002
0.657582,-0.02960147
0.647374,-0.030760664000000007
0.6371669999999999,-0.03263665600000001
0.6269589999999999,-0.032978254
0.616752,-0.032995054
0.606544,-0.035223844000000004
0.596336,-0.036192640000000005
0.586129,-0.03609184000000001
0.575921,-0.037923036
0.5657139999999999,-0.03945182800000001
0.5555059999999999,-0.039961424
0.545299,-0.04100862
0.535091,-0.042851008
0.524883,-0.043892604
0.514676,-0.044827804000000006
0.504468,-0.046692596
0.49426099999999995,-0.04809818800000001
0.48405299999999996,-0.04933578
0.473846,-0.051187276000000004
0.463638,-0.05643725200000001
0.45343,-0.06267159600000001
0.443223,-0.06923407200000001
0.433015,-0.077546528
0.42280799999999996,-0.08640587200000001
0.41259999999999997,-0.095921448
0.402393,-0.108499
0.392185,-0.12184299999999999
0.38197699999999996,-0.137374
0.37177,-0.155749
0.361562,-0.17696699999999999
0.351355,-0.202014
0.341147,-0.230342
0.33094,-0.265014
0.32073199999999996,-0.305701
0.310525,-0.353389
0.300317,-0.41201299999999996
0.290109,-0.481138
0.279902,-0.564044
0.269694,-0.664559
0.25948699999999997,-0.7873870000000001
0.249279,-0.936683
0.23907199999999998,-1.108729
0.22886399999999998,-1.344431
0.218656,-1.6316490000000001
0.208449,-1.998928
0.198241,-2.4989879999999998
0.18803399999999998,-3.196798
0.17782599999999998,-4.189918
0.167619,-5.6201
0.157411,-7.529341
0.147203,-9.769331
0.136996,-12.225444999999999
0.12678799999999998,-14.143437
0.11658099999999999,-15.240682
0.106373,-14.720934
0.096166048,-12.316445
0.08595848,-8.961709
0.07575092,-6.226471999999999
0.065543348,-4.660229
0.055335776,-3.8692320000000002
0.045128204000000005,-3.435234
0.034920632,-3.1569849999999997
0.024713064,-2.9137359999999997
0.014505494,-2.679238
0.004297924,-2.502488
-0.005909646,-2.364239
-0.016117215,-2.266239
-0.026324786000000003,-2.20674
-0.036532356,-2.1822399999999997
-0.046739924,-2.16649
-0.056947496,-2.1157399999999997
-0.067155064,-2.0194900000000002
-0.077362632,-1.8969909999999999
-0.08757020800000001,-1.774492
-0.09777777600000001,-1.667742
-0.107985,-1.5837419999999998
-0.11819199999999999,-1.518993
-0.1284,-1.4647430000000001
-0.13860799999999998,-1.412243
-0.148815,-1.363243
-0.159023,-1.314244
-0.16923,-1.266994
-0.179438,-1.226744
-0.18964499999999998,-1.1899939999999998
-0.199853,-1.156744
-0.18964499999999998,-1.065745
-0.179438,-1.0097450000000001
-0.16923,-0.965995
-0.159023,-0.9257449999999999
-0.148815,-0.8924960000000001
-0.13860799999999998,-0.860996
-0.1284,-0.8294959999999999
-0.11819199999999999,-0.803246
-0.107985,-0.7787459999999999
-0.09777777600000001,-0.7559959999999999
-0.08757020800000001,-0.731496
-0.077362632,-0.710496
-0.067155064,-0.6912459999999999
-0.056947496,-0.6667470000000001
-0.046739924,-0.643997
-0.036532356,-0.622997
-0.026324786000000003,-0.598497
-0.016117215,-0.575747
-0.005909646,-0.551247
0.004297924,-0.5232469999999999
0.014505494,-0.489997
0.024713064,-0.449747
0.034920632,-0.402498
0.045128204000000005,-0.344748
0.055335776,-0.28699800000000003
0.065543348,-0.23099799999999998
0.07575092,-0.181124
0.08595848,-0.139124
0.096166048,-0.106749
0.106373,-0.08137464
0.11658099999999999,-0.06212472
0.12678799999999998,-0.046374792000000005
0.136996,-0.0339061
0.147203,-0.021437404
0.157411,-0.008749961
0.167619,0.003828108
0.17782599999999998,0.018046794
0.18803399999999998,0.034124848
0.198241,0.050749776
0.208449,0.070655936
0.218656,0.09373396
0.22886399999999998,0.119655
0.23907199999999998,0.148421
0.249279,0.18473299999999998
0.25948699999999997,0.233405
0.269694,0.302639
0.279902,0.406873
0.290109,0.561966
0.300317,0.777434
0.310525,1.055135
0.32073199999999996,1.377462
0.33094,1.700336
0.341147,1.9628340000000002
0.351355,2.1262399999999997
0.361562,2.189677
0.37177,2.16649
0.38197699999999996,2.09299
0.392185,1.9976160000000003
0.402393,1.894804
0.41259999999999997,1.796367
0.42280799999999996,1.714117
0.433015,1.646742
0.443223,1.599055
0.45343,1.57893
0.463638,1.595555
0.473846,1.6624919999999999
0.48405299999999996,1.797241
0.49426099999999995,2.0068029999999997
0.504468,2.288989
0.514676,2.644675
0.524883,3.0493609999999998
0.535091,3.4636709999999997
0.545299,3.873607
0.5555059999999999,4.283981
0.5657139999999999,4.692604
0.575921,5.064477
0.586129,5.329601
0.596336,5.45735
0.606544,5.4871
0.616752,5.4380999999999995
0.6269589999999999,5.238600999999999
0.6371669999999999,4.892103
0.647374,4.5351040000000005
0.657582,4.241105999999999
0.667789,4.015357
0.677997,3.845607
0.688205,3.715233
0.6984119999999999,3.6154830000000002
0.7086199999999999,3.537609
0.718827,3.475484
0.729035,3.424734
0.739242,3.381859
0.74945,3.3459839999999996
0.7596579999999999,3.316235
0.7698649999999999,3.29086
0.780073,3.2724849999999996
0.79028,3.258485
0.800488,3.247985
0.8106949999999999,3.2444849999999996
0.8209029999999999,3.24711
0.8311109999999999,3.2576099999999997
0.841318,3.281235
0.851526,2.872612
0.861733,2.555863
0.871941,2.330114
0.8821479999999999,2.15949
0.8923559999999999,2.0194900000000002
0.9025639999999999,1.9066159999999999
0.912771,1.8112409999999999
0.922979,1.7281170000000001
0.933186,1.6572419999999999
0.943394,1.5951170000000001
0.9536009999999999,1.5391179999999998
0.9638089999999999,1.490993
0.9740169999999999,1.445493
0.984224,1.406118
0.994432,1.369368
1.004639,1.3352439999999999
1.014847,1.306369
1.025054,1.276619
1.035262,1.2503689999999998
1.04547,1.226744
1.055677,1.203119
1.065885,1.183869
1.076092,1.162869
1.0863,1.1444940000000001
1.096507,1.127869
1.106715,1.11037
1.1169229999999999,1.095495
1.12713,1.08062
1.137338,1.065745
1.147545,1.053495
1.157753,1.041245
1.1679599999999999,1.0298699999999998
1.1781679999999999,1.01762
1.1883759999999999,1.00712
1.198583,0.997495
1.208791,0.9861199999999999
1.218998,0.97737
1.229206,0.96862
1.2394129999999999,0.9589949999999999
1.2496209999999999,0.951995
1.2598289999999999,0.943245
1.270036,0.93537
1.280244,0.927495
1.290451,0.920495
1.300659,0.91437
1.3108659999999999,0.90737
1.3210739999999999,0.90037
1.331281,0.8951209999999999
1.341489,0.8881209999999999
1.351697,0.881996
1.361904,0.876746
1.372112,0.870621
1.3823189999999999,0.866246
1.3925269999999998,0.860996
1.402734,0.855746
1.412942,0.851371
1.42315,0.8452459999999999
1.433357,0.841746
1.443565,0.8364959999999999
1.4537719999999998,0.832121
1.4639799999999998,0.8286209999999999
1.474187,0.823371
1.484395,0.819871
1.494603,0.816371
1.50481,0.811996
1.494603,0.808496
1.484395,0.804121
1.474187,0.8006209999999999
1.4639799999999998,0.797996
1.4537719999999998,0.7936209999999999
1.443565,0.790996
1.433357,0.786621
1.42315,0.7831210000000001
1.412942,0.781371
1.402734,0.776996
1.3925269999999998,0.775246
1.3823189999999999,0.7717459999999999
1.372112,0.768246
1.361904,0.766496
1.351697,0.762121
1.341489,0.760371
1.331281,0.756871
1.3210739999999999,0.754246
1.3108659999999999,0.7524959999999999
1.300659,0.7489959999999999
1.290451,0.746371
1.280244,0.744621
1.270036,0.741121
1.2598289999999999,0.739371
1.2496209999999999,0.736746
1.2394129999999999,0.7341209999999999
1.229206,0.732371
1.218998,0.7288709999999999
1.208791,0.727996
1.198583,0.725371
1.1883759999999999,0.7218709999999999
1.1781679999999999,0.7218709999999999
1.1679599999999999,0.718371
1.157753,0.716621
1.147545,0.7148709999999999
1.137338,0.712246
1.12713,0.711371
1.1169229999999999,0.707871
1.106715,0.706996
1.096507,0.7052459999999999
1.0863,0.701746
1.076092,0.701746
1.065885,0.699121
1.055677,0.6973710000000001
1.04547,0.696496
1.035262,0.692996
1.025054,0.692996
1.014847,0.6903710000000001
1.004639,0.688621
0.994432,0.687746
0.984224,0.685121
0.9740169999999999,0.6842459999999999
0.9638089999999999,0.682496
0.9536009999999999,0.680746
0.943394,0.679871
0.933186,0.6772459999999999
0.922979,0.6754969999999999
0.912771,0.6746219999999999
0.9025639999999999,0.672872
0.8923559999999999,0.580997
0.8821479999999999,0.461122
0.871941,0.365748
0.861733,0.29049800000000003
0.851526,0.230123
0.841318,0.182874
0.8311109999999999,0.14524900000000002
0.8209029999999999,0.11637399999999999
0.8106949999999999,0.09362458400000001
0.800488,0.07568716
0.79028,0.06168722800000001
0.780073,0.050093528000000005
0.7698649999999999,0.041124816
0.7596579999999999,0.0339061
0.74945,0.028218626000000004
0.739242,0.022640524000000002
0.729035,0.018703042000000003
0.718827,0.015093683
0.7086199999999999,-0.019387114
0.6984119999999999,-0.025642286
0.688205,-0.025827086000000003
0.677997,-0.028403074000000004
0.667789,-0.029831068
0.657582,-0.029623868
0.647374,-0.030727062
0.6371669999999999,-0.032703856
0.6269589999999999,-0.03298385400000001
0.616752,-0.03298945600000001
0.606544,-0.035207044
0.596336,-0.03615904
0.586129,-0.03612544
0.575921,-0.037934232000000005
0.5657139999999999,-0.039440624
0.5555059999999999,-0.039995024000000004
0.545299,-0.04100862
0.535091,-0.042839812000000005
0.524883,-0.043903808
0.514676,-0.04478300400000001
0.504468,-0.04670379200000001
0.49426099999999995,-0.048081388
0.48405299999999996,-0.049330184000000006
0.473846,-0.051406020000000004
0.463638,-0.056327876000000006
0.45343,-0.062562224
0.443223,-0.06934344800000002
0.433015,-0.077546528
0.42280799999999996,-0.08640587200000001
0.41259999999999997,-0.095921448
0.402393,-0.10828
0.392185,-0.12184299999999999
0.38197699999999996,-0.137046
0.37177,-0.155639
0.361562,-0.17685800000000002
0.351355,-0.201686
0.341147,-0.230233
0.33094,-0.264576
0.32073199999999996,-0.305811
0.310525,-0.35295099999999996
0.300317,-0.411466
0.290109,-0.4807
0.279902,-0.5631689999999999
0.269694,-0.6636839999999999
0.25948699999999997,-0.786293
0.249279,-0.934933
0.23907199999999998,-1.10687
0.22886399999999998,-1.341369
0.218656,-1.627492
0.208449,-1.993459
0.198241,-2.489801
0.18803399999999998,-3.18411
0.17782599999999998,-4.171105999999999
0.167619,-5.592974
0.157411,-7.498715999999999
0.147203,-9.744831999999999
0.136996,-12.213195
0.12678799999999998,-14.166186999999999
0.11658099999999999,-15.315930999999999
0.106373,-14.839933
0.096166048,-12.445943999999999
0.08595848,-9.07896
0.07575092,-6.303472
0.065543348,-4.707479
0.055335776,-3.9059820000000003
0.045128204000000005,-3.464984
0.034920632,-3.188485
0.024713064,-2.9399859999999998
0.014505494,-2.6984879999999998
0.004297924,-2.516488
-0.005909646,-2.379989
-0.016117215,-2.281989
-0.026324786000000003,-2.22249
-0.036532356,-2.19799
-0.046739924,-2.18399
-0.056947496,-2.13499
-0.067155064,-2.03699
-0.077362632,-1.914491
-0.08757020800000001,-1.791992
-0.09777777600000001,-1.683492
-0.107985,-1.595992
-0.11819199999999999,-1.532993
-0.1284,-1.480493
-0.13860799999999998,-1.4279929999999998
-0.148815,-1.3789930000000001
-0.159023,-1.326494
-0.16923,-1.277494
-0.179438,-1.238994
-0.18964499999999998,-1.203994
-0.199853,-1.165494
-0.18964499999999998,-1.077995
-0.179438,-1.021995
-0.16923,-0.976495
-0.159023,-0.934495
-0.148815,-0.899495
-0.13860799999999998,-0.867996
-0.1284,-0.8364959999999999
-0.11819199999999999,-0.808496
-0.107985,-0.783996
-0.09777777600000001,-0.7629959999999999
-0.08757020800000001,-0.738496
-0.077362632,-0.717496
-0.067155064,-0.696496
-0.056947496,-0.673747
-0.046739924,-0.650997
-0.036532356,-0.629997
-0.026324786000000003,-0.605497
-0.016117215,-0.580997
-0.005909646,-0.556497
0.004297924,-0.528497
0.014505494,-0.49524699999999994
0.024713064,-0.45324699999999996
0.034920632,-0.402498
0.045128204000000005,-0.346498
0.055335776,-0.28699800000000003
0.065543348,-0.23274799999999998
0.07575092,-0.181999
0.08595848,-0.139999
0.096166048,-0.107624
0.106373,-0.082249632
0.11658099999999999,-0.062562224
0.12678799999999998,-0.047249792000000006
0.136996,-0.03456234400000001
0.147203,-0.021874904
0.157411,-0.009406208000000001
0.167619,0.003718733
0.17782599999999998,0.017828046
0.18803399999999998,0.034124848
0.198241,0.051187276000000004
0.208449,0.071202808
0.218656,0.09449958400000001
0.22886399999999998,0.12064
0.23907199999999998,0.149733
0.249279,0.186592
0.25948699999999997,0.23592
0.269694,0.306358
0.279902,0.412232
0.290109,0.56995
0.300317,0.788152
0.310525,1.067495
0.32073199999999996,1.3919
0.33094,1.712804
0.341147,1.9720220000000002
0.351355,2.12974
0.361562,2.188802
0.37177,2.162552
0.38197699999999996,2.086428
0.392185,1.9901779999999998
0.402393,1.886929
0.41259999999999997,1.788929
0.42280799999999996,1.707117
0.433015,1.640617
0.443223,1.594242
0.45343,1.576305
0.463638,1.595555
0.473846,1.66818
0.48405299999999996,1.809491
0.49426099999999995,2.0278029999999996
0.504468,2.320489
0.514676,2.68755
0.524883,3.103173
0.535091,3.525796
0.545299,3.9440440000000003
0.5555059999999999,4.3644799999999995
0.5657139999999999,4.780103
0.575921,5.156352
0.586129,5.421476
0.596336,5.542225
0.606544,5.56585
0.616752,5.50985
0.6269589999999999,5.293726
0.6371669999999999,4.927976999999999
0.647374,4.555229
0.657582,4.252481
0.667789,4.019730999999999
0.677997,3.845607
0.688205,3.712608
0.6984119999999999,3.607608
0.7086199999999999,3.527984
0.718827,3.463234
0.729035,3.4107339999999997
0.739242,3.366984
0.74945,3.3302349999999996
0.7596579999999999,3.29961
0.7698649999999999,3.27336
0.780073,3.253235
0.79028,3.239235
0.800488,3.228735
0.8106949999999999,3.225235
0.8209029999999999,3.226985
0.8311109999999999,3.23836
0.841318,3.26286
0.851526,2.841987
0.861733,2.534863
0.871941,2.312614
0.8821479999999999,2.144615
0.8923559999999999,2.008116
0.9025639999999999,1.894366
0.912771,1.801616
0.922979,1.7193669999999999
0.933186,1.649367
0.943394,1.588117
0.9536009999999999,1.532118
0.9638089999999999,1.4848679999999999
0.9740169999999999,1.440243
0.984224,1.400868
0.994432,1.364993
1.004639,1.330869
1.014847,1.301994
1.025054,1.2731190000000001
1.035262,1.246869
1.04547,1.224119
1.055677,1.200494
1.065885,1.180369
1.076092,1.1611189999999998
1.0863,1.141869
1.096507,1.125245
1.106715,1.10862
1.1169229999999999,1.09287
1.12713,1.07887
1.137338,1.06487
1.147545,1.0526200000000001
1.157753,1.039495
1.1679599999999999,1.027245
1.1781679999999999,1.016745
1.1883759999999999,1.0053699999999999
1.198583,0.995745
1.208791,0.9861199999999999
1.218998,0.9756199999999999
1.229206,0.9677450000000001
1.2394129999999999,0.9581199999999999
1.2496209999999999,0.950245
1.2598289999999999,0.94237
1.270036,0.93362
1.280244,0.927495
1.290451,0.91962
1.300659,0.913495
1.3108659999999999,0.90737
1.3210739999999999,0.899495
1.331281,0.894246
1.341489,0.8881209999999999
1.351697,0.881996
1.361904,0.876746
1.372112,0.870621
1.3823189999999999,0.866246
1.3925269999999998,0.860996
1.402734,0.854871
1.412942,0.851371
1.42315,0.846121
1.433357,0.840871
1.443565,0.837371
1.4537719999999998,0.832121
1.4639799999999998,0.827746
1.474187,0.823371
1.484395,0.8189960000000001
1.494603,0.816371
1.50481,0.811996
1.494603,0.808496
1.484395,0.804121
1.474187,0.799746
1.4639799999999998,0.797996
1.4537719999999998,0.7936209999999999
1.443565,0.790121
1.433357,0.786621
1.42315,0.7831210000000001
1.412942,0.781371
1.402734,0.776996
1.3925269999999998,0.774371
1.3823189999999999,0.7717459999999999
1.372112,0.768246
1.361904,0.765621
1.351697,0.762121
1.341489,0.759496
1.331281,0.7577459999999999
1.3210739999999999,0.754246
1.3108659999999999,0.751621
1.300659,0.7489959999999999
1.290451,0.746371
1.280244,0.744621
1.270036,0.741121
1.2598289999999999,0.739371
1.2496209999999999,0.736746
1.2394129999999999,0.7332460000000001
1.229206,0.732371
1.218998,0.7288709999999999
1.208791,0.727996
1.198583,0.7262460000000001
1.1883759999999999,0.7218709999999999
1.1781679999999999,0.7218709999999999
1.1679599999999999,0.718371
1.157753,0.715746
1.147545,0.7148709999999999
1.137338,0.712246
1.12713,0.710496
1.1169229999999999,0.708746
1.106715,0.706121
1.096507,0.7052459999999999
1.0863,0.701746
1.076092,0.700871
1.065885,0.699121
1.055677,0.696496
1.04547,0.696496
1.035262,0.692996
1.025054,0.692121
1.014847,0.6903710000000001
1.004639,0.688621
0.994432,0.687746
0.984224,0.685121
0.9740169999999999,0.6833710000000001
0.9638089999999999,0.682496
0.9536009999999999,0.679871
0.943394,0.6789959999999999
0.933186,0.6772459999999999
0.922979,0.6754969999999999
0.912771,0.6746219999999999
0.9025639999999999,0.671997
0.8923559999999999,0.583622
0.8821479999999999,0.46374699999999996
0.871941,0.367498
0.861733,0.291373
0.851526,0.23099799999999998
0.841318,0.182874
0.8311109999999999,0.146124
0.8209029999999999,0.11637399999999999
0.8106949999999999,0.09362458400000001
0.800488,0.076124664
0.79028,0.061249732
0.780073,0.050093528000000005
0.7698649999999999,0.041343564000000006
0.7596579999999999,0.0339061
0.74945,0.027999876000000003
0.739242,0.022640524000000002
0.729035,0.018703042000000003
0.718827,0.015203057000000002
0.7086199999999999,-0.019549514
0.6984119999999999,-0.025664686000000003
0.688205,-0.025866286000000002
0.677997,-0.028363874
0.667789,-0.029847870000000002
0.657582,-0.029646268000000003
0.647374,-0.030755066
0.6371669999999999,-0.032642256
0.6269589999999999,-0.032978254
0.616752,-0.032955854
0.606544,-0.035240644
0.596336,-0.03614784
0.586129,-0.03609744
0.575921,-0.037979032
0.5657139999999999,-0.039423824
0.5555059999999999,-0.039978224
0.545299,-0.04101982
0.535091,-0.042845412000000006
0.524883,-0.043920608
0.514676,-0.044743804000000005
0.504468,-0.046681392
0.49426099999999995,-0.048081388
0.48405299999999996,-0.049302184000000006
0.473846,-0.05129664800000001
0.463638,-0.056327876000000006
0.45343,-0.06234347600000001
0.443223,-0.06934344800000002
0.433015,-0.077327784
0.42280799999999996,-0.08651524000000001
0.41259999999999997,-0.09559332800000002
0.402393,-0.107952
0.392185,-0.12162400000000001
0.38197699999999996,-0.136936
0.37177,-0.15553
0.361562,-0.17653000000000002
0.351355,-0.20113899999999998
0.341147,-0.229795
0.33094,-0.264248
0.32073199999999996,-0.305264
0.310525,-0.35262299999999996
0.300317,-0.410482
0.290109,-0.48015399999999997
0.279902,-0.562075
0.269694,-0.662262
0.25948699999999997,-0.784543
0.249279,-0.932636
0.23907199999999998,-1.104354
0.22886399999999998,-1.3374309999999998
0.218656,-1.622024
0.208449,-1.986459
0.198241,-2.4797379999999998
0.18803399999999998,-3.169235
0.17782599999999998,-4.148793
0.167619,-5.559724999999999
0.157411,-7.4584660000000005
0.147203,-9.708082000000001
0.136996,-12.188695000000001
0.12678799999999998,-14.174935999999999
0.11658099999999999,-15.377181
0.106373,-14.962432999999999
0.096166048,-12.606944
0.08595848,-9.218959
0.07575092,-6.401471
0.065543348,-4.763479
0.055335776,-3.940982
0.045128204000000005,-3.4964839999999997
0.034920632,-3.2129849999999998
0.024713064,-2.964486
0.014505494,-2.7124870000000003
0.004297924,-2.5304879999999996
-0.005909646,-2.393989
-0.016117215,-2.2924889999999998
-0.026324786000000003,-2.23649
-0.036532356,-2.2119899999999997
-0.046739924,-2.19449
-0.056947496,-2.14899
-0.067155064,-2.05449
-0.077362632,-1.9319909999999998
-0.08757020800000001,-1.805991
-0.09777777600000001,-1.697492
-0.107985,-1.609992
-0.11819199999999999,-1.543493
-0.1284,-1.490993
-0.13860799999999998,-1.4384929999999998
-0.148815,-1.385993
-0.159023,-1.3404939999999999
-0.16923,-1.287994
-0.179438,-1.2494939999999999
-0.18964499999999998,-1.210994
-0.199853,-1.1724940000000001
-0.18964499999999998,-1.088495
-0.179438,-1.0289949999999999
-0.16923,-0.983495
-0.159023,-0.944995
-0.148815,-0.9064949999999999
-0.13860799999999998,-0.874996
-0.1284,-0.8434959999999999
-0.11819199999999999,-0.815496
-0.107985,-0.790996
-0.09777777600000001,-0.769996
-0.08757020800000001,-0.745496
-0.077362632,-0.720996
-0.067155064,-0.703496
-0.056947496,-0.680746
-0.046739924,-0.657997
-0.036532356,-0.635247
-0.026324786000000003,-0.6107469999999999
-0.016117215,-0.5862470000000001
-0.005909646,-0.563497
0.004297924,-0.533747
0.014505494,-0.498747
0.024713064,-0.454997
0.034920632,-0.405998
0.045128204000000005,-0.348248
0.055335776,-0.28699800000000003
0.065543348,-0.23274799999999998
0.07575092,-0.181999
0.08595848,-0.139999
0.096166048,-0.107624
0.106373,-0.08268712800000001
0.11658099999999999,-0.06299972
0.12678799999999998,-0.047687288
0.136996,-0.034999844
0.147203,-0.022312400000000003
0.157411,-0.009624957000000002
0.167619,0.003718733
0.17782599999999998,0.017828046
0.18803399999999998,0.034452972000000005
0.198241,0.051515396000000005
0.208449,0.071530936
0.218656,0.09559332800000002
0.22886399999999998,0.12162400000000001
0.23907199999999998,0.151155
0.249279,0.188452
0.25948699999999997,0.238655
0.269694,0.31040399999999996
0.279902,0.41802900000000004
0.290109,0.578263
0.300317,0.799527
0.310525,1.080729
0.32073199999999996,1.4065560000000001
0.33094,1.726367
0.341147,1.9814280000000002
0.351355,2.13499
0.361562,2.1883649999999997
0.37177,2.1586149999999997
0.38197699999999996,2.079865
0.392185,1.982741
0.402393,1.879491
0.41259999999999997,1.781492
0.42280799999999996,1.700554
0.433015,1.635367
0.443223,1.590305
0.45343,1.574555
0.463638,1.597742
0.473846,1.674305
0.48405299999999996,1.823491
0.49426099999999995,2.0496779999999997
0.504468,2.3533020000000002
0.514676,2.731737
0.524883,3.157861
0.535091,3.588796
0.545299,4.014481
0.5555059999999999,4.442355
0.5657139999999999,4.865853
0.575921,5.244726
0.586129,5.50985
0.596336,5.622724
0.606544,5.640224
0.616752,5.5746
0.6269589999999999,5.341851
0.6371669999999999,4.956853
0.647374,4.572729
0.657582,4.2612309999999995
0.667789,4.0223569999999995
0.677997,3.844732
0.688205,3.708233
0.6984119999999999,3.6006080000000003
0.7086199999999999,3.519234
0.718827,3.452734
0.729035,3.3984840000000003
0.739242,3.354734
0.74945,3.3153599999999996
0.7596579999999999,3.282985
0.7698649999999999,3.256735
0.780073,3.2366099999999998
0.79028,3.221735
0.800488,3.211235
0.8106949999999999,3.205985
0.8209029999999999,3.2086099999999997
0.8311109999999999,3.22086
0.841318,3.2444849999999996
0.851526,2.812237
0.861733,2.512988
0.871941,2.295989
0.8821479999999999,2.12974
0.8923559999999999,1.9967409999999999
0.9025639999999999,1.883866
0.912771,1.791992
0.922979,1.711492
0.933186,1.6414920000000002
0.943394,1.581117
0.9536009999999999,1.525993
0.9638089999999999,1.4787430000000001
0.9740169999999999,1.434993
0.984224,1.3947429999999998
0.994432,1.360618
1.004639,1.327369
1.014847,1.296744
1.025054,1.269619
1.035262,1.242494
1.04547,1.220619
1.055677,1.197869
1.065885,1.176869
1.076092,1.1584940000000001
1.0863,1.139244
1.096507,1.12262
1.106715,1.10687
1.1169229999999999,1.0911199999999999
1.12713,1.0771199999999999
1.137338,1.0631199999999998
1.147545,1.049995
1.157753,1.03862
1.1679599999999999,1.025495
1.1781679999999999,1.0158699999999998
1.1883759999999999,1.004495
1.198583,0.993995
1.208791,0.985245
1.218998,0.974745
1.229206,0.96687
1.2394129999999999,0.9581199999999999
1.2496209999999999,0.9493699999999999
1.2598289999999999,0.94237
1.270036,0.93362
1.280244,0.92662
1.290451,0.91962
1.300659,0.91262
1.3108659999999999,0.9064949999999999
1.3210739999999999,0.899495
1.331281,0.8933709999999999
1.341489,0.8881209999999999
1.351697,0.8811209999999999
1.361904,0.876746
1.372112,0.870621
1.3823189999999999,0.865371
1.3925269999999998,0.860996
1.402734,0.854871
1.412942,0.851371
1.42315,0.846121
1.433357,0.840871
1.443565,0.837371
1.4537719999999998,0.832121
1.4639799999999998,0.827746
1.474187,0.824246
1.484395,0.819871
1.494603,0.816371
1.50481,0.811121
1.494603,0.808496
1.484395,0.804996
1.474187,0.8006209999999999
1.4639799999999998,0.797996
1.4537719999999998,0.7936209999999999
1.443565,0.790121
1.433357,0.787496
1.42315,0.783996
1.412942,0.781371
1.402734,0.777871
1.3925269999999998,0.774371
1.3823189999999999,0.7717459999999999
1.372112,0.768246
1.361904,0.765621
1.351697,0.7629959999999999
1.341489,0.759496
1.331281,0.7577459999999999
1.3210739999999999,0.754246
1.3108659999999999,0.751621
1.300659,0.7489959999999999
1.290451,0.746371
1.280244,0.744621
1.270036,0.741996
1.2598289999999999,0.738496
1.2496209999999999,0.737621
1.2394129999999999,0.7341209999999999
1.229206,0.732371
1.218998,0.729746
1.208791,0.7271209999999999
1.198583,0.7262460000000001
1.1883759999999999,0.722746
1.1781679999999999,0.720996
1.1679599999999999,0.719246
1.157753,0.715746
1.147545,0.7148709999999999
1.137338,0.7131209999999999
1.12713,0.710496
1.1169229999999999,0.708746
1.106715,0.706121
1.096507,0.7052459999999999
1.0863,0.702621
1.076092,0.700871
1.065885,0.699996
1.055677,0.6973710000000001
1.04547,0.695621
1.035262,0.693871
1.025054,0.692121
1.014847,0.6912459999999999
1.004639,0.688621
0.994432,0.687746
0.984224,0.6859959999999999
0.9740169999999999,0.6833710000000001
0.9638089999999999,0.6833710000000001
0.9536009999999999,0.680746
0.943394,0.679871
0.933186,0.678121
0.922979,0.6754969999999999
0.912771,0.6754969999999999
0.9025639999999999,0.672872
0.8923559999999999,0.587997
0.8821479999999999,0.46724699999999997
0.871941,0.37012300000000004
0.861733,0.29399800000000004
0.851526,0.23274799999999998
0.841318,0.184624
0.8311109999999999,0.14699900000000002
0.8209029999999999,0.11724899999999999
0.8106949999999999,0.09449958400000001
0.800488,0.076124664
0.79028,0.06212472
0.780073,0.050312276
0.7698649999999999,0.041343564000000006
0.7596579999999999,0.034124848
0.74945,0.028218626000000004
0.739242,0.022968648
0.729035,0.018703042000000003
0.718827,0.015312433
0.7086199999999999,-0.019594314
0.6984119999999999,-0.025720688000000002
0.688205,-0.025782286
0.677997,-0.028442274000000003
0.667789,-0.029791868000000003
0.657582,-0.02962947
0.647374,-0.030805463999999998
0.6371669999999999,-0.032608658
0.6269589999999999,-0.033051056
0.616752,-0.032972654000000004
0.606544,-0.035223844000000004
0.596336,-0.03620944
0.586129,-0.036080640000000004
0.575921,-0.038001432
0.5657139999999999,-0.039379024000000006
0.5555059999999999,-0.039967024000000004
0.545299,-0.041036616000000005
0.535091,-0.042811812000000005
0.524883,-0.043931804000000005
0.514676,-0.044760604
0.504468,-0.046630992
0.49426099999999995,-0.048103788
0.48405299999999996,-0.049274184
0.473846,-0.051187276000000004
0.463638,-0.05643725200000001
0.45343,-0.062234096
0.443223,-0.06923407200000001
0.433015,-0.07710903200000001
0.42280799999999996,-0.08607774400000001
0.41259999999999997,-0.095702704
0.402393,-0.107624
0.392185,-0.12162400000000001
0.38197699999999996,-0.136718
0.37177,-0.15520199999999998
0.361562,-0.176421
0.351355,-0.200811
0.341147,-0.229577
0.33094,-0.26392
0.32073199999999996,-0.304608
0.310525,-0.35196700000000003
0.300317,-0.409826
0.290109,-0.47884099999999996
0.279902,-0.560653
0.269694,-0.660293
0.25948699999999997,-0.782574
0.249279,-0.929792
0.23907199999999998,-1.101292
0.22886399999999998,-1.333275
0.218656,-1.615899
0.208449,-1.978584
0.198241,-2.467926
0.18803399999999998,-3.152173
0.17782599999999998,-4.124294
0.167619,-5.522975000000001
0.157411,-7.412965999999999
0.147203,-9.666957
0.136996,-12.158946
0.12678799999999998,-14.180186
0.11658099999999999,-15.433181000000001
0.106373,-15.088432000000001
0.096166048,-12.767942
0.08595848,-9.365958
0.07575092,-6.49247
0.065543348,-4.822978
0.055335776,-3.982982
0.045128204000000005,-3.5244839999999997
0.034920632,-3.240985
0.024713064,-2.992486
0.014505494,-2.7334870000000002
0.004297924,-2.544488
-0.005909646,-2.407989
-0.016117215,-2.3064889999999996
-0.026324786000000003,-2.246989
-0.036532356,-2.22249
-0.046739924,-2.20849
-0.056947496,-2.16299
-0.067155064,-2.0684899999999997
-0.077362632,-1.945991
-0.08757020800000001,-1.823491
-0.09777777600000001,-1.711492
-0.107985,-1.623992
-0.11819199999999999,-1.553993
-0.1284,-1.501493
-0.13860799999999998,-1.448993
-0.148815,-1.399993
-0.159023,-1.3509939999999998
-0.16923,-1.298494
-0.179438,-1.256494
-0.18964499999999998,-1.2214939999999999
-0.199853,-1.1829939999999999
-0.18964499999999998,-1.095495
-0.179438,-1.035995
-0.16923,-0.993995
-0.159023,-0.951995
-0.148815,-0.9169949999999999
-0.13860799999999998,-0.8854960000000001
-0.1284,-0.8504959999999999
-0.11819199999999999,-0.822496
-0.107985,-0.797996
-0.09777777600000001,-0.773496
-0.08757020800000001,-0.7524959999999999
-0.077362632,-0.731496
-0.067155064,-0.710496
-0.056947496,-0.6859959999999999
-0.046739924,-0.663247
-0.036532356,-0.640497
-0.026324786000000003,-0.615997
-0.016117215,-0.5914969999999999
-0.005909646,-0.566997
0.004297924,-0.5372469999999999
0.014505494,-0.5004970000000001
0.024713064,-0.458497
0.034920632,-0.407748
0.045128204000000005,-0.348248
0.055335776,-0.288748
0.065543348,-0.23274799999999998
0.07575092,-0.182874
0.08595848,-0.140874
0.096166048,-0.108499
0.106373,-0.083562128
0.11658099999999999,-0.06343722
0.12678799999999998,-0.048562284000000004
0.136996,-0.035437344
0.147203,-0.022531150000000003
0.157411,-0.010062455
0.167619,0.003718733
0.17782599999999998,0.017937420000000003
0.18803399999999998,0.03456234400000001
0.198241,0.052281016
0.208449,0.07207780800000001
0.218656,0.096358944
0.22886399999999998,0.12282699999999999
0.23907199999999998,0.152468
0.249279,0.190639
0.25948699999999997,0.241389
0.269694,0.314561
0.279902,0.424263
0.290109,0.586684
0.300317,0.811449
0.310525,1.093526
0.32073199999999996,1.4218680000000001
0.33094,1.739929
0.341147,1.9906160000000002
0.351355,2.138928
0.361562,2.1879269999999997
0.37177,2.1542399999999997
0.38197699999999996,2.07374
0.392185,1.9753029999999998
0.402393,1.872054
0.41259999999999997,1.774492
0.42280799999999996,1.693992
0.433015,1.62968
0.443223,1.5863669999999999
0.45343,1.572805
0.463638,1.599055
0.473846,1.681305
0.48405299999999996,1.837491
0.49426099999999995,2.072428
0.504468,2.386551
0.514676,2.7754869999999996
0.524883,3.2107979999999996
0.535091,3.650921
0.545299,4.082731
0.5555059999999999,4.519354
0.5657139999999999,4.949852999999999
0.575921,5.333101
0.586129,5.59385
0.596336,5.698849
0.606544,5.708474
0.616752,5.634099
0.6269589999999999,5.383851
0.6371669999999999,4.981352
0.647374,4.583228999999999
0.657582,4.265606
0.667789,4.023232
0.677997,3.8412319999999998
0.688205,3.702108
0.6984119999999999,3.592734
0.7086199999999999,3.5096089999999998
0.718827,3.4413590000000003
0.729035,3.386234
0.739242,3.340735
0.74945,3.30136
0.7596579999999999,3.26811
0.7698649999999999,3.24186
0.780073,3.22086
0.79028,3.204235
0.800488,3.1937349999999998
0.8106949999999999,3.188485
0.8209029999999999,3.191985
0.8311109999999999,3.20336
0.841318,3.22611
0.851526,2.7851120000000003
0.861733,2.491988
0.871941,2.280239
0.8821479999999999,2.114865
0.8923559999999999,1.9844909999999998
0.9025639999999999,1.8751159999999998
0.912771,1.782367
0.922979,1.703617
0.933186,1.634492
0.943394,1.574992
0.9536009999999999,1.520743
0.9638089999999999,1.472618
0.9740169999999999,1.430618
0.984224,1.390368
0.994432,1.355369
1.004639,1.323869
1.014847,1.2932439999999998
1.025054,1.266119
1.035262,1.2398689999999999
1.04547,1.217119
1.055677,1.196119
1.065885,1.174244
1.076092,1.156744
1.0863,1.137494
1.096507,1.1199949999999999
1.106715,1.1051199999999999
1.1169229999999999,1.08937
1.12713,1.07537
1.137338,1.0622449999999999
1.147545,1.04912
1.157753,1.037745
1.1679599999999999,1.02462
1.1781679999999999,1.0149949999999999
1.1883759999999999,1.00362
1.198583,0.99312
1.208791,0.9843700000000001
1.218998,0.974745
1.229206,0.965995
1.2394129999999999,0.9581199999999999
1.2496209999999999,0.948495
1.2598289999999999,0.941495
1.270036,0.93362
1.280244,0.9257449999999999
1.290451,0.920495
1.300659,0.91262
1.3108659999999999,0.9064949999999999
1.3210739999999999,0.899495
1.331281,0.8933709999999999
1.341489,0.8881209999999999
1.351697,0.8811209999999999
1.361904,0.875871
1.372112,0.8714959999999999
1.3823189999999999,0.865371
1.3925269999999998,0.860996
1.402734,0.854871
1.412942,0.8504959999999999
1.42315,0.846121
1.433357,0.840871
1.443565,0.837371
1.4537719999999998,0.832121
1.4639799999999998,0.827746
1.474187,0.824246
1.484395,0.819871
1.494603,0.816371
1.50481,0.812871
1.494603,0.808496
1.484395,0.804996
1.474187,0.8006209999999999
1.4639799999999998,0.797996
1.4537719999999998,0.794496
1.443565,0.790121
1.433357,0.7883709999999999
1.42315,0.783996
1.412942,0.780496
1.402734,0.7787459999999999
1.3925269999999998,0.774371
1.3823189999999999,0.772621
1.372112,0.769121
1.361904,0.765621
1.351697,0.763871
1.341489,0.760371
1.331281,0.7577459999999999
1.3210739999999999,0.755121
1.3108659999999999,0.751621
1.300659,0.749871
1.290451,0.747246
1.280244,0.744621
1.270036,0.741996
1.2598289999999999,0.739371
1.2496209999999999,0.737621
1.2394129999999999,0.7341209999999999
1.229206,0.732371
1.218998,0.730621
1.208791,0.7271209999999999
1.198583,0.7262460000000001
1.1883759999999999,0.723621
1.1781679999999999,0.720996
1.1679599999999999,0.7201209999999999
1.157753,0.715746
1.147545,0.7148709999999999
1.137338,0.7131209999999999
1.12713,0.710496
1.1169229999999999,0.709621
1.106715,0.706996
1.096507,0.7052459999999999
1.0863,0.703496
1.076092,0.700871
1.065885,0.699996
1.055677,0.6973710000000001
1.04547,0.695621
1.035262,0.694746
1.025054,0.692121
1.014847,0.6912459999999999
1.004639,0.689496
0.994432,0.687746
0.984224,0.686871
0.9740169999999999,0.6842459999999999
0.9638089999999999,0.682496
0.9536009999999999,0.680746
0.943394,0.6789959999999999
0.933186,0.678121
0.922979,0.6754969999999999
0.912771,0.6746219999999999
0.9025639999999999,0.673747
0.8923559999999999,0.593247
0.8821479999999999,0.469872
0.871941,0.373623
0.861733,0.29574799999999996
0.851526,0.23449799999999998
0.841318,0.186374
0.8311109999999999,0.14787399999999998
0.8209029999999999,0.11812399999999999
0.8106949999999999,0.09493708000000001
0.800488,0.07656216
0.79028,0.062562224
0.780073,0.050749776
0.7698649999999999,0.041781064
0.7596579999999999,0.034343596000000004
0.74945,0.028437374
0.739242,0.023078022
0.729035,0.018593668
0.718827,0.015312433
0.7086199999999999,-0.019672714
0.6984119999999999,-0.025720688000000002
0.688205,-0.025759886
0.677997,-0.028431074
0.667789,-0.029763868000000002
0.657582,-0.029623868
0.647374,-0.030760664000000007
0.6371669999999999,-0.032569458
0.6269589999999999,-0.033034256000000005
0.616752,-0.032944656
0.606544,-0.035207044
0.596336,-0.03620384
0.586129,-0.03604704
0.575921,-0.037984632000000004
0.5657139999999999,-0.039401424000000004
0.5555059999999999,-0.039911024
0.545299,-0.04105342000000001
0.535091,-0.042772612
0.524883,-0.043909404000000006
0.514676,-0.044738204000000004
0.504468,-0.046608596
0.49426099999999995,-0.048086988000000004
0.48405299999999996,-0.049240584000000004
0.473846,-0.051077896000000005
0.463638,-0.05643725200000001
0.45343,-0.06212472
0.443223,-0.06912468800000002
0.433015,-0.07699965600000001
0.42280799999999996,-0.08607774400000001
0.41259999999999997,-0.09559332800000002
0.402393,-0.107624
0.392185,-0.121405
0.38197699999999996,-0.136608
0.37177,-0.15487399999999998
0.361562,-0.176202
0.351355,-0.200264
0.341147,-0.229139
0.33094,-0.26337299999999997
0.32073199999999996,-0.30373300000000003
0.310525,-0.351201
0.300317,-0.40884099999999995
0.290109,-0.47774700000000003
0.279902,-0.559341
0.269694,-0.658215
0.25948699999999997,-0.7803869999999999
0.249279,-0.9270579999999999
0.23907199999999998,-1.09801
0.22886399999999998,-1.3284619999999998
0.218656,-1.6093359999999999
0.208449,-1.970272
0.198241,-2.456114
0.18803399999999998,-3.133798
0.17782599999999998,-4.098043
0.167619,-5.4853499999999995
0.157411,-7.365716999999999
0.147203,-9.620582
0.136996,-12.122195999999999
0.12678799999999998,-14.176687000000001
0.11658099999999999,-15.483931
0.106373,-15.203932
0.096166048,-12.928942
0.08595848,-9.516457
0.07575092,-6.59397
0.065543348,-4.882478
0.055335776,-4.0284819999999995
0.045128204000000005,-3.559484
0.034920632,-3.265485
0.024713064,-3.0204859999999996
0.014505494,-2.754487
0.004297924,-2.5584879999999997
-0.005909646,-2.425489
-0.016117215,-2.320489
-0.026324786000000003,-2.2609899999999996
-0.036532356,-2.23649
-0.046739924,-2.22249
-0.056947496,-2.17699
-0.067155064,-2.08249
-0.077362632,-1.9599909999999998
-0.08757020800000001,-1.837491
-0.09777777600000001,-1.721992
-0.107985,-1.634492
-0.11819199999999999,-1.5644930000000001
-0.1284,-1.511993
-0.13860799999999998,-1.459493
-0.148815,-1.410493
-0.159023,-1.361493
-0.16923,-1.308994
-0.179438,-1.266994
-0.18964499999999998,-1.228494
-0.199853,-1.1899939999999998
-0.18964499999999998,-1.102495
-0.179438,-1.046495
-0.16923,-1.0009949999999999
-0.159023,-0.9554950000000001
-0.148815,-0.920495
-0.13860799999999998,-0.888996
-0.1284,-0.8574959999999999
-0.11819199999999999,-0.8294959999999999
-0.107985,-0.804996
-0.09777777600000001,-0.780496
-0.08757020800000001,-0.7559959999999999
-0.077362632,-0.734996
-0.067155064,-0.713996
-0.056947496,-0.6912459999999999
-0.046739924,-0.668497
-0.036532356,-0.645747
-0.026324786000000003,-0.621247
-0.016117215,-0.5949969999999999
-0.005909646,-0.570497
0.004297924,-0.538997
0.014505494,-0.502247
0.024713064,-0.46024699999999996
0.034920632,-0.407748
0.045128204000000005,-0.348248
0.055335776,-0.288748
0.065543348,-0.23099799999999998
0.07575092,-0.181999
0.08595848,-0.140874
0.096166048,-0.108499
0.106373,-0.08399963200000002
0.11658099999999999,-0.06387471600000001
0.12678799999999998,-0.048999784000000005
0.136996,-0.035874840000000005
0.147203,-0.022531150000000003
0.157411,-0.010281204
0.167619,0.0034999840000000003
0.17782599999999998,0.017937420000000003
0.18803399999999998,0.03467172400000001
0.198241,0.052827888
0.208449,0.07295280000000001
0.218656,0.097233944
0.22886399999999998,0.12424899999999998
0.23907199999999998,0.153889
0.249279,0.192936
0.25948699999999997,0.24412300000000003
0.269694,0.31871700000000003
0.279902,0.430716
0.290109,0.595653
0.300317,0.823371
0.310525,1.106651
0.32073199999999996,1.436524
0.33094,1.7532729999999999
0.341147,1.9991469999999998
0.351355,2.143302
0.361562,2.187052
0.37177,2.149865
0.38197699999999996,2.067615
0.392185,1.9683030000000001
0.402393,1.8646159999999998
0.41259999999999997,1.767929
0.42280799999999996,1.687867
0.433015,1.625305
0.443223,1.582867
0.45343,1.571493
0.463638,1.6012419999999998
0.473846,1.688742
0.48405299999999996,1.852366
0.49426099999999995,2.095178
0.504468,2.420239
0.514676,2.8205489999999998
0.524883,3.265047
0.535091,3.7117329999999997
0.545299,4.150544
0.5555059999999999,4.594604
0.5657139999999999,5.032977
0.575921,5.416226
0.586129,5.672599
0.596336,5.771474
0.606544,5.772348999999999
0.616752,5.689223999999999
0.6269589999999999,5.4206
0.6371669999999999,4.999727
0.647374,4.591979
0.657582,4.2673559999999995
0.667789,4.0223569999999995
0.677997,3.837733
0.688205,3.6968579999999998
0.6984119999999999,3.586609
0.7086199999999999,3.499984
0.718827,3.4317339999999996
0.729035,3.375735
0.739242,3.3284849999999997
0.74945,3.2882350000000002
0.7596579999999999,3.25411
0.7698649999999999,3.22611
0.780073,3.20511
0.79028,3.188485
0.800488,3.177985
0.8106949999999999,3.17361
0.8209029999999999,3.17536
0.8311109999999999,3.188485
0.841318,3.20686
0.851526,2.757987
0.861733,2.471864
0.871941,2.264489
0.8821479999999999,2.1026149999999997
0.8923559999999999,1.9731159999999999
0.9025639999999999,1.865491
0.912771,1.7727419999999998
0.922979,1.695742
0.933186,1.627492
0.943394,1.567993
0.9536009999999999,1.516368
0.9638089999999999,1.4673679999999998
0.9740169999999999,1.425368
0.984224,1.385993
0.994432,1.3518679999999998
1.004639,1.320369
1.014847,1.289744
1.025054,1.263494
1.035262,1.238119
1.04547,1.213619
1.055677,1.1934939999999998
1.065885,1.1724940000000001
1.076092,1.154119
1.0863,1.136619
1.096507,1.118245
1.106715,1.10337
1.1169229999999999,1.0876199999999998
1.12713,1.074495
1.137338,1.060495
1.147545,1.04737
1.157753,1.035995
1.1679599999999999,1.023745
1.1781679999999999,1.0132450000000002
1.1883759999999999,1.00362
1.198583,0.9922449999999999
1.208791,0.983495
1.218998,0.9738699999999999
1.229206,0.96512
1.2394129999999999,0.9581199999999999
1.2496209999999999,0.948495
1.2598289999999999,0.941495
1.270036,0.93362
1.280244,0.9257449999999999
1.290451,0.91962
1.300659,0.91262
1.3108659999999999,0.90562
1.3210739999999999,0.90037
1.331281,0.8933709999999999
1.341489,0.8881209999999999
1.351697,0.881996
1.361904,0.875871
1.372112,0.8714959999999999
1.3823189999999999,0.865371
1.3925269999999998,0.860996
1.402734,0.855746
1.412942,0.8504959999999999
1.42315,0.846996
1.433357,0.840871
1.443565,0.837371
1.4537719999999998,0.833871
1.4639799999999998,0.827746
1.474187,0.825121
1.484395,0.819871
1.494603,0.816371
1.50481,0.812871
1.494603,0.808496
1.484395,0.804996
1.474187,0.801496
1.4639799999999998,0.797121
1.4537719999999998,0.794496
1.443565,0.790996
1.433357,0.787496
1.42315,0.784871
1.412942,0.780496
1.402734,0.7787459999999999
1.3925269999999998,0.774371
1.3823189999999999,0.7717459999999999
1.372112,0.769121
1.361904,0.765621
1.351697,0.7629959999999999
1.341489,0.760371
1.331281,0.7577459999999999
1.3210739999999999,0.755121
1.3108659999999999,0.751621
1.300659,0.749871
1.290451,0.747246
1.280244,0.744621
1.270036,0.742871
1.2598289999999999,0.739371
1.2496209999999999,0.737621
1.2394129999999999,0.734996
1.229206,0.732371
1.218998,0.730621
1.208791,0.727996
1.198583,0.7262460000000001
1.1883759999999999,0.723621
1.1781679999999999,0.720996
1.1679599999999999,0.719246
1.157753,0.716621
1.147545,0.7148709999999999
1.137338,0.713996
1.12713,0.710496
1.1169229999999999,0.709621
1.106715,0.707871
1.096507,0.7052459999999999
1.0863,0.703496
1.076092,0.700871
1.065885,0.699996
1.055677,0.6982459999999999
1.04547,0.695621
1.035262,0.695621
1.025054,0.692996
1.014847,0.6903710000000001
1.004639,0.689496
0.994432,0.687746
0.984224,0.686871
0.9740169999999999,0.6842459999999999
0.9638089999999999,0.682496
0.9536009999999999,0.681621
0.943394,0.6789959999999999
0.933186,0.6789959999999999
0.922979,0.6763709999999999
0.912771,0.6746219999999999
0.9025639999999999,0.6746219999999999
0.8923559999999999,0.597622
0.8821479999999999,0.473372
0.871941,0.37624799999999997
0.861733,0.29837299999999994
0.851526,0.23624799999999999
0.841318,0.18724899999999997
0.8311109999999999,0.14962399999999998
0.8209029999999999,0.118999
0.8106949999999999,0.09581207200000001
0.800488,0.07699965600000001
0.79028,0.062562224
0.780073,0.051187276000000004
0.7698649999999999,0.04199981600000001
0.7596579999999999,0.03456234400000001
0.74945,0.028437374
0.739242,0.023296772
0.729035,0.018812416000000002
0.718827,0.015312433
0.7086199999999999,-0.019723112
0.6984119999999999,-0.025765488000000003
0.688205,-0.025720688000000002
0.677997,-0.028419874
0.667789,-0.029769468000000004
0.657582,-0.02959587
0.647374,-0.030788664000000004
0.6371669999999999,-0.032586258
0.6269589999999999,-0.033039854
0.616752,-0.032955854
0.606544,-0.035151044
0.596336,-0.03625984
0.586129,-0.035996644
0.575921,-0.03799583200000001
0.5657139999999999,-0.039440624
0.5555059999999999,-0.039905424
0.545299,-0.04105342000000001
0.535091,-0.042783812
0.524883,-0.043875808
0.514676,-0.04477740000000001
0.504468,-0.04659179200000001
0.49426099999999995,-0.048081388
0.48405299999999996,-0.04922938400000001
0.473846,-0.05085914800000001
0.463638,-0.05643725200000001
0.45343,-0.06212472
0.443223,-0.06879656800000002
0.433015,-0.07710903200000001
0.42280799999999996,-0.085749616
0.41259999999999997,-0.09548395200000001
0.402393,-0.107405
0.392185,-0.120968
0.38197699999999996,-0.13638999999999998
0.37177,-0.154327
0.361562,-0.175983
0.351355,-0.200155
0.341147,-0.228264
0.33094,-0.26282599999999995
0.32073199999999996,-0.302858
0.310525,-0.35010699999999995
0.300317,-0.407638
0.290109,-0.47632599999999997
0.279902,-0.5579189999999999
0.269694,-0.656465
0.25948699999999997,-0.777871
0.249279,-0.9239949999999999
0.23907199999999998,-1.0940729999999999
0.22886399999999998,-1.32365
0.218656,-1.602555
0.208449,-1.9606470000000003
0.198241,-2.442551
0.18803399999999998,-3.113673
0.17782599999999998,-4.069605999999999
0.167619,-5.443350000000001
0.157411,-7.312342
0.147203,-9.569832
0.136996,-12.078444999999999
0.12678799999999998,-14.162685999999999
0.11658099999999999,-15.525931000000002
0.106373,-15.315930999999999
0.096166048,-13.103942
0.08595848,-9.673956
0.07575092,-6.70247
0.065543348,-4.955978
0.055335776,-4.077481
0.045128204000000005,-3.594483
0.034920632,-3.296985
0.024713064,-3.051986
0.014505494,-2.7754869999999996
0.004297924,-2.575988
-0.005909646,-2.435989
-0.016117215,-2.3344889999999996
-0.026324786000000003,-2.2714890000000003
-0.036532356,-2.246989
-0.046739924,-2.2329899999999996
-0.056947496,-2.19099
-0.067155064,-2.09999
-0.077362632,-1.977491
-0.08757020800000001,-1.851491
-0.09777777600000001,-1.735992
-0.107985,-1.644992
-0.11819199999999999,-1.578492
-0.1284,-1.518993
-0.13860799999999998,-1.4699929999999999
-0.148815,-1.420993
-0.159023,-1.371993
-0.16923,-1.3194940000000002
-0.179438,-1.277494
-0.18964499999999998,-1.238994
-0.199853,-1.200494
-0.18964499999999998,-1.109495
-0.179438,-1.0569950000000001
-0.16923,-1.004495
-0.159023,-0.965995
-0.148815,-0.927495
-0.13860799999999998,-0.895996
-0.1284,-0.8644959999999999
-0.11819199999999999,-0.8364959999999999
-0.107985,-0.811996
-0.09777777600000001,-0.787496
-0.08757020800000001,-0.7629959999999999
-0.077362632,-0.741996
-0.067155064,-0.720996
-0.056947496,-0.696496
-0.046739924,-0.673747
-0.036532356,-0.650997
-0.026324786000000003,-0.626497
-0.016117215,-0.600247
-0.005909646,-0.573997
0.004297924,-0.5442469999999999
0.014505494,-0.5074970000000001
0.024713064,-0.461997
0.034920632,-0.40949800000000003
0.045128204000000005,-0.348248
0.055335776,-0.288748
0.065543348,-0.23274799999999998
0.07575092,-0.181999
0.08595848,-0.140874
0.096166048,-0.108499
0.106373,-0.08399963200000002
0.11658099999999999,-0.06431221200000001
0.12678799999999998,-0.048999784000000005
0.136996,-0.036531087999999996
0.147203,-0.022968648
0.157411,-0.010281204
0.167619,0.0034999840000000003
0.17782599999999998,0.018593668
0.18803399999999998,0.034890468
0.198241,0.05348414
0.208449,0.07382780000000001
0.218656,0.098218312
0.22886399999999998,0.125561
0.23907199999999998,0.155639
0.249279,0.194905
0.25948699999999997,0.24751399999999998
0.269694,0.322982
0.279902,0.437498
0.290109,0.604841
0.300317,0.835511
0.310525,1.12076
0.32073199999999996,1.451618
0.33094,1.7672729999999999
0.341147,2.008334
0.351355,2.146802
0.361562,2.186177
0.37177,2.1454899999999997
0.38197699999999996,2.061053
0.392185,1.961303
0.402393,1.858054
0.41259999999999997,1.761367
0.42280799999999996,1.682179
0.433015,1.620492
0.443223,1.5798050000000001
0.45343,1.570617
0.463638,1.6043049999999999
0.473846,1.697054
0.48405299999999996,1.867679
0.49426099999999995,2.1205529999999997
0.504468,2.454364
0.514676,2.866049
0.524883,3.3192969999999997
0.535091,3.772545
0.545299,4.218356
0.5555059999999999,4.669854
0.5657139999999999,5.113477
0.575921,5.5002249999999995
0.586129,5.751349
0.596336,5.840598
0.606544,5.833598
0.616752,5.739974
0.6269589999999999,5.4521
0.6371669999999999,5.014602
0.647374,4.598104
0.657582,4.268231
0.667789,4.020606
0.677997,3.8342319999999996
0.688205,3.6916079999999996
0.6984119999999999,3.579609
0.7086199999999999,3.492984
0.718827,3.422109
0.729035,3.3652349999999998
0.739242,3.31711
0.74945,3.27686
0.7596579999999999,3.24186
0.7698649999999999,3.21386
0.780073,3.191985
0.79028,3.1744850000000002
0.800488,3.1639859999999995
0.8106949999999999,3.1587349999999996
0.8209029999999999,3.16136
0.8311109999999999,3.1744850000000002
0.841318,3.17711
0.851526,2.734362
0.861733,2.452614
0.871941,2.249614
0.8821479999999999,2.09124
0.8923559999999999,1.961741
0.9025639999999999,1.856741
0.912771,1.765742
0.922979,1.688742
0.933186,1.622242
0.943394,1.561868
0.9536009999999999,1.511118
0.9638089999999999,1.462993
0.9740169999999999,1.420993
0.984224,1.383368
0.994432,1.348368
1.004639,1.317744
1.014847,1.2871190000000001
1.025054,1.260869
1.035262,1.2363689999999998
1.04547,1.212744
1.055677,1.191744
1.065885,1.170744
1.076092,1.151494
1.0863,1.13487
1.096507,1.11737
1.106715,1.102495
1.1169229999999999,1.0876199999999998
1.12713,1.0727449999999998
1.137338,1.060495
1.147545,1.04737
1.157753,1.03512
1.1679599999999999,1.023745
1.1781679999999999,1.01237
1.1883759999999999,1.00362
1.198583,0.9922449999999999
1.208791,0.98262
1.218998,0.9738699999999999
1.229206,0.96512
1.2394129999999999,0.9572449999999999
1.2496209999999999,0.948495
1.2598289999999999,0.94062
1.270036,0.93362
1.280244,0.9257449999999999
1.290451,0.91962
1.300659,0.91262
1.3108659999999999,0.90562
1.3210739999999999,0.90037
1.331281,0.8933709999999999
1.341489,0.8881209999999999
1.351697,0.882871
1.361904,0.875871
1.372112,0.8714959999999999
1.3823189999999999,0.866246
1.3925269999999998,0.860996
1.402734,0.8566210000000001
1.412942,0.851371
1.42315,0.846996
1.433357,0.841746
1.443565,0.837371
1.4537719999999998,0.833871
1.4639799999999998,0.8286209999999999
1.474187,0.824246
1.484395,0.8207460000000001
1.494603,0.816371
1.50481,0.812871
1.494603,0.808496
1.484395,0.804996
1.474187,0.802371
1.4639799999999998,0.797121
1.4537719999999998,0.7953709999999999
1.443565,0.7918709999999999
1.433357,0.787496
1.42315,0.7857459999999999
1.412942,0.781371
1.402734,0.7787459999999999
1.3925269999999998,0.775246
1.3823189999999999,0.7717459999999999
1.372112,0.769996
1.361904,0.766496
1.351697,0.763871
1.341489,0.761246
1.331281,0.7577459999999999
1.3210739999999999,0.7559959999999999
1.3108659999999999,0.7524959999999999
1.300659,0.749871
1.290451,0.748121
1.280244,0.744621
1.270036,0.742871
1.2598289999999999,0.7402460000000001
1.2496209999999999,0.736746
1.2394129999999999,0.7358709999999999
1.229206,0.732371
1.218998,0.730621
1.208791,0.727996
1.198583,0.725371
1.1883759999999999,0.724496
1.1781679999999999,0.720996
1.1679599999999999,0.7201209999999999
1.157753,0.718371
1.147545,0.7148709999999999
1.137338,0.713996
1.12713,0.711371
1.1169229999999999,0.709621
1.106715,0.708746
1.096507,0.7052459999999999
1.0863,0.7043710000000001
1.076092,0.701746
1.065885,0.699996
1.055677,0.699121
1.04547,0.696496
1.035262,0.694746
1.025054,0.692996
1.014847,0.6912459999999999
1.004639,0.6903710000000001
0.994432,0.687746
0.984224,0.6859959999999999
0.9740169999999999,0.685121
0.9638089999999999,0.682496
0.9536009999999999,0.681621
0.943394,0.679871
0.933186,0.6789959999999999
0.922979,0.6772459999999999
0.912771,0.6746219999999999
0.9025639999999999,0.6746219999999999
0.8923559999999999,0.602872
0.8821479999999999,0.47774700000000003
0.871941,0.379748
0.861733,0.300998
0.851526,0.238873
0.841318,0.18899899999999997
0.8311109999999999,0.150499
0.8209029999999999,0.11987400000000001
0.8106949999999999,0.09668707200000001
0.800488,0.07787465600000001
0.79028,0.06299972
0.780073,0.051187276000000004
0.7698649999999999,0.04199981600000001
0.7596579999999999,0.034999844
0.74945,0.028656122000000003
0.739242,0.023406146000000003
0.729035,0.019031166
0.718827,0.015203057000000002
0.7086199999999999,-0.019683914
0.6984119999999999,-0.025832686000000004
0.688205,-0.025653486
0.677997,-0.028380676000000004
0.667789,-0.029791868000000003
0.657582,-0.02953427
0.647374,-0.030760664000000007
0.6371669999999999,-0.032580656
0.6269589999999999,-0.03298945600000001
0.616752,-0.032972654000000004
0.606544,-0.035145444000000005
0.596336,-0.03618144000000001
0.586129,-0.03600784
0.575921,-0.037917432
0.5657139999999999,-0.039418224
0.5555059999999999,-0.039860624000000004
0.545299,-0.04100302000000001
0.535091,-0.042772612
0.524883,-0.043847804
0.514676,-0.044755
0.504468,-0.046580596
0.49426099999999995,-0.048042188
0.48405299999999996,-0.049240584000000004
0.473846,-0.05096852400000001
0.463638,-0.056218500000000005
0.45343,-0.06212472
0.443223,-0.06879656800000002
0.433015,-0.07689028
0.42280799999999996,-0.08553087200000001
0.41259999999999997,-0.095374576
0.402393,-0.107405
0.392185,-0.120749
0.38197699999999996,-0.135952
0.37177,-0.154108
0.361562,-0.17543599999999998
0.351355,-0.199827
0.341147,-0.227827
0.33094,-0.26228
0.32073199999999996,-0.302311
0.310525,-0.34912299999999996
0.300317,-0.406873
0.290109,-0.474904
0.279902,-0.556278
0.269694,-0.6543869999999999
0.25948699999999997,-0.775027
0.249279,-0.921152
0.23907199999999998,-1.090135
0.22886399999999998,-1.318181
0.218656,-1.595774
0.208449,-1.9510219999999998
0.198241,-2.428989
0.18803399999999998,-3.093111
0.17782599999999998,-4.0394190000000005
0.167619,-5.400475
0.157411,-7.254592
0.147203,-9.512958000000001
0.136996,-12.029446
0.12678799999999998,-14.143437
0.11658099999999999,-15.564429999999998
0.106373,-15.424430999999998
0.096166048,-13.26844
0.08595848,-9.838456
0.07575092,-6.814469
0.065543348,-5.025977
0.055335776,-4.126481
0.045128204000000005,-3.636483
0.034920632,-3.3284849999999997
0.024713064,-3.0834859999999997
0.014505494,-2.796487
0.004297924,-2.589988
-0.005909646,-2.4499889999999995
-0.016117215,-2.348489
-0.026324786000000003,-2.281989
-0.036532356,-2.25749
-0.046739924,-2.246989
-0.056947496,-2.20499
-0.067155064,-2.1139900000000003
-0.077362632,-1.991491
-0.08757020800000001,-1.865491
-0.09777777600000001,-1.749992
-0.107985,-1.6589919999999998
-0.11819199999999999,-1.585492
-0.1284,-1.529493
-0.13860799999999998,-1.480493
-0.148815,-1.431493
-0.159023,-1.3789930000000001
-0.16923,-1.3299940000000001
-0.179438,-1.284494
-0.18964499999999998,-1.245994
-0.199853,-1.210994
-0.18964499999999998,-1.1199949999999999
-0.179438,-1.063995
-0.16923,-1.0149949999999999
-0.159023,-0.9729949999999999
-0.148815,-0.934495
-0.13860799999999998,-0.902995
-0.1284,-0.8714959999999999
-0.11819199999999999,-0.8434959999999999
-0.107985,-0.815496
-0.09777777600000001,-0.790996
-0.08757020800000001,-0.769996
-0.077362632,-0.745496
-0.067155064,-0.724496
-0.056947496,-0.699996
-0.046739924,-0.6772459999999999
-0.036532356,-0.654497
-0.026324786000000003,-0.629997
-0.016117215,-0.6037469999999999
-0.005909646,-0.577497
0.004297924,-0.545997
0.014505494,-0.509247
0.024713064,-0.461997
0.034920632,-0.40949800000000003
0.045128204000000005,-0.348248
0.055335776,-0.288748
0.065543348,-0.23099799999999998
0.07575092,-0.181124
0.08595848,-0.140874
0.096166048,-0.108499
0.106373,-0.08399963200000002
0.11658099999999999,-0.06431221200000001
0.12678799999999998,-0.049437284000000005
0.136996,-0.036531087999999996
0.147203,-0.022968648
0.157411,-0.010281204
0.167619,0.0034999840000000003
0.17782599999999998,0.01892179
0.18803399999999998,0.035437344
0.198241,0.054031012
0.208449,0.074921544
0.218656,0.099421432
0.22886399999999998,0.12698299999999998
0.23907199999999998,0.157608
0.249279,0.196983
0.25948699999999997,0.25068599999999996
0.269694,0.327576
0.279902,0.44416900000000004
0.290109,0.614465
0.300317,0.848089
0.310525,1.134104
0.32073199999999996,1.467149
0.33094,1.780398
0.341147,2.017741
0.351355,2.15074
0.361562,2.185302
0.37177,2.141115
0.38197699999999996,2.055365
0.392185,1.9547409999999998
0.402393,1.851054
0.41259999999999997,1.754804
0.42280799999999996,1.6764919999999999
0.433015,1.6161169999999998
0.443223,1.57718
0.45343,1.57018
0.463638,1.607805
0.473846,1.706242
0.48405299999999996,1.884304
0.49426099999999995,2.145053
0.504468,2.489363
0.514676,2.911987
0.524883,3.373547
0.535091,3.83292
0.545299,4.285731
0.5555059999999999,4.740728
0.5657139999999999,5.1931009999999995
0.575921,5.578975
0.586129,5.823974
0.596336,5.905348
0.606544,5.887848
0.616752,5.783724
0.6269589999999999,5.477474999999999
0.6371669999999999,5.022477
0.647374,4.598979
0.657582,4.266481000000001
0.667789,4.015357
0.677997,3.829857
0.688205,3.684608
0.6984119999999999,3.5734839999999997
0.7086199999999999,3.4842340000000003
0.718827,3.413359
0.729035,3.35736
0.739242,3.30661
0.74945,3.2663599999999997
0.7596579999999999,3.230485
0.7698649999999999,3.2024850000000002
0.780073,3.179735
0.79028,3.162235
0.800488,3.1508599999999998
0.8106949999999999,3.146485
0.8209029999999999,3.149111
0.8311109999999999,3.162235
0.841318,3.141235
0.851526,2.710738
0.861733,2.435989
0.871941,2.23649
0.8821479999999999,2.079865
0.8923559999999999,1.952116
0.9025639999999999,1.847991
0.912771,1.7587419999999998
0.922979,1.681742
0.933186,1.616992
0.943394,1.5566179999999998
0.9536009999999999,1.505868
0.9638089999999999,1.459493
0.9740169999999999,1.417493
0.984224,1.3798679999999999
0.994432,1.344869
1.004639,1.314244
1.014847,1.285369
1.025054,1.258244
1.035262,1.234619
1.04547,1.210119
1.055677,1.189119
1.065885,1.169869
1.076092,1.1506189999999998
1.0863,1.133119
1.096507,1.1164949999999998
1.106715,1.100745
1.1169229999999999,1.0876199999999998
1.12713,1.07187
1.137338,1.05962
1.147545,1.046495
1.157753,1.0342449999999999
1.1679599999999999,1.023745
1.1781679999999999,1.01237
1.1883759999999999,1.002745
1.198583,0.9922449999999999
1.208791,0.98262
1.218998,0.9738699999999999
1.229206,0.96512
1.2394129999999999,0.9572449999999999
1.2496209999999999,0.9493699999999999
1.2598289999999999,0.94062
1.270036,0.934495
1.280244,0.92662
1.290451,0.9187449999999999
1.300659,0.91262
1.3108659999999999,0.90562
1.3210739999999999,0.90037
1.331281,0.894246
1.341489,0.887246
1.351697,0.882871
1.361904,0.875871
1.372112,0.8714959999999999
1.3823189999999999,0.866246
1.3925269999999998,0.860121
1.402734,0.8566210000000001
1.412942,0.851371
1.42315,0.846121
1.433357,0.842621
1.443565,0.837371
1.4537719999999998,0.833871
1.4639799999999998,0.8294959999999999
1.474187,0.825121
1.484395,0.8216209999999999
1.494603,0.816371
1.50481,0.813746
1.494603,0.809371
1.484395,0.804996
1.474187,0.803246
1.4639799999999998,0.797996
1.4537719999999998,0.7953709999999999
1.443565,0.792746
1.433357,0.7883709999999999
1.42315,0.7857459999999999
1.412942,0.782246
1.402734,0.7787459999999999
1.3925269999999998,0.7761210000000001
1.3823189999999999,0.772621
1.372112,0.769996
1.361904,0.766496
1.351697,0.763871
1.341489,0.762121
1.331281,0.758621
1.3210739999999999,0.7559959999999999
1.3108659999999999,0.753371
1.300659,0.749871
1.290451,0.748121
1.280244,0.745496
1.270036,0.742871
1.2598289999999999,0.741121
1.2496209999999999,0.737621
1.2394129999999999,0.7358709999999999
1.229206,0.7332460000000001
1.218998,0.730621
1.208791,0.729746
1.198583,0.7262460000000001
1.1883759999999999,0.725371
1.1781679999999999,0.7218709999999999
1.1679599999999999,0.7201209999999999
1.157753,0.719246
1.147545,0.715746
1.137338,0.713996
1.12713,0.712246
1.1169229999999999,0.709621
1.106715,0.708746
1.096507,0.7052459999999999
1.0863,0.7043710000000001
1.076092,0.702621
1.065885,0.699996
1.055677,0.699121
1.04547,0.696496
1.035262,0.694746
1.025054,0.693871
1.014847,0.6912459999999999
1.004639,0.6903710000000001
0.994432,0.688621
0.984224,0.6859959999999999
0.9740169999999999,0.6859959999999999
0.9638089999999999,0.6833710000000001
0.9536009999999999,0.681621
0.943394,0.680746
0.933186,0.678121
0.922979,0.6772459999999999
0.912771,0.6754969999999999
0.9025639999999999,0.673747
0.8923559999999999,0.608997
0.8821479999999999,0.482122
0.871941,0.38237299999999996
0.861733,0.303623
0.851526,0.24062299999999998
0.841318,0.19074899999999997
0.8311109999999999,0.15137399999999998
0.8209029999999999,0.120749
0.8106949999999999,0.09712456800000001
0.800488,0.078312152
0.79028,0.06343722
0.780073,0.05162476800000001
0.7698649999999999,0.042218564
0.7596579999999999,0.034999844
0.74945,0.028656122000000003
0.739242,0.023406146000000003
0.729035,0.01935929
0.718827,0.015312433
0.7086199999999999,-0.019723112
0.6984119999999999,-0.025771086000000002
0.688205,-0.025709488000000003
0.677997,-0.028341474000000002
0.667789,-0.029780668000000003
0.657582,-0.029539870000000003
0.647374,-0.030743864000000003
0.6371669999999999,-0.032603056000000005
0.6269589999999999,-0.032933454
0.616752,-0.03298945600000001
0.606544,-0.035123044000000006
0.596336,-0.03613104
0.586129,-0.036041444
0.575921,-0.037878236
0.5657139999999999,-0.039395824
0.5555059999999999,-0.039883024
0.545299,-0.040986220000000004
0.535091,-0.042828612
0.524883,-0.04381420800000001
0.514676,-0.044738204000000004
0.504468,-0.046546992
0.49426099999999995,-0.047980588000000005
0.48405299999999996,-0.049234984
0.473846,-0.05085914800000001
0.463638,-0.05599975200000001
0.45343,-0.062015348000000005
0.443223,-0.06868719200000001
0.433015,-0.07667153600000001
0.42280799999999996,-0.08553087200000001
0.41259999999999997,-0.095155824
0.402393,-0.107077
0.392185,-0.12053000000000001
0.38197699999999996,-0.135733
0.37177,-0.15378
0.361562,-0.174999
0.351355,-0.19938899999999998
0.341147,-0.22728
0.33094,-0.261405
0.32073199999999996,-0.301764
0.310525,-0.34813900000000003
0.300317,-0.40567000000000003
0.290109,-0.473372
0.279902,-0.554419
0.269694,-0.6524179999999999
0.25948699999999997,-0.772184
0.249279,-0.917542
0.23907199999999998,-1.0863070000000001
0.22886399999999998,-1.312056
0.218656,-1.588555
0.208449,-1.941178
0.198241,-2.4149890000000003
0.18803399999999998,-3.072986
0.17782599999999998,-4.008794
0.167619,-5.355851
0.157411,-7.195967
0.147203,-9.455207999999999
0.136996,-11.975195999999999
0.12678799999999998,-14.118936999999999
0.11658099999999999,-15.590679999999999
0.106373,-15.529430999999999
0.096166048,-13.42944
0.08595848,-10.006455
0.07575092,-6.929969
0.065543348,-5.099476999999999
0.055335776,-4.182481
0.045128204000000005,-3.678483
0.034920632,-3.359985
0.024713064,-3.118486
0.014505494,-2.820987
0.004297924,-2.603988
-0.005909646,-2.463988
-0.016117215,-2.3589890000000002
-0.026324786000000003,-2.2924889999999998
-0.036532356,-2.267989
-0.046739924,-2.25749
-0.056947496,-2.21549
-0.067155064,-2.12799
-0.077362632,-2.005491
-0.08757020800000001,-1.875991
-0.09777777600000001,-1.763992
-0.107985,-1.665992
-0.11819199999999999,-1.595992
-0.1284,-1.539993
-0.13860799999999998,-1.487493
-0.148815,-1.4384929999999998
-0.159023,-1.385993
-0.16923,-1.336994
-0.179438,-1.294994
-0.18964499999999998,-1.252994
-0.199853,-1.214494
-0.18964499999999998,-1.1304949999999998
-0.179438,-1.0709950000000001
-0.16923,-1.021995
-0.159023,-0.976495
-0.148815,-0.941495
-0.13860799999999998,-0.9064949999999999
-0.1284,-0.878496
-0.11819199999999999,-0.846996
-0.107985,-0.822496
-0.09777777600000001,-0.797996
-0.08757020800000001,-0.773496
-0.077362632,-0.7524959999999999
-0.067155064,-0.731496
-0.056947496,-0.706996
-0.046739924,-0.680746
-0.036532356,-0.657997
-0.026324786000000003,-0.633497
-0.016117215,-0.607247
-0.005909646,-0.580997
0.004297924,-0.549497
0.014505494,-0.510997
0.024713064,-0.46374699999999996
0.034920632,-0.40949800000000003
0.045128204000000005,-0.348248
0.055335776,-0.28699800000000003
0.065543348,-0.23099799999999998
0.07575092,-0.181124
0.08595848,-0.139999
0.096166048,-0.108499
0.106373,-0.08399963200000002
0.11658099999999999,-0.06474971600000001
0.12678799999999998,-0.049437284000000005
0.136996,-0.036531087999999996
0.147203,-0.023187396000000002
0.157411,-0.009843706
0.167619,0.003718733
0.17782599999999998,0.019031166
0.18803399999999998,0.036093588
0.198241,0.054796632000000005
0.208449,0.075905912
0.218656,0.100515
0.22886399999999998,0.128405
0.23907199999999998,0.159249
0.249279,0.19917
0.25948699999999997,0.25374800000000003
0.269694,0.33216999999999997
0.279902,0.450951
0.290109,0.6242
0.300317,0.860121
0.310525,1.147447
0.32073199999999996,1.482462
0.33094,1.793304
0.341147,2.026272
0.351355,2.153802
0.361562,2.18399
0.37177,2.1363030000000003
0.38197699999999996,2.048803
0.392185,1.948178
0.402393,1.844054
0.41259999999999997,1.749117
0.42280799999999996,1.671242
0.433015,1.611305
0.443223,1.574555
0.45343,1.57018
0.463638,1.611305
0.473846,1.7154289999999999
0.48405299999999996,1.900928
0.49426099999999995,2.170865
0.504468,2.5248009999999996
0.514676,2.957049
0.524883,3.426922
0.535091,3.893294
0.545299,4.353105
0.5555059999999999,4.813353
0.5657139999999999,5.270101
0.575921,5.657725
0.586129,5.895722999999999
0.596336,5.964848
0.606544,5.939473
0.616752,5.823098
0.6269589999999999,5.4967250000000005
0.6371669999999999,5.028602
0.647374,4.598104
0.657582,4.26298
0.667789,4.010982
0.677997,3.823733
0.688205,3.678483
0.6984119999999999,3.565609
0.7086199999999999,3.477234
0.718827,3.405484
0.729035,3.347735
0.739242,3.29786
0.74945,3.2558599999999998
0.7596579999999999,3.22086
0.7698649999999999,3.19111
0.780073,3.16836
0.79028,3.1508599999999998
0.800488,3.1394859999999998
0.8106949999999999,3.13511
0.8209029999999999,3.137735
0.8311109999999999,3.1508599999999998
0.841318,3.1071109999999997
0.851526,2.688863
0.861733,2.420239
0.871941,2.22249
0.8821479999999999,2.07024
0.8923559999999999,1.944241
0.9025639999999999,1.840116
0.912771,1.752617
0.922979,1.6764919999999999
0.933186,1.611742
0.943394,1.552243
0.9536009999999999,1.501493
0.9638089999999999,1.4568679999999998
0.9740169999999999,1.4131179999999999
0.984224,1.377243
0.994432,1.343119
1.004639,1.3116189999999999
1.014847,1.283619
1.025054,1.255619
1.035262,1.231994
1.04547,1.209244
1.055677,1.1873690000000001
1.065885,1.168994
1.076092,1.1497439999999999
1.0863,1.1322439999999998
1.096507,1.1164949999999998
1.106715,1.100745
1.1169229999999999,1.0867449999999999
1.12713,1.07187
1.137338,1.0587449999999998
1.147545,1.046495
1.157753,1.0342449999999999
1.1679599999999999,1.023745
1.1781679999999999,1.0132450000000002
1.1883759999999999,1.002745
1.198583,0.99312
1.208791,0.98262
1.218998,0.974745
1.229206,0.965995
1.2394129999999999,0.9572449999999999
1.2496209999999999,0.950245
1.2598289999999999,0.941495
1.270036,0.93362
1.280244,0.927495
1.290451,0.91962
1.300659,0.913495
1.3108659999999999,0.9064949999999999
1.3210739999999999,0.90037
1.331281,0.8951209999999999
1.341489,0.8881209999999999
1.351697,0.882871
1.361904,0.877621
1.372112,0.8723709999999999
1.3823189999999999,0.867996
1.3925269999999998,0.861871
1.402734,0.8574959999999999
1.412942,0.852246
1.42315,0.846996
1.433357,0.8434959999999999
1.443565,0.8382459999999999
1.4537719999999998,0.833871
1.4639799999999998,0.830371
1.474187,0.825121
1.484395,0.8216209999999999
1.494603,0.817246
1.50481,0.813746
1.494603,0.811121
1.484395,0.805871
1.474187,0.803246
1.4639799999999998,0.799746
1.4537719999999998,0.7953709999999999
1.443565,0.792746
1.433357,0.7883709999999999
1.42315,0.7857459999999999
1.412942,0.7831210000000001
1.402734,0.7787459999999999
1.3925269999999998,0.776996
1.3823189999999999,0.772621
1.372112,0.770871
1.361904,0.768246
1.351697,0.7647459999999999
1.341489,0.762121
1.331281,0.759496
1.3210739999999999,0.7559959999999999
1.3108659999999999,0.754246
1.300659,0.7507459999999999
1.290451,0.7489959999999999
1.280244,0.746371
1.270036,0.742871
1.2598289999999999,0.741996
1.2496209999999999,0.738496
1.2394129999999999,0.736746
1.229206,0.7341209999999999
1.218998,0.731496
1.208791,0.729746
1.198583,0.7271209999999999
1.1883759999999999,0.725371
1.1781679999999999,0.723621
1.1679599999999999,0.7201209999999999
1.157753,0.719246
1.147545,0.716621
1.137338,0.713996
1.12713,0.7131209999999999
1.1169229999999999,0.710496
1.106715,0.708746
1.096507,0.706996
1.0863,0.7043710000000001
1.076092,0.703496
1.065885,0.700871
1.055677,0.699121
1.04547,0.6973710000000001
1.035262,0.695621
1.025054,0.694746
1.014847,0.692121
1.004639,0.6903710000000001
0.994432,0.689496
0.984224,0.686871
0.9740169999999999,0.6859959999999999
0.9638089999999999,0.6833710000000001
0.9536009999999999,0.681621
0.943394,0.681621
0.933186,0.6789959999999999
0.922979,0.678121
0.912771,0.6763709999999999
0.9025639999999999,0.673747
0.8923559999999999,0.6151220000000001
0.8821479999999999,0.48649699999999996
0.871941,0.386748
0.861733,0.30624799999999996
0.851526,0.24324800000000002
0.841318,0.192499
0.8311109999999999,0.15312399999999998
0.8209029999999999,0.12162400000000001
0.8106949999999999,0.09799956800000001
0.800488,0.07918714400000001
0.79028,0.06387471600000001
0.780073,0.05249976800000001
0.7698649999999999,0.04265606
0.7596579999999999,0.035437344
0.74945,0.029312370000000004
0.739242,0.02351552
0.729035,0.019468664000000004
0.718827,0.015640556
0.7086199999999999,-0.019717514000000002
0.6984119999999999,-0.025776688000000002
0.688205,-0.025670286000000004
0.677997,-0.028274274000000002
0.667789,-0.029747068000000005
0.657582,-0.029551070000000002
0.647374,-0.030693464000000004
0.6371669999999999,-0.032619856
0.6269589999999999,-0.032894254000000005
0.616752,-0.032967056
0.606544,-0.03516224400000001
0.596336,-0.03613104
0.586129,-0.036052640000000004
0.575921,-0.037827832000000006
0.5657139999999999,-0.039401424000000004
0.5555059999999999,-0.039883024
0.545299,-0.04090782
0.535091,-0.042789412000000006
0.524883,-0.043803004000000006
0.514676,-0.044682204
0.504468,-0.046569392
0.49426099999999995,-0.047952588000000004
0.48405299999999996,-0.049173384
0.473846,-0.05085914800000001
0.463638,-0.055890376000000005
0.45343,-0.061905976
0.443223,-0.06857782400000001
0.433015,-0.07667153600000001
0.42280799999999996,-0.08542149600000001
0.41259999999999997,-0.09471832800000002
0.402393,-0.106968
0.392185,-0.12042099999999999
0.38197699999999996,-0.135515
0.37177,-0.153671
0.361562,-0.174561
0.351355,-0.198733
0.341147,-0.226623
0.33094,-0.260639
0.32073199999999996,-0.300889
0.310525,-0.34715399999999996
0.300317,-0.404248
0.290109,-0.471951
0.279902,-0.552341
0.269694,-0.650122
0.25948699999999997,-0.769121
0.249279,-0.913933
0.23907199999999998,-1.082479
0.22886399999999998,-1.306369
0.218656,-1.580899
0.208449,-1.930678
0.198241,-2.400551
0.18803399999999998,-3.051986
0.17782599999999998,-3.977732
0.167619,-5.309476
0.157411,-7.1373429999999995
0.147203,-9.391333
0.136996,-11.919196999999999
0.12678799999999998,-14.090937
0.11658099999999999,-15.613430000000001
0.106373,-15.627431
0.096166048,-13.590439
0.08595848,-10.167454999999999
0.07575092,-7.0489679999999995
0.065543348,-5.1729769999999995
0.055335776,-4.238481
0.045128204000000005,-3.723983
0.034920632,-3.394984
0.024713064,-3.153485
0.014505494,-2.848987
0.004297924,-2.621488
-0.005909646,-2.477989
-0.016117215,-2.3694889999999997
-0.026324786000000003,-2.3064889999999996
-0.036532356,-2.278489
-0.046739924,-2.267989
-0.056947496,-2.22949
-0.067155064,-2.13849
-0.077362632,-2.0194900000000002
-0.08757020800000001,-1.8934909999999998
-0.09777777600000001,-1.774492
-0.107985,-1.6764919999999999
-0.11819199999999999,-1.606492
-0.1284,-1.5504930000000001
-0.13860799999999998,-1.494493
-0.148815,-1.445493
-0.159023,-1.396493
-0.16923,-1.343994
-0.179438,-1.301994
-0.18964499999999998,-1.263494
-0.199853,-1.224994
-0.18964499999999998,-1.137494
-0.179438,-1.074495
-0.16923,-1.0289949999999999
-0.159023,-0.983495
-0.148815,-0.948495
-0.13860799999999998,-0.913495
-0.1284,-0.881996
-0.11819199999999999,-0.853996
-0.107985,-0.825996
-0.09777777600000001,-0.801496
-0.08757020800000001,-0.780496
-0.077362632,-0.759496
-0.067155064,-0.734996
-0.056947496,-0.710496
-0.046739924,-0.6859959999999999
-0.036532356,-0.663247
-0.026324786000000003,-0.636997
-0.016117215,-0.6107469999999999
-0.005909646,-0.584497
0.004297924,-0.551247
0.014505494,-0.512747
0.024713064,-0.46374699999999996
0.034920632,-0.40949800000000003
0.045128204000000005,-0.348248
0.055335776,-0.28699800000000003
0.065543348,-0.22924799999999998
0.07575092,-0.180249
0.08595848,-0.139999
0.096166048,-0.108499
0.106373,-0.083562128
0.11658099999999999,-0.06474971600000001
0.12678799999999998,-0.049437284000000005
0.136996,-0.036312340000000005
0.147203,-0.023187396000000002
0.157411,-0.009843706
0.167619,0.004156231
0.17782599999999998,0.019578038
0.18803399999999998,0.036968588000000004
0.198241,0.055343504
0.208449,0.076780904
0.218656,0.101718
0.22886399999999998,0.12949899999999998
0.23907199999999998,0.161108
0.249279,0.201686
0.25948699999999997,0.25703000000000004
0.269694,0.337092
0.279902,0.457513
0.290109,0.634153
0.300317,0.8725890000000001
0.310525,1.160682
0.32073199999999996,1.497555
0.33094,1.8064289999999998
0.341147,2.034584
0.351355,2.1568650000000003
0.361562,2.182677
0.37177,2.132803
0.38197699999999996,2.04224
0.392185,1.941178
0.402393,1.837491
0.41259999999999997,1.7429919999999999
0.42280799999999996,1.665992
0.433015,1.607367
0.443223,1.5723669999999998
0.45343,1.570617
0.463638,1.6152419999999998
0.473846,1.725929
0.48405299999999996,1.917991
0.49426099999999995,2.1971149999999997
0.504468,2.561113
0.514676,3.002986
0.524883,3.480734
0.535091,3.9523569999999997
0.545299,4.417855
0.5555059999999999,4.885978
0.5657139999999999,5.345351
0.575921,5.732974
0.586129,5.9630980000000005
0.596336,6.022598
0.606544,5.987597999999999
0.616752,5.858098
0.6269589999999999,5.513349999999999
0.6371669999999999,5.030352
0.647374,4.594604
0.657582,4.258606
0.667789,4.005732
0.677997,3.817608
0.688205,3.672358
0.6984119999999999,3.5586089999999997
0.7086199999999999,3.4711089999999998
0.718827,3.397609
0.729035,3.33986
0.739242,3.29086
0.74945,3.247985
0.7596579999999999,3.211235
0.7698649999999999,3.181485
0.780073,3.1587349999999996
0.79028,3.141235
0.800488,3.1281109999999996
0.8106949999999999,3.124611
0.8209029999999999,3.1281109999999996
0.8311109999999999,3.141235
0.841318,3.075611
0.851526,2.667863
0.861733,2.406239
0.871941,2.211115
0.8821479999999999,2.0597399999999997
0.8923559999999999,1.936366
0.9025639999999999,1.833116
0.912771,1.747367
0.922979,1.671242
0.933186,1.606492
0.943394,1.548743
0.9536009999999999,1.497993
0.9638089999999999,1.453368
0.9740169999999999,1.410493
0.984224,1.373743
0.994432,1.341369
1.004639,1.308994
1.014847,1.281869
1.025054,1.254744
1.035262,1.2302440000000001
1.04547,1.209244
1.055677,1.186494
1.065885,1.167244
1.076092,1.1497439999999999
1.0863,1.131369
1.096507,1.1164949999999998
1.106715,1.0998700000000001
1.1169229999999999,1.0858700000000001
1.12713,1.07187
1.137338,1.0587449999999998
1.147545,1.04737
1.157753,1.0342449999999999
1.1679599999999999,1.023745
1.1781679999999999,1.0132450000000002
1.1883759999999999,1.0018699999999998
1.198583,0.99312
1.208791,0.983495
1.218998,0.974745
1.229206,0.96687
1.2394129999999999,0.9572449999999999
1.2496209999999999,0.9493699999999999
1.2598289999999999,0.941495
1.270036,0.934495
1.280244,0.92837
1.290451,0.920495
1.300659,0.91437
1.3108659999999999,0.908245
1.3210739999999999,0.90037
1.331281,0.895996
1.341489,0.888996
1.351697,0.883746
1.361904,0.878496
1.372112,0.8723709999999999
1.3823189999999999,0.8671209999999999
1.3925269999999998,0.862746
1.402734,0.8574959999999999
1.412942,0.853121
1.42315,0.847871
1.433357,0.844371
1.443565,0.839121
1.4537719999999998,0.834746
1.4639799999999998,0.8312459999999999
1.474187,0.825996
1.484395,0.822496
1.494603,0.8189960000000001
1.50481,0.813746
1.494603,0.811996
1.484395,0.806746
1.474187,0.803246
1.4639799999999998,0.799746
1.4537719999999998,0.7953709999999999
1.443565,0.7936209999999999
1.433357,0.790121
1.42315,0.786621
1.412942,0.783996
1.402734,0.779621
1.3925269999999998,0.777871
1.3823189999999999,0.774371
1.372112,0.770871
1.361904,0.769121
1.351697,0.7647459999999999
1.341489,0.762121
1.331281,0.760371
1.3210739999999999,0.7559959999999999
1.3108659999999999,0.755121
1.300659,0.751621
1.290451,0.7489959999999999
1.280244,0.747246
1.270036,0.743746
1.2598289999999999,0.741996
1.2496209999999999,0.739371
1.2394129999999999,0.736746
1.229206,0.734996
1.218998,0.732371
1.208791,0.729746
1.198583,0.727996
1.1883759999999999,0.724496
1.1781679999999999,0.723621
1.1679599999999999,0.720996
1.157753,0.719246
1.147545,0.717496
1.137338,0.7148709999999999
1.12713,0.713996
1.1169229999999999,0.710496
1.106715,0.708746
1.096507,0.707871
1.0863,0.7043710000000001
1.076092,0.703496
1.065885,0.701746
1.055677,0.699121
1.04547,0.6982459999999999
1.035262,0.695621
1.025054,0.694746
1.014847,0.692996
1.004639,0.6903710000000001
0.994432,0.689496
0.984224,0.687746
0.9740169999999999,0.6859959999999999
0.9638089999999999,0.685121
0.9536009999999999,0.682496
0.943394,0.680746
0.933186,0.6789959999999999
0.922979,0.6772459999999999
0.912771,0.6772459999999999
0.9025639999999999,0.6746219999999999
0.8923559999999999,0.621247
0.8821479999999999,0.49087200000000003
0.871941,0.390248
0.861733,0.30974799999999997
0.851526,0.244998
0.841318,0.194249
0.8311109999999999,0.15487399999999998
0.8209029999999999,0.123374
0.8106949999999999,0.09887456800000001
0.800488,0.079624648
0.79028,0.06474971600000001
0.780073,0.052937268
0.7698649999999999,0.043093556000000005
0.7596579999999999,0.035656092
0.74945,0.029531118000000002
0.739242,0.023734270000000002
0.729035,0.019578038
0.718827,0.01574993
0.7086199999999999,-0.019767914
0.6984119999999999,-0.025754288000000004
0.688205,-0.025603088000000003
0.677997,-0.028279876000000002
0.667789,-0.029702268000000004
0.657582,-0.02950067
0.647374,-0.030671066000000004
0.6371669999999999,-0.032575056000000005
0.6269589999999999,-0.032916654000000004
0.616752,-0.032905456
0.606544,-0.035173444000000005
0.596336,-0.036086244
0.586129,-0.03604704
0.575921,-0.037839032
0.5657139999999999,-0.039300628000000004
0.5555059999999999,-0.039894224000000006
0.545299,-0.04090782
0.535091,-0.042727812000000004
0.524883,-0.043808608000000006
0.514676,-0.04464300400000001
0.504468,-0.046558196
0.49426099999999995,-0.047941388
0.48405299999999996,-0.049173384
0.473846,-0.05085914800000001
0.463638,-0.055781004
0.45343,-0.0617966
0.443223,-0.06857782400000001
0.433015,-0.07656216
0.42280799999999996,-0.08531212
0.41259999999999997,-0.09471832800000002
0.402393,-0.10685800000000001
0.392185,-0.12009299999999999
0.38197699999999996,-0.13507699999999997
0.37177,-0.153343
0.361562,-0.17401399999999997
0.351355,-0.198405
0.341147,-0.226295
0.33094,-0.25987299999999997
0.32073199999999996,-0.299795
0.310525,-0.34606000000000003
0.300317,-0.403154
0.290109,-0.47074699999999997
0.279902,-0.550372
0.269694,-0.6480440000000001
0.25948699999999997,-0.766605
0.249279,-0.910324
0.23907199999999998,-1.0785420000000001
0.22886399999999998,-1.300244
0.218656,-1.573242
0.208449,-1.9212719999999999
0.198241,-2.385676
0.18803399999999998,-3.0314240000000003
0.17782599999999998,-3.947107
0.167619,-5.263976
0.157411,-7.077843
0.147203,-9.328333
0.136996,-11.859696999999999
0.12678799999999998,-14.057687
0.11658099999999999,-15.629180000000002
0.106373,-15.714929
0.096166048,-13.747938
0.08595848,-10.335454
0.07575092,-7.171468
0.065543348,-5.249976
0.055335776,-4.294479999999999
0.045128204000000005,-3.772983
0.034920632,-3.433484
0.024713064,-3.191985
0.014505494,-2.8839870000000003
0.004297924,-2.6389880000000003
-0.005909646,-2.4884880000000003
-0.016117215,-2.383489
-0.026324786000000003,-2.316989
-0.036532356,-2.288989
-0.046739924,-2.278489
-0.056947496,-2.2399899999999997
-0.067155064,-2.15249
-0.077362632,-2.033491
-0.08757020800000001,-1.9039909999999998
-0.09777777600000001,-1.7849920000000001
-0.107985,-1.6869919999999998
-0.11819199999999999,-1.613492
-0.1284,-1.557493
-0.13860799999999998,-1.504993
-0.148815,-1.4559929999999999
-0.159023,-1.403493
-0.16923,-1.3509939999999998
-0.179438,-1.308994
-0.18964499999999998,-1.270494
-0.199853,-1.231994
-0.18964499999999998,-1.1444940000000001
-0.179438,-1.081495
-0.16923,-1.032495
-0.159023,-0.9904949999999999
-0.148815,-0.9554950000000001
-0.13860799999999998,-0.920495
-0.1284,-0.888996
-0.11819199999999999,-0.8574959999999999
-0.107985,-0.832996
-0.09777777600000001,-0.808496
-0.08757020800000001,-0.783996
-0.077362632,-0.759496
-0.067155064,-0.738496
-0.056947496,-0.713996
-0.046739924,-0.689496
-0.036532356,-0.6667470000000001
-0.026324786000000003,-0.640497
-0.016117215,-0.614247
-0.005909646,-0.5862470000000001
0.004297924,-0.552997
0.014505494,-0.512747
0.024713064,-0.46374699999999996
0.034920632,-0.40949800000000003
0.045128204000000005,-0.346498
0.055335776,-0.285248
0.065543348,-0.22924799999999998
0.07575092,-0.179374
0.08595848,-0.139124
0.096166048,-0.108499
0.106373,-0.083562128
0.11658099999999999,-0.06474971600000001
0.12678799999999998,-0.049437284000000005
0.136996,-0.036093588
0.147203,-0.022968648
0.157411,-0.009406208000000001
0.167619,0.0047031040000000005
0.17782599999999998,0.019796786000000004
0.18803399999999998,0.037406084000000006
0.198241,0.056218500000000005
0.208449,0.077655904
0.218656,0.102921
0.22886399999999998,0.13103
0.23907199999999998,0.162968
0.249279,0.203983
0.25948699999999997,0.260201
0.269694,0.342014
0.279902,0.46473200000000003
0.290109,0.643559
0.300317,0.8854960000000001
0.310525,1.173041
0.32073199999999996,1.5128679999999999
0.33094,1.81846
0.341147,2.04224
0.351355,2.15949
0.361562,2.180927
0.37177,2.12799
0.38197699999999996,2.036553
0.392185,1.9346160000000001
0.402393,1.831366
0.41259999999999997,1.736867
0.42280799999999996,1.661617
0.433015,1.603867
0.443223,1.57018
0.45343,1.571493
0.463638,1.6196169999999999
0.473846,1.736429
0.48405299999999996,1.9359279999999999
0.49426099999999995,2.222927
0.504468,2.5982999999999996
0.514676,3.0489230000000003
0.524883,3.5345459999999997
0.535091,4.010544
0.545299,4.4826049999999995
0.5555059999999999,4.955978
0.5657139999999999,5.419725
0.575921,5.804723999999999
0.586129,6.027848
0.596336,6.0750969999999995
0.606544,6.0313479999999995
0.616752,5.888723
0.6269589999999999,5.5238499999999995
0.6371669999999999,5.029477
0.647374,4.590229
0.657582,4.253356
0.667789,4.000482
0.677997,3.811482
0.688205,3.667108
0.6984119999999999,3.553359
0.7086199999999999,3.464984
0.718827,3.392359
0.729035,3.33286
0.739242,3.28386
0.74945,3.240985
0.7596579999999999,3.204235
0.7698649999999999,3.17361
0.780073,3.149985
0.79028,3.132486
0.800488,3.120236
0.8106949999999999,3.115861
0.8209029999999999,3.119361
0.8311109999999999,3.133361
0.841318,3.046736
0.851526,2.648613
0.861733,2.3922389999999996
0.871941,2.1997400000000003
0.8821479999999999,2.050115
0.8923559999999999,1.929366
0.9025639999999999,1.826116
0.912771,1.741242
0.922979,1.666867
0.933186,1.602117
0.943394,1.545243
0.9536009999999999,1.494493
0.9638089999999999,1.4498680000000002
0.9740169999999999,1.4087429999999999
0.984224,1.371993
0.994432,1.339619
1.004639,1.3072439999999999
1.014847,1.280119
1.025054,1.253869
1.035262,1.228494
1.04547,1.2074939999999998
1.055677,1.186494
1.065885,1.166369
1.076092,1.1497439999999999
1.0863,1.131369
1.096507,1.1156199999999998
1.106715,1.0998700000000001
1.1169229999999999,1.0849950000000002
1.12713,1.0727449999999998
1.137338,1.0587449999999998
1.147545,1.04737
1.157753,1.03512
1.1679599999999999,1.02287
1.1781679999999999,1.0141200000000001
1.1883759999999999,1.002745
1.198583,0.99312
1.208791,0.9843700000000001
1.218998,0.9738699999999999
1.229206,0.96687
1.2394129999999999,0.9572449999999999
1.2496209999999999,0.950245
1.2598289999999999,0.943245
1.270036,0.934495
1.280244,0.92837
1.290451,0.920495
1.300659,0.913495
1.3108659999999999,0.908245
1.3210739999999999,0.901246
1.331281,0.895996
1.341489,0.889871
1.351697,0.883746
1.361904,0.8793709999999999
1.372112,0.873246
1.3823189999999999,0.867996
1.3925269999999998,0.8636210000000001
1.402734,0.8574959999999999
1.412942,0.853996
1.42315,0.848746
1.433357,0.8434959999999999
1.443565,0.839996
1.4537719999999998,0.834746
1.4639799999999998,0.8312459999999999
1.474187,0.826871
1.484395,0.822496
1.494603,0.8189960000000001
1.50481,0.8146209999999999
1.494603,0.811121
1.484395,0.808496
1.474187,0.803246
1.4639799999999998,0.8006209999999999
1.4537719999999998,0.796246
1.443565,0.7936209999999999
1.433357,0.790996
1.42315,0.786621
1.412942,0.783996
1.402734,0.780496
1.3925269999999998,0.777871
1.3823189999999999,0.775246
1.372112,0.770871
1.361904,0.768246
1.351697,0.765621
1.341489,0.762121
1.331281,0.761246
1.3210739999999999,0.756871
1.3108659999999999,0.755121
1.300659,0.7524959999999999
1.290451,0.7489959999999999
1.280244,0.748121
1.270036,0.744621
1.2598289999999999,0.741996
1.2496209999999999,0.7402460000000001
1.2394129999999999,0.736746
1.229206,0.7358709999999999
1.218998,0.732371
1.208791,0.729746
1.198583,0.7288709999999999
1.1883759999999999,0.725371
1.1781679999999999,0.723621
1.1679599999999999,0.7218709999999999
1.157753,0.719246
1.147545,0.718371
1.137338,0.7148709999999999
1.12713,0.713996
1.1169229999999999,0.712246
1.106715,0.708746
1.096507,0.708746
1.0863,0.706121
1.076092,0.7043710000000001
1.065885,0.702621
1.055677,0.699996
1.04547,0.699121
1.035262,0.696496
1.025054,0.694746
1.014847,0.693871
1.004639,0.6912459999999999
0.994432,0.6903710000000001
0.984224,0.688621
0.9740169999999999,0.686871
0.9638089999999999,0.6859959999999999
0.9536009999999999,0.6833710000000001
0.943394,0.681621
0.933186,0.680746
0.922979,0.6789959999999999
0.912771,0.678121
0.9025639999999999,0.6754969999999999
0.8923559999999999,0.627372
0.8821479999999999,0.49612199999999995
0.871941,0.394623
0.861733,0.31324799999999997
0.851526,0.24849799999999997
0.841318,0.196874
0.8311109999999999,0.15662399999999999
0.8209029999999999,0.12424899999999998
0.8106949999999999,0.099749552
0.800488,0.08049964
0.79028,0.06518721200000001
0.780073,0.052937268
0.7698649999999999,0.043749808
0.7596579999999999,0.035656092
0.74945,0.029531118000000002
0.739242,0.024062392000000002
0.729035,0.019578038
0.718827,0.015968679000000003
0.7086199999999999,0.012468694
0.6984119999999999,-0.021481504000000002
0.688205,-0.025664686000000003
0.677997,-0.028257476000000004
0.667789,-0.02962947
0.657582,-0.029506270000000005
0.647374,-0.030615064
0.6371669999999999,-0.032507856
0.6269589999999999,-0.032927856000000005
0.616752,-0.032832656
0.606544,-0.035145444000000005
0.596336,-0.03609744
0.586129,-0.035979840000000006
0.575921,-0.037911832
0.5657139999999999,-0.039250228000000005
0.5555059999999999,-0.039860624000000004
0.545299,-0.040913420000000006
0.535091,-0.042683012000000006
0.524883,-0.043836608000000006
0.514676,-0.04462060400000001
0.504468,-0.046535796000000004
0.49426099999999995,-0.047952588000000004
0.48405299999999996,-0.049134184
0.473846,-0.0506404
0.463638,-0.055781004
0.45343,-0.061577852
0.443223,-0.06846844800000002
0.433015,-0.076124664
0.42280799999999996,-0.085093368
0.41259999999999997,-0.09460896
0.402393,-0.10653
0.392185,-0.120202
0.38197699999999996,-0.134858
0.37177,-0.152796
0.361562,-0.17401399999999997
0.351355,-0.19752999999999998
0.341147,-0.22585799999999998
0.33094,-0.259217
0.32073199999999996,-0.299139
0.310525,-0.345514
0.300317,-0.401732
0.290109,-0.469435
0.279902,-0.548731
0.269694,-0.645637
0.25948699999999997,-0.76398
0.249279,-0.906714
0.23907199999999998,-1.074713
0.22886399999999998,-1.2945559999999998
0.218656,-1.565368
0.208449,-1.9116469999999999
0.198241,-2.3712389999999997
0.18803399999999998,-3.010423
0.17782599999999998,-3.916919
0.167619,-5.218476
0.157411,-7.017468
0.147203,-9.265333
0.136996,-11.800196999999999
0.12678799999999998,-14.020937
0.11658099999999999,-15.63968
0.106373,-15.80593
0.096166048,-13.901938000000001
0.08595848,-10.499953
0.07575092,-7.290467
0.065543348,-5.326976
0.055335776,-4.35398
0.045128204000000005,-3.825483
0.034920632,-3.471984
0.024713064,-3.230485
0.014505494,-2.9189869999999996
0.004297924,-2.652988
-0.005909646,-2.502488
-0.016117215,-2.393989
-0.026324786000000003,-2.327489
-0.036532356,-2.299489
-0.046739924,-2.2854889999999997
-0.056947496,-2.25049
-0.067155064,-2.16649
-0.077362632,-2.04749
-0.08757020800000001,-1.914491
-0.09777777600000001,-1.795491
-0.107985,-1.697492
-0.11819199999999999,-1.620492
-0.1284,-1.5644930000000001
-0.13860799999999998,-1.511993
-0.148815,-1.462993
-0.159023,-1.410493
-0.16923,-1.361493
-0.179438,-1.315994
-0.18964499999999998,-1.277494
-0.199853,-1.238994
-0.18964499999999998,-1.147994
-0.179438,-1.091995
-0.16923,-1.039495
-0.159023,-0.993995
-0.148815,-0.9554950000000001
-0.13860799999999998,-0.9239949999999999
-0.1284,-0.8924960000000001
-0.11819199999999999,-0.860996
-0.107985,-0.8364959999999999
-0.09777777600000001,-0.811996
-0.08757020800000001,-0.787496
-0.077362632,-0.7629959999999999
-0.067155064,-0.741996
-0.056947496,-0.717496
-0.046739924,-0.692996
-0.036532356,-0.668497
-0.026324786000000003,-0.643997
-0.016117215,-0.615997
-0.005909646,-0.587997
0.004297924,-0.554747
0.014505494,-0.514497
0.024713064,-0.465497
0.034920632,-0.407748
0.045128204000000005,-0.346498
0.055335776,-0.285248
0.065543348,-0.22749799999999998
0.07575092,-0.178499
0.08595848,-0.138249
0.096166048,-0.107624
0.106373,-0.083562128
0.11658099999999999,-0.06431221200000001
0.12678799999999998,-0.049437284000000005
0.136996,-0.036093588
0.147203,-0.022968648
0.157411,-0.009624957000000002
0.167619,0.005031227
0.17782599999999998,0.02012491
0.18803399999999998,0.038062332
0.198241,0.056984124000000004
0.208449,0.078421528
0.218656,0.10434299999999999
0.22886399999999998,0.13256099999999998
0.23907199999999998,0.164499
0.249279,0.20617
0.25948699999999997,0.263483
0.269694,0.347045
0.279902,0.471622
0.290109,0.653293
0.300317,0.898292
0.310525,1.18551
0.32073199999999996,1.527524
0.33094,1.83071
0.341147,2.049459
0.351355,2.162552
0.361562,2.1791769999999997
0.37177,2.123615
0.38197699999999996,2.031303
0.392185,1.9284909999999997
0.402393,1.825679
0.41259999999999997,1.732054
0.42280799999999996,1.6568049999999999
0.433015,1.6008049999999998
0.443223,1.5684299999999998
0.45343,1.5723669999999998
0.463638,1.62443
0.473846,1.746929
0.48405299999999996,1.9538659999999999
0.49426099999999995,2.249614
0.504468,2.634175
0.514676,3.094861
0.524883,3.5861709999999998
0.535091,4.068294
0.545299,4.546479
0.5555059999999999,5.025102
0.5657139999999999,5.49235
0.575921,5.875597999999999
0.586129,6.089097
0.596336,6.124972
0.606544,6.071597
0.616752,5.916723
0.6269589999999999,5.531725
0.6371669999999999,5.026852
0.647374,4.584104
0.657582,4.2463560000000005
0.667789,3.994357
0.677997,3.805357
0.688205,3.6618579999999996
0.6984119999999999,3.548109
0.7086199999999999,3.458859
0.718827,3.3871089999999997
0.729035,3.32761
0.739242,3.277735
0.74945,3.23486
0.7596579999999999,3.19811
0.7698649999999999,3.167485
0.780073,3.142986
0.79028,3.125485
0.800488,3.1132359999999997
0.8106949999999999,3.107986
0.8209029999999999,3.112361
0.8311109999999999,3.1263609999999997
0.841318,3.019611
0.851526,2.631988
0.861733,2.379114
0.871941,2.1901149999999996
0.8821479999999999,2.0413650000000003
0.8923559999999999,1.922366
0.9025639999999999,1.8208659999999999
0.912771,1.735992
0.922979,1.663367
0.933186,1.597742
0.943394,1.5426179999999998
0.9536009999999999,1.491868
0.9638089999999999,1.447243
0.9740169999999999,1.4078680000000001
0.984224,1.3702429999999999
0.994432,1.336994
1.004639,1.3072439999999999
1.014847,1.2783689999999999
1.025054,1.253869
1.035262,1.228494
1.04547,1.2066189999999999
1.055677,1.186494
1.065885,1.166369
1.076092,1.1497439999999999
1.0863,1.131369
1.096507,1.1156199999999998
1.106715,1.100745
1.1169229999999999,1.0849950000000002
1.12713,1.0727449999999998
1.137338,1.05962
1.147545,1.046495
1.157753,1.035995
1.1679599999999999,1.023745
1.1781679999999999,1.0141200000000001
1.1883759999999999,1.00362
1.198583,0.99312
1.208791,0.985245
1.218998,0.974745
1.229206,0.96687
1.2394129999999999,0.9589949999999999
1.2496209999999999,0.950245
1.2598289999999999,0.94412
1.270036,0.93537
1.280244,0.92837
1.290451,0.92312
1.300659,0.915245
1.3108659999999999,0.9099949999999999
1.3210739999999999,0.902995
1.331281,0.89687
1.341489,0.891621
1.351697,0.884621
1.361904,0.880246
1.372112,0.8741209999999999
1.3823189999999999,0.868871
1.3925269999999998,0.8644959999999999
1.402734,0.858371
1.412942,0.853996
1.42315,0.8496210000000001
1.433357,0.844371
1.443565,0.840871
1.4537719999999998,0.8364959999999999
1.4639799999999998,0.832121
1.474187,0.8286209999999999
1.484395,0.823371
1.494603,0.8207460000000001
1.50481,0.816371
1.494603,0.811996
1.484395,0.809371
1.474187,0.804996
1.4639799999999998,0.801496
1.4537719999999998,0.798871
1.443565,0.794496
1.433357,0.7918709999999999
1.42315,0.787496
1.412942,0.784871
1.402734,0.782246
1.3925269999999998,0.777871
1.3823189999999999,0.7761210000000001
1.372112,0.772621
1.361904,0.769121
1.351697,0.767371
1.341489,0.763871
1.331281,0.761246
1.3210739999999999,0.758621
1.3108659999999999,0.755121
1.300659,0.754246
1.290451,0.749871
1.280244,0.748121
1.270036,0.746371
1.2598289999999999,0.742871
1.2496209999999999,0.741996
1.2394129999999999,0.738496
1.229206,0.7358709999999999
1.218998,0.7341209999999999
1.208791,0.731496
1.198583,0.729746
1.1883759999999999,0.7271209999999999
1.1781679999999999,0.724496
1.1679599999999999,0.722746
1.157753,0.7201209999999999
1.147545,0.719246
1.137338,0.716621
1.12713,0.713996
1.1169229999999999,0.7131209999999999
1.106715,0.710496
1.096507,0.708746
1.0863,0.706996
1.076092,0.7043710000000001
1.065885,0.703496
1.055677,0.700871
1.04547,0.699121
1.035262,0.6982459999999999
1.025054,0.695621
1.014847,0.694746
1.004639,0.692996
0.994432,0.6903710000000001
0.984224,0.689496
0.9740169999999999,0.686871
0.9638089999999999,0.686871
0.9536009999999999,0.6842459999999999
0.943394,0.682496
0.933186,0.681621
0.922979,0.6789959999999999
0.912771,0.678121
0.9025639999999999,0.6763709999999999
0.8923559999999999,0.6343719999999999
0.8821479999999999,0.502247
0.871941,0.398123
0.861733,0.316748
0.851526,0.250248
0.841318,0.198624
0.8311109999999999,0.157499
0.8209029999999999,0.125999
0.8106949999999999,0.100624
0.800488,0.08137464
0.79028,0.066499704
0.780073,0.05381226
0.7698649999999999,0.044187304000000004
0.7596579999999999,0.036312340000000005
0.74945,0.029749868000000002
0.739242,0.024390516
0.729035,0.020015536000000004
0.718827,0.016187429000000003
0.7086199999999999,0.012687444
0.6984119999999999,-0.021526304
0.688205,-0.025631086
0.677997,-0.028218276000000004
0.667789,-0.029590270000000002
0.657582,-0.02947827
0.647374,-0.030615064
0.6371669999999999,-0.03247425600000001
0.6269589999999999,-0.032894254000000005
0.616752,-0.032804654
0.606544,-0.035111848
0.596336,-0.036114240000000006
0.586129,-0.035935044000000006
0.575921,-0.037878236
0.5657139999999999,-0.039267024000000005
0.5555059999999999,-0.03984382400000001
0.545299,-0.04090222
0.535091,-0.042671812
0.524883,-0.043803004000000006
0.514676,-0.04462060400000001
0.504468,-0.046462996
0.49426099999999995,-0.047946992
0.48405299999999996,-0.049072584
0.473846,-0.0506404
0.463638,-0.055890376000000005
0.45343,-0.06146848
0.443223,-0.068249696
0.433015,-0.076124664
0.42280799999999996,-0.08498399200000001
0.41259999999999997,-0.09449958400000001
0.402393,-0.106202
0.392185,-0.11976499999999998
0.38197699999999996,-0.13463999999999998
0.37177,-0.152468
0.361562,-0.17368599999999998
0.351355,-0.19742
0.341147,-0.225202
0.33094,-0.25878
0.32073199999999996,-0.29837299999999994
0.310525,-0.344529
0.300317,-0.40042
0.290109,-0.467794
0.279902,-0.5472
0.269694,-0.64334
0.25948699999999997,-0.761355
0.249279,-0.903324
0.23907199999999998,-1.070885
0.22886399999999998,-1.289744
0.218656,-1.558368
0.208449,-1.901804
0.198241,-2.3344889999999996
0.18803399999999998,-2.991174
0.17782599999999998,-3.887169
0.167619,-5.173852
0.157411,-6.957968
0.147203,-9.199709
0.136996,-11.735446999999999
0.12678799999999998,-13.980687
0.11658099999999999,-15.650179000000001
0.106373,-15.882928999999999
0.096166048,-14.045437
0.08595848,-10.660952
0.07575092,-7.409466999999999
0.065543348,-5.403975999999999
0.055335776,-4.41348
0.045128204000000005,-3.881482
0.034920632,-3.5174839999999996
0.024713064,-3.2724849999999996
0.014505494,-2.964486
0.004297924,-2.673988
-0.005909646,-2.516488
-0.016117215,-2.407989
-0.026324786000000003,-2.337989
-0.036532356,-2.3064889999999996
-0.046739924,-2.295989
-0.056947496,-2.2609899999999996
-0.067155064,-2.17699
-0.077362632,-2.0614899999999996
-0.08757020800000001,-1.9284909999999997
-0.09777777600000001,-1.805991
-0.107985,-1.707992
-0.11819199999999999,-1.630992
-0.1284,-1.571493
-0.13860799999999998,-1.518993
-0.148815,-1.4699929999999999
-0.159023,-1.420993
-0.16923,-1.368493
-0.179438,-1.322994
-0.18964499999999998,-1.284494
-0.199853,-1.242494
-0.18964499999999998,-1.1584940000000001
-0.179438,-1.095495
-0.16923,-1.046495
-0.159023,-1.0009949999999999
-0.148815,-0.962495
-0.13860799999999998,-0.930995
-0.1284,-0.895996
-0.11819199999999999,-0.867996
-0.107985,-0.839996
-0.09777777600000001,-0.815496
-0.08757020800000001,-0.790996
-0.077362632,-0.769996
-0.067155064,-0.745496
-0.056947496,-0.720996
-0.046739924,-0.696496
-0.036532356,-0.671997
-0.026324786000000003,-0.645747
-0.016117215,-0.6177469999999999
-0.005909646,-0.5914969999999999
0.004297924,-0.556497
0.014505494,-0.514497
0.024713064,-0.465497
0.034920632,-0.407748
0.045128204000000005,-0.34299799999999997
0.055335776,-0.283498
0.065543348,-0.225748
0.07575092,-0.177624
0.08595848,-0.138249
0.096166048,-0.106749
0.106373,-0.083562128
0.11658099999999999,-0.06387471600000001
0.12678799999999998,-0.048999784000000005
0.136996,-0.035874840000000005
0.147203,-0.022093652000000002
0.157411,-0.009187459
0.167619,0.005578100000000001
0.17782599999999998,0.020999908000000005
0.18803399999999998,0.03849982800000001
0.198241,0.058077868000000005
0.208449,0.079515272
0.218656,0.105765
0.22886399999999998,0.13409300000000002
0.23907199999999998,0.166249
0.249279,0.20879499999999998
0.25948699999999997,0.266545
0.269694,0.351748
0.279902,0.47862200000000005
0.290109,0.662481
0.300317,0.910542
0.310525,1.197541
0.32073199999999996,1.5415240000000001
0.33094,1.842523
0.341147,2.056678
0.351355,2.164303
0.361562,2.177427
0.37177,2.11924
0.38197699999999996,2.0256149999999997
0.392185,1.921928
0.402393,1.819554
0.41259999999999997,1.726367
0.42280799999999996,1.651992
0.433015,1.5973049999999998
0.443223,1.567117
0.45343,1.573242
0.463638,1.62968
0.473846,1.7578669999999998
0.48405299999999996,1.9731159999999999
0.49426099999999995,2.2767389999999996
0.504468,2.6704879999999998
0.514676,3.14036
0.524883,3.638233
0.535091,4.125605999999999
0.545299,4.608604
0.5555059999999999,5.093351999999999
0.5657139999999999,5.563224999999999
0.575921,5.943848
0.586129,6.146846999999999
0.596336,6.171347
0.606544,6.108347
0.616752,5.940348
0.6269589999999999,5.535225
0.6371669999999999,5.020727
0.647374,4.576229
0.657582,4.238481
0.667789,3.987357
0.677997,3.8001080000000003
0.688205,3.6557329999999997
0.6984119999999999,3.542859
0.7086199999999999,3.4544840000000003
0.718827,3.381859
0.729035,3.3223599999999998
0.739242,3.27336
0.74945,3.2296099999999996
0.7596579999999999,3.191985
0.7698649999999999,3.162235
0.780073,3.136861
0.79028,3.119361
0.800488,3.1071109999999997
0.8106949999999999,3.101861
0.8209029999999999,3.1071109999999997
0.8311109999999999,3.1211109999999995
0.841318,2.994236
0.851526,2.6162379999999996
0.861733,2.365989
0.871941,2.181365
0.8821479999999999,2.033491
0.8923559999999999,1.915366
0.9025639999999999,1.8156160000000001
0.912771,1.730742
0.922979,1.6589919999999998
0.933186,1.5951170000000001
0.943394,1.538243
0.9536009999999999,1.490118
0.9638089999999999,1.444618
0.9740169999999999,1.405243
0.984224,1.368493
0.994432,1.3352439999999999
1.004639,1.306369
1.014847,1.276619
1.025054,1.252119
1.035262,1.228494
1.04547,1.205744
1.055677,1.186494
1.065885,1.166369
1.076092,1.148869
1.0863,1.131369
1.096507,1.1156199999999998
1.106715,1.100745
1.1169229999999999,1.0858700000000001
1.12713,1.0727449999999998
1.137338,1.05962
1.147545,1.046495
1.157753,1.03687
1.1679599999999999,1.02462
1.1781679999999999,1.0141200000000001
1.1883759999999999,1.004495
1.198583,0.993995
1.208791,0.985245
1.218998,0.976495
1.229206,0.96687
1.2394129999999999,0.960745
1.2496209999999999,0.95112
1.2598289999999999,0.94412
1.270036,0.9371200000000001
1.280244,0.92837
1.290451,0.92312
1.300659,0.91612
1.3108659999999999,0.9099949999999999
1.3210739999999999,0.90387
1.331281,0.89687
1.341489,0.891621
1.351697,0.8863709999999999
1.361904,0.880246
1.372112,0.875871
1.3823189999999999,0.868871
1.3925269999999998,0.865371
1.402734,0.860121
1.412942,0.853996
1.42315,0.8504959999999999
1.433357,0.8452459999999999
1.443565,0.841746
1.4537719999999998,0.837371
1.4639799999999998,0.832121
1.474187,0.8294959999999999
1.484395,0.825121
1.494603,0.819871
1.50481,0.817246
1.494603,0.812871
1.484395,0.809371
1.474187,0.805871
1.4639799999999998,0.801496
1.4537719999999998,0.799746
1.443565,0.7953709999999999
1.433357,0.7918709999999999
1.42315,0.789246
1.412942,0.784871
1.402734,0.7831210000000001
1.3925269999999998,0.7787459999999999
1.3823189999999999,0.7761210000000001
1.372112,0.774371
1.361904,0.769996
1.351697,0.768246
1.341489,0.7647459999999999
1.331281,0.762121
1.3210739999999999,0.759496
1.3108659999999999,0.7559959999999999
1.300659,0.754246
1.290451,0.751621
1.280244,0.748121
1.270036,0.747246
1.2598289999999999,0.743746
1.2496209999999999,0.741996
1.2394129999999999,0.739371
1.229206,0.736746
1.218998,0.734996
1.208791,0.732371
1.198583,0.729746
1.1883759999999999,0.727996
1.1781679999999999,0.725371
1.1679599999999999,0.723621
1.157753,0.720996
1.147545,0.719246
1.137338,0.717496
1.12713,0.713996
1.1169229999999999,0.7131209999999999
1.106715,0.711371
1.096507,0.708746
1.0863,0.707871
1.076092,0.7052459999999999
1.065885,0.703496
1.055677,0.702621
1.04547,0.699121
1.035262,0.699121
1.025054,0.696496
1.014847,0.694746
1.004639,0.692996
0.994432,0.6912459999999999
0.984224,0.689496
0.9740169999999999,0.687746
0.9638089999999999,0.6859959999999999
0.9536009999999999,0.685121
0.943394,0.682496
0.933186,0.682496
0.922979,0.679871
0.912771,0.6789959999999999
0.9025639999999999,0.6772459999999999
0.8923559999999999,0.6413719999999999
0.8821479999999999,0.5074970000000001
0.871941,0.402498
0.861733,0.319373
0.851526,0.25374800000000003
0.841318,0.201249
0.8311109999999999,0.160124
0.8209029999999999,0.127749
0.8106949999999999,0.101499
0.800488,0.082249632
0.79028,0.06693720400000001
0.780073,0.05424976
0.7698649999999999,0.044624800000000006
0.7596579999999999,0.036749836
0.74945,0.029968616000000003
0.739242,0.024718642000000002
0.729035,0.020234286000000004
0.718827,0.016406176
0.7086199999999999,0.012906192000000002
0.6984119999999999,-0.021571106000000003
0.688205,-0.025575086000000004
0.677997,-0.028190276
0.667789,-0.029573470000000004
0.657582,-0.029411070000000004
0.647374,-0.030615064
0.6371669999999999,-0.032440658000000004
0.6269589999999999,-0.032894254000000005
0.616752,-0.032838256
0.606544,-0.03507264400000001
0.596336,-0.036114240000000006
0.586129,-0.03592384
0.575921,-0.037867032
0.5657139999999999,-0.039283828
0.5555059999999999,-0.039776624000000003
0.545299,-0.04089662
0.535091,-0.042660612
0.524883,-0.04375820400000001
0.514676,-0.044648604
0.504468,-0.046462996
0.49426099999999995,-0.047930188000000006
0.48405299999999996,-0.049078184000000004
0.473846,-0.05053102400000001
0.463638,-0.05567162800000001
0.45343,-0.06146848
0.443223,-0.068249696
0.433015,-0.07623404
0.42280799999999996,-0.084765248
0.41259999999999997,-0.09439020800000002
0.402393,-0.10609299999999999
0.392185,-0.119546
0.38197699999999996,-0.134421
0.37177,-0.152139
0.361562,-0.173467
0.351355,-0.196874
0.341147,-0.224327
0.33094,-0.25834199999999996
0.32073199999999996,-0.297498
0.310525,-0.343435
0.300317,-0.399654
0.290109,-0.466263
0.279902,-0.545669
0.269694,-0.6410440000000001
0.25948699999999997,-0.75884
0.249279,-0.900042
0.23907199999999998,-1.06662
0.22886399999999998,-1.2838379999999998
0.218656,-1.551368
0.208449,-1.89196
0.198241,-2.3224579999999997
0.18803399999999998,-2.970611
0.17782599999999998,-3.8578569999999996
0.167619,-5.130102
0.157411,-6.8984689999999995
0.147203,-9.136709
0.136996,-11.670697
0.12678799999999998,-13.938687
0.11658099999999999,-15.651929
0.106373,-15.952928000000002
0.096166048,-14.199436
0.08595848,-10.828952
0.07575092,-7.5354659999999996
0.065543348,-5.484475
0.055335776,-4.47298
0.045128204000000005,-3.9374819999999997
0.034920632,-3.566484
0.024713064,-3.310985
0.014505494,-3.009986
0.004297924,-2.694988
-0.005909646,-2.533988
-0.016117215,-2.418489
-0.026324786000000003,-2.348489
-0.036532356,-2.316989
-0.046739924,-2.302989
-0.056947496,-2.2714890000000003
-0.067155064,-2.19099
-0.077362632,-2.07199
-0.08757020800000001,-1.938991
-0.09777777600000001,-1.816491
-0.107985,-1.7149919999999998
-0.11819199999999999,-1.6379920000000001
-0.1284,-1.578492
-0.13860799999999998,-1.525993
-0.148815,-1.476993
-0.159023,-1.4244929999999998
-0.16923,-1.375493
-0.179438,-1.3299940000000001
-0.18964499999999998,-1.287994
-0.199853,-1.252994
-0.18964499999999998,-1.161994
-0.179438,-1.102495
-0.16923,-1.053495
-0.159023,-1.004495
-0.148815,-0.9694950000000001
-0.13860799999999998,-0.934495
-0.1284,-0.899495
-0.11819199999999999,-0.8714959999999999
-0.107985,-0.8434959999999999
-0.09777777600000001,-0.8189960000000001
-0.08757020800000001,-0.794496
-0.077362632,-0.773496
-0.067155064,-0.7489959999999999
-0.056947496,-0.724496
-0.046739924,-0.699996
-0.036532356,-0.673747
-0.026324786000000003,-0.649247
-0.016117215,-0.621247
-0.005909646,-0.5914969999999999
0.004297924,-0.558247
0.014505494,-0.514497
0.024713064,-0.46374699999999996
0.034920632,-0.407748
0.045128204000000005,-0.34299799999999997
0.055335776,-0.279998
0.065543348,-0.225748
0.07575092,-0.175874
0.08595848,-0.136499
0.096166048,-0.105874
0.106373,-0.08268712800000001
0.11658099999999999,-0.06387471600000001
0.12678799999999998,-0.048562284000000004
0.136996,-0.035874840000000005
0.147203,-0.022093652000000002
0.157411,-0.008531212
0.167619,0.005906224000000001
0.17782599999999998,0.021546778000000003
0.18803399999999998,0.039265452000000006
0.198241,0.058734116
0.208449,0.08082776800000001
0.218656,0.10664
0.22886399999999998,0.135515
0.23907199999999998,0.167889
0.249279,0.211092
0.25948699999999997,0.270045
0.269694,0.356232
0.279902,0.485732
0.290109,0.672325
0.300317,0.922792
0.310525,1.209463
0.32073199999999996,1.555305
0.33094,1.8543349999999998
0.341147,2.063022
0.351355,2.1669270000000003
0.361562,2.1752399999999996
0.37177,2.1144279999999998
0.38197699999999996,2.0199279999999997
0.392185,1.916241
0.402393,1.813866
0.41259999999999997,1.721117
0.42280799999999996,1.648055
0.433015,1.59468
0.443223,1.5658050000000001
0.45343,1.574118
0.463638,1.635367
0.473846,1.769679
0.48405299999999996,1.991928
0.49426099999999995,2.304302
0.504468,2.707238
0.514676,3.186298
0.524883,3.6898579999999996
0.535091,4.1816059999999995
0.545299,4.670729000000001
0.5555059999999999,5.1607270000000005
0.5657139999999999,5.634099
0.575921,6.009473
0.586129,6.203722
0.596336,6.215972
0.606544,6.141597
0.616752,5.959598
0.6269589999999999,5.536975
0.6371669999999999,5.014602
0.647374,4.568354
0.657582,4.230606
0.667789,3.9812320000000003
0.677997,3.794858
0.688205,3.650483
0.6984119999999999,3.538484
0.7086199999999999,3.450109
0.718827,3.37836
0.729035,3.319735
0.739242,3.268985
0.74945,3.226985
0.7596579999999999,3.18936
0.7698649999999999,3.157861
0.780073,3.132486
0.79028,3.114111
0.800488,3.102736
0.8106949999999999,3.096611
0.8209029999999999,3.101861
0.8311109999999999,3.117611
0.841318,2.9697359999999997
0.851526,2.6013629999999996
0.861733,2.3546139999999998
0.871941,2.172615
0.8821479999999999,2.0282400000000003
0.8923559999999999,1.9101160000000001
0.9025639999999999,1.812116
0.912771,1.7272420000000002
0.922979,1.655492
0.933186,1.592492
0.943394,1.536493
0.9536009999999999,1.488368
0.9638089999999999,1.442868
0.9740169999999999,1.403493
0.984224,1.368493
0.994432,1.334369
1.004639,1.305494
1.014847,1.276619
1.025054,1.251244
1.035262,1.228494
1.04547,1.204869
1.055677,1.185619
1.065885,1.166369
1.076092,1.147994
1.0863,1.1322439999999998
1.096507,1.114745
1.106715,1.100745
1.1169229999999999,1.0858700000000001
1.12713,1.07187
1.137338,1.060495
1.147545,1.0482449999999999
1.157753,1.03687
1.1679599999999999,1.025495
1.1781679999999999,1.0141200000000001
1.1883759999999999,1.0053699999999999
1.198583,0.99487
1.208791,0.9861199999999999
1.218998,0.97737
1.229206,0.9677450000000001
1.2394129999999999,0.960745
1.2496209999999999,0.9528699999999999
1.2598289999999999,0.94412
1.270036,0.937995
1.280244,0.9301200000000001
1.290451,0.9239949999999999
1.300659,0.9169949999999999
1.3108659999999999,0.9099949999999999
1.3210739999999999,0.904745
1.331281,0.897745
1.341489,0.891621
1.351697,0.887246
1.361904,0.8811209999999999
1.372112,0.875871
1.3823189999999999,0.8714959999999999
1.3925269999999998,0.865371
1.402734,0.861871
1.412942,0.855746
1.42315,0.852246
1.433357,0.846996
1.443565,0.841746
1.4537719999999998,0.8382459999999999
1.4639799999999998,0.833871
1.474187,0.8294959999999999
1.484395,0.825996
1.494603,0.8216209999999999
1.50481,0.818121
1.494603,0.813746
1.484395,0.810246
1.474187,0.806746
1.4639799999999998,0.802371
1.4537719999999998,0.799746
1.443565,0.796246
1.433357,0.792746
1.42315,0.790121
1.412942,0.7857459999999999
1.402734,0.7831210000000001
1.3925269999999998,0.780496
1.3823189999999999,0.7761210000000001
1.372112,0.775246
1.361904,0.770871
1.351697,0.768246
1.341489,0.765621
1.331281,0.762121
1.3210739999999999,0.760371
1.3108659999999999,0.7577459999999999
1.300659,0.754246
1.290451,0.7524959999999999
1.280244,0.7489959999999999
1.270036,0.747246
1.2598289999999999,0.744621
1.2496209999999999,0.741996
1.2394129999999999,0.7402460000000001
1.229206,0.736746
1.218998,0.734996
1.208791,0.7332460000000001
1.198583,0.729746
1.1883759999999999,0.7288709999999999
1.1781679999999999,0.7262460000000001
1.1679599999999999,0.723621
1.157753,0.722746
1.147545,0.719246
1.137338,0.718371
1.12713,0.715746
1.1169229999999999,0.713996
1.106715,0.7131209999999999
1.096507,0.709621
1.0863,0.708746
1.076092,0.706121
1.065885,0.703496
1.055677,0.703496
1.04547,0.700871
1.035262,0.699121
1.025054,0.6973710000000001
1.014847,0.695621
1.004639,0.694746
0.994432,0.692121
0.984224,0.6903710000000001
0.9740169999999999,0.689496
0.9638089999999999,0.686871
0.9536009999999999,0.6859959999999999
0.943394,0.6842459999999999
0.933186,0.682496
0.922979,0.681621
0.912771,0.6789959999999999
0.9025639999999999,0.678121
0.8923559999999999,0.647497
0.8821479999999999,0.512747
0.871941,0.407748
0.861733,0.323748
0.851526,0.25637299999999996
0.841318,0.202999
0.8311109999999999,0.160999
0.8209029999999999,0.128624
0.8106949999999999,0.103249
0.800488,0.083124632
0.79028,0.06737470400000001
0.780073,0.05468726
0.7698649999999999,0.044624800000000006
0.7596579999999999,0.036968588000000004
0.74945,0.030187366
0.739242,0.024828014000000002
0.729035,0.020453034000000002
0.718827,0.016406176
0.7086199999999999,0.013124942000000002
0.6984119999999999,-0.021615906000000004
0.688205,-0.025491088000000002
0.677997,-0.028145476000000003
0.667789,-0.02959587
0.657582,-0.029349470000000003
0.647374,-0.030592664
0.6371669999999999,-0.032463058
0.6269589999999999,-0.03282145400000001
0.616752,-0.032866254
0.606544,-0.035044648
0.596336,-0.03607504
0.586129,-0.035935044000000006
0.575921,-0.03780543200000001
0.5657139999999999,-0.03933422400000001
0.5555059999999999,-0.039765424
0.545299,-0.040879820000000004
0.535091,-0.042638212
0.524883,-0.043679808
0.514676,-0.044631804000000004
0.504468,-0.046440596
0.49426099999999995,-0.04790778800000001
0.48405299999999996,-0.04909498400000001
0.473846,-0.050421652000000004
0.463638,-0.05567162800000001
0.45343,-0.061359104000000005
0.443223,-0.067921568
0.433015,-0.07634341600000001
0.42280799999999996,-0.08454649600000001
0.41259999999999997,-0.09428083200000001
0.402393,-0.10598300000000001
0.392185,-0.119218
0.38197699999999996,-0.13431099999999999
0.37177,-0.15203
0.361562,-0.172811
0.351355,-0.196655
0.341147,-0.223889
0.33094,-0.257795
0.32073199999999996,-0.29662299999999997
0.310525,-0.34256000000000003
0.300317,-0.398779
0.290109,-0.46495099999999995
0.279902,-0.543919
0.269694,-0.638965
0.25948699999999997,-0.755668
0.249279,-0.897199
0.23907199999999998,-1.062792
0.22886399999999998,-1.2788059999999999
0.218656,-1.544149
0.208449,-1.882116
0.198241,-2.3104270000000002
0.18803399999999998,-2.951361
0.17782599999999998,-3.8285449999999996
0.167619,-5.0872269999999995
0.157411,-6.839843999999999
0.147203,-9.071083999999999
0.136996,-11.605948
0.12678799999999998,-13.894936999999999
0.11658099999999999,-15.651929
0.106373,-16.026428
0.096166048,-14.339435
0.08595848,-11.000451
0.07575092,-7.657964999999999
0.065543348,-5.561475
0.055335776,-4.535978999999999
0.045128204000000005,-3.9934819999999998
0.034920632,-3.6189829999999996
0.024713064,-3.3529850000000003
0.014505494,-3.058986
0.004297924,-2.719487
-0.005909646,-2.544488
-0.016117215,-2.432489
-0.026324786000000003,-2.3589890000000002
-0.036532356,-2.323989
-0.046739924,-2.3134889999999997
-0.056947496,-2.281989
-0.067155064,-2.20149
-0.077362632,-2.0859900000000002
-0.08757020800000001,-1.949491
-0.09777777600000001,-1.830491
-0.107985,-1.7289919999999999
-0.11819199999999999,-1.648492
-0.1284,-1.585492
-0.13860799999999998,-1.532993
-0.148815,-1.483993
-0.159023,-1.431493
-0.16923,-1.382493
-0.179438,-1.336994
-0.18964499999999998,-1.294994
-0.199853,-1.256494
-0.18964499999999998,-1.168994
-0.179438,-1.109495
-0.16923,-1.0569950000000001
-0.159023,-1.0149949999999999
-0.148815,-0.9729949999999999
-0.13860799999999998,-0.937995
-0.1284,-0.9064949999999999
-0.11819199999999999,-0.874996
-0.107985,-0.846996
-0.09777777600000001,-0.825996
-0.08757020800000001,-0.797996
-0.077362632,-0.776996
-0.067155064,-0.7524959999999999
-0.056947496,-0.727996
-0.046739924,-0.703496
-0.036532356,-0.6772459999999999
-0.026324786000000003,-0.650997
-0.016117215,-0.622997
-0.005909646,-0.5949969999999999
0.004297924,-0.559997
0.014505494,-0.5162469999999999
0.024713064,-0.46374699999999996
0.034920632,-0.405998
0.045128204000000005,-0.341248
0.055335776,-0.279998
0.065543348,-0.223999
0.07575092,-0.174999
0.08595848,-0.135624
0.096166048,-0.104999
0.106373,-0.08268712800000001
0.11658099999999999,-0.06343722
0.12678799999999998,-0.048562284000000004
0.136996,-0.035656092
0.147203,-0.021874904
0.157411,-0.008312463
0.167619,0.006234347
0.17782599999999998,0.022421774000000002
0.18803399999999998,0.04003107200000001
0.198241,0.05960910800000001
0.208449,0.081921512
0.218656,0.10773300000000001
0.22886399999999998,0.137155
0.23907199999999998,0.16985799999999998
0.249279,0.213499
0.25948699999999997,0.273764
0.269694,0.361264
0.279902,0.49284100000000003
0.290109,0.68184
0.300317,0.934495
0.310525,1.2213850000000002
0.32073199999999996,1.5684299999999998
0.33094,1.865272
0.341147,2.069584
0.351355,2.167802
0.361562,2.1730519999999998
0.37177,2.109615
0.38197699999999996,2.013803
0.392185,1.9105530000000002
0.402393,1.807741
0.41259999999999997,1.7163039999999998
0.42280799999999996,1.6436799999999998
0.433015,1.591617
0.443223,1.56493
0.45343,1.575868
0.463638,1.641055
0.473846,1.781054
0.48405299999999996,2.010303
0.49426099999999995,2.331864
0.504468,2.74355
0.514676,3.2309229999999998
0.524883,3.740608
0.535091,4.236293
0.545299,4.731979
0.5555059999999999,5.227226
0.5657139999999999,5.701474
0.575921,6.073347999999999
0.586129,6.2553469999999995
0.596336,6.257096
0.606544,6.173096999999999
0.616752,5.975347999999999
0.6269589999999999,5.53435
0.6371669999999999,5.004977
0.647374,4.557854
0.657582,4.221856
0.667789,3.974232
0.677997,3.788733
0.688205,3.646108
0.6984119999999999,3.534109
0.7086199999999999,3.445734
0.718827,3.37486
0.729035,3.31711
0.739242,3.2663599999999997
0.74945,3.223485
0.7596579999999999,3.1849849999999997
0.7698649999999999,3.153485
0.780073,3.1289860000000003
0.79028,3.109736
0.800488,3.0983609999999997
0.8106949999999999,3.093986
0.8209029999999999,3.0983609999999997
0.8311109999999999,3.114986
0.841318,2.946111
0.851526,2.587363
0.861733,2.344989
0.871941,2.163865
0.8821479999999999,2.022115
0.8923559999999999,1.9039909999999998
0.9025639999999999,1.8068659999999999
0.912771,1.723742
0.922979,1.651992
0.933186,1.5907419999999999
0.943394,1.534743
0.9536009999999999,1.485743
0.9638089999999999,1.4419929999999999
0.9740169999999999,1.401743
0.984224,1.367618
0.994432,1.3334940000000002
1.004639,1.304619
1.014847,1.276619
1.025054,1.2503689999999998
1.035262,1.228494
1.04547,1.205744
1.055677,1.184744
1.065885,1.167244
1.076092,1.147994
1.0863,1.1322439999999998
1.096507,1.1164949999999998
1.106715,1.0998700000000001
1.1169229999999999,1.0876199999999998
1.12713,1.0727449999999998
1.137338,1.06137
1.147545,1.0482449999999999
1.157753,1.03687
1.1679599999999999,1.027245
1.1781679999999999,1.0149949999999999
1.1883759999999999,1.0053699999999999
1.198583,0.9966200000000001
1.208791,0.9861199999999999
1.218998,0.978245
1.229206,0.9694950000000001
1.2394129999999999,0.960745
1.2496209999999999,0.9537450000000001
1.2598289999999999,0.944995
1.270036,0.93887
1.280244,0.930995
1.290451,0.9239949999999999
1.300659,0.91787
1.3108659999999999,0.9117449999999999
1.3210739999999999,0.90562
1.331281,0.899495
1.341489,0.8924960000000001
1.351697,0.8881209999999999
1.361904,0.881996
1.372112,0.876746
1.3823189999999999,0.8723709999999999
1.3925269999999998,0.865371
1.402734,0.861871
1.412942,0.8574959999999999
1.42315,0.851371
1.433357,0.847871
1.443565,0.842621
1.4537719999999998,0.839121
1.4639799999999998,0.834746
1.474187,0.8294959999999999
1.484395,0.826871
1.494603,0.822496
1.50481,0.8189960000000001
1.494603,0.815496
1.484395,0.811121
1.474187,0.8076209999999999
1.4639799999999998,0.804121
1.4537719999999998,0.8006209999999999
1.443565,0.797996
1.433357,0.792746
1.42315,0.790996
1.412942,0.787496
1.402734,0.783996
1.3925269999999998,0.782246
1.3823189999999999,0.777871
1.372112,0.775246
1.361904,0.772621
1.351697,0.768246
1.341489,0.767371
1.331281,0.7629959999999999
1.3210739999999999,0.761246
1.3108659999999999,0.758621
1.300659,0.755121
1.290451,0.753371
1.280244,0.749871
1.270036,0.747246
1.2598289999999999,0.746371
1.2496209999999999,0.742871
1.2394129999999999,0.741121
1.229206,0.738496
1.218998,0.7358709999999999
1.208791,0.7341209999999999
1.198583,0.731496
1.1883759999999999,0.729746
1.1781679999999999,0.7271209999999999
1.1679599999999999,0.724496
1.157753,0.723621
1.147545,0.720996
1.137338,0.718371
1.12713,0.716621
1.1169229999999999,0.713996
1.106715,0.7131209999999999
1.096507,0.710496
1.0863,0.708746
1.076092,0.707871
1.065885,0.7052459999999999
1.055677,0.703496
1.04547,0.701746
1.035262,0.699996
1.025054,0.699121
1.014847,0.695621
1.004639,0.694746
0.994432,0.692996
0.984224,0.6903710000000001
0.9740169999999999,0.6903710000000001
0.9638089999999999,0.687746
0.9536009999999999,0.686871
0.943394,0.685121
0.933186,0.6833710000000001
0.922979,0.682496
0.912771,0.679871
0.9025639999999999,0.678121
0.8923559999999999,0.655372
0.8821479999999999,0.5179969999999999
0.871941,0.411248
0.861733,0.32724800000000004
0.851526,0.25899799999999995
0.841318,0.205624
0.8311109999999999,0.16362400000000002
0.8209029999999999,0.130374
0.8106949999999999,0.104124
0.800488,0.08399963200000002
0.79028,0.0678122
0.780073,0.055124752000000006
0.7698649999999999,0.045281048000000004
0.7596579999999999,0.037406084000000006
0.74945,0.030624866
0.739242,0.025046764000000003
0.729035,0.020562408
0.718827,0.016515552
0.7086199999999999,0.013015567000000002
0.6984119999999999,-0.021587904
0.688205,-0.025496688000000003
0.677997,-0.028095076000000004
0.667789,-0.029567870000000003
0.657582,-0.02931587
0.647374,-0.030519866000000003
0.6371669999999999,-0.032446256
0.6269589999999999,-0.032771056
0.616752,-0.032843854
0.606544,-0.035016644
0.596336,-0.03603584
0.586129,-0.03594064
0.575921,-0.037766236
0.5657139999999999,-0.039300628000000004
0.5555059999999999,-0.039782224000000005
0.545299,-0.04081262
0.535091,-0.042677412000000005
0.524883,-0.043679808
0.514676,-0.044592604
0.504468,-0.04647419600000001
0.49426099999999995,-0.047834992
0.48405299999999996,-0.049106184000000004
0.473846,-0.050202904000000007
0.463638,-0.055343504
0.45343,-0.06146848
0.443223,-0.068030952
0.433015,-0.075905912
0.42280799999999996,-0.084437128
0.41259999999999997,-0.09395270400000001
0.402393,-0.105874
0.392185,-0.11878
0.38197699999999996,-0.133983
0.37177,-0.151702
0.361562,-0.172264
0.351355,-0.196327
0.341147,-0.223561
0.33094,-0.25703000000000004
0.32073199999999996,-0.296295
0.310525,-0.34146699999999996
0.300317,-0.397576
0.290109,-0.46352899999999997
0.279902,-0.541841
0.269694,-0.637106
0.25948699999999997,-0.7530429999999999
0.249279,-0.893589
0.23907199999999998,-1.0587449999999998
0.22886399999999998,-1.272681
0.218656,-1.5369300000000001
0.208449,-1.872272
0.198241,-2.298177
0.18803399999999998,-2.931237
0.17782599999999998,-3.799232
0.167619,-4.978289999999999
0.157411,-6.784719
0.147203,-9.004584999999999
0.136996,-11.539448
0.12678799999999998,-13.844187999999999
0.11658099999999999,-15.644929
0.106373,-16.085926999999998
0.096166048,-14.468935
0.08595848,-11.15095
0.07575092,-7.783964999999999
0.065543348,-5.638475000000001
0.055335776,-4.591979
0.045128204000000005,-4.049480999999999
0.034920632,-3.6714830000000003
0.024713064,-3.394984
0.014505494,-3.1114859999999998
0.004297924,-2.747487
-0.005909646,-2.561988
-0.016117215,-2.442989
-0.026324786000000003,-2.3694889999999997
-0.036532356,-2.3344889999999996
-0.046739924,-2.323989
-0.056947496,-2.288989
-0.067155064,-2.2119899999999997
-0.077362632,-2.0964899999999997
-0.08757020800000001,-1.9634909999999999
-0.09777777600000001,-1.837491
-0.107985,-1.735992
-0.11819199999999999,-1.655492
-0.1284,-1.592492
-0.13860799999999998,-1.539993
-0.148815,-1.490993
-0.159023,-1.4384929999999998
-0.16923,-1.389493
-0.179438,-1.343994
-0.18964499999999998,-1.301994
-0.199853,-1.263494
-0.18964499999999998,-1.1724940000000001
-0.179438,-1.112995
-0.16923,-1.063995
-0.159023,-1.018495
-0.148815,-0.9799950000000001
-0.13860799999999998,-0.944995
-0.1284,-0.9099949999999999
-0.11819199999999999,-0.878496
-0.107985,-0.853996
-0.09777777600000001,-0.8294959999999999
-0.08757020800000001,-0.801496
-0.077362632,-0.776996
-0.067155064,-0.7559959999999999
-0.056947496,-0.731496
-0.046739924,-0.703496
-0.036532356,-0.680746
-0.026324786000000003,-0.652747
-0.016117215,-0.626497
-0.005909646,-0.5967469999999999
0.004297924,-0.559997
0.014505494,-0.5162469999999999
0.024713064,-0.46374699999999996
0.034920632,-0.404248
0.045128204000000005,-0.33949799999999997
0.055335776,-0.276498
0.065543348,-0.222249
0.07575092,-0.173249
0.08595848,-0.13474899999999998
0.096166048,-0.104999
0.106373,-0.08181213600000001
0.11658099999999999,-0.06343722
0.12678799999999998,-0.048124784000000004
0.136996,-0.034999844
0.147203,-0.021656154
0.157411,-0.007874965
0.167619,0.00678122
0.17782599999999998,0.022859274000000002
0.18803399999999998,0.041015444000000005
0.198241,0.060374732
0.208449,0.08290588800000001
0.218656,0.109155
0.22886399999999998,0.138358
0.23907199999999998,0.171717
0.249279,0.215358
0.25948699999999997,0.277045
0.269694,0.366076
0.279902,0.49984100000000004
0.290109,0.691684
0.300317,0.946527
0.310525,1.2325409999999999
0.32073199999999996,1.582211
0.33094,1.875335
0.341147,2.0759279999999998
0.351355,2.169552
0.361562,2.171302
0.37177,2.1056779999999997
0.38197699999999996,2.008116
0.392185,1.904866
0.402393,1.8029289999999998
0.41259999999999997,1.711492
0.42280799999999996,1.64018
0.433015,1.588992
0.443223,1.564055
0.45343,1.578055
0.463638,1.6471799999999999
0.473846,1.793304
0.48405299999999996,2.029553
0.49426099999999995,2.359864
0.504468,2.780737
0.514676,3.275985
0.524883,3.791795
0.535091,4.2905429999999996
0.545299,4.793228
0.5555059999999999,5.291101
0.5657139999999999,5.767974000000001
0.575921,6.135472
0.586129,6.306095999999999
0.596336,6.295596000000001
0.606544,6.201097
0.616752,5.987597999999999
0.6269589999999999,5.529974999999999
0.6371669999999999,4.993601999999999
0.647374,4.548229
0.657582,4.214856
0.667789,3.967232
0.677997,3.783483
0.688205,3.641733
0.6984119999999999,3.5306089999999997
0.7086199999999999,3.4431089999999998
0.718827,3.372235
0.729035,3.314485
0.739242,3.263735
0.74945,3.22086
0.7596579999999999,3.183235
0.7698649999999999,3.1508599999999998
0.780073,3.1263609999999997
0.79028,3.107986
0.800488,3.095736
0.8106949999999999,3.091361
0.8209029999999999,3.095736
0.8311109999999999,3.112361
0.841318,2.925986
0.851526,2.5733629999999996
0.861733,2.336239
0.871941,2.15599
0.8821479999999999,2.01599
0.8923559999999999,1.898741
0.9025639999999999,1.802492
0.912771,1.721117
0.922979,1.649367
0.933186,1.588117
0.943394,1.532993
0.9536009999999999,1.483993
0.9638089999999999,1.441118
0.9740169999999999,1.400868
0.984224,1.3658679999999999
0.994432,1.334369
1.004639,1.303744
1.014847,1.276619
1.025054,1.2503689999999998
1.035262,1.227619
1.04547,1.205744
1.055677,1.185619
1.065885,1.166369
1.076092,1.148869
1.0863,1.1322439999999998
1.096507,1.11737
1.106715,1.100745
1.1169229999999999,1.0876199999999998
1.12713,1.0736199999999998
1.137338,1.06137
1.147545,1.049995
1.157753,1.037745
1.1679599999999999,1.027245
1.1781679999999999,1.016745
1.1883759999999999,1.0053699999999999
1.198583,0.997495
1.208791,0.9869949999999998
1.218998,0.978245
1.229206,0.9703700000000001
1.2394129999999999,0.9616199999999999
1.2496209999999999,0.95462
1.2598289999999999,0.946745
1.270036,0.93887
1.280244,0.9327449999999999
1.290451,0.92487
1.300659,0.9187449999999999
1.3108659999999999,0.9117449999999999
1.3210739999999999,0.90562
1.331281,0.90037
1.341489,0.8933709999999999
1.351697,0.8881209999999999
1.361904,0.883746
1.372112,0.876746
1.3823189999999999,0.873246
1.3925269999999998,0.8671209999999999
1.402734,0.862746
1.412942,0.858371
1.42315,0.852246
1.433357,0.848746
1.443565,0.844371
1.4537719999999998,0.839121
1.4639799999999998,0.835621
1.474187,0.8312459999999999
1.484395,0.826871
1.494603,0.823371
1.50481,0.8189960000000001
1.494603,0.816371
1.484395,0.811996
1.474187,0.808496
1.4639799999999998,0.804996
1.4537719999999998,0.801496
1.443565,0.798871
1.433357,0.794496
1.42315,0.790996
1.412942,0.7883709999999999
1.402734,0.783996
1.3925269999999998,0.782246
1.3823189999999999,0.7787459999999999
1.372112,0.775246
1.361904,0.773496
1.351697,0.769996
1.341489,0.767371
1.331281,0.7647459999999999
1.3210739999999999,0.761246
1.3108659999999999,0.759496
1.300659,0.7559959999999999
1.290451,0.754246
1.280244,0.751621
1.270036,0.748121
1.2598289999999999,0.747246
1.2496209999999999,0.744621
1.2394129999999999,0.741121
1.229206,0.7402460000000001
1.218998,0.736746
1.208791,0.734996
1.198583,0.732371
1.1883759999999999,0.729746
1.1781679999999999,0.7288709999999999
1.1679599999999999,0.725371
1.157753,0.723621
1.147545,0.7218709999999999
1.137338,0.719246
1.12713,0.718371
1.1169229999999999,0.7148709999999999
1.106715,0.713996
1.096507,0.712246
1.0863,0.708746
1.076092,0.708746
1.065885,0.706121
1.055677,0.703496
1.04547,0.702621
1.035262,0.700871
1.025054,0.699996
1.014847,0.6973710000000001
1.004639,0.694746
0.994432,0.694746
0.984224,0.692121
0.9740169999999999,0.6903710000000001
0.9638089999999999,0.689496
0.9536009999999999,0.686871
0.943394,0.686871
0.933186,0.6842459999999999
0.922979,0.682496
0.912771,0.681621
0.9025639999999999,0.6789959999999999
0.8923559999999999,0.657122
0.8821479999999999,0.524122
0.871941,0.416498
0.861733,0.33074800000000004
0.851526,0.261623
0.841318,0.20737399999999998
0.8311109999999999,0.16537400000000002
0.8209029999999999,0.13124899999999998
0.8106949999999999,0.104999
0.800488,0.08531212
0.79028,0.06868719200000001
0.780073,0.05599975200000001
0.7698649999999999,0.045718548000000005
0.7596579999999999,0.037624832000000004
0.74945,0.03106236
0.739242,0.025156138
0.729035,0.020781158
0.718827,0.01695305
0.7086199999999999,0.01334369
0.6984119999999999,-0.021582306000000002
0.688205,-0.025513488
0.677997,-0.028027876
0.667789,-0.029562270000000005
0.657582,-0.02932707
0.647374,-0.030503064
0.6371669999999999,-0.032435058
0.6269589999999999,-0.032759854000000005
0.616752,-0.032782254000000004
0.606544,-0.035055844
0.596336,-0.035996644
0.586129,-0.03594624
0.575921,-0.037766236
0.5657139999999999,-0.039239028
0.5555059999999999,-0.039832624000000004
0.545299,-0.040801420000000005
0.535091,-0.042655012000000006
0.524883,-0.043702208000000006
0.514676,-0.044536604
0.504468,-0.046451796000000004
0.49426099999999995,-0.047857392000000006
0.48405299999999996,-0.049050184000000004
0.473846,-0.050312276
0.463638,-0.055234132000000005
0.45343,-0.06114035200000001
0.443223,-0.06770282400000001
0.433015,-0.07579653600000001
0.42280799999999996,-0.08465587200000001
0.41259999999999997,-0.09373396
0.402393,-0.105765
0.392185,-0.11889
0.38197699999999996,-0.133436
0.37177,-0.151483
0.361562,-0.172046
0.351355,-0.19588899999999998
0.341147,-0.223233
0.33094,-0.25637299999999996
0.32073199999999996,-0.295529
0.310525,-0.340592
0.300317,-0.39626300000000003
0.290109,-0.46232599999999996
0.279902,-0.540528
0.269694,-0.635247
0.25948699999999997,-0.7505269999999999
0.249279,-0.890527
0.23907199999999998,-1.055464
0.22886399999999998,-1.26765
0.218656,-1.530149
0.208449,-1.86396
0.198241,-2.2870209999999997
0.18803399999999998,-2.913299
0.17782599999999998,-3.77167
0.167619,-4.941978
0.157411,-6.7295940000000005
0.147203,-8.94071
0.136996,-11.474698
0.12678799999999998,-13.798687999999999
0.11658099999999999,-15.641430000000001
0.106373,-16.155927
0.096166048,-14.601935
0.08595848,-11.318949
0.07575092,-7.913463999999999
0.065543348,-5.718973999999999
0.055335776,-4.654978999999999
0.045128204000000005,-4.108981
0.034920632,-3.727483
0.024713064,-3.440484
0.014505494,-3.1639859999999995
0.004297924,-2.7824869999999997
-0.005909646,-2.575988
-0.016117215,-2.4569889999999996
-0.026324786000000003,-2.379989
-0.036532356,-2.344989
-0.046739924,-2.330989
-0.056947496,-2.299489
-0.067155064,-2.22249
-0.077362632,-2.10699
-0.08757020800000001,-1.973991
-0.09777777600000001,-1.847991
-0.107985,-1.7429919999999999
-0.11819199999999999,-1.6624919999999999
-0.1284,-1.599492
-0.13860799999999998,-1.546993
-0.148815,-1.497993
-0.159023,-1.445493
-0.16923,-1.396493
-0.179438,-1.3509939999999998
-0.18964499999999998,-1.308994
-0.199853,-1.270494
-0.18964499999999998,-1.179494
-0.179438,-1.1164949999999998
-0.16923,-1.067495
-0.159023,-1.021995
-0.148815,-0.9799950000000001
-0.13860799999999998,-0.948495
-0.1284,-0.913495
-0.11819199999999999,-0.881996
-0.107985,-0.853996
-0.09777777600000001,-0.832996
-0.08757020800000001,-0.808496
-0.077362632,-0.780496
-0.067155064,-0.759496
-0.056947496,-0.734996
-0.046739924,-0.706996
-0.036532356,-0.6842459999999999
-0.026324786000000003,-0.656247
-0.016117215,-0.628247
-0.005909646,-0.5967469999999999
0.004297924,-0.559997
0.014505494,-0.5162469999999999
0.024713064,-0.461997
0.034920632,-0.402498
0.045128204000000005,-0.33949799999999997
0.055335776,-0.276498
0.065543348,-0.220499
0.07575092,-0.172374
0.08595848,-0.13299899999999998
0.096166048,-0.104124
0.106373,-0.08137464
0.11658099999999999,-0.06299972
0.12678799999999998,-0.048124784000000004
0.136996,-0.034781096000000004
0.147203,-0.021218656000000002
0.157411,-0.0074374670000000006
0.167619,0.0074374670000000006
0.17782599999999998,0.023296772
0.18803399999999998,0.04199981600000001
0.198241,0.061359104000000005
0.208449,0.084109008
0.218656,0.110468
0.22886399999999998,0.13989
0.23907199999999998,0.173467
0.249279,0.217655
0.25948699999999997,0.28010799999999997
0.269694,0.37121699999999996
0.279902,0.506622
0.290109,0.701418
0.300317,0.958339
0.310525,1.2656809999999998
0.32073199999999996,1.5948989999999998
0.33094,1.8860540000000001
0.341147,2.0818339999999997
0.351355,2.170427
0.361562,2.168677
0.37177,2.101303
0.38197699999999996,2.003303
0.392185,1.899179
0.402393,1.797679
0.41259999999999997,1.706679
0.42280799999999996,1.63668
0.433015,1.5863669999999999
0.443223,1.56318
0.45343,1.580242
0.463638,1.653305
0.473846,1.805991
0.48405299999999996,2.0496779999999997
0.49426099999999995,2.387864
0.504468,2.817487
0.514676,3.3192969999999997
0.524883,3.8412319999999998
0.535091,4.346979999999999
0.545299,4.8483529999999995
0.5555059999999999,5.354100999999999
0.5657139999999999,5.831849
0.575921,6.194972
0.586129,6.3550960000000005
0.596336,6.3314710000000005
0.606544,6.228222
0.616752,5.998973
0.6269589999999999,5.5238499999999995
0.6371669999999999,4.984852
0.647374,4.538604
0.657582,4.207856
0.667789,3.961107
0.677997,3.779108
0.688205,3.638233
0.6984119999999999,3.527984
0.7086199999999999,3.4413590000000003
0.718827,3.371359
0.729035,3.312735
0.739242,3.263735
0.74945,3.219985
0.7596579999999999,3.18236
0.7698649999999999,3.1508599999999998
0.780073,3.125485
0.79028,3.1071109999999997
0.800488,3.093986
0.8106949999999999,3.090486
0.8209029999999999,3.094861
0.8311109999999999,3.112361
0.841318,2.907612
0.851526,2.561113
0.861733,2.327489
0.871941,2.149865
0.8821479999999999,2.0107399999999997
0.8923559999999999,1.896116
0.9025639999999999,1.799866
0.912771,1.7193669999999999
0.922979,1.6476169999999999
0.933186,1.585492
0.943394,1.532118
0.9536009999999999,1.483118
0.9638089999999999,1.440243
0.9740169999999999,1.400868
0.984224,1.364993
0.994432,1.334369
1.004639,1.302869
1.014847,1.276619
1.025054,1.251244
1.035262,1.227619
1.04547,1.2066189999999999
1.055677,1.186494
1.065885,1.167244
1.076092,1.1497439999999999
1.0863,1.1322439999999998
1.096507,1.11737
1.106715,1.102495
1.1169229999999999,1.088495
1.12713,1.07537
1.137338,1.0622449999999999
1.147545,1.05087
1.157753,1.03862
1.1679599999999999,1.027245
1.1781679999999999,1.018495
1.1883759999999999,1.00712
1.198583,0.9983700000000001
1.208791,0.9896199999999999
1.218998,0.97912
1.229206,0.9721199999999999
1.2394129999999999,0.96337
1.2496209999999999,0.9554950000000001
1.2598289999999999,0.948495
1.270036,0.9397449999999999
1.280244,0.93362
1.290451,0.92662
1.300659,0.91962
1.3108659999999999,0.91437
1.3210739999999999,0.9064949999999999
1.331281,0.901246
1.341489,0.895996
1.351697,0.888996
1.361904,0.884621
1.372112,0.878496
1.3823189999999999,0.8741209999999999
1.3925269999999998,0.868871
1.402734,0.8636210000000001
1.412942,0.859246
1.42315,0.853996
1.433357,0.848746
1.443565,0.846121
1.4537719999999998,0.839996
1.4639799999999998,0.837371
1.474187,0.832996
1.484395,0.8286209999999999
1.494603,0.825121
1.50481,0.8207460000000001
1.494603,0.816371
1.484395,0.812871
1.474187,0.809371
1.4639799999999998,0.806746
1.4537719999999998,0.801496
1.443565,0.798871
1.433357,0.796246
1.42315,0.7918709999999999
1.412942,0.789246
1.402734,0.786621
1.3925269999999998,0.7831210000000001
1.3823189999999999,0.780496
1.372112,0.7761210000000001
1.361904,0.774371
1.351697,0.7717459999999999
1.341489,0.768246
1.331281,0.766496
1.3210739999999999,0.762121
1.3108659999999999,0.760371
1.300659,0.7577459999999999
1.290451,0.754246
1.280244,0.753371
1.270036,0.749871
1.2598289999999999,0.747246
1.2496209999999999,0.745496
1.2394129999999999,0.741996
1.229206,0.741121
1.218998,0.737621
1.208791,0.7358709999999999
1.198583,0.7341209999999999
1.1883759999999999,0.730621
1.1781679999999999,0.7288709999999999
1.1679599999999999,0.7271209999999999
1.157753,0.724496
1.147545,0.723621
1.137338,0.7201209999999999
1.12713,0.718371
1.1169229999999999,0.716621
1.106715,0.713996
1.096507,0.7131209999999999
1.0863,0.710496
1.076092,0.708746
1.065885,0.706996
1.055677,0.7052459999999999
1.04547,0.703496
1.035262,0.701746
1.025054,0.699996
1.014847,0.6982459999999999
1.004639,0.696496
0.994432,0.695621
0.984224,0.693871
0.9740169999999999,0.6912459999999999
0.9638089999999999,0.6903710000000001
0.9536009999999999,0.687746
0.943394,0.686871
0.933186,0.685121
0.922979,0.682496
0.912771,0.682496
0.9025639999999999,0.679871
0.8923559999999999,0.6772459999999999
0.8821479999999999,0.528497
0.871941,0.419998
0.861733,0.334248
0.851526,0.264248
0.841318,0.209999
0.8311109999999999,0.166249
0.8209029999999999,0.13299899999999998
0.8106949999999999,0.105874
0.800488,0.085749616
0.79028,0.06956219200000001
0.780073,0.056874748
0.7698649999999999,0.046374792000000005
0.7596579999999999,0.038062332
0.74945,0.03149986
0.739242,0.025484262000000004
0.729035,0.020999908000000005
0.718827,0.017171798000000002
0.7086199999999999,0.013453065
0.6984119999999999,-0.021587904
0.688205,-0.025457488
0.677997,-0.028011078000000005
0.667789,-0.029450270000000004
0.657582,-0.029349470000000003
0.647374,-0.030475066000000002
0.6371669999999999,-0.032379055999999996
0.6269589999999999,-0.03282145400000001
0.616752,-0.032743058000000005
0.606544,-0.035067048
0.596336,-0.03598544
0.586129,-0.035890244
0.575921,-0.037799832
0.5657139999999999,-0.039205428
0.5555059999999999,-0.039799024
0.545299,-0.04081262
0.535091,-0.042621412
0.524883,-0.043679808
0.514676,-0.044503004000000006
0.504468,-0.046395796
0.49426099999999995,-0.047834992
0.48405299999999996,-0.049010984
0.473846,-0.050202904000000007
0.463638,-0.055234132000000005
0.45343,-0.06103097600000001
0.443223,-0.067921568
0.433015,-0.07568716
0.42280799999999996,-0.084437128
0.41259999999999997,-0.09362458400000001
0.402393,-0.105327
0.392185,-0.118999
0.38197699999999996,-0.13332699999999997
0.37177,-0.15137399999999998
0.361562,-0.17193599999999998
0.351355,-0.195233
0.341147,-0.222905
0.33094,-0.255936
0.32073199999999996,-0.29476399999999997
0.310525,-0.339935
0.300317,-0.39517
0.290109,-0.46123200000000003
0.279902,-0.5385599999999999
0.269694,-0.63295
0.25948699999999997,-0.748121
0.249279,-0.8870269999999999
0.23907199999999998,-1.051745
0.22886399999999998,-1.262619
0.218656,-1.524024
0.208449,-1.8547719999999999
0.198241,-2.274989
0.18803399999999998,-2.8949239999999996
0.17782599999999998,-3.744108
0.167619,-4.90479
0.157411,-6.67272
0.147203,-8.874211
0.136996,-11.406449
0.12678799999999998,-13.749688
0.11658099999999999,-15.629180000000002
0.106373,-16.208427
0.096166048,-14.731433999999998
0.08595848,-11.479948
0.07575092,-8.039463
0.065543348,-5.799474
0.055335776,-4.710978
0.045128204000000005,-4.161480999999999
0.034920632,-3.783483
0.024713064,-3.4894839999999996
0.014505494,-3.2129849999999998
0.004297924,-2.820987
-0.005909646,-2.593488
-0.016117215,-2.467488
-0.026324786000000003,-2.390489
-0.036532356,-2.351989
-0.046739924,-2.3414889999999997
-0.056947496,-2.309989
-0.067155064,-2.2329899999999996
-0.077362632,-2.1174899999999997
-0.08757020800000001,-1.9879909999999998
-0.09777777600000001,-1.8584910000000001
-0.107985,-1.753492
-0.11819199999999999,-1.6729919999999998
-0.1284,-1.606492
-0.13860799999999998,-1.553993
-0.148815,-1.501493
-0.159023,-1.4524929999999998
-0.16923,-1.399993
-0.179438,-1.354493
-0.18964499999999998,-1.312494
-0.199853,-1.273994
-0.18964499999999998,-1.186494
-0.179438,-1.123494
-0.16923,-1.0709950000000001
-0.159023,-1.025495
-0.148815,-0.9869949999999998
-0.13860799999999998,-0.951995
-0.1284,-0.9169949999999999
-0.11819199999999999,-0.8854960000000001
-0.107985,-0.860996
-0.09777777600000001,-0.8364959999999999
-0.08757020800000001,-0.811996
-0.077362632,-0.787496
-0.067155064,-0.7629959999999999
-0.056947496,-0.734996
-0.046739924,-0.710496
-0.036532356,-0.6859959999999999
-0.026324786000000003,-0.657997
-0.016117215,-0.629997
-0.005909646,-0.600247
0.004297924,-0.561747
0.014505494,-0.5162469999999999
0.024713064,-0.461997
0.034920632,-0.400748
0.045128204000000005,-0.337748
0.055335776,-0.274748
0.065543348,-0.218749
0.07575092,-0.17149899999999998
0.08595848,-0.13299899999999998
0.096166048,-0.103249
0.106373,-0.08093714400000002
0.11658099999999999,-0.062562224
0.12678799999999998,-0.047687288
0.136996,-0.034124848
0.147203,-0.020781158
0.157411,-0.006999969000000001
0.167619,0.008093714000000002
0.17782599999999998,0.024062392000000002
0.18803399999999998,0.04265606
0.198241,0.062452852
0.208449,0.08487462400000001
0.218656,0.11188999999999999
0.22886399999999998,0.141093
0.23907199999999998,0.175108
0.249279,0.220389
0.25948699999999997,0.28338899999999995
0.269694,0.376138
0.279902,0.5132939999999999
0.290109,0.7109340000000001
0.300317,0.9703700000000001
0.310525,1.2788059999999999
0.32073199999999996,1.608024
0.33094,1.895241
0.341147,2.086865
0.351355,2.172177
0.361562,2.16649
0.37177,2.096928
0.38197699999999996,1.998053
0.392185,1.8934909999999998
0.402393,1.792867
0.41259999999999997,1.7023039999999998
0.42280799999999996,1.632742
0.433015,1.584617
0.443223,1.562742
0.45343,1.58243
0.463638,1.660305
0.473846,1.819116
0.48405299999999996,2.069803
0.49426099999999995,2.415426
0.504468,2.854674
0.514676,3.364359
0.524883,3.8906700000000005
0.535091,4.40123
0.545299,4.907853
0.5555059999999999,5.41885
0.5657139999999999,5.895722999999999
0.575921,6.2527219999999994
0.586129,6.401471
0.596336,6.366471
0.606544,6.2527219999999994
0.616752,6.008598
0.6269589999999999,5.51685
0.6371669999999999,4.972602
0.647374,4.528105
0.657582,4.199106
0.667789,3.9558569999999995
0.677997,3.774733
0.688205,3.6347329999999998
0.6984119999999999,3.525359
0.7086199999999999,3.439609
0.718827,3.370484
0.729035,3.31186
0.739242,3.26286
0.74945,3.21911
0.7596579999999999,3.18236
0.7698649999999999,3.1508599999999998
0.780073,3.124611
0.79028,3.1062359999999996
0.800488,3.093986
0.8106949999999999,3.089611
0.8209029999999999,3.094861
0.8311109999999999,3.112361
0.841318,2.890112
0.851526,2.549738
0.861733,2.3196139999999996
0.871941,2.144615
0.8821479999999999,2.005491
0.8923559999999999,1.8926159999999999
0.9025639999999999,1.796367
0.912771,1.7158669999999998
0.922979,1.646742
0.933186,1.584617
0.943394,1.531243
0.9536009999999999,1.482243
0.9638089999999999,1.439368
0.9740169999999999,1.401743
0.984224,1.364993
0.994432,1.334369
1.004639,1.303744
1.014847,1.276619
1.025054,1.252119
1.035262,1.227619
1.04547,1.2074939999999998
1.055677,1.1873690000000001
1.065885,1.167244
1.076092,1.151494
1.0863,1.133119
1.096507,1.118245
1.106715,1.10337
1.1169229999999999,1.088495
1.12713,1.076245
1.137338,1.0631199999999998
1.147545,1.05087
1.157753,1.04037
1.1679599999999999,1.0281200000000001
1.1781679999999999,1.0193699999999999
1.1883759999999999,1.00887
1.198583,0.9983700000000001
1.208791,0.9904949999999999
1.218998,0.9799950000000001
1.229206,0.9721199999999999
1.2394129999999999,0.964245
1.2496209999999999,0.9554950000000001
1.2598289999999999,0.9493699999999999
1.270036,0.941495
1.280244,0.934495
1.290451,0.927495
1.300659,0.920495
1.3108659999999999,0.915245
1.3210739999999999,0.908245
1.331281,0.90212
1.341489,0.897745
1.351697,0.890746
1.361904,0.8863709999999999
1.372112,0.880246
1.3823189999999999,0.8741209999999999
1.3925269999999998,0.870621
1.402734,0.8644959999999999
1.412942,0.860121
1.42315,0.855746
1.433357,0.8504959999999999
1.443565,0.846996
1.4537719999999998,0.841746
1.4639799999999998,0.837371
1.474187,0.833871
1.484395,0.8286209999999999
1.494603,0.825996
1.50481,0.8216209999999999
1.494603,0.817246
1.484395,0.8146209999999999
1.474187,0.811121
1.4639799999999998,0.806746
1.4537719999999998,0.804121
1.443565,0.799746
1.433357,0.797996
1.42315,0.7936209999999999
1.412942,0.790996
1.402734,0.787496
1.3925269999999998,0.7831210000000001
1.3823189999999999,0.781371
1.372112,0.777871
1.361904,0.775246
1.351697,0.772621
1.341489,0.769121
1.331281,0.767371
1.3210739999999999,0.763871
1.3108659999999999,0.761246
1.300659,0.759496
1.290451,0.7559959999999999
1.280244,0.753371
1.270036,0.7507459999999999
1.2598289999999999,0.748121
1.2496209999999999,0.746371
1.2394129999999999,0.742871
1.229206,0.741121
1.218998,0.739371
1.208791,0.7358709999999999
1.198583,0.734996
1.1883759999999999,0.732371
1.1781679999999999,0.729746
1.1679599999999999,0.727996
1.157753,0.725371
1.147545,0.723621
1.137338,0.7218709999999999
1.12713,0.719246
1.1169229999999999,0.718371
1.106715,0.7148709999999999
1.096507,0.713996
1.0863,0.712246
1.076092,0.709621
1.065885,0.707871
1.055677,0.7052459999999999
1.04547,0.7043710000000001
1.035262,0.703496
1.025054,0.700871
1.014847,0.699996
1.004639,0.6973710000000001
0.994432,0.695621
0.984224,0.694746
0.9740169999999999,0.692121
0.9638089999999999,0.6912459999999999
0.9536009999999999,0.688621
0.943394,0.687746
0.933186,0.686871
0.922979,0.6842459999999999
0.912771,0.682496
0.9025639999999999,0.681621
0.8923559999999999,0.6789959999999999
0.8821479999999999,0.534622
0.871941,0.42524799999999996
0.861733,0.337748
0.851526,0.267748
0.841318,0.211749
0.8311109999999999,0.168874
0.8209029999999999,0.13474899999999998
0.8106949999999999,0.106749
0.800488,0.08706211200000001
0.79028,0.07043719200000001
0.780073,0.056874748
0.7698649999999999,0.04703104
0.7596579999999999,0.03849982800000001
0.74945,0.03171861
0.739242,0.025921760000000002
0.729035,0.021109282
0.718827,0.017390548000000002
0.7086199999999999,0.01356244
0.6984119999999999,-0.021543106
0.688205,-0.025412688
0.677997,-0.028005476
0.667789,-0.029411070000000004
0.657582,-0.02931587
0.647374,-0.030469466000000004
0.6371669999999999,-0.032356656
0.6269589999999999,-0.032793456
0.616752,-0.032720658
0.606544,-0.035039044
0.596336,-0.03601344
0.586129,-0.03583424
0.575921,-0.03780543200000001
0.5657139999999999,-0.039233428
0.5555059999999999,-0.039743024
0.545299,-0.04081262
0.535091,-0.042587812
0.524883,-0.043713408
0.514676,-0.044486204
0.504468,-0.046390196
0.49426099999999995,-0.047868588000000004
0.48405299999999996,-0.048994184
0.473846,-0.050202904000000007
0.463638,-0.055343504
0.45343,-0.060921604
0.443223,-0.06770282400000001
0.433015,-0.07535904
0.42280799999999996,-0.08421837600000001
0.41259999999999997,-0.09373396
0.402393,-0.10521799999999999
0.392185,-0.11867099999999998
0.38197699999999996,-0.133218
0.37177,-0.15104599999999999
0.361562,-0.171827
0.351355,-0.194905
0.341147,-0.222467
0.33094,-0.255389
0.32073199999999996,-0.29399800000000004
0.310525,-0.339389
0.300317,-0.394404
0.290109,-0.460029
0.279902,-0.537575
0.269694,-0.630981
0.25948699999999997,-0.746152
0.249279,-0.8840739999999999
0.23907199999999998,-1.0482449999999999
0.22886399999999998,-1.257806
0.218656,-1.516805
0.208449,-1.84646
0.198241,-2.264489
0.18803399999999998,-2.876987
0.17782599999999998,-3.718733
0.167619,-4.86979
0.157411,-6.619345
0.147203,-8.811211
0.136996,-11.341698999999998
0.12678799999999998,-13.702438
0.11658099999999999,-15.61518
0.106373,-16.260926
0.096166048,-14.853934
0.08595848,-11.637448
0.07575092,-8.165463
0.065543348,-5.883473
0.055335776,-4.770478
0.045128204000000005,-4.217480999999999
0.034920632,-3.835982
0.024713064,-3.538484
0.014505494,-3.265485
0.004297924,-2.862987
-0.005909646,-2.607488
-0.016117215,-2.481489
-0.026324786000000003,-2.400989
-0.036532356,-2.3589890000000002
-0.046739924,-2.344989
-0.056947496,-2.316989
-0.067155064,-2.2434890000000003
-0.077362632,-2.13149
-0.08757020800000001,-1.998491
-0.09777777600000001,-1.868991
-0.107985,-1.760492
-0.11819199999999999,-1.6764919999999999
-0.1284,-1.613492
-0.13860799999999998,-1.557493
-0.148815,-1.508493
-0.159023,-1.459493
-0.16923,-1.4069930000000002
-0.179438,-1.357993
-0.18964499999999998,-1.3194940000000002
-0.199853,-1.280994
-0.18964499999999998,-1.1899939999999998
-0.179438,-1.1304949999999998
-0.16923,-1.077995
-0.159023,-1.0289949999999999
-0.148815,-0.9904949999999999
-0.13860799999999998,-0.9589949999999999
-0.1284,-0.9239949999999999
-0.11819199999999999,-0.888996
-0.107985,-0.8644959999999999
-0.09777777600000001,-0.839996
-0.08757020800000001,-0.815496
-0.077362632,-0.790996
-0.067155064,-0.766496
-0.056947496,-0.738496
-0.046739924,-0.713996
-0.036532356,-0.6859959999999999
-0.026324786000000003,-0.6597470000000001
-0.016117215,-0.629997
-0.005909646,-0.600247
0.004297924,-0.561747
0.014505494,-0.514497
0.024713064,-0.46024699999999996
0.034920632,-0.398998
0.045128204000000005,-0.334248
0.055335776,-0.272998
0.065543348,-0.216999
0.07575092,-0.16974899999999998
0.08595848,-0.13124899999999998
0.096166048,-0.103249
0.106373,-0.08049964
0.11658099999999999,-0.06212472
0.12678799999999998,-0.047249792000000006
0.136996,-0.034124848
0.147203,-0.019906162
0.157411,-0.006343722
0.167619,0.008749961
0.17782599999999998,0.024718642000000002
0.18803399999999998,0.043202936000000004
0.198241,0.06365596800000001
0.208449,0.08585899200000001
0.218656,0.112983
0.22886399999999998,0.142733
0.23907199999999998,0.176639
0.249279,0.222795
0.25948699999999997,0.28656099999999995
0.269694,0.380842
0.279902,0.5204030000000001
0.290109,0.719246
0.300317,0.9818549999999999
0.310525,1.291494
0.32073199999999996,1.620273
0.33094,1.904866
0.341147,2.091678
0.351355,2.172615
0.361562,2.164303
0.37177,2.0925529999999997
0.38197699999999996,1.992803
0.392185,1.888241
0.402393,1.7876169999999998
0.41259999999999997,1.697929
0.42280799999999996,1.62968
0.433015,1.58243
0.443223,1.562742
0.45343,1.5850549999999999
0.463638,1.667305
0.473846,1.831804
0.48405299999999996,2.089928
0.49426099999999995,2.443426
0.504468,2.890987
0.514676,3.4076720000000003
0.524883,3.93967
0.535091,4.454605
0.545299,4.965602
0.5555059999999999,5.4801
0.5657139999999999,5.958723
0.575921,6.306971
0.586129,6.445221
0.596336,6.397096
0.606544,6.271972
0.616752,6.012098
0.6269589999999999,5.505475
0.6371669999999999,4.957726999999999
0.647374,4.515854999999999
0.657582,4.190356
0.667789,3.9497319999999996
0.677997,3.770358
0.688205,3.6321079999999997
0.6984119999999999,3.522734
0.7086199999999999,3.4387339999999997
0.718827,3.3696099999999998
0.729035,3.31186
0.739242,3.26286
0.74945,3.21911
0.7596579999999999,3.18236
0.7698649999999999,3.1508599999999998
0.780073,3.125485
0.79028,3.1062359999999996
0.800488,3.094861
0.8106949999999999,3.089611
0.8209029999999999,3.095736
0.8311109999999999,3.1132359999999997
0.841318,2.872612
0.851526,2.539238
0.861733,2.3117389999999998
0.871941,2.1393649999999997
0.8821479999999999,2.001991
0.8923559999999999,1.889991
0.9025639999999999,1.794617
0.912771,1.714117
0.922979,1.644992
0.933186,1.582867
0.943394,1.529493
0.9536009999999999,1.482243
0.9638089999999999,1.4384929999999998
0.9740169999999999,1.400868
0.984224,1.3658679999999999
0.994432,1.3334940000000002
1.004639,1.304619
1.014847,1.276619
1.025054,1.252994
1.035262,1.228494
1.04547,1.2074939999999998
1.055677,1.188244
1.065885,1.168994
1.076092,1.151494
1.0863,1.13487
1.096507,1.118245
1.106715,1.1051199999999999
1.1169229999999999,1.090245
1.12713,1.0771199999999999
1.137338,1.06487
1.147545,1.051745
1.157753,1.041245
1.1679599999999999,1.0298699999999998
1.1781679999999999,1.0193699999999999
1.1883759999999999,1.0097450000000001
1.198583,0.999245
1.208791,0.99137
1.218998,0.98262
1.229206,0.9729949999999999
1.2394129999999999,0.965995
1.2496209999999999,0.9572449999999999
1.2598289999999999,0.950245
1.270036,0.943245
1.280244,0.93537
1.290451,0.929245
1.300659,0.922245
1.3108659999999999,0.91612
1.3210739999999999,0.9099949999999999
1.331281,0.902995
1.341489,0.89862
1.351697,0.891621
1.361904,0.8863709999999999
1.372112,0.8811209999999999
1.3823189999999999,0.875871
1.3925269999999998,0.8714959999999999
1.402734,0.866246
1.412942,0.860996
1.42315,0.8574959999999999
1.433357,0.852246
1.443565,0.847871
1.4537719999999998,0.8434959999999999
1.4639799999999998,0.8382459999999999
1.474187,0.834746
1.484395,0.830371
1.494603,0.826871
1.50481,0.823371
1.494603,0.8189960000000001
1.484395,0.815496
1.474187,0.811996
1.4639799999999998,0.8076209999999999
1.4537719999999998,0.805871
1.443565,0.8006209999999999
1.433357,0.797996
1.42315,0.794496
1.412942,0.790996
1.402734,0.7883709999999999
1.3925269999999998,0.784871
1.3823189999999999,0.782246
1.372112,0.779621
1.361904,0.775246
1.351697,0.774371
1.341489,0.770871
1.331281,0.767371
1.3210739999999999,0.765621
1.3108659999999999,0.761246
1.300659,0.760371
1.290451,0.756871
1.280244,0.754246
1.270036,0.7524959999999999
1.2598289999999999,0.7489959999999999
1.2496209999999999,0.747246
1.2394129999999999,0.744621
1.229206,0.741996
1.218998,0.7402460000000001
1.208791,0.736746
1.198583,0.7358709999999999
1.1883759999999999,0.7332460000000001
1.1781679999999999,0.730621
1.1679599999999999,0.729746
1.157753,0.7271209999999999
1.147545,0.724496
1.137338,0.723621
1.12713,0.7201209999999999
1.1169229999999999,0.719246
1.106715,0.716621
1.096507,0.713996
1.0863,0.7131209999999999
1.076092,0.710496
1.065885,0.709621
1.055677,0.706996
1.04547,0.7052459999999999
1.035262,0.7043710000000001
1.025054,0.701746
1.014847,0.699996
1.004639,0.699121
0.994432,0.696496
0.984224,0.695621
0.9740169999999999,0.692996
0.9638089999999999,0.6912459999999999
0.9536009999999999,0.6903710000000001
0.943394,0.687746
0.933186,0.686871
0.922979,0.685121
0.912771,0.6833710000000001
0.9025639999999999,0.682496
0.8923559999999999,0.679871
0.8821479999999999,0.540747
0.871941,0.429623
0.861733,0.341248
0.851526,0.270373
0.841318,0.21437399999999998
0.8311109999999999,0.170624
0.8209029999999999,0.136499
0.8106949999999999,0.108499
0.800488,0.08793711200000001
0.79028,0.071312184
0.780073,0.057749744
0.7698649999999999,0.047468540000000004
0.7596579999999999,0.039156076
0.74945,0.031937358000000006
0.739242,0.026249884000000005
0.729035,0.021437404
0.718827,0.017499922
0.7086199999999999,0.013999938000000002
0.6984119999999999,-0.021621504
0.688205,-0.025317488000000003
0.677997,-0.027977476
0.667789,-0.029411070000000004
0.657582,-0.029215070000000003
0.647374,-0.030475066000000002
0.6371669999999999,-0.03230066
0.6269589999999999,-0.032743058000000005
0.616752,-0.032731856000000004
0.606544,-0.034999848
0.596336,-0.036030240000000005
0.586129,-0.035811840000000005
0.575921,-0.03778863600000001
0.5657139999999999,-0.039211028
0.5555059999999999,-0.039698224000000004
0.545299,-0.04083502
0.535091,-0.042571012
0.524883,-0.043685408
0.514676,-0.044553404000000005
0.504468,-0.046328596
0.49426099999999995,-0.047851788
0.48405299999999996,-0.048994184
0.473846,-0.049984152000000004
0.463638,-0.055343504
0.45343,-0.06103097600000001
0.443223,-0.067593448
0.433015,-0.07568716
0.42280799999999996,-0.084109008
0.41259999999999997,-0.09362458400000001
0.402393,-0.10521799999999999
0.392185,-0.118343
0.38197699999999996,-0.133218
0.37177,-0.150608
0.361562,-0.17149899999999998
0.351355,-0.194686
0.341147,-0.221811
0.33094,-0.254952
0.32073199999999996,-0.293233
0.310525,-0.338514
0.300317,-0.39342
0.290109,-0.458716
0.279902,-0.536153
0.269694,-0.628903
0.25948699999999997,-0.743746
0.249279,-0.881558
0.23907199999999998,-1.044526
0.22886399999999998,-1.2532130000000001
0.218656,-1.510462
0.208449,-1.838148
0.198241,-2.253552
0.18803399999999998,-2.859924
0.17782599999999998,-3.6929209999999997
0.167619,-4.836103
0.157411,-6.5650949999999995
0.147203,-8.750836
0.136996,-11.276950000000001
0.12678799999999998,-13.651687999999998
0.11658099999999999,-15.602931000000002
0.106373,-16.309925999999997
0.096166048,-14.979932
0.08595848,-11.791447
0.07575092,-8.291463
0.065543348,-5.963973
0.055335776,-4.8299780000000005
0.045128204000000005,-4.273480999999999
0.034920632,-3.898982
0.024713064,-3.587483
0.014505494,-3.314485
0.004297924,-2.911987
-0.005909646,-2.628488
-0.016117215,-2.491988
-0.026324786000000003,-2.411489
-0.036532356,-2.3694889999999997
-0.046739924,-2.355489
-0.056947496,-2.327489
-0.067155064,-2.25399
-0.077362632,-2.1419900000000003
-0.08757020800000001,-2.008991
-0.09777777600000001,-1.879491
-0.107985,-1.7709920000000001
-0.11819199999999999,-1.683492
-0.1284,-1.616992
-0.13860799999999998,-1.5644930000000001
-0.148815,-1.515493
-0.159023,-1.462993
-0.16923,-1.413993
-0.179438,-1.368493
-0.18964499999999998,-1.322994
-0.199853,-1.284494
-0.18964499999999998,-1.1934939999999998
-0.179438,-1.133994
-0.16923,-1.081495
-0.159023,-1.032495
-0.148815,-0.993995
-0.13860799999999998,-0.9589949999999999
-0.1284,-0.9239949999999999
-0.11819199999999999,-0.8924960000000001
-0.107985,-0.867996
-0.09777777600000001,-0.8434959999999999
-0.08757020800000001,-0.815496
-0.077362632,-0.790996
-0.067155064,-0.769996
-0.056947496,-0.741996
-0.046739924,-0.713996
-0.036532356,-0.689496
-0.026324786000000003,-0.661497
-0.016117215,-0.633497
-0.005909646,-0.600247
0.004297924,-0.563497
0.014505494,-0.514497
0.024713064,-0.46024699999999996
0.034920632,-0.397248
0.045128204000000005,-0.332498
0.055335776,-0.271248
0.065543348,-0.215249
0.07575092,-0.168874
0.08595848,-0.13124899999999998
0.096166048,-0.101499
0.106373,-0.08006214400000002
0.11658099999999999,-0.061249732
0.12678799999999998,-0.046812292000000005
0.136996,-0.033687352000000004
0.147203,-0.019468664000000004
0.157411,-0.005687475000000001
0.167619,0.009187459
0.17782599999999998,0.025593638000000002
0.18803399999999998,0.04385918
0.198241,0.064421588
0.208449,0.086952736
0.218656,0.114186
0.22886399999999998,0.144374
0.23907199999999998,0.17828
0.249279,0.22487300000000002
0.25948699999999997,0.289842
0.269694,0.385326
0.279902,0.527185
0.290109,0.728981
0.300317,0.9934479999999999
0.310525,1.304181
0.32073199999999996,1.6320860000000001
0.33094,1.914491
0.341147,2.0934280000000003
0.351355,2.172615
0.361562,2.16124
0.37177,2.087303
0.38197699999999996,1.987553
0.392185,1.882554
0.402393,1.782804
0.41259999999999997,1.693992
0.42280799999999996,1.62618
0.433015,1.580242
0.443223,1.562742
0.45343,1.5872419999999998
0.463638,1.674305
0.473846,1.844491
0.48405299999999996,2.11049
0.49426099999999995,2.471864
0.504468,2.9268609999999997
0.514676,3.451859
0.524883,3.9864819999999996
0.535091,4.507104
0.545299,5.021602
0.5555059999999999,5.5396
0.5657139999999999,6.019973
0.575921,6.362971
0.586129,6.48722
0.596336,6.425971
0.606544,6.291222
0.616752,6.014723
0.6269589999999999,5.493225000000001
0.6371669999999999,4.944603
0.647374,4.506229
0.657582,4.182481
0.667789,3.944482
0.677997,3.766858
0.688205,3.6286080000000003
0.6984119999999999,3.522734
0.7086199999999999,3.437859
0.718827,3.3696099999999998
0.729035,3.3136099999999997
0.739242,3.263735
0.74945,3.221735
0.7596579999999999,3.183235
0.7698649999999999,3.151736
0.780073,3.127236
0.79028,3.107986
0.800488,3.096611
0.8106949999999999,3.091361
0.8209029999999999,3.0983609999999997
0.8311109999999999,3.115861
0.841318,2.8559870000000003
0.851526,2.5304879999999996
0.861733,2.304739
0.871941,2.13499
0.8821479999999999,1.9976160000000003
0.8923559999999999,1.886491
0.9025639999999999,1.792867
0.912771,1.712367
0.922979,1.6441169999999998
0.933186,1.582867
0.943394,1.529493
0.9536009999999999,1.483118
0.9638089999999999,1.4384929999999998
0.9740169999999999,1.400868
0.984224,1.3667429999999998
0.994432,1.3334940000000002
1.004639,1.305494
1.014847,1.277494
1.025054,1.252994
1.035262,1.2302440000000001
1.04547,1.208369
1.055677,1.189119
1.065885,1.169869
1.076092,1.151494
1.0863,1.136619
1.096507,1.11912
1.106715,1.1059949999999998
1.1169229999999999,1.0911199999999999
1.12713,1.0771199999999999
1.137338,1.065745
1.147545,1.0526200000000001
1.157753,1.0421200000000002
1.1679599999999999,1.03162
1.1781679999999999,1.020245
1.1883759999999999,1.011495
1.198583,1.0009949999999999
1.208791,0.99137
1.218998,0.983495
1.229206,0.9738699999999999
1.2394129999999999,0.9677450000000001
1.2496209999999999,0.9589949999999999
1.2598289999999999,0.95112
1.270036,0.944995
1.280244,0.936245
1.290451,0.9301200000000001
1.300659,0.9239949999999999
1.3108659999999999,0.91612
1.3210739999999999,0.9117449999999999
1.331281,0.904745
1.341489,0.89862
1.351697,0.8933709999999999
1.361904,0.887246
1.372112,0.882871
1.3823189999999999,0.876746
1.3925269999999998,0.8723709999999999
1.402734,0.8671209999999999
1.412942,0.861871
1.42315,0.858371
1.433357,0.853121
1.443565,0.847871
1.4537719999999998,0.8452459999999999
1.4639799999999998,0.839996
1.474187,0.8364959999999999
1.484395,0.832121
1.494603,0.826871
1.50481,0.824246
1.494603,0.819871
1.484395,0.816371
1.474187,0.812871
1.4639799999999998,0.808496
1.4537719999999998,0.806746
1.443565,0.802371
1.433357,0.798871
1.42315,0.796246
1.412942,0.7918709999999999
1.402734,0.790121
1.3925269999999998,0.786621
1.3823189999999999,0.782246
1.372112,0.781371
1.361904,0.776996
1.351697,0.774371
1.341489,0.7717459999999999
1.331281,0.768246
1.3210739999999999,0.766496
1.3108659999999999,0.7629959999999999
1.300659,0.760371
1.290451,0.758621
1.280244,0.755121
1.270036,0.753371
1.2598289999999999,0.7507459999999999
1.2496209999999999,0.748121
1.2394129999999999,0.746371
1.229206,0.742871
1.218998,0.741121
1.208791,0.739371
1.198583,0.7358709999999999
1.1883759999999999,0.734996
1.1781679999999999,0.731496
1.1679599999999999,0.729746
1.157753,0.727996
1.147545,0.724496
1.137338,0.723621
1.12713,0.720996
1.1169229999999999,0.719246
1.106715,0.717496
1.096507,0.7148709999999999
1.0863,0.713996
1.076092,0.711371
1.065885,0.709621
1.055677,0.708746
1.04547,0.7052459999999999
1.035262,0.7052459999999999
1.025054,0.702621
1.014847,0.699996
1.004639,0.699996
0.994432,0.696496
0.984224,0.695621
0.9740169999999999,0.694746
0.9638089999999999,0.692121
0.9536009999999999,0.6912459999999999
0.943394,0.688621
0.933186,0.687746
0.922979,0.6859959999999999
0.912771,0.6842459999999999
0.9025639999999999,0.6833710000000001
0.8923559999999999,0.681621
0.8821479999999999,0.546872
0.871941,0.433998
0.861733,0.344748
0.851526,0.272998
0.841318,0.216999
0.8311109999999999,0.172374
0.8209029999999999,0.137374
0.8106949999999999,0.109374
0.800488,0.08837460800000001
0.79028,0.07174968000000001
0.780073,0.058187244
0.7698649999999999,0.047687288
0.7596579999999999,0.039374824
0.74945,0.032374858000000006
0.739242,0.02690613
0.729035,0.021874904
0.718827,0.017609298000000002
0.7086199999999999,0.014109313000000002
0.6984119999999999,-0.021677504
0.688205,-0.025300690000000004
0.677997,-0.027949476
0.667789,-0.029411070000000004
0.657582,-0.029192670000000004
0.647374,-0.030452666
0.6371669999999999,-0.032306258000000004
0.6269589999999999,-0.032748656
0.616752,-0.032748656
0.606544,-0.034949444
0.596336,-0.03599104
0.586129,-0.03585664000000001
0.575921,-0.037721436000000004
0.5657139999999999,-0.039239028
0.5555059999999999,-0.03970942400000001
0.545299,-0.040851820000000004
0.535091,-0.042599012
0.524883,-0.043629408
0.514676,-0.044570204
0.504468,-0.046362196
0.49426099999999995,-0.047829388
0.48405299999999996,-0.049010984
0.473846,-0.050093528000000005
0.463638,-0.055343504
0.45343,-0.06103097600000001
0.443223,-0.067484072
0.433015,-0.07568716
0.42280799999999996,-0.08399963200000002
0.41259999999999997,-0.093515208
0.402393,-0.10510800000000001
0.392185,-0.11812399999999999
0.38197699999999996,-0.133218
0.37177,-0.150389
0.361562,-0.171061
0.351355,-0.194467
0.341147,-0.22148299999999999
0.33094,-0.25462300000000004
0.32073199999999996,-0.29279499999999997
0.310525,-0.337857
0.300317,-0.39276300000000003
0.290109,-0.457622
0.279902,-0.534732
0.269694,-0.627262
0.25948699999999997,-0.741121
0.249279,-0.878605
0.23907199999999998,-1.041245
0.22886399999999998,-1.248182
0.218656,-1.504555
0.208449,-1.8293979999999999
0.198241,-2.2434890000000003
0.18803399999999998,-2.842424
0.17782599999999998,-3.667546
0.167619,-4.801541
0.157411,-6.5117199999999995
0.147203,-8.687836
0.136996,-11.2122
0.12678799999999998,-13.600938
0.11658099999999999,-15.58718
0.106373,-16.355426
0.096166048,-15.091932
0.08595848,-11.945446
0.07575092,-8.420962000000001
0.065543348,-6.047973
0.055335776,-4.885978
0.045128204000000005,-4.32598
0.034920632,-3.954982
0.024713064,-3.639983
0.014505494,-3.363485
0.004297924,-2.960986
-0.005909646,-2.649488
-0.016117215,-2.505988
-0.026324786000000003,-2.418489
-0.036532356,-2.376489
-0.046739924,-2.362489
-0.056947496,-2.3344889999999996
-0.067155064,-2.264489
-0.077362632,-2.15249
-0.08757020800000001,-2.0194900000000002
-0.09777777600000001,-1.889991
-0.107985,-1.777992
-0.11819199999999999,-1.6904919999999999
-0.1284,-1.623992
-0.13860799999999998,-1.567993
-0.148815,-1.522493
-0.159023,-1.4664929999999998
-0.16923,-1.417493
-0.179438,-1.371993
-0.18964499999999998,-1.3299940000000001
-0.199853,-1.291494
-0.18964499999999998,-1.200494
-0.179438,-1.137494
-0.16923,-1.0849950000000002
-0.159023,-1.039495
-0.148815,-0.997495
-0.13860799999999998,-0.962495
-0.1284,-0.927495
-0.11819199999999999,-0.895996
-0.107985,-0.867996
-0.09777777600000001,-0.8434959999999999
-0.08757020800000001,-0.8189960000000001
-0.077362632,-0.794496
-0.067155064,-0.769996
-0.056947496,-0.741996
-0.046739924,-0.717496
-0.036532356,-0.689496
-0.026324786000000003,-0.663247
-0.016117215,-0.635247
-0.005909646,-0.601997
0.004297924,-0.561747
0.014505494,-0.514497
0.024713064,-0.458497
0.034920632,-0.395498
0.045128204000000005,-0.33074800000000004
0.055335776,-0.267748
0.065543348,-0.213499
0.07575092,-0.167124
0.08595848,-0.12949899999999998
0.096166048,-0.101499
0.106373,-0.07918714400000001
0.11658099999999999,-0.061249732
0.12678799999999998,-0.045937296
0.136996,-0.03346860200000001
0.147203,-0.019031166
0.157411,-0.005249977000000001
0.167619,0.009624957000000002
0.17782599999999998,0.026468634
0.18803399999999998,0.04473417600000001
0.198241,0.06540596000000001
0.208449,0.088483976
0.218656,0.11528
0.22886399999999998,0.145577
0.23907199999999998,0.18003
0.249279,0.22728
0.25948699999999997,0.293342
0.269694,0.38992
0.279902,0.5342939999999999
0.290109,0.737621
0.300317,1.004167
0.310525,1.3166499999999999
0.32073199999999996,1.643023
0.33094,1.9230219999999998
0.341147,2.09824
0.351355,2.172615
0.361562,2.1586149999999997
0.37177,2.083365
0.38197699999999996,1.982303
0.392185,1.8777409999999999
0.402393,1.7775539999999999
0.41259999999999997,1.690054
0.42280799999999996,1.623117
0.433015,1.578492
0.443223,1.562742
0.45343,1.590305
0.463638,1.681305
0.473846,1.858054
0.48405299999999996,2.130178
0.49426099999999995,2.499863
0.504468,2.963174
0.514676,3.494296
0.524883,4.033294000000001
0.535091,4.557854
0.545299,5.077602
0.5555059999999999,5.598224
0.5657139999999999,6.077722
0.575921,6.413721
0.586129,6.524844999999999
0.596336,6.453096
0.606544,6.306095999999999
0.616752,6.014723
0.6269589999999999,5.4801
0.6371669999999999,4.928853
0.647374,4.4939789999999995
0.657582,4.173731
0.667789,3.9392319999999996
0.677997,3.764233
0.688205,3.6277329999999997
0.6984119999999999,3.521859
0.7086199999999999,3.436984
0.718827,3.370484
0.729035,3.314485
0.739242,3.265485
0.74945,3.22261
0.7596579999999999,3.1849849999999997
0.7698649999999999,3.15261
0.780073,3.1289860000000003
0.79028,3.108861
0.800488,3.097486
0.8106949999999999,3.093111
0.8209029999999999,3.099236
0.8311109999999999,3.118486
0.841318,2.8402369999999997
0.851526,2.521738
0.861733,2.2986139999999997
0.871941,2.12974
0.8821479999999999,1.9958660000000001
0.8923559999999999,1.882991
0.9025639999999999,1.791116
0.912771,1.710617
0.922979,1.642367
0.933186,1.582867
0.943394,1.528618
0.9536009999999999,1.4813679999999998
0.9638089999999999,1.4384929999999998
0.9740169999999999,1.399993
0.984224,1.3658679999999999
0.994432,1.3334940000000002
1.004639,1.305494
1.014847,1.2783689999999999
1.025054,1.252994
1.035262,1.2302440000000001
1.04547,1.208369
1.055677,1.189119
1.065885,1.170744
1.076092,1.152369
1.0863,1.136619
1.096507,1.12087
1.106715,1.1059949999999998
1.1169229999999999,1.09287
1.12713,1.077995
1.137338,1.06662
1.147545,1.05437
1.157753,1.0429950000000001
1.1679599999999999,1.03337
1.1781679999999999,1.02112
1.1883759999999999,1.01237
1.198583,1.002745
1.208791,0.99312
1.218998,0.985245
1.229206,0.9756199999999999
1.2394129999999999,0.9677450000000001
1.2496209999999999,0.960745
1.2598289999999999,0.951995
1.270036,0.944995
1.280244,0.937995
1.290451,0.930995
1.300659,0.92487
1.3108659999999999,0.91787
1.3210739999999999,0.9117449999999999
1.331281,0.9064949999999999
1.341489,0.899495
1.351697,0.8951209999999999
1.361904,0.8881209999999999
1.372112,0.883746
1.3823189999999999,0.878496
1.3925269999999998,0.8723709999999999
1.402734,0.868871
1.412942,0.8636210000000001
1.42315,0.858371
1.433357,0.854871
1.443565,0.848746
1.4537719999999998,0.8452459999999999
1.4639799999999998,0.840871
1.474187,0.8364959999999999
1.484395,0.833871
1.494603,0.8286209999999999
1.50481,0.825121
1.494603,0.8216209999999999
1.484395,0.817246
1.474187,0.8146209999999999
1.4639799999999998,0.810246
1.4537719999999998,0.806746
1.443565,0.804121
1.433357,0.799746
1.42315,0.797121
1.412942,0.7936209999999999
1.402734,0.790121
1.3925269999999998,0.7883709999999999
1.3823189999999999,0.783996
1.372112,0.781371
1.361904,0.7787459999999999
1.351697,0.774371
1.341489,0.773496
1.331281,0.769121
1.3210739999999999,0.767371
1.3108659999999999,0.7647459999999999
1.300659,0.761246
1.290451,0.759496
1.280244,0.7559959999999999
1.270036,0.753371
1.2598289999999999,0.751621
1.2496209999999999,0.748121
1.2394129999999999,0.747246
1.229206,0.743746
1.218998,0.741121
1.208791,0.7402460000000001
1.198583,0.736746
1.1883759999999999,0.7358709999999999
1.1781679999999999,0.7332460000000001
1.1679599999999999,0.729746
1.157753,0.7288709999999999
1.147545,0.7262460000000001
1.137338,0.724496
1.12713,0.722746
1.1169229999999999,0.7201209999999999
1.106715,0.719246
1.096507,0.715746
1.0863,0.713996
1.076092,0.7131209999999999
1.065885,0.710496
1.055677,0.709621
1.04547,0.706996
1.035262,0.7052459999999999
1.025054,0.7043710000000001
1.014847,0.700871
1.004639,0.699996
0.994432,0.6982459999999999
0.984224,0.695621
0.9740169999999999,0.695621
0.9638089999999999,0.692996
0.9536009999999999,0.6912459999999999
0.943394,0.6903710000000001
0.933186,0.687746
0.922979,0.686871
0.912771,0.685121
0.9025639999999999,0.6833710000000001
0.8923559999999999,0.682496
0.8821479999999999,0.5521219999999999
0.871941,0.437498
0.861733,0.348248
0.851526,0.275623
0.841318,0.218749
0.8311109999999999,0.174124
0.8209029999999999,0.138249
0.8106949999999999,0.111124
0.800488,0.08924960000000001
0.79028,0.072187176
0.780073,0.05862474000000001
0.7698649999999999,0.047906036000000006
0.7596579999999999,0.03959357200000001
0.74945,0.032593606000000004
0.739242,0.02668738
0.729035,0.021874904
0.718827,0.017609298000000002
0.7086199999999999,0.014218687
0.6984119999999999,-0.021649506000000002
0.688205,-0.025261488000000002
0.677997,-0.027904678000000002
0.667789,-0.029416672
0.657582,-0.029164672000000003
0.647374,-0.030435864000000003
0.6371669999999999,-0.032351058
0.6269589999999999,-0.032698258
0.616752,-0.032782254000000004
0.606544,-0.034971844
0.596336,-0.035979840000000006
0.586129,-0.03588464400000001
0.575921,-0.037704636
0.5657139999999999,-0.039250228000000005
0.5555059999999999,-0.03970942400000001
0.545299,-0.04081262
0.535091,-0.042627012000000006
0.524883,-0.043646208000000006
0.514676,-0.044536604
0.504468,-0.046378996000000006
0.49426099999999995,-0.047823788000000006
0.48405299999999996,-0.049016584
0.473846,-0.050093528000000005
0.463638,-0.055234132000000005
0.45343,-0.06114035200000001
0.443223,-0.067484072
0.433015,-0.07546841600000001
0.42280799999999996,-0.084109008
0.41259999999999997,-0.09329646400000001
0.402393,-0.10510800000000001
0.392185,-0.118015
0.38197699999999996,-0.13288999999999998
0.37177,-0.150499
0.361562,-0.170624
0.351355,-0.19413899999999998
0.341147,-0.221045
0.33094,-0.254076
0.32073199999999996,-0.292686
0.310525,-0.336873
0.300317,-0.391779
0.290109,-0.45641899999999996
0.279902,-0.533091
0.269694,-0.62584
0.25948699999999997,-0.738606
0.249279,-0.875542
0.23907199999999998,-1.037636
0.22886399999999998,-1.243588
0.218656,-1.49843
0.208449,-1.8208659999999999
0.198241,-2.232771
0.18803399999999998,-2.8258
0.17782599999999998,-3.642608
0.167619,-4.769165999999999
0.157411,-6.460096
0.147203,-8.624836
0.136996,-11.147449
0.12678799999999998,-13.548438999999998
0.11658099999999999,-15.571429
0.106373,-16.393926999999998
0.096166048,-15.203932
0.08595848,-12.099446
0.07575092,-8.550461
0.065543348,-6.131972
0.055335776,-4.945477
0.045128204000000005,-4.37848
0.034920632,-4.010982
0.024713064,-3.692483
0.014505494,-3.412484
0.004297924,-3.016986
-0.005909646,-2.6669880000000004
-0.016117215,-2.519988
-0.026324786000000003,-2.428989
-0.036532356,-2.3869890000000002
-0.046739924,-2.372989
-0.056947496,-2.3414889999999997
-0.067155064,-2.274989
-0.077362632,-2.16299
-0.08757020800000001,-2.029991
-0.09777777600000001,-1.8969909999999999
-0.107985,-1.788492
-0.11819199999999999,-1.697492
-0.1284,-1.630992
-0.13860799999999998,-1.574992
-0.148815,-1.525993
-0.159023,-1.473493
-0.16923,-1.4244929999999998
-0.179438,-1.375493
-0.18964499999999998,-1.3334940000000002
-0.199853,-1.294994
-0.18964499999999998,-1.203994
-0.179438,-1.140994
-0.16923,-1.088495
-0.159023,-1.0429950000000001
-0.148815,-1.004495
-0.13860799999999998,-0.965995
-0.1284,-0.930995
-0.11819199999999999,-0.902995
-0.107985,-0.874996
-0.09777777600000001,-0.846996
-0.08757020800000001,-0.822496
-0.077362632,-0.797996
-0.067155064,-0.773496
-0.056947496,-0.745496
-0.046739924,-0.720996
-0.036532356,-0.692996
-0.026324786000000003,-0.6649970000000001
-0.016117215,-0.635247
-0.005909646,-0.6037469999999999
0.004297924,-0.561747
0.014505494,-0.512747
0.024713064,-0.45674699999999996
0.034920632,-0.393748
0.045128204000000005,-0.328998
0.055335776,-0.26599799999999996
0.065543348,-0.211749
0.07575092,-0.16537400000000002
0.08595848,-0.128624
0.096166048,-0.101499
0.106373,-0.078749648
0.11658099999999999,-0.061249732
0.12678799999999998,-0.04549980000000001
0.136996,-0.032593606000000004
0.147203,-0.018812416000000002
0.157411,-0.004812478
0.167619,0.01017183
0.17782599999999998,0.027015506
0.18803399999999998,0.045718548000000005
0.198241,0.06595283600000001
0.208449,0.089358976
0.218656,0.11637399999999999
0.22886399999999998,0.146889
0.23907199999999998,0.181999
0.249279,0.22903
0.25948699999999997,0.296514
0.269694,0.39473199999999997
0.279902,0.540747
0.290109,0.746699
0.300317,1.0145570000000002
0.310525,1.328681
0.32073199999999996,1.65418
0.33094,1.930678
0.341147,2.102178
0.351355,2.1730519999999998
0.361562,2.15599
0.37177,2.078553
0.38197699999999996,1.976616
0.392185,1.872929
0.402393,1.7731789999999998
0.41259999999999997,1.6856790000000001
0.42280799999999996,1.620055
0.433015,1.576305
0.443223,1.562305
0.45343,1.59293
0.463638,1.688742
0.473846,1.871179
0.48405299999999996,2.1494269999999998
0.49426099999999995,2.527426
0.504468,2.998174
0.514676,3.535859
0.524883,4.079669
0.535091,4.606854
0.545299,5.130977
0.5555059999999999,5.655099
0.5657139999999999,6.133722
0.575921,6.463596
0.586129,6.561595
0.596336,6.477595999999999
0.606544,6.321847
0.616752,6.012973000000001
0.6269589999999999,5.467849999999999
0.6371669999999999,4.9157269999999995
0.647374,4.484355
0.657582,4.167606
0.667789,3.933982
0.677997,3.761608
0.688205,3.626858
0.6984119999999999,3.520984
0.7086199999999999,3.437859
0.718827,3.370484
0.729035,3.3153599999999996
0.739242,3.2663599999999997
0.74945,3.22436
0.7596579999999999,3.18761
0.7698649999999999,3.155235
0.780073,3.129861
0.79028,3.110611
0.800488,3.0983609999999997
0.8106949999999999,3.095736
0.8209029999999999,3.101861
0.8311109999999999,3.120236
0.841318,2.827112
0.851526,2.512988
0.861733,2.293364
0.871941,2.125365
0.8821479999999999,1.992366
0.8923559999999999,1.881241
0.9025639999999999,1.788492
0.912771,1.710617
0.922979,1.6414920000000002
0.933186,1.5819929999999998
0.943394,1.528618
0.9536009999999999,1.4813679999999998
0.9638089999999999,1.439368
0.9740169999999999,1.400868
0.984224,1.3658679999999999
0.994432,1.334369
1.004639,1.304619
1.014847,1.280119
1.025054,1.253869
1.035262,1.231119
1.04547,1.210119
1.055677,1.1899939999999998
1.065885,1.171619
1.076092,1.154119
1.0863,1.136619
1.096507,1.12262
1.106715,1.10687
1.1169229999999999,1.093745
1.12713,1.079745
1.137338,1.067495
1.147545,1.0561200000000002
1.157753,1.0438699999999999
1.1679599999999999,1.03337
1.1781679999999999,1.02287
1.1883759999999999,1.01237
1.198583,1.00362
1.208791,0.99312
1.218998,0.985245
1.229206,0.97737
1.2394129999999999,0.96862
1.2496209999999999,0.9616199999999999
1.2598289999999999,0.9528699999999999
1.270036,0.9458699999999999
1.280244,0.9397449999999999
1.290451,0.93187
1.300659,0.9257449999999999
1.3108659999999999,0.9187449999999999
1.3210739999999999,0.91262
1.331281,0.90737
1.341489,0.90037
1.351697,0.895996
1.361904,0.889871
1.372112,0.883746
1.3823189999999999,0.8793709999999999
1.3925269999999998,0.8741209999999999
1.402734,0.868871
1.412942,0.8644959999999999
1.42315,0.859246
1.433357,0.855746
1.443565,0.8504959999999999
1.4537719999999998,0.846121
1.4639799999999998,0.842621
1.474187,0.837371
1.484395,0.833871
1.494603,0.8294959999999999
1.50481,0.825121
1.494603,0.822496
1.484395,0.818121
1.474187,0.8146209999999999
1.4639799999999998,0.811996
1.4537719999999998,0.806746
1.443565,0.804996
1.433357,0.8006209999999999
1.42315,0.797121
1.412942,0.794496
1.402734,0.790121
1.3925269999999998,0.7883709999999999
1.3823189999999999,0.784871
1.372112,0.781371
1.361904,0.779621
1.351697,0.775246
1.341489,0.773496
1.331281,0.770871
1.3210739999999999,0.766496
1.3108659999999999,0.765621
1.300659,0.762121
1.290451,0.759496
1.280244,0.7577459999999999
1.270036,0.753371
1.2598289999999999,0.7524959999999999
1.2496209999999999,0.7489959999999999
1.2394129999999999,0.747246
1.229206,0.745496
1.218998,0.741996
1.208791,0.7402460000000001
1.198583,0.738496
1.1883759999999999,0.7358709999999999
1.1781679999999999,0.7341209999999999
1.1679599999999999,0.730621
1.157753,0.7288709999999999
1.147545,0.7271209999999999
1.137338,0.724496
1.12713,0.723621
1.1169229999999999,0.7201209999999999
1.106715,0.719246
1.096507,0.716621
1.0863,0.7148709999999999
1.076092,0.7131209999999999
1.065885,0.711371
1.055677,0.709621
1.04547,0.708746
1.035262,0.7052459999999999
1.025054,0.7052459999999999
1.014847,0.702621
1.004639,0.699996
0.994432,0.699996
0.984224,0.696496
0.9740169999999999,0.695621
0.9638089999999999,0.694746
0.9536009999999999,0.692121
0.943394,0.6912459999999999
0.933186,0.688621
0.922979,0.687746
0.912771,0.6859959999999999
0.9025639999999999,0.6842459999999999
0.8923559999999999,0.6833710000000001
0.8821479999999999,0.556497
0.871941,0.441873
0.861733,0.350873
0.851526,0.278248
0.841318,0.220499
0.8311109999999999,0.174999
0.8209029999999999,0.139999
0.8106949999999999,0.111999
0.800488,0.09012460000000001
0.79028,0.07262468000000001
0.780073,0.059499736000000004
0.7698649999999999,0.048562284000000004
0.7596579999999999,0.039812324
0.74945,0.033031104
0.739242,0.02668738
0.729035,0.022093652000000002
0.718827,0.017828046
0.7086199999999999,0.014109313000000002
0.6984119999999999,-0.021727904
0.688205,-0.025367888
0.677997,-0.027854276
0.667789,-0.029394272000000003
0.657582,-0.029237470000000005
0.647374,-0.030430266
0.6371669999999999,-0.032379055999999996
0.6269589999999999,-0.032698258
0.616752,-0.032765458000000004
0.606544,-0.035022248
0.596336,-0.03596864
0.586129,-0.035929444
0.575921,-0.037704636
0.5657139999999999,-0.039233428
0.5555059999999999,-0.039737428000000005
0.545299,-0.04075662
0.535091,-0.042621412
0.524883,-0.043663008
0.514676,-0.044486204
0.504468,-0.046406996000000006
0.49426099999999995,-0.047773392000000005
0.48405299999999996,-0.048977384000000006
0.473846,-0.050312276
0.463638,-0.05501538
0.45343,-0.060921604
0.443223,-0.067484072
0.433015,-0.07524966400000001
0.42280799999999996,-0.084109008
0.41259999999999997,-0.093187088
0.402393,-0.104671
0.392185,-0.118015
0.38197699999999996,-0.13245200000000001
0.37177,-0.15028
0.361562,-0.170405
0.351355,-0.19381099999999998
0.341147,-0.220827
0.33094,-0.253201
0.32073199999999996,-0.291811
0.310525,-0.336107
0.300317,-0.390795
0.290109,-0.455326
0.279902,-0.531341
0.269694,-0.623872
0.25948699999999997,-0.736418
0.249279,-0.872261
0.23907199999999998,-1.034354
0.22886399999999998,-1.238556
0.218656,-1.492305
0.208449,-1.812554
0.198241,-2.2218329999999997
0.18803399999999998,-2.81005
0.17782599999999998,-3.618108
0.167619,-4.7359160000000005
0.157411,-6.408471
0.147203,-8.562711
0.136996,-11.082699999999999
0.12678799999999998,-13.50119
0.11658099999999999,-15.550431000000001
0.106373,-16.435926000000002
0.096166048,-15.315930999999999
0.08595848,-12.249944999999999
0.07575092,-8.683461
0.065543348,-6.215972
0.055335776,-5.004977
0.045128204000000005,-4.43098
0.034920632,-4.059982
0.024713064,-3.7414829999999997
0.014505494,-3.4579839999999997
0.004297924,-3.069486
-0.005909646,-2.691488
-0.016117215,-2.533988
-0.026324786000000003,-2.442989
-0.036532356,-2.393989
-0.046739924,-2.376489
-0.056947496,-2.351989
-0.067155064,-2.281989
-0.077362632,-2.1734899999999997
-0.08757020800000001,-2.04049
-0.09777777600000001,-1.9074909999999998
-0.107985,-1.795491
-0.11819199999999999,-1.704492
-0.1284,-1.634492
-0.13860799999999998,-1.578492
-0.148815,-1.532993
-0.159023,-1.480493
-0.16923,-1.4279929999999998
-0.179438,-1.3789930000000001
-0.18964499999999998,-1.336994
-0.199853,-1.294994
-0.18964499999999998,-1.210994
-0.179438,-1.1444940000000001
-0.16923,-1.095495
-0.159023,-1.046495
-0.148815,-1.007995
-0.13860799999999998,-0.9694950000000001
-0.1284,-0.934495
-0.11819199999999999,-0.902995
-0.107985,-0.874996
-0.09777777600000001,-0.8504959999999999
-0.08757020800000001,-0.825996
-0.077362632,-0.801496
-0.067155064,-0.773496
-0.056947496,-0.745496
-0.046739924,-0.720996
-0.036532356,-0.696496
-0.026324786000000003,-0.6667470000000001
-0.016117215,-0.635247
-0.005909646,-0.601997
0.004297924,-0.561747
0.014505494,-0.512747
0.024713064,-0.454997
0.034920632,-0.391998
0.045128204000000005,-0.32724800000000004
0.055335776,-0.264248
0.065543348,-0.209999
0.07575092,-0.164499
0.08595848,-0.127749
0.096166048,-0.100624
0.106373,-0.078312152
0.11658099999999999,-0.05993723200000001
0.12678799999999998,-0.04549980000000001
0.136996,-0.031937358000000006
0.147203,-0.018593668
0.157411,-0.004156231
0.167619,0.010937452
0.17782599999999998,0.027562376000000003
0.18803399999999998,0.046593544
0.198241,0.06682782400000001
0.208449,0.09023397600000001
0.218656,0.117577
0.22886399999999998,0.148093
0.23907199999999998,0.183639
0.249279,0.231217
0.25948699999999997,0.299467
0.269694,0.399545
0.279902,0.546763
0.290109,0.755559
0.300317,1.024729
0.310525,1.339837
0.32073199999999996,1.6648979999999998
0.33094,1.9383350000000001
0.341147,2.106115
0.351355,2.172615
0.361562,2.15249
0.37177,2.0746149999999997
0.38197699999999996,1.972241
0.392185,1.867679
0.402393,1.768367
0.41259999999999997,1.681742
0.42280799999999996,1.616992
0.433015,1.574555
0.443223,1.562305
0.45343,1.595992
0.463638,1.695742
0.473846,1.884304
0.48405299999999996,2.1699900000000003
0.49426099999999995,2.554988
0.504468,3.033174
0.514676,3.576546
0.524883,4.1251690000000005
0.535091,4.656729
0.545299,5.1843520000000005
0.5555059999999999,5.7119740000000006
0.5657139999999999,6.189722
0.575921,6.512595
0.586129,6.5974699999999995
0.596336,6.500345
0.606544,6.336721
0.616752,6.010348
0.6269589999999999,5.4521
0.6371669999999999,4.901728
0.647374,4.472105
0.657582,4.158856
0.667789,3.928732
0.677997,3.7563579999999996
0.688205,3.624233
0.6984119999999999,3.519234
0.7086199999999999,3.437859
0.718827,3.370484
0.729035,3.3153599999999996
0.739242,3.26811
0.74945,3.22436
0.7596579999999999,3.18761
0.7698649999999999,3.15611
0.780073,3.130736
0.79028,3.1114859999999998
0.800488,3.100111
0.8106949999999999,3.096611
0.8209029999999999,3.102736
0.8311109999999999,3.121986
0.841318,2.8166119999999997
0.851526,2.505988
0.861733,2.288989
0.871941,2.121865
0.8821479999999999,1.988866
0.8923559999999999,1.880366
0.9025639999999999,1.7867419999999998
0.912771,1.708867
0.922979,1.640617
0.933186,1.581117
0.943394,1.528618
0.9536009999999999,1.480493
0.9638089999999999,1.4384929999999998
0.9740169999999999,1.400868
0.984224,1.364993
0.994432,1.3352439999999999
1.004639,1.305494
1.014847,1.2792439999999998
1.025054,1.253869
1.035262,1.2302440000000001
1.04547,1.210119
1.055677,1.1899939999999998
1.065885,1.170744
1.076092,1.154119
1.0863,1.137494
1.096507,1.12262
1.106715,1.107745
1.1169229999999999,1.09287
1.12713,1.081495
1.137338,1.067495
1.147545,1.0561200000000002
1.157753,1.0447449999999998
1.1679599999999999,1.03337
1.1781679999999999,1.023745
1.1883759999999999,1.01237
1.198583,1.00362
1.208791,0.99487
1.218998,0.985245
1.229206,0.978245
1.2394129999999999,0.9694950000000001
1.2496209999999999,0.9616199999999999
1.2598289999999999,0.9537450000000001
1.270036,0.9458699999999999
1.280244,0.9397449999999999
1.290451,0.9327449999999999
1.300659,0.9257449999999999
1.3108659999999999,0.920495
1.3210739999999999,0.91262
1.331281,0.90737
1.341489,0.901246
1.351697,0.8951209999999999
1.361904,0.890746
1.372112,0.884621
1.3823189999999999,0.8793709999999999
1.3925269999999998,0.874996
1.402734,0.868871
1.412942,0.865371
1.42315,0.860121
1.433357,0.854871
1.443565,0.851371
1.4537719999999998,0.846121
1.4639799999999998,0.842621
1.474187,0.8382459999999999
1.484395,0.832996
1.494603,0.830371
1.50481,0.825996
1.494603,0.822496
1.484395,0.8189960000000001
1.474187,0.813746
1.4639799999999998,0.811996
1.4537719999999998,0.806746
1.443565,0.804121
1.433357,0.801496
1.42315,0.796246
1.412942,0.794496
1.402734,0.790996
1.3925269999999998,0.787496
1.3823189999999999,0.7857459999999999
1.372112,0.781371
1.361904,0.779621
1.351697,0.7761210000000001
1.341489,0.772621
1.331281,0.7717459999999999
1.3210739999999999,0.767371
1.3108659999999999,0.7647459999999999
1.300659,0.762121
1.290451,0.759496
1.280244,0.7577459999999999
1.270036,0.754246
1.2598289999999999,0.751621
1.2496209999999999,0.749871
1.2394129999999999,0.747246
1.229206,0.745496
1.218998,0.742871
1.208791,0.739371
1.198583,0.738496
1.1883759999999999,0.734996
1.1781679999999999,0.7341209999999999
1.1679599999999999,0.731496
1.157753,0.7288709999999999
1.147545,0.727996
1.137338,0.724496
1.12713,0.722746
1.1169229999999999,0.720996
1.106715,0.718371
1.096507,0.717496
1.0863,0.7148709999999999
1.076092,0.7131209999999999
1.065885,0.712246
1.055677,0.708746
1.04547,0.707871
1.035262,0.706121
1.025054,0.703496
1.014847,0.702621
1.004639,0.699996
0.994432,0.699121
0.984224,0.6973710000000001
0.9740169999999999,0.694746
0.9638089999999999,0.693871
0.9536009999999999,0.692121
0.943394,0.6903710000000001
0.933186,0.689496
0.922979,0.686871
0.912771,0.686871
0.9025639999999999,0.6842459999999999
0.8923559999999999,0.682496
0.8821479999999999,0.5591219999999999
0.871941,0.443623
0.861733,0.35262299999999996
0.851526,0.279998
0.841318,0.22137400000000002
0.8311109999999999,0.175874
0.8209029999999999,0.139999
0.8106949999999999,0.111999
0.800488,0.09056209600000001
0.79028,0.07306217599999999
0.780073,0.059062236000000004
0.7698649999999999,0.048562284000000004
0.7596579999999999,0.03959357200000001
0.74945,0.032812352
0.739242,0.02690613
0.729035,0.021984278000000003
0.718827,0.017937420000000003
0.7086199999999999,0.013999938000000002
0.6984119999999999,-0.021744704000000004
0.688205,-0.025328688000000002
0.677997,-0.027943876000000003
0.667789,-0.029366270000000003
0.657582,-0.029265472000000004
0.647374,-0.030396668000000005
0.6371669999999999,-0.032373458
0.6269589999999999,-0.032782254000000004
0.616752,-0.032720658
0.606544,-0.035061444000000004
0.596336,-0.03599104
0.586129,-0.03586224400000001
0.575921,-0.037755032
0.5657139999999999,-0.039166228000000004
0.5555059999999999,-0.039771024
0.545299,-0.040801420000000005
0.535091,-0.042571012
0.524883,-0.043691008
0.514676,-0.044469404000000004
0.504468,-0.04638459600000001
0.49426099999999995,-0.047829388
0.48405299999999996,-0.048949384000000006
0.473846,-0.050202904000000007
0.463638,-0.055124752000000006
0.45343,-0.060702856000000006
0.443223,-0.067593448
0.433015,-0.07535904
0.42280799999999996,-0.08399963200000002
0.41259999999999997,-0.092968336
0.402393,-0.104671
0.392185,-0.118015
0.38197699999999996,-0.132233
0.37177,-0.149843
0.361562,-0.170296
0.351355,-0.193264
0.341147,-0.22017
0.33094,-0.252436
0.32073199999999996,-0.29082600000000003
0.310525,-0.335342
0.300317,-0.389263
0.290109,-0.454013
0.279902,-0.529482
0.269694,-0.621684
0.25948699999999997,-0.733902
0.249279,-0.869089
0.23907199999999998,-1.0307449999999998
0.22886399999999998,-1.233088
0.218656,-1.485524
0.208449,-1.804023
0.198241,-2.210021
0.18803399999999998,-2.792112
0.17782599999999998,-3.592734
0.167619,-4.701353999999999
0.157411,-6.356846
0.147203,-8.498837
0.136996,-11.01795
0.12678799999999998,-13.446939
0.11658099999999999,-15.525931000000002
0.106373,-16.474427
0.096166048,-15.424430999999998
0.08595848,-12.403944000000001
0.07575092,-8.81646
0.065543348,-6.299970999999999
0.055335776,-5.057477
0.045128204000000005,-4.47648
0.034920632,-4.105480999999999
0.024713064,-3.786983
0.014505494,-3.492984
0.004297924,-3.1114859999999998
-0.005909646,-2.7159869999999997
-0.016117215,-2.540988
-0.026324786000000003,-2.4499889999999995
-0.036532356,-2.400989
-0.046739924,-2.383489
-0.056947496,-2.3589890000000002
-0.067155064,-2.288989
-0.077362632,-2.18399
-0.08757020800000001,-2.05099
-0.09777777600000001,-1.914491
-0.107985,-1.802492
-0.11819199999999999,-1.711492
-0.1284,-1.6414920000000002
-0.13860799999999998,-1.585492
-0.148815,-1.536493
-0.159023,-1.487493
-0.16923,-1.434993
-0.179438,-1.385993
-0.18964499999999998,-1.343994
-0.199853,-1.301994
-0.18964499999999998,-1.214494
-0.179438,-1.147994
-0.16923,-1.098995
-0.159023,-1.053495
-0.148815,-1.007995
-0.13860799999999998,-0.9729949999999999
-0.1284,-0.937995
-0.11819199999999999,-0.9064949999999999
-0.107985,-0.878496
-0.09777777600000001,-0.853996
-0.08757020800000001,-0.8294959999999999
-0.077362632,-0.804996
-0.067155064,-0.776996
-0.056947496,-0.7524959999999999
-0.046739924,-0.720996
-0.036532356,-0.696496
-0.026324786000000003,-0.668497
-0.016117215,-0.636997
-0.005909646,-0.6037469999999999
0.004297924,-0.561747
0.014505494,-0.510997
0.024713064,-0.45324699999999996
0.034920632,-0.390248
0.045128204000000005,-0.323748
0.055335776,-0.26249799999999995
0.065543348,-0.208249
0.07575092,-0.16362400000000002
0.08595848,-0.127749
0.096166048,-0.09887456800000001
0.106373,-0.07787465600000001
0.11658099999999999,-0.059499736000000004
0.12678799999999998,-0.045062300000000007
0.136996,-0.03171861
0.147203,-0.017937420000000003
0.157411,-0.004156231
0.167619,0.011703073000000001
0.17782599999999998,0.028218626000000004
0.18803399999999998,0.04735916400000001
0.198241,0.067921568
0.208449,0.09099960000000001
0.218656,0.11878
0.22886399999999998,0.14918599999999999
0.23907199999999998,0.18517099999999997
0.249279,0.23351399999999997
0.25948699999999997,0.30241999999999997
0.269694,0.40402899999999997
0.279902,0.552888
0.290109,0.763762
0.300317,1.035011
0.310525,1.3501180000000002
0.32073199999999996,1.674742
0.33094,1.9448969999999999
0.341147,2.10874
0.351355,2.172615
0.361562,2.14899
0.37177,2.0693650000000003
0.38197699999999996,1.966991
0.392185,1.862429
0.402393,1.763992
0.41259999999999997,1.677367
0.42280799999999996,1.6139299999999999
0.433015,1.572805
0.443223,1.5614299999999999
0.45343,1.59818
0.463638,1.7018669999999998
0.473846,1.896553
0.48405299999999996,2.188802
0.49426099999999995,2.5808009999999997
0.504468,3.0672979999999996
0.514676,3.616358
0.524883,4.166731
0.535091,4.702229
0.545299,5.2342260000000005
0.5555059999999999,5.765349
0.5657139999999999,6.241347
0.575921,6.554595
0.586129,6.62897
0.596336,6.520471
0.606544,6.342846
0.616752,6.000723
0.6269589999999999,5.433726
0.6371669999999999,4.885978
0.647374,4.459854999999999
0.657582,4.150106
0.667789,3.922607
0.677997,3.751983
0.688205,3.620733
0.6984119999999999,3.516609
0.7086199999999999,3.435234
0.718827,3.3696099999999998
0.729035,3.3136099999999997
0.739242,3.2663599999999997
0.74945,3.223485
0.7596579999999999,3.18586
0.7698649999999999,3.1543609999999997
0.780073,3.1289860000000003
0.79028,3.109736
0.800488,3.0983609999999997
0.8106949999999999,3.094861
0.8209029999999999,3.101861
0.8311109999999999,3.1211109999999995
0.841318,2.806987
0.851526,2.4989879999999998
0.861733,2.2837389999999997
0.871941,2.11924
0.8821479999999999,1.985366
0.8923559999999999,1.8777409999999999
0.9025639999999999,1.785867
0.912771,1.707117
0.922979,1.639742
0.933186,1.578492
0.943394,1.5277429999999999
0.9536009999999999,1.480493
0.9638089999999999,1.4376179999999998
0.9740169999999999,1.399993
0.984224,1.364993
0.994432,1.334369
1.004639,1.305494
1.014847,1.277494
1.025054,1.253869
1.035262,1.231119
1.04547,1.209244
1.055677,1.190869
1.065885,1.170744
1.076092,1.154994
1.0863,1.137494
1.096507,1.12262
1.106715,1.107745
1.1169229999999999,1.09287
1.12713,1.08062
1.137338,1.06837
1.147545,1.055245
1.157753,1.04562
1.1679599999999999,1.03337
1.1781679999999999,1.023745
1.1883759999999999,1.0141200000000001
1.198583,1.00362
1.208791,0.995745
1.218998,0.9861199999999999
1.229206,0.97737
1.2394129999999999,0.9694950000000001
1.2496209999999999,0.960745
1.2598289999999999,0.9537450000000001
1.270036,0.946745
1.280244,0.93887
1.290451,0.93362
1.300659,0.9257449999999999
1.3108659999999999,0.91962
1.3210739999999999,0.913495
1.331281,0.9064949999999999
1.341489,0.90212
1.351697,0.8951209999999999
1.361904,0.890746
1.372112,0.8854960000000001
1.3823189999999999,0.8793709999999999
1.3925269999999998,0.874996
1.402734,0.869746
1.412942,0.8644959999999999
1.42315,0.860996
1.433357,0.854871
1.443565,0.851371
1.4537719999999998,0.846996
1.4639799999999998,0.841746
1.474187,0.839121
1.484395,0.833871
1.494603,0.830371
1.50481,0.826871
1.494603,0.8216209999999999
1.484395,0.8189960000000001
1.474187,0.8146209999999999
1.4639799999999998,0.811121
1.4537719999999998,0.808496
1.443565,0.804121
1.433357,0.801496
1.42315,0.797996
1.412942,0.7936209999999999
1.402734,0.7918709999999999
1.3925269999999998,0.787496
1.3823189999999999,0.784871
1.372112,0.782246
1.361904,0.7787459999999999
1.351697,0.776996
1.341489,0.773496
1.331281,0.770871
1.3210739999999999,0.768246
1.3108659999999999,0.7647459999999999
1.300659,0.7629959999999999
1.290451,0.759496
1.280244,0.7577459999999999
1.270036,0.755121
1.2598289999999999,0.751621
1.2496209999999999,0.749871
1.2394129999999999,0.747246
1.229206,0.744621
1.218998,0.742871
1.208791,0.739371
1.198583,0.738496
1.1883759999999999,0.7358709999999999
1.1781679999999999,0.7332460000000001
1.1679599999999999,0.732371
1.157753,0.7288709999999999
1.147545,0.7271209999999999
1.137338,0.725371
1.12713,0.722746
1.1169229999999999,0.7218709999999999
1.106715,0.719246
1.096507,0.716621
1.0863,0.715746
1.076092,0.7131209999999999
1.065885,0.712246
1.055677,0.709621
1.04547,0.707871
1.035262,0.706996
1.025054,0.703496
1.014847,0.702621
1.004639,0.700871
0.994432,0.6982459999999999
0.984224,0.6982459999999999
0.9740169999999999,0.695621
0.9638089999999999,0.693871
0.9536009999999999,0.692996
0.943394,0.6903710000000001
0.933186,0.689496
0.922979,0.686871
0.912771,0.6859959999999999
0.9025639999999999,0.685121
0.8923559999999999,0.682496
0.8821479999999999,0.561747
0.871941,0.44624800000000003
0.861733,0.354373
0.851526,0.280873
0.841318,0.22312400000000002
0.8311109999999999,0.176749
0.8209029999999999,0.140874
0.8106949999999999,0.112874
0.800488,0.09056209600000001
0.79028,0.073499672
0.780073,0.059499736000000004
0.7698649999999999,0.048781032
0.7596579999999999,0.04003107200000001
0.74945,0.032812352
0.739242,0.02712488
0.729035,0.021984278000000003
0.718827,0.018046794
0.7086199999999999,0.014218687
0.6984119999999999,-0.021828704
0.688205,-0.02523349
0.677997,-0.027949476
0.667789,-0.029355070000000004
0.657582,-0.029243072000000002
0.647374,-0.030480664000000005
0.6371669999999999,-0.032323058
0.6269589999999999,-0.032782254000000004
0.616752,-0.032715054
0.606544,-0.034999848
0.596336,-0.03599104
0.586129,-0.03587344
0.575921,-0.037771836
0.5657139999999999,-0.039194228
0.5555059999999999,-0.039670228
0.545299,-0.04083502
0.535091,-0.042565412000000004
0.524883,-0.043646208000000006
0.514676,-0.044525404000000005
0.504468,-0.046294996000000005
0.49426099999999995,-0.04781819200000001
0.48405299999999996,-0.048921384
0.473846,-0.05048938000000001
0.463638,-0.05545288
0.45343,-0.06081222800000001
0.443223,-0.06737470400000001
0.433015,-0.07524966400000001
0.42280799999999996,-0.083562128
0.41259999999999997,-0.093077712
0.402393,-0.104452
0.392185,-0.117577
0.38197699999999996,-0.13201500000000002
0.37177,-0.14929599999999998
0.361562,-0.16985799999999998
0.351355,-0.192717
0.341147,-0.219405
0.33094,-0.251998
0.32073199999999996,-0.289951
0.310525,-0.334248
0.300317,-0.38817
0.290109,-0.452372
0.279902,-0.528169
0.269694,-0.6191690000000001
0.25948699999999997,-0.731496
0.249279,-0.8659169999999999
0.23907199999999998,-1.026479
0.22886399999999998,-1.228494
0.218656,-1.4787430000000001
0.208449,-1.7959289999999999
0.198241,-2.199302
0.18803399999999998,-2.774612
0.17782599999999998,-3.569109
0.167619,-4.668541
0.157411,-6.306095999999999
0.147203,-8.437587
0.136996,-10.954949999999998
0.12678799999999998,-13.39969
0.11658099999999999,-15.510180000000002
0.106373,-16.509425999999998
0.096166048,-15.53293
0.08595848,-12.554444
0.07575092,-8.949459
0.065543348,-6.383971
0.055335776,-5.109977
0.045128204000000005,-4.51498
0.034920632,-4.140481
0.024713064,-3.818483
0.014505494,-3.5244839999999997
0.004297924,-3.146485
-0.005909646,-2.7404870000000003
-0.016117215,-2.551488
-0.026324786000000003,-2.4569889999999996
-0.036532356,-2.407989
-0.046739924,-2.390489
-0.056947496,-2.362489
-0.067155064,-2.299489
-0.077362632,-2.19099
-0.08757020800000001,-2.0579899999999998
-0.09777777600000001,-1.9249910000000001
-0.107985,-1.809491
-0.11819199999999999,-1.718492
-0.1284,-1.644992
-0.13860799999999998,-1.592492
-0.148815,-1.543493
-0.159023,-1.490993
-0.16923,-1.4384929999999998
-0.179438,-1.389493
-0.18964499999999998,-1.347494
-0.199853,-1.308994
-0.18964499999999998,-1.217994
-0.179438,-1.154994
-0.16923,-1.098995
-0.159023,-1.053495
-0.148815,-1.011495
-0.13860799999999998,-0.976495
-0.1284,-0.941495
-0.11819199999999999,-0.9099949999999999
-0.107985,-0.881996
-0.09777777600000001,-0.853996
-0.08757020800000001,-0.8294959999999999
-0.077362632,-0.804996
-0.067155064,-0.776996
-0.056947496,-0.7524959999999999
-0.046739924,-0.724496
-0.036532356,-0.696496
-0.026324786000000003,-0.668497
-0.016117215,-0.638747
-0.005909646,-0.6037469999999999
0.004297924,-0.561747
0.014505494,-0.510997
0.024713064,-0.45324699999999996
0.034920632,-0.388498
0.045128204000000005,-0.321998
0.055335776,-0.26249799999999995
0.065543348,-0.208249
0.07575092,-0.162749
0.08595848,-0.12687400000000001
0.096166048,-0.09799956800000001
0.106373,-0.07743716
0.11658099999999999,-0.059499736000000004
0.12678799999999998,-0.044624800000000006
0.136996,-0.03171861
0.147203,-0.017499922
0.157411,-0.0032812350000000004
0.167619,0.011921822
0.17782599999999998,0.028874872
0.18803399999999998,0.047687288
0.198241,0.06890594400000001
0.208449,0.09209334400000001
0.218656,0.11976499999999998
0.22886399999999998,0.15082700000000002
0.23907199999999998,0.186264
0.249279,0.235811
0.25948699999999997,0.305811
0.269694,0.408076
0.279902,0.55956
0.290109,0.771418
0.300317,1.044417
0.310525,1.3608369999999999
0.32073199999999996,1.683929
0.33094,1.951897
0.341147,2.1113649999999997
0.351355,2.1717400000000002
0.361562,2.146802
0.37177,2.0654280000000003
0.38197699999999996,1.9621779999999998
0.392185,1.857616
0.402393,1.759617
0.41259999999999997,1.674742
0.42280799999999996,1.610867
0.433015,1.5710549999999999
0.443223,1.561868
0.45343,1.6008049999999998
0.463638,1.709304
0.473846,1.908804
0.48405299999999996,2.20849
0.49426099999999995,2.607488
0.504468,3.100548
0.514676,3.6557329999999997
0.524883,4.208293
0.535091,4.749478
0.545299,5.2849759999999995
0.5555059999999999,5.816974
0.5657139999999999,6.292971
0.575921,6.5974699999999995
0.586129,6.657845
0.596336,6.539721
0.606544,6.3524709999999995
0.616752,5.996348
0.6269589999999999,5.4171000000000005
0.6371669999999999,4.871103
0.647374,4.4502299999999995
0.657582,4.142231
0.667789,3.917357
0.677997,3.748483
0.688205,3.618108
0.6984119999999999,3.514859
0.7086199999999999,3.434359
0.718827,3.368735
0.729035,3.3136099999999997
0.739242,3.26461
0.74945,3.22261
0.7596579999999999,3.1849849999999997
0.7698649999999999,3.153485
0.780073,3.1281109999999996
0.79028,3.108861
0.800488,3.097486
0.8106949999999999,3.093986
0.8209029999999999,3.101861
0.8311109999999999,3.121986
0.841318,2.7982370000000003
0.851526,2.4946129999999997
0.861733,2.279364
0.871941,2.116615
0.8821479999999999,1.9844909999999998
0.8923559999999999,1.8751159999999998
0.9025639999999999,1.7849920000000001
0.912771,1.7053669999999999
0.922979,1.638867
0.933186,1.579367
0.943394,1.525993
0.9536009999999999,1.480493
0.9638089999999999,1.4376179999999998
0.9740169999999999,1.399993
0.984224,1.3667429999999998
0.994432,1.3334940000000002
1.004639,1.306369
1.014847,1.2792439999999998
1.025054,1.253869
1.035262,1.231994
1.04547,1.209244
1.055677,1.190869
1.065885,1.171619
1.076092,1.154119
1.0863,1.139244
1.096507,1.12262
1.106715,1.107745
1.1169229999999999,1.09462
1.12713,1.08062
1.137338,1.069245
1.147545,1.0561200000000002
1.157753,1.0447449999999998
1.1679599999999999,1.03512
1.1781679999999999,1.02287
1.1883759999999999,1.0141200000000001
1.198583,1.00362
1.208791,0.99487
1.218998,0.9869949999999998
1.229206,0.97737
1.2394129999999999,0.9694950000000001
1.2496209999999999,0.962495
1.2598289999999999,0.9537450000000001
1.270036,0.9476199999999999
1.280244,0.9397449999999999
1.290451,0.93362
1.300659,0.92662
1.3108659999999999,0.91962
1.3210739999999999,0.91437
1.331281,0.90737
1.341489,0.901246
1.351697,0.89687
1.361904,0.889871
1.372112,0.8854960000000001
1.3823189999999999,0.880246
1.3925269999999998,0.874996
1.402734,0.870621
1.412942,0.8644959999999999
1.42315,0.860996
1.433357,0.855746
1.443565,0.851371
1.4537719999999998,0.847871
1.4639799999999998,0.842621
1.474187,0.8382459999999999
1.484395,0.834746
1.494603,0.8294959999999999
1.50481,0.826871
1.494603,0.822496
1.484395,0.8189960000000001
1.474187,0.815496
1.4639799999999998,0.811121
1.4537719999999998,0.809371
1.443565,0.804996
1.433357,0.801496
1.42315,0.798871
1.412942,0.794496
1.402734,0.7918709999999999
1.3925269999999998,0.789246
1.3823189999999999,0.784871
1.372112,0.7831210000000001
1.361904,0.779621
1.351697,0.7761210000000001
1.341489,0.773496
1.331281,0.769996
1.3210739999999999,0.768246
1.3108659999999999,0.765621
1.300659,0.7629959999999999
1.290451,0.761246
1.280244,0.756871
1.270036,0.755121
1.2598289999999999,0.7524959999999999
1.2496209999999999,0.749871
1.2394129999999999,0.748121
1.229206,0.745496
1.218998,0.743746
1.208791,0.741121
1.198583,0.738496
1.1883759999999999,0.736746
1.1781679999999999,0.7332460000000001
1.1679599999999999,0.731496
1.157753,0.729746
1.147545,0.7271209999999999
1.137338,0.725371
1.12713,0.723621
1.1169229999999999,0.7218709999999999
1.106715,0.7201209999999999
1.096507,0.717496
1.0863,0.715746
1.076092,0.7131209999999999
1.065885,0.711371
1.055677,0.710496
1.04547,0.707871
1.035262,0.706121
1.025054,0.7043710000000001
1.014847,0.702621
1.004639,0.701746
0.994432,0.699121
0.984224,0.6973710000000001
0.9740169999999999,0.696496
0.9638089999999999,0.693871
0.9536009999999999,0.692996
0.943394,0.6903710000000001
0.933186,0.689496
0.922979,0.688621
0.912771,0.6859959999999999
0.9025639999999999,0.685121
0.8923559999999999,0.6833710000000001
0.8821479999999999,0.564372
0.871941,0.447998
0.861733,0.356123
0.851526,0.282623
0.841318,0.223999
0.8311109999999999,0.177624
0.8209029999999999,0.141749
0.8106949999999999,0.112874
0.800488,0.09143709600000001
0.79028,0.073499672
0.780073,0.05993723200000001
0.7698649999999999,0.048781032
0.7596579999999999,0.04046857200000001
0.74945,0.033031104
0.739242,0.02712488
0.729035,0.022203026
0.718827,0.018046794
0.7086199999999999,0.014437436
0.6984119999999999,-0.021890302000000004
0.688205,-0.02523349
0.677997,-0.027887876000000002
0.667789,-0.029411070000000004
0.657582,-0.029159072000000005
0.647374,-0.030469466000000004
0.6371669999999999,-0.032306258000000004
0.6269589999999999,-0.032748656
0.616752,-0.032765458000000004
0.606544,-0.034966244
0.596336,-0.036019044
0.586129,-0.03586224400000001
0.575921,-0.037760632
0.5657139999999999,-0.03922222400000001
0.5555059999999999,-0.03965902400000001
0.545299,-0.040801420000000005
0.535091,-0.042576612
0.524883,-0.043618208
0.514676,-0.044497404000000004
0.504468,-0.046328596
0.49426099999999995,-0.047784588
0.48405299999999996,-0.048960584
0.473846,-0.049765404000000006
0.463638,-0.055124752000000006
0.45343,-0.060702856000000006
0.443223,-0.06704658000000001
0.433015,-0.07503092
0.42280799999999996,-0.083562128
0.41259999999999997,-0.092640216
0.402393,-0.104452
0.392185,-0.11724899999999999
0.38197699999999996,-0.131905
0.37177,-0.14907700000000002
0.361562,-0.169421
0.351355,-0.192499
0.341147,-0.218967
0.33094,-0.251452
0.32073199999999996,-0.289186
0.310525,-0.333264
0.300317,-0.387295
0.290109,-0.450732
0.279902,-0.5266379999999999
0.269694,-0.617419
0.25948699999999997,-0.728652
0.249279,-0.863183
0.23907199999999998,-1.022761
0.22886399999999998,-1.2239
0.218656,-1.472618
0.208449,-1.7869599999999999
0.198241,-2.18924
0.18803399999999998,-2.7588619999999997
0.17782599999999998,-3.5454839999999996
0.167619,-4.637479
0.157411,-6.257096
0.147203,-8.379837
0.136996,-10.891950999999999
0.12678799999999998,-13.34719
0.11658099999999999,-15.49093
0.106373,-16.551426
0.096166048,-15.63793
0.08595848,-12.704943
0.07575092,-9.082459
0.065543348,-6.471470999999999
0.055335776,-5.158976999999999
0.045128204000000005,-4.5499789999999996
0.034920632,-4.171981
0.024713064,-3.8499820000000002
0.014505494,-3.548984
0.004297924,-3.177985
-0.005909646,-2.764987
-0.016117215,-2.5654879999999998
-0.026324786000000003,-2.467488
-0.036532356,-2.4149890000000003
-0.046739924,-2.3974889999999998
-0.056947496,-2.372989
-0.067155064,-2.3064889999999996
-0.077362632,-2.20149
-0.08757020800000001,-2.0684899999999997
-0.09777777600000001,-1.9354909999999999
-0.107985,-1.816491
-0.11819199999999999,-1.725492
-0.1284,-1.651992
-0.13860799999999998,-1.595992
-0.148815,-1.546993
-0.159023,-1.494493
-0.16923,-1.4419929999999999
-0.179438,-1.396493
-0.18964499999999998,-1.3509939999999998
-0.199853,-1.312494
-0.18964499999999998,-1.2214939999999999
-0.179438,-1.1584940000000001
-0.16923,-1.1059949999999998
-0.159023,-1.0569950000000001
-0.148815,-1.0149949999999999
-0.13860799999999998,-0.9799950000000001
-0.1284,-0.944995
-0.11819199999999999,-0.913495
-0.107985,-0.8854960000000001
-0.09777777600000001,-0.8574959999999999
-0.08757020800000001,-0.832996
-0.077362632,-0.808496
-0.067155064,-0.783996
-0.056947496,-0.7559959999999999
-0.046739924,-0.727996
-0.036532356,-0.699996
-0.026324786000000003,-0.6702469999999999
-0.016117215,-0.638747
-0.005909646,-0.605497
0.004297924,-0.563497
0.014505494,-0.510997
0.024713064,-0.45149700000000004
0.034920632,-0.388498
0.045128204000000005,-0.321998
0.055335776,-0.25899799999999995
0.065543348,-0.206499
0.07575092,-0.161874
0.08595848,-0.125999
0.096166048,-0.09887456800000001
0.106373,-0.07656216
0.11658099999999999,-0.059062236000000004
0.12678799999999998,-0.044187304000000004
0.136996,-0.031281112
0.147203,-0.016843676000000002
0.157411,-0.0026249880000000004
0.167619,0.012468694
0.17782599999999998,0.029640494
0.18803399999999998,0.048452912
0.198241,0.06934344800000002
0.208449,0.093077712
0.218656,0.12064
0.22886399999999998,0.15203
0.23907199999999998,0.187796
0.249279,0.237452
0.25948699999999997,0.308654
0.269694,0.41234099999999996
0.279902,0.5654659999999999
0.290109,0.779512
0.300317,1.053495
0.310525,1.371118
0.32073199999999996,1.6928979999999998
0.33094,1.958022
0.341147,2.1139900000000003
0.351355,2.170427
0.361562,2.14374
0.37177,2.061053
0.38197699999999996,1.957366
0.392185,1.853679
0.402393,1.755679
0.41259999999999997,1.6708049999999999
0.42280799999999996,1.608242
0.433015,1.5697429999999999
0.443223,1.562305
0.45343,1.602992
0.463638,1.716742
0.473846,1.921928
0.48405299999999996,2.226865
0.49426099999999995,2.6332999999999998
0.504468,3.132923
0.514676,3.693358
0.524883,4.250293
0.535091,4.793228
0.545299,5.333101
0.5555059999999999,5.868599
0.5657139999999999,6.341096
0.575921,6.63772
0.586129,6.6858450000000005
0.596336,6.55547
0.606544,6.3585959999999995
0.616752,5.988473
0.6269589999999999,5.402226
0.6371669999999999,4.855353
0.647374,4.437105
0.657582,4.134356
0.667789,3.911232
0.677997,3.744108
0.688205,3.614608
0.6984119999999999,3.5122340000000003
0.7086199999999999,3.432609
0.718827,3.366984
0.729035,3.31186
0.739242,3.263735
0.74945,3.22086
0.7596579999999999,3.18411
0.7698649999999999,3.15261
0.780073,3.127236
0.79028,3.1071109999999997
0.800488,3.096611
0.8106949999999999,3.093111
0.8209029999999999,3.1009860000000002
0.8311109999999999,3.121986
0.841318,2.7886119999999996
0.851526,2.490239
0.861733,2.2767389999999996
0.871941,2.113115
0.8821479999999999,1.982741
0.8923559999999999,1.873366
0.9025639999999999,1.782367
0.912771,1.7053669999999999
0.922979,1.637117
0.933186,1.578492
0.943394,1.525993
0.9536009999999999,1.479618
0.9638089999999999,1.4376179999999998
0.9740169999999999,1.3991179999999999
0.984224,1.3658679999999999
0.994432,1.3334940000000002
1.004639,1.304619
1.014847,1.2792439999999998
1.025054,1.253869
1.035262,1.231119
1.04547,1.210119
1.055677,1.1899939999999998
1.065885,1.1724940000000001
1.076092,1.154119
1.0863,1.138369
1.096507,1.12262
1.106715,1.107745
1.1169229999999999,1.09462
1.12713,1.08062
1.137338,1.069245
1.147545,1.0569950000000001
1.157753,1.0447449999999998
1.1679599999999999,1.03512
1.1781679999999999,1.023745
1.1883759999999999,1.0141200000000001
1.198583,1.0053699999999999
1.208791,0.99487
1.218998,0.9869949999999998
1.229206,0.978245
1.2394129999999999,0.9694950000000001
1.2496209999999999,0.962495
1.2598289999999999,0.9537450000000001
1.270036,0.9476199999999999
1.280244,0.94062
1.290451,0.9327449999999999
1.300659,0.92662
1.3108659999999999,0.91962
1.3210739999999999,0.913495
1.331281,0.908245
1.341489,0.90212
1.351697,0.89687
1.361904,0.890746
1.372112,0.8854960000000001
1.3823189999999999,0.8811209999999999
1.3925269999999998,0.8741209999999999
1.402734,0.870621
1.412942,0.865371
1.42315,0.860121
1.433357,0.8566210000000001
1.443565,0.851371
1.4537719999999998,0.847871
1.4639799999999998,0.8434959999999999
1.474187,0.8382459999999999
1.484395,0.835621
1.494603,0.830371
1.50481,0.825996
1.494603,0.823371
1.484395,0.8189960000000001
1.474187,0.815496
1.4639799999999998,0.811996
1.4537719999999998,0.808496
1.443565,0.805871
1.433357,0.8006209999999999
1.42315,0.797996
1.412942,0.7953709999999999
1.402734,0.7918709999999999
1.3925269999999998,0.789246
1.3823189999999999,0.7857459999999999
1.372112,0.782246
1.361904,0.779621
1.351697,0.7761210000000001
1.341489,0.774371
1.331281,0.770871
1.3210739999999999,0.768246
1.3108659999999999,0.766496
1.300659,0.762121
1.290451,0.761246
1.280244,0.7577459999999999
1.270036,0.755121
1.2598289999999999,0.753371
1.2496209999999999,0.749871
1.2394129999999999,0.748121
1.229206,0.745496
1.218998,0.742871
1.208791,0.741121
1.198583,0.738496
1.1883759999999999,0.7358709999999999
1.1781679999999999,0.7341209999999999
1.1679599999999999,0.731496
1.157753,0.729746
1.147545,0.7271209999999999
1.137338,0.725371
1.12713,0.723621
1.1169229999999999,0.720996
1.106715,0.7201209999999999
1.096507,0.717496
1.0863,0.7148709999999999
1.076092,0.713996
1.065885,0.711371
1.055677,0.710496
1.04547,0.707871
1.035262,0.706121
1.025054,0.7052459999999999
1.014847,0.702621
1.004639,0.700871
0.994432,0.699996
0.984224,0.696496
0.9740169999999999,0.696496
0.9638089999999999,0.693871
0.9536009999999999,0.692121
0.943394,0.6912459999999999
0.933186,0.688621
0.922979,0.688621
0.912771,0.6859959999999999
0.9025639999999999,0.6842459999999999
0.8923559999999999,0.6833710000000001
0.8821479999999999,0.566997
0.871941,0.449747
0.861733,0.357873
0.851526,0.283498
0.841318,0.22487300000000002
0.8311109999999999,0.178499
0.8209029999999999,0.141749
0.8106949999999999,0.11374899999999999
0.800488,0.09143709600000001
0.79028,0.07393717600000001
0.780073,0.05993723200000001
0.7698649999999999,0.048999784000000005
0.7596579999999999,0.04046857200000001
0.74945,0.033031104
0.739242,0.02712488
0.729035,0.022312400000000003
0.718827,0.018046794
0.7086199999999999,0.014328061000000001
0.6984119999999999,-0.021907104000000004
0.688205,-0.025278290000000002
0.677997,-0.027859878000000005
0.667789,-0.029394272000000003
0.657582,-0.029192670000000004
0.647374,-0.030396668000000005
0.6371669999999999,-0.032373458
0.6269589999999999,-0.032698258
0.616752,-0.032782254000000004
0.606544,-0.034994244
0.596336,-0.035979840000000006
0.586129,-0.035918240000000004
0.575921,-0.037710232
0.5657139999999999,-0.039244624000000006
0.5555059999999999,-0.039765424
0.545299,-0.040773420000000005
0.535091,-0.042615812
0.524883,-0.043595808
0.514676,-0.044469404000000004
0.504468,-0.046362196
0.49426099999999995,-0.047722992
0.48405299999999996,-0.048966184
0.473846,-0.049874776
0.463638,-0.05468726
0.45343,-0.06103097600000001
0.443223,-0.06704658000000001
0.433015,-0.07503092
0.42280799999999996,-0.083452752
0.41259999999999997,-0.09242146400000001
0.402393,-0.104233
0.392185,-0.11703
0.38197699999999996,-0.131468
0.37177,-0.148968
0.361562,-0.168655
0.351355,-0.19195199999999998
0.341147,-0.21852999999999997
0.33094,-0.250577
0.32073199999999996,-0.288639
0.310525,-0.332061
0.300317,-0.386092
0.290109,-0.44941899999999996
0.279902,-0.524669
0.269694,-0.6154499999999999
0.25948699999999997,-0.726137
0.249279,-0.860011
0.23907199999999998,-1.019261
0.22886399999999998,-1.218869
0.218656,-1.46693
0.208449,-1.779304
0.198241,-2.178521
0.18803399999999998,-2.743112
0.17782599999999998,-3.521859
0.167619,-4.608166
0.157411,-6.210722
0.147203,-8.321212000000001
0.136996,-10.832452
0.12678799999999998,-13.29819
0.11658099999999999,-15.471679999999997
0.106373,-16.582926
0.096166048,-15.746428999999997
0.08595848,-12.858941999999999
0.07575092,-9.218959
0.065543348,-6.55547
0.055335776,-5.211476
0.045128204000000005,-4.584979000000001
0.034920632,-4.203481
0.024713064,-3.881482
0.014505494,-3.576984
0.004297924,-3.209485
-0.005909646,-2.796487
-0.016117215,-2.579488
-0.026324786000000003,-2.477989
-0.036532356,-2.421989
-0.046739924,-2.404489
-0.056947496,-2.379989
-0.067155064,-2.316989
-0.077362632,-2.2119899999999997
-0.08757020800000001,-2.07899
-0.09777777600000001,-1.942491
-0.107985,-1.826991
-0.11819199999999999,-1.732492
-0.1284,-1.6589919999999998
-0.13860799999999998,-1.599492
-0.148815,-1.5504930000000001
-0.159023,-1.501493
-0.16923,-1.448993
-0.179438,-1.399993
-0.18964499999999998,-1.357993
-0.199853,-1.315994
-0.18964499999999998,-1.224994
-0.179438,-1.161994
-0.16923,-1.109495
-0.159023,-1.060495
-0.148815,-1.018495
-0.13860799999999998,-0.983495
-0.1284,-0.948495
-0.11819199999999999,-0.9169949999999999
-0.107985,-0.888996
-0.09777777600000001,-0.860996
-0.08757020800000001,-0.8364959999999999
-0.077362632,-0.811996
-0.067155064,-0.783996
-0.056947496,-0.7559959999999999
-0.046739924,-0.727996
-0.036532356,-0.699996
-0.026324786000000003,-0.671997
-0.016117215,-0.640497
-0.005909646,-0.605497
0.004297924,-0.561747
0.014505494,-0.509247
0.024713064,-0.449747
0.034920632,-0.386748
0.045128204000000005,-0.318498
0.055335776,-0.257248
0.065543348,-0.206499
0.07575092,-0.160124
0.08595848,-0.125124
0.096166048,-0.09799956800000001
0.106373,-0.076124664
0.11658099999999999,-0.05862474000000001
0.12678799999999998,-0.044187304000000004
0.136996,-0.030624866
0.147203,-0.016843676000000002
0.157411,-0.002406239
0.167619,0.012906192000000002
0.17782599999999998,0.029968616000000003
0.18803399999999998,0.049437284000000005
0.198241,0.069999688
0.208449,0.09406208
0.218656,0.121733
0.22886399999999998,0.15301399999999998
0.23907199999999998,0.189655
0.249279,0.23974800000000002
0.25948699999999997,0.31160699999999997
0.269694,0.416498
0.279902,0.571372
0.290109,0.787934
0.300317,1.062354
0.310525,1.380962
0.32073199999999996,1.701648
0.33094,1.963928
0.341147,2.116615
0.351355,2.1699900000000003
0.361562,2.14024
0.37177,2.057115
0.38197699999999996,1.9529910000000001
0.392185,1.8493039999999998
0.402393,1.751742
0.41259999999999997,1.667305
0.42280799999999996,1.606055
0.433015,1.567993
0.443223,1.562305
0.45343,1.606055
0.463638,1.722867
0.473846,1.9346160000000001
0.48405299999999996,2.245677
0.49426099999999995,2.6591129999999996
0.504468,3.1657349999999997
0.514676,3.73142
0.524883,4.291418
0.535091,4.838728
0.545299,5.381225000000001
0.5555059999999999,5.918473
0.5657139999999999,6.390096
0.575921,6.678845
0.586129,6.712095000000001
0.596336,6.57297
0.606544,6.366471
0.616752,5.979723
0.6269589999999999,5.385601
0.6371669999999999,4.8422279999999995
0.647374,4.428355
0.657582,4.127356
0.667789,3.9059820000000003
0.677997,3.740608
0.688205,3.611983
0.6984119999999999,3.5113589999999997
0.7086199999999999,3.430859
0.718827,3.3652349999999998
0.729035,3.310985
0.739242,3.26286
0.74945,3.219985
0.7596579999999999,3.183235
0.7698649999999999,3.1508599999999998
0.780073,3.1263609999999997
0.79028,3.1071109999999997
0.800488,3.095736
0.8106949999999999,3.093111
0.8209029999999999,3.1009860000000002
0.8311109999999999,3.122861
0.841318,2.7833620000000003
0.851526,2.484988
0.861733,2.274114
0.871941,2.11049
0.8821479999999999,1.9809910000000002
0.8923559999999999,1.873366
0.9025639999999999,1.781492
0.912771,1.7053669999999999
0.922979,1.637117
0.933186,1.578492
0.943394,1.525993
0.9536009999999999,1.4787430000000001
0.9638089999999999,1.4376179999999998
0.9740169999999999,1.3991179999999999
0.984224,1.3658679999999999
0.994432,1.334369
1.004639,1.305494
1.014847,1.280119
1.025054,1.253869
1.035262,1.231119
1.04547,1.211869
1.055677,1.1899939999999998
1.065885,1.1724940000000001
1.076092,1.154994
1.0863,1.138369
1.096507,1.123494
1.106715,1.107745
1.1169229999999999,1.09462
1.12713,1.081495
1.137338,1.06837
1.147545,1.0578699999999999
1.157753,1.0447449999999998
1.1679599999999999,1.03512
1.1781679999999999,1.02462
1.1883759999999999,1.0141200000000001
1.198583,1.0053699999999999
1.208791,0.995745
1.218998,0.9869949999999998
1.229206,0.97912
1.2394129999999999,0.9694950000000001
1.2496209999999999,0.962495
1.2598289999999999,0.95462
1.270036,0.946745
1.280244,0.94062
1.290451,0.93362
1.300659,0.92662
1.3108659999999999,0.920495
1.3210739999999999,0.91437
1.331281,0.90912
1.341489,0.90212
1.351697,0.89687
1.361904,0.891621
1.372112,0.8854960000000001
1.3823189999999999,0.8811209999999999
1.3925269999999998,0.874996
1.402734,0.870621
1.412942,0.866246
1.42315,0.860121
1.433357,0.8566210000000001
1.443565,0.852246
1.4537719999999998,0.846996
1.4639799999999998,0.844371
1.474187,0.839121
1.484395,0.834746
1.494603,0.8312459999999999
1.50481,0.826871
1.494603,0.824246
1.484395,0.8189960000000001
1.474187,0.815496
1.4639799999999998,0.812871
1.4537719999999998,0.808496
1.443565,0.805871
1.433357,0.801496
1.42315,0.797996
1.412942,0.7953709999999999
1.402734,0.7918709999999999
1.3925269999999998,0.789246
1.3823189999999999,0.7857459999999999
1.372112,0.782246
1.361904,0.780496
1.351697,0.7761210000000001
1.341489,0.773496
1.331281,0.7717459999999999
1.3210739999999999,0.767371
1.3108659999999999,0.765621
1.300659,0.7629959999999999
1.290451,0.760371
1.280244,0.758621
1.270036,0.755121
1.2598289999999999,0.753371
1.2496209999999999,0.749871
1.2394129999999999,0.747246
1.229206,0.746371
1.218998,0.742871
1.208791,0.741121
1.198583,0.739371
1.1883759999999999,0.7358709999999999
1.1781679999999999,0.734996
1.1679599999999999,0.731496
1.157753,0.729746
1.147545,0.727996
1.137338,0.724496
1.12713,0.724496
1.1169229999999999,0.720996
1.106715,0.719246
1.096507,0.718371
1.0863,0.7148709999999999
1.076092,0.713996
1.065885,0.712246
1.055677,0.709621
1.04547,0.708746
1.035262,0.706121
1.025054,0.7052459999999999
1.014847,0.702621
1.004639,0.699996
0.994432,0.699996
0.984224,0.6973710000000001
0.9740169999999999,0.695621
0.9638089999999999,0.694746
0.9536009999999999,0.692121
0.943394,0.6912459999999999
0.933186,0.688621
0.922979,0.687746
0.912771,0.686871
0.9025639999999999,0.6842459999999999
0.8923559999999999,0.6833710000000001
0.8821479999999999,0.569622
0.871941,0.45149700000000004
0.861733,0.358748
0.851526,0.284373
0.841318,0.225748
0.8311109999999999,0.179374
0.8209029999999999,0.142624
0.8106949999999999,0.11374899999999999
0.800488,0.092312088
0.79028,0.074374672
0.780073,0.060374732
0.7698649999999999,0.049437284000000005
0.7596579999999999,0.04024982
0.74945,0.03346860200000001
0.739242,0.02734363
0.729035,0.022203026
0.718827,0.018156170000000003
0.7086199999999999,0.014328061000000001
0.6984119999999999,-0.021884704
0.688205,-0.025300690000000004
0.677997,-0.027859878000000005
0.667789,-0.029383072000000003
0.657582,-0.029192670000000004
0.647374,-0.030391066000000005
0.6371669999999999,-0.032384656000000005
0.6269589999999999,-0.032709456000000005
0.616752,-0.032759854000000005
0.606544,-0.035039044
0.596336,-0.035929444
0.586129,-0.035929444
0.575921,-0.037755032
0.5657139999999999,-0.039183028
0.5555059999999999,-0.039754224000000005
0.545299,-0.04073422
0.535091,-0.04258221200000001
0.524883,-0.04365180800000001
0.514676,-0.044419004000000005
0.504468,-0.04633419600000001
0.49426099999999995,-0.047739788
0.48405299999999996,-0.04890458400000001
0.473846,-0.05047258
0.463638,-0.055124752000000006
0.45343,-0.060702856000000006
0.443223,-0.06704658000000001
0.433015,-0.074702792
0.42280799999999996,-0.083562128
0.41259999999999997,-0.092312088
0.402393,-0.103905
0.392185,-0.116811
0.38197699999999996,-0.13114
0.37177,-0.148639
0.361562,-0.168655
0.351355,-0.191405
0.341147,-0.21809199999999998
0.33094,-0.24992
0.32073199999999996,-0.287873
0.310525,-0.331186
0.300317,-0.38467
0.290109,-0.448107
0.279902,-0.5226999999999999
0.269694,-0.613481
0.25948699999999997,-0.723184
0.249279,-0.8566210000000001
0.23907199999999998,-1.015651
0.22886399999999998,-1.213619
0.218656,-1.460806
0.208449,-1.77121
0.198241,-2.1675839999999997
0.18803399999999998,-2.726925
0.17782599999999998,-3.4991090000000002
0.167619,-4.576229
0.157411,-6.163472
0.147203,-8.262588
0.136996,-10.771202
0.12678799999999998,-13.247441
0.11658099999999999,-15.448930999999998
0.106373,-16.617925
0.096166048,-15.844429
0.08595848,-13.005942000000001
0.07575092,-9.348458
0.065543348,-6.63597
0.055335776,-5.256976
0.045128204000000005,-4.616479
0.034920632,-4.231481
0.024713064,-3.9129819999999995
0.014505494,-3.601483
0.004297924,-3.237485
-0.005909646,-2.820987
-0.016117215,-2.589988
-0.026324786000000003,-2.484988
-0.036532356,-2.428989
-0.046739924,-2.411489
-0.056947496,-2.3869890000000002
-0.067155064,-2.323989
-0.077362632,-2.21899
-0.08757020800000001,-2.0859900000000002
-0.09777777600000001,-1.949491
-0.107985,-1.833991
-0.11819199999999999,-1.739492
-0.1284,-1.6624919999999999
-0.13860799999999998,-1.602992
-0.148815,-1.557493
-0.159023,-1.508493
-0.16923,-1.4524929999999998
-0.179438,-1.4069930000000002
-0.18964499999999998,-1.361493
-0.199853,-1.3194940000000002
-0.18964499999999998,-1.231994
-0.179438,-1.165494
-0.16923,-1.112995
-0.159023,-1.063995
-0.148815,-1.021995
-0.13860799999999998,-0.9869949999999998
-0.1284,-0.948495
-0.11819199999999999,-0.9169949999999999
-0.107985,-0.888996
-0.09777777600000001,-0.8644959999999999
-0.08757020800000001,-0.839996
-0.077362632,-0.811996
-0.067155064,-0.787496
-0.056947496,-0.759496
-0.046739924,-0.731496
-0.036532356,-0.703496
-0.026324786000000003,-0.673747
-0.016117215,-0.642247
-0.005909646,-0.605497
0.004297924,-0.561747
0.014505494,-0.509247
0.024713064,-0.447998
0.034920632,-0.383248
0.045128204000000005,-0.316748
0.055335776,-0.257248
0.065543348,-0.202999
0.07575092,-0.159249
0.08595848,-0.123374
0.096166048,-0.09712456800000001
0.106373,-0.07568716
0.11658099999999999,-0.058187244
0.12678799999999998,-0.043749808
0.136996,-0.029968616000000003
0.147203,-0.016406176
0.157411,-0.0017499920000000001
0.167619,0.01356244
0.17782599999999998,0.030515488000000004
0.18803399999999998,0.050312276
0.198241,0.070874688
0.208449,0.09493708000000001
0.218656,0.122936
0.22886399999999998,0.154108
0.23907199999999998,0.191077
0.249279,0.241717
0.25948699999999997,0.314342
0.269694,0.42131
0.279902,0.577059
0.290109,0.79559
0.300317,1.071323
0.310525,1.390368
0.32073199999999996,1.710179
0.33094,1.9691779999999999
0.341147,2.1188029999999998
0.351355,2.1691149999999997
0.361562,2.137615
0.37177,2.0536149999999997
0.38197699999999996,1.948616
0.392185,1.8449289999999998
0.402393,1.7482419999999999
0.41259999999999997,1.664242
0.42280799999999996,1.603867
0.433015,1.56668
0.443223,1.562742
0.45343,1.6091170000000001
0.463638,1.7303039999999998
0.473846,1.9477410000000002
0.48405299999999996,2.2649269999999997
0.49426099999999995,2.6853629999999997
0.504468,3.19811
0.514676,3.7681699999999996
0.524883,4.330793
0.535091,4.881603
0.545299,5.428475
0.5555059999999999,5.968348
0.5657139999999999,6.437346
0.575921,6.716469
0.586129,6.738345
0.596336,6.58697
0.606544,6.370846
0.616752,5.967472999999999
0.6269589999999999,5.368975
0.6371669999999999,4.826478
0.647374,4.416105
0.657582,4.1194809999999995
0.667789,3.9007319999999996
0.677997,3.737108
0.688205,3.609358
0.6984119999999999,3.508734
0.7086199999999999,3.429109
0.718827,3.363485
0.729035,3.3092349999999997
0.739242,3.26111
0.74945,3.21911
0.7596579999999999,3.18236
0.7698649999999999,3.1508599999999998
0.780073,3.124611
0.79028,3.105361
0.800488,3.094861
0.8106949999999999,3.0922359999999998
0.8209029999999999,3.100111
0.8311109999999999,3.121986
0.841318,2.777237
0.851526,2.480614
0.861733,2.2714890000000003
0.871941,2.10874
0.8821479999999999,1.9783659999999998
0.8923559999999999,1.8724910000000001
0.9025639999999999,1.780617
0.912771,1.704492
0.922979,1.637117
0.933186,1.5767419999999999
0.943394,1.525993
0.9536009999999999,1.4787430000000001
0.9638089999999999,1.4376179999999998
0.9740169999999999,1.399993
0.984224,1.364993
0.994432,1.3352439999999999
1.004639,1.304619
1.014847,1.2792439999999998
1.025054,1.254744
1.035262,1.231119
1.04547,1.210994
1.055677,1.190869
1.065885,1.1724940000000001
1.076092,1.155869
1.0863,1.138369
1.096507,1.123494
1.106715,1.10862
1.1169229999999999,1.09462
1.12713,1.08237
1.137338,1.069245
1.147545,1.0578699999999999
1.157753,1.04562
1.1679599999999999,1.0342449999999999
1.1781679999999999,1.025495
1.1883759999999999,1.0141200000000001
1.198583,1.0053699999999999
1.208791,0.9966200000000001
1.218998,0.9869949999999998
1.229206,0.97912
1.2394129999999999,0.9703700000000001
1.2496209999999999,0.962495
1.2598289999999999,0.9554950000000001
1.270036,0.946745
1.280244,0.941495
1.290451,0.93362
1.300659,0.92662
1.3108659999999999,0.92137
1.3210739999999999,0.913495
1.331281,0.90912
1.341489,0.90212
1.351697,0.895996
1.361904,0.891621
1.372112,0.8854960000000001
1.3823189999999999,0.8811209999999999
1.3925269999999998,0.875871
1.402734,0.869746
1.412942,0.866246
1.42315,0.860996
1.433357,0.8566210000000001
1.443565,0.852246
1.4537719999999998,0.846996
1.4639799999999998,0.844371
1.474187,0.839121
1.484395,0.834746
1.494603,0.8312459999999999
1.50481,0.826871
1.494603,0.823371
1.484395,0.819871
1.474187,0.815496
1.4639799999999998,0.812871
1.4537719999999998,0.808496
1.443565,0.804996
1.433357,0.802371
1.42315,0.797996
1.412942,0.7953709999999999
1.402734,0.7918709999999999
1.3925269999999998,0.7883709999999999
1.3823189999999999,0.786621
1.372112,0.782246
1.361904,0.780496
1.351697,0.776996
1.341489,0.773496
1.331281,0.7717459999999999
1.3210739999999999,0.768246
1.3108659999999999,0.766496
1.300659,0.763871
1.290451,0.759496
1.280244,0.758621
1.270036,0.755121
1.2598289999999999,0.753371
1.2496209999999999,0.7507459999999999
1.2394129999999999,0.747246
1.229206,0.746371
1.218998,0.742871
1.208791,0.741121
1.198583,0.739371
1.1883759999999999,0.7358709999999999
1.1781679999999999,0.7341209999999999
1.1679599999999999,0.732371
1.157753,0.729746
1.147545,0.727996
1.137338,0.725371
1.12713,0.723621
1.1169229999999999,0.7218709999999999
1.106715,0.719246
1.096507,0.718371
1.0863,0.7148709999999999
1.076092,0.7131209999999999
1.065885,0.712246
1.055677,0.709621
1.04547,0.708746
1.035262,0.706121
1.025054,0.7043710000000001
1.014847,0.703496
1.004639,0.700871
0.994432,0.699121
0.984224,0.6982459999999999
0.9740169999999999,0.695621
0.9638089999999999,0.694746
0.9536009999999999,0.692121
0.943394,0.6903710000000001
0.933186,0.689496
0.922979,0.686871
0.912771,0.686871
0.9025639999999999,0.6842459999999999
0.8923559999999999,0.682496
0.8821479999999999,0.570497
0.871941,0.45324699999999996
0.861733,0.360498
0.851526,0.285248
0.841318,0.226623
0.8311109999999999,0.180249
0.8209029999999999,0.14349900000000002
0.8106949999999999,0.11374899999999999
0.800488,0.092312088
0.79028,0.074374672
0.780073,0.060374732
0.7698649999999999,0.049437284000000005
0.7596579999999999,0.04046857200000001
0.74945,0.033249852
0.739242,0.02734363
0.729035,0.022421774000000002
0.718827,0.018265543999999998
0.7086199999999999,0.014328061000000001
0.6984119999999999,-0.021912702000000003
0.688205,-0.025283888
0.677997,-0.027859878000000005
0.667789,-0.029349470000000003
0.657582,-0.029215070000000003
0.647374,-0.030396668000000005
0.6371669999999999,-0.032362256000000006
0.6269589999999999,-0.032748656
0.616752,-0.032715054
0.606544,-0.03502784800000001
0.596336,-0.03598544
0.586129,-0.03588464400000001
0.575921,-0.03778863600000001
0.5657139999999999,-0.039160628
0.5555059999999999,-0.039754224000000005
0.545299,-0.04074542
0.535091,-0.042565412000000004
0.524883,-0.04362380800000001
0.514676,-0.04440780400000001
0.504468,-0.04633419600000001
0.49426099999999995,-0.04772859200000001
0.48405299999999996,-0.048887784000000004
0.473846,-0.050461376
0.463638,-0.055234132000000005
0.45343,-0.06059348
0.443223,-0.067265328
0.433015,-0.07448404
0.42280799999999996,-0.083343384
0.41259999999999997,-0.09220272000000002
0.402393,-0.10368699999999999
0.392185,-0.116702
0.38197699999999996,-0.13081099999999998
0.37177,-0.14831099999999997
0.361562,-0.168327
0.351355,-0.190858
0.341147,-0.21754500000000002
0.33094,-0.249483
0.32073199999999996,-0.28688899999999995
0.310525,-0.330529
0.300317,-0.383467
0.290109,-0.446794
0.279902,-0.5210600000000001
0.269694,-0.611184
0.25948699999999997,-0.720996
0.249279,-0.85323
0.23907199999999998,-1.011823
0.22886399999999998,-1.208807
0.218656,-1.454243
0.208449,-1.763117
0.198241,-2.157302
0.18803399999999998,-2.711612
0.17782599999999998,-3.4767959999999998
0.167619,-4.546479
0.157411,-6.117972
0.147203,-8.204838
0.136996,-10.709952
0.12678799999999998,-13.196691
0.11658099999999999,-15.422682000000002
0.106373,-16.649426000000002
0.096166048,-15.938929
0.08595848,-13.149441
0.07575092,-9.484957000000001
0.065543348,-6.723469
0.055335776,-5.305976
0.045128204000000005,-4.651479
0.034920632,-4.255981
0.024713064,-3.9374819999999997
0.014505494,-3.622483
0.004297924,-3.261985
-0.005909646,-2.845487
-0.016117215,-2.600488
-0.026324786000000003,-2.495488
-0.036532356,-2.439489
-0.046739924,-2.4149890000000003
-0.056947496,-2.393989
-0.067155064,-2.330989
-0.077362632,-2.22949
-0.08757020800000001,-2.0964899999999997
-0.09777777600000001,-1.9564909999999998
-0.107985,-1.837491
-0.11819199999999999,-1.7429919999999999
-0.1284,-1.669492
-0.13860799999999998,-1.613492
-0.148815,-1.560993
-0.159023,-1.511993
-0.16923,-1.4559929999999999
-0.179438,-1.410493
-0.18964499999999998,-1.368493
-0.199853,-1.322994
-0.18964499999999998,-1.2354939999999999
-0.179438,-1.168994
-0.16923,-1.1164949999999998
-0.159023,-1.067495
-0.148815,-1.025495
-0.13860799999999998,-0.9869949999999998
-0.1284,-0.951995
-0.11819199999999999,-0.920495
-0.107985,-0.8924960000000001
-0.09777777600000001,-0.867996
-0.08757020800000001,-0.839996
-0.077362632,-0.815496
-0.067155064,-0.787496
-0.056947496,-0.7629959999999999
-0.046739924,-0.734996
-0.036532356,-0.706996
-0.026324786000000003,-0.6754969999999999
-0.016117215,-0.642247
-0.005909646,-0.605497
0.004297924,-0.561747
0.014505494,-0.5074970000000001
0.024713064,-0.447998
0.034920632,-0.38149799999999995
0.045128204000000005,-0.316748
0.055335776,-0.255498
0.065543348,-0.201249
0.07575092,-0.158374
0.08595848,-0.122499
0.096166048,-0.09624956800000001
0.106373,-0.07568716
0.11658099999999999,-0.058187244
0.12678799999999998,-0.043749808
0.136996,-0.029968616000000003
0.147203,-0.01574993
0.157411,-0.001531243
0.167619,0.014218687
0.17782599999999998,0.030952988
0.18803399999999998,0.0506404
0.198241,0.07164031200000001
0.208449,0.095374576
0.218656,0.12381099999999999
0.22886399999999998,0.155093
0.23907199999999998,0.192499
0.249279,0.243795
0.25948699999999997,0.316967
0.269694,0.42524799999999996
0.279902,0.582747
0.290109,0.802699
0.300317,1.079745
0.310525,1.3989
0.32073199999999996,1.718273
0.33094,1.974428
0.341147,2.1205529999999997
0.351355,2.168677
0.361562,2.134552
0.37177,2.04924
0.38197699999999996,1.944241
0.392185,1.840991
0.402393,1.7443039999999999
0.41259999999999997,1.6611799999999999
0.42280799999999996,1.6012419999999998
0.433015,1.5658050000000001
0.443223,1.56318
0.45343,1.612617
0.463638,1.737742
0.473846,1.9604279999999998
0.48405299999999996,2.2837389999999997
0.49426099999999995,2.7103
0.504468,3.230048
0.514676,3.804483
0.524883,4.369730000000001
0.535091,4.926228
0.545299,5.47485
0.5555059999999999,6.016473
0.5657139999999999,6.482846
0.575921,6.752344
0.586129,6.7628449999999996
0.596336,6.6000950000000005
0.606544,6.374346
0.616752,5.956098
0.6269589999999999,5.350601
0.6371669999999999,4.812478
0.647374,4.40473
0.657582,4.111606
0.667789,3.8954820000000003
0.677997,3.731858
0.688205,3.6058579999999996
0.6984119999999999,3.506109
0.7086199999999999,3.4264840000000003
0.718827,3.361734
0.729035,3.30661
0.739242,3.25936
0.74945,3.216485
0.7596579999999999,3.17886
0.7698649999999999,3.14736
0.780073,3.121986
0.79028,3.103611
0.800488,3.093111
0.8106949999999999,3.090486
0.8209029999999999,3.099236
0.8311109999999999,3.1211109999999995
0.841318,2.7719869999999998
0.851526,2.477113
0.861733,2.2688639999999998
0.871941,2.107865
0.8821479999999999,1.976616
0.8923559999999999,1.870741
0.9025639999999999,1.779742
0.912771,1.702742
0.922979,1.636242
0.933186,1.5767419999999999
0.943394,1.525118
0.9536009999999999,1.4787430000000001
0.9638089999999999,1.436743
0.9740169999999999,1.399993
0.984224,1.3641180000000002
0.994432,1.334369
1.004639,1.305494
1.014847,1.2783689999999999
1.025054,1.254744
1.035262,1.231119
1.04547,1.210994
1.055677,1.190869
1.065885,1.171619
1.076092,1.155869
1.0863,1.138369
1.096507,1.123494
1.106715,1.109495
1.1169229999999999,1.093745
1.12713,1.08237
1.137338,1.069245
1.147545,1.0569950000000001
1.157753,1.046495
1.1679599999999999,1.0342449999999999
1.1781679999999999,1.02462
1.1883759999999999,1.0141200000000001
1.198583,1.004495
1.208791,0.9966200000000001
1.218998,0.9869949999999998
1.229206,0.97912
1.2394129999999999,0.9712449999999999
1.2496209999999999,0.962495
1.2598289999999999,0.9554950000000001
1.270036,0.9476199999999999
1.280244,0.94062
1.290451,0.934495
1.300659,0.92662
1.3108659999999999,0.92137
1.3210739999999999,0.91437
1.331281,0.908245
1.341489,0.902995
1.351697,0.89687
1.361904,0.891621
1.372112,0.8854960000000001
1.3823189999999999,0.880246
1.3925269999999998,0.875871
1.402734,0.870621
1.412942,0.866246
1.42315,0.860996
1.433357,0.855746
1.443565,0.852246
1.4537719999999998,0.847871
1.4639799999999998,0.842621
1.474187,0.839121
1.484395,0.833871
1.494603,0.8312459999999999
1.50481,0.826871
1.494603,0.822496
1.484395,0.819871
1.474187,0.815496
1.4639799999999998,0.812871
1.4537719999999998,0.808496
1.443565,0.804996
1.433357,0.802371
1.42315,0.797996
1.412942,0.7953709999999999
1.402734,0.792746
1.3925269999999998,0.7883709999999999
1.3823189999999999,0.7857459999999999
1.372112,0.782246
1.361904,0.779621
1.351697,0.777871
1.341489,0.773496
1.331281,0.7717459999999999
1.3210739999999999,0.768246
1.3108659999999999,0.765621
1.300659,0.763871
1.290451,0.759496
1.280244,0.7577459999999999
1.270036,0.755121
1.2598289999999999,0.751621
1.2496209999999999,0.7507459999999999
1.2394129999999999,0.747246
1.229206,0.745496
1.218998,0.742871
1.208791,0.7402460000000001
1.198583,0.739371
1.1883759999999999,0.7358709999999999
1.1781679999999999,0.7341209999999999
1.1679599999999999,0.732371
1.157753,0.7288709999999999
1.147545,0.727996
1.137338,0.725371
1.12713,0.722746
1.1169229999999999,0.7218709999999999
1.106715,0.719246
1.096507,0.717496
1.0863,0.7148709999999999
1.076092,0.7131209999999999
1.065885,0.712246
1.055677,0.709621
1.04547,0.707871
1.035262,0.706121
1.025054,0.703496
1.014847,0.702621
1.004639,0.700871
0.994432,0.699121
0.984224,0.6973710000000001
0.9740169999999999,0.695621
0.9638089999999999,0.693871
0.9536009999999999,0.692121
0.943394,0.689496
0.933186,0.689496
0.922979,0.686871
0.912771,0.6859959999999999
0.9025639999999999,0.6842459999999999
0.8923559999999999,0.682496
0.8821479999999999,0.571372
0.871941,0.45412199999999997
0.861733,0.361373
0.851526,0.286123
0.841318,0.226623
0.8311109999999999,0.180249
0.8209029999999999,0.14349900000000002
0.8106949999999999,0.11462399999999999
0.800488,0.09274958400000001
0.79028,0.07481216800000001
0.780073,0.060374732
0.7698649999999999,0.049656028000000005
0.7596579999999999,0.04068732
0.74945,0.033249852
0.739242,0.027562376000000003
0.729035,0.022312400000000003
0.718827,0.018374918
0.7086199999999999,0.014437436
0.6984119999999999,-0.021946302
0.688205,-0.025267090000000002
0.677997,-0.027932676000000004
0.667789,-0.02933267
0.657582,-0.029237470000000005
0.647374,-0.030407866
0.6371669999999999,-0.032311858
0.6269589999999999,-0.032804654
0.616752,-0.032731856000000004
0.606544,-0.035016644
0.596336,-0.03600784
0.586129,-0.035867844
0.575921,-0.03780543200000001
0.5657139999999999,-0.039166228000000004
0.5555059999999999,-0.039737428000000005
0.545299,-0.04079582
0.535091,-0.042526212
0.524883,-0.04365180800000001
0.514676,-0.044441404000000004
0.504468,-0.046261396
0.49426099999999995,-0.047773392000000005
0.48405299999999996,-0.048831788
0.473846,-0.050422176000000006
0.463638,-0.055234132000000005
0.45343,-0.060374732
0.443223,-0.06693720400000001
0.433015,-0.07459341600000001
0.42280799999999996,-0.08301525600000001
0.41259999999999997,-0.09220272000000002
0.402393,-0.10335799999999999
0.392185,-0.116593
0.38197699999999996,-0.130702
0.37177,-0.147764
0.361562,-0.16810799999999998
0.351355,-0.190421
0.341147,-0.216999
0.33094,-0.248717
0.32073199999999996,-0.285904
0.310525,-0.329545
0.300317,-0.382263
0.290109,-0.445373
0.279902,-0.519528
0.269694,-0.608887
0.25948699999999997,-0.718699
0.249279,-0.850168
0.23907199999999998,-1.0083229999999999
0.22886399999999998,-1.203994
0.218656,-1.448118
0.208449,-1.755679
0.198241,-2.147021
0.18803399999999998,-2.6967369999999997
0.17782599999999998,-3.4557969999999996
0.167619,-4.516292
0.157411,-6.073347999999999
0.147203,-8.149713
0.136996,-10.652201999999999
0.12678799999999998,-13.149441
0.11658099999999999,-15.398181999999998
0.106373,-16.673924
0.096166048,-16.036928999999997
0.08595848,-13.29294
0.07575092,-9.617956999999999
0.065543348,-6.8039689999999995
0.055335776,-5.351476
0.045128204000000005,-4.679479
0.034920632,-4.280481
0.024713064,-3.958482
0.014505494,-3.6469829999999996
0.004297924,-3.282985
-0.005909646,-2.873487
-0.016117215,-2.6144879999999997
-0.026324786000000003,-2.505988
-0.036532356,-2.446489
-0.046739924,-2.421989
-0.056947496,-2.400989
-0.067155064,-2.337989
-0.077362632,-2.2399899999999997
-0.08757020800000001,-2.10699
-0.09777777600000001,-1.966991
-0.107985,-1.847991
-0.11819199999999999,-1.749992
-0.1284,-1.6764919999999999
-0.13860799999999998,-1.616992
-0.148815,-1.567993
-0.159023,-1.515493
-0.16923,-1.462993
-0.179438,-1.413993
-0.18964499999999998,-1.368493
-0.199853,-1.326494
-0.18964499999999998,-1.238994
-0.179438,-1.1724940000000001
-0.16923,-1.1199949999999999
-0.159023,-1.0709950000000001
-0.148815,-1.0289949999999999
-0.13860799999999998,-0.993995
-0.1284,-0.9554950000000001
-0.11819199999999999,-0.9239949999999999
-0.107985,-0.895996
-0.09777777600000001,-0.867996
-0.08757020800000001,-0.8434959999999999
-0.077362632,-0.815496
-0.067155064,-0.790996
-0.056947496,-0.7629959999999999
-0.046739924,-0.734996
-0.036532356,-0.706996
-0.026324786000000003,-0.6754969999999999
-0.016117215,-0.643997
-0.005909646,-0.607247
0.004297924,-0.561747
0.014505494,-0.5057470000000001
0.024713064,-0.44624800000000003
0.034920632,-0.38149799999999995
0.045128204000000005,-0.314998
0.055335776,-0.25374800000000003
0.065543348,-0.201249
0.07575092,-0.157499
0.08595848,-0.122499
0.096166048,-0.09624956800000001
0.106373,-0.07524966400000001
0.11658099999999999,-0.057312244000000005
0.12678799999999998,-0.042874808
0.136996,-0.029531118000000002
0.147203,-0.015312433
0.157411,-0.0010937450000000001
0.167619,0.014874934000000001
0.17782599999999998,0.03171861
0.18803399999999998,0.05129664800000001
0.198241,0.07251529599999999
0.208449,0.09624956800000001
0.218656,0.125015
0.22886399999999998,0.156296
0.23907199999999998,0.19370199999999999
0.249279,0.245655
0.25948699999999997,0.31981099999999996
0.269694,0.428966
0.279902,0.588325
0.290109,0.8100269999999999
0.300317,1.08751
0.310525,1.4080869999999999
0.32073199999999996,1.725711
0.33094,1.9794589999999999
0.341147,2.122302
0.351355,2.1673649999999998
0.361562,2.131927
0.37177,2.0448649999999997
0.38197699999999996,1.940741
0.392185,1.837054
0.402393,1.740804
0.41259999999999997,1.658555
0.42280799999999996,1.599492
0.433015,1.56493
0.443223,1.563618
0.45343,1.61568
0.463638,1.7447419999999998
0.473846,1.972678
0.48405299999999996,2.302989
0.49426099999999995,2.7348
0.504468,3.26111
0.514676,3.8399199999999998
0.524883,4.410855
0.535091,4.964727
0.545299,5.519475
0.5555059999999999,6.062848000000001
0.5657139999999999,6.52572
0.575921,6.785594000000001
0.586129,6.783843999999999
0.596336,6.61147
0.606544,6.3760959999999995
0.616752,5.944723
0.6269589999999999,5.333101
0.6371669999999999,4.796728
0.647374,4.395105
0.657582,4.102856
0.667789,3.888482
0.677997,3.727483
0.688205,3.602358
0.6984119999999999,3.5026089999999996
0.7086199999999999,3.422984
0.718827,3.358234
0.729035,3.303985
0.739242,3.256735
0.74945,3.21386
0.7596579999999999,3.17711
0.7698649999999999,3.145611
0.780073,3.120236
0.79028,3.101861
0.800488,3.091361
0.8106949999999999,3.088736
0.8209029999999999,3.0983609999999997
0.8311109999999999,3.120236
0.841318,2.766737
0.851526,2.474489
0.861733,2.266239
0.871941,2.106115
0.8821479999999999,1.975741
0.8923559999999999,1.870741
0.9025639999999999,1.779742
0.912771,1.702742
0.922979,1.635367
0.933186,1.575868
0.943394,1.525118
0.9536009999999999,1.4787430000000001
0.9638089999999999,1.4358680000000001
0.9740169999999999,1.3991179999999999
0.984224,1.364993
0.994432,1.3334940000000002
1.004639,1.305494
1.014847,1.277494
1.025054,1.254744
1.035262,1.231119
1.04547,1.210119
1.055677,1.191744
1.065885,1.171619
1.076092,1.155869
1.0863,1.139244
1.096507,1.123494
1.106715,1.10862
1.1169229999999999,1.09462
1.12713,1.081495
1.137338,1.069245
1.147545,1.0569950000000001
1.157753,1.04562
1.1679599999999999,1.03512
1.1781679999999999,1.02462
1.1883759999999999,1.0149949999999999
1.198583,1.004495
1.208791,0.9966200000000001
1.218998,0.9869949999999998
1.229206,0.978245
1.2394129999999999,0.9712449999999999
1.2496209999999999,0.962495
1.2598289999999999,0.9554950000000001
1.270036,0.9476199999999999
1.280244,0.9397449999999999
1.290451,0.934495
1.300659,0.92662
1.3108659999999999,0.920495
1.3210739999999999,0.91437
1.331281,0.908245
1.341489,0.902995
1.351697,0.89687
1.361904,0.891621
1.372112,0.8863709999999999
1.3823189999999999,0.880246
1.3925269999999998,0.875871
1.402734,0.870621
1.412942,0.865371
1.42315,0.861871
1.433357,0.855746
1.443565,0.852246
1.4537719999999998,0.847871
1.4639799999999998,0.8434959999999999
1.474187,0.839996
1.484395,0.834746
1.494603,0.8312459999999999
1.50481,0.827746
1.494603,0.822496
1.484395,0.819871
1.474187,0.815496
1.4639799999999998,0.811996
1.4537719999999998,0.809371
1.443565,0.804996
1.433357,0.802371
1.42315,0.798871
1.412942,0.794496
1.402734,0.792746
1.3925269999999998,0.7883709999999999
1.3823189999999999,0.7857459999999999
1.372112,0.7831210000000001
1.361904,0.779621
1.351697,0.776996
1.341489,0.773496
1.331281,0.7717459999999999
1.3210739999999999,0.768246
1.3108659999999999,0.7647459999999999
1.300659,0.7629959999999999
1.290451,0.760371
1.280244,0.7577459999999999
1.270036,0.755121
1.2598289999999999,0.751621
1.2496209999999999,0.7507459999999999
1.2394129999999999,0.748121
1.229206,0.744621
1.218998,0.743746
1.208791,0.7402460000000001
1.198583,0.738496
1.1883759999999999,0.7358709999999999
1.1781679999999999,0.7332460000000001
1.1679599999999999,0.732371
1.157753,0.7288709999999999
1.147545,0.7271209999999999
1.137338,0.725371
1.12713,0.722746
1.1169229999999999,0.7218709999999999
1.106715,0.719246
1.096507,0.716621
1.0863,0.715746
1.076092,0.7131209999999999
1.065885,0.712246
1.055677,0.709621
1.04547,0.707871
1.035262,0.706996
1.025054,0.7043710000000001
1.014847,0.702621
1.004639,0.700871
0.994432,0.6982459999999999
0.984224,0.6982459999999999
0.9740169999999999,0.694746
0.9638089999999999,0.693871
0.9536009999999999,0.692996
0.943394,0.6903710000000001
0.933186,0.689496
0.922979,0.686871
0.912771,0.6859959999999999
0.9025639999999999,0.685121
0.8923559999999999,0.682496
0.8821479999999999,0.5731219999999999
0.871941,0.454997
0.861733,0.362248
0.851526,0.28699800000000003
0.841318,0.22749799999999998
0.8311109999999999,0.181124
0.8209029999999999,0.144374
0.8106949999999999,0.11462399999999999
0.800488,0.09274958400000001
0.79028,0.07481216800000001
0.780073,0.060374732
0.7698649999999999,0.049656028000000005
0.7596579999999999,0.04068732
0.74945,0.033249852
0.739242,0.02734363
0.729035,0.022203026
0.718827,0.018265543999999998
0.7086199999999999,0.014437436
0.6984119999999999,-0.022002302
0.688205,-0.025216688000000004
0.677997,-0.027943876000000003
0.667789,-0.029377470000000003
0.657582,-0.029215070000000003
0.647374,-0.030447066000000002
0.6371669999999999,-0.032283858
0.6269589999999999,-0.032799056
0.616752,-0.032731856000000004
0.606544,-0.03500544800000001
0.596336,-0.03604704
0.586129,-0.035845444000000004
0.575921,-0.037766236
0.5657139999999999,-0.03917742800000001
0.5555059999999999,-0.039670228
0.545299,-0.040801420000000005
0.535091,-0.042498212
0.524883,-0.043629408
0.514676,-0.044402204
0.504468,-0.046238996000000004
0.49426099999999995,-0.047739788
0.48405299999999996,-0.048826184
0.473846,-0.05041098
0.463638,-0.055234132000000005
0.45343,-0.060374732
0.443223,-0.06682782400000001
0.433015,-0.07448404
0.42280799999999996,-0.082796504
0.41259999999999997,-0.09209334400000001
0.402393,-0.10335799999999999
0.392185,-0.116155
0.38197699999999996,-0.130374
0.37177,-0.147327
0.361562,-0.167561
0.351355,-0.189874
0.341147,-0.216233
0.33094,-0.24816999999999997
0.32073199999999996,-0.285029
0.310525,-0.328561
0.300317,-0.38106
0.290109,-0.44373199999999996
0.279902,-0.517778
0.269694,-0.606809
0.25948699999999997,-0.716184
0.249279,-0.846777
0.23907199999999998,-1.004386
0.22886399999999998,-1.1993999999999998
0.218656,-1.4419929999999999
0.208449,-1.747585
0.198241,-2.137396
0.18803399999999998,-2.6818630000000003
0.17782599999999998,-3.434359
0.167619,-4.487854
0.157411,-6.029598
0.147203,-8.095464
0.136996,-10.592702
0.12678799999999998,-13.100441
0.11658099999999999,-15.375431
0.106373,-16.698424
0.096166048,-16.124428
0.08595848,-13.425939999999999
0.07575092,-9.740456
0.065543348,-6.884469
0.055335776,-5.3969759999999996
0.045128204000000005,-4.707479
0.034920632,-4.30148
0.024713064,-3.9794819999999995
0.014505494,-3.664483
0.004297924,-3.3004849999999997
-0.005909646,-2.890987
-0.016117215,-2.621488
-0.026324786000000003,-2.509488
-0.036532356,-2.453489
-0.046739924,-2.428989
-0.056947496,-2.404489
-0.067155064,-2.348489
-0.077362632,-2.246989
-0.08757020800000001,-2.1139900000000003
-0.09777777600000001,-1.973991
-0.107985,-1.854991
-0.11819199999999999,-1.756992
-0.1284,-1.679992
-0.13860799999999998,-1.623992
-0.148815,-1.571493
-0.159023,-1.522493
-0.16923,-1.4699929999999999
-0.179438,-1.417493
-0.18964499999999998,-1.375493
-0.199853,-1.3299940000000001
-0.18964499999999998,-1.238994
-0.179438,-1.175994
-0.16923,-1.123494
-0.159023,-1.074495
-0.148815,-1.032495
-0.13860799999999998,-0.993995
-0.1284,-0.9589949999999999
-0.11819199999999999,-0.9239949999999999
-0.107985,-0.899495
-0.09777777600000001,-0.8714959999999999
-0.08757020800000001,-0.8434959999999999
-0.077362632,-0.8189960000000001
-0.067155064,-0.790996
-0.056947496,-0.7629959999999999
-0.046739924,-0.734996
-0.036532356,-0.706996
-0.026324786000000003,-0.6754969999999999
-0.016117215,-0.642247
-0.005909646,-0.605497
0.004297924,-0.559997
0.014505494,-0.5057470000000001
0.024713064,-0.444498
0.034920632,-0.37799799999999995
0.045128204000000005,-0.31324799999999997
0.055335776,-0.251998
0.065543348,-0.199499
0.07575092,-0.15662399999999999
0.08595848,-0.12162400000000001
0.096166048,-0.095374576
0.106373,-0.07481216800000001
0.11658099999999999,-0.057312244000000005
0.12678799999999998,-0.042437312000000005
0.136996,-0.029093622
0.147203,-0.014874934000000001
0.157411,-0.0008749960000000001
0.167619,0.015312433
0.17782599999999998,0.032265480000000006
0.18803399999999998,0.051843520000000004
0.198241,0.07328092000000001
0.208449,0.097233944
0.218656,0.12578
0.22886399999999998,0.157499
0.23907199999999998,0.195014
0.249279,0.247623
0.25948699999999997,0.322545
0.269694,0.43301300000000004
0.279902,0.5937939999999999
0.290109,0.8165899999999999
0.300317,1.095495
0.310525,1.416399
0.32073199999999996,1.7327110000000001
0.33094,1.9842719999999998
0.341147,2.123615
0.351355,2.16649
0.361562,2.1288650000000002
0.37177,2.0413650000000003
0.38197699999999996,1.936803
0.392185,1.832679
0.402393,1.737304
0.41259999999999997,1.65593
0.42280799999999996,1.596867
0.433015,1.564055
0.443223,1.564055
0.45343,1.618742
0.463638,1.752617
0.473846,1.9849279999999998
0.48405299999999996,2.3209269999999997
0.49426099999999995,2.7593
0.504468,3.29086
0.514676,3.8749199999999995
0.524883,4.449355
0.535091,5.004977
0.545299,5.56235
0.5555059999999999,6.106597
0.5657139999999999,6.568595
0.575921,6.819718999999999
0.586129,6.804844
0.596336,6.620220000000001
0.606544,6.375221
0.616752,5.929848
0.6269589999999999,5.315601
0.6371669999999999,4.781853
0.647374,4.38373
0.657582,4.094981000000001
0.667789,3.8841069999999998
0.677997,3.723983
0.688205,3.598859
0.6984119999999999,3.499984
0.7086199999999999,3.420359
0.718827,3.35561
0.729035,3.30136
0.739242,3.25411
0.74945,3.21211
0.7596579999999999,3.17361
0.7698649999999999,3.142111
0.780073,3.116736
0.79028,3.0983609999999997
0.800488,3.087861
0.8106949999999999,3.086986
0.8209029999999999,3.095736
0.8311109999999999,3.119361
0.841318,2.762362
0.851526,2.471864
0.861733,2.263615
0.871941,2.1052400000000002
0.8821479999999999,1.9748659999999998
0.8923559999999999,1.868991
0.9025639999999999,1.778867
0.912771,1.7009919999999998
0.922979,1.635367
0.933186,1.575868
0.943394,1.5242429999999998
0.9536009999999999,1.4787430000000001
0.9638089999999999,1.4358680000000001
0.9740169999999999,1.3991179999999999
0.984224,1.364993
0.994432,1.3334940000000002
1.004639,1.305494
1.014847,1.277494
1.025054,1.253869
1.035262,1.231994
1.04547,1.210119
1.055677,1.190869
1.065885,1.1724940000000001
1.076092,1.154994
1.0863,1.139244
1.096507,1.12262
1.106715,1.10862
1.1169229999999999,1.09462
1.12713,1.081495
1.137338,1.07012
1.147545,1.0569950000000001
1.157753,1.046495
1.1679599999999999,1.03512
1.1781679999999999,1.02462
1.1883759999999999,1.0158699999999998
1.198583,1.004495
1.208791,0.995745
1.218998,0.9869949999999998
1.229206,0.978245
1.2394129999999999,0.9712449999999999
1.2496209999999999,0.962495
1.2598289999999999,0.95462
1.270036,0.9476199999999999
1.280244,0.9397449999999999
1.290451,0.93362
1.300659,0.92662
1.3108659999999999,0.91962
1.3210739999999999,0.91437
1.331281,0.90737
1.341489,0.90212
1.351697,0.89687
1.361904,0.890746
1.372112,0.8863709999999999
1.3823189999999999,0.880246
1.3925269999999998,0.874996
1.402734,0.870621
1.412942,0.8644959999999999
1.42315,0.860996
1.433357,0.855746
1.443565,0.851371
1.4537719999999998,0.846996
1.4639799999999998,0.841746
1.474187,0.839121
1.484395,0.834746
1.494603,0.8294959999999999
1.50481,0.826871
1.494603,0.822496
1.484395,0.8189960000000001
1.474187,0.815496
1.4639799999999998,0.811121
1.4537719999999998,0.808496
1.443565,0.804121
1.433357,0.801496
1.42315,0.798871
1.412942,0.794496
1.402734,0.7918709999999999
1.3925269999999998,0.7883709999999999
1.3823189999999999,0.7857459999999999
1.372112,0.7831210000000001
1.361904,0.7787459999999999
1.351697,0.7761210000000001
1.341489,0.773496
1.331281,0.769996
1.3210739999999999,0.768246
1.3108659999999999,0.7647459999999999
1.300659,0.762121
1.290451,0.760371
1.280244,0.756871
1.270036,0.755121
1.2598289999999999,0.751621
1.2496209999999999,0.7489959999999999
1.2394129999999999,0.748121
1.229206,0.744621
1.218998,0.742871
1.208791,0.7402460000000001
1.198583,0.737621
1.1883759999999999,0.7358709999999999
1.1781679999999999,0.7332460000000001
1.1679599999999999,0.731496
1.157753,0.729746
1.147545,0.7262460000000001
1.137338,0.725371
1.12713,0.7218709999999999
1.1169229999999999,0.720996
1.106715,0.719246
1.096507,0.715746
1.0863,0.715746
1.076092,0.712246
1.065885,0.711371
1.055677,0.709621
1.04547,0.706996
1.035262,0.706121
1.025054,0.703496
1.014847,0.701746
1.004639,0.700871
0.994432,0.6982459999999999
0.984224,0.6973710000000001
0.9740169999999999,0.695621
0.9638089999999999,0.692996
0.9536009999999999,0.692996
0.943394,0.689496
0.933186,0.688621
0.922979,0.686871
0.912771,0.685121
0.9025639999999999,0.685121
0.8923559999999999,0.682496
0.8821479999999999,0.5731219999999999
0.871941,0.45587199999999994
0.861733,0.362248
0.851526,0.28699800000000003
0.841318,0.228373
0.8311109999999999,0.181124
0.8209029999999999,0.144374
0.8106949999999999,0.11549899999999999
0.800488,0.09274958400000001
0.79028,0.07481216800000001
0.780073,0.06081222800000001
0.7698649999999999,0.049656028000000005
0.7596579999999999,0.040906068000000004
0.74945,0.033249852
0.739242,0.027562376000000003
0.729035,0.022421774000000002
0.718827,0.018156170000000003
0.7086199999999999,0.014328061000000001
0.6984119999999999,-0.022035904000000002
0.688205,-0.025250288000000003
0.677997,-0.027910276
0.667789,-0.029366270000000003
0.657582,-0.029209472
0.647374,-0.030463868000000005
0.6371669999999999,-0.032328658
0.6269589999999999,-0.032782254000000004
0.616752,-0.032715054
0.606544,-0.034955048
0.596336,-0.036052640000000004
0.586129,-0.03583424
0.575921,-0.037738232000000003
0.5657139999999999,-0.039205428
0.5555059999999999,-0.039664624
0.545299,-0.040779020000000006
0.535091,-0.042503812
0.524883,-0.043573408
0.514676,-0.044430204
0.504468,-0.046238996000000004
0.49426099999999995,-0.04770058800000001
0.48405299999999996,-0.048842984000000006
0.473846,-0.05036058
0.463638,-0.055124752000000006
0.45343,-0.06015598400000001
0.443223,-0.066609076
0.433015,-0.07459341600000001
0.42280799999999996,-0.08268712800000001
0.41259999999999997,-0.091874592
0.402393,-0.10303
0.392185,-0.115936
0.38197699999999996,-0.13026500000000002
0.37177,-0.146889
0.361562,-0.167124
0.351355,-0.189327
0.341147,-0.21546700000000002
0.33094,-0.24740499999999999
0.32073199999999996,-0.284045
0.310525,-0.327357
0.300317,-0.38007599999999997
0.290109,-0.442091
0.279902,-0.515919
0.269694,-0.604512
0.25948699999999997,-0.7131209999999999
0.249279,-0.8439329999999999
0.23907199999999998,-1.000448
0.22886399999999998,-1.194369
0.218656,-1.4358680000000001
0.208449,-1.739492
0.198241,-2.127334
0.18803399999999998,-2.6669880000000004
0.17782599999999998,-3.413359
0.167619,-4.459417
0.157411,-5.987597999999999
0.147203,-8.044713999999999
0.136996,-10.536703
0.12678799999999998,-13.053192000000001
0.11658099999999999,-15.350932
0.106373,-16.719424
0.096166048,-16.211926000000002
0.08595848,-13.558939
0.07575092,-9.869955000000001
0.065543348,-6.964968
0.055335776,-5.445975
0.045128204000000005,-4.735478
0.034920632,-4.31898
0.024713064,-3.9934819999999998
0.014505494,-3.674983
0.004297924,-3.310985
-0.005909646,-2.9049859999999996
-0.016117215,-2.631988
-0.026324786000000003,-2.519988
-0.036532356,-2.460489
-0.046739924,-2.435989
-0.056947496,-2.411489
-0.067155064,-2.355489
-0.077362632,-2.25399
-0.08757020800000001,-2.1244899999999998
-0.09777777600000001,-1.9809910000000002
-0.107985,-1.8584910000000001
-0.11819199999999999,-1.763992
-0.1284,-1.683492
-0.13860799999999998,-1.627492
-0.148815,-1.574992
-0.159023,-1.525993
-0.16923,-1.473493
-0.179438,-1.4244929999999998
-0.18964499999999998,-1.3789930000000001
-0.199853,-1.336994
-0.18964499999999998,-1.242494
-0.179438,-1.179494
-0.16923,-1.126995
-0.159023,-1.077995
-0.148815,-1.035995
-0.13860799999999998,-0.997495
-0.1284,-0.9589949999999999
-0.11819199999999999,-0.927495
-0.107985,-0.899495
-0.09777777600000001,-0.8714959999999999
-0.08757020800000001,-0.846996
-0.077362632,-0.8189960000000001
-0.067155064,-0.794496
-0.056947496,-0.7629959999999999
-0.046739924,-0.738496
-0.036532356,-0.706996
-0.026324786000000003,-0.6789959999999999
-0.016117215,-0.643997
-0.005909646,-0.605497
0.004297924,-0.559997
0.014505494,-0.5057470000000001
0.024713064,-0.44274800000000003
0.034920632,-0.37799799999999995
0.045128204000000005,-0.311498
0.055335776,-0.250248
0.065543348,-0.198624
0.07575092,-0.155749
0.08595848,-0.12162400000000001
0.096166048,-0.09449958400000001
0.106373,-0.074374672
0.11658099999999999,-0.056874748
0.12678799999999998,-0.04199981600000001
0.136996,-0.028874872
0.147203,-0.014437436
0.157411,-0.00043749800000000003
0.167619,0.015640556
0.17782599999999998,0.033140478
0.18803399999999998,0.05239039200000001
0.198241,0.07393717600000001
0.208449,0.09799956800000001
0.218656,0.12643600000000002
0.22886399999999998,0.15859299999999998
0.23907199999999998,0.196327
0.249279,0.24937299999999998
0.25948699999999997,0.32517
0.269694,0.43651300000000004
0.279902,0.599153
0.290109,0.823371
0.300317,1.102604
0.310525,1.424274
0.32073199999999996,1.7388359999999998
0.33094,1.988209
0.341147,2.124928
0.351355,2.16474
0.361562,2.1262399999999997
0.37177,2.03699
0.38197699999999996,1.9324279999999998
0.392185,1.829179
0.402393,1.733804
0.41259999999999997,1.653305
0.42280799999999996,1.5951170000000001
0.433015,1.56318
0.443223,1.56493
0.45343,1.621367
0.463638,1.7591789999999998
0.473846,1.9967409999999999
0.48405299999999996,2.337989
0.49426099999999995,2.7833620000000003
0.504468,3.319735
0.514676,3.9081699999999997
0.524883,4.484355
0.535091,5.044352
0.545299,5.6034749999999995
0.5555059999999999,6.149472
0.5657139999999999,6.60797
0.575921,6.850344
0.586129,6.823219
0.596336,6.629845
0.606544,6.374346
0.616752,5.916723
0.6269589999999999,5.296351
0.6371669999999999,4.766978
0.647374,4.37323
0.657582,4.087106
0.667789,3.877982
0.677997,3.718733
0.688205,3.594483
0.6984119999999999,3.494734
0.7086199999999999,3.4168589999999996
0.718827,3.352109
0.729035,3.29786
0.739242,3.249735
0.74945,3.207735
0.7596579999999999,3.169235
0.7698649999999999,3.137735
0.780073,3.1132359999999997
0.79028,3.094861
0.800488,3.0852359999999996
0.8106949999999999,3.0834859999999997
0.8209029999999999,3.093111
0.8311109999999999,3.115861
0.841318,2.757987
0.851526,2.470113
0.861733,2.2618639999999997
0.871941,2.10349
0.8821479999999999,1.9748659999999998
0.8923559999999999,1.866366
0.9025639999999999,1.778867
0.912771,1.7001169999999999
0.922979,1.634492
0.933186,1.575868
0.943394,1.523368
0.9536009999999999,1.477868
0.9638089999999999,1.4358680000000001
0.9740169999999999,1.398243
0.984224,1.364993
0.994432,1.332619
1.004639,1.304619
1.014847,1.2783689999999999
1.025054,1.252994
1.035262,1.231119
1.04547,1.210119
1.055677,1.1899939999999998
1.065885,1.1724940000000001
1.076092,1.154119
1.0863,1.139244
1.096507,1.12262
1.106715,1.107745
1.1169229999999999,1.09462
1.12713,1.08062
1.137338,1.069245
1.147545,1.0569950000000001
1.157753,1.04562
1.1679599999999999,1.03512
1.1781679999999999,1.023745
1.1883759999999999,1.0149949999999999
1.198583,1.004495
1.208791,0.99487
1.218998,0.9869949999999998
1.229206,0.97737
1.2394129999999999,0.9703700000000001
1.2496209999999999,0.962495
1.2598289999999999,0.9537450000000001
1.270036,0.9476199999999999
1.280244,0.9397449999999999
1.290451,0.93362
1.300659,0.92662
1.3108659999999999,0.91962
1.3210739999999999,0.91437
1.331281,0.90737
1.341489,0.901246
1.351697,0.89687
1.361904,0.889871
1.372112,0.8854960000000001
1.3823189999999999,0.880246
1.3925269999999998,0.8741209999999999
1.402734,0.870621
1.412942,0.8644959999999999
1.42315,0.860121
1.433357,0.855746
1.443565,0.8504959999999999
1.4537719999999998,0.846996
1.4639799999999998,0.841746
1.474187,0.8382459999999999
1.484395,0.834746
1.494603,0.8294959999999999
1.50481,0.826871
1.494603,0.822496
1.484395,0.818121
1.474187,0.815496
1.4639799999999998,0.811121
1.4537719999999998,0.808496
1.443565,0.804996
1.433357,0.8006209999999999
1.42315,0.797996
1.412942,0.7936209999999999
1.402734,0.790996
1.3925269999999998,0.7883709999999999
1.3823189999999999,0.783996
1.372112,0.782246
1.361904,0.7787459999999999
1.351697,0.775246
1.341489,0.773496
1.331281,0.769121
1.3210739999999999,0.767371
1.3108659999999999,0.7647459999999999
1.300659,0.761246
1.290451,0.760371
1.280244,0.756871
1.270036,0.754246
1.2598289999999999,0.7524959999999999
1.2496209999999999,0.748121
1.2394129999999999,0.747246
1.229206,0.743746
1.218998,0.741996
1.208791,0.7402460000000001
1.198583,0.736746
1.1883759999999999,0.734996
1.1781679999999999,0.732371
1.1679599999999999,0.729746
1.157753,0.7288709999999999
1.147545,0.7262460000000001
1.137338,0.724496
1.12713,0.722746
1.1169229999999999,0.7201209999999999
1.106715,0.718371
1.096507,0.715746
1.0863,0.713996
1.076092,0.712246
1.065885,0.709621
1.055677,0.708746
1.04547,0.706121
1.035262,0.7052459999999999
1.025054,0.703496
1.014847,0.700871
1.004639,0.699996
0.994432,0.6973710000000001
0.984224,0.696496
0.9740169999999999,0.695621
0.9638089999999999,0.692121
0.9536009999999999,0.6912459999999999
0.943394,0.689496
0.933186,0.687746
0.922979,0.686871
0.912771,0.6842459999999999
0.9025639999999999,0.6833710000000001
0.8923559999999999,0.681621
0.8821479999999999,0.5722470000000001
0.871941,0.454997
0.861733,0.362248
0.851526,0.28699800000000003
0.841318,0.228373
0.8311109999999999,0.181124
0.8209029999999999,0.144374
0.8106949999999999,0.11549899999999999
0.800488,0.09274958400000001
0.79028,0.07481216800000001
0.780073,0.060374732
0.7698649999999999,0.049437284000000005
0.7596579999999999,0.040906068000000004
0.74945,0.033249852
0.739242,0.02734363
0.729035,0.022531150000000003
0.718827,0.017937420000000003
0.7086199999999999,0.014437436
0.6984119999999999,-0.022086302
0.688205,-0.025239088000000003
0.677997,-0.027882278000000003
0.667789,-0.029422270000000004
0.657582,-0.029164672000000003
0.647374,-0.030480664000000005
0.6371669999999999,-0.032356656
0.6269589999999999,-0.032681456
0.616752,-0.032804654
0.606544,-0.034966244
0.596336,-0.03600784
0.586129,-0.03587344
0.575921,-0.037693432000000006
0.5657139999999999,-0.039216628
0.5555059999999999,-0.039675824
0.545299,-0.04073982
0.535091,-0.042537412000000004
0.524883,-0.043511808000000006
0.514676,-0.044402204
0.504468,-0.046238996000000004
0.49426099999999995,-0.047655788000000004
0.48405299999999996,-0.048831788
0.473846,-0.050343780000000005
0.463638,-0.054906008000000006
0.45343,-0.06015598400000001
0.443223,-0.066390328
0.433015,-0.074374672
0.42280799999999996,-0.08257776
0.41259999999999997,-0.09143709600000001
0.402393,-0.102921
0.392185,-0.11549899999999999
0.38197699999999996,-0.130155
0.37177,-0.146561
0.361562,-0.16635799999999998
0.351355,-0.18899899999999997
0.341147,-0.21492
0.33094,-0.246748
0.32073199999999996,-0.283279
0.310525,-0.326154
0.300317,-0.378763
0.290109,-0.44055999999999995
0.279902,-0.5140600000000001
0.269694,-0.602434
0.25948699999999997,-0.710496
0.249279,-0.840871
0.23907199999999998,-0.9967290000000001
0.22886399999999998,-1.189557
0.218656,-1.430181
0.208449,-1.731398
0.198241,-2.117709
0.18803399999999998,-2.65255
0.17782599999999998,-3.393234
0.167619,-4.4318550000000005
0.157411,-5.9455979999999995
0.147203,-7.9895890000000005
0.136996,-10.478953
0.12678799999999998,-13.004192
0.11658099999999999,-15.324682
0.106373,-16.736925
0.096166048,-16.288926
0.08595848,-13.688438
0.07575092,-9.995954999999999
0.065543348,-7.0489679999999995
0.055335776,-5.487975
0.045128204000000005,-4.759978
0.034920632,-4.33648
0.024713064,-4.000482
0.014505494,-3.681983
0.004297924,-3.317985
-0.005909646,-2.911987
-0.016117215,-2.6389880000000003
-0.026324786000000003,-2.526988
-0.036532356,-2.467488
-0.046739924,-2.442989
-0.056947496,-2.418489
-0.067155064,-2.362489
-0.077362632,-2.2609899999999996
-0.08757020800000001,-2.13149
-0.09777777600000001,-1.991491
-0.107985,-1.868991
-0.11819199999999999,-1.7709920000000001
-0.1284,-1.6904919999999999
-0.13860799999999998,-1.630992
-0.148815,-1.5819929999999998
-0.159023,-1.529493
-0.16923,-1.476993
-0.179438,-1.4279929999999998
-0.18964499999999998,-1.382493
-0.199853,-1.343994
-0.18964499999999998,-1.245994
-0.179438,-1.1829939999999999
-0.16923,-1.1304949999999998
-0.159023,-1.077995
-0.148815,-1.035995
-0.13860799999999998,-0.997495
-0.1284,-0.962495
-0.11819199999999999,-0.927495
-0.107985,-0.902995
-0.09777777600000001,-0.874996
-0.08757020800000001,-0.846996
-0.077362632,-0.822496
-0.067155064,-0.794496
-0.056947496,-0.766496
-0.046739924,-0.738496
-0.036532356,-0.710496
-0.026324786000000003,-0.6789959999999999
-0.016117215,-0.645747
-0.005909646,-0.605497
0.004297924,-0.559997
0.014505494,-0.503997
0.024713064,-0.440998
0.034920632,-0.37624799999999997
0.045128204000000005,-0.30974799999999997
0.055335776,-0.24849799999999997
0.065543348,-0.197749
0.07575092,-0.15487399999999998
0.08595848,-0.120749
0.096166048,-0.09449958400000001
0.106373,-0.07393717600000001
0.11658099999999999,-0.05643725200000001
0.12678799999999998,-0.041562316
0.136996,-0.028874872
0.147203,-0.014437436
0.157411,0.00043749800000000003
0.167619,0.015859305
0.17782599999999998,0.03346860200000001
0.18803399999999998,0.052718516
0.198241,0.074374672
0.208449,0.09898393600000001
0.218656,0.12709299999999998
0.22886399999999998,0.159577
0.23907199999999998,0.19763899999999998
0.249279,0.25112300000000004
0.25948699999999997,0.327904
0.269694,0.44023199999999996
0.279902,0.6038560000000001
0.290109,0.830043
0.300317,1.109276
0.310525,1.432149
0.32073199999999996,1.7451789999999998
0.33094,1.9925839999999997
0.341147,2.1262399999999997
0.351355,2.163427
0.361562,2.1231780000000002
0.37177,2.033491
0.38197699999999996,1.928053
0.392185,1.825241
0.402393,1.7303039999999998
0.41259999999999997,1.650242
0.42280799999999996,1.593367
0.433015,1.561868
0.443223,1.565368
0.45343,1.62443
0.463638,1.766617
0.473846,2.008991
0.48405299999999996,2.355489
0.49426099999999995,2.806987
0.504468,3.34861
0.514676,3.940107
0.524883,4.52023
0.535091,5.081102
0.545299,5.6446000000000005
0.5555059999999999,6.1905969999999995
0.5657139999999999,6.6447199999999995
0.575921,6.878344
0.586129,6.838094
0.596336,6.638595
0.606544,6.371721
0.616752,5.899223
0.6269589999999999,5.277976000000001
0.6371669999999999,4.7512289999999995
0.647374,4.361855
0.657582,4.079232
0.667789,3.8709819999999997
0.677997,3.7143580000000003
0.688205,3.5901089999999996
0.6984119999999999,3.491234
0.7086199999999999,3.413359
0.718827,3.347735
0.729035,3.29261
0.739242,3.2453600000000002
0.74945,3.2016099999999996
0.7596579999999999,3.16486
0.7698649999999999,3.132486
0.780073,3.107986
0.79028,3.089611
0.800488,3.079986
0.8106949999999999,3.0782359999999995
0.8209029999999999,3.088736
0.8311109999999999,3.112361
0.841318,2.754487
0.851526,2.467488
0.861733,2.260115
0.871941,2.1008649999999998
0.8821479999999999,1.9731159999999999
0.8923559999999999,1.865491
0.9025639999999999,1.7771169999999998
0.912771,1.7001169999999999
0.922979,1.632742
0.933186,1.574992
0.943394,1.523368
0.9536009999999999,1.476993
0.9638089999999999,1.4358680000000001
0.9740169999999999,1.397368
0.984224,1.3641180000000002
0.994432,1.332619
1.004639,1.303744
1.014847,1.277494
1.025054,1.252119
1.035262,1.2302440000000001
1.04547,1.210119
1.055677,1.1899939999999998
1.065885,1.171619
1.076092,1.153244
1.0863,1.137494
1.096507,1.12262
1.106715,1.10687
1.1169229999999999,1.093745
1.12713,1.079745
1.137338,1.06837
1.147545,1.0569950000000001
1.157753,1.0447449999999998
1.1679599999999999,1.03512
1.1781679999999999,1.023745
1.1883759999999999,1.0132450000000002
1.198583,1.004495
1.208791,0.99487
1.218998,0.9869949999999998
1.229206,0.978245
1.2394129999999999,0.96862
1.2496209999999999,0.962495
1.2598289999999999,0.9537450000000001
1.270036,0.946745
1.280244,0.9397449999999999
1.290451,0.9327449999999999
1.300659,0.92662
1.3108659999999999,0.91962
1.3210739999999999,0.913495
1.331281,0.908245
1.341489,0.901246
1.351697,0.89687
1.361904,0.890746
1.372112,0.884621
1.3823189999999999,0.880246
1.3925269999999998,0.8741209999999999
1.402734,0.869746
1.412942,0.865371
1.42315,0.859246
1.433357,0.855746
1.443565,0.8504959999999999
1.4537719999999998,0.846121
1.4639799999999998,0.842621
1.474187,0.837371
1.484395,0.833871
1.494603,0.8294959999999999
1.50481,0.825121
1.494603,0.822496
1.484395,0.818121
1.474187,0.8146209999999999
1.4639799999999998,0.811121
1.4537719999999998,0.806746
1.443565,0.804996
1.433357,0.799746
1.42315,0.797121
1.412942,0.7936209999999999
1.402734,0.790121
1.3925269999999998,0.7883709999999999
1.3823189999999999,0.783996
1.372112,0.781371
1.361904,0.7787459999999999
1.351697,0.774371
1.341489,0.772621
1.331281,0.769121
1.3210739999999999,0.766496
1.3108659999999999,0.7647459999999999
1.300659,0.761246
1.290451,0.759496
1.280244,0.7559959999999999
1.270036,0.753371
1.2598289999999999,0.751621
1.2496209999999999,0.748121
1.2394129999999999,0.746371
1.229206,0.743746
1.218998,0.7402460000000001
1.208791,0.739371
1.198583,0.736746
1.1883759999999999,0.7341209999999999
1.1781679999999999,0.732371
1.1679599999999999,0.729746
1.157753,0.727996
1.147545,0.7262460000000001
1.137338,0.723621
1.12713,0.722746
1.1169229999999999,0.719246
1.106715,0.718371
1.096507,0.715746
1.0863,0.7131209999999999
1.076092,0.712246
1.065885,0.709621
1.055677,0.707871
1.04547,0.706121
1.035262,0.7043710000000001
1.025054,0.702621
1.014847,0.700871
1.004639,0.699121
0.994432,0.6982459999999999
0.984224,0.694746
0.9740169999999999,0.694746
0.9638089999999999,0.692121
0.9536009999999999,0.6903710000000001
0.943394,0.689496
0.933186,0.686871
0.922979,0.6859959999999999
0.912771,0.6842459999999999
0.9025639999999999,0.682496
0.8923559999999999,0.681621
0.8821479999999999,0.5722470000000001
0.871941,0.454997
0.861733,0.362248
0.851526,0.28699800000000003
0.841318,0.22749799999999998
0.8311109999999999,0.181124
0.8209029999999999,0.144374
0.8106949999999999,0.11462399999999999
0.800488,0.09274958400000001
0.79028,0.07481216800000001
0.780073,0.06081222800000001
0.7698649999999999,0.049437284000000005
0.7596579999999999,0.04068732
0.74945,0.03346860200000001
0.739242,0.02712488
0.729035,0.022421774000000002
0.718827,0.018046794
0.7086199999999999,0.014437436
0.6984119999999999,-0.022075102
0.688205,-0.025283888
0.677997,-0.027831876000000002
0.667789,-0.029416672
0.657582,-0.029209472
0.647374,-0.030391066000000005
0.6371669999999999,-0.032362256000000006
0.6269589999999999,-0.032703856
0.616752,-0.03277665600000001
0.606544,-0.034955048
0.596336,-0.035951844
0.586129,-0.035929444
0.575921,-0.03767103200000001
0.5657139999999999,-0.03917742800000001
0.5555059999999999,-0.039675824
0.545299,-0.040717420000000004
0.535091,-0.042543012000000005
0.524883,-0.043528608
0.514676,-0.044368604000000006
0.504468,-0.046272596000000006
0.49426099999999995,-0.047605388000000005
0.48405299999999996,-0.04879258400000001
0.473846,-0.050326976
0.463638,-0.054796632000000005
0.45343,-0.060046612000000006
0.443223,-0.066280956
0.433015,-0.07415592
0.42280799999999996,-0.082468384
0.41259999999999997,-0.091218344
0.402393,-0.102702
0.392185,-0.115171
0.38197699999999996,-0.12939
0.37177,-0.146561
0.361562,-0.16592099999999999
0.351355,-0.188671
0.341147,-0.21426399999999998
0.33094,-0.24587299999999998
0.32073199999999996,-0.28273299999999996
0.310525,-0.325061
0.300317,-0.37745100000000004
0.290109,-0.439357
0.279902,-0.512091
0.269694,-0.600575
0.25948699999999997,-0.707762
0.249279,-0.83759
0.23907199999999998,-0.993011
0.22886399999999998,-1.184744
0.218656,-1.424712
0.208449,-1.7239609999999999
0.198241,-2.1083030000000003
0.18803399999999998,-2.6389880000000003
0.17782599999999998,-3.373109
0.167619,-4.406479999999999
0.157411,-5.906223
0.147203,-7.941464
0.136996,-10.428203
0.12678799999999998,-12.956942
0.11658099999999999,-15.300182000000001
0.106373,-16.757925
0.096166048,-16.365925999999998
0.08595848,-13.814438
0.07575092,-10.114954999999998
0.065543348,-7.129468
0.055335776,-5.533474999999999
0.045128204000000005,-4.784477999999999
0.034920632,-4.350479999999999
0.024713064,-4.007481
0.014505494,-3.688983
0.004297924,-3.321485
-0.005909646,-2.9189869999999996
-0.016117215,-2.645988
-0.026324786000000003,-2.533988
-0.036532356,-2.474489
-0.046739924,-2.446489
-0.056947496,-2.421989
-0.067155064,-2.365989
-0.077362632,-2.2714890000000003
-0.08757020800000001,-2.13849
-0.09777777600000001,-1.998491
-0.107985,-1.8724910000000001
-0.11819199999999999,-1.774492
-0.1284,-1.697492
-0.13860799999999998,-1.634492
-0.148815,-1.585492
-0.159023,-1.536493
-0.16923,-1.480493
-0.179438,-1.431493
-0.18964499999999998,-1.385993
-0.199853,-1.343994
-0.18964499999999998,-1.252994
-0.179438,-1.186494
-0.16923,-1.133994
-0.159023,-1.081495
-0.148815,-1.039495
-0.13860799999999998,-1.0009949999999999
-0.1284,-0.962495
-0.11819199999999999,-0.934495
-0.107985,-0.902995
-0.09777777600000001,-0.878496
-0.08757020800000001,-0.8504959999999999
-0.077362632,-0.822496
-0.067155064,-0.797996
-0.056947496,-0.769996
-0.046739924,-0.738496
-0.036532356,-0.710496
-0.026324786000000003,-0.6789959999999999
-0.016117215,-0.645747
-0.005909646,-0.607247
0.004297924,-0.559997
0.014505494,-0.503997
0.024713064,-0.439248
0.034920632,-0.37449799999999994
0.045128204000000005,-0.307998
0.055335776,-0.24849799999999997
0.065543348,-0.196874
0.07575092,-0.153999
0.08595848,-0.11987400000000001
0.096166048,-0.09449958400000001
0.106373,-0.073499672
0.11658099999999999,-0.05643725200000001
0.12678799999999998,-0.041562316
0.136996,-0.028437374
0.147203,-0.014218687
0.157411,0.00043749800000000003
0.167619,0.016406176
0.17782599999999998,0.0339061
0.18803399999999998,0.053702888000000004
0.198241,0.074921544
0.208449,0.099640184
0.218656,0.127968
0.22886399999999998,0.16034299999999999
0.23907199999999998,0.198952
0.249279,0.252436
0.25948699999999997,0.33031099999999997
0.269694,0.443841
0.279902,0.6085590000000001
0.290109,0.836168
0.300317,1.1156199999999998
0.310525,1.439368
0.32073199999999996,1.751304
0.33094,1.9960839999999997
0.341147,2.127553
0.351355,2.162115
0.361562,2.120115
0.37177,2.030428
0.38197699999999996,1.9249910000000001
0.392185,1.8217409999999998
0.402393,1.727679
0.41259999999999997,1.648055
0.42280799999999996,1.59118
0.433015,1.5614299999999999
0.443223,1.5658050000000001
0.45343,1.6279299999999999
0.463638,1.7731789999999998
0.473846,2.021241
0.48405299999999996,2.3725519999999998
0.49426099999999995,2.829299
0.504468,3.376172
0.514676,3.9711689999999997
0.524883,4.554354
0.535091,5.117852
0.545299,5.683974
0.5555059999999999,6.232596999999999
0.5657139999999999,6.6832199999999995
0.575921,6.907219
0.586129,6.853844
0.596336,6.64297
0.606544,6.368221
0.616752,5.884348
0.6269589999999999,5.260476
0.6371669999999999,4.736353
0.647374,4.349605
0.657582,4.071356
0.667789,3.8639819999999996
0.677997,3.708233
0.688205,3.5848579999999997
0.6984119999999999,3.486859
0.7086199999999999,3.408109
0.718827,3.3433599999999997
0.729035,3.2882350000000002
0.739242,3.240985
0.74945,3.19811
0.7596579999999999,3.160485
0.7698649999999999,3.1289860000000003
0.780073,3.103611
0.79028,3.0852359999999996
0.800488,3.075611
0.8106949999999999,3.075611
0.8209029999999999,3.0852359999999996
0.8311109999999999,3.109736
0.841318,2.753612
0.851526,2.465739
0.861733,2.260115
0.871941,2.0991150000000003
0.8821479999999999,1.9713659999999997
0.8923559999999999,1.865491
0.9025639999999999,1.775367
0.912771,1.7001169999999999
0.922979,1.632742
0.933186,1.574118
0.943394,1.522493
0.9536009999999999,1.476118
0.9638089999999999,1.434993
0.9740169999999999,1.397368
0.984224,1.363243
0.994432,1.332619
1.004639,1.302869
1.014847,1.277494
1.025054,1.252994
1.035262,1.229369
1.04547,1.210119
1.055677,1.189119
1.065885,1.170744
1.076092,1.154119
1.0863,1.136619
1.096507,1.12262
1.106715,1.10687
1.1169229999999999,1.09287
1.12713,1.08062
1.137338,1.067495
1.147545,1.0569950000000001
1.157753,1.0438699999999999
1.1679599999999999,1.03337
1.1781679999999999,1.023745
1.1883759999999999,1.01237
1.198583,1.004495
1.208791,0.99487
1.218998,0.985245
1.229206,0.978245
1.2394129999999999,0.96862
1.2496209999999999,0.9616199999999999
1.2598289999999999,0.9537450000000001
1.270036,0.9458699999999999
1.280244,0.9397449999999999
1.290451,0.93187
1.300659,0.9257449999999999
1.3108659999999999,0.91962
1.3210739999999999,0.91262
1.331281,0.90737
1.341489,0.90037
1.351697,0.8951209999999999
1.361904,0.890746
1.372112,0.883746
1.3823189999999999,0.8793709999999999
1.3925269999999998,0.8741209999999999
1.402734,0.868871
1.412942,0.8644959999999999
1.42315,0.859246
1.433357,0.854871
1.443565,0.8504959999999999
1.4537719999999998,0.8452459999999999
1.4639799999999998,0.841746
1.474187,0.837371
1.484395,0.832996
1.494603,0.8294959999999999
1.50481,0.824246
1.494603,0.8216209999999999
1.484395,0.817246
1.474187,0.813746
1.4639799999999998,0.811121
1.4537719999999998,0.805871
1.443565,0.804121
1.433357,0.799746
1.42315,0.796246
1.412942,0.7936209999999999
1.402734,0.789246
1.3925269999999998,0.787496
1.3823189999999999,0.783996
1.372112,0.780496
1.361904,0.7787459999999999
1.351697,0.774371
1.341489,0.7717459999999999
1.331281,0.769121
1.3210739999999999,0.765621
1.3108659999999999,0.763871
1.300659,0.761246
1.290451,0.7577459999999999
1.280244,0.7559959999999999
1.270036,0.753371
1.2598289999999999,0.7507459999999999
1.2496209999999999,0.748121
1.2394129999999999,0.745496
1.229206,0.743746
1.218998,0.7402460000000001
1.208791,0.738496
1.198583,0.736746
1.1883759999999999,0.7332460000000001
1.1781679999999999,0.732371
1.1679599999999999,0.729746
1.157753,0.727996
1.147545,0.725371
1.137338,0.722746
1.12713,0.7218709999999999
1.1169229999999999,0.719246
1.106715,0.716621
1.096507,0.715746
1.0863,0.7131209999999999
1.076092,0.711371
1.065885,0.709621
1.055677,0.706996
1.04547,0.706121
1.035262,0.703496
1.025054,0.702621
1.014847,0.700871
1.004639,0.6982459999999999
0.994432,0.6982459999999999
0.984224,0.694746
0.9740169999999999,0.693871
0.9638089999999999,0.692121
0.9536009999999999,0.689496
0.943394,0.688621
0.933186,0.686871
0.922979,0.685121
0.912771,0.6842459999999999
0.9025639999999999,0.681621
0.8923559999999999,0.680746
0.8821479999999999,0.571372
0.871941,0.454997
0.861733,0.361373
0.851526,0.28699800000000003
0.841318,0.22749799999999998
0.8311109999999999,0.181124
0.8209029999999999,0.14349900000000002
0.8106949999999999,0.11462399999999999
0.800488,0.09274958400000001
0.79028,0.07481216800000001
0.780073,0.06081222800000001
0.7698649999999999,0.049656028000000005
0.7596579999999999,0.04068732
0.74945,0.03346860200000001
0.739242,0.02734363
0.729035,0.022312400000000003
0.718827,0.018156170000000003
0.7086199999999999,0.014218687
0.6984119999999999,-0.021996704000000002
0.688205,-0.025272688
0.677997,-0.027865476
0.667789,-0.029394272000000003
0.657582,-0.029226270000000002
0.647374,-0.030402266
0.6371669999999999,-0.032390258000000005
0.6269589999999999,-0.032715054
0.616752,-0.032731856000000004
0.606544,-0.03500544800000001
0.596336,-0.03596304
0.586129,-0.035907044000000006
0.575921,-0.037715832000000005
0.5657139999999999,-0.03917742800000001
0.5555059999999999,-0.039698224000000004
0.545299,-0.040689420000000004
0.535091,-0.042487012000000005
0.524883,-0.043545408
0.514676,-0.044307004000000004
0.504468,-0.046250196
0.49426099999999995,-0.047599792
0.48405299999999996,-0.04877018400000001
0.473846,-0.050332576000000004
0.463638,-0.054577884
0.45343,-0.060046612000000006
0.443223,-0.066499704
0.433015,-0.07382780000000001
0.42280799999999996,-0.082468384
0.41259999999999997,-0.09110897600000001
0.402393,-0.102593
0.392185,-0.115061
0.38197699999999996,-0.12906099999999998
0.37177,-0.146124
0.361562,-0.165702
0.351355,-0.18812399999999999
0.341147,-0.213827
0.33094,-0.245108
0.32073199999999996,-0.281858
0.310525,-0.324186
0.300317,-0.376357
0.290109,-0.438044
0.279902,-0.5103409999999999
0.269694,-0.598497
0.25948699999999997,-0.7052459999999999
0.249279,-0.834418
0.23907199999999998,-0.989729
0.22886399999999998,-1.180369
0.218656,-1.419243
0.208449,-1.717398
0.198241,-2.0991150000000003
0.18803399999999998,-2.6262999999999996
0.17782599999999998,-3.354297
0.167619,-4.381105
0.157411,-5.8712230000000005
0.147203,-7.893338999999999
0.136996,-10.379203
0.12678799999999998,-12.913192
0.11658099999999999,-15.275682000000002
0.106373,-16.766674
0.096166048,-16.453425999999997
0.08595848,-13.933437
0.07575092,-10.233953999999999
0.065543348,-7.206467
0.055335776,-5.575475
0.045128204000000005,-4.805478
0.034920632,-4.35748
0.024713064,-4.014481
0.014505494,-3.688983
0.004297924,-3.324985
-0.005909646,-2.922487
-0.016117215,-2.652988
-0.026324786000000003,-2.540988
-0.036532356,-2.481489
-0.046739924,-2.453489
-0.056947496,-2.428989
-0.067155064,-2.376489
-0.077362632,-2.278489
-0.08757020800000001,-2.1454899999999997
-0.09777777600000001,-2.005491
-0.107985,-1.882991
-0.11819199999999999,-1.781492
-0.1284,-1.7009919999999998
-0.13860799999999998,-1.6414920000000002
-0.148815,-1.592492
-0.159023,-1.539993
-0.16923,-1.483993
-0.179438,-1.4384929999999998
-0.18964499999999998,-1.3929930000000001
-0.199853,-1.347494
-0.18964499999999998,-1.256494
-0.179438,-1.1899939999999998
-0.16923,-1.133994
-0.159023,-1.0849950000000002
-0.148815,-1.0429950000000001
-0.13860799999999998,-1.004495
-0.1284,-0.965995
-0.11819199999999999,-0.934495
-0.107985,-0.9064949999999999
-0.09777777600000001,-0.881996
-0.08757020800000001,-0.853996
-0.077362632,-0.825996
-0.067155064,-0.797996
-0.056947496,-0.769996
-0.046739924,-0.741996
-0.036532356,-0.710496
-0.026324786000000003,-0.682496
-0.016117215,-0.645747
-0.005909646,-0.607247
0.004297924,-0.558247
0.014505494,-0.502247
0.024713064,-0.439248
0.034920632,-0.372748
0.045128204000000005,-0.307998
0.055335776,-0.246748
0.065543348,-0.195999
0.07575092,-0.15312399999999998
0.08595848,-0.118999
0.096166048,-0.09362458400000001
0.106373,-0.073499672
0.11658099999999999,-0.05599975200000001
0.12678799999999998,-0.041124816
0.136996,-0.027999876000000003
0.147203,-0.013781188000000002
0.157411,0.0008749960000000001
0.167619,0.017062424
0.17782599999999998,0.034015476
0.18803399999999998,0.05424976
0.198241,0.075577792
0.208449,0.100077
0.218656,0.128952
0.22886399999999998,0.160999
0.23907199999999998,0.200045
0.249279,0.25418599999999997
0.25948699999999997,0.332607
0.269694,0.447232
0.279902,0.613262
0.290109,0.842074
0.300317,1.1217439999999999
0.310525,1.446149
0.32073199999999996,1.7576479999999999
0.33094,1.998709
0.341147,2.1288650000000002
0.351355,2.161677
0.361562,2.1174899999999997
0.37177,2.027366
0.38197699999999996,1.921928
0.392185,1.818679
0.402393,1.724617
0.41259999999999997,1.64543
0.42280799999999996,1.589867
0.433015,1.560118
0.443223,1.56668
0.45343,1.630992
0.463638,1.780179
0.473846,2.0330529999999998
0.48405299999999996,2.3900509999999997
0.49426099999999995,2.851174
0.504468,3.404172
0.514676,4.001356
0.524883,4.586729
0.535091,5.154602000000001
0.545299,5.722473999999999
0.5555059999999999,6.271097
0.5657139999999999,6.71822
0.575921,6.932594
0.586129,6.868719
0.596336,6.649095
0.606544,6.366471
0.616752,5.868599
0.6269589999999999,5.242101
0.6371669999999999,4.723228
0.647374,4.339980000000001
0.657582,4.062606
0.667789,3.8569819999999995
0.677997,3.702108
0.688205,3.579609
0.6984119999999999,3.4816089999999997
0.7086199999999999,3.404609
0.718827,3.338985
0.729035,3.28386
0.739242,3.2366099999999998
0.74945,3.19286
0.7596579999999999,3.155235
0.7698649999999999,3.122861
0.780073,3.0983609999999997
0.79028,3.080861
0.800488,3.071236
0.8106949999999999,3.071236
0.8209029999999999,3.082611
0.8311109999999999,3.105361
0.841318,2.751862
0.851526,2.463114
0.861733,2.2583640000000003
0.871941,2.0991150000000003
0.8821479999999999,1.970491
0.8923559999999999,1.865491
0.9025639999999999,1.774492
0.912771,1.6992420000000001
0.922979,1.631867
0.933186,1.5723669999999998
0.943394,1.522493
0.9536009999999999,1.475243
0.9638089999999999,1.434118
0.9740169999999999,1.397368
0.984224,1.362368
0.994432,1.332619
1.004639,1.302869
1.014847,1.276619
1.025054,1.252994
1.035262,1.229369
1.04547,1.209244
1.055677,1.189119
1.065885,1.170744
1.076092,1.154119
1.0863,1.136619
1.096507,1.12262
1.106715,1.10687
1.1169229999999999,1.09287
1.12713,1.08062
1.137338,1.06662
1.147545,1.0561200000000002
1.157753,1.0447449999999998
1.1679599999999999,1.032495
1.1781679999999999,1.023745
1.1883759999999999,1.01237
1.198583,1.00362
1.208791,0.99487
1.218998,0.985245
1.229206,0.97737
1.2394129999999999,0.96862
1.2496209999999999,0.960745
1.2598289999999999,0.9537450000000001
1.270036,0.9458699999999999
1.280244,0.9397449999999999
1.290451,0.93187
1.300659,0.92487
1.3108659999999999,0.91962
1.3210739999999999,0.9117449999999999
1.331281,0.9064949999999999
1.341489,0.901246
1.351697,0.894246
1.361904,0.889871
1.372112,0.883746
1.3823189999999999,0.878496
1.3925269999999998,0.8741209999999999
1.402734,0.867996
1.412942,0.8644959999999999
1.42315,0.858371
1.433357,0.853996
1.443565,0.8504959999999999
1.4537719999999998,0.8452459999999999
1.4639799999999998,0.840871
1.474187,0.837371
1.484395,0.832121
1.494603,0.8294959999999999
1.50481,0.824246
1.494603,0.8207460000000001
1.484395,0.817246
1.474187,0.812871
1.4639799999999998,0.810246
1.4537719999999998,0.805871
1.443565,0.802371
1.433357,0.799746
1.42315,0.7953709999999999
1.412942,0.7936209999999999
1.402734,0.789246
1.3925269999999998,0.786621
1.3823189999999999,0.783996
1.372112,0.779621
1.361904,0.777871
1.351697,0.774371
1.341489,0.770871
1.331281,0.769121
1.3210739999999999,0.765621
1.3108659999999999,0.7629959999999999
1.300659,0.760371
1.290451,0.7577459999999999
1.280244,0.7559959999999999
1.270036,0.7524959999999999
1.2598289999999999,0.749871
1.2496209999999999,0.748121
1.2394129999999999,0.744621
1.229206,0.742871
1.218998,0.7402460000000001
1.208791,0.737621
1.198583,0.7358709999999999
1.1883759999999999,0.7332460000000001
1.1781679999999999,0.731496
1.1679599999999999,0.7288709999999999
1.157753,0.7262460000000001
1.147545,0.725371
1.137338,0.7218709999999999
1.12713,0.720996
1.1169229999999999,0.719246
1.106715,0.715746
1.096507,0.7148709999999999
1.0863,0.712246
1.076092,0.710496
1.065885,0.709621
1.055677,0.706996
1.04547,0.706121
1.035262,0.703496
1.025054,0.701746
1.014847,0.700871
1.004639,0.6982459999999999
0.994432,0.696496
0.984224,0.694746
0.9740169999999999,0.692996
0.9638089999999999,0.692121
0.9536009999999999,0.689496
0.943394,0.688621
0.933186,0.686871
0.922979,0.6842459999999999
0.912771,0.6833710000000001
0.9025639999999999,0.681621
0.8923559999999999,0.679871
0.8821479999999999,0.571372
0.871941,0.45412199999999997
0.861733,0.361373
0.851526,0.28699800000000003
0.841318,0.22749799999999998
0.8311109999999999,0.181124
0.8209029999999999,0.144374
0.8106949999999999,0.11462399999999999
0.800488,0.09274958400000001
0.79028,0.07524966400000001
0.780073,0.06081222800000001
0.7698649999999999,0.049656028000000005
0.7596579999999999,0.04068732
0.74945,0.033249852
0.739242,0.02734363
0.729035,0.022203026
0.718827,0.018046794
0.7086199999999999,0.014218687
0.6984119999999999,-0.022002302
0.688205,-0.025267090000000002
0.677997,-0.027882278000000003
0.667789,-0.029366270000000003
0.657582,-0.029254272
0.647374,-0.030391066000000005
0.6371669999999999,-0.032328658
0.6269589999999999,-0.032771056
0.616752,-0.032731856000000004
0.606544,-0.03502784800000001
0.596336,-0.03596864
0.586129,-0.03583424
0.575921,-0.037710232
0.5657139999999999,-0.039138228000000004
0.5555059999999999,-0.039675824
0.545299,-0.04070622
0.535091,-0.042481416
0.524883,-0.043562208000000005
0.514676,-0.04431820400000001
0.504468,-0.046188596
0.49426099999999995,-0.047627788000000004
0.48405299999999996,-0.04872538800000001
0.473846,-0.050315780000000004
0.463638,-0.05468726
0.45343,-0.059718484
0.443223,-0.066390328
0.433015,-0.07360904800000001
0.42280799999999996,-0.082249632
0.41259999999999997,-0.090890224
0.402393,-0.102046
0.392185,-0.115061
0.38197699999999996,-0.12884299999999999
0.37177,-0.145686
0.361562,-0.165264
0.351355,-0.187358
0.341147,-0.213499
0.33094,-0.244452
0.32073199999999996,-0.281092
0.310525,-0.32342
0.300317,-0.37504499999999996
0.290109,-0.436623
0.279902,-0.50881
0.269694,-0.596309
0.25948699999999997,-0.703387
0.249279,-0.831465
0.23907199999999998,-0.9865579999999999
0.22886399999999998,-1.176213
0.218656,-1.4131179999999999
0.208449,-1.710836
0.198241,-2.0905839999999998
0.18803399999999998,-2.613613
0.17782599999999998,-3.3372349999999997
0.167619,-4.356168
0.157411,-5.834473
0.147203,-7.847839
0.136996,-10.328453
0.12678799999999998,-12.874692
0.11658099999999999,-15.254681999999999
0.106373,-16.787674
0.096166048,-16.533925999999997
0.08595848,-14.055937
0.07575092,-10.356454
0.065543348,-7.286967
0.055335776,-5.617474
0.045128204000000005,-4.8299780000000005
0.034920632,-4.36798
0.024713064,-4.014481
0.014505494,-3.688983
0.004297924,-3.324985
-0.005909646,-2.925986
-0.016117215,-2.6599880000000002
-0.026324786000000003,-2.547988
-0.036532356,-2.4884880000000003
-0.046739924,-2.4569889999999996
-0.056947496,-2.435989
-0.067155064,-2.383489
-0.077362632,-2.2854889999999997
-0.08757020800000001,-2.15599
-0.09777777600000001,-2.012491
-0.107985,-1.886491
-0.11819199999999999,-1.788492
-0.1284,-1.707992
-0.13860799999999998,-1.644992
-0.148815,-1.595992
-0.159023,-1.543493
-0.16923,-1.494493
-0.179438,-1.4419929999999999
-0.18964499999999998,-1.396493
-0.199853,-1.354493
