Potential (V),Current (uA)
-0.199853,-0.027999876000000003
-0.19877799999999998,-0.027999876000000003
-0.197704,-0.013999938000000002
-0.19663,-0.013999938000000002
-0.19555499999999998,-0.013999938000000002
-0.194481,-0.006999969000000001
-0.193406,-0.006999969000000001
-0.192332,-0.006999969000000001
-0.19125699999999998,-0.006999969000000001
-0.190183,-0.005249977000000001
-0.189108,-0.0034999840000000003
-0.18803399999999998,-0.005249977000000001
-0.186959,-0.0034999840000000003
-0.185885,-0.0034999840000000003
-0.18481,-0.0034999840000000003
-0.18373599999999998,-0.0026249880000000004
-0.182661,-0.0026249880000000004
-0.181587,-0.0026249880000000004
-0.18051199999999998,-0.0021874900000000003
-0.179438,-0.0021874900000000003
-0.178363,-0.0019687410000000004
-0.177289,-0.001859366
-0.17621399999999998,-0.0017499920000000001
-0.17514,-0.0016406170000000002
-0.174065,0.000330398
-0.172991,0.000358398
-0.17191599999999999,0.00042559800000000007
-0.170842,0.00048159700000000006
-0.169768,0.000543197
-0.16869299999999998,0.0006159970000000001
-0.167619,0.0006495970000000001
-0.166544,0.0007279960000000001
-0.16547,0.000789596
-0.16439499999999999,0.000817596
-0.163321,0.0008903960000000001
-0.162246,0.000946395
-0.16117199999999998,0.0009743950000000001
-0.160097,0.001035995
-0.159023,0.001052795
-0.157948,0.0010919950000000001
-0.15687399999999999,0.0011535940000000002
-0.155799,0.001175994
-0.154725,0.0012095940000000003
-0.15364999999999998,0.001254394
-0.152576,0.0012599940000000002
-0.151501,0.001304794
-0.150427,0.001343994
-0.14935199999999998,0.0013495940000000002
-0.148278,0.001394393
-0.147203,0.001411193
-0.14612899999999998,0.001427993
-0.145054,0.0014727930000000002
-0.14398,0.0014727930000000002
-0.142905,0.0014951930000000001
-0.14183099999999998,0.001517593
-0.140757,0.0015231930000000002
-0.139682,0.0015399930000000001
-0.13860799999999998,0.0015623930000000002
-0.137533,0.0015623930000000002
-0.136459,0.001618392
-0.135384,0.0016295920000000002
-0.13430999999999998,0.0016295920000000002
-0.133235,0.001668792
-0.132161,0.001691192
-0.13108599999999998,0.0017023920000000003
-0.130012,0.0017527920000000002
-0.128937,0.001747192
-0.127863,0.0017583920000000001
-0.12678799999999998,0.0017975920000000002
-0.125714,0.0018031920000000001
-0.124639,0.001825592
-0.123565,0.0018535910000000001
-0.12248999999999999,0.0018535910000000001
-0.121416,0.0018815910000000002
-0.12034099999999999,0.001892791
-0.119267,0.001892791
-0.11819199999999999,0.001937591
-0.117118,0.0019319909999999999
-0.116043,0.0019263910000000004
-0.11496899999999999,0.0019655910000000005
-0.113894,0.0019599910000000003
-0.11281999999999999,0.0019655910000000005
-0.111746,0.0019935910000000003
-0.11067099999999999,0.001987991
-0.109597,0.002010391
-0.108522,0.002021591
-0.107448,0.002015991
-0.106373,0.0020327910000000004
-0.10529899999999999,0.0020383910000000005
-0.104224,0.0020271910000000002
-0.10314999999999999,0.0020607900000000003
-0.102075,0.00207199
-0.101001,0.00207199
-0.099926736,0.00211119
-0.098852256,0.00211119
-0.09777777600000001,0.00211119
-0.09670329600000001,0.00215039
-0.095628816,0.0021391900000000004
-0.094554336,0.00215599
-0.093479848,0.0021783900000000005
-0.092405368,0.0021783900000000005
-0.09133089600000001,0.00220079
-0.09025640800000001,0.0022063900000000003
-0.08918192800000001,0.0022063900000000003
-0.088107448,0.0022399900000000003
-0.087032968,0.00223439
-0.08595848,0.0022399900000000003
-0.084884,0.0022735900000000002
-0.08380952800000001,0.00226239
-0.08273504000000001,0.00225679
-0.08166056000000001,0.00229039
-0.08058607200000001,0.0022791900000000004
-0.0795116,0.00229599
-0.07843712,0.002318389
-0.077362632,0.002301589
-0.07628816000000001,0.002318389
-0.07521367200000001,0.002329589
-0.074139192,0.0023127890000000004
-0.073064712,0.0023407890000000002
-0.071990232,0.002335189
-0.070915752,0.0023239890000000003
-0.069841264,0.0023519890000000005
-0.068766784,0.0023407890000000002
-0.067692312,0.0023463890000000004
-0.066617824,0.002368789
-0.065543348,0.002357589
-0.06446886,0.0023799890000000003
-0.063394384,0.002402389
-0.062319900000000004,0.002396789
-0.06124542,0.0024191890000000004
-0.060170940000000006,0.002430389
-0.05909646,0.0024191890000000004
-0.058021976,0.0024527890000000004
-0.056947496,0.0024583890000000005
-0.055873016000000005,0.0024527890000000004
-0.054798532000000004,0.0024863890000000003
-0.053724056000000006,0.0024863890000000003
-0.052649572000000006,0.0024919890000000004
-0.051575092,0.002508789
-0.050500608,0.002503189
-0.049426128,0.0025199890000000003
-0.048351648000000004,0.002542388
-0.047277168,0.0025255880000000005
-0.046202684,0.002542388
-0.045128204000000005,0.0025647880000000006
-0.044053724,0.0025535880000000003
-0.04297924,0.002575988
-0.041904764000000004,0.002570388
-0.040830280000000004,0.002575988
-0.0397558,0.0025927880000000004
-0.038681316,0.0025871880000000002
-0.037606836000000005,0.0025871880000000002
-0.036532356,0.002609588
-0.035457876,0.002609588
-0.034383392,0.002615188
-0.033308912,0.002654388
-0.03223443,0.002637588
-0.031159950000000002,0.0026655880000000004
-0.030085470000000003,0.0026711880000000006
-0.029010988,0.0026767880000000003
-0.027936508000000002,0.0027047880000000005
-0.026862028000000003,0.002710388
-0.025787546,0.002727188
-0.024713064,0.002755187
-0.023638584,0.002755187
-0.022564102000000003,0.002755187
-0.02148962,0.002794387
-0.020415140000000002,0.002788787
-0.019340658,0.0028055870000000004
-0.018266178,0.0028335870000000003
-0.017191696,0.002822387
-0.016117215,0.002855987
-0.015042735000000002,0.002861587
-0.013968254000000001,0.002861587
-0.012893773,0.002889587
-0.011819292,0.002900787
-0.01074481,0.002889587
-0.009670329,0.002928787
-0.008595848,0.002928787
-0.007521367,0.002934387
-0.006446886000000001,0.0029623870000000004
-0.005372405,0.0029623870000000004
-0.004297924,0.002973587
-0.0032234430000000003,0.002995986
-0.002148962,0.0029903860000000003
-0.001074481,0.0030127860000000004
0.0,0.0030463860000000003
0.001074481,0.003040786
0.002148962,0.003074386
0.0032234430000000003,0.0030911860000000005
0.004297924,0.0030911860000000005
0.005372405,0.003141586
0.006446886000000001,0.003147186
0.007521367,0.0031583860000000004
0.008595848,0.003197586
0.009670329,0.003214385
0.01074481,0.0032367850000000003
0.011819292,0.0032703850000000002
0.012893773,0.0032759850000000004
0.013968254000000001,0.003303985
0.015042735000000002,0.003337585
0.016117215,0.0033319850000000004
0.017191696,0.003387985
0.018266178,0.0033991850000000003
0.019340658,0.003410385
0.020415140000000002,0.003460784
0.02148962,0.0034663840000000003
0.022564102000000003,0.003477584
0.023638584,0.003527984
0.024713064,0.003527984
0.025787546,0.003550384
0.026862028000000003,0.0035951840000000004
0.027936508000000002,0.003600784
0.029010988,0.0036287840000000003
0.030085470000000003,0.003667983
0.031159950000000002,0.003667983
0.03223443,0.0037127830000000003
0.033308912,0.0037351830000000004
0.034383392,0.003751983000000001
0.035457876,0.0038023830000000003
0.036532356,0.0038191830000000007
0.037606836000000005,0.0038527830000000002
0.038681316,0.003908782
0.0397558,0.003925582
0.040830280000000004,0.003953582
0.041904764000000004,0.004009582
0.04297924,0.004026382
0.044053724,0.004076782000000001
0.045128204000000005,0.004121581
0.046202684,0.004132781
0.047277168,0.004194381
0.048351648000000004,0.0042279810000000004
0.049426128,0.004250381000000001
0.050500608,0.004311981
0.051575092,0.004345581
0.052649572000000006,0.0043679800000000005
0.053724056000000006,0.004423980000000001
0.054798532000000004,0.00445198
0.055873016000000005,0.004491180000000001
0.056947496,0.00455278
0.058021976,0.004575180000000001
0.05909646,0.004619979
0.060170940000000006,0.004675979000000001
0.06124542,0.004692779
0.062319900000000004,0.0047543789999999995
0.063394384,0.004793579
0.06446886,0.004821578
0.065543348,0.004883178
0.066617824,0.004916778000000001
0.067692312,0.004950378
0.068766784,0.005034378
0.069841264,0.0050511770000000004
0.070915752,0.005112777
0.071990232,0.005174377000000001
0.073064712,0.005207977
0.074139192,0.005286376
0.07521367200000001,0.0053535760000000005
0.07628816000000001,0.005381576
0.077362632,0.005465576000000001
0.07843712,0.005532775
0.0795116,0.005571975000000001
0.08058607200000001,0.005661575
0.08166056000000001,0.0057063750000000005
0.08273504000000001,0.005756774000000001
0.08380952800000001,0.005840774000000001
0.084884,0.005885574
0.08595848,0.005952774
0.087032968,0.0060367730000000005
0.088107448,0.006081573000000001
0.08918192800000001,0.006159973000000001
0.09025640800000001,0.006232772
0.09133089600000001,0.006283172
0.092405368,0.006367172
0.093479848,0.006434371
0.094554336,0.006484771
0.095628816,0.006579971
0.09670329600000001,0.006635971000000001
0.09777777600000001,0.0067031700000000005
0.098852256,0.00680397
0.099926736,0.0068487700000000006
0.101001,0.006921569000000001
0.102075,0.0070223690000000005
0.10314999999999999,0.007095169000000001
0.104224,0.007184768000000001
0.10529899999999999,0.007274368
0.106373,0.0073359670000000005
0.107448,0.007447967000000001
0.108522,0.007537566
0.109597,0.0076103670000000016
0.11067099999999999,0.007727966
0.111746,0.0078119650000000014
0.11281999999999999,0.007901565000000001
0.113894,0.008013563999999999
0.11496899999999999,0.008086364
0.116043,0.008192764
0.117118,0.008299163000000002
0.11819199999999999,0.008371963
0.119267,0.008511963
0.12034099999999999,0.008607162000000002
0.121416,0.008691162
0.12248999999999999,0.008808761000000002
0.123565,0.00891516
0.124639,0.008993561
0.125714,0.009122360000000001
0.12678799999999998,0.009223159
0.127863,0.009323959000000001
0.128937,0.009452759000000002
0.130012,0.009536758000000001
0.13108599999999998,0.009654357
0.132161,0.009788757
0.133235,0.009872757000000001
0.13430999999999998,0.010001556000000002
0.135384,0.010124755000000001
0.136459,0.010214355
0.137533,0.010371155
0.13860799999999998,0.010494354000000001
0.139682,0.010606353
0.140757,0.010751952
0.14183099999999998,0.010869552
0.142905,0.011009551000000001
0.14398,0.011171950000000002
0.145054,0.011289551000000002
0.14612899999999998,0.01141835
0.147203,0.011597549
0.148278,0.011703949
0.14935199999999998,0.011866348
0.150427,0.012023147000000001
0.151501,0.012157547000000001
0.152576,0.012319946000000002
0.15364999999999998,0.012459945000000002
0.154725,0.012599944
0.155799,0.012790344
0.15687399999999999,0.012935943
0.157948,0.013075943000000001
0.159023,0.013255142000000001
0.160097,0.013400741
0.16117199999999998,0.013557541000000001
0.162246,0.013742339000000001
0.163321,0.013882339
0.16439499999999999,0.014061538
0.16547,0.014240737
0.166544,0.014391936000000001
0.167619,0.014582336000000001
0.16869299999999998,0.014750335
0.169768,0.014907134000000002
0.170842,0.015114333000000002
0.17191599999999999,0.015299133
0.172991,0.015467132000000001
0.174065,0.015685532000000002
0.17514,0.015847930000000003
0.17621399999999998,0.016049528
0.177289,0.016279128
0.178363,0.016435927000000003
0.179438,0.016665526000000003
0.18051199999999998,0.016872726
0.181587,0.017057526
0.182661,0.017287124
0.18373599999999998,0.017488724
0.18481,0.017684722
0.185885,0.017919922
0.186959,0.01813272
0.18803399999999998,0.01833432
0.189108,0.018597518
0.190183,0.018771116
0.19125699999999998,0.019006316000000002
0.192332,0.019263916000000002
0.193406,0.019454314
0.194481,0.019695114000000003
0.19555499999999998,0.019941512
0.19663,0.020148712000000003
0.197704,0.02041751
0.19877799999999998,0.020647110000000003
0.199853,0.020871108
0.200927,0.021139908000000002
0.202002,0.021380706
0.20307599999999998,0.021593506000000002
0.204151,0.021884704
0.205225,0.022119902
0.20629999999999998,0.022394302
0.207374,0.0226743
0.208449,0.022920698
0.209523,0.023200698000000002
0.21059799999999998,0.023497498000000002
0.211672,0.023749494000000003
0.212747,0.024057494
0.21382099999999998,0.024354292
0.214896,0.02462309
0.21597,0.024953490000000002
0.217045,0.025244690000000004
0.21811899999999998,0.025519088000000002
0.219194,0.025849486
0.220268,0.026135084000000003
0.22134299999999998,0.026448682
0.222417,0.026784682000000004
0.223492,0.027070282
0.224566,0.02740628
0.22564099999999998,0.027753478
0.226715,0.028033478000000004
0.227789,0.028380676000000004
0.22886399999999998,0.028722274000000002
0.22993799999999998,0.029024672
0.231013,0.029394272000000003
0.232087,0.029713468000000003
0.23316199999999998,0.030032668000000002
0.234236,0.030413464000000005
0.235311,0.030727062
0.23638499999999998,0.031079862
0.23745999999999998,0.03144946
0.238534,0.03177986000000001
0.239609,0.03214946
0.24068299999999998,0.032547058000000004
0.241758,0.032877456000000006
0.242832,0.033263854
0.24390699999999998,0.033639052
0.24498099999999998,0.033997448
0.246056,0.034406248
0.24713,0.034759048
0.24820499999999998,0.035134248
0.249279,0.035554244
0.25035399999999997,0.03591264400000001
0.251428,0.03629344
0.252503,0.036696636000000005
0.253577,0.037049436000000005
0.254652,0.037452632
0.255726,0.037861432
0.2568,0.038219832
0.25787499999999997,0.03863982800000001
0.258949,0.039020628
0.260024,0.039379024000000006
0.261098,0.039799024
0.262173,0.040174220000000004
0.263247,0.04054942
0.264322,0.04096942
0.26539599999999997,0.04132782
0.266471,0.041714216
0.267545,0.042128616
0.26861999999999997,0.042475812
0.269694,0.042867812000000005
0.270769,0.04327100800000001
0.271843,0.043584608000000004
0.272918,0.043999004
0.273992,0.044363004000000004
0.275067,0.044727004
0.27614099999999997,0.045119
0.27721599999999996,0.045460600000000004
0.27829,0.04579659600000001
0.279365,0.046188596
0.280439,0.046524592000000003
0.281514,0.046860596000000004
0.282588,0.04724139200000001
0.283663,0.047532592
0.28473699999999996,0.047879792000000004
0.285811,0.048215788
0.286886,0.048495784
0.28796,0.04882058400000001
0.289035,0.04911738400000001
0.290109,0.047687288
0.291184,0.04779666400000001
0.29225799999999996,0.048234160000000005
0.293333,0.048562284000000004
0.294407,0.048999784000000005
0.29548199999999997,0.049327904000000006
0.296556,0.049546656
0.297631,0.049984152000000004
0.298705,0.050421652000000004
0.29978,0.050749776
0.300854,0.051187276000000004
0.301929,0.051515396000000005
0.30300299999999997,0.051843520000000004
0.30407799999999996,0.05239039200000001
0.305152,0.052609140000000006
0.30622699999999997,0.052937268
0.307301,0.05359351200000001
0.308376,0.05381226
0.30945,0.05424976
0.310525,0.05468726
0.31159899999999996,0.05501538
0.312673,0.05545288
0.31374799999999997,0.05599975200000001
0.314822,0.056218500000000005
0.315897,0.05676537200000001
0.316971,0.057202872
0.318046,0.057749744
0.31911999999999996,0.058077868000000005
0.320195,0.058515364
0.32126899999999997,0.058952864
0.32234399999999996,0.059499736000000004
0.323418,0.05960910800000001
0.324493,0.06026536
0.325567,0.06081222800000001
0.326642,0.06103097600000001
0.327716,0.06168722800000001
0.328791,0.06212472
0.32986499999999996,0.062234096
0.33094,0.06299972
0.332014,0.06321846800000001
0.33308899999999997,0.06365596800000001
0.334163,0.06420284000000001
0.335238,0.06453096000000001
0.336312,0.06474971600000001
0.337387,0.06540596000000001
0.338461,0.065624704
0.339536,0.066062208
0.34060999999999997,0.066718452
0.341684,0.06693720400000001
0.342759,0.067593448
0.343833,0.068140328
0.344908,0.06846844800000002
0.345982,0.06912468800000002
0.347057,0.06956219200000001
0.34813099999999997,0.070109064
0.34920599999999996,0.070874688
0.35028,0.071312184
0.351355,0.071859056
0.352429,0.07262468000000001
0.353504,0.073171552
0.354578,0.07382780000000001
0.355653,0.07481216800000001
0.35672699999999996,0.07524966400000001
0.357802,0.076124664
0.358876,0.07699965600000001
0.35995099999999997,0.077546528
0.361025,0.078749648
0.3621,0.079624648
0.363174,0.08039026400000002
0.364249,0.081593384
0.365323,0.08235900800000001
0.366398,0.083343384
0.36747199999999997,0.08454649600000001
0.368546,0.08553087200000001
0.369621,0.086624616
0.370695,0.08804648
0.37177,0.08914023200000001
0.372844,0.09045272000000001
0.373919,0.09176521600000001
0.37499299999999997,0.092968336
0.37606799999999996,0.09449958400000001
0.377142,0.095921448
0.37821699999999997,0.09745268800000001
0.379291,0.09920268800000001
0.380366,0.100624
0.38144,0.102265
0.382515,0.104233
0.38358899999999996,0.105765
0.384664,0.107624
0.38573799999999997,0.109483
0.38681299999999996,0.111233
0.387887,0.113311
0.388962,0.11528
0.390036,0.11703
0.391111,0.11932699999999999
0.392185,0.121405
0.39326,0.123374
0.39433399999999996,0.12567099999999998
0.39540899999999995,0.12764
0.396483,0.129936
0.397557,0.13234300000000002
0.398632,0.134421
0.399706,0.136718
0.400781,0.139233
0.40185499999999996,0.141311
0.40292999999999995,0.143936
0.404004,0.146233
0.40507899999999997,0.148421
0.406153,0.15104599999999999
0.407228,0.153343
0.408302,0.15553
0.409377,0.158155
0.41045099999999995,0.16034299999999999
0.411526,0.162639
0.41259999999999997,0.165155
0.41367499999999996,0.167343
0.414749,0.16974899999999998
0.41582399999999997,0.172155
0.416898,0.174124
0.417973,0.176639
0.419047,0.17882699999999999
0.420122,0.18090499999999998
0.42119599999999996,0.183202
0.422271,0.18528
0.42334499999999997,0.187467
0.42441999999999996,0.189655
0.425494,0.191624
0.426568,0.19370199999999999
0.427643,0.195671
0.42871699999999996,0.19742
0.429792,0.199608
0.43086599999999997,0.201577
0.43194099999999996,0.20321699999999998
0.433015,0.20529499999999998
0.43409,0.20704499999999998
0.435164,0.208577
0.436239,0.21054499999999998
0.437313,0.212077
0.438388,0.21371700000000002
0.43946199999999996,0.215686
0.44053699999999996,0.217108
0.441611,0.218749
0.44268599999999997,0.220389
0.44376,0.221811
0.444835,0.223452
0.445909,0.225092
0.446984,0.226405
0.44805799999999996,0.228045
0.449133,0.229467
0.45020699999999997,0.23078
0.45128199999999996,0.232202
0.452356,0.233623
0.45343,0.23482699999999998
0.454505,0.236358
0.45557899999999996,0.237452
0.456654,0.238764
0.45772799999999997,0.24018599999999998
0.45880299999999996,0.24117
0.459877,0.242592
0.460952,0.243795
0.462026,0.24466999999999997
0.463101,0.246092
0.464175,0.24718599999999996
0.46525,0.247952
0.46632399999999996,0.249264
0.46739899999999995,0.250139
0.468473,0.25112300000000004
0.46954799999999997,0.25221699999999997
0.470622,0.253092
0.471697,0.253967
0.472771,0.254952
0.473846,0.255608
0.47491999999999995,0.256483
0.475995,0.25735800000000003
0.47706899999999997,0.25801399999999997
0.47814399999999996,0.258889
0.479218,0.259655
0.48029299999999997,0.260201
0.481367,0.261076
0.48244099999999995,0.261733
0.483516,0.26228
0.48458999999999997,0.26315500000000003
0.48566499999999996,0.263592
0.486739,0.264248
0.48781399999999997,0.264905
0.488888,0.265451
0.489963,0.265889
0.491037,0.266545
0.492112,0.266764
0.49318599999999996,0.26742
0.49426099999999995,0.267967
0.49533499999999997,0.26818600000000004
0.49640999999999996,0.268842
0.497484,0.26917
0.498559,0.269608
0.499633,0.270045
0.5007079999999999,0.270373
0.501782,0.27070099999999997
0.502857,0.271248
0.503931,0.271576
0.505006,0.27201400000000003
0.50608,0.27223299999999995
0.507155,0.272561
0.5082289999999999,0.27310799999999996
0.509304,0.27332599999999996
0.510378,0.273436
0.511452,0.274092
0.512527,0.274092
0.513601,0.27453
0.514676,0.275076
0.5157499999999999,0.27540499999999996
0.516825,0.27573299999999995
0.517899,0.276389
0.5189739999999999,0.276498
0.520048,0.277045
0.521123,0.277483
0.522197,0.277701
0.523272,0.278139
0.524346,0.278795
0.525421,0.27901400000000004
0.5264949999999999,0.27978
0.52757,0.280217
0.528644,0.280545
0.5297189999999999,0.281311
0.530793,0.281639
0.531868,0.282295
0.532942,0.28306099999999995
0.534017,0.28338899999999995
0.535091,0.284045
0.5361659999999999,0.284811
0.5372399999999999,0.285139
0.538314,0.285904
0.539389,0.286451
0.540463,0.28699800000000003
0.541538,0.287654
0.542612,0.288201
0.5436869999999999,0.288529
0.5447609999999999,0.289404
0.545836,0.289623
0.54691,0.29017
0.5479849999999999,0.290936
0.549059,0.29126399999999997
0.550134,0.29191999999999996
0.5512079999999999,0.292467
0.552283,0.292686
0.553357,0.293451
0.5544319999999999,0.293889
0.5555059999999999,0.294217
0.556581,0.294983
0.557655,0.29541999999999996
0.55873,0.29574799999999996
0.559804,0.296404
0.560879,0.296842
0.5619529999999999,0.297279
0.563028,0.297936
0.564102,0.298264
0.5651769999999999,0.298701
0.566251,0.299467
0.567326,0.299795
0.5684,0.30045099999999997
0.5694739999999999,0.300998
0.570549,0.301436
0.571623,0.30209199999999997
0.5726979999999999,0.30274799999999996
0.573772,0.302967
0.574847,0.303842
0.575921,0.304389
0.576996,0.304936
0.57807,0.305592
0.579145,0.306139
0.5802189999999999,0.306795
0.581294,0.307451
0.582368,0.307998
0.5834429999999999,0.308764
0.584517,0.309529
0.585592,0.31007599999999996
0.586666,0.310951
0.587741,0.311717
0.588815,0.312264
0.58989,0.31324799999999997
0.5909639999999999,0.313795
0.592039,0.314561
0.593113,0.315545
0.5941879999999999,0.316201
0.595262,0.316967
0.596336,0.317951
0.597411,0.318607
0.5984849999999999,0.319482
0.59956,0.320467
0.600634,0.32123199999999996
0.6017089999999999,0.322436
0.602783,0.32309200000000005
0.603858,0.323967
0.604932,0.32517
0.606007,0.325936
0.607081,0.32681099999999996
0.6081559999999999,0.328014
0.6092299999999999,0.328779
0.610305,0.329873
0.611379,0.33107600000000004
0.6124539999999999,0.331951
0.613528,0.333045
0.614603,0.334248
0.6156769999999999,0.33512299999999995
0.616752,0.336326
0.617826,0.33742
0.6189009999999999,0.33829499999999996
0.6199749999999999,0.339607
0.62105,0.340701
0.622124,0.341576
0.6231979999999999,0.342889
0.624273,0.343873
0.625347,0.345076
0.6264219999999999,0.346389
0.6274959999999999,0.347264
0.628571,0.348467
0.629645,0.34977899999999995
0.63072,0.35098199999999996
0.631794,0.352295
0.632869,0.35360699999999995
0.6339429999999999,0.35480999999999996
0.635018,0.356342
0.636092,0.35743499999999995
0.6371669999999999,0.358857
0.638241,0.36038899999999996
0.639316,0.36180999999999996
0.64039,0.363232
0.641465,0.364873
0.642539,0.366185
0.643614,0.367935
0.6446879999999999,0.369576
0.645763,0.370998
0.646837,0.372857
0.6479119999999999,0.374607
0.648986,0.376138
0.650061,0.378107
0.651135,0.379857
0.6522089999999999,0.381717
0.653284,0.383795
0.654358,0.38554499999999997
0.6554329999999999,0.387623
0.656507,0.38981
0.657582,0.39167
0.658656,0.393967
0.659731,0.396154
0.660805,0.398123
0.66188,0.40052899999999997
0.6629539999999999,0.402826
0.664029,0.404904
0.665103,0.40742
0.6661779999999999,0.409935
0.667252,0.41234099999999996
0.668327,0.415076
0.669401,0.417701
0.670476,0.420326
0.67155,0.42306
0.6726249999999999,0.42557599999999995
0.6736989999999999,0.428638
0.674774,0.431591
0.675848,0.434326
0.6769229999999999,0.437498
0.677997,0.44066900000000003
0.679072,0.443513
0.6801459999999999,0.446794
0.6812199999999999,0.45007600000000003
0.682295,0.453357
0.683369,0.457076
0.6844439999999999,0.460357
0.685518,0.463966
0.686593,0.467685
0.6876669999999999,0.471294
0.688742,0.475232
0.689816,0.479169
0.6908909999999999,0.482997
0.6919649999999999,0.487154
0.69304,0.49119999999999997
0.694114,0.49524699999999994
0.695189,0.499732
0.696263,0.504107
0.697338,0.508482
0.6984119999999999,0.513185
0.699487,0.517778
0.700561,0.5225909999999999
0.7016359999999999,0.527513
0.70271,0.532216
0.703785,0.5372469999999999
0.704859,0.542497
0.705934,0.547528
0.707008,0.553106
0.708083,0.558356
0.7091569999999999,0.563716
0.710231,0.5695129999999999
0.711306,0.574981
0.71238,0.580669
0.713455,0.586684
0.714529,0.5927
0.715604,0.5986060000000001
0.7166779999999999,0.604841
0.717753,0.610966
0.718827,0.617309
0.7199019999999999,0.6237619999999999
0.720976,0.630215
0.722051,0.636997
0.723125,0.6436689999999999
0.7242,0.650122
0.725274,0.657122
0.726349,0.6636839999999999
0.7274229999999999,0.670465
0.728498,0.677575
0.729572,0.684575
0.7306469999999999,0.691684
0.731721,0.6989029999999999
0.732796,0.705903
0.7338699999999999,0.7132310000000001
0.734945,0.720559
0.736019,0.727668
0.737093,0.735215
0.7381679999999999,0.7424339999999999
0.739242,0.749652
0.740317,0.757309
0.7413909999999999,0.764418
0.742466,0.771855
0.74354,0.779512
0.7446149999999999,0.78673
0.7456889999999999,0.7940579999999999
0.746764,0.801605
0.747838,0.808715
0.7489129999999999,0.816261
0.749987,0.8235899999999999
0.751062,0.8305899999999999
0.7521359999999999,0.838136
0.753211,0.8452459999999999
0.754285,0.852246
0.7553599999999999,0.8594639999999999
0.7564339999999999,0.8664639999999999
0.757509,0.873355
0.758583,0.8804639999999999
0.7596579999999999,0.8870269999999999
0.760732,0.893699
0.761807,0.900589
0.7628809999999999,0.906933
0.7639549999999999,0.913495
0.76503,0.919839
0.766104,0.925636
0.7671789999999999,0.932198
0.768253,0.938105
0.769328,0.943683
0.7704019999999999,0.9499169999999999
0.771477,0.9552759999999999
0.772551,0.960745
0.7736259999999999,0.9666509999999999
0.7746999999999999,0.971464
0.775775,0.976276
0.776849,0.981745
0.777924,0.986339
0.778998,0.990933
0.780073,0.9955259999999999
0.7811469999999999,0.999464
0.782222,1.004058
0.783296,1.007995
0.7843709999999999,1.011714
0.785445,1.0158699999999998
0.78652,1.0191510000000001
0.787594,1.022432
0.788669,1.025932
0.789743,1.028776
0.7908179999999999,1.031839
0.7918919999999999,1.0346819999999999
0.792967,1.037089
0.794041,1.039495
0.795115,1.041682
0.79619,1.043214
0.797264,1.0451819999999998
0.7983389999999999,1.046932
0.7994129999999999,1.047807
0.800488,1.049339
0.801562,1.050214
0.8026369999999999,1.050651
0.803711,1.051526
0.804786,1.051526
0.8058599999999999,1.051745
0.806935,1.051964
0.808009,1.051526
0.8090839999999999,1.051089
0.8101579999999999,1.050432
0.811233,1.049776
0.812307,1.048682
0.8133819999999999,1.047589
0.814456,1.046276
0.815531,1.0447449999999998
0.8166049999999999,1.043214
0.81768,1.041245
0.818754,1.039495
0.8198289999999999,1.037089
0.8209029999999999,1.034901
0.821978,1.032495
0.823052,1.029214
0.8241259999999999,0.999026
0.825201,0.9723390000000001
0.826275,0.951339
0.8273499999999999,0.934495
0.8284239999999999,0.9174329999999999
0.829499,0.903214
0.830573,0.890527
0.8316479999999999,0.877183
0.832722,0.866027
0.833797,0.855527
0.8348709999999999,0.8439329999999999
0.835946,0.834965
0.83702,0.82534
0.8380949999999999,0.815496
0.8391689999999999,0.8080579999999999
0.840244,0.79909
0.841318,0.7907770000000001
0.842393,0.7837770000000001
0.843467,0.7754650000000001
0.844542,0.7684650000000001
0.8456159999999999,0.76234
0.846691,0.754465
0.847765,0.7483399999999999
0.8488399999999999,0.7424339999999999
0.849914,0.7354339999999999
0.850988,0.7301839999999999
0.852063,0.724278
0.8531369999999999,0.717715
0.854212,0.71334
0.855286,0.707434
0.8563609999999999,0.701528
0.857435,0.6973710000000001
0.85851,0.691465
0.859584,0.686653
0.860659,0.6829339999999999
0.861733,0.676809
0.8628079999999999,0.6726530000000001
0.8638819999999999,0.668715
0.864957,0.663247
0.866031,0.6597470000000001
0.8671059999999999,0.655372
0.86818,0.650559
0.869255,0.6472779999999999
0.8703289999999999,0.642903
0.871404,0.638528
0.872478,0.635465
0.8735529999999999,0.630872
0.8746269999999999,0.627153
0.875702,0.624528
0.876776,0.619715
0.8778499999999999,0.616434
0.878925,0.613372
0.879999,0.608778
0.8810739999999999,0.606372
0.8821479999999999,0.6030909999999999
0.883223,0.598716
0.884297,0.596528
0.8853719999999999,0.592809
0.886446,0.589309
0.887521,0.587122
0.8885949999999999,0.5831839999999999
0.88967,0.580122
0.890744,0.577934
0.8918189999999999,0.573997
0.8928929999999999,0.5715910000000001
0.893968,0.568966
0.895042,0.565247
0.8961169999999999,0.563278
0.897191,0.560435
0.898266,0.5569350000000001
0.8993399999999999,0.555403
0.900415,0.552341
0.901489,0.548841
0.9025639999999999,0.54731
0.9036379999999999,0.5440280000000001
0.904713,0.541403
0.905787,0.539872
0.9068609999999999,0.5363720000000001
0.907936,0.534185
0.90901,0.532216
0.9100849999999999,0.5289349999999999
0.9111589999999999,0.527185
0.912234,0.525216
0.913308,0.5219349999999999
0.914383,0.520622
0.915457,0.5179969999999999
0.916532,0.5149349999999999
0.9176059999999999,0.5140600000000001
0.918681,0.511216
0.919755,0.50881
0.9208299999999999,0.507716
0.921904,0.504435
0.922979,0.5026849999999999
0.924053,0.501154
0.925128,0.498091
0.926202,0.496779
0.9272769999999999,0.495029
0.9283509999999999,0.491747
0.929426,0.49087200000000003
0.9305,0.488904
0.9315749999999999,0.48605999999999994
0.932649,0.48540399999999995
0.933724,0.482779
0.9347979999999999,0.48080999999999996
0.9358719999999999,0.479716
0.936947,0.476872
0.938021,0.475341
0.9390959999999999,0.474466
0.94017,0.471404
0.941245,0.47031
0.9423189999999999,0.46877899999999995
0.943394,0.465935
0.944468,0.465497
0.9455429999999999,0.46352899999999997
0.9466169999999999,0.461122
0.947692,0.46090400000000004
0.948766,0.458279
0.9498409999999999,0.456529
0.950915,0.45587199999999994
0.95199,0.45324699999999996
0.9530639999999999,0.451935
0.954139,0.45106
0.955213,0.44821599999999995
0.9562879999999999,0.44755999999999996
0.9573619999999999,0.44624800000000003
0.958437,0.443623
0.959511,0.443185
0.9605859999999999,0.44143499999999997
0.96166,0.439248
0.962735,0.439029
0.9638089999999999,0.43684100000000003
0.9648829999999999,0.435091
0.965958,0.434873
0.967032,0.432466
0.9681069999999999,0.431154
0.969181,0.430498
0.970256,0.428091
0.9713299999999999,0.427435
0.972405,0.42634099999999997
0.973479,0.423935
0.9745539999999999,0.423716
0.9756279999999999,0.422185
0.976703,0.419998
0.977777,0.420216
0.9788519999999999,0.41802900000000004
0.979926,0.416498
0.9810009999999999,0.416279
0.9820749999999999,0.41431
0.98315,0.412998
0.984224,0.412779
0.9852989999999999,0.41037300000000004
0.9863729999999999,0.409935
0.987448,0.40884099999999995
0.9885219999999999,0.406873
0.989597,0.406654
0.990671,0.40534099999999995
0.991745,0.403373
0.9928199999999999,0.403373
0.9938939999999999,0.401623
0.994969,0.40031
0.9960429999999999,0.40009100000000003
0.997118,0.398123
0.998192,0.39702899999999997
0.9992669999999999,0.39702899999999997
1.000341,0.394841
1.0014159999999999,0.394404
1.0024899999999999,0.393748
1.003565,0.39156
1.004639,0.39156
1.005714,0.390248
1.006788,0.388717
1.007863,0.388717
1.008937,0.387185
1.010012,0.38587299999999997
1.011086,0.386092
1.0121609999999999,0.38390399999999997
1.0132349999999999,0.383029
1.01431,0.383248
1.015384,0.38127900000000003
1.016459,0.380842
1.017533,0.380404
1.018608,0.37821699999999997
1.019682,0.37821699999999997
1.020756,0.377342
1.021831,0.375592
1.022905,0.376029
1.02398,0.37427900000000003
1.025054,0.373185
1.0261289999999998,0.373404
1.0272029999999999,0.371654
1.028278,0.370779
1.029352,0.370998
1.030427,0.369029
1.031501,0.36880999999999997
1.032576,0.368373
1.03365,0.366404
1.034725,0.36662300000000003
1.035799,0.365748
1.0368739999999999,0.363998
1.0379479999999999,0.36443499999999995
1.039023,0.36312300000000003
1.040097,0.362029
1.041172,0.362248
1.042246,0.360717
1.043321,0.359842
1.044395,0.36027899999999996
1.04547,0.35830999999999996
1.046544,0.358092
1.047618,0.357873
1.0486929999999999,0.356123
1.049767,0.356342
1.050842,0.355904
1.0519159999999999,0.353935
1.052991,0.354592
1.054065,0.35327899999999995
1.05514,0.352185
1.056214,0.352842
1.057289,0.351092
1.058363,0.350435
1.0594379999999999,0.350873
1.060512,0.34912299999999996
1.061587,0.348904
1.0626609999999999,0.348904
1.063736,0.346935
1.06481,0.347373
1.065885,0.346717
1.066959,0.345185
1.068034,0.345842
1.069108,0.34496699999999997
1.0701829999999999,0.343654
1.071257,0.34431
1.0723319999999998,0.342779
1.0734059999999999,0.34212299999999995
1.074481,0.342779
1.075555,0.34081
1.076629,0.341029
1.077704,0.341248
1.078778,0.33906
1.079853,0.339717
1.080927,0.33906
1.082002,0.337748
1.083076,0.33862299999999995
1.0841509999999999,0.337529
1.0852249999999999,0.336217
1.0863,0.337092
1.0873739999999998,0.33555999999999997
1.088449,0.33490400000000003
1.089523,0.335779
1.090598,0.334029
1.091672,0.334029
1.092747,0.33446699999999996
1.093821,0.332498
1.0948959999999999,0.332936
1.0959699999999999,0.332717
1.097045,0.331186
1.0981189999999998,0.33184199999999997
1.099194,0.331186
1.100268,0.329873
1.101343,0.33096699999999996
1.102417,0.329436
1.103492,0.328998
1.104566,0.329654
1.1056409999999999,0.328123
1.106715,0.328123
1.107789,0.32834199999999997
1.1088639999999998,0.32681099999999996
1.1099379999999999,0.32724800000000004
1.111013,0.32681099999999996
1.112087,0.325498
1.113162,0.326373
1.114236,0.325498
1.115311,0.32440399999999997
1.116385,0.325279
1.11746,0.324186
1.118534,0.323748
1.1196089999999999,0.32440399999999997
1.1206829999999999,0.322654
1.121758,0.322654
1.122832,0.32309200000000005
1.123907,0.321561
1.124981,0.321998
1.126056,0.321998
1.12713,0.320248
1.128205,0.321342
1.129279,0.32068599999999997
1.1303539999999999,0.319373
1.1314279999999999,0.320467
1.132503,0.319373
1.133577,0.31871700000000003
1.134652,0.319592
1.135726,0.318061
1.1368,0.318061
1.137875,0.318498
1.138949,0.316967
1.140024,0.317623
1.141098,0.31740399999999996
1.1421729999999999,0.315873
1.143247,0.316748
1.1443219999999998,0.316092
1.1453959999999999,0.315217
1.146471,0.316092
1.147545,0.314998
1.14862,0.314342
1.149694,0.315436
1.150769,0.31390399999999996
1.151843,0.31390399999999996
1.1529179999999999,0.314342
1.153992,0.312592
1.1550669999999998,0.31324799999999997
1.1561409999999999,0.31324799999999997
1.157216,0.311936
1.15829,0.312811
1.159365,0.312154
1.160439,0.31106100000000003
1.161514,0.312154
1.162588,0.31106100000000003
1.163663,0.310623
1.164737,0.311279
1.165811,0.310186
1.1668859999999999,0.309967
1.1679599999999999,0.310623
1.169035,0.308873
1.1701089999999998,0.309529
1.171184,0.309529
1.172258,0.307998
1.173333,0.308873
1.174407,0.308436
1.175482,0.307342
1.176556,0.308436
1.1776309999999999,0.30756100000000003
1.178705,0.30690399999999995
1.17978,0.307998
1.1808539999999998,0.306467
1.181929,0.306467
1.183003,0.307123
1.184078,0.305592
1.185152,0.306029
1.186227,0.306029
1.187301,0.304498
1.1883759999999999,0.305592
1.18945,0.304936
1.190525,0.304061
1.1915989999999999,0.305154
1.1926729999999999,0.304061
1.193748,0.303623
1.194822,0.304498
1.195897,0.303186
1.196971,0.302967
1.198046,0.303842
1.19912,0.302311
1.200195,0.30274799999999996
1.201269,0.302967
1.2023439999999999,0.301436
1.2034179999999999,0.302311
1.204493,0.30209199999999997
1.205567,0.300998
1.206642,0.30209199999999997
1.207716,0.300998
1.208791,0.300561
1.209865,0.30165400000000003
1.21094,0.300123
1.212014,0.300123
1.2130889999999999,0.300779
1.2141629999999999,0.29924799999999996
1.215238,0.299686
1.2163119999999998,0.299904
1.217387,0.29859199999999997
1.218461,0.299467
1.219535,0.29924799999999996
1.22061,0.29815400000000003
1.221684,0.299029
1.222759,0.29837299999999994
1.223833,0.297717
1.2249079999999999,0.29859199999999997
1.225982,0.297279
1.2270569999999998,0.297279
1.2281309999999999,0.297936
1.229206,0.29662299999999997
1.23028,0.296842
1.231355,0.297279
1.232429,0.295967
1.233504,0.29662299999999997
1.234578,0.29662299999999997
1.235653,0.29509199999999997
1.236727,0.296404
1.2378019999999998,0.29574799999999996
1.2388759999999999,0.294873
1.239951,0.295967
1.241025,0.294873
1.2421,0.294654
1.243174,0.295529
1.244249,0.29399800000000004
1.245323,0.294436
1.246397,0.294873
1.247472,0.293342
1.248546,0.294217
1.2496209999999999,0.29399800000000004
1.250695,0.292904
1.25177,0.29399800000000004
1.2528439999999998,0.293123
1.253919,0.292467
1.254993,0.293561
1.256068,0.292248
1.257142,0.292248
1.258217,0.293123
1.259291,0.29159199999999996
1.2603659999999999,0.292029
1.26144,0.292248
1.262515,0.290936
1.2635889999999999,0.291811
1.264664,0.29159199999999996
1.265738,0.290279
1.266813,0.29159199999999996
1.267887,0.290936
1.268962,0.290061
1.270036,0.291154
1.2711109999999999,0.289842
1.272185,0.289842
1.273259,0.29071699999999995
1.2743339999999999,0.289186
1.2754079999999999,0.289623
1.276483,0.290061
1.2775569999999998,0.288529
1.278632,0.289623
1.279706,0.289404
1.280781,0.28809199999999996
1.281855,0.289186
1.28293,0.288529
1.284004,0.287873
1.2850789999999999,0.288967
1.2861529999999999,0.287654
1.287228,0.287654
1.2883019999999998,0.288529
1.289377,0.28699800000000003
1.290451,0.28743599999999997
1.291526,0.28809199999999996
1.2926,0.286342
1.293675,0.28743599999999997
1.294749,0.28721699999999994
1.2958239999999999,0.286123
1.2968979999999999,0.28721699999999994
1.297973,0.286342
1.2990469999999998,0.285686
1.300122,0.28699800000000003
1.301196,0.285686
1.30227,0.285686
1.303345,0.286342
1.304419,0.285029
1.305494,0.28546699999999997
1.306568,0.285686
1.3076429999999999,0.284373
1.308717,0.28546699999999997
1.3097919999999998,0.285248
1.3108659999999999,0.284154
1.311941,0.285248
1.313015,0.284373
1.31409,0.28393599999999997
1.315164,0.285029
1.316239,0.283717
1.317313,0.283717
1.318388,0.284811
1.319462,0.28284200000000004
1.3205369999999998,0.283498
1.3216109999999999,0.28393599999999997
1.322686,0.282623
1.32376,0.283279
1.324835,0.283279
1.325909,0.282186
1.326984,0.283279
1.328058,0.282623
1.329133,0.281748
1.330207,0.28306099999999995
1.331281,0.281967
1.3323559999999999,0.281748
1.33343,0.28284200000000004
1.3345049999999998,0.281311
1.3355789999999998,0.281529
1.336654,0.282186
1.337728,0.280655
1.338803,0.281529
1.339877,0.281529
1.340952,0.280217
1.342026,0.281311
1.3431009999999999,0.280873
1.344175,0.279998
1.3452499999999998,0.281092
1.3463239999999999,0.279998
1.347399,0.27978
1.348473,0.280873
1.349548,0.27934200000000003
1.350622,0.279998
1.351697,0.28043599999999996
1.352771,0.27890499999999996
1.3538459999999999,0.27956099999999995
1.35492,0.27978
1.3559949999999998,0.278467
1.3570689999999999,0.27956099999999995
1.358144,0.279123
1.359218,0.278248
1.360293,0.27956099999999995
1.361367,0.278467
1.362441,0.27803
1.363516,0.279123
1.36459,0.277592
1.365665,0.27803
1.366739,0.278467
1.3678139999999999,0.277373
1.3688879999999999,0.27803
1.369963,0.27803
1.3710369999999998,0.27693599999999996
1.372112,0.277811
1.373186,0.277155
1.374261,0.276498
1.375335,0.277811
1.37641,0.276717
1.377484,0.276498
1.3785589999999999,0.277592
1.3796329999999999,0.27606099999999995
1.380708,0.27627999999999997
1.3817819999999998,0.277155
1.382857,0.275623
1.383931,0.276498
1.385006,0.276498
1.38608,0.275186
1.387155,0.27627999999999997
1.388229,0.27584200000000003
1.3893039999999999,0.274967
1.390378,0.27627999999999997
1.3914529999999998,0.275186
1.3925269999999998,0.274748
1.3936009999999999,0.27584200000000003
1.394676,0.27453
1.39575,0.274748
1.396825,0.27540499999999996
1.397899,0.274092
1.398974,0.274748
1.400048,0.274748
1.401123,0.273655
1.402197,0.274748
1.4032719999999999,0.274311
1.4043459999999999,0.273436
1.405421,0.27453
1.4064949999999998,0.273655
1.40757,0.273217
1.408644,0.274311
1.409719,0.272998
1.410793,0.273217
1.411868,0.274092
1.412942,0.272561
1.4140169999999999,0.273217
1.4150909999999999,0.273436
1.416166,0.272123
1.4172399999999998,0.273217
1.418315,0.27277999999999997
1.419389,0.272123
1.420463,0.273217
1.421538,0.272123
1.422612,0.27168600000000004
1.423687,0.272998
1.424761,0.271467
1.4258359999999999,0.27168600000000004
1.42691,0.272561
1.4279849999999998,0.27103
1.4290589999999999,0.27190499999999995
1.430134,0.27190499999999995
1.431208,0.270811
1.432283,0.27168600000000004
1.433357,0.271248
1.434432,0.270373
1.435506,0.271467
1.4365809999999999,0.270811
1.437655,0.270155
1.4387299999999998,0.271467
1.4398039999999999,0.269936
1.440879,0.270155
1.441953,0.27103
1.443028,0.26949799999999996
1.444102,0.270373
1.445177,0.270592
1.446251,0.26927999999999996
1.447325,0.270155
1.4484,0.269936
1.449474,0.269061
1.4505489999999999,0.270155
1.4516229999999999,0.26927999999999996
1.452698,0.268842
1.4537719999999998,0.269936
1.454847,0.268623
1.455921,0.268842
1.456996,0.269717
1.45807,0.26818600000000004
1.459145,0.269061
1.460219,0.26927999999999996
1.4612939999999999,0.267967
1.462368,0.268842
1.4634429999999998,0.268842
1.4645169999999998,0.26753
1.465592,0.269061
1.466666,0.267967
1.467741,0.26753
1.468815,0.268842
1.46989,0.26753
1.470964,0.26753
1.4720389999999999,0.26840499999999995
1.473113,0.267092
1.474187,0.267748
1.4752619999999999,0.267967
1.4763359999999999,0.266655
1.477411,0.26753
1.4784849999999998,0.267311
1.47956,0.266217
1.480634,0.26753
1.481709,0.26687299999999997
1.482783,0.266217
1.483858,0.267311
1.484932,0.266217
1.4860069999999999,0.266217
1.4870809999999999,0.267092
1.488156,0.26577999999999996
1.4892299999999998,0.266217
1.490305,0.266655
1.491379,0.265342
1.492454,0.266436
1.493528,0.26599799999999996
1.494603,0.264905
1.495677,0.266217
1.4967519999999999,0.265561
1.4978259999999999,0.265123
1.498901,0.266217
1.4999749999999998,0.264905
1.498901,0.264905
1.4978259999999999,0.26577999999999996
1.4967519999999999,0.264467
1.495677,0.264905
1.494603,0.265342
1.493528,0.26403000000000004
1.492454,0.265342
1.491379,0.264905
1.490305,0.263811
1.4892299999999998,0.264905
1.488156,0.264467
1.4870809999999999,0.263811
1.4860069999999999,0.264905
1.484932,0.263811
1.483858,0.263811
1.482783,0.26468600000000003
1.481709,0.26315500000000003
1.480634,0.263811
1.47956,0.264248
1.4784849999999998,0.262717
1.477411,0.263811
1.4763359999999999,0.263811
1.4752619999999999,0.26249799999999995
1.474187,0.263811
1.473113,0.26315500000000003
1.4720389999999999,0.26249799999999995
1.470964,0.26403000000000004
1.46989,0.26249799999999995
1.468815,0.26249799999999995
1.467741,0.263592
1.466666,0.262061
1.465592,0.26249799999999995
1.4645169999999998,0.26315500000000003
1.4634429999999998,0.261623
1.462368,0.262717
1.4612939999999999,0.26249799999999995
1.460219,0.261405
1.459145,0.262717
1.45807,0.262061
1.456996,0.261405
1.455921,0.262717
1.454847,0.261405
1.4537719999999998,0.261405
1.452698,0.26228
1.4516229999999999,0.260967
1.4505489999999999,0.261623
1.449474,0.262061
1.4484,0.260748
1.447325,0.261623
1.446251,0.261405
1.445177,0.26053000000000004
1.444102,0.261405
1.443028,0.260967
1.441953,0.260092
1.440879,0.261623
1.4398039999999999,0.26053000000000004
1.4387299999999998,0.260311
1.437655,0.26118600000000003
1.4365809999999999,0.25987299999999997
1.435506,0.260311
1.434432,0.260748
1.433357,0.259436
1.432283,0.260311
1.431208,0.260311
1.430134,0.259217
1.4290589999999999,0.26053000000000004
1.4279849999999998,0.25987299999999997
1.42691,0.259217
1.4258359999999999,0.26053000000000004
1.424761,0.259217
1.423687,0.259217
1.422612,0.260311
1.421538,0.25878
1.420463,0.259217
1.419389,0.25987299999999997
1.418315,0.25834199999999996
1.4172399999999998,0.259436
1.416166,0.259436
1.4150909999999999,0.257905
1.4140169999999999,0.259217
1.412942,0.25878
1.411868,0.257905
1.410793,0.259436
1.409719,0.258123
1.408644,0.258123
1.40757,0.25899799999999995
1.4064949999999998,0.25768599999999997
1.405421,0.258123
1.4043459999999999,0.25899799999999995
1.4032719999999999,0.257248
1.402197,0.25834199999999996
1.401123,0.25834199999999996
1.400048,0.257248
1.398974,0.25834199999999996
1.397899,0.257905
1.396825,0.25703000000000004
1.39575,0.25834199999999996
1.394676,0.257248
1.3936009999999999,0.25703000000000004
1.3925269999999998,0.25834199999999996
1.3914529999999998,0.256811
1.390378,0.257248
1.3893039999999999,0.25768599999999997
1.388229,0.256155
1.387155,0.257248
1.38608,0.257248
1.385006,0.255936
1.383931,0.257248
1.382857,0.256592
1.3817819999999998,0.255936
1.380708,0.257467
1.3796329999999999,0.25637299999999996
1.3785589999999999,0.255936
1.377484,0.257248
1.37641,0.255936
1.375335,0.256155
1.374261,0.256811
1.373186,0.255498
1.372112,0.25637299999999996
1.3710369999999998,0.25637299999999996
1.369963,0.25528
1.3688879999999999,0.25637299999999996
1.3678139999999999,0.25571699999999997
1.366739,0.255061
1.365665,0.256155
1.36459,0.25528
1.363516,0.25484199999999996
1.362441,0.256155
1.361367,0.25484199999999996
1.360293,0.255061
1.359218,0.255936
1.358144,0.25462300000000004
1.3570689999999999,0.25528
1.3559949999999998,0.255498
1.35492,0.25418599999999997
1.3538459999999999,0.25528
1.352771,0.255061
1.351697,0.253967
1.350622,0.25528
1.349548,0.254405
1.348473,0.253967
1.347399,0.25528
1.3463239999999999,0.25374800000000003
1.3452499999999998,0.25418599999999997
1.344175,0.25484199999999996
1.3431009999999999,0.25353000000000003
1.342026,0.25418599999999997
1.340952,0.254405
1.339877,0.253311
1.338803,0.254405
1.337728,0.253967
1.336654,0.253092
1.3355789999999998,0.254405
1.3345049999999998,0.253311
1.33343,0.253092
1.3323559999999999,0.254405
1.331281,0.252873
1.330207,0.253092
1.329133,0.253967
1.328058,0.252655
1.326984,0.253311
1.325909,0.25374800000000003
1.324835,0.252436
1.32376,0.253311
1.322686,0.253092
1.3216109999999999,0.251998
1.3205369999999998,0.25353000000000003
1.319462,0.252873
1.318388,0.25221699999999997
1.317313,0.253311
1.316239,0.25221699999999997
1.315164,0.25221699999999997
1.31409,0.253092
1.313015,0.25178
1.311941,0.252436
1.3108659999999999,0.252655
1.3097919999999998,0.251561
1.308717,0.252436
1.3076429999999999,0.252436
1.306568,0.25134199999999995
1.305494,0.252655
1.304419,0.25178
1.303345,0.25112300000000004
1.30227,0.252436
1.301196,0.25134199999999995
1.300122,0.25134199999999995
1.2990469999999998,0.25221699999999997
1.297973,0.250905
1.2968979999999999,0.25134199999999995
1.2958239999999999,0.251998
1.294749,0.250467
1.293675,0.251561
1.2926,0.25134199999999995
1.291526,0.25068599999999996
1.290451,0.25178
1.289377,0.250905
1.2883019999999998,0.250467
1.287228,0.251561
1.2861529999999999,0.250467
1.2850789999999999,0.250467
1.284004,0.25134199999999995
1.28293,0.25003
1.281855,0.25068599999999996
1.280781,0.25112300000000004
1.279706,0.249592
1.278632,0.250905
1.2775569999999998,0.25068599999999996
1.276483,0.249592
1.2754079999999999,0.250905
1.2743339999999999,0.25003
1.273259,0.24937299999999998
1.272185,0.250905
1.2711109999999999,0.249592
1.270036,0.249592
1.268962,0.25068599999999996
1.267887,0.248936
1.266813,0.249592
1.265738,0.25003
1.264664,0.248936
1.2635889999999999,0.249811
1.262515,0.249811
1.26144,0.248717
1.2603659999999999,0.25003
1.259291,0.24937299999999998
1.258217,0.24849799999999997
1.257142,0.25003
1.256068,0.248717
1.254993,0.248717
1.253919,0.249811
1.2528439999999998,0.24828
1.25177,0.248936
1.250695,0.24937299999999998
1.2496209999999999,0.24806099999999998
1.248546,0.24915500000000002
1.247472,0.248936
1.246397,0.24784199999999998
1.245323,0.24915500000000002
1.244249,0.24849799999999997
1.243174,0.24784199999999998
1.2421,0.24915500000000002
1.241025,0.24806099999999998
1.239951,0.24806099999999998
1.2388759999999999,0.248936
1.2378019999999998,0.247623
1.236727,0.24806099999999998
1.235653,0.248717
1.234578,0.24740499999999999
1.233504,0.24828
1.232429,0.24806099999999998
1.231355,0.24718599999999996
1.23028,0.24828
1.229206,0.24784199999999998
1.2281309999999999,0.24696700000000002
1.2270569999999998,0.24828
1.225982,0.24718599999999996
1.2249079999999999,0.24696700000000002
1.223833,0.24806099999999998
1.222759,0.246748
1.221684,0.24718599999999996
1.22061,0.247623
1.219535,0.246311
1.218461,0.24740499999999999
1.217387,0.24740499999999999
1.2163119999999998,0.246311
1.215238,0.24740499999999999
1.2141629999999999,0.246748
1.2130889999999999,0.246311
1.212014,0.24740499999999999
1.21094,0.246311
1.209865,0.246311
1.208791,0.24740499999999999
1.207716,0.246092
1.206642,0.246311
1.205567,0.24718599999999996
1.204493,0.245655
1.2034179999999999,0.24652999999999997
1.2023439999999999,0.246748
1.201269,0.24543600000000002
1.200195,0.246748
1.19912,0.246092
1.198046,0.24543600000000002
1.196971,0.246748
1.195897,0.24587299999999998
1.194822,0.24543600000000002
1.193748,0.246748
1.1926729999999999,0.24543600000000002
1.1915989999999999,0.245655
1.190525,0.246311
1.18945,0.24478
1.1883759999999999,0.24587299999999998
1.187301,0.24587299999999998
1.186227,0.24478
1.185152,0.24587299999999998
1.184078,0.245655
1.183003,0.244561
1.181929,0.246092
1.1808539999999998,0.244998
1.17978,0.24478
1.178705,0.246092
1.1776309999999999,0.244561
1.176556,0.244998
1.175482,0.245655
1.174407,0.24412300000000003
1.173333,0.244998
1.172258,0.245217
1.171184,0.24390499999999998
1.1701089999999998,0.245217
1.169035,0.24478
1.1679599999999999,0.24390499999999998
1.1668859999999999,0.24543600000000002
1.165811,0.24412300000000003
1.164737,0.24412300000000003
1.163663,0.245217
1.162588,0.24390499999999998
1.161514,0.24390499999999998
1.160439,0.244998
1.159365,0.24346700000000002
1.15829,0.24434199999999998
1.157216,0.244561
1.1561409999999999,0.24324800000000002
1.1550669999999998,0.24434199999999998
1.153992,0.24412300000000003
1.1529179999999999,0.24302999999999997
1.151843,0.244561
1.150769,0.24368599999999999
1.149694,0.24324800000000002
1.14862,0.24434199999999998
1.147545,0.24324800000000002
1.146471,0.24346700000000002
1.1453959999999999,0.24412300000000003
1.1443219999999998,0.242592
1.143247,0.24368599999999999
1.1421729999999999,0.24368599999999999
1.141098,0.242592
1.140024,0.24390499999999998
1.138949,0.24346700000000002
1.137875,0.242592
1.1368,0.24390499999999998
1.135726,0.24302999999999997
1.134652,0.242592
1.133577,0.24368599999999999
1.132503,0.242373
1.1314279999999999,0.24281100000000003
1.1303539999999999,0.24346700000000002
1.129279,0.242155
1.128205,0.24281100000000003
1.12713,0.24302999999999997
1.126056,0.241717
1.124981,0.24302999999999997
1.123907,0.242592
1.122832,0.241717
1.121758,0.24302999999999997
1.1206829999999999,0.242373
1.1196089999999999,0.241936
1.118534,0.24302999999999997
1.11746,0.241717
1.116385,0.241936
1.115311,0.24281100000000003
1.114236,0.241498
1.113162,0.242155
1.112087,0.242373
1.111013,0.24128
1.1099379999999999,0.242373
1.1088639999999998,0.242155
1.107789,0.241061
1.106715,0.242373
1.1056409999999999,0.241498
1.104566,0.241061
1.103492,0.242373
1.102417,0.241061
1.101343,0.24128
1.100268,0.242155
1.099194,0.24084199999999997
1.0981189999999998,0.241498
1.097045,0.241717
1.0959699999999999,0.24040499999999998
1.0948959999999999,0.241717
1.093821,0.24128
1.092747,0.24040499999999998
1.091672,0.241717
1.090598,0.24084199999999997
1.089523,0.24040499999999998
1.088449,0.241717
1.0873739999999998,0.24040499999999998
1.0863,0.24062299999999998
1.0852249999999999,0.241717
1.0841509999999999,0.24018599999999998
1.083076,0.24084199999999997
1.082002,0.24128
1.080927,0.239967
1.079853,0.241061
1.078778,0.24084199999999997
1.077704,0.23974800000000002
1.076629,0.241061
1.075555,0.24040499999999998
1.074481,0.23974800000000002
1.0734059999999999,0.241061
1.0723319999999998,0.239967
1.071257,0.239967
1.0701829999999999,0.24084199999999997
1.069108,0.23952999999999997
1.068034,0.24018599999999998
1.066959,0.24062299999999998
1.065885,0.23931100000000002
1.06481,0.24018599999999998
1.063736,0.239967
1.0626609999999999,0.239092
1.061587,0.24062299999999998
1.060512,0.23974800000000002
1.0594379999999999,0.23931100000000002
1.058363,0.24040499999999998
1.057289,0.23952999999999997
1.056214,0.23931100000000002
1.05514,0.24040499999999998
1.054065,0.238873
1.052991,0.23974800000000002
1.0519159999999999,0.239967
1.050842,0.238655
1.049767,0.23974800000000002
1.0486929999999999,0.23952999999999997
1.047618,0.238436
1.046544,0.23974800000000002
1.04547,0.239092
1.044395,0.238436
1.043321,0.23974800000000002
1.042246,0.238655
1.041172,0.238873
1.040097,0.23974800000000002
1.039023,0.23821699999999998
1.0379479999999999,0.238873
1.0368739999999999,0.23931100000000002
1.035799,0.237998
1.034725,0.239092
1.03365,0.238873
1.032576,0.237998
1.031501,0.23931100000000002
1.030427,0.238655
1.029352,0.23778
1.028278,0.23931100000000002
1.0272029999999999,0.237998
1.0261289999999998,0.237998
1.025054,0.239092
1.02398,0.23778
1.022905,0.23821699999999998
1.021831,0.238655
1.020756,0.231655
1.019682,0.226623
1.018608,0.220061
1.017533,0.21328
1.016459,0.20693599999999998
1.015384,0.200811
1.01431,0.194905
1.0132349999999999,0.189436
1.0121609999999999,0.183967
1.011086,0.17828
1.010012,0.173249
1.008937,0.16843599999999997
1.007863,0.163405
1.006788,0.158811
1.005714,0.153999
1.004639,0.149405
1.003565,0.145468
1.0024899999999999,0.141093
1.0014159999999999,0.137155
1.000341,0.133218
0.9992669999999999,0.12906099999999998
0.998192,0.125561
0.997118,0.12184299999999999
0.9960429999999999,0.11812399999999999
0.994969,0.11484299999999999
0.9938939999999999,0.11156200000000001
0.9928199999999999,0.10828
0.991745,0.10543699999999999
0.990671,0.10215500000000001
0.989597,0.09887456800000001
0.9885219999999999,0.09624956800000001
0.987448,0.09362458400000001
0.9863729999999999,0.09099960000000001
0.9852989999999999,0.08837460800000001
0.984224,0.08553087200000001
0.98315,0.083124632
0.9820749999999999,0.08093714400000002
0.9810009999999999,0.078312152
0.979926,0.07634341600000001
0.9788519999999999,0.07415592
0.977777,0.07174968000000001
0.976703,0.069999688
0.9756279999999999,0.068030952
0.9745539999999999,0.06584346
0.973479,0.06431221200000001
0.972405,0.06212472
0.9713299999999999,0.06015598400000001
0.970256,0.059062236000000004
0.969181,0.05709349600000001
0.9681069999999999,0.055343504
0.967032,0.05424976
0.965958,0.052281016
0.9648829999999999,0.05096852400000001
0.9638089999999999,0.049656028000000005
0.962735,0.048124784000000004
0.96166,0.046812292000000005
0.9605859999999999,0.04549980000000001
0.959511,0.044187304000000004
0.958437,0.043202936000000004
0.9573619999999999,0.041781064
0.9562879999999999,0.040577944000000005
0.955213,0.039702948
0.954139,0.038390452
0.9530639999999999,0.037406084000000006
0.95199,0.03664046000000001
0.950915,0.035327968
0.9498409999999999,0.03456234400000001
0.948766,0.033687352000000004
0.947692,0.032374858000000006
0.9466169999999999,0.031827984000000004
0.9455429999999999,0.030952988
0.944468,0.030077992000000005
0.943394,0.029421744000000003
0.9423189999999999,0.028546748000000004
0.941245,0.027781126000000003
0.94017,0.02712488
0.9390959999999999,0.026249884000000005
0.938021,0.025593638000000002
0.936947,0.025156138
0.9358719999999999,0.024281142000000002
0.9347979999999999,0.023843644
0.933724,0.023187396000000002
0.932649,0.022421774000000002
0.9315749999999999,0.022203026
0.9305,0.010298354000000001
0.929426,0.015086333
0.9283509999999999,0.016346327
0.9272769999999999,0.016279128
0.926202,0.016021529000000003
0.925128,0.015567931000000002
0.924053,0.015063933
0.922979,0.014655135000000001
0.921904,0.014173538000000001
0.9208299999999999,0.01371994
0.919755,0.013383941
0.918681,0.012902343
0.9176059999999999,0.012487945000000002
0.916532,0.012179947
0.915457,0.011720749
0.914383,0.01139035
0.913308,0.011093551
0.912234,0.010628753000000001
0.9111589999999999,0.010343155
0.9100849999999999,0.010063156
0.90901,0.009704757
0.907936,0.009463959000000001
0.9068609999999999,0.00916156
0.905787,0.008814361000000001
0.904713,0.008595962
0.9036379999999999,0.008287963
0.9025639999999999,0.008030365000000001
0.901489,0.007856765
0.900415,0.0075431660000000005
0.8993399999999999,0.007319168000000001
0.898266,0.007156768000000001
0.897191,0.00685997
0.8961169999999999,0.006680770000000001
0.895042,0.006484771
0.893968,0.006232772
0.8928929999999999,0.0060703730000000004
0.8918189999999999,0.005840774000000001
0.890744,0.005627975
0.88967,0.005493576000000001
0.8885949999999999,0.0052135770000000005
0.887521,0.005034378
0.886446,0.0048943780000000004
0.8853719999999999,0.004675979000000001
0.884297,0.004496780000000001
0.883223,0.004362381
0.8821479999999999,0.004110382
0.8810739999999999,0.003998382000000001
0.879999,0.0038695830000000002
0.878925,0.0036287840000000003
0.8778499999999999,0.0035727840000000003
0.876776,0.003427185
0.875702,0.0031919860000000004
0.8746269999999999,0.003147186
0.8735529999999999,0.002973587
0.872478,0.0028335870000000003
0.871404,0.002755187
0.8703289999999999,0.002575988
0.869255,0.002475189
0.86818,0.002435989
0.8671059999999999,0.00221759
0.866031,0.0021671900000000003
0.864957,0.00207199
0.8638819999999999,0.001937591
0.8628079999999999,0.0018815910000000002
0.861733,0.001763992
0.860659,0.0016127920000000003
0.859584,0.001618392
0.85851,0.0014503930000000001
0.857435,0.001327194
0.8563609999999999,0.0012935940000000001
0.855286,0.0011255950000000003
0.854212,0.001024795
0.8531369999999999,0.0009743950000000001
0.852063,0.0008063960000000001
0.850988,0.0007335960000000001
0.849914,0.000671997
0.8488399999999999,0.000520797
0.847765,0.000503997
0.846691,0.00036399800000000003
0.8456159999999999,0.00024079800000000002
0.844542,0.000279998
0.843467,0.00012319900000000002
0.842393,5.0399780000000004e-05
0.841318,1.1199951000000002e-05
0.840244,-0.00010079900000000001
0.8391689999999999,-0.000207199
0.8380949999999999,-0.00021279900000000003
0.83702,-0.000330398
0.835946,-0.000358398
0.8348709999999999,-0.00043119800000000004
0.833797,-0.000537597
0.832722,-0.000515197
0.8316479999999999,-0.000587997
0.830573,-0.000677597
0.829499,-0.000688796
0.8284239999999999,-0.000767196
0.8273499999999999,-0.0008567960000000001
0.826275,-0.000834396
0.825201,-0.0009295950000000001
0.8241259999999999,-0.0009967950000000002
0.823052,-0.001041595
0.821978,-0.001164794
0.8209029999999999,-0.0011871940000000001
0.8198289999999999,-0.001215194
0.818754,-0.001371994
0.81768,-0.001394393
0.8166049999999999,-0.001467193
0.815531,-0.001573593
0.814456,-0.0015399930000000001
0.8133819999999999,-0.0016631920000000002
0.812307,-0.001747192
0.811233,-0.001730392
0.8101579999999999,-0.0018535910000000001
0.8090839999999999,-0.0018815910000000002
0.808009,-0.0018815910000000002
0.806935,-0.0020383910000000005
0.8058599999999999,-0.002049591
0.804786,-0.0020607900000000003
0.803711,-0.0021839900000000002
0.8026369999999999,-0.0021391900000000004
0.801562,-0.00219519
0.800488,-0.002301589
0.7994129999999999,-0.0022791900000000004
0.7983389999999999,-0.002391189
0.797264,-0.002430389
0.79619,-0.0023855890000000005
0.795115,-0.0024863890000000003
0.794041,-0.002542388
0.792967,-0.0025199890000000003
0.7918919999999999,-0.002615188
0.7908179999999999,-0.0026319880000000005
0.789743,-0.002643188
0.788669,-0.0027607870000000002
0.787594,-0.0027607870000000002
0.78652,-0.0027999870000000003
0.785445,-0.0029231870000000003
0.7843709999999999,-0.002917587
0.783296,-0.0030183860000000005
0.782222,-0.0030855860000000004
0.7811469999999999,-0.0030631860000000003
0.780073,-0.003163986
0.778998,-0.0032031860000000002
0.777924,-0.0032311850000000006
0.776849,-0.0033263850000000003
0.775775,-0.0033095850000000003
0.7746999999999999,-0.0033823850000000003
0.7736259999999999,-0.0035167840000000002
0.772551,-0.003460784
0.771477,-0.0035111840000000005
0.7704019999999999,-0.0035951840000000004
0.769328,-0.0035559840000000003
0.768253,-0.0036455840000000003
0.7671789999999999,-0.0037183830000000005
0.766104,-0.003667983
0.76503,-0.003791183
0.7639549999999999,-0.0038079830000000005
0.7628809999999999,-0.003751983000000001
0.761807,-0.0038919820000000004
0.760732,-0.0038695830000000002
0.7596579999999999,-0.0038583830000000004
0.758583,-0.003959182
0.757509,-0.003931182000000001
0.7564339999999999,-0.003975982
0.7553599999999999,-0.004110382
0.754285,-0.004059982
0.753211,-0.004149581
0.7521359999999999,-0.004233581
0.751062,-0.004194381
0.749987,-0.004345581
0.7489129999999999,-0.00437358
0.747838,-0.004334381
0.746764,-0.004479980000000001
0.7456889999999999,-0.00451918
0.7446149999999999,-0.00451358
0.74354,-0.004647979
0.742466,-0.004642379
0.7413909999999999,-0.004659179
0.740317,-0.004776779
0.739242,-0.004726379
0.7381679999999999,-0.004821578
0.737093,-0.004933578
0.736019,-0.004871978
0.734945,-0.004978378
0.7338699999999999,-0.004989578000000001
0.732796,-0.004972778000000001
0.731721,-0.005129577000000001
0.7306469999999999,-0.005118377
0.729572,-0.005090377000000001
0.728498,-0.0051967770000000005
0.7274229999999999,-0.005174377000000001
0.726349,-0.0052135770000000005
0.725274,-0.005303176000000001
0.7242,-0.005269577
0.723125,-0.005342376000000001
0.722051,-0.005398376000000001
0.720976,-0.005375976
0.7199019999999999,-0.005487976
0.718827,-0.005566375
0.717753,-0.0055607750000000004
0.7166779999999999,-0.005667175000000001
0.715604,-0.005700775
0.714529,-0.0057231750000000005
0.713455,-0.005868774
0.71238,-0.005857574
0.711306,-0.005885574
0.710231,-0.005991973
0.7091569999999999,-0.0059863730000000006
0.708083,-0.006059173
0.707008,-0.006143173000000001
0.705934,-0.006131973000000001
0.704859,-0.006221572
0.703785,-0.006283172
0.70271,-0.006255172000000001
0.7016359999999999,-0.006378372
0.700561,-0.006400772000000001
0.699487,-0.006423171000000001
0.6984119999999999,-0.0065127710000000005
0.697338,-0.006479171000000001
0.696263,-0.0065463710000000005
0.695189,-0.006630371
0.694114,-0.006579971
0.69304,-0.006691970000000001
0.6919649999999999,-0.00678157
0.6908909999999999,-0.0067031700000000005
0.689816,-0.006809570000000001
0.688742,-0.006826370000000001
0.6876669999999999,-0.006798370000000001
0.686593,-0.006977569
0.685518,-0.006971969000000001
0.6844439999999999,-0.007016769000000001
0.683369,-0.0071623680000000006
0.682295,-0.007145568000000001
0.6812199999999999,-0.0072127680000000005
0.6801459999999999,-0.007341567
0.679072,-0.0073359670000000005
0.677997,-0.007425567000000001
0.6769229999999999,-0.007559966
0.675848,-0.007520766
0.674774,-0.007649566000000001
0.6736989999999999,-0.0077223660000000005
0.6726249999999999,-0.007688766
0.67155,-0.007828765000000001
0.670476,-0.007851165
0.669401,-0.007884765
0.668327,-0.008019164
0.667252,-0.008041565
0.6661779999999999,-0.008086364
0.665103,-0.008209564
0.664029,-0.008181564
0.6629539999999999,-0.008254363
0.66188,-0.008343963
0.660805,-0.008321563
0.659731,-0.008427963
0.658656,-0.008472762000000002
0.657582,-0.008495163
0.656507,-0.008646362000000001
0.6554329999999999,-0.008635162000000002
0.654358,-0.008635162000000002
0.653284,-0.008786361000000001
0.6522089999999999,-0.008836761
0.651135,-0.008898360000000001
0.650061,-0.00903276
0.648986,-0.009027161
0.6479119999999999,-0.00910556
0.646837,-0.009273559
0.645763,-0.009239959
0.6446879999999999,-0.009391158
0.643614,-0.009463959000000001
0.642539,-0.009497558000000001
0.641465,-0.009654357
0.64039,-0.009676757000000001
0.639316,-0.009721557
0.638241,-0.009895157
0.6371669999999999,-0.009934357000000001
0.636092,-0.010018356
0.635018,-0.010141555000000002
0.6339429999999999,-0.010113555000000002
0.632869,-0.010219955000000001
0.631794,-0.010354355
0.63072,-0.010326355000000002
0.629645,-0.010483154000000001
0.628571,-0.010583953
0.6274959999999999,-0.010578353
0.6264219999999999,-0.010729552
0.625347,-0.010768752000000001
0.624273,-0.010796753000000001
0.6231979999999999,-0.010959152000000002
0.622124,-0.010975952
0.62105,-0.011015151
0.6199749999999999,-0.011194350000000002
0.6189009999999999,-0.011183150000000001
0.617826,-0.011351150000000003
0.616752,-0.01145755
0.6156769999999999,-0.011474349000000002
0.614603,-0.011625548000000001
0.613528,-0.011782348000000002
0.6124539999999999,-0.011815948000000001
0.611379,-0.012017547000000002
0.610305,-0.012084746
0.6092299999999999,-0.012157547000000001
0.6081559999999999,-0.012347946000000002
0.607081,-0.012409545000000001
0.606007,-0.012515945000000002
0.604932,-0.012706344
0.603858,-0.012711944000000001
0.602783,-0.012857543
0.6017089999999999,-0.013031142
0.600634,-0.013036742000000002
0.59956,-0.013255142000000001
0.5984849999999999,-0.013383941
0.597411,-0.013428741000000001
0.596336,-0.013596740000000001
0.595262,-0.013680740000000002
0.5941879999999999,-0.013759139
0.593113,-0.013971938000000001
0.592039,-0.014027939
0.5909639999999999,-0.014123138
0.58989,-0.014341537000000001
0.588815,-0.014347137000000001
0.587741,-0.014503936000000002
0.586666,-0.014699935000000003
0.585592,-0.014716735000000002
0.584517,-0.014879134000000002
0.5834429999999999,-0.015108733000000001
0.582368,-0.015175934000000002
0.581294,-0.015411132000000001
0.5802189999999999,-0.015506331
0.579145,-0.015635131000000003
0.57807,-0.015892729
0.576996,-0.015982329000000003
0.575921,-0.016161529
0.574847,-0.016391127000000002
0.573772,-0.016447127000000002
0.5726979999999999,-0.016654326000000004
0.571623,-0.016872726
0.570549,-0.016934324
0.5694739999999999,-0.017197524
0.5684,-0.017404724
0.567326,-0.017527922
0.566251,-0.017774322000000002
0.5651769999999999,-0.017869522
0.564102,-0.018015120000000003
0.563028,-0.018317518
0.5619529999999999,-0.01842952
0.560879,-0.018586318
0.559804,-0.018883118
0.55873,-0.019000716
0.557655,-0.019174316
0.556581,-0.019437514000000003
0.5555059999999999,-0.019515914
0.5544319999999999,-0.019790314
0.553357,-0.020014312
0.552283,-0.020131910000000003
0.5512079999999999,-0.02041751
0.550134,-0.02059111
0.549059,-0.020781508000000004
0.5479849999999999,-0.021123106
0.54691,-0.021268706000000002
0.545836,-0.021520706
0.5447609999999999,-0.021851104000000003
0.5436869999999999,-0.022019102000000002
0.542612,-0.022310302000000004
0.541538,-0.0226183
0.540463,-0.022786300000000002
0.539389,-0.023167098000000004
0.538314,-0.023402296000000003
0.5372399999999999,-0.023631896000000003
0.5361659999999999,-0.024012694000000005
0.535091,-0.024253494
0.534017,-0.024494292
0.532942,-0.024886290000000002
0.531868,-0.025093490000000003
0.530793,-0.025401488
0.5297189999999999,-0.025771086000000002
0.528644,-0.025961486000000002
0.52757,-0.026319884
0.5264949999999999,-0.026711882000000003
0.525421,-0.026930282
0.524346,-0.027299880000000002
0.523272,-0.027669478
0.522197,-0.027932676000000004
0.521123,-0.028335876000000003
0.520048,-0.028660674000000004
0.5189739999999999,-0.028979872
0.517899,-0.029433470000000003
0.516825,-0.029702268000000004
0.5157499999999999,-0.030083066
0.514676,-0.030598266
0.513601,-0.030889464000000002
0.512527,-0.031348664000000005
0.511452,-0.031791062
0.510378,-0.03214946
0.509304,-0.032619856
0.5082289999999999,-0.033107054000000004
0.507155,-0.033465452
0.50608,-0.034025452
0.505006,-0.034434248
0.503931,-0.034831848
0.502857,-0.035447844000000006
0.501782,-0.035817444000000004
0.5007079999999999,-0.036327040000000005
0.499633,-0.03690384000000001
0.498559,-0.037323836000000006
0.497484,-0.037895032
0.49640999999999996,-0.038443828
0.49533499999999997,-0.03885262800000001
0.49426099999999995,-0.039463024
0.49318599999999996,-0.040000624
0.492112,-0.040476620000000005
0.491037,-0.041075820000000006
0.489963,-0.041602216
0.488888,-0.042033412
0.48781399999999997,-0.042699812000000004
0.486739,-0.043147812
0.48566499999999996,-0.043612608000000004
0.48458999999999997,-0.044228608
0.483516,-0.044609404000000005
0.48244099999999995,-0.045085400000000005
0.481367,-0.045623000000000004
0.48029299999999997,-0.045986996
0.479218,-0.046440596
0.47814399999999996,-0.046910992000000006
0.47706899999999997,-0.047235792000000006
0.475995,-0.047678188
0.47491999999999995,-0.04809818800000001
0.473846,-0.048344588
0.472771,-0.048798184
0.471697,-0.049139784000000006
0.470622,-0.049984152000000004
0.46954799999999997,-0.05085914800000001
0.468473,-0.051843520000000004
0.46739899999999995,-0.052281016
0.46632399999999996,-0.05359351200000001
0.46525,-0.054468508000000006
0.464175,-0.055343504
0.463101,-0.056327876000000006
0.462026,-0.057202872
0.460952,-0.058187244
0.459877,-0.059718484
0.45880299999999996,-0.06026536
0.45772799999999997,-0.06146848
0.456654,-0.062780972
0.45557899999999996,-0.063765344
0.454505,-0.06507783600000001
0.45343,-0.066390328
0.452356,-0.067265328
0.45128199999999996,-0.06890594400000001
0.45020699999999997,-0.070109064
0.449133,-0.071202808
0.44805799999999996,-0.072734056
0.446984,-0.07393717600000001
0.445909,-0.07535904
0.444835,-0.077218408
0.44376,-0.07853090400000001
0.44268599999999997,-0.07995276800000001
0.441611,-0.08170276
0.44053699999999996,-0.08301525600000001
0.43946199999999996,-0.08498399200000001
0.438388,-0.08673399200000001
0.437313,-0.08793711200000001
0.436239,-0.09012460000000001
0.435164,-0.09176521600000001
0.43409,-0.093515208
0.433015,-0.09559332800000002
0.43194099999999996,-0.09734332000000001
0.43086599999999997,-0.09920268800000001
0.429792,-0.10160799999999999
0.42871699999999996,-0.10346799999999999
0.427643,-0.105546
0.426568,-0.107952
0.425494,-0.11003
0.42441999999999996,-0.112327
0.42334499999999997,-0.11484299999999999
0.422271,-0.116921
0.42119599999999996,-0.119655
0.420122,-0.122061
0.419047,-0.124468
0.417973,-0.12742099999999998
0.416898,-0.129936
0.41582399999999997,-0.132671
0.414749,-0.135952
0.41367499999999996,-0.138686
0.41259999999999997,-0.14196799999999998
0.411526,-0.145358
0.41045099999999995,-0.14831099999999997
0.409377,-0.151811
0.408302,-0.15553
0.407228,-0.158811
0.406153,-0.16285799999999998
0.40507899999999997,-0.166686
0.404004,-0.17018599999999998
0.40292999999999995,-0.17478000000000002
0.40185499999999996,-0.17882699999999999
0.400781,-0.183092
0.399706,-0.18823299999999998
0.398632,-0.192499
0.397557,-0.19752999999999998
0.396483,-0.20267
0.39540899999999995,-0.207702
0.39433399999999996,-0.21328
0.39326,-0.219077
0.392185,-0.224436
0.391111,-0.231108
0.390036,-0.237123
0.388962,-0.24346700000000002
0.387887,-0.25068599999999996
0.38681299999999996,-0.257467
0.38573799999999997,-0.264576
0.384664,-0.27223299999999995
0.38358899999999996,-0.27967000000000003
0.382515,-0.287873
0.38144,-0.296514
0.380366,-0.305045
0.379291,-0.314342
0.37821699999999997,-0.323967
0.377142,-0.333482
0.37606799999999996,-0.344092
0.37499299999999997,-0.35480999999999996
0.373919,-0.365967
0.372844,-0.377888
0.37177,-0.38992
0.370695,-0.402826
0.369621,-0.416498
0.368546,-0.43016899999999997
0.36747199999999997,-0.445044
0.366398,-0.46024699999999996
0.365323,-0.47588800000000003
0.364249,-0.493388
0.363174,-0.510997
0.3621,-0.529263
0.361025,-0.5491689999999999
0.35995099999999997,-0.569731
0.358876,-0.5909500000000001
0.357802,-0.6141369999999999
0.35672699999999996,-0.6373249999999999
0.355653,-0.662481
0.354578,-0.689496
0.353504,-0.716731
0.352429,-0.746152
0.351355,-0.776996
0.35028,-0.8089329999999999
0.34920599999999996,-0.84273
0.34813099999999997,-0.8781669999999999
0.347057,-0.914261
0.345982,-0.9528699999999999
0.344908,-0.9916979999999999
0.343833,-1.034901
0.342759,-1.077995
0.341684,-1.1217439999999999
0.34060999999999997,-1.166807
0.339536,-1.213619
0.338461,-1.260431
0.337387,-1.30965
0.336312,-1.359306
0.335238,-1.4085239999999999
0.334163,-1.4603679999999999
0.33308899999999997,-1.511993
0.332014,-1.5644930000000001
0.33094,-1.6180860000000001
0.32986499999999996,-1.671461
0.328791,-1.7248359999999998
0.327716,-1.779085
0.326642,-1.832023
0.325567,-1.885616
0.324493,-1.939428
0.323418,-1.992803
0.32234399999999996,-2.0426779999999995
0.32126899999999997,-2.092115
0.320195,-2.138928
0.31911999999999996,-2.185302
0.318046,-2.228177
0.316971,-2.267989
0.315897,-2.305177
0.314822,-2.337989
0.31374799999999997,-2.367301
0.312673,-2.393551
0.31159899999999996,-2.413676
0.310525,-2.4298640000000002
0.30945,-2.441676
0.308376,-2.447801
0.307301,-2.4486760000000003
0.30622699999999997,-2.443864
0.305152,-2.431614
0.30407799999999996,-2.415864
0.30300299999999997,-2.393114
0.301929,-2.364676
0.300854,-2.3323020000000003
0.29978,-2.293364
0.298705,-2.249614
0.297631,-2.202365
0.296556,-2.149865
0.29548199999999997,-2.093865
0.294407,-2.036115
0.293333,-1.9748659999999998
0.29225799999999996,-1.912304
0.291184,-1.8484289999999999
0.290109,-1.782367
0.289035,-1.7171789999999998
0.28796,-1.651992
0.286886,-1.5872419999999998
0.285811,-1.5242429999999998
0.28473699999999996,-1.461243
0.283663,-1.400431
0.282588,-1.341806
0.281514,-1.284494
0.280439,-1.2302440000000001
0.279365,-1.1786189999999999
0.27829,-1.127869
0.27721599999999996,-1.080182
0.27614099999999997,-1.0346819999999999
0.275067,-0.990933
0.273992,-0.950245
0.272918,-0.911308
0.271843,-0.873683
0.270769,-0.838683
0.269694,-0.804558
0.26861999999999997,-0.772621
0.267545,-0.741996
0.266471,-0.712684
0.26539599999999997,-0.683809
0.264322,-0.657559
0.263247,-0.630872
0.262173,-0.606372
0.261098,-0.582747
0.260024,-0.5591219999999999
0.258949,-0.5372469999999999
0.25787499999999997,-0.5162469999999999
0.2568,-0.49524699999999994
0.255726,-0.475997
0.254652,-0.457185
0.253577,-0.43881
0.252503,-0.422185
0.251428,-0.405998
0.25035399999999997,-0.390685
0.249279,-0.37624799999999997
0.24820499999999998,-0.362248
0.24713,-0.34956000000000004
0.246056,-0.338185
0.24498099999999998,-0.326373
0.24390699999999998,-0.315873
0.242832,-0.305811
0.241758,-0.296186
0.24068299999999998,-0.28743599999999997
0.239609,-0.279998
0.238534,-0.27168600000000004
0.23745999999999998,-0.265123
0.23638499999999998,-0.25768599999999997
0.235311,-0.25112300000000004
0.234236,-0.246311
0.23316199999999998,-0.24018599999999998
0.232087,-0.234936
0.231013,-0.230123
0.22993799999999998,-0.22487300000000002
0.22886399999999998,-0.220936
0.227789,-0.216999
0.226715,-0.21218599999999999
0.22564099999999998,-0.209561
0.224566,-0.205624
0.223492,-0.201686
0.222417,-0.198624
0.22134299999999998,-0.19556099999999998
0.220268,-0.192936
0.219194,-0.19031099999999998
0.21811899999999998,-0.18724899999999997
0.217045,-0.18418600000000002
0.21597,-0.182874
0.214896,-0.179811
0.21382099999999998,-0.177624
0.212747,-0.176311
0.211672,-0.173249
0.21059799999999998,-0.17149899999999998
0.209523,-0.17018599999999998
0.208449,-0.16799899999999998
0.207374,-0.166686
0.20629999999999998,-0.164936
0.205225,-0.162749
0.204151,-0.161874
0.20307599999999998,-0.160561
0.202002,-0.159249
0.200927,-0.157936
0.199853,-0.15662399999999999
0.19877799999999998,-0.155311
0.197704,-0.154436
0.19663,-0.15312399999999998
0.19555499999999998,-0.152249
0.194481,-0.151811
0.193406,-0.150499
0.192332,-0.150061
0.19125699999999998,-0.14918599999999999
0.190183,-0.14831099999999997
0.189108,-0.14787399999999998
0.18803399999999998,-0.146561
0.186959,-0.145686
0.185885,-0.146124
0.18481,-0.144811
0.18373599999999998,-0.144374
0.182661,-0.143936
0.181587,-0.142624
0.18051199999999998,-0.142624
0.179438,-0.142186
0.178363,-0.140874
0.177289,-0.141311
0.17621399999999998,-0.140436
0.17514,-0.139124
0.174065,-0.139124
0.172991,-0.138249
0.17191599999999999,-0.137374
0.170842,-0.137811
0.169768,-0.136061
0.16869299999999998,-0.136061
0.167619,-0.135624
0.166544,-0.13431099999999999
0.16547,-0.133436
0.16439499999999999,-0.13299899999999998
0.163321,-0.131686
0.162246,-0.13124899999999998
0.16117199999999998,-0.13081099999999998
0.160097,-0.12949899999999998
0.159023,-0.128624
0.157948,-0.127749
0.15687399999999999,-0.12687400000000001
0.155799,-0.125999
0.154725,-0.124686
0.15364999999999998,-0.12381099999999999
0.152576,-0.122936
0.151501,-0.12162400000000001
0.150427,-0.12118600000000002
0.14935199999999998,-0.120311
0.148278,-0.11812399999999999
0.147203,-0.11812399999999999
0.14612899999999998,-0.116811
0.145054,-0.11549899999999999
0.14398,-0.11462399999999999
0.142905,-0.113311
0.14183099999999998,-0.11243600000000001
0.140757,-0.111999
0.139682,-0.110249
0.13860799999999998,-0.10893699999999999
0.137533,-0.10893699999999999
0.136459,-0.10718699999999999
0.135384,-0.10631199999999999
0.13430999999999998,-0.10631199999999999
0.133235,-0.104124
0.132161,-0.10368699999999999
0.13108599999999998,-0.102812
0.130012,-0.101937
0.128937,-0.101499
0.127863,-0.100187
0.12678799999999998,-0.09931205600000001
0.125714,-0.099749552
0.124639,-0.098437064
0.123565,-0.09712456800000001
0.12248999999999999,-0.097562064
0.121416,-0.09624956800000001
0.12034099999999999,-0.095374576
0.119267,-0.095374576
0.11819199999999999,-0.09362458400000001
0.117118,-0.09406208
0.116043,-0.09362458400000001
0.11496899999999999,-0.092312088
0.113894,-0.09209334400000001
0.11281999999999999,-0.09165584000000002
0.111746,-0.09056209600000001
0.11067099999999999,-0.09099960000000001
0.109597,-0.08946835200000001
0.108522,-0.08946835200000001
0.107448,-0.08946835200000001
0.106373,-0.08837460800000001
0.10529899999999999,-0.08837460800000001
0.104224,-0.088155856
0.10314999999999999,-0.086843368
0.102075,-0.087280856
0.101001,-0.08706211200000001
0.099926736,-0.085968368
0.098852256,-0.086624616
0.09777777600000001,-0.085968368
0.09670329600000001,-0.08553087200000001
0.095628816,-0.085968368
0.094554336,-0.085093368
0.093479848,-0.08531212
0.092405368,-0.08531212
0.09133089600000001,-0.08421837600000001
0.09025640800000001,-0.084437128
0.08918192800000001,-0.08465587200000001
0.088107448,-0.083780872
0.087032968,-0.08421837600000001
0.08595848,-0.08399963200000002
0.084884,-0.083124632
0.08380952800000001,-0.083780872
0.08273504000000001,-0.083343384
0.08166056000000001,-0.08290588800000001
0.08058607200000001,-0.083562128
0.0795116,-0.08268712800000001
0.07843712,-0.08290588800000001
0.077362632,-0.083124632
0.07628816000000001,-0.08203088800000001
0.07521367200000001,-0.082468384
0.074139192,-0.082468384
0.073064712,-0.08137464
0.071990232,-0.08181213600000001
0.070915752,-0.081593384
0.069841264,-0.080718392
0.068766784,-0.08137464
0.067692312,-0.080718392
0.066617824,-0.08006214400000002
0.065543348,-0.080718392
0.06446886,-0.08006214400000002
0.063394384,-0.079624648
0.062319900000000004,-0.08028088800000001
0.06124542,-0.07896840000000001
0.060170940000000006,-0.079405896
0.05909646,-0.079624648
0.058021976,-0.07809340000000001
0.056947496,-0.078312152
0.055873016000000005,-0.078312152
0.054798532000000004,-0.077218408
0.053724056000000006,-0.07809340000000001
0.052649572000000006,-0.07743716
0.051575092,-0.07656216
0.050500608,-0.07743716
0.049426128,-0.07634341600000001
0.048351648000000004,-0.075905912
0.047277168,-0.07656216
0.046202684,-0.07503092
0.045128204000000005,-0.07524966400000001
0.044053724,-0.07546841600000001
0.04297924,-0.07415592
0.041904764000000004,-0.074374672
0.040830280000000004,-0.07415592
0.0397558,-0.07328092000000001
0.038681316,-0.07393717600000001
0.037606836000000005,-0.07306217599999999
0.036532356,-0.072187176
0.035457876,-0.07328092000000001
0.034383392,-0.07174968000000001
0.033308912,-0.071530936
0.03223443,-0.07262468000000001
0.031159950000000002,-0.07109343200000001
0.030085470000000003,-0.071312184
0.029010988,-0.071530936
0.027936508000000002,-0.07043719200000001
0.026862028000000003,-0.070874688
0.025787546,-0.07043719200000001
0.024713064,-0.06956219200000001
0.023638584,-0.07021843200000001
0.022564102000000003,-0.069780936
0.02148962,-0.06934344800000002
0.020415140000000002,-0.069780936
0.019340658,-0.06890594400000001
0.018266178,-0.06890594400000001
0.017191696,-0.06934344800000002
0.016117215,-0.06846844800000002
0.015042735000000002,-0.06846844800000002
0.013968254000000001,-0.06846844800000002
0.012893773,-0.06737470400000001
0.011819292,-0.0678122
0.01074481,-0.068030952
0.009670329,-0.066499704
0.008595848,-0.06737470400000001
0.007521367,-0.06693720400000001
0.006446886000000001,-0.066280956
0.005372405,-0.06693720400000001
0.004297924,-0.065624704
0.0032234430000000003,-0.06584346
0.002148962,-0.066499704
0.001074481,-0.064968464
0.0,-0.06540596000000001
-0.001074481,-0.06584346
-0.002148962,-0.06453096000000001
-0.0032234430000000003,-0.06518721200000001
-0.004297924,-0.06540596000000001
-0.005372405,-0.064093464
-0.006446886000000001,-0.06474971600000001
-0.007521367,-0.06453096000000001
-0.008595848,-0.06365596800000001
-0.009670329,-0.06474971600000001
-0.01074481,-0.06365596800000001
-0.011819292,-0.06321846800000001
-0.012893773,-0.06387471600000001
-0.013968254000000001,-0.06321846800000001
-0.015042735000000002,-0.06321846800000001
-0.016117215,-0.06343722
-0.017191696,-0.06212472
-0.018266178,-0.062780972
-0.019340658,-0.062562224
-0.020415140000000002,-0.061905976
-0.02148962,-0.06234347600000001
-0.022564102000000003,-0.061905976
-0.023638584,-0.061249732
-0.024713064,-0.06212472
-0.025787546,-0.061249732
-0.026862028000000003,-0.06081222800000001
-0.027936508000000002,-0.06168722800000001
-0.029010988,-0.06059348
-0.030085470000000003,-0.06103097600000001
-0.031159950000000002,-0.06103097600000001
-0.03223443,-0.059718484
-0.033308912,-0.06059348
-0.034383392,-0.06015598400000001
-0.035457876,-0.059280988
-0.036532356,-0.06015598400000001
-0.037606836000000005,-0.059499736000000004
-0.038681316,-0.059062236000000004
-0.0397558,-0.060374732
-0.040830280000000004,-0.059062236000000004
-0.041904764000000004,-0.059062236000000004
-0.04297924,-0.059718484
-0.044053724,-0.05862474000000001
-0.045128204000000005,-0.059062236000000004
-0.046202684,-0.059280988
-0.047277168,-0.057968492
-0.048351648000000004,-0.05862474000000001
-0.049426128,-0.05862474000000001
-0.050500608,-0.057968492
-0.051575092,-0.058405992000000004
-0.052649572000000006,-0.058187244
-0.053724056000000006,-0.05753099600000001
-0.054798532000000004,-0.057968492
-0.055873016000000005,-0.05753099600000001
-0.056947496,-0.056874748
-0.058021976,-0.058187244
-0.05909646,-0.056656
-0.060170940000000006,-0.056874748
-0.06124542,-0.057312244000000005
-0.062319900000000004,-0.056218500000000005
-0.063394384,-0.056874748
-0.06446886,-0.056874748
-0.065543348,-0.055124752000000006
-0.066617824,-0.056218500000000005
-0.067692312,-0.05599975200000001
-0.068766784,-0.054906008000000006
-0.069841264,-0.05599975200000001
-0.070915752,-0.055562252000000006
-0.071990232,-0.055124752000000006
-0.073064712,-0.056218500000000005
-0.074139192,-0.055124752000000006
-0.07521367200000001,-0.054906008000000006
-0.07628816000000001,-0.05599975200000001
-0.077362632,-0.05468726
-0.07843712,-0.054906008000000006
-0.0795116,-0.055343504
-0.08058607200000001,-0.05468726
-0.08166056000000001,-0.055124752000000006
-0.08273504000000001,-0.054468508000000006
-0.08380952800000001,-0.05359351200000001
-0.084884,-0.055124752000000006
-0.08595848,-0.054031012
-0.087032968,-0.05337476
-0.088107448,-0.055124752000000006
-0.08918192800000001,-0.05337476
-0.09025640800000001,-0.05359351200000001
-0.09133089600000001,-0.054031012
-0.092405368,-0.052937268
-0.093479848,-0.05337476
-0.094554336,-0.05359351200000001
-0.095628816,-0.052718516
-0.09670329600000001,-0.05359351200000001
-0.09777777600000001,-0.05315601200000001
-0.098852256,-0.05206226800000001
-0.099926736,-0.05315601200000001
-0.101001,-0.052281016
-0.102075,-0.052281016
-0.10314999999999999,-0.052937268
-0.104224,-0.05206226800000001
-0.10529899999999999,-0.05206226800000001
-0.106373,-0.052281016
-0.107448,-0.051843520000000004
-0.108522,-0.051843520000000004
-0.109597,-0.05206226800000001
-0.11067099999999999,-0.051187276000000004
-0.111746,-0.05206226800000001
-0.11281999999999999,-0.05162476800000001
-0.113894,-0.051187276000000004
-0.11496899999999999,-0.051406020000000004
-0.116043,-0.05053102400000001
-0.117118,-0.05053102400000001
-0.11819199999999999,-0.051406020000000004
-0.119267,-0.05096852400000001
-0.12034099999999999,-0.050749776
-0.121416,-0.05162476800000001
-0.12248999999999999,-0.050093528000000005
-0.123565,-0.051187276000000004
-0.124639,-0.050749776
-0.125714,-0.049874776
-0.12678799999999998,-0.050312276
-0.127863,-0.050312276
-0.128937,-0.049218532
-0.130012,-0.050093528000000005
-0.13108599999999998,-0.049437284000000005
-0.132161,-0.049437284000000005
-0.133235,-0.050093528000000005
-0.13430999999999998,-0.049218532
-0.135384,-0.048781032
-0.136459,-0.049218532
-0.137533,-0.048343536000000006
-0.13860799999999998,-0.048781032
-0.139682,-0.049874776
-0.140757,-0.048124784000000004
-0.14183099999999998,-0.048343536000000006
-0.142905,-0.048781032
-0.14398,-0.047687288
-0.145054,-0.048124784000000004
-0.14612899999999998,-0.048343536000000006
-0.147203,-0.047249792000000006
-0.148278,-0.048781032
-0.14935199999999998,-0.047906036000000006
-0.150427,-0.047468540000000004
-0.151501,-0.048343536000000006
-0.152576,-0.047249792000000006
-0.15364999999999998,-0.048124784000000004
-0.154725,-0.048343536000000006
-0.155799,-0.047249792000000006
-0.15687399999999999,-0.047906036000000006
-0.157948,-0.047687288
-0.159023,-0.046812292000000005
-0.160097,-0.047687288
-0.16117199999999998,-0.046156044
-0.162246,-0.045718548000000005
-0.163321,-0.047468540000000004
-0.16439499999999999,-0.045718548000000005
-0.16547,-0.046484168
-0.166544,-0.046484168
-0.167619,-0.045281048000000004
-0.16869299999999998,-0.046156044
-0.169768,-0.045718548000000005
-0.170842,-0.044624800000000006
-0.17191599999999999,-0.045718548000000005
-0.172991,-0.04517167600000001
-0.174065,-0.044296680000000005
-0.17514,-0.04549980000000001
-0.17621399999999998,-0.04473417600000001
-0.177289,-0.044187304000000004
-0.178363,-0.045281048000000004
-0.179438,-0.044077928
-0.18051199999999998,-0.044187304000000004
-0.181587,-0.04517167600000001
-0.182661,-0.043421684
-0.18373599999999998,-0.043749808
-0.18481,-0.043968556000000006
-0.185885,-0.043093556000000005
-0.186959,-0.043202936000000004
-0.18803399999999998,-0.043749808
-0.189108,-0.043093556000000005
-0.190183,-0.043202936000000004
-0.19125699999999998,-0.042984184
-0.192332,-0.04199981600000001
-0.193406,-0.043202936000000004
-0.194481,-0.042218564
-0.19555499999999998,-0.041562316
-0.19663,-0.042327936000000004
-0.197704,-0.041890436
-0.19877799999999998,-0.04199981600000001
-0.199853,-0.042765436000000004
-0.19877799999999998,-0.036421716
-0.197704,-0.03467172400000001
-0.19663,-0.03292173
-0.19555499999999998,-0.031390486
-0.194481,-0.03149986
-0.193406,-0.03073424
-0.192332,-0.029312370000000004
-0.19125699999999998,-0.029968616000000003
-0.190183,-0.028437374
-0.189108,-0.027671752
-0.18803399999999998,-0.027890502
-0.186959,-0.026796756000000005
-0.185885,-0.02690613
-0.18481,-0.02712488
-0.18373599999999998,-0.025921760000000002
-0.182661,-0.026140508
-0.181587,-0.026140508
-0.18051199999999998,-0.024390516
-0.179438,-0.024828014000000002
-0.178363,-0.024609266
-0.177289,-0.023734270000000002
-0.17621399999999998,-0.023843644
-0.17514,-0.023296772
-0.174065,-0.021984278000000003
-0.172991,-0.023296772
-0.17191599999999999,0.0018703910000000001
-0.170842,-0.00035279800000000003
-0.169768,-0.000783996
-0.16869299999999998,-0.000531997
-0.167619,-0.00041999800000000004
-0.166544,0.00010639900000000001
-0.16547,0.000498397
-0.16439499999999999,0.000655197
-0.163321,0.001327194
-0.162246,0.0014895930000000002
-0.16117199999999998,0.001791992
-0.160097,0.002368789
-0.159023,0.0024191890000000004
-0.157948,0.002788787
-0.15687399999999999,0.0033599850000000002
-0.155799,0.003455184
-0.154725,0.003981582000000001
-0.15364999999999998,0.004239181000000001
-0.152576,0.004295181
-0.151501,0.0048271780000000005
-0.150427,0.005084777
-0.14935199999999998,0.005168777000000001
-0.148278,0.005639175000000001
-0.147203,0.005739974
-0.14612899999999998,0.006047973
-0.145054,0.006378372
-0.14398,0.006501571
-0.142905,0.006876769000000001
-0.14183099999999998,0.0071959680000000005
-0.140757,0.007044769
-0.139682,0.007531966
-0.13860799999999998,0.007694366
-0.137533,0.0076103670000000016
-0.136459,0.008455962000000001
-0.135384,0.008478362000000001
-0.13430999999999998,0.008590362
-0.133235,0.009245559
-0.132161,0.009295959000000001
-0.13108599999999998,0.009727157
-0.130012,0.010191955
-0.128937,0.010275954
-0.127863,0.010673553000000002
-0.12678799999999998,0.011037551
-0.125714,0.011143951000000001
-0.124639,0.011552749000000001
-0.123565,0.011877548
-0.12248999999999999,0.011944747
-0.121416,0.012364746000000001
-0.12034099999999999,0.012571944
-0.119267,0.012756744
-0.11819199999999999,0.013255142000000001
-0.117118,0.013249542000000001
-0.116043,0.013423141000000001
-0.11496899999999999,0.013781539
-0.113894,0.013820739000000002
-0.11281999999999999,0.013943938000000001
-0.111746,0.014425536000000001
-0.11067099999999999,0.014307937000000001
-0.109597,0.014727935000000001
-0.108522,0.014811934
-0.107448,0.014755935000000001
-0.106373,0.015175934000000002
-0.10529899999999999,0.015147932999999999
-0.104224,0.015192733
-0.10314999999999999,0.015607132000000001
-0.102075,0.015903929
-0.101001,0.015898330000000002
-0.099926736,0.016318328000000003
-0.098852256,0.016144729
-0.09777777600000001,0.016598327000000003
-0.09670329600000001,0.016861526
-0.095628816,0.016799926
-0.094554336,0.017275924
-0.093479848,0.017471922
-0.092405368,0.017315124000000005
-0.09133089600000001,0.017796720000000002
-0.09025640800000001,0.017802322000000002
-0.08918192800000001,0.01781912
-0.088107448,0.018244720000000002
-0.087032968,0.018261518
-0.08595848,0.018401518
-0.084884,0.018664718
-0.08380952800000001,0.018384720000000004
-0.08273504000000001,0.018619918000000003
-0.08166056000000001,0.018855116
-0.08058607200000001,0.018692716
-0.0795116,0.018933516
-0.07843712,0.019051116
-0.077362632,0.018855116
-0.07628816000000001,0.019084716
-0.07521367200000001,0.019079116000000004
-0.074139192,0.019056716
-0.073064712,0.019224714
-0.071990232,0.018927918000000002
-0.070915752,0.018927918000000002
-0.069841264,0.019179914000000003
-0.068766784,0.018967116000000003
-0.067692312,0.019297514
-0.066617824,0.019235914
-0.065543348,0.019123916
-0.06446886,0.019342314000000003
-0.063394384,0.019437514000000003
-0.062319900000000004,0.019420714000000002
-0.06124542,0.019795912000000002
-0.060170940000000006,0.019717514000000002
-0.05909646,0.019723112
-0.058021976,0.020081512
-0.056947496,0.019930312000000002
-0.055873016000000005,0.020036712
-0.054798532000000004,0.020266312
-0.053724056000000006,0.020159912000000002
-0.052649572000000006,0.020159912000000002
-0.051575092,0.020305510000000002
-0.050500608,0.02027191
-0.049426128,0.020439910000000002
-0.048351648000000004,0.020445510000000004
-0.047277168,0.020182312
-0.046202684,0.02042311
-0.045128204000000005,0.020333512
-0.044053724,0.020283110000000003
-0.04297924,0.020529508000000002
-0.041904764000000004,0.020305510000000002
-0.040830280000000004,0.02021591
-0.0397558,0.020339110000000004
-0.038681316,0.020131910000000003
-0.037606836000000005,0.020115112
-0.036532356,0.02020471
-0.035457876,0.019941512
-0.034383392,0.020014312
-0.033308912,0.02038391
-0.03223443,0.020053512000000003
-0.031159950000000002,0.020311112000000003
-0.030085470000000003,0.020221512
-0.029010988,0.020159912000000002
-0.027936508000000002,0.02046231
-0.026862028000000003,0.020255112000000002
-0.025787546,0.020305510000000002
-0.024713064,0.020540708
-0.023638584,0.020350310000000003
-0.022564102000000003,0.02035591
-0.02148962,0.020563108
-0.020415140000000002,0.020232712
-0.019340658,0.020467910000000002
-0.018266178,0.020540708
-0.017191696,0.020294310000000003
-0.016117215,0.020540708
-0.015042735000000002,0.020305510000000002
-0.013968254000000001,0.020070312
-0.012893773,0.02038391
-0.011819292,0.02015431
-0.01074481,0.020019912
-0.009670329,0.02021591
-0.008595848,0.019896712
-0.007521367,0.019818312
-0.006446886000000001,0.019896712
-0.005372405,0.019616714
-0.004297924,0.019683914
-0.0032234430000000003,0.019543914000000003
-0.002148962,0.019202314
-0.001074481,0.019325516
0.0,0.019426314000000004
0.001074481,0.019084716
0.002148962,0.019185516000000003
0.0032234430000000003,0.019084716
0.004297924,0.019028716
0.005372405,0.019202314
0.006446886000000001,0.019051116
0.007521367,0.019090316000000003
0.008595848,0.019157514000000004
0.009670329,0.018989516
0.01074481,0.019079116000000004
0.011819292,0.019112716000000002
0.012893773,0.018871918
0.013968254000000001,0.018972716000000004
0.015042735000000002,0.018888716
0.016117215,0.018603118000000002
0.017191696,0.018871918
0.018266178,0.018647918000000003
0.019340658,0.018575118
0.020415140000000002,0.018703916000000004
0.02148962,0.018339918
0.022564102000000003,0.018289520000000004
0.023638584,0.01831192
0.024713064,0.01803752
0.025787546,0.018054322
0.026862028000000003,0.018054322
0.027936508000000002,0.017606322
0.029010988,0.017718322
0.030085470000000003,0.017634322
0.031159950000000002,0.017259124
0.03223443,0.017404724
0.033308912,0.017169524000000002
0.034383392,0.017158324000000003
0.035457876,0.017225524000000002
0.036532356,0.016917526000000002
0.037606836000000005,0.016945524000000003
0.038681316,0.017012726
0.0397558,0.016811126000000003
0.040830280000000004,0.016917526000000002
0.041904764000000004,0.016928726
0.04297924,0.016721526
0.044053724,0.016850326
0.045128204000000005,0.016783126000000002
0.046202684,0.016570328000000002
0.047277168,0.016771927000000002
0.048351648000000004,0.016564727
0.049426128,0.016497527
0.050500608,0.016693527000000003
0.051575092,0.016441528
0.052649572000000006,0.016396728
0.053724056000000006,0.016491927000000003
0.054798532000000004,0.01615033
0.055873016000000005,0.016245528000000002
0.056947496,0.016262329000000002
0.058021976,0.016027129
0.05909646,0.01609433
0.060170940000000006,0.016060730000000002
0.06124542,0.01578073
0.062319900000000004,0.015892729
0.063394384,0.015786331000000004
0.06446886,0.015595930000000001
0.065543348,0.015668730999999998
0.066617824,0.015472731000000002
0.067692312,0.015439131000000002
0.068766784,0.015685532000000002
0.069841264,0.015371932000000001
0.070915752,0.015444732000000001
0.071990232,0.015534332000000001
0.073064712,0.015366333000000001
0.074139192,0.015623931000000002
0.07521367200000001,0.015696732
0.07628816000000001,0.015595930000000001
0.077362632,0.015803130000000002
0.07843712,0.015831131
0.0795116,0.015808731
0.08058607200000001,0.016038328
0.08166056000000001,0.015959929
0.08273504000000001,0.01597673
0.08380952800000001,0.016172729
0.084884,0.016032729000000003
0.08595848,0.016099929000000002
0.087032968,0.016391127000000002
0.088107448,0.016155929
0.08918192800000001,0.016396728
0.09025640800000001,0.016363128
0.09133089600000001,0.016335127
0.092405368,0.016531127000000003
0.093479848,0.016497527
0.094554336,0.016374328
0.095628816,0.016654326000000004
0.09670329600000001,0.016525528
0.09777777600000001,0.016581528
0.098852256,0.016671127
0.099926736,0.016536728
0.101001,0.016637527000000003
0.102075,0.016749527000000004
0.10314999999999999,0.016671127
0.104224,0.016906326
0.10529899999999999,0.016934324
0.106373,0.016850326
0.107448,0.017119124000000003
0.108522,0.017113526
0.109597,0.017085524
0.11067099999999999,0.017404724
0.111746,0.017320724000000003
0.11281999999999999,0.017298324
0.113894,0.017544724
0.11496899999999999,0.017331922
0.116043,0.017443924000000003
0.117118,0.017550322
0.11819199999999999,0.017404724
0.119267,0.017539122
0.12034099999999999,0.017511124
0.121416,0.017253524
0.12248999999999999,0.017376722
0.123565,0.017270324000000004
0.124639,0.017057526
0.125714,0.017203124
0.12678799999999998,0.016934324
0.127863,0.016771927000000002
0.128937,0.016783126000000002
0.130012,0.016463928000000003
0.13108599999999998,0.016363128
0.132161,0.016346327
0.133235,0.015948729000000002
0.13430999999999998,0.015819931
0.135384,0.015629532
0.136459,0.015231934000000003
0.137533,0.015321533
0.13860799999999998,0.014996733000000003
0.139682,0.014666335
0.140757,0.014694335000000001
0.14183099999999998,0.014431136
0.142905,0.014195938
0.14398,0.014167938000000001
0.145054,0.013893539
0.14612899999999998,0.013647140000000002
0.147203,0.01364154
0.148278,0.013283142000000001
0.14935199999999998,0.013159942
0.150427,0.013053542
0.151501,0.012683944
0.152576,0.012650345000000002
0.15364999999999998,0.012403945000000001
0.154725,0.012140746000000001
0.155799,0.012163147000000001
0.15687399999999999,0.011927947000000001
0.157948,0.011625548000000001
0.159023,0.011698349
0.160097,0.011328750000000002
0.16117199999999998,0.011155151000000002
0.162246,0.011177550000000001
0.163321,0.010830353000000001
0.16439499999999999,0.010802353
0.16547,0.010695953
0.166544,0.010393555
0.167619,0.010432754
0.16869299999999998,0.010242355
0.169768,0.009984756000000001
0.170842,0.010018356
0.17191599999999999,0.009917557
0.172991,0.009732757
0.174065,0.009755157
0.17514,0.009643157000000001
0.17621399999999998,0.009559158
0.177289,0.009626358000000002
0.178363,0.009430359000000001
0.179438,0.009525558
0.18051199999999998,0.009519958
0.181587,0.009318359000000002
0.182661,0.009430359000000001
0.18373599999999998,0.009357558000000002
0.18481,0.009223159
0.185885,0.009290359000000002
0.186959,0.009228759
0.18803399999999998,0.00917276
0.189108,0.009312759000000002
0.190183,0.00904956
0.19125699999999998,0.008999161
0.192332,0.009116760000000002
0.193406,0.008954361000000001
0.194481,0.008954361000000001
0.19555499999999998,0.009004761
0.19663,0.008825561
0.197704,0.008959961
0.19877799999999998,0.008864761
0.199853,0.008702362
0.200927,0.008875961
0.202002,0.008707962
0.20307599999999998,0.008623962
0.204151,0.008702362
0.205225,0.008595962
0.20629999999999998,0.008668762
0.207374,0.008735961
0.208449,0.008612762000000001
0.209523,0.008730362
0.21059799999999998,0.008814361000000001
0.211672,0.008730362
0.212747,0.00893756
0.21382099999999998,0.009015961
0.214896,0.008898360000000001
0.21597,0.00913356
0.217045,0.009144760000000002
0.21811899999999998,0.009116760000000002
0.219194,0.009340759
0.220268,0.009245559
0.22134299999999998,0.009301559000000001
0.222417,0.009435959
0.223492,0.009346358
0.224566,0.009486358000000002
0.22564099999999998,0.009626358000000002
0.226715,0.009531158
0.227789,0.009654357
0.22886399999999998,0.009727157
0.22993799999999998,0.009620758000000002
0.231013,0.009805556000000002
0.232087,0.009811156000000001
0.23316199999999998,0.009816756000000001
0.234236,0.009984756000000001
0.235311,0.009917557
0.23638499999999998,0.009973556000000001
0.23745999999999998,0.010102355
0.238534,0.010029556
0.239609,0.010124755000000001
0.24068299999999998,0.010348755
0.241758,0.010264754000000001
0.242832,0.010438354
0.24390699999999998,0.010572753
0.24498099999999998,0.010600753000000001
0.246056,0.010796753000000001
0.24713,0.010847153
0.24820499999999998,0.010891952
0.249279,0.011171950000000002
0.25035399999999997,0.011149551
0.251428,0.011244751
0.252503,0.01142955
0.253577,0.01142395
0.254652,0.011603149
0.255726,0.011759949
0.2568,0.011776748
0.25787499999999997,0.011955947000000001
0.258949,0.011978347000000002
0.260024,0.011967147000000001
0.261098,0.012235946000000001
0.262173,0.012247146
0.263247,0.012252746
0.264322,0.012471145000000001
0.26539599999999997,0.012454345
0.266471,0.012510345
0.267545,0.012706344
0.26861999999999997,0.012700744
0.269694,0.012818344000000002
0.270769,0.012919143000000001
0.271843,0.012851943000000001
0.272918,0.013036742000000002
0.273992,0.013064742
0.275067,0.013120743
0.27614099999999997,0.013271942000000002
0.27721599999999996,0.013378341
0.27829,0.013395141000000001
0.279365,0.01360794
0.280439,0.013691940000000001
0.281514,0.01371994
0.282588,0.013955138
0.283663,0.013966338000000002
0.28473699999999996,0.014111938000000001
0.285811,0.014274337000000002
0.286886,0.014307937000000001
0.28796,0.014414336
0.289035,0.014554336000000001
0.290109,0.014531936000000002
0.291184,0.014688735000000001
0.29225799999999996,0.014772735
0.293333,0.014761535000000001
0.294407,0.015041533
0.29548199999999997,0.014968734000000001
0.296556,0.014996733000000003
0.297631,0.015164734000000001
0.298705,0.015125533000000002
0.29978,0.015248733
0.300854,0.015360732000000002
0.301929,0.015332733
0.30300299999999997,0.015405532000000001
0.30407799999999996,0.015467132000000001
0.305152,0.015444732000000001
0.30622699999999997,0.015573531
0.307301,0.015601531000000002
0.308376,0.015562331
0.30945,0.015791930000000003
0.310525,0.015713531
0.31159899999999996,0.01581433
0.312673,0.01598793
0.31374799999999997,0.01594313
0.314822,0.016060730000000002
0.315897,0.016172729
0.316971,0.016133529000000004
0.318046,0.016307129
0.31911999999999996,0.016391127000000002
0.320195,0.016407928000000002
0.32126899999999997,0.016514326000000003
0.32234399999999996,0.016547928
0.323418,0.016570328000000002
0.324493,0.016710326
0.325567,0.016738327
0.326642,0.016777526
0.327716,0.016906326
0.328791,0.016855926
0.32986499999999996,0.016945524000000003
0.33094,0.017074324000000002
0.332014,0.016984726000000002
0.33308899999999997,0.017107924000000004
0.334163,0.017180724
0.335238,0.017130324000000002
0.336312,0.017247924
0.337387,0.017326324
0.338461,0.017275924
0.339536,0.017421522000000002
0.34060999999999997,0.017393524
0.341684,0.017393524
0.342759,0.017527922
0.343833,0.017544724
0.344908,0.017623122
0.345982,0.017746322000000002
0.347057,0.017729522
0.34813099999999997,0.017891922
0.34920599999999996,0.018043122
0.35028,0.01804872
0.351355,0.018244720000000002
0.352429,0.018328718
0.353504,0.01837352
0.354578,0.018563918
0.355653,0.018591918000000002
0.35672699999999996,0.018698318000000002
0.357802,0.018911116
0.358876,0.018877516
0.35995099999999997,0.018989516
0.361025,0.019219116
0.3621,0.019247114
0.363174,0.019392716
0.364249,0.019566314
0.365323,0.019527114
0.366398,0.019767914
0.36747199999999997,0.019885512
0.368546,0.019969512000000002
0.369621,0.020171112
0.370695,0.020255112000000002
0.37177,0.02035591
0.372844,0.02059111
0.373919,0.020669508
0.37499299999999997,0.020843108000000003
0.37606799999999996,0.021072706
0.377142,0.021128708000000003
0.37821699999999997,0.021436704
0.379291,0.021677504
0.380366,0.021778304000000002
0.38144,0.022164702
0.382515,0.022394302
0.38358899999999996,0.022545502000000002
0.384664,0.022926300000000004
0.38573799999999997,0.023200698000000002
0.38681299999999996,0.023475098000000003
0.387887,0.023923094000000002
0.388962,0.024107894
0.390036,0.024533492000000004
0.391111,0.024998290000000003
0.392185,0.02528949
0.39326,0.025765488000000003
0.39433399999999996,0.026275084
0.39540899999999995,0.026661484000000003
0.396483,0.027260680000000002
0.397557,0.027826278000000003
0.398632,0.028302276
0.399706,0.029024672
0.400781,0.029556670000000004
0.40185499999999996,0.030183868000000006
0.40292999999999995,0.031007062000000002
0.404004,0.031667860000000006
0.40507899999999997,0.032412658000000004
0.406153,0.033370254
0.407228,0.034131848
0.408302,0.035061444000000004
0.409377,0.036052640000000004
0.41045099999999995,0.036987836
0.411526,0.038180632000000006
0.41259999999999997,0.039468628
0.41367499999999996,0.04052142
0.414749,0.041971816
0.41582399999999997,0.043304608
0.416898,0.044592604
0.417973,0.046121396
0.419047,0.047342192000000005
0.420122,0.048551788000000005
0.42119599999999996,0.049727780000000006
0.422271,0.046812292000000005
0.42334499999999997,0.048781032
0.42441999999999996,0.051406020000000004
0.425494,0.053265388000000004
0.426568,0.05545288
0.427643,0.05862474000000001
0.42871699999999996,0.060921604
0.429792,0.06354659600000001
0.43086599999999997,0.06682782400000001
0.43194099999999996,0.06934344800000002
0.433015,0.072734056
0.43409,0.07601528800000001
0.435164,0.07864028
0.436239,0.082468384
0.437313,0.085640248
0.438388,0.088812104
0.43946199999999996,0.092640216
0.44053699999999996,0.096030824
0.441611,0.09996830400000001
0.44268599999999997,0.103796
0.44376,0.107405
0.444835,0.111124
0.445909,0.11549899999999999
0.446984,0.11889
0.44805799999999996,0.12315499999999999
0.449133,0.127202
0.45020699999999997,0.13092099999999998
0.45128199999999996,0.135296
0.452356,0.139233
0.45343,0.143171
0.454505,0.14754599999999998
0.45557899999999996,0.151264
0.456654,0.155421
0.45772799999999997,0.16023300000000001
0.45880299999999996,0.163952
0.459877,0.16810799999999998
0.460952,0.172702
0.462026,0.176421
0.463101,0.18134199999999998
0.464175,0.185608
0.46525,0.189436
0.46632399999999996,0.194467
0.46739899999999995,0.198295
0.468473,0.20267
0.46954799999999997,0.207811
0.470622,0.21196700000000002
0.471697,0.21634199999999998
0.472771,0.22148299999999999
0.473846,0.225748
0.47491999999999995,0.23078
0.475995,0.235483
0.47706899999999997,0.24007699999999998
0.47814399999999996,0.24532700000000002
0.479218,0.25003
0.48029299999999997,0.25462300000000004
0.481367,0.260201
0.48244099999999995,0.265123
0.483516,0.270045
0.48458999999999997,0.27551400000000004
0.48566499999999996,0.28043599999999996
0.486739,0.285795
0.48781399999999997,0.291154
0.488888,0.295967
0.489963,0.301545
0.491037,0.307014
0.492112,0.311717
0.49318599999999996,0.31740399999999996
0.49426099999999995,0.322545
0.49533499999999997,0.32724800000000004
0.49640999999999996,0.332717
0.497484,0.33742
0.498559,0.34223200000000004
0.499633,0.347592
0.5007079999999999,0.352185
0.501782,0.35677899999999996
0.502857,0.361592
0.503931,0.365639
0.505006,0.369904
0.50608,0.374388
0.507155,0.378107
0.5082289999999999,0.38237299999999996
0.509304,0.385763
0.510378,0.388826
0.511452,0.392982
0.512527,0.395826
0.513601,0.39867
0.514676,0.40206
0.5157499999999999,0.404576
0.516825,0.407201
0.517899,0.409935
0.5189739999999999,0.41179499999999997
0.520048,0.413982
0.521123,0.415951
0.522197,0.417373
0.523272,0.41934099999999996
0.524346,0.420216
0.525421,0.421419
0.5264949999999999,0.422732
0.52757,0.423607
0.528644,0.424263
0.5297189999999999,0.425029
0.530793,0.425466
0.531868,0.425794
0.532942,0.42634099999999997
0.534017,0.42601300000000003
0.535091,0.426232
0.5361659999999999,0.42656
0.5372399999999999,0.425794
0.538314,0.42590399999999995
0.539389,0.425466
0.540463,0.42481
0.541538,0.424591
0.542612,0.423935
0.5436869999999999,0.42306
0.5447609999999999,0.42284099999999997
0.545836,0.42174799999999996
0.54691,0.420763
0.5479849999999999,0.420326
0.549059,0.419232
0.550134,0.41857599999999995
0.5512079999999999,0.41802900000000004
0.552283,0.41682600000000003
0.553357,0.41617
0.5544319999999999,0.415404
0.5555059999999999,0.41420100000000004
0.556581,0.413763
0.557655,0.412779
0.55873,0.411466
0.559804,0.411466
0.560879,0.410045
0.5619529999999999,0.409279
0.563028,0.40884099999999995
0.564102,0.40742
0.5651769999999999,0.406982
0.566251,0.406326
0.567326,0.405232
0.5684,0.404795
0.5694739999999999,0.404138
0.570549,0.403045
0.571623,0.402826
0.5726979999999999,0.40206
0.573772,0.40118499999999996
0.574847,0.40085699999999996
0.575921,0.400201
0.576996,0.399435
0.57807,0.399654
0.579145,0.39867
0.5802189999999999,0.39855999999999997
0.581294,0.39855999999999997
0.582368,0.398013
0.5834429999999999,0.398232
0.584517,0.398232
0.585592,0.398013
0.586666,0.398451
0.587741,0.39867
0.588815,0.398998
0.58989,0.399982
0.5909639999999999,0.40031
0.592039,0.400966
0.593113,0.402279
0.5941879999999999,0.403045
0.595262,0.40435699999999997
0.596336,0.405998
0.597411,0.407201
0.5984849999999999,0.409279
0.59956,0.411357
0.600634,0.413545
0.6017089999999999,0.416279
0.602783,0.418795
0.603858,0.421638
0.604932,0.425138
0.606007,0.428419
0.607081,0.431919
0.6081559999999999,0.436294
0.6092299999999999,0.44034100000000004
0.610305,0.44493499999999997
0.611379,0.449857
0.6124539999999999,0.45456
0.613528,0.460029
0.614603,0.465607
0.6156769999999999,0.47085699999999997
0.616752,0.477201
0.617826,0.482997
0.6189009999999999,0.48923199999999994
0.6199749999999999,0.495904
0.62105,0.502029
0.622124,0.508482
0.6231979999999999,0.515263
0.624273,0.521825
0.625347,0.5286069999999999
0.6264219999999999,0.5357160000000001
0.6274959999999999,0.541841
0.628571,0.54906
0.629645,0.5559499999999999
0.63072,0.562075
0.631794,0.569075
0.632869,0.575747
0.6339429999999999,0.581981
0.635018,0.588544
0.636092,0.5948869999999999
0.6371669999999999,0.601122
0.638241,0.607903
0.639316,0.613591
0.64039,0.619497
0.641465,0.625512
0.642539,0.630872
0.643614,0.636559
0.6446879999999999,0.642247
0.645763,0.6470589999999999
0.646837,0.652528
0.6479119999999999,0.65745
0.648986,0.662262
0.650061,0.667512
0.651135,0.671997
0.6522089999999999,0.676481
0.653284,0.681731
0.654358,0.6859959999999999
0.6554329999999999,0.6903710000000001
0.656507,0.695184
0.657582,0.699012
0.658656,0.703496
0.659731,0.707762
0.660805,0.711699
0.66188,0.716293
0.6629539999999999,0.720449
0.664029,0.724278
0.665103,0.7288709999999999
0.6661779999999999,0.732699
0.667252,0.736856
0.668327,0.741121
0.669401,0.74484
0.670476,0.748777
0.67155,0.7526050000000001
0.6726249999999999,0.755777
0.6736989999999999,0.759496
0.674774,0.762668
0.675848,0.765293
0.6769229999999999,0.7683549999999999
0.677997,0.770324
0.679072,0.7717459999999999
0.6801459999999999,0.773605
0.6812199999999999,0.774371
0.682295,0.7746989999999999
0.683369,0.774809
0.6844439999999999,0.7738240000000001
0.685518,0.77284
0.686593,0.771418
0.6876669999999999,0.768793
0.688742,0.766277
0.689816,0.762887
0.6908909999999999,0.758621
0.6919649999999999,0.754684
0.69304,0.749762
0.694114,0.744621
0.695189,0.7394809999999999
0.696263,0.7332460000000001
0.697338,0.72734
0.6984119999999999,0.7212149999999999
0.699487,0.714543
0.700561,0.708528
0.7016359999999999,0.7018559999999999
0.70271,0.6948559999999999
0.703785,0.688512
0.704859,0.6822779999999999
0.705934,0.6752779999999999
0.707008,0.6695899999999999
0.708083,0.663247
0.7091569999999999,0.6567930000000001
0.710231,0.651543
0.711306,0.645637
0.71238,0.63995
0.713455,0.634809
0.714529,0.62934
0.715604,0.624419
0.7166779999999999,0.6200439999999999
0.717753,0.6151220000000001
0.718827,0.610966
0.7199019999999999,0.606809
0.720976,0.6026529999999999
0.722051,0.5994809999999999
0.723125,0.595762
0.7242,0.5920439999999999
0.725274,0.589309
0.726349,0.586028
0.7274229999999999,0.582966
0.728498,0.580669
0.729572,0.577716
0.7306469999999999,0.5752
0.731721,0.5731219999999999
0.732796,0.570716
0.7338699999999999,0.568747
0.734945,0.566997
0.736019,0.564809
0.737093,0.5636059999999999
0.7381679999999999,0.562075
0.739242,0.560435
0.740317,0.55945
0.7413909999999999,0.5580280000000001
0.742466,0.556497
0.74354,0.555841
0.7446149999999999,0.554747
0.7456889999999999,0.5538719999999999
0.746764,0.5533250000000001
0.747838,0.552341
0.7489129999999999,0.5519029999999999
0.749987,0.5514659999999999
0.751062,0.550591
0.7521359999999999,0.550481
0.753211,0.550153
0.754285,0.549497
0.7553599999999999,0.549497
0.7564339999999999,0.549278
0.757509,0.5491689999999999
0.758583,0.549388
0.7596579999999999,0.5489499999999999
0.760732,0.5489499999999999
0.761807,0.54906
0.7628809999999999,0.54906
0.7639549999999999,0.549278
0.76503,0.549497
0.766104,0.549388
0.7671789999999999,0.549716
0.768253,0.550044
0.769328,0.550153
0.7704019999999999,0.5508099999999999
0.771477,0.5508099999999999
0.772551,0.551247
0.7736259999999999,0.5519029999999999
0.7746999999999999,0.552013
0.775775,0.5525599999999999
0.776849,0.5532159999999999
0.777924,0.5533250000000001
0.778998,0.5538719999999999
0.780073,0.554528
0.7811469999999999,0.554419
0.782222,0.555403
0.783296,0.5557310000000001
0.7843709999999999,0.55606
0.785445,0.5568249999999999
0.78652,0.557044
0.787594,0.557481
0.788669,0.558247
0.789743,0.5585749999999999
0.7908179999999999,0.559231
0.7918919999999999,0.559888
0.792967,0.560106
0.794041,0.560653
0.795115,0.561091
0.79619,0.5615279999999999
0.797264,0.562185
0.7983389999999999,0.562403
0.7994129999999999,0.562622
0.800488,0.5631689999999999
0.801562,0.563497
0.8026369999999999,0.5638249999999999
0.803711,0.564372
0.804786,0.564263
0.8058599999999999,0.564481
0.806935,0.565247
0.808009,0.564919
0.8090839999999999,0.5655749999999999
0.8101579999999999,0.565903
0.811233,0.565356
0.812307,0.566013
0.8133819999999999,0.5661219999999999
0.814456,0.565794
0.815531,0.5662309999999999
0.8166049999999999,0.565903
0.81768,0.565903
0.818754,0.566013
0.8198289999999999,0.5655749999999999
0.8209029999999999,0.5655749999999999
0.821978,0.565356
0.823052,0.565028
0.8241259999999999,0.564809
0.825201,0.564481
0.826275,0.563934
0.8273499999999999,0.563716
0.8284239999999999,0.563059
0.829499,0.562185
0.830573,0.561966
0.8316479999999999,0.5609810000000001
0.832722,0.560325
0.833797,0.559778
0.8348709999999999,0.558794
0.835946,0.5579189999999999
0.83702,0.557263
0.8380949999999999,0.5559499999999999
0.8391689999999999,0.555075
0.840244,0.554091
0.841318,0.5525599999999999
0.842393,0.551685
0.843467,0.550481
0.844542,0.548841
0.8456159999999999,0.547966
0.846691,0.5462159999999999
0.847765,0.544794
0.8488399999999999,0.5437
0.849914,0.5419499999999999
0.850988,0.54031
0.852063,0.539106
0.8531369999999999,0.5370280000000001
0.854212,0.5357160000000001
0.855286,0.533966
0.8563609999999999,0.5319969999999999
0.857435,0.530575
0.85851,0.528825
0.859584,0.526857
0.860659,0.525435
0.861733,0.523466
0.8628079999999999,0.521388
0.8638819999999999,0.519857
0.864957,0.517669
0.866031,0.515919
0.8671059999999999,0.514278
0.86818,0.512091
0.869255,0.510232
0.8703289999999999,0.5085909999999999
0.871404,0.506513
0.872478,0.504654
0.8735529999999999,0.5027940000000001
0.8746269999999999,0.5007159999999999
0.875702,0.49918500000000005
0.876776,0.49754399999999993
0.8778499999999999,0.49535700000000005
0.878925,0.49371599999999993
0.879999,0.491857
0.8810739999999999,0.489997
0.8821479999999999,0.48846599999999996
0.883223,0.48649699999999996
0.884297,0.48463799999999996
0.8853719999999999,0.48332499999999995
0.886446,0.481247
0.887521,0.479825
0.8885949999999999,0.478294
0.88967,0.47632599999999997
0.890744,0.475122
0.8918189999999999,0.47348199999999996
0.8928929999999999,0.471622
0.893968,0.470529
0.895042,0.46856000000000003
0.8961169999999999,0.467138
0.897191,0.465935
0.898266,0.464294
0.8993399999999999,0.462872
0.900415,0.461888
0.901489,0.460138
0.9025639999999999,0.45904399999999995
0.9036379999999999,0.457951
0.904713,0.456529
0.905787,0.455326
0.9068609999999999,0.454341
0.907936,0.45281
0.90901,0.45204399999999995
0.9100849999999999,0.450513
0.9111589999999999,0.449638
0.912234,0.448872
0.913308,0.447779
0.914383,0.446794
0.915457,0.446029
0.916532,0.444826
0.9176059999999999,0.44416900000000004
0.918681,0.443294
0.919755,0.44231
0.9208299999999999,0.44176299999999996
0.921904,0.44110699999999997
0.922979,0.440123
0.924053,0.439685
0.925128,0.43881
0.926202,0.43826299999999996
0.9272769999999999,0.43760699999999997
0.9283509999999999,0.432029
0.929426,0.42940399999999995
0.9305,0.42557599999999995
0.9315749999999999,0.422185
0.932649,0.420435
0.933724,0.417263
0.9347979999999999,0.41474799999999995
0.9358719999999999,0.413435
0.936947,0.410263
0.938021,0.40884099999999995
0.9390959999999999,0.407201
0.94017,0.404138
0.941245,0.403373
0.9423189999999999,0.40151299999999995
0.943394,0.398998
0.944468,0.398451
0.9455429999999999,0.396154
0.9466169999999999,0.394076
0.947692,0.393748
0.948766,0.39123199999999997
0.9498409999999999,0.389592
0.950915,0.389045
0.95199,0.38631
0.9530639999999999,0.38554499999999997
0.954139,0.38467
0.955213,0.381935
0.9562879999999999,0.38160700000000003
0.9573619999999999,0.380185
0.958437,0.377888
0.959511,0.377888
0.9605859999999999,0.37592
0.96166,0.37416999999999995
0.962735,0.37427900000000003
0.9638089999999999,0.371873
0.9648829999999999,0.37066999999999994
0.965958,0.37045100000000003
0.967032,0.368154
0.9681069999999999,0.367388
0.969181,0.36684199999999995
0.970256,0.364545
0.9713299999999999,0.364545
0.972405,0.363342
0.973479,0.361264
0.9745539999999999,0.36148199999999997
0.9756279999999999,0.359951
0.976703,0.35830999999999996
0.977777,0.35842
0.9788519999999999,0.35656
0.979926,0.355576
0.9810009999999999,0.35546700000000003
0.9820749999999999,0.353498
0.98315,0.35295099999999996
0.984224,0.352514
0.9852989999999999,0.350435
0.9863729999999999,0.350545
0.987448,0.34956000000000004
0.9885219999999999,0.347701
0.989597,0.34792
0.990671,0.346607
0.991745,0.345185
0.9928199999999999,0.34562299999999996
0.9938939999999999,0.343764
0.994969,0.342889
0.9960429999999999,0.343217
0.997118,0.34113899999999997
0.998192,0.34081
0.9992669999999999,0.34081
1.000341,0.33862299999999995
1.0014159999999999,0.33906
1.0024899999999999,0.338185
1.003565,0.336545
1.004639,0.336982
1.005714,0.335779
1.006788,0.33446699999999996
1.007863,0.335014
1.008937,0.33337300000000003
1.010012,0.332607
1.011086,0.333154
1.0121609999999999,0.33107600000000004
1.0132349999999999,0.33096699999999996
1.01431,0.33096699999999996
1.015384,0.329217
1.016459,0.329436
1.017533,0.328889
1.018608,0.32713899999999996
1.019682,0.327686
1.020756,0.32681099999999996
1.021831,0.325607
1.022905,0.326264
1.02398,0.32484199999999996
1.025054,0.324076
1.0261289999999998,0.324623
1.0272029999999999,0.322873
1.028278,0.322545
1.029352,0.322873
1.030427,0.32101399999999997
1.031501,0.321451
1.032576,0.32101399999999997
1.03365,0.319482
1.034725,0.320248
1.035799,0.319264
1.0368739999999999,0.318061
1.0379479999999999,0.318936
1.039023,0.317514
1.040097,0.316748
1.041172,0.317623
1.042246,0.315873
1.043321,0.315873
1.044395,0.316201
1.04547,0.314342
1.046544,0.314779
1.047618,0.31467
1.0486929999999999,0.31292
1.049767,0.313686
1.050842,0.313029
1.0519159999999999,0.311826
1.052991,0.312592
1.054065,0.311389
1.05514,0.310842
1.056214,0.311717
1.057289,0.309967
1.058363,0.309857
1.0594379999999999,0.310295
1.060512,0.308545
1.061587,0.309201
1.0626609999999999,0.308983
1.063736,0.307342
1.06481,0.308326
1.065885,0.30756100000000003
1.066959,0.306358
1.068034,0.307451
1.069108,0.306029
1.0701829999999999,0.305483
1.071257,0.306467
1.0723319999999998,0.304717
1.0734059999999999,0.304608
1.074481,0.305264
1.075555,0.303623
1.076629,0.304061
1.077704,0.30395099999999997
1.078778,0.302529
1.079853,0.303404
1.080927,0.302639
1.082002,0.30165400000000003
1.083076,0.302639
1.0841509999999999,0.301545
1.0852249999999999,0.300779
1.0863,0.301983
1.0873739999999998,0.30045099999999997
1.088449,0.300233
1.089523,0.300889
1.090598,0.29924799999999996
1.091672,0.299686
1.092747,0.299795
1.093821,0.29815400000000003
1.0948959999999999,0.29924799999999996
1.0959699999999999,0.298483
1.097045,0.297498
1.0981189999999998,0.298483
1.099194,0.297389
1.100268,0.296733
1.101343,0.29782600000000004
1.102417,0.296295
1.103492,0.296295
1.104566,0.296951
1.1056409999999999,0.295311
1.106715,0.29574799999999996
1.107789,0.295858
1.1088639999999998,0.29432600000000003
1.1099379999999999,0.29541999999999996
1.111013,0.29476399999999997
1.112087,0.29367
1.113162,0.294873
1.114236,0.293779
1.115311,0.293233
1.116385,0.294217
1.11746,0.292686
1.118534,0.292576
1.1196089999999999,0.293342
1.1206829999999999,0.291701
1.121758,0.292248
1.122832,0.292467
1.123907,0.29104499999999994
1.124981,0.29191999999999996
1.126056,0.291483
1.12713,0.29049800000000003
1.128205,0.291373
1.129279,0.290389
1.1303539999999999,0.289951
1.1314279999999999,0.290936
1.132503,0.289514
1.133577,0.289514
1.134652,0.290061
1.135726,0.28842
1.1368,0.289076
1.137875,0.289295
1.138949,0.287873
1.140024,0.288639
1.141098,0.28842
1.1421729999999999,0.28721699999999994
1.143247,0.28842
1.1443219999999998,0.28743599999999997
1.1453959999999999,0.286779
1.146471,0.287873
1.147545,0.286451
1.14862,0.286451
1.149694,0.287326
1.150769,0.285686
1.151843,0.286233
1.1529179999999999,0.286233
1.153992,0.28492
1.1550669999999998,0.285795
1.1561409999999999,0.285358
1.157216,0.284373
1.15829,0.285686
1.159365,0.284483
1.160439,0.28393599999999997
1.161514,0.285139
1.162588,0.283717
1.163663,0.28360799999999997
1.164737,0.284592
1.165811,0.282951
1.1668859999999999,0.28338899999999995
1.1679599999999999,0.283717
1.169035,0.282186
1.1701089999999998,0.28338899999999995
1.171184,0.282951
1.172258,0.281748
1.173333,0.28284200000000004
1.174407,0.281967
1.175482,0.28142
1.176556,0.282623
1.1776309999999999,0.281201
1.178705,0.281092
1.17978,0.281967
1.1808539999999998,0.28043599999999996
1.181929,0.280983
1.183003,0.281201
1.184078,0.27967000000000003
1.185152,0.28076399999999996
1.186227,0.28043599999999996
1.187301,0.27923299999999995
1.1883759999999999,0.280545
1.18945,0.27956099999999995
1.190525,0.27901400000000004
1.1915989999999999,0.280217
1.1926729999999999,0.278795
1.193748,0.278686
1.194822,0.27956099999999995
1.195897,0.278139
1.196971,0.278467
1.198046,0.27901400000000004
1.19912,0.277373
1.200195,0.278358
1.201269,0.278139
1.2023439999999999,0.27693599999999996
1.2034179999999999,0.278139
1.204493,0.277373
1.205567,0.276717
1.206642,0.27792
1.207716,0.276717
1.208791,0.27627999999999997
1.209865,0.277483
1.21094,0.275951
1.212014,0.276389
1.2130889999999999,0.276826
1.2141629999999999,0.275295
1.215238,0.27627999999999997
1.2163119999999998,0.27606099999999995
1.217387,0.274748
1.218461,0.275951
1.219535,0.275295
1.22061,0.27453
1.221684,0.27573299999999995
1.222759,0.27453
1.223833,0.27442
1.2249079999999999,0.27540499999999996
1.225982,0.273873
1.2270569999999998,0.274311
1.2281309999999999,0.274748
1.229206,0.27332599999999996
1.23028,0.274201
1.231355,0.274092
1.232429,0.27277999999999997
1.233504,0.274092
1.234578,0.273436
1.235653,0.27267
1.236727,0.273873
1.2378019999999998,0.27267
1.2388759999999999,0.27234200000000003
1.239951,0.273436
1.241025,0.27201400000000003
1.2421,0.27234200000000003
1.243174,0.27277999999999997
1.244249,0.271358
1.245323,0.27234200000000003
1.246397,0.272123
1.247472,0.271139
1.248546,0.27223299999999995
1.2496209999999999,0.271467
1.250695,0.27070099999999997
1.25177,0.27201400000000003
1.2528439999999998,0.270811
1.253919,0.270592
1.254993,0.271576
1.256068,0.270155
1.257142,0.270483
1.258217,0.27103
1.259291,0.269608
1.2603659999999999,0.270592
1.26144,0.270264
1.262515,0.26917
1.2635889999999999,0.270373
1.264664,0.269717
1.265738,0.268951
1.266813,0.270155
1.267887,0.269061
1.268962,0.268842
1.270036,0.26982599999999995
1.2711109999999999,0.26851400000000003
1.272185,0.268842
1.273259,0.26927999999999996
1.2743339999999999,0.26785800000000004
1.2754079999999999,0.268733
1.276483,0.268733
1.2775569999999998,0.26742
1.278632,0.268733
1.279706,0.268076
1.280781,0.26720099999999997
1.281855,0.26851400000000003
1.28293,0.26742
1.284004,0.267092
1.2850789999999999,0.26818600000000004
1.2861529999999999,0.266764
1.287228,0.267092
1.2883019999999998,0.267748
1.289377,0.266108
1.290451,0.267092
1.291526,0.267092
1.2926,0.26577999999999996
1.293675,0.266983
1.294749,0.266655
1.2958239999999999,0.26566999999999996
1.2968979999999999,0.26687299999999997
1.297973,0.26577999999999996
1.2990469999999998,0.265561
1.300122,0.266655
1.301196,0.265123
1.30227,0.265561
1.303345,0.266108
1.304419,0.264795
1.305494,0.265561
1.306568,0.265561
1.3076429999999999,0.26435800000000004
1.308717,0.265561
1.3097919999999998,0.264905
1.3108659999999999,0.26403000000000004
1.311941,0.265233
1.313015,0.26435800000000004
1.31409,0.26403000000000004
1.315164,0.265123
1.316239,0.26370099999999996
1.317313,0.26403000000000004
1.318388,0.26468600000000003
1.319462,0.26315500000000003
1.3205369999999998,0.26403000000000004
1.3216109999999999,0.26403000000000004
1.322686,0.262717
1.32376,0.26403000000000004
1.324835,0.263592
1.325909,0.262717
1.326984,0.26392
1.328058,0.262936
1.329133,0.262608
1.330207,0.263592
1.331281,0.26228
1.3323559999999999,0.262608
1.33343,0.263264
1.3345049999999998,0.261951
1.3355789999999998,0.262717
1.336654,0.26282599999999995
1.337728,0.26151399999999997
1.338803,0.262717
1.339877,0.26216999999999996
1.340952,0.26118600000000003
1.342026,0.262608
1.3431009999999999,0.26151399999999997
1.344175,0.26118600000000003
1.3452499999999998,0.262389
1.3463239999999999,0.260967
1.347399,0.26118600000000003
1.348473,0.26184199999999996
1.349548,0.26042
1.350622,0.261295
1.351697,0.26151399999999997
1.352771,0.260201
1.3538459999999999,0.26118600000000003
1.35492,0.26085800000000003
1.3559949999999998,0.259983
1.3570689999999999,0.261295
1.358144,0.260311
1.359218,0.259655
1.360293,0.261076
1.361367,0.259655
1.362441,0.259983
1.363516,0.260639
1.36459,0.259217
1.365665,0.260092
1.366739,0.260201
1.3678139999999999,0.258889
1.3688879999999999,0.25987299999999997
1.369963,0.259655
1.3710369999999998,0.25866999999999996
1.372112,0.259983
1.373186,0.259108
1.374261,0.258561
1.375335,0.259764
1.37641,0.25845100000000004
1.377484,0.25878
1.3785589999999999,0.259326
1.3796329999999999,0.257905
1.380708,0.25866999999999996
1.3817819999999998,0.25899799999999995
1.382857,0.257576
1.383931,0.25866999999999996
1.385006,0.25845100000000004
1.38608,0.257467
1.387155,0.25878
1.388229,0.257795
1.3893039999999999,0.257467
1.390378,0.258561
1.3914529999999998,0.257139
1.3925269999999998,0.257467
1.3936009999999999,0.25834199999999996
1.394676,0.256811
1.39575,0.257576
1.396825,0.257795
1.397899,0.256483
1.398974,0.25768599999999997
1.400048,0.257248
1.401123,0.25637299999999996
1.402197,0.257467
1.4032719999999999,0.256701
1.4043459999999999,0.256264
1.405421,0.257467
1.4064949999999998,0.256155
1.40757,0.25637299999999996
1.408644,0.25703000000000004
1.409719,0.255608
1.410793,0.256483
1.411868,0.256811
1.412942,0.25516999999999995
1.4140169999999999,0.256264
1.4150909999999999,0.256155
1.416166,0.25516999999999995
1.4172399999999998,0.256264
1.418315,0.255608
1.419389,0.25516999999999995
1.420463,0.25637299999999996
1.421538,0.255061
1.422612,0.255061
1.423687,0.255936
1.424761,0.25462300000000004
1.4258359999999999,0.25528
1.42691,0.255498
1.4279849999999998,0.25418599999999997
1.4290589999999999,0.255389
1.430134,0.25516999999999995
1.431208,0.254076
1.432283,0.25528
1.433357,0.254405
1.434432,0.253967
1.435506,0.25528
1.4365809999999999,0.253967
1.437655,0.254076
1.4387299999999998,0.254952
1.4398039999999999,0.25353000000000003
1.440879,0.25418599999999997
1.441953,0.25451399999999996
1.443028,0.253092
1.444102,0.25418599999999997
1.445177,0.254076
1.446251,0.252873
1.447325,0.25418599999999997
1.4484,0.25342
1.449474,0.252873
1.4505489999999999,0.254295
1.4516229999999999,0.252983
1.452698,0.252873
1.4537719999999998,0.253967
1.454847,0.252436
1.455921,0.253092
1.456996,0.25353000000000003
1.45807,0.252108
1.459145,0.253201
1.460219,0.253092
1.4612939999999999,0.251998
1.462368,0.253311
1.4634429999999998,0.25254499999999996
1.4645169999999998,0.251889
1.465592,0.253092
1.466666,0.251998
1.467741,0.251998
1.468815,0.252873
1.46989,0.25166999999999995
1.470964,0.252108
1.4720389999999999,0.25254499999999996
1.473113,0.25112300000000004
1.474187,0.25221699999999997
1.4752619999999999,0.25221699999999997
1.4763359999999999,0.250905
1.477411,0.25221699999999997
1.4784849999999998,0.251561
1.47956,0.250905
1.480634,0.252327
1.481709,0.25112300000000004
1.482783,0.250905
1.483858,0.251889
1.484932,0.250577
1.4860069999999999,0.25101399999999996
1.4870809999999999,0.251452
1.488156,0.250139
1.4892299999999998,0.251233
1.490305,0.251233
1.491379,0.25003
1.492454,0.251233
1.493528,0.250577
1.494603,0.25003
1.495677,0.251233
1.4967519999999999,0.25003
1.4978259999999999,0.25003
1.498901,0.25101399999999996
1.4999749999999998,0.249592
1.498901,0.250139
1.4978259999999999,0.25068599999999996
1.4967519999999999,0.24915500000000002
1.495677,0.250248
1.494603,0.250139
1.493528,0.249264
1.492454,0.25035799999999997
1.491379,0.249592
1.490305,0.249045
1.4892299999999998,0.250248
1.488156,0.24915500000000002
1.4870809999999999,0.24915500000000002
1.4860069999999999,0.250139
1.484932,0.24882700000000002
1.483858,0.24915500000000002
1.482783,0.249811
1.481709,0.24828
1.480634,0.24937299999999998
1.47956,0.249264
1.4784849999999998,0.24816999999999997
1.477411,0.249483
1.4763359999999999,0.248717
1.4752619999999999,0.24816999999999997
1.474187,0.249264
1.473113,0.24849799999999997
1.4720389999999999,0.24828
1.470964,0.249264
1.46989,0.24784199999999998
1.468815,0.24828
1.467741,0.248936
1.466666,0.24751399999999998
1.465592,0.24849799999999997
1.4645169999999998,0.248389
1.4634429999999998,0.24729500000000001
1.462368,0.248608
1.4612939999999999,0.247952
1.460219,0.24729500000000001
1.459145,0.248608
1.45807,0.24740499999999999
1.456996,0.24729500000000001
1.455921,0.248389
1.454847,0.247077
1.4537719999999998,0.24751399999999998
1.452698,0.24816999999999997
1.4516229999999999,0.24663900000000002
1.4505489999999999,0.247623
1.449474,0.247623
1.4484,0.24642
1.447325,0.24773299999999998
1.446251,0.247077
1.445177,0.24642
1.444102,0.247623
1.443028,0.24663900000000002
1.441953,0.24642
1.440879,0.24751399999999998
1.4398039999999999,0.24620199999999998
1.4387299999999998,0.24652999999999997
1.437655,0.24729500000000001
1.4365809999999999,0.245983
1.435506,0.24685799999999997
1.434432,0.246748
1.433357,0.245655
1.432283,0.24696700000000002
1.431208,0.246311
1.430134,0.24554499999999999
1.4290589999999999,0.24685799999999997
1.4279849999999998,0.24587299999999998
1.42691,0.24554499999999999
1.4258359999999999,0.246748
1.424761,0.24532700000000002
1.423687,0.24587299999999998
1.422612,0.24642
1.421538,0.244998
1.420463,0.245983
1.419389,0.24620199999999998
1.418315,0.24478
1.4172399999999998,0.246092
1.416166,0.24554499999999999
1.4150909999999999,0.24478
1.4140169999999999,0.24620199999999998
1.412942,0.244998
1.411868,0.24478
1.410793,0.24587299999999998
1.409719,0.244561
1.408644,0.24478
1.40757,0.245764
1.4064949999999998,0.24423299999999998
1.405421,0.245217
1.4043459999999999,0.245217
1.4032719999999999,0.24412300000000003
1.402197,0.24532700000000002
1.401123,0.24478
1.400048,0.24401399999999998
1.398974,0.24532700000000002
1.397899,0.24434199999999998
1.396825,0.24401399999999998
1.39575,0.245217
1.394676,0.243795
1.3936009999999999,0.24412300000000003
1.3925269999999998,0.244889
1.3914529999999998,0.24346700000000002
1.390378,0.24434199999999998
1.3893039999999999,0.244561
1.388229,0.24324800000000002
1.387155,0.244452
1.38608,0.24401399999999998
1.385006,0.24313900000000002
1.383931,0.244452
1.382857,0.24346700000000002
1.3817819999999998,0.24335799999999996
1.380708,0.244452
1.3796329999999999,0.24313900000000002
1.3785589999999999,0.24335799999999996
1.377484,0.24412300000000003
1.37641,0.24270199999999997
1.375335,0.24368599999999999
1.374261,0.243795
1.373186,0.242483
1.372112,0.243795
1.3710369999999998,0.24324800000000002
1.369963,0.242483
1.3688879999999999,0.243795
1.3678139999999999,0.24292
1.366739,0.242483
1.365665,0.243795
1.36459,0.242483
1.363516,0.242592
1.362441,0.24335799999999996
1.361367,0.24204499999999998
1.360293,0.24292
1.359218,0.24313900000000002
1.358144,0.24182700000000001
1.3570689999999999,0.24302999999999997
1.3559949999999998,0.24270199999999997
1.35492,0.241717
1.3538459999999999,0.24313900000000002
1.352771,0.242264
1.351697,0.24182700000000001
1.350622,0.24302999999999997
1.349548,0.241608
1.348473,0.241936
1.347399,0.242592
1.3463239999999999,0.241389
1.3452499999999998,0.242155
1.344175,0.242264
1.3431009999999999,0.241061
1.342026,0.242264
1.340952,0.24204499999999998
1.339877,0.241061
1.338803,0.242264
1.337728,0.241498
1.336654,0.24117
1.3355789999999998,0.242264
1.3345049999999998,0.240952
1.33343,0.24117
1.3323559999999999,0.24204499999999998
1.331281,0.24051399999999998
1.330207,0.241389
1.329133,0.241608
1.328058,0.24040499999999998
1.326984,0.241608
1.325909,0.24128
1.324835,0.24040499999999998
1.32376,0.241498
1.322686,0.240733
1.3216109999999999,0.24040499999999998
1.3205369999999998,0.241608
1.319462,0.24040499999999998
1.318388,0.24040499999999998
1.317313,0.241498
1.316239,0.24007699999999998
1.315164,0.24062299999999998
1.31409,0.241061
1.313015,0.23974800000000002
1.311941,0.241061
1.3108659999999999,0.24062299999999998
1.3097919999999998,0.239858
1.308717,0.241061
1.3076429999999999,0.24007699999999998
1.306568,0.23963900000000002
1.305494,0.240952
1.304419,0.23963900000000002
1.303345,0.239858
1.30227,0.24062299999999998
1.301196,0.23931100000000002
1.300122,0.24007699999999998
1.2990469999999998,0.24029499999999998
1.297973,0.239092
1.2968979999999999,0.24018599999999998
1.2958239999999999,0.239967
1.294749,0.23898300000000003
1.293675,0.24029499999999998
1.2926,0.23952999999999997
1.291526,0.239092
1.290451,0.24029499999999998
1.289377,0.23898300000000003
1.2883019999999998,0.239092
1.287228,0.24007699999999998
1.2861529999999999,0.238764
1.2850789999999999,0.23942000000000002
1.284004,0.23974800000000002
1.28293,0.23832699999999998
1.281855,0.23952999999999997
1.280781,0.23942000000000002
1.279706,0.238436
1.278632,0.23974800000000002
1.2775569999999998,0.238873
1.276483,0.23832699999999998
1.2754079999999999,0.23963900000000002
1.2743339999999999,0.23821699999999998
1.273259,0.238436
1.272185,0.23942000000000002
1.2711109999999999,0.23810800000000001
1.270036,0.238764
1.268962,0.239092
1.267887,0.23778
1.266813,0.238764
1.265738,0.238873
1.264664,0.23767
1.2635889999999999,0.23898300000000003
1.262515,0.23832699999999998
1.26144,0.237889
1.2603659999999999,0.239092
1.259291,0.237889
1.258217,0.23778
1.257142,0.238764
1.256068,0.237452
1.254993,0.23810800000000001
1.253919,0.238436
1.2528439999999998,0.237123
1.25177,0.23832699999999998
1.250695,0.23810800000000001
1.2496209999999999,0.237123
1.248546,0.238436
1.247472,0.23767
1.246397,0.237123
1.245323,0.238436
1.244249,0.237233
1.243174,0.23734199999999997
1.2421,0.23821699999999998
1.241025,0.236795
1.239951,0.237452
1.2388759999999999,0.237889
1.2378019999999998,0.236686
1.236727,0.237561
1.235653,0.23767
1.234578,0.23646699999999998
1.233504,0.23778
1.232429,0.237014
1.231355,0.23646699999999998
1.23028,0.23778
1.229206,0.236686
1.2281309999999999,0.23657699999999998
1.2270569999999998,0.23778
1.225982,0.23624799999999999
1.2249079999999999,0.236795
1.223833,0.23734199999999997
1.222759,0.23592
1.221684,0.237014
1.22061,0.237014
1.219535,0.23592
1.218461,0.237123
1.217387,0.23657699999999998
1.2163119999999998,0.235811
1.215238,0.237014
1.2141629999999999,0.23603
1.2130889999999999,0.23603
1.212014,0.237014
1.21094,0.235592
1.209865,0.23624799999999999
1.208791,0.236795
1.207716,0.235483
1.206642,0.236358
1.205567,0.236358
1.204493,0.235264
1.2034179999999999,0.23657699999999998
1.2023439999999999,0.23603
1.201269,0.235264
1.200195,0.23657699999999998
1.19912,0.235483
1.198046,0.235592
1.196971,0.23646699999999998
1.195897,0.235155
1.194822,0.235702
1.193748,0.236139
1.1926729999999999,0.234717
1.1915989999999999,0.235811
1.190525,0.23592
1.18945,0.234717
1.1883759999999999,0.23603
1.187301,0.235373
1.186227,0.234717
1.185152,0.23592
1.184078,0.234936
1.183003,0.23482699999999998
1.181929,0.23603
1.1808539999999998,0.234717
1.17978,0.23482699999999998
1.178705,0.235702
1.1776309999999999,0.234061
1.176556,0.235155
1.175482,0.235264
1.174407,0.234061
1.173333,0.235373
1.172258,0.234936
1.171184,0.23417
1.1701089999999998,0.235373
1.169035,0.234389
1.1679599999999999,0.23428000000000002
1.1668859999999999,0.235373
1.165811,0.234061
1.164737,0.234389
1.163663,0.235155
1.162588,0.233623
1.161514,0.234717
1.160439,0.234608
1.159365,0.23351399999999997
1.15829,0.23482699999999998
1.157216,0.23428000000000002
1.1561409999999999,0.23351399999999997
1.1550669999999998,0.234936
1.153992,0.233952
1.1529179999999999,0.233733
1.151843,0.23482699999999998
1.150769,0.233623
1.149694,0.233952
1.14862,0.234608
1.147545,0.233186
1.146471,0.23417
1.1453959999999999,0.23417
1.1443219999999998,0.232967
1.143247,0.23428000000000002
1.1421729999999999,0.233842
1.141098,0.23307699999999998
1.140024,0.23417
1.138949,0.233295
1.137875,0.23307699999999998
1.1368,0.23428000000000002
1.135726,0.232967
1.134652,0.233295
1.133577,0.233952
1.132503,0.23263899999999998
1.1314279999999999,0.233623
1.1303539999999999,0.233733
1.129279,0.23253000000000001
1.128205,0.233733
1.12713,0.233295
1.126056,0.23253000000000001
1.124981,0.233842
1.123907,0.232858
1.122832,0.23253000000000001
1.121758,0.233733
1.1206829999999999,0.23253000000000001
1.1196089999999999,0.23274799999999998
1.118534,0.233623
1.11746,0.232202
1.116385,0.23307699999999998
1.115311,0.233186
1.114236,0.231983
1.113162,0.23307699999999998
1.112087,0.232858
1.111013,0.232092
1.1099379999999999,0.233405
1.1088639999999998,0.23242
1.107789,0.232092
1.106715,0.233186
1.1056409999999999,0.232092
1.104566,0.232202
1.103492,0.233186
1.102417,0.231655
1.101343,0.23242
1.100268,0.23263899999999998
1.099194,0.231436
1.0981189999999998,0.23274799999999998
1.097045,0.232311
1.0959699999999999,0.231436
1.0948959999999999,0.23274799999999998
1.093821,0.231983
1.092747,0.231436
1.091672,0.23263899999999998
1.090598,0.23132699999999998
1.089523,0.231655
1.088449,0.23253000000000001
1.0873739999999998,0.231108
1.0863,0.231983
1.0852249999999999,0.232202
1.0841509999999999,0.230889
1.083076,0.232202
1.082002,0.231873
1.080927,0.23099799999999998
1.079853,0.232311
1.078778,0.231436
1.077704,0.23099799999999998
1.076629,0.232311
1.075555,0.231108
1.074481,0.231217
1.0734059999999999,0.232092
1.0723319999999998,0.23067
1.071257,0.231545
1.0701829999999999,0.23176399999999997
1.069108,0.230561
1.068034,0.23176399999999997
1.066959,0.231436
1.065885,0.23045200000000002
1.06481,0.231873
1.063736,0.23099799999999998
1.0626609999999999,0.230561
1.061587,0.23176399999999997
1.060512,0.230561
1.0594379999999999,0.23067
1.058363,0.231545
1.057289,0.230123
1.056214,0.230889
1.05514,0.23132699999999998
1.054065,0.230014
1.052991,0.231108
1.0519159999999999,0.230889
1.050842,0.230014
1.049767,0.231217
1.0486929999999999,0.23045200000000002
1.047618,0.230123
1.046544,0.231217
1.04547,0.230123
1.044395,0.230233
1.043321,0.23099799999999998
1.042246,0.22968599999999997
1.041172,0.230342
1.040097,0.23078
1.039023,0.221264
1.0379479999999999,0.214811
1.0368739999999999,0.208905
1.035799,0.202561
1.034725,0.196874
1.03365,0.191405
1.032576,0.185827
1.031501,0.180577
1.030427,0.175546
1.029352,0.170296
1.028278,0.16581100000000001
1.0272029999999999,0.160889
1.0261289999999998,0.156296
1.025054,0.152139
1.02398,0.147764
1.022905,0.14349900000000002
1.021831,0.139561
1.020756,0.135296
1.019682,0.131468
1.018608,0.127858
1.017533,0.12414
1.016459,0.12064
1.015384,0.117358
1.01431,0.11374899999999999
1.0132349999999999,0.11068700000000001
1.0121609999999999,0.107515
1.011086,0.104233
1.010012,0.101499
1.008937,0.098546432
1.007863,0.095702704
1.006788,0.09329646400000001
1.005714,0.09012460000000001
1.004639,0.08760899200000001
1.003565,0.08531212
1.0024899999999999,0.082468384
1.0014159999999999,0.08039026400000002
1.000341,0.077984024
0.9992669999999999,0.075577792
0.998192,0.073718424
0.997118,0.071530936
0.9960429999999999,0.06923407200000001
0.994969,0.06737470400000001
0.9938939999999999,0.065515332
0.9928199999999999,0.06343722
0.991745,0.061905976
0.990671,0.05993723200000001
0.989597,0.057968492
0.9885219999999999,0.05676537200000001
0.987448,0.054796632000000005
0.9863729999999999,0.053265388000000004
0.9852989999999999,0.05206226800000001
0.984224,0.050093528000000005
0.98315,0.048890408
0.9820749999999999,0.047468540000000004
0.9810009999999999,0.045937296
0.979926,0.044952928
0.9788519999999999,0.043640428
0.977777,0.042218564
0.976703,0.041124816
0.9756279999999999,0.039921700000000004
0.9745539999999999,0.03871858
0.973479,0.037952956
0.972405,0.036531087999999996
0.9713299999999999,0.035656092
0.970256,0.034890468
0.969181,0.033687352000000004
0.9681069999999999,0.03292173
0.967032,0.032046732
0.965958,0.030952988
0.9648829999999999,0.030187366
0.9638089999999999,0.029421744000000003
0.962735,0.028328
0.96166,0.027781126000000003
0.9605859999999999,0.027015506
0.959511,0.025921760000000002
0.958437,0.025593638000000002
0.9573619999999999,0.024718642000000002
0.9562879999999999,0.024062392000000002
0.955213,0.023624896000000003
0.954139,0.022749900000000003
0.9530639999999999,0.022203026
0.95199,0.010320754000000001
0.950915,0.015131132
0.9498409999999999,0.016368727000000003
0.948766,0.016267928
0.947692,0.015915129000000004
0.9466169999999999,0.015483931000000003
0.9455429999999999,0.014935135
0.944468,0.014492737000000002
0.943394,0.014027939
0.9423189999999999,0.01350714
0.941245,0.013137542
0.94017,0.012700744
0.9390959999999999,0.012235946000000001
0.938021,0.011888748000000001
0.936947,0.011502349000000002
0.9358719999999999,0.011065551
0.9347979999999999,0.010757552
0.933724,0.010359955
0.932649,0.010012756
0.9315749999999999,0.009743957000000001
0.9305,0.009335158999999999
0.929426,0.009088760000000001
0.9283509999999999,0.008803161
0.9272769999999999,0.008399963
0.926202,0.008192764
0.925128,0.007867965
0.924053,0.0075431660000000005
0.922979,0.007330367000000001
0.921904,0.0070055690000000006
0.9208299999999999,0.0067199700000000005
0.919755,0.006518371000000001
0.918681,0.0062103720000000005
0.9176059999999999,0.006014373000000001
0.916532,0.005835174
0.915457,0.005471176
0.914383,0.005331176000000001
0.913308,0.005118377
0.912234,0.004855178000000001
0.9111589999999999,0.0047207790000000005
0.9100849999999999,0.00451358
0.90901,0.004289581000000001
0.907936,0.004171981000000001
0.9068609999999999,0.003931182000000001
0.905787,0.003779983
0.904713,0.003690383
0.9036379999999999,0.0034215850000000004
0.9025639999999999,0.003303985
0.901489,0.003175186
0.900415,0.0029903860000000003
0.8993399999999999,0.002895187
0.898266,0.0027719870000000005
0.897191,0.002581588
0.8961169999999999,0.002536788
0.895042,0.002402389
0.893968,0.00220079
0.8928929999999999,0.0021391900000000004
0.8918189999999999,0.0019935910000000003
0.890744,0.0018311920000000001
0.88967,0.001747192
0.8885949999999999,0.0015399930000000001
0.887521,0.0014391930000000003
0.886446,0.001371994
0.8853719999999999,0.001181594
0.884297,0.001108795
0.883223,0.001024795
0.8821479999999999,0.000834396
0.8810739999999999,0.000800796
0.879999,0.0006663970000000001
0.878925,0.0005263970000000001
0.8778499999999999,0.0004927970000000001
0.876776,0.00037519800000000004
0.875702,0.000257598
0.8746269999999999,0.00024079800000000002
0.8735529999999999,7.839966400000001e-05
0.872478,3.3599856e-05
0.871404,-5.5999750000000005e-06
0.8703289999999999,-0.00015119900000000003
0.869255,-0.00020159900000000003
0.86818,-0.000257598
0.8671059999999999,-0.000414398
0.866031,-0.00035279800000000003
0.864957,-0.000447998
0.8638819999999999,-0.000587997
0.8628079999999999,-0.000587997
0.861733,-0.0006943960000000001
0.860659,-0.0007615960000000001
0.859584,-0.0007503960000000001
0.85851,-0.0009295950000000001
0.857435,-0.000968795
0.8563609999999999,-0.0009967950000000002
0.855286,-0.0011255950000000003
0.854212,-0.0012039940000000001
0.8531369999999999,-0.001192794
0.852063,-0.0013495940000000002
0.850988,-0.0013663940000000002
0.849914,-0.0014559930000000003
0.8488399999999999,-0.0015791930000000002
0.847765,-0.0015455930000000003
0.846691,-0.0016295920000000002
0.8456159999999999,-0.001707992
0.844542,-0.001730392
0.843467,-0.0018759910000000002
0.842393,-0.001903991
0.841318,-0.0019151910000000001
0.840244,-0.002043991
0.8391689999999999,-0.002010391
0.8380949999999999,-0.00207199
0.83702,-0.0022063900000000003
0.835946,-0.00215039
0.8348709999999999,-0.00222319
0.833797,-0.002329589
0.832722,-0.00226799
0.8316479999999999,-0.0023463890000000004
0.830573,-0.0024135890000000003
0.829499,-0.002391189
0.8284239999999999,-0.0024863890000000003
0.8273499999999999,-0.002531188
0.826275,-0.002469589
0.825201,-0.0026319880000000005
0.8241259999999999,-0.002648788
0.823052,-0.002643188
0.821978,-0.0027663870000000004
0.8209029999999999,-0.0027495880000000003
0.8198289999999999,-0.002822387
0.818754,-0.0029567870000000002
0.81768,-0.002900787
0.8166049999999999,-0.003029586
0.815531,-0.0030631860000000003
0.814456,-0.0030799860000000003
0.8133819999999999,-0.003180786
0.812307,-0.0032647850000000005
0.811233,-0.0032199850000000003
0.8101579999999999,-0.0033711850000000005
0.8090839999999999,-0.0033431850000000003
0.808009,-0.003337585
0.806935,-0.0034719840000000004
0.8058599999999999,-0.0034719840000000004
0.804786,-0.0035223840000000004
0.803711,-0.003583984
0.8026369999999999,-0.003533584
0.801562,-0.0036287840000000003
0.800488,-0.003707183
0.7994129999999999,-0.0036735830000000002
0.7983389999999999,-0.003774383
0.797264,-0.0038023830000000003
0.79619,-0.003763183
0.795115,-0.0038527830000000002
0.794041,-0.003835983
0.792967,-0.0038527830000000002
0.7918919999999999,-0.003947982
0.7908179999999999,-0.003925582
0.789743,-0.003959182
0.788669,-0.004076782000000001
0.787594,-0.004043182
0.78652,-0.004138381
0.785445,-0.004216781
0.7843709999999999,-0.004205581
0.783296,-0.004328781000000001
0.782222,-0.004362381
0.7811469999999999,-0.004311981
0.780073,-0.004429580000000001
0.778998,-0.00445198
0.777924,-0.00447438
0.776849,-0.004603179000000001
0.775775,-0.00459198
0.7746999999999999,-0.004597579000000001
0.7736259999999999,-0.004715179000000001
0.772551,-0.004653579000000001
0.771477,-0.004759979
0.7704019999999999,-0.0048439780000000005
0.769328,-0.004759979
0.768253,-0.004871978
0.7671789999999999,-0.004883178
0.766104,-0.004866378
0.76503,-0.005006378
0.7639549999999999,-0.004950378
0.7628809999999999,-0.004972778000000001
0.761807,-0.005073577
0.760732,-0.0050511770000000004
0.7596579999999999,-0.005062377000000001
0.758583,-0.005129577000000001
0.757509,-0.005101577
0.7564339999999999,-0.005157577000000001
0.7553599999999999,-0.005258377
0.754285,-0.005179977
0.753211,-0.0053367760000000005
0.7521359999999999,-0.0053703760000000005
0.751062,-0.005364776
0.749987,-0.0055103750000000005
0.7489129999999999,-0.005482376000000001
0.747838,-0.005521575000000001
0.746764,-0.005644775
0.7456889999999999,-0.005599975000000001
0.7446149999999999,-0.005683975
0.74354,-0.005790374
0.742466,-0.005773574000000001
0.7413909999999999,-0.005840774000000001
0.740317,-0.005930374
0.739242,-0.0058631740000000005
0.7381679999999999,-0.005997573000000001
0.737093,-0.006075973000000001
0.736019,-0.005997573000000001
0.734945,-0.006126373
0.7338699999999999,-0.006137573
0.732796,-0.006126373
0.731721,-0.006255172000000001
0.7306469999999999,-0.006215972
0.729572,-0.006260772
0.728498,-0.006350372
0.7274229999999999,-0.006316772000000001
0.726349,-0.006378372
0.725274,-0.006451171000000001
0.7242,-0.006378372
0.723125,-0.0064959710000000006
0.722051,-0.006523971000000001
0.720976,-0.006568771
0.7199019999999999,-0.0066695700000000005
0.718827,-0.006680770000000001
0.717753,-0.006680770000000001
0.7166779999999999,-0.0068487700000000006
0.715604,-0.006843170000000001
0.714529,-0.0068655700000000005
0.713455,-0.007027969
0.71238,-0.006971969000000001
0.711306,-0.0070727690000000005
0.710231,-0.007156768000000001
0.7091569999999999,-0.007106368000000001
0.708083,-0.007279968
0.707008,-0.007313568
0.705934,-0.007279968
0.704859,-0.007408767
0.703785,-0.007453567000000001
0.70271,-0.007425567000000001
0.7016359999999999,-0.007559966
0.700561,-0.007554366
0.699487,-0.007599167000000001
0.6984119999999999,-0.0077055660000000005
0.697338,-0.007649566000000001
0.696263,-0.007795165000000001
0.695189,-0.007851165
0.694114,-0.007800765000000001
0.69304,-0.007901565000000001
0.6919649999999999,-0.007951964
0.6908909999999999,-0.007901565000000001
0.689816,-0.008058365000000001
0.688742,-0.008058365000000001
0.6876669999999999,-0.008041565
0.686593,-0.008220764
0.685518,-0.008175964
0.6844439999999999,-0.008259963
0.683369,-0.008427963
0.682295,-0.008377563000000001
0.6812199999999999,-0.008523163
0.6801459999999999,-0.008612762000000001
0.679072,-0.008584762000000001
0.677997,-0.008735961
0.6769229999999999,-0.008814361000000001
0.675848,-0.008825561
0.674774,-0.008987961
0.6736989999999999,-0.008976761000000002
0.6726249999999999,-0.009010361
0.67155,-0.00918396
0.670476,-0.00917276
0.669401,-0.009211959
0.668327,-0.009407959
0.667252,-0.009368758
0.6661779999999999,-0.009435959
0.665103,-0.009575958
0.664029,-0.009519958
0.6629539999999999,-0.009671157000000001
0.66188,-0.009738357000000001
0.660805,-0.009715957
0.659731,-0.009872757000000001
0.658656,-0.009900757000000001
0.657582,-0.009911957
0.656507,-0.010074356000000001
0.6554329999999999,-0.010051956
0.654358,-0.010119155000000001
0.653284,-0.010242355
0.6522089999999999,-0.010275954
0.651135,-0.010354355
0.650061,-0.010499954000000002
0.648986,-0.010505554
0.6479119999999999,-0.010667953
0.646837,-0.010768752000000001
0.645763,-0.010779952
0.6446879999999999,-0.010959152000000002
0.643614,-0.011048751
0.642539,-0.011054351
0.641465,-0.011250351
0.64039,-0.011261551000000002
0.639316,-0.011311950000000001
0.638241,-0.011524749000000003
0.6371669999999999,-0.011513549000000001
0.636092,-0.011681548000000002
0.635018,-0.011782348000000002
0.6339429999999999,-0.011793548000000001
0.632869,-0.011944747
0.631794,-0.012051147
0.63072,-0.012079146
0.629645,-0.012252746
0.628571,-0.012303146000000001
0.6274959999999999,-0.012331146000000001
0.6264219999999999,-0.012510345
0.625347,-0.012549544000000001
0.624273,-0.012667145000000001
0.6231979999999999,-0.012812744000000001
0.622124,-0.012773544000000001
0.62105,-0.012941543000000002
0.6199749999999999,-0.013075943000000001
0.6189009999999999,-0.013087143
0.617826,-0.013283142000000001
0.616752,-0.013395141000000001
0.6156769999999999,-0.013439941
0.614603,-0.013686340000000002
0.613528,-0.013770339000000001
0.6124539999999999,-0.013859939000000002
0.611379,-0.014083938
0.610305,-0.014145538000000001
0.6092299999999999,-0.014274337000000002
0.6081559999999999,-0.014487137000000002
0.607081,-0.014526336000000003
0.606007,-0.014716735000000002
0.604932,-0.014884734000000002
0.603858,-0.014918334000000002
0.602783,-0.015119933
0.6017089999999999,-0.015293532
0.600634,-0.015388733
0.59956,-0.01558473
0.5984849999999999,-0.015713531
0.597411,-0.015797531
0.596336,-0.016055129
0.595262,-0.01609433
0.5941879999999999,-0.016251129000000003
0.593113,-0.016469527
0.592039,-0.016536728
0.5909639999999999,-0.016732726
0.58989,-0.016917526000000002
0.588815,-0.016990326
0.587741,-0.017197524
0.586666,-0.017376722
0.585592,-0.017471922
0.584517,-0.017729522
0.5834429999999999,-0.017914322
0.582368,-0.018031922
0.581294,-0.018317518
0.5802189999999999,-0.018435118
0.579145,-0.018631118000000002
0.57807,-0.018933516
0.576996,-0.019039916
0.575921,-0.019258314
0.574847,-0.019555114000000002
0.573772,-0.019683914
0.5726979999999999,-0.019930312000000002
0.571623,-0.02016551
0.570549,-0.020294310000000003
0.5694739999999999,-0.020596708000000002
0.5684,-0.020831908
0.567326,-0.021005506
0.566251,-0.021324706000000002
0.5651769999999999,-0.021459104
0.564102,-0.021688704000000003
0.563028,-0.022002302
0.5619529999999999,-0.022170302000000003
0.560879,-0.0224671
0.559804,-0.022758300000000002
0.55873,-0.022909498000000004
0.557655,-0.023195098
0.556581,-0.023480696000000002
0.5555059999999999,-0.023682296000000002
0.5544319999999999,-0.024012694000000005
0.553357,-0.024247892
0.552283,-0.024421492000000003
0.5512079999999999,-0.024813492000000003
0.550134,-0.025048690000000002
0.549059,-0.025345490000000002
0.5479849999999999,-0.025726286000000004
0.54691,-0.025939086000000004
0.545836,-0.026308684000000002
0.5447609999999999,-0.026678282000000005
0.5436869999999999,-0.026941482
0.542612,-0.027350280000000005
0.541538,-0.027708678000000004
0.540463,-0.027949476
0.539389,-0.028442274000000003
0.538314,-0.028761472000000003
0.5372399999999999,-0.029097472
0.5361659999999999,-0.029517470000000004
0.535091,-0.02987027
0.534017,-0.030251066000000004
0.532942,-0.030665466
0.531868,-0.030990262000000005
0.530793,-0.03147186
0.5297189999999999,-0.031919858
0.528644,-0.032244658
0.52757,-0.032709456000000005
0.5264949999999999,-0.033157452000000004
0.525421,-0.033504652
0.524346,-0.034036648
0.523272,-0.034495848
0.522197,-0.034876648
0.521123,-0.035408644
0.520048,-0.035845444000000004
0.5189739999999999,-0.03631024
0.517899,-0.036864640000000004
0.516825,-0.037256636
0.5157499999999999,-0.037811036000000006
0.514676,-0.038443828
0.513601,-0.038863828
0.512527,-0.039440624
0.511452,-0.039989424
0.510378,-0.040510224000000004
0.509304,-0.041126216
0.5082289999999999,-0.041647016
0.507155,-0.042145412
0.50608,-0.042783812
0.505006,-0.043259812
0.503931,-0.04378060400000001
0.502857,-0.044374204
0.501782,-0.04478300400000001
0.5007079999999999,-0.0452926
0.499633,-0.045813396
0.498559,-0.046205396
0.497484,-0.046647796000000005
0.49640999999999996,-0.047134992
0.49533499999999997,-0.047386992
0.49426099999999995,-0.047795792000000004
0.49318599999999996,-0.04818778800000001
0.492112,-0.048456588
0.491037,-0.048859784
0.489963,-0.049173384
0.488888,-0.050093528000000005
0.48781399999999997,-0.051077896000000005
0.486739,-0.05173414800000001
0.48566499999999996,-0.05249976800000001
0.48458999999999997,-0.053702888000000004
0.483516,-0.054468508000000006
0.48244099999999995,-0.055124752000000006
0.481367,-0.056546624000000004
0.48029299999999997,-0.057312244000000005
0.479218,-0.058296616
0.47814399999999996,-0.05960910800000001
0.47706899999999997,-0.060374732
0.475995,-0.061577852
0.47491999999999995,-0.06299972
0.473846,-0.063765344
0.472771,-0.065296584
0.471697,-0.066390328
0.470622,-0.06737470400000001
0.46954799999999997,-0.06912468800000002
0.468473,-0.070109064
0.46739899999999995,-0.071312184
0.46632399999999996,-0.07306217599999999
0.46525,-0.07382780000000001
0.464175,-0.07546841600000001
0.463101,-0.07710903200000001
0.462026,-0.07853090400000001
0.460952,-0.07995276800000001
0.459877,-0.08181213600000001
0.45880299999999996,-0.08301525600000001
0.45772799999999997,-0.084765248
0.456654,-0.086624616
0.45557899999999996,-0.08793711200000001
0.454505,-0.089905856
0.45343,-0.09154646400000001
0.452356,-0.093187088
0.45128199999999996,-0.09548395200000001
0.45020699999999997,-0.09701519200000001
0.449133,-0.09898393600000001
0.44805799999999996,-0.101171
0.446984,-0.103249
0.445909,-0.105327
0.444835,-0.107515
0.44376,-0.109374
0.44268599999999997,-0.111999
0.441611,-0.114296
0.44053699999999996,-0.116483
0.43946199999999996,-0.11932699999999999
0.438388,-0.12151499999999998
0.437313,-0.12403
0.436239,-0.12698299999999998
0.435164,-0.12939
0.43409,-0.132124
0.433015,-0.13507699999999997
0.43194099999999996,-0.137811
0.43086599999999997,-0.140764
0.429792,-0.144155
0.42871699999999996,-0.14699900000000002
0.427643,-0.150499
0.426568,-0.153889
0.425494,-0.157171
0.42441999999999996,-0.160889
0.42334499999999997,-0.164499
0.422271,-0.168218
0.42119599999999996,-0.172155
0.420122,-0.175983
0.419047,-0.18003
0.417973,-0.18473299999999998
0.416898,-0.188889
0.41582399999999997,-0.193155
0.414749,-0.198186
0.41367499999999996,-0.20278
0.41259999999999997,-0.20792
0.411526,-0.213389
0.41045099999999995,-0.218311
0.409377,-0.224327
0.408302,-0.229795
0.407228,-0.235702
0.406153,-0.242373
0.40507899999999997,-0.24849799999999997
0.404004,-0.25528
0.40292999999999995,-0.26249799999999995
0.40185499999999996,-0.26917
0.400781,-0.277155
0.399706,-0.28492
0.398632,-0.29279499999999997
0.397557,-0.301326
0.396483,-0.31040399999999996
0.39540899999999995,-0.319264
0.39433399999999996,-0.329217
0.39326,-0.33916999999999997
0.392185,-0.349342
0.391111,-0.360498
0.390036,-0.371654
0.388962,-0.383576
0.387887,-0.39626300000000003
0.38681299999999996,-0.408951
0.38573799999999997,-0.42284099999999997
0.384664,-0.43705999999999995
0.38358899999999996,-0.451935
0.382515,-0.468013
0.38144,-0.484419
0.380366,-0.5017
0.379291,-0.520622
0.37821699999999997,-0.5396529999999999
0.377142,-0.559997
0.37606799999999996,-0.581981
0.37499299999999997,-0.6041839999999999
0.373919,-0.6279189999999999
0.372844,-0.653403
0.37177,-0.679325
0.370695,-0.707653
0.369621,-0.736965
0.368546,-0.76759
0.36747199999999997,-0.8006209999999999
0.366398,-0.834418
0.365323,-0.8698549999999999
0.364249,-0.90748
0.363174,-0.946198
0.3621,-0.985901
0.361025,-1.030089
0.35995099999999997,-1.0731819999999999
0.358876,-1.118463
0.357802,-1.165276
0.35672699999999996,-1.212307
0.355653,-1.262181
0.354578,-1.312712
0.353504,-1.364337
0.352429,-1.4185869999999998
0.351355,-1.473055
0.35028,-1.528618
0.34920599999999996,-1.5863669999999999
0.34813099999999997,-1.6436799999999998
0.347057,-1.702523
0.345982,-1.7626789999999999
0.344908,-1.82196
0.343833,-1.882116
0.342759,-1.94271
0.341684,-2.004616
0.34060999999999997,-2.064115
0.339536,-2.12274
0.338461,-2.1791769999999997
0.337387,-2.235615
0.336312,-2.288552
0.335238,-2.338864
0.334163,-2.387864
0.33308899999999997,-2.431614
0.332014,-2.471426
0.33094,-2.507738
0.32986499999999996,-2.537051
0.328791,-2.562863
0.327716,-2.582113
0.326642,-2.593051
0.325567,-2.5996129999999997
0.324493,-2.5996129999999997
0.323418,-2.5904249999999998
0.32234399999999996,-2.575988
0.32126899999999997,-2.553238
0.320195,-2.5226129999999998
0.31911999999999996,-2.486738
0.318046,-2.442551
0.316971,-2.3926760000000002
0.315897,-2.337114
0.314822,-2.274989
0.31374799999999997,-2.209365
0.312673,-2.14024
0.31159899999999996,-2.065865
0.310525,-1.9906160000000002
0.30945,-1.9136159999999998
0.308376,-1.8348659999999999
0.307301,-1.756554
0.30622699999999997,-1.678242
0.305152,-1.6008049999999998
0.30407799999999996,-1.525993
0.30300299999999997,-1.4520559999999998
0.301929,-1.381181
0.300854,-1.313806
0.29978,-1.249056
0.298705,-1.187807
0.297631,-1.1304949999999998
0.296556,-1.07537
0.29548199999999997,-1.02462
0.294407,-0.9769329999999999
0.293333,-0.9323079999999999
0.29225799999999996,-0.890746
0.291184,-0.852246
0.290109,-0.8146209999999999
0.289035,-0.780496
0.28796,-0.7489959999999999
0.286886,-0.718371
0.285811,-0.6903710000000001
0.28473699999999996,-0.664122
0.283663,-0.638309
0.282588,-0.614684
0.281514,-0.5914969999999999
0.280439,-0.570059
0.279365,-0.549497
0.27829,-0.5289349999999999
0.27721599999999996,-0.510122
0.27614099999999997,-0.491747
0.275067,-0.473372
0.273992,-0.45674699999999996
0.272918,-0.44055999999999995
0.271843,-0.424373
0.270769,-0.409935
0.269694,-0.395498
0.26861999999999997,-0.381935
0.267545,-0.369248
0.266471,-0.35656
0.26539599999999997,-0.34562299999999996
0.264322,-0.334686
0.263247,-0.324186
0.262173,-0.314998
0.261098,-0.30624799999999996
0.260024,-0.297498
0.258949,-0.290061
0.25787499999999997,-0.282623
0.2568,-0.275186
0.255726,-0.26949799999999996
0.254652,-0.26337299999999997
0.253577,-0.257248
0.252503,-0.252873
0.251428,-0.247623
0.25035399999999997,-0.24281100000000003
0.249279,-0.238873
0.24820499999999998,-0.234061
0.24713,-0.230561
0.246056,-0.22706099999999999
0.24498099999999998,-0.223561
0.24390699999999998,-0.220061
0.242832,-0.21787399999999998
0.241758,-0.213936
0.24068299999999998,-0.211749
0.239609,-0.20868599999999998
0.238534,-0.206061
0.23745999999999998,-0.20431100000000002
0.23638499999999998,-0.201686
0.235311,-0.199936
0.234236,-0.198186
0.23316199999999998,-0.195999
0.232087,-0.194249
0.231013,-0.192936
0.22993799999999998,-0.19074899999999997
0.22886399999999998,-0.189436
0.227789,-0.18812399999999999
0.226715,-0.18593600000000002
0.22564099999999998,-0.185499
0.224566,-0.183749
0.223492,-0.18243600000000001
0.222417,-0.181999
0.22134299999999998,-0.180686
0.220268,-0.179374
0.219194,-0.178936
0.21811899999999998,-0.177624
0.217045,-0.177186
0.21597,-0.176311
0.214896,-0.174999
0.21382099999999998,-0.174561
0.212747,-0.174124
0.211672,-0.172811
0.21059799999999998,-0.172374
0.209523,-0.17193599999999998
0.208449,-0.17149899999999998
0.207374,-0.171061
0.20629999999999998,-0.17018599999999998
0.205225,-0.169311
0.204151,-0.16974899999999998
0.20307599999999998,-0.16843599999999997
0.202002,-0.16799899999999998
0.200927,-0.16799899999999998
0.199853,-0.166686
0.19877799999999998,-0.166249
0.197704,-0.166249
0.19663,-0.164936
0.19555499999999998,-0.164936
0.194481,-0.164061
0.193406,-0.162749
0.192332,-0.162749
0.19125699999999998,-0.161436
0.190183,-0.160124
0.189108,-0.160561
0.18803399999999998,-0.158374
0.186959,-0.157499
0.185885,-0.157499
0.18481,-0.155311
0.18373599999999998,-0.15487399999999998
0.182661,-0.153999
0.181587,-0.151811
0.18051199999999998,-0.15137399999999998
0.179438,-0.14962399999999998
0.178363,-0.148749
0.177289,-0.14787399999999998
0.17621399999999998,-0.146124
0.17514,-0.144374
0.174065,-0.14349900000000002
0.172991,-0.141749
0.17191599999999999,-0.140874
0.170842,-0.139561
0.169768,-0.137811
0.16869299999999998,-0.136936
0.167619,-0.135624
0.166544,-0.13431099999999999
0.16547,-0.133436
0.16439499999999999,-0.132124
0.163321,-0.130374
0.162246,-0.129936
0.16117199999999998,-0.128186
0.160097,-0.127311
0.159023,-0.12643600000000002
0.157948,-0.124686
0.15687399999999999,-0.123374
0.155799,-0.123374
0.154725,-0.12162400000000001
0.15364999999999998,-0.12118600000000002
0.152576,-0.120749
0.151501,-0.118999
0.150427,-0.118561
0.14935199999999998,-0.117686
0.148278,-0.115936
0.147203,-0.115936
0.14612899999999998,-0.11462399999999999
0.145054,-0.11374899999999999
0.14398,-0.114186
0.142905,-0.112874
0.14183099999999998,-0.11243600000000001
0.140757,-0.111999
0.139682,-0.111124
0.13860799999999998,-0.11068700000000001
0.137533,-0.11068700000000001
0.136459,-0.109374
0.135384,-0.109374
0.13430999999999998,-0.108499
0.133235,-0.10806199999999999
0.132161,-0.10893699999999999
0.13108599999999998,-0.107624
0.130012,-0.10718699999999999
0.128937,-0.107624
0.127863,-0.105874
0.12678799999999998,-0.10631199999999999
0.125714,-0.10631199999999999
0.124639,-0.10543699999999999
0.123565,-0.105874
0.12248999999999999,-0.105874
0.121416,-0.104999
0.12034099999999999,-0.10543699999999999
0.119267,-0.10543699999999999
0.11819199999999999,-0.10456199999999999
0.117118,-0.10543699999999999
0.116043,-0.104124
0.11496899999999999,-0.10456199999999999
0.113894,-0.10456199999999999
0.11281999999999999,-0.104124
0.111746,-0.10368699999999999
0.11067099999999999,-0.104124
0.109597,-0.10368699999999999
0.108522,-0.10368699999999999
0.107448,-0.104124
0.106373,-0.102812
0.10529899999999999,-0.10368699999999999
0.104224,-0.102812
0.10314999999999999,-0.102374
0.102075,-0.103249
0.101001,-0.102374
0.099926736,-0.101937
0.098852256,-0.102812
0.09777777600000001,-0.101937
0.09670329600000001,-0.101937
0.095628816,-0.102374
0.094554336,-0.101499
0.093479848,-0.101499
0.092405368,-0.101499
0.09133089600000001,-0.100187
0.09025640800000001,-0.101062
0.08918192800000001,-0.100624
0.088107448,-0.099749552
0.087032968,-0.100624
0.08595848,-0.09887456800000001
0.084884,-0.098437064
0.08380952800000001,-0.099749552
0.08273504000000001,-0.098437064
0.08166056000000001,-0.098437064
0.08058607200000001,-0.098437064
0.0795116,-0.097562064
0.07843712,-0.097562064
0.077362632,-0.097562064
0.07628816000000001,-0.09581207200000001
0.07521367200000001,-0.09668707200000001
0.074139192,-0.09624956800000001
0.073064712,-0.095374576
0.071990232,-0.09581207200000001
0.070915752,-0.09493708000000001
0.069841264,-0.09406208
0.068766784,-0.09493708000000001
0.067692312,-0.093843336
0.066617824,-0.09340584000000002
0.065543348,-0.09428083200000001
0.06446886,-0.09274958400000001
0.063394384,-0.09340584000000002
0.062319900000000004,-0.093187088
0.06124542,-0.09209334400000001
0.060170940000000006,-0.09253084000000002
0.05909646,-0.09253084000000002
0.058021976,-0.09099960000000001
0.056947496,-0.09209334400000001
0.055873016000000005,-0.091218344
0.054798532000000004,-0.09034335200000002
0.053724056000000006,-0.09165584000000002
0.052649572000000006,-0.09012460000000001
0.051575092,-0.09012460000000001
0.050500608,-0.090780848
0.049426128,-0.08924960000000001
0.048351648000000004,-0.08968709600000001
0.047277168,-0.089905856
0.046202684,-0.088812104
0.045128204000000005,-0.089030856
0.044053724,-0.089030856
0.04297924,-0.08793711200000001
0.041904764000000004,-0.08837460800000001
0.040830280000000004,-0.087499616
0.0397558,-0.086843368
0.038681316,-0.08771836
0.037606836000000005,-0.086843368
0.036532356,-0.08640587200000001
0.035457876,-0.086843368
0.034383392,-0.08531212
0.033308912,-0.085968368
0.03223443,-0.08618711200000001
0.031159950000000002,-0.08465587200000001
0.030085470000000003,-0.08553087200000001
0.029010988,-0.08487462400000001
0.027936508000000002,-0.08399963200000002
0.026862028000000003,-0.08465587200000001
0.025787546,-0.08421837600000001
0.024713064,-0.083562128
0.023638584,-0.08421837600000001
0.022564102000000003,-0.08290588800000001
0.02148962,-0.08290588800000001
0.020415140000000002,-0.083124632
0.019340658,-0.082468384
0.018266178,-0.082468384
0.017191696,-0.082468384
0.016117215,-0.08093714400000002
0.015042735000000002,-0.081593384
0.013968254000000001,-0.08115588800000001
0.012893773,-0.08028088800000001
0.011819292,-0.08115588800000001
0.01074481,-0.08028088800000001
0.009670329,-0.07984340000000001
0.008595848,-0.08049964
0.007521367,-0.07918714400000001
0.006446886000000001,-0.07896840000000001
0.005372405,-0.079405896
0.004297924,-0.07787465600000001
0.0032234430000000003,-0.078312152
0.002148962,-0.078312152
0.001074481,-0.07699965600000001
0.0,-0.07743716
-0.001074481,-0.07743716
-0.002148962,-0.07656216
-0.0032234430000000003,-0.077218408
-0.004297924,-0.07634341600000001
-0.005372405,-0.07568716
-0.006446886000000001,-0.07656216
-0.007521367,-0.07568716
-0.008595848,-0.07503092
-0.009670329,-0.076124664
-0.01074481,-0.074374672
-0.011819292,-0.07503092
-0.012893773,-0.07524966400000001
-0.013968254000000001,-0.07328092000000001
-0.015042735000000002,-0.07459341600000001
-0.016117215,-0.073718424
-0.017191696,-0.07328092000000001
-0.018266178,-0.073499672
-0.019340658,-0.072843432
-0.020415140000000002,-0.072187176
-0.02148962,-0.073499672
-0.022564102000000003,-0.071968432
-0.023638584,-0.07174968000000001
-0.024713064,-0.07240592800000001
-0.025787546,-0.07109343200000001
-0.026862028000000003,-0.07109343200000001
-0.027936508000000002,-0.071530936
-0.029010988,-0.070655936
-0.030085470000000003,-0.070874688
-0.031159950000000002,-0.070655936
-0.03223443,-0.06956219200000001
-0.033308912,-0.070655936
-0.034383392,-0.06956219200000001
-0.035457876,-0.06934344800000002
-0.036532356,-0.069999688
-0.037606836000000005,-0.06846844800000002
-0.038681316,-0.06868719200000001
-0.0397558,-0.06890594400000001
-0.040830280000000004,-0.0678122
-0.041904764000000004,-0.06846844800000002
-0.04297924,-0.06868719200000001
-0.044053724,-0.067155952
-0.045128204000000005,-0.068249696
-0.046202684,-0.0678122
-0.047277168,-0.066499704
-0.048351648000000004,-0.06737470400000001
-0.049426128,-0.067155952
-0.050500608,-0.066499704
-0.051575092,-0.06737470400000001
-0.052649572000000006,-0.066499704
-0.053724056000000006,-0.065624704
-0.054798532000000004,-0.066499704
-0.055873016000000005,-0.065624704
-0.056947496,-0.06584346
-0.058021976,-0.065624704
-0.05909646,-0.06431221200000001
-0.060170940000000006,-0.06518721200000001
-0.06124542,-0.06518721200000001
-0.062319900000000004,-0.064093464
-0.063394384,-0.064968464
-0.06446886,-0.06387471600000001
-0.065543348,-0.06343722
-0.066617824,-0.06453096000000001
-0.067692312,-0.06343722
-0.068766784,-0.06299972
-0.069841264,-0.06387471600000001
-0.070915752,-0.06299972
-0.071990232,-0.06299972
-0.073064712,-0.06365596800000001
-0.074139192,-0.06212472
-0.07521367200000001,-0.06299972
-0.07628816000000001,-0.062780972
-0.077362632,-0.06146848
-0.07843712,-0.062562224
-0.0795116,-0.06168722800000001
-0.08058607200000001,-0.06168722800000001
-0.08166056000000001,-0.062562224
-0.08273504000000001,-0.061249732
-0.08380952800000001,-0.06081222800000001
-0.084884,-0.061905976
-0.08595848,-0.06059348
-0.087032968,-0.06103097600000001
-0.088107448,-0.061249732
-0.08918192800000001,-0.06059348
-0.09025640800000001,-0.06081222800000001
-0.09133089600000001,-0.06059348
-0.092405368,-0.05993723200000001
-0.093479848,-0.06081222800000001
-0.094554336,-0.06015598400000001
-0.095628816,-0.059718484
-0.09670329600000001,-0.06015598400000001
-0.09777777600000001,-0.059280988
-0.098852256,-0.058843488000000006
-0.099926736,-0.06015598400000001
-0.101001,-0.058843488000000006
-0.102075,-0.058405992000000004
-0.10314999999999999,-0.058843488000000006
-0.104224,-0.058405992000000004
-0.10529899999999999,-0.058187244
-0.106373,-0.058405992000000004
-0.107448,-0.058187244
-0.108522,-0.058843488000000006
-0.109597,-0.057749744
-0.11067099999999999,-0.057749744
-0.111746,-0.058187244
-0.11281999999999999,-0.057312244000000005
-0.113894,-0.057968492
-0.11496899999999999,-0.057749744
-0.116043,-0.057312244000000005
-0.117118,-0.05709349600000001
-0.11819199999999999,-0.057968492
-0.119267,-0.056874748
-0.12034099999999999,-0.056656
-0.121416,-0.057749744
-0.12248999999999999,-0.05599975200000001
-0.123565,-0.05709349600000001
-0.124639,-0.05599975200000001
-0.125714,-0.055124752000000006
-0.12678799999999998,-0.057312244000000005
-0.127863,-0.055562252000000006
-0.128937,-0.055343504
-0.130012,-0.056218500000000005
-0.13108599999999998,-0.055343504
-0.132161,-0.055562252000000006
-0.133235,-0.05599975200000001
-0.13430999999999998,-0.054906008000000006
-0.135384,-0.055562252000000006
-0.136459,-0.055124752000000006
-0.137533,-0.054468508000000006
-0.13860799999999998,-0.055343504
-0.139682,-0.05424976
-0.140757,-0.05424976
-0.14183099999999998,-0.05468726
-0.142905,-0.05381226
-0.14398,-0.05337476
-0.145054,-0.05468726
-0.14612899999999998,-0.054031012
-0.147203,-0.05359351200000001
-0.148278,-0.054468508000000006
-0.14935199999999998,-0.052937268
-0.150427,-0.054031012
-0.151501,-0.05337476
-0.152576,-0.05249976800000001
-0.15364999999999998,-0.05249976800000001
-0.154725,-0.05315601200000001
-0.155799,-0.05249976800000001
-0.15687399999999999,-0.052718516
-0.157948,-0.05249976800000001
-0.159023,-0.05249976800000001
-0.160097,-0.052937268
-0.16117199999999998,-0.051187276000000004
-0.162246,-0.051843520000000004
-0.163321,-0.05249976800000001
-0.16439499999999999,-0.051187276000000004
-0.16547,-0.05162476800000001
-0.166544,-0.05096852400000001
-0.167619,-0.05096852400000001
-0.16869299999999998,-0.051843520000000004
-0.169768,-0.05162476800000001
-0.170842,-0.05053102400000001
-0.17191599999999999,-0.051406020000000004
-0.172991,-0.050312276
-0.174065,-0.050312276
-0.17514,-0.050093528000000005
-0.17621399999999998,-0.050312276
-0.177289,-0.05053102400000001
-0.178363,-0.050312276
-0.179438,-0.050312276
-0.18051199999999998,-0.049656028000000005
-0.181587,-0.050312276
-0.182661,-0.049437284000000005
-0.18373599999999998,-0.050093528000000005
-0.18481,-0.049874776
-0.185885,-0.048781032
-0.186959,-0.049656028000000005
-0.18803399999999998,-0.048781032
-0.189108,-0.048781032
-0.190183,-0.049437284000000005
-0.19125699999999998,-0.048343536000000006
-0.192332,-0.048999784000000005
-0.193406,-0.048999784000000005
-0.194481,-0.048343536000000006
-0.19555499999999998,-0.049218532
-0.19663,-0.048999784000000005
-0.197704,-0.047249792000000006
-0.19877799999999998,-0.048124784000000004
-0.199853,-0.048781032
-0.19877799999999998,-0.043312308
-0.197704,-0.043093556000000005
-0.19663,-0.039812324
-0.19555499999999998,-0.040140444000000004
-0.194481,-0.040359196
-0.193406,-0.03871858
-0.192332,-0.039046700000000004
-0.19125699999999998,-0.03893732800000001
-0.190183,-0.036968588000000004
-0.189108,-0.03707796
-0.18803399999999998,-0.03751546
-0.186959,-0.036202964000000004
-0.185885,-0.036202964000000004
-0.18481,-0.036093588
-0.18373599999999998,-0.034999844
-0.182661,-0.035656092
-0.181587,-0.035656092
-0.18051199999999998,-0.03456234400000001
-0.179438,-0.035437344
-0.178363,-0.034015476
-0.177289,-0.034343596000000004
-0.17621399999999998,-0.03423422400000001
-0.17514,-0.03292173
-0.174065,-0.03346860200000001
-0.172991,-0.03346860200000001
-0.17191599999999999,-0.032156106000000004
-0.170842,-0.033687352000000004
-0.169768,-0.03292173
-0.16869299999999998,-0.03149986
-0.167619,-0.032265480000000006
-0.166544,-0.03160923400000001
-0.16547,-0.030843614000000005
-0.16439499999999999,-0.03149986
-0.163321,-0.030406114000000005
-0.162246,-0.030406114000000005
-0.16117199999999998,-0.03106236
-0.160097,-0.030077992000000005
-0.159023,-0.03160923400000001
-0.157948,-0.030843614000000005
-0.15687399999999999,-0.028874872
-0.155799,-0.030406114000000005
-0.154725,-0.029749868000000002
-0.15364999999999998,-0.029093622
-0.152576,-0.029093622
-0.151501,-0.028765498000000004
-0.150427,-0.028765498000000004
-0.14935199999999998,-0.029202996000000002
-0.148278,-0.028109250000000002
-0.147203,-0.027999876000000003
-0.14612899999999998,-0.028328
-0.145054,-0.02734363
-0.14398,-0.027234254000000003
-0.142905,-0.028218626000000004
-0.14183099999999998,-0.02668738
-0.140757,-0.02712488
-0.139682,-0.02668738
-0.13860799999999998,-0.026031134000000004
-0.137533,-0.02690613
-0.136459,-0.026031134000000004
-0.135384,-0.025812384000000004
-0.13430999999999998,-0.02668738
-0.133235,-0.025593638000000002
-0.132161,-0.025703010000000002
-0.13108599999999998,-0.026359258
-0.130012,-0.025374888
-0.128937,-0.025703010000000002
-0.127863,-0.025812384000000004
-0.12678799999999998,-0.024390516
-0.125714,-0.025265512000000004
-0.124639,-0.024718642000000002
-0.123565,-0.024281142000000002
-0.12248999999999999,-0.025265512000000004
-0.121416,-0.022968648
-0.12034099999999999,-0.023406146000000003
-0.119267,-0.024390516
-0.11819199999999999,-0.023406146000000003
-0.117118,-0.02351552
-0.116043,-0.023843644
-0.11496899999999999,-0.023078022
-0.113894,-0.023296772
-0.11281999999999999,-0.023734270000000002
-0.111746,0.004351181
-0.11067099999999999,0.0024583890000000005
-0.109597,0.002368789
-0.108522,0.0020943900000000002
-0.107448,0.00216159
-0.106373,0.002363189
-0.10529899999999999,0.0022119900000000005
-0.104224,0.002480789
-0.10314999999999999,0.002822387
-0.102075,0.0029119870000000004
-0.101001,0.003147186
-0.099926736,0.003410385
-0.098852256,0.0032199850000000003
-0.09777777600000001,0.003751983000000001
-0.09670329600000001,0.003931182000000001
-0.095628816,0.0038751830000000004
-0.094554336,0.004412780000000001
-0.093479848,0.004423980000000001
-0.092405368,0.00452478
-0.09133089600000001,0.004838378000000001
-0.09025640800000001,0.004888778000000001
-0.08918192800000001,0.004950378
-0.088107448,0.0053535760000000005
-0.087032968,0.0053367760000000005
-0.08595848,0.005594375
-0.084884,0.005891174000000001
-0.08380952800000001,0.005627975
-0.08273504000000001,0.005919174000000001
-0.08166056000000001,0.006148773000000001
-0.08058607200000001,0.006031173
-0.0795116,0.006344772000000001
-0.07843712,0.006299972
-0.077362632,0.006367172
-0.07628816000000001,0.0065463710000000005
-0.07521367200000001,0.0063391720000000006
-0.074139192,0.006585571000000001
-0.073064712,0.006770370000000001
-0.071990232,0.006462371000000001
-0.070915752,0.006731170000000001
-0.069841264,0.00682077
-0.068766784,0.006607971
-0.067692312,0.007044769
-0.066617824,0.006988769000000001
-0.065543348,0.006904769000000001
-0.06446886,0.0073527670000000005
-0.063394384,0.0073527670000000005
-0.062319900000000004,0.0074647670000000015
-0.06124542,0.007963164000000002
-0.060170940000000006,0.007744766000000001
-0.05909646,0.007946364000000001
-0.058021976,0.008276763000000001
-0.056947496,0.008153564000000002
-0.055873016000000005,0.008500763
-0.054798532000000004,0.008567963000000001
-0.053724056000000006,0.008528763
-0.052649572000000006,0.008825561
-0.051575092,0.008814361000000001
-0.050500608,0.008836761
-0.049426128,0.009256759000000002
-0.048351648000000004,0.00915596
-0.047277168,0.00903276
-0.046202684,0.009368758
-0.045128204000000005,0.00915596
-0.044053724,0.009351958000000002
-0.04297924,0.009559158
-0.041904764000000004,0.009385558
-0.040830280000000004,0.009559158
-0.0397558,0.009598358000000001
-0.038681316,0.009430359000000001
-0.037606836000000005,0.009687957
-0.036532356,0.009654357
-0.035457876,0.009503158000000001
-0.034383392,0.009766357000000002
-0.033308912,0.009990356
-0.03223443,0.009934357000000001
-0.031159950000000002,0.010281554
-0.030085470000000003,0.010085556
-0.029010988,0.010264754000000001
-0.027936508000000002,0.010606353
-0.026862028000000003,0.010432754
-0.025787546,0.010807953000000002
-0.024713064,0.010875152
-0.023638584,0.010729552
-0.022564102000000003,0.011015151
-0.02148962,0.011031951
-0.020415140000000002,0.010908752
-0.019340658,0.011339950000000001
-0.018266178,0.011317550000000001
-0.017191696,0.011311950000000001
-0.016117215,0.011608749000000002
-0.015042735000000002,0.011267151000000001
-0.013968254000000001,0.01139035
-0.012893773,0.011575149
-0.011819292,0.011339950000000001
-0.01074481,0.011580749000000001
-0.009670329,0.011687148000000001
-0.008595848,0.01137355
-0.007521367,0.011636748
-0.006446886000000001,0.011619949000000001
-0.005372405,0.01138475
-0.004297924,0.011659148000000001
-0.0032234430000000003,0.01136235
-0.002148962,0.011295151000000002
-0.001074481,0.011496749
0.0,0.011580749000000001
0.001074481,0.01135675
0.002148962,0.011608749000000002
0.0032234430000000003,0.01142955
0.004297924,0.011659148000000001
0.005372405,0.011821548000000001
0.006446886000000001,0.011715149000000001
0.007521367,0.012000747
0.008595848,0.011955947000000001
0.009670329,0.011883148
0.01074481,0.012247146
0.011819292,0.012163147000000001
0.012893773,0.012073547
0.013968254000000001,0.012392745
0.015042735000000002,0.012174347
0.016117215,0.012118346
0.017191696,0.012437545000000001
0.018266178,0.012213547
0.019340658,0.012387145
0.020415140000000002,0.012459945000000002
0.02148962,0.012135146000000001
0.022564102000000003,0.012364746000000001
0.023638584,0.012297546000000001
0.024713064,0.012079146
0.025787546,0.012297546000000001
0.026862028000000003,0.012179947
0.027936508000000002,0.011972747
0.029010988,0.012168747000000002
0.030085470000000003,0.011944747
0.031159950000000002,0.011871948
0.03223443,0.011978347000000002
0.033308912,0.011631148000000001
0.034383392,0.011905548
0.035457876,0.011916748000000001
0.036532356,0.011647948000000002
0.037606836000000005,0.011916748000000001
0.038681316,0.011911148000000002
0.0397558,0.011748749000000001
0.040830280000000004,0.012023147000000001
0.041904764000000004,0.011927947000000001
0.04297924,0.011821548000000001
0.044053724,0.012179947
0.045128204000000005,0.011955947000000001
0.046202684,0.011877548
0.047277168,0.012179947
0.048351648000000004,0.011888748000000001
0.049426128,0.011983947000000002
0.050500608,0.012140746000000001
0.051575092,0.011939147
0.052649572000000006,0.011995147000000001
0.053724056000000006,0.011967147000000001
0.054798532000000004,0.011759949
0.055873016000000005,0.012006347000000002
0.056947496,0.011877548
0.058021976,0.011731949
0.05909646,0.011894348
0.060170940000000006,0.011664748
0.06124542,0.011502349000000002
0.062319900000000004,0.011737549000000002
0.063394384,0.011519149000000001
0.06446886,0.011496749
0.065543348,0.011502349000000002
0.066617824,0.01122235
0.067692312,0.011300751000000001
0.068766784,0.01142955
0.069841264,0.011155151000000002
0.070915752,0.011328750000000002
0.071990232,0.011261551000000002
0.073064712,0.011295151000000002
0.074139192,0.011580749000000001
0.07521367200000001,0.011463150000000002
0.07628816000000001,0.011485549000000001
0.077362632,0.011692748000000001
0.07843712,0.011580749000000001
0.0795116,0.011692748000000001
0.08058607200000001,0.011793548000000001
0.08166056000000001,0.011687148000000001
0.08273504000000001,0.011899948
0.08380952800000001,0.011911148000000002
0.084884,0.011748749000000001
0.08595848,0.011983947000000002
0.087032968,0.011978347000000002
0.088107448,0.011922347
0.08918192800000001,0.012179947
0.09025640800000001,0.011955947000000001
0.09133089600000001,0.011894348
0.092405368,0.012101546000000001
0.093479848,0.011899948
0.094554336,0.012051147
0.095628816,0.012151946000000002
0.09670329600000001,0.011877548
0.09777777600000001,0.012090346
0.098852256,0.012023147000000001
0.099926736,0.011782348000000002
0.101001,0.012056747
0.102075,0.011905548
0.10314999999999999,0.011950347
0.104224,0.012168747000000002
0.10529899999999999,0.011978347000000002
0.106373,0.012000747
0.107448,0.012179947
0.108522,0.012179947
0.109597,0.012196747
0.11067099999999999,0.012392745
0.111746,0.012157547000000001
0.11281999999999999,0.012409545000000001
0.113894,0.012448745
0.11496899999999999,0.012219146
0.116043,0.012487945000000002
0.117118,0.012375945000000001
0.11819199999999999,0.012224746
0.119267,0.012471145000000001
0.12034099999999999,0.012370346
0.121416,0.012230346
0.12248999999999999,0.012347946000000002
0.123565,0.012168747000000002
0.124639,0.012191147000000001
0.125714,0.012207947
0.12678799999999998,0.012062347000000001
0.127863,0.012034347
0.128937,0.012039947
0.130012,0.011765548
0.13108599999999998,0.011866348
0.132161,0.011737549000000002
0.133235,0.011485549000000001
0.13430999999999998,0.011575149
0.135384,0.01136795
0.136459,0.01123915
0.137533,0.01145195
0.13860799999999998,0.011087951
0.139682,0.011143951000000001
0.140757,0.011199950000000002
0.14183099999999998,0.010987152000000002
0.142905,0.011160751000000002
0.14398,0.01118875
0.145054,0.010975952
0.14612899999999998,0.011082351
0.147203,0.011043151
0.148278,0.010914352
0.14935199999999998,0.010975952
0.150427,0.010768752000000001
0.151501,0.010701553
0.152576,0.010796753000000001
0.15364999999999998,0.010488754000000001
0.154725,0.010522354
0.155799,0.010651153000000002
0.15687399999999999,0.010365555
0.157948,0.010382355000000001
0.159023,0.010259154000000001
0.160097,0.009945556000000001
0.16117199999999998,0.010063156
0.162246,0.009906357000000001
0.163321,0.009682357
0.16439499999999999,0.009827956
0.16547,0.009542358
0.166544,0.009385558
0.167619,0.009458359000000001
0.16869299999999998,0.009088760000000001
0.169768,0.009027161
0.170842,0.00905516
0.17191599999999999,0.008870361
0.172991,0.008864761
0.174065,0.008859161
0.17514,0.008623962
0.17621399999999998,0.008747161
0.177289,0.008646362000000001
0.178363,0.008467162
0.179438,0.008646362000000001
0.18051199999999998,0.008511963
0.181587,0.008399963
0.182661,0.008528763
0.18373599999999998,0.008259963
0.18481,0.008293563
0.185885,0.008327163000000002
0.186959,0.008086364
0.18803399999999998,0.008131164000000001
0.189108,0.008142364000000001
0.190183,0.007828765000000001
0.19125699999999998,0.007940764000000001
0.192332,0.007800765000000001
0.193406,0.007531966
0.194481,0.0077223660000000005
0.19555499999999998,0.0074815670000000015
0.19663,0.007313568
0.197704,0.007403167
0.19877799999999998,0.007083969000000001
0.199853,0.007067169000000001
0.200927,0.007044769
0.202002,0.00678717
0.20307599999999998,0.00672557
0.204151,0.00664717
0.205225,0.006423171000000001
0.20629999999999998,0.0065463710000000005
0.207374,0.006400772000000001
0.208449,0.006243972
0.209523,0.006434371
0.21059799999999998,0.006283172
0.211672,0.006288772000000001
0.212747,0.006445571000000001
0.21382099999999998,0.006305572000000001
0.214896,0.006271972000000001
0.21597,0.006395172
0.217045,0.006277572
0.21811899999999998,0.006367172
0.219194,0.006423171000000001
0.220268,0.006288772000000001
0.22134299999999998,0.006400772000000001
0.222417,0.0063559720000000005
0.223492,0.006243972
0.224566,0.0064063720000000005
0.22564099999999998,0.006383972000000001
0.226715,0.006327972
0.227789,0.006423171000000001
0.22886399999999998,0.006288772000000001
0.22993799999999998,0.006344772000000001
0.231013,0.006501571
0.232087,0.006271972000000001
0.23316199999999998,0.006456771
0.234236,0.006462371000000001
0.235311,0.006294372
0.23638499999999998,0.006456771
0.23745999999999998,0.006445571000000001
0.238534,0.006378372
0.239609,0.006523971000000001
0.24068299999999998,0.006535171
0.241758,0.006540771
0.242832,0.00670877
0.24390699999999998,0.0067031700000000005
0.24498099999999998,0.00677597
0.246056,0.006977569
0.24713,0.006876769000000001
0.24820499999999998,0.0070559690000000005
0.249279,0.0071623680000000006
0.25035399999999997,0.007078369000000001
0.251428,0.007307968000000001
0.252503,0.007341567
0.253577,0.007319168000000001
0.254652,0.007498366000000001
0.255726,0.007548766
0.2568,0.007615967000000001
0.25787499999999997,0.007845565
0.258949,0.0077055660000000005
0.260024,0.007789565000000001
0.261098,0.008024764
0.262173,0.007951964
0.263247,0.008153564000000002
0.264322,0.008282363000000001
0.26539599999999997,0.008181564
0.266471,0.008394363
0.267545,0.008483962000000001
0.26861999999999997,0.008489563
0.269694,0.008719162
0.270769,0.008719162
0.271843,0.008691162
0.272918,0.008982361
0.273992,0.00894316
0.275067,0.009139160000000002
0.27614099999999997,0.009312759000000002
0.27721599999999996,0.009312759000000002
0.27829,0.009525558
0.279365,0.009715957
0.280439,0.009743957000000001
0.281514,0.010023956
0.282588,0.010197555
0.283663,0.010208755
0.28473699999999996,0.010488754000000001
0.285811,0.010578353
0.286886,0.010662353000000001
0.28796,0.010942352
0.289035,0.010975952
0.290109,0.011037551
0.291184,0.011267151000000001
0.29225799999999996,0.011351150000000003
0.293333,0.011485549000000001
0.294407,0.011670348
0.29548199999999997,0.011681548000000002
0.296556,0.011815948000000001
0.297631,0.011967147000000001
0.298705,0.011967147000000001
0.29978,0.012207947
0.300854,0.012207947
0.301929,0.012241546
0.30300299999999997,0.012420745
0.30407799999999996,0.012443145000000001
0.305152,0.012476745000000001
0.30622699999999997,0.012672745000000001
0.307301,0.012605544000000002
0.308376,0.012739944000000001
0.30945,0.012952743000000001
0.310525,0.012891143
0.31159899999999996,0.013059142000000001
0.312673,0.013199142
0.31374799999999997,0.013171142000000002
0.314822,0.013423141000000001
0.315897,0.013490340000000002
0.316971,0.013529540000000001
0.318046,0.01373674
0.31911999999999996,0.013775939000000001
0.320195,0.013865539000000001
0.32126899999999997,0.014033539000000001
0.32234399999999996,0.013983138
0.323418,0.014106338000000001
0.324493,0.014274337000000002
0.325567,0.014279937000000001
0.326642,0.014436736
0.327716,0.014487137000000002
0.328791,0.014414336
0.32986499999999996,0.014621536000000001
0.33094,0.014660735000000001
0.332014,0.014655135000000001
0.33308899999999997,0.014845534000000002
0.334163,0.014811934
0.335238,0.014890334000000002
0.336312,0.015002334
0.337387,0.014957534000000001
0.338461,0.015058334000000001
0.339536,0.015142334000000002
0.34060999999999997,0.015063933
0.341684,0.015203933
0.342759,0.015265533000000003
0.343833,0.015276733000000002
0.344908,0.015461531000000002
0.345982,0.015506331
0.347057,0.015534332000000001
0.34813099999999997,0.01575833
0.34920599999999996,0.015831131
0.35028,0.01587593
0.351355,0.016133529000000004
0.352429,0.016066329
0.353504,0.016273529000000002
0.354578,0.016413527
0.355653,0.016430328
0.35672699999999996,0.016637527000000003
0.357802,0.016721526
0.358876,0.016710326
0.35995099999999997,0.016917526000000002
0.361025,0.016979126
0.3621,0.017079926000000002
0.363174,0.017343122000000002
0.364249,0.017337524
0.365323,0.017387922
0.366398,0.017651122
0.36747199999999997,0.017623122
0.368546,0.017796720000000002
0.369621,0.017942322000000004
0.370695,0.017987122
0.37177,0.018138320000000003
0.372844,0.018239118
0.373919,0.018306318000000002
0.37499299999999997,0.018535918000000002
0.37606799999999996,0.018625518000000004
0.377142,0.018720718
0.37821699999999997,0.019011916
0.379291,0.019073516000000002
0.380366,0.019252716000000003
0.38144,0.019532714000000003
0.382515,0.019661514
0.38358899999999996,0.019851912000000003
0.384664,0.020131910000000003
0.38573799999999997,0.02026071
0.38681299999999996,0.02057991
0.387887,0.020803908000000003
0.388962,0.020910308000000002
0.390036,0.021268706000000002
0.391111,0.021487106000000002
0.392185,0.021638306000000003
0.39326,0.022030302
0.39433399999999996,0.022215102
0.39540899999999995,0.022500702
0.396483,0.0228031
0.397557,0.0230103
0.398632,0.023329496
0.399706,0.023699096000000003
0.400781,0.023889494
0.40185499999999996,0.024354292
0.40292999999999995,0.024684692000000005
0.404004,0.024987090000000003
0.40507899999999997,0.025429488000000004
0.406153,0.025782286
0.407228,0.026179884000000004
0.408302,0.026672684000000002
0.409377,0.02706468
0.41045099999999995,0.02756868
0.411526,0.028151076000000004
0.41259999999999997,0.028582274
0.41367499999999996,0.029147872000000002
0.414749,0.029808668
0.41582399999999997,0.030312668
0.416898,0.031007062000000002
0.417973,0.031763058000000004
0.419047,0.032446256
0.420122,0.033224652
0.42119599999999996,0.033963852
0.422271,0.034770248000000004
0.42334499999999997,0.035789440000000006
0.42441999999999996,0.036612636000000004
0.425494,0.037581432000000005
0.426568,0.03869022800000001
0.427643,0.039625428000000004
0.42871699999999996,0.04072302
0.429792,0.042005416000000004
0.43086599999999997,0.043069408
0.43194099999999996,0.044363004000000004
0.433015,0.045617396000000004
0.43409,0.046636592000000004
0.435164,0.047879792000000004
0.436239,0.048876584
0.437313,0.04968858
0.438388,0.046812292000000005
0.43946199999999996,0.048671660000000005
0.44053699999999996,0.050421652000000004
0.441611,0.052937268
0.44268599999999997,0.055234132000000005
0.44376,0.05753099600000001
0.444835,0.06015598400000001
0.445909,0.062562224
0.446984,0.065296584
0.44805799999999996,0.06879656800000002
0.449133,0.071530936
0.45020699999999997,0.07448404
0.45128199999999996,0.078312152
0.452356,0.08137464
0.45343,0.085202752
0.454505,0.08914023200000001
0.45557899999999996,0.092640216
0.456654,0.096905824
0.45772799999999997,0.101171
0.45880299999999996,0.104999
0.459877,0.10992099999999999
0.460952,0.11396799999999999
0.462026,0.11889
0.463101,0.12424899999999998
0.464175,0.128624
0.46525,0.133983
0.46632399999999996,0.139999
0.46739899999999995,0.144921
0.468473,0.15104599999999999
0.46954799999999997,0.157171
0.470622,0.162749
0.471697,0.169311
0.472771,0.17576399999999998
0.473846,0.181889
0.47491999999999995,0.189108
0.475995,0.19578
0.47706899999999997,0.202452
0.47814399999999996,0.20988900000000002
0.479218,0.21667
0.48029299999999997,0.224327
0.481367,0.232092
0.48244099999999995,0.23920199999999997
0.483516,0.24696700000000002
0.48458999999999997,0.25516999999999995
0.48566499999999996,0.26228
0.486739,0.270592
0.48781399999999997,0.278358
0.488888,0.286014
0.489963,0.29399800000000004
0.491037,0.301873
0.492112,0.309311
0.49318599999999996,0.317514
0.49426099999999995,0.324623
0.49533499999999997,0.33216999999999997
0.49640999999999996,0.339935
0.497484,0.346498
0.498559,0.354045
0.499633,0.361154
0.5007079999999999,0.367279
0.501782,0.37395100000000003
0.502857,0.380185
0.503931,0.38587299999999997
0.505006,0.392107
0.50608,0.397576
0.507155,0.402607
0.5082289999999999,0.407966
0.509304,0.412123
0.510378,0.416607
0.511452,0.421201
0.512527,0.42481
0.513601,0.42831
0.514676,0.431701
0.5157499999999999,0.43443499999999996
0.516825,0.43760699999999997
0.517899,0.43990399999999996
0.5189739999999999,0.441654
0.520048,0.44438799999999995
0.521123,0.445701
0.522197,0.446904
0.523272,0.448654
0.524346,0.44931
0.525421,0.449966
0.5264949999999999,0.450732
0.52757,0.45029399999999997
0.528644,0.451169
0.5297189999999999,0.450951
0.530793,0.450513
0.531868,0.450513
0.532942,0.45007600000000003
0.534017,0.448872
0.535091,0.448435
0.5361659999999999,0.447232
0.5372399999999999,0.44624800000000003
0.538314,0.445373
0.539389,0.443841
0.540463,0.44296599999999997
0.541538,0.44176299999999996
0.542612,0.439794
0.5436869999999999,0.438373
0.5447609999999999,0.437388
0.545836,0.435201
0.54691,0.43410699999999997
0.5479849999999999,0.432138
0.549059,0.43016899999999997
0.550134,0.42918500000000004
0.5512079999999999,0.427216
0.552283,0.425466
0.553357,0.424154
0.5544319999999999,0.422185
0.5555059999999999,0.420763
0.556581,0.41956
0.557655,0.417591
0.55873,0.41617
0.559804,0.41474799999999995
0.560879,0.412888
0.5619529999999999,0.41201299999999996
0.563028,0.410482
0.564102,0.408732
0.5651769999999999,0.407966
0.566251,0.406435
0.567326,0.404904
0.5684,0.404248
0.5694739999999999,0.402716
0.570549,0.401732
0.571623,0.400966
0.5726979999999999,0.399545
0.573772,0.39888799999999996
0.574847,0.398232
0.575921,0.397248
0.576996,0.39670099999999997
0.57807,0.39626300000000003
0.579145,0.39517
0.5802189999999999,0.39517
0.581294,0.394623
0.582368,0.394295
0.5834429999999999,0.394513
0.584517,0.394295
0.585592,0.394513
0.586666,0.39505999999999997
0.587741,0.395279
0.588815,0.396045
0.58989,0.397138
0.5909639999999999,0.397904
0.592039,0.399435
0.593113,0.400966
0.5941879999999999,0.40238799999999997
0.595262,0.404576
0.596336,0.406654
0.597411,0.408951
0.5984849999999999,0.412232
0.59956,0.415076
0.600634,0.418357
0.6017089999999999,0.42262299999999997
0.602783,0.42634099999999997
0.603858,0.430935
0.604932,0.435857
0.606007,0.440779
0.607081,0.44657600000000003
0.6081559999999999,0.45259099999999997
0.6092299999999999,0.458279
0.610305,0.465388
0.611379,0.472169
0.6124539999999999,0.479169
0.613528,0.487263
0.614603,0.49459099999999995
0.6156769999999999,0.5027940000000001
0.616752,0.511653
0.617826,0.519857
0.6189009999999999,0.529263
0.6199749999999999,0.538341
0.62105,0.5472
0.622124,0.5569350000000001
0.6231979999999999,0.566341
0.624273,0.575856
0.625347,0.585809
0.6264219999999999,0.595325
0.6274959999999999,0.604622
0.628571,0.614794
0.629645,0.624419
0.63072,0.634153
0.631794,0.643887
0.632869,0.652856
0.6339429999999999,0.662153
0.635018,0.6713399999999999
0.636092,0.679871
0.6371669999999999,0.689059
0.638241,0.6972619999999999
0.639316,0.7052459999999999
0.64039,0.7135589999999999
0.641465,0.720668
0.642539,0.728215
0.643614,0.735652
0.6446879999999999,0.741996
0.645763,0.748668
0.646837,0.7554489999999999
0.6479119999999999,0.761355
0.648986,0.76759
0.650061,0.7738240000000001
0.651135,0.779293
0.6522089999999999,0.785418
0.653284,0.791105
0.654358,0.796465
0.6554329999999999,0.80248
0.656507,0.807512
0.657582,0.812871
0.658656,0.818668
0.659731,0.823808
0.660805,0.8294959999999999
0.66188,0.835183
0.6629539999999999,0.840433
0.664029,0.8464489999999999
0.665103,0.852246
0.6661779999999999,0.857824
0.667252,0.863949
0.668327,0.869746
0.669401,0.875652
0.670476,0.8818860000000001
0.67155,0.8874639999999999
0.6726249999999999,0.8931520000000001
0.6736989999999999,0.899277
0.674774,0.904417
0.675848,0.909558
0.6769229999999999,0.914589
0.677997,0.9187449999999999
0.679072,0.922683
0.6801459999999999,0.926402
0.6812199999999999,0.928808
0.682295,0.9316519999999999
0.683369,0.932964
0.6844439999999999,0.933511
0.685518,0.933948
0.686593,0.932964
0.6876669999999999,0.931323
0.688742,0.929027
0.689816,0.92487
0.6908909999999999,0.920714
0.6919649999999999,0.915902
0.69304,0.90923
0.694114,0.9027769999999999
0.695189,0.895339
0.696263,0.8868079999999999
0.697338,0.878386
0.6984119999999999,0.86898
0.699487,0.858699
0.700561,0.8488549999999999
0.7016359999999999,0.837918
0.70271,0.826433
0.703785,0.815715
0.704859,0.804012
0.705934,0.792418
0.707008,0.781152
0.708083,0.769012
0.7091569999999999,0.757527
0.710231,0.746371
0.711306,0.734559
0.71238,0.723293
0.713455,0.712137
0.714529,0.700981
0.715604,0.6908089999999999
0.7166779999999999,0.679981
0.717753,0.669481
0.718827,0.660075
0.7199019999999999,0.650122
0.720976,0.640825
0.722051,0.632075
0.723125,0.622997
0.7242,0.614794
0.725274,0.606919
0.726349,0.598716
0.7274229999999999,0.5913879999999999
0.728498,0.5843879999999999
0.729572,0.577059
0.7306469999999999,0.5708249999999999
0.731721,0.564481
0.732796,0.5580280000000001
0.7338699999999999,0.55245
0.734945,0.546872
0.736019,0.5415129999999999
0.737093,0.5367
0.7381679999999999,0.53145
0.739242,0.527075
0.740317,0.5230279999999999
0.7413909999999999,0.518435
0.742466,0.514497
0.74354,0.510669
0.7446149999999999,0.506622
0.7456889999999999,0.503669
0.746764,0.50006
0.747838,0.496779
0.7489129999999999,0.4943719999999999
0.749987,0.491091
0.751062,0.48835700000000004
0.7521359999999999,0.486169
0.753211,0.48332499999999995
0.754285,0.481138
0.7553599999999999,0.479388
0.7564339999999999,0.47665399999999997
0.757509,0.475013
0.758583,0.47293499999999994
0.7596579999999999,0.470966
0.760732,0.46965399999999996
0.761807,0.468013
0.7628809999999999,0.466372
0.7639549999999999,0.465169
0.76503,0.46374699999999996
0.766104,0.462435
0.7671789999999999,0.46156
0.768253,0.46024699999999996
0.769328,0.459154
0.7704019999999999,0.458388
0.771477,0.457294
0.772551,0.456638
0.7736259999999999,0.45587199999999994
0.7746999999999999,0.454888
0.775775,0.454888
0.776849,0.454013
0.777924,0.45324699999999996
0.778998,0.45291899999999996
0.780073,0.452482
0.7811469999999999,0.451935
0.782222,0.451935
0.783296,0.451169
0.7843709999999999,0.450951
0.785445,0.45106
0.78652,0.450404
0.787594,0.45029399999999997
0.788669,0.450185
0.789743,0.449857
0.7908179999999999,0.45007600000000003
0.7918919999999999,0.45007600000000003
0.792967,0.449747
0.794041,0.449966
0.795115,0.449966
0.79619,0.449747
0.797264,0.450185
0.7983389999999999,0.449857
0.7994129999999999,0.449966
0.800488,0.450185
0.801562,0.449966
0.8026369999999999,0.450404
0.803711,0.450185
0.804786,0.450185
0.8058599999999999,0.450513
0.806935,0.450841
0.808009,0.450513
0.8090839999999999,0.450951
0.8101579999999999,0.450951
0.811233,0.450841
0.812307,0.45138799999999996
0.8133819999999999,0.450951
0.814456,0.45138799999999996
0.815531,0.45149700000000004
0.8166049999999999,0.451279
0.81768,0.451607
0.818754,0.45171599999999995
0.8198289999999999,0.45149700000000004
0.8209029999999999,0.451935
0.821978,0.452154
0.823052,0.45171599999999995
0.8241259999999999,0.452154
0.825201,0.45204399999999995
0.826275,0.451826
0.8273499999999999,0.452154
0.8284239999999999,0.451826
0.829499,0.451826
0.830573,0.451826
0.8316479999999999,0.45149700000000004
0.832722,0.45138799999999996
0.833797,0.45138799999999996
0.8348709999999999,0.450841
0.835946,0.450951
0.83702,0.450841
0.8380949999999999,0.45029399999999997
0.8391689999999999,0.45029399999999997
0.840244,0.449966
0.841318,0.44941899999999996
0.842393,0.449529
0.843467,0.448654
0.844542,0.44854399999999994
0.8456159999999999,0.44821599999999995
0.846691,0.447451
0.847765,0.447123
0.8488399999999999,0.446685
0.849914,0.446029
0.850988,0.445482
0.852063,0.44526299999999996
0.8531369999999999,0.444279
0.854212,0.44405999999999995
0.855286,0.443185
0.8563609999999999,0.442638
0.857435,0.442201
0.85851,0.441216
0.859584,0.44088799999999995
0.860659,0.440451
0.861733,0.439248
0.8628079999999999,0.43881
0.8638819999999999,0.438044
0.864957,0.43705999999999995
0.866031,0.43673199999999995
0.8671059999999999,0.435857
0.86818,0.434763
0.869255,0.434326
0.8703289999999999,0.433451
0.871404,0.432466
0.872478,0.432138
0.8735529999999999,0.431044
0.8746269999999999,0.43016899999999997
0.875702,0.42984100000000003
0.876776,0.42874799999999996
0.8778499999999999,0.428091
0.878925,0.427435
0.879999,0.42634099999999997
0.8810739999999999,0.42590399999999995
0.8821479999999999,0.42524799999999996
0.883223,0.424154
0.884297,0.423607
0.8853719999999999,0.42262299999999997
0.886446,0.42185700000000004
0.887521,0.421419
0.8885949999999999,0.420544
0.88967,0.419998
0.890744,0.41945099999999996
0.8918189999999999,0.418357
0.8928929999999999,0.41802900000000004
0.893968,0.417373
0.895042,0.416388
0.8961169999999999,0.41606
0.897191,0.415404
0.898266,0.414529
0.8993399999999999,0.41441999999999996
0.900415,0.413763
0.901489,0.413107
0.9025639999999999,0.412779
0.9036379999999999,0.412123
0.904713,0.41168499999999997
0.905787,0.411357
0.9068609999999999,0.41081
0.907936,0.410482
0.90901,0.410263
0.9100849999999999,0.40949800000000003
0.9111589999999999,0.409279
0.912234,0.40884099999999995
0.913308,0.40851299999999996
0.914383,0.408404
0.915457,0.408076
0.916532,0.407638
0.9176059999999999,0.407748
0.918681,0.40742
0.919755,0.407091
0.9208299999999999,0.407091
0.921904,0.406763
0.922979,0.406763
0.924053,0.406763
0.925128,0.406435
0.926202,0.406654
0.9272769999999999,0.406763
0.9283509999999999,0.406545
0.929426,0.406982
0.9305,0.406873
0.9315749999999999,0.406982
0.932649,0.407201
0.933724,0.407201
0.9347979999999999,0.407529
0.9358719999999999,0.40785699999999997
0.936947,0.407748
0.938021,0.40829499999999996
0.9390959999999999,0.408623
0.94017,0.408732
0.941245,0.409935
0.9423189999999999,0.403263
0.943394,0.398779
0.944468,0.395826
0.9455429999999999,0.39123199999999997
0.9466169999999999,0.38893500000000003
0.947692,0.386638
0.948766,0.383029
0.9498409999999999,0.381935
0.950915,0.379638
0.95199,0.377013
0.9530639999999999,0.376467
0.954139,0.37384199999999995
0.955213,0.371873
0.9562879999999999,0.371326
0.9573619999999999,0.368701
0.958437,0.367388
0.959511,0.36684199999999995
0.9605859999999999,0.363998
0.96166,0.36356
0.962735,0.362248
0.9638089999999999,0.359951
0.9648829999999999,0.359623
0.965958,0.358201
0.967032,0.356014
0.9681069999999999,0.356123
0.969181,0.354045
0.970256,0.35262299999999996
0.9713299999999999,0.35262299999999996
0.972405,0.35032599999999997
0.973479,0.349342
0.9745539999999999,0.349232
0.9756279999999999,0.34682599999999997
0.976703,0.346498
0.977777,0.34595099999999995
0.9788519999999999,0.343435
0.979926,0.343764
0.9810009999999999,0.34245099999999995
0.9820749999999999,0.340701
0.98315,0.341029
0.984224,0.33916999999999997
0.9852989999999999,0.33796699999999996
0.9863729999999999,0.33829499999999996
0.987448,0.336107
0.9885219999999999,0.335451
0.989597,0.335451
0.990671,0.33337300000000003
0.991745,0.333154
0.9928199999999999,0.332607
0.9938939999999999,0.330529
0.994969,0.33096699999999996
0.9960429999999999,0.329873
0.997118,0.32823199999999997
0.998192,0.328779
0.9992669999999999,0.32724800000000004
1.000341,0.326154
1.0014159999999999,0.326701
1.0024899999999999,0.32473199999999997
1.003565,0.324186
1.004639,0.324295
1.005714,0.322436
1.006788,0.322436
1.007863,0.322107
1.008937,0.32013899999999995
1.010012,0.32068599999999997
1.011086,0.320029
1.0121609999999999,0.318279
1.0132349999999999,0.319045
1.01431,0.317623
1.015384,0.316639
1.016459,0.31740399999999996
1.017533,0.315654
1.018608,0.31510699999999997
1.019682,0.315436
1.020756,0.313686
1.021831,0.31390399999999996
1.022905,0.31357599999999997
1.02398,0.311717
1.025054,0.312373
1.0261289999999998,0.311717
1.0272029999999999,0.310186
1.028278,0.31106100000000003
1.029352,0.309857
1.030427,0.308983
1.031501,0.30974799999999997
1.032576,0.307998
1.03365,0.30756100000000003
1.034725,0.308108
1.035799,0.306358
1.0368739999999999,0.30657599999999996
1.0379479999999999,0.30657599999999996
1.039023,0.304936
1.040097,0.305483
1.041172,0.305045
1.042246,0.303514
1.043321,0.304498
1.044395,0.303295
1.04547,0.30241999999999997
1.046544,0.303295
1.047618,0.301764
1.0486929999999999,0.301436
1.049767,0.30209199999999997
1.050842,0.300342
1.0519159999999999,0.30067
1.052991,0.300561
1.054065,0.299029
1.05514,0.299686
1.056214,0.29924799999999996
1.057289,0.297936
1.058363,0.298811
1.0594379999999999,0.297717
1.060512,0.296842
1.061587,0.29782600000000004
1.0626609999999999,0.296404
1.063736,0.296076
1.06481,0.296733
1.065885,0.29509199999999997
1.066959,0.29541999999999996
1.068034,0.295529
1.069108,0.29399800000000004
1.0701829999999999,0.29476399999999997
1.071257,0.294217
1.0723319999999998,0.293123
1.0734059999999999,0.29399800000000004
1.074481,0.293123
1.075555,0.292248
1.076629,0.293123
1.077704,0.291811
1.078778,0.291483
1.079853,0.292358
1.080927,0.290608
1.082002,0.290936
1.083076,0.291154
1.0841509999999999,0.289514
1.0852249999999999,0.290389
1.0863,0.289951
1.0873739999999998,0.288748
1.088449,0.289733
1.089523,0.288748
1.090598,0.28809199999999996
1.091672,0.289076
1.092747,0.287654
1.093821,0.28743599999999997
1.0948959999999999,0.28809199999999996
1.0959699999999999,0.28656099999999995
1.097045,0.287108
1.0981189999999998,0.287108
1.099194,0.285795
1.100268,0.28656099999999995
1.101343,0.286123
1.102417,0.284811
1.103492,0.286123
1.104566,0.285029
1.1056409999999999,0.28426399999999996
1.106715,0.285358
1.107789,0.284045
1.1088639999999998,0.28393599999999997
1.1099379999999999,0.284592
1.111013,0.28317000000000003
1.112087,0.283498
1.113162,0.283717
1.114236,0.282186
1.115311,0.28306099999999995
1.116385,0.282951
1.11746,0.28142
1.118534,0.28273299999999996
1.1196089999999999,0.281748
1.1206829999999999,0.280983
1.121758,0.282076
1.122832,0.28076399999999996
1.123907,0.280655
1.124981,0.28142
1.126056,0.279889
1.12713,0.28043599999999996
1.128205,0.280655
1.129279,0.279123
1.1303539999999999,0.279998
1.1314279999999999,0.27978
1.132503,0.278467
1.133577,0.27956099999999995
1.134652,0.278686
1.135726,0.27792
1.1368,0.27901400000000004
1.137875,0.277811
1.138949,0.277592
1.140024,0.278358
1.141098,0.27693599999999996
1.1421729999999999,0.277483
1.143247,0.277701
1.1443219999999998,0.27627999999999997
1.1453959999999999,0.277045
1.146471,0.276826
1.147545,0.275623
1.14862,0.276717
1.149694,0.275951
1.150769,0.275295
1.151843,0.27627999999999997
1.1529179999999999,0.275076
1.153992,0.274967
1.1550669999999998,0.27573299999999995
1.1561409999999999,0.274201
1.157216,0.274639
1.15829,0.275076
1.159365,0.273764
1.160439,0.27453
1.161514,0.274201
1.162588,0.272998
1.163663,0.274201
1.164737,0.273436
1.165811,0.272561
1.1668859999999999,0.273873
1.1679599999999999,0.272561
1.169035,0.272561
1.1701089999999998,0.27332599999999996
1.171184,0.27168600000000004
1.172258,0.272123
1.173333,0.272561
1.174407,0.271139
1.175482,0.27201400000000003
1.176556,0.27190499999999995
1.1776309999999999,0.27070099999999997
1.178705,0.27190499999999995
1.17978,0.27092
1.1808539999999998,0.270264
1.181929,0.271358
1.183003,0.270264
1.184078,0.270045
1.185152,0.27103
1.186227,0.269608
1.187301,0.269936
1.1883759999999999,0.270373
1.18945,0.268842
1.190525,0.26982599999999995
1.1915989999999999,0.269717
1.1926729999999999,0.26840499999999995
1.193748,0.26949799999999996
1.194822,0.268951
1.195897,0.26818600000000004
1.196971,0.269389
1.198046,0.26818600000000004
1.19912,0.267967
1.200195,0.268951
1.201269,0.26742
1.2023439999999999,0.26785800000000004
1.2034179999999999,0.268295
1.204493,0.266764
1.205567,0.267748
1.206642,0.26753
1.207716,0.266217
1.208791,0.267639
1.209865,0.266983
1.21094,0.266217
1.212014,0.267092
1.2130889999999999,0.266108
1.2141629999999999,0.265889
1.215238,0.26687299999999997
1.2163119999999998,0.265451
1.217387,0.26577999999999996
1.218461,0.266436
1.219535,0.264905
1.22061,0.26577999999999996
1.221684,0.26577999999999996
1.222759,0.264467
1.223833,0.26566999999999996
1.2249079999999999,0.264905
1.225982,0.264248
1.2270569999999998,0.265342
1.2281309999999999,0.26435800000000004
1.229206,0.26392
1.23028,0.265123
1.231355,0.26370099999999996
1.232429,0.26392
1.233504,0.264467
1.234578,0.26315500000000003
1.235653,0.26392
1.236727,0.263811
1.2378019999999998,0.262608
1.2388759999999999,0.263811
1.239951,0.26315500000000003
1.241025,0.26249799999999995
1.2421,0.26370099999999996
1.243174,0.262389
1.244249,0.26228
1.245323,0.263264
1.246397,0.261733
1.247472,0.26228
1.248546,0.26282599999999995
1.2496209999999999,0.261405
1.250695,0.262061
1.25177,0.262061
1.2528439999999998,0.260967
1.253919,0.262061
1.254993,0.261405
1.256068,0.260748
1.257142,0.262061
1.258217,0.260748
1.259291,0.260639
1.2603659999999999,0.261623
1.26144,0.260311
1.262515,0.260639
1.2635889999999999,0.26118600000000003
1.264664,0.259764
1.265738,0.260639
1.266813,0.260639
1.267887,0.259217
1.268962,0.260311
1.270036,0.25987299999999997
1.2711109999999999,0.259108
1.272185,0.260311
1.273259,0.259326
1.2743339999999999,0.25899799999999995
1.2754079999999999,0.259983
1.276483,0.258561
1.2775569999999998,0.25899799999999995
1.278632,0.259764
1.279706,0.258123
1.280781,0.258889
1.281855,0.259108
1.28293,0.257905
1.284004,0.25899799999999995
1.2850789999999999,0.25845100000000004
1.2861529999999999,0.257576
1.287228,0.258889
1.2883019999999998,0.257795
1.289377,0.257467
1.290451,0.258561
1.291526,0.257139
1.2926,0.257576
1.293675,0.25801399999999997
1.294749,0.256701
1.2958239999999999,0.257467
1.2968979999999999,0.257576
1.297973,0.256264
1.2990469999999998,0.257467
1.300122,0.25703000000000004
1.301196,0.256155
1.30227,0.257467
1.303345,0.25637299999999996
1.304419,0.25604499999999997
1.305494,0.257248
1.306568,0.255826
1.3076429999999999,0.25604499999999997
1.308717,0.256592
1.3097919999999998,0.255389
1.3108659999999999,0.25604499999999997
1.311941,0.256264
1.313015,0.25484199999999996
1.31409,0.256264
1.315164,0.25571699999999997
1.316239,0.254733
1.317313,0.25604499999999997
1.318388,0.254952
1.319462,0.25462300000000004
1.3205369999999998,0.255826
1.3216109999999999,0.25451399999999996
1.322686,0.254733
1.32376,0.255498
1.324835,0.253858
1.325909,0.25462300000000004
1.326984,0.254952
1.328058,0.25374800000000003
1.329133,0.25484199999999996
1.330207,0.254405
1.331281,0.253639
1.3323559999999999,0.25484199999999996
1.33343,0.25374800000000003
1.3345049999999998,0.25342
1.3355789999999998,0.25451399999999996
1.336654,0.253201
1.337728,0.25342
1.338803,0.254076
1.339877,0.25254499999999996
1.340952,0.25353000000000003
1.342026,0.25374800000000003
1.3431009999999999,0.252327
1.344175,0.25353000000000003
1.3452499999999998,0.253092
1.3463239999999999,0.25221699999999997
1.347399,0.25353000000000003
1.348473,0.25254499999999996
1.349548,0.25221699999999997
1.350622,0.253311
1.351697,0.251998
1.352771,0.252108
1.3538459999999999,0.252983
1.35492,0.251452
1.3559949999999998,0.252327
1.3570689999999999,0.25254499999999996
1.358144,0.25112300000000004
1.359218,0.252327
1.360293,0.251998
1.361367,0.25112300000000004
1.362441,0.252327
1.363516,0.25134199999999995
1.36459,0.250905
1.365665,0.252108
1.366739,0.250795
1.3678139999999999,0.25101399999999996
1.3688879999999999,0.251889
1.369963,0.250467
1.3710369999999998,0.25112300000000004
1.372112,0.25134199999999995
1.373186,0.250139
1.374261,0.251233
1.375335,0.250905
1.37641,0.249811
1.377484,0.25112300000000004
1.3785589999999999,0.250248
1.3796329999999999,0.249811
1.380708,0.25101399999999996
1.3817819999999998,0.24970200000000004
1.382857,0.24992
1.383931,0.25068599999999996
1.385006,0.24915500000000002
1.38608,0.25003
1.387155,0.250248
1.388229,0.24882700000000002
1.3893039999999999,0.250139
1.390378,0.24970200000000004
1.3914529999999998,0.24882700000000002
1.3925269999999998,0.25003
1.3936009999999999,0.249045
1.394676,0.248717
1.39575,0.24992
1.396825,0.248608
1.397899,0.24882700000000002
1.398974,0.24970200000000004
1.400048,0.24828
1.401123,0.248936
1.402197,0.249045
1.4032719999999999,0.24784199999999998
1.4043459999999999,0.248936
1.405421,0.248717
1.4064949999999998,0.247623
1.40757,0.248936
1.408644,0.24816999999999997
1.409719,0.24773299999999998
1.410793,0.24882700000000002
1.411868,0.247623
1.412942,0.247623
1.4140169999999999,0.24849799999999997
1.4150909999999999,0.24718599999999996
1.416166,0.24784199999999998
1.4172399999999998,0.24816999999999997
1.418315,0.24696700000000002
1.419389,0.24784199999999998
1.420463,0.24773299999999998
1.421538,0.24663900000000002
1.422612,0.24806099999999998
1.423687,0.24718599999999996
1.424761,0.24663900000000002
1.4258359999999999,0.24773299999999998
1.42691,0.246748
1.4279849999999998,0.246748
1.4290589999999999,0.24740499999999999
1.430134,0.246092
1.431208,0.24685799999999997
1.432283,0.24718599999999996
1.433357,0.245764
1.434432,0.24696700000000002
1.435506,0.246748
1.4365809999999999,0.245655
1.437655,0.24696700000000002
1.4387299999999998,0.24620199999999998
1.4398039999999999,0.245764
1.440879,0.24696700000000002
1.441953,0.245655
1.443028,0.245655
1.444102,0.246748
1.445177,0.245217
1.446251,0.24587299999999998
1.447325,0.24620199999999998
1.4484,0.244889
1.449474,0.245983
1.4505489999999999,0.245764
1.4516229999999999,0.24478
1.452698,0.245983
1.4537719999999998,0.245217
1.454847,0.24466999999999997
1.455921,0.245983
1.456996,0.24466999999999997
1.45807,0.24478
1.459145,0.245655
1.460219,0.24423299999999998
1.4612939999999999,0.244998
1.462368,0.24532700000000002
1.4634429999999998,0.24390499999999998
1.4645169999999998,0.245108
1.465592,0.24478
1.466666,0.24401399999999998
1.467741,0.245108
1.468815,0.24434199999999998
1.46989,0.24390499999999998
1.470964,0.244998
1.4720389999999999,0.243795
1.473113,0.24390499999999998
1.474187,0.24478
1.4752619999999999,0.24335799999999996
1.4763359999999999,0.24390499999999998
1.477411,0.244452
1.4784849999999998,0.24313900000000002
1.47956,0.24423299999999998
1.480634,0.24401399999999998
1.481709,0.24292
1.482783,0.24423299999999998
1.483858,0.24346700000000002
1.484932,0.24292
1.4860069999999999,0.24423299999999998
1.4870809999999999,0.24302999999999997
1.488156,0.24302999999999997
1.4892299999999998,0.24390499999999998
1.490305,0.242483
1.491379,0.24324800000000002
1.492454,0.243577
1.493528,0.242264
1.494603,0.24324800000000002
1.495677,0.24313900000000002
1.4967519999999999,0.242155
1.4978259999999999,0.24346700000000002
1.498901,0.24270199999999997
1.4999749999999998,0.24204499999999998
1.498901,0.24346700000000002
1.4978259999999999,0.242155
1.4967519999999999,0.242264
1.495677,0.24302999999999997
1.494603,0.241608
1.493528,0.242373
1.492454,0.24270199999999997
1.491379,0.24128
1.490305,0.242483
1.4892299999999998,0.242264
1.488156,0.24128
1.4870809999999999,0.242592
1.4860069999999999,0.241717
1.484932,0.24128
1.483858,0.242592
1.482783,0.24128
1.481709,0.241389
1.480634,0.242264
1.47956,0.240952
1.4784849999999998,0.241498
1.477411,0.241936
1.4763359999999999,0.24062299999999998
1.4752619999999999,0.241717
1.474187,0.241498
1.473113,0.24040499999999998
1.4720389999999999,0.241608
1.470964,0.240952
1.46989,0.24051399999999998
1.468815,0.241608
1.467741,0.24062299999999998
1.466666,0.24040499999999998
1.465592,0.241498
1.4645169999999998,0.24007699999999998
1.4634429999999998,0.24062299999999998
1.462368,0.24117
1.4612939999999999,0.239858
1.460219,0.240733
1.459145,0.24084199999999997
1.45807,0.23963900000000002
1.456996,0.240952
1.455921,0.24018599999999998
1.454847,0.23952999999999997
1.4537719999999998,0.240952
1.452698,0.23974800000000002
1.4516229999999999,0.23963900000000002
1.4505489999999999,0.24062299999999998
1.449474,0.23931100000000002
1.4484,0.239858
1.447325,0.24040499999999998
1.446251,0.239092
1.445177,0.239858
1.444102,0.239967
1.443028,0.23898300000000003
1.441953,0.24007699999999998
1.440879,0.23952999999999997
1.4398039999999999,0.23898300000000003
1.4387299999999998,0.24018599999999998
1.437655,0.239092
1.4365809999999999,0.23898300000000003
1.435506,0.239858
1.434432,0.238655
1.433357,0.23920199999999997
1.432283,0.23963900000000002
1.431208,0.23832699999999998
1.430134,0.23920199999999997
1.4290589999999999,0.23931100000000002
1.4279849999999998,0.23810800000000001
1.42691,0.23942000000000002
1.4258359999999999,0.238764
1.424761,0.23810800000000001
1.423687,0.23942000000000002
1.422612,0.23821699999999998
1.421538,0.23810800000000001
1.420463,0.23931100000000002
1.419389,0.237889
1.418315,0.238436
1.4172399999999998,0.23898300000000003
1.416166,0.237452
1.4150909999999999,0.238545
1.4140169999999999,0.238545
1.412942,0.237452
1.411868,0.238545
1.410793,0.23821699999999998
1.409719,0.23734199999999997
1.408644,0.238655
1.40757,0.23767
1.4064949999999998,0.237452
1.405421,0.238436
1.4043459999999999,0.237123
1.4032719999999999,0.237561
1.402197,0.23821699999999998
1.401123,0.236795
1.400048,0.23778
1.398974,0.237889
1.397899,0.236686
1.396825,0.237998
1.39575,0.237452
1.394676,0.236686
1.3936009999999999,0.23810800000000001
1.3925269999999998,0.23690499999999998
1.3914529999999998,0.236686
1.390378,0.237889
1.3893039999999999,0.23646699999999998
1.388229,0.23690499999999998
1.387155,0.237561
1.38608,0.236139
1.385006,0.237123
1.383931,0.237233
1.382857,0.23603
1.3817819999999998,0.237123
1.380708,0.236686
1.3796329999999999,0.23592
1.3785589999999999,0.23734199999999997
1.377484,0.23624799999999999
1.37641,0.23603
1.375335,0.237123
1.374261,0.23592
1.373186,0.23624799999999999
1.372112,0.23690499999999998
1.3710369999999998,0.235373
1.369963,0.23646699999999998
1.3688879999999999,0.23646699999999998
1.3678139999999999,0.235373
1.366739,0.23657699999999998
1.365665,0.236139
1.36459,0.235264
1.363516,0.236686
1.362441,0.235702
1.361367,0.235483
1.360293,0.23657699999999998
1.359218,0.235155
1.358144,0.235592
1.3570689999999999,0.23624799999999999
1.3559949999999998,0.23482699999999998
1.35492,0.235811
1.3538459999999999,0.235811
1.352771,0.234717
1.351697,0.23603
1.350622,0.235592
1.349548,0.234608
1.348473,0.23592
1.347399,0.234936
1.3463239999999999,0.23482699999999998
1.3452499999999998,0.23592
1.344175,0.23449799999999998
1.3431009999999999,0.234936
1.342026,0.235592
1.340952,0.23428000000000002
1.339877,0.235045
1.338803,0.235264
1.337728,0.234061
1.336654,0.235264
1.3355789999999998,0.23482699999999998
1.3345049999999998,0.234061
1.33343,0.235483
1.3323559999999999,0.23428000000000002
1.331281,0.234061
1.330207,0.235264
1.329133,0.233952
1.328058,0.23428000000000002
1.326984,0.234936
1.325909,0.233623
1.324835,0.234389
1.32376,0.234717
1.322686,0.233405
1.3216109999999999,0.234608
1.3205369999999998,0.23428000000000002
1.319462,0.233405
1.318388,0.23482699999999998
1.317313,0.233842
1.316239,0.233405
1.315164,0.234717
1.31409,0.233405
1.313015,0.233733
1.311941,0.23449799999999998
1.3108659999999999,0.23307699999999998
1.3097919999999998,0.233952
1.308717,0.233952
1.3076429999999999,0.232858
1.306568,0.234061
1.305494,0.233733
1.304419,0.23274799999999998
1.303345,0.23428000000000002
1.30227,0.233295
1.301196,0.232967
1.300122,0.23417
1.2990469999999998,0.232858
1.297973,0.232858
1.2968979999999999,0.233952
1.2958239999999999,0.232311
1.294749,0.233295
1.293675,0.23351399999999997
1.2926,0.232311
1.291526,0.233405
1.290451,0.232967
1.289377,0.232202
1.2883019999999998,0.233623
1.287228,0.23263899999999998
1.2861529999999999,0.232202
1.2850789999999999,0.233405
1.284004,0.232202
1.28293,0.23242
1.281855,0.233295
1.280781,0.231873
1.279706,0.23263899999999998
1.278632,0.232967
1.2775569999999998,0.231545
1.276483,0.232967
1.2754079999999999,0.23253000000000001
1.2743339999999999,0.231655
1.273259,0.232858
1.272185,0.231983
1.2711109999999999,0.23176399999999997
1.270036,0.232858
1.268962,0.231655
1.267887,0.23176399999999997
1.266813,0.23263899999999998
1.265738,0.231436
1.264664,0.232092
1.2635889999999999,0.23242
1.262515,0.23099799999999998
1.26144,0.232311
1.2603659999999999,0.231983
1.259291,0.23099799999999998
1.258217,0.232311
1.257142,0.231436
1.256068,0.231217
1.254993,0.232311
1.253919,0.231108
1.2528439999999998,0.231217
1.25177,0.232202
1.250695,0.23067
1.2496209999999999,0.231545
1.248546,0.231655
1.247472,0.230561
1.246397,0.231873
1.245323,0.23132699999999998
1.244249,0.23045200000000002
1.243174,0.23176399999999997
1.2421,0.230889
1.241025,0.230561
1.239951,0.231873
1.2388759999999999,0.230561
1.2378019999999998,0.23067
1.236727,0.231436
1.235653,0.230233
1.234578,0.23099799999999998
1.233504,0.231217
1.232429,0.230014
1.231355,0.231217
1.23028,0.230889
1.229206,0.229905
1.2281309999999999,0.231217
1.2270569999999998,0.23045200000000002
1.225982,0.230014
1.2249079999999999,0.231217
1.223833,0.230123
1.222759,0.230123
1.221684,0.231108
1.22061,0.229795
1.219535,0.230342
1.218461,0.23078
1.217387,0.229467
1.2163119999999998,0.23045200000000002
1.215238,0.23045200000000002
1.2141629999999999,0.229467
1.2130889999999999,0.23078
1.212014,0.230014
1.21094,0.229577
1.209865,0.23067
1.208791,0.229467
1.207716,0.229577
1.206642,0.23045200000000002
1.205567,0.22903
1.204493,0.229795
1.2034179999999999,0.230233
1.2023439999999999,0.22891999999999998
1.201269,0.230014
1.200195,0.229905
1.19912,0.22891999999999998
1.198046,0.230123
1.196971,0.229358
1.195897,0.22891999999999998
1.194822,0.230233
1.193748,0.22903
1.1926729999999999,0.229139
1.1915989999999999,0.229905
1.190525,0.22870200000000002
1.18945,0.229139
1.1883759999999999,0.229795
1.187301,0.228483
1.186227,0.22968599999999997
1.185152,0.22924799999999998
1.184078,0.228373
1.183003,0.22968599999999997
1.181929,0.22891999999999998
1.1808539999999998,0.228373
1.17978,0.22968599999999997
1.178705,0.228483
1.1776309999999999,0.228592
1.176556,0.229467
1.175482,0.228155
1.174407,0.228811
1.173333,0.22924799999999998
1.172258,0.22793599999999997
1.171184,0.22903
1.1701089999999998,0.22891999999999998
1.169035,0.22793599999999997
1.1679599999999999,0.229139
1.1668859999999999,0.228483
1.165811,0.228045
1.164737,0.229139
1.163663,0.228155
1.162588,0.228155
1.161514,0.22903
1.160439,0.22760799999999998
1.159365,0.228373
1.15829,0.22870200000000002
1.157216,0.227389
1.1561409999999999,0.228592
1.1550669999999998,0.228483
1.153992,0.227389
1.1529179999999999,0.22870200000000002
1.151843,0.22793599999999997
1.150769,0.22749799999999998
1.149694,0.22870200000000002
1.14862,0.22749799999999998
1.147545,0.227717
1.146471,0.228592
1.1453959999999999,0.22728
1.1443219999999998,0.227827
1.143247,0.228155
1.1421729999999999,0.22695200000000001
1.141098,0.228045
1.140024,0.22793599999999997
1.138949,0.22695200000000001
1.137875,0.228264
1.1368,0.22749799999999998
1.135726,0.22695200000000001
1.134652,0.228264
1.133577,0.22716999999999998
1.132503,0.22695200000000001
1.1314279999999999,0.228045
1.1303539999999999,0.226733
1.129279,0.22728
1.128205,0.227827
1.12713,0.226514
1.126056,0.227389
1.124981,0.22749799999999998
1.123907,0.226295
1.122832,0.22760799999999998
1.121758,0.22706099999999999
1.1206829999999999,0.226405
1.1196089999999999,0.22760799999999998
1.118534,0.226623
1.11746,0.226623
1.116385,0.22749799999999998
1.115311,0.226295
1.114236,0.226733
1.113162,0.227389
1.112087,0.22585799999999998
1.111013,0.22695200000000001
1.1099379999999999,0.22706099999999999
1.1088639999999998,0.225967
1.107789,0.22716999999999998
1.106715,0.226623
1.1056409999999999,0.22585799999999998
1.104566,0.22716999999999998
1.103492,0.226186
1.102417,0.226186
1.101343,0.22716999999999998
1.100268,0.22585799999999998
1.099194,0.226295
1.0981189999999998,0.22695200000000001
1.097045,0.22553
1.0959699999999999,0.226623
1.0948959999999999,0.226514
1.093821,0.22541999999999998
1.092747,0.226623
1.091672,0.226186
1.090598,0.22553
1.089523,0.226733
1.088449,0.225748
1.0873739999999998,0.225639
1.0863,0.226733
1.0852249999999999,0.22541999999999998
1.0841509999999999,0.22585799999999998
1.083076,0.226514
1.082002,0.225092
1.080927,0.226077
1.079853,0.226186
1.078778,0.224983
1.077704,0.226295
1.076629,0.225639
1.075555,0.225092
1.074481,0.226295
1.0734059999999999,0.225311
1.0723319999999998,0.225092
1.071257,0.226405
1.0701829999999999,0.225092
1.069108,0.22541999999999998
1.068034,0.226077
1.066959,0.224655
1.065885,0.22553
1.06481,0.225639
1.063736,0.224545
1.0626609999999999,0.225748
1.061587,0.225202
1.060512,0.224655
1.0594379999999999,0.22585799999999998
1.058363,0.22487300000000002
1.057289,0.224764
1.056214,0.22585799999999998
1.05514,0.224545
1.054065,0.224983
1.052991,0.22553
1.0519159999999999,0.224217
1.050842,0.225092
1.049767,0.22541999999999998
1.0486929999999999,0.22410799999999997
1.047618,0.225311
1.046544,0.224983
1.04547,0.22410799999999997
1.044395,0.22553
1.043321,0.224436
1.042246,0.224327
1.041172,0.22541999999999998
1.040097,0.22410799999999997
1.039023,0.224545
1.0379479999999999,0.225092
1.0368739999999999,0.22377999999999998
1.035799,0.224545
1.034725,0.224983
1.03365,0.213608
1.032576,0.21251399999999998
1.031501,0.20660799999999999
1.030427,0.200374
1.029352,0.194796
1.028278,0.189546
1.0272029999999999,0.183858
1.0261289999999998,0.17882699999999999
1.025054,0.173796
1.02398,0.168655
1.022905,0.16417099999999998
1.021831,0.159577
1.020756,0.15476399999999998
1.019682,0.150718
1.018608,0.146452
1.017533,0.142077
1.016459,0.138358
1.015384,0.13409300000000002
1.01431,0.130483
1.0132349999999999,0.12687400000000001
1.0121609999999999,0.12326499999999999
1.011086,0.11976499999999998
1.010012,0.116483
1.008937,0.113093
1.007863,0.10992099999999999
1.006788,0.106749
1.005714,0.103577
1.004639,0.100843
1.003565,0.09799956800000001
1.0024899999999999,0.09504644800000002
1.0014159999999999,0.09253084000000002
1.000341,0.08968709600000001
0.9992669999999999,0.087171488
0.998192,0.084765248
0.997118,0.082140264
0.9960429999999999,0.07995276800000001
0.994969,0.077655904
0.9938939999999999,0.07514029600000001
0.9928199999999999,0.07328092000000001
0.991745,0.071202808
0.990671,0.06901531200000001
0.989597,0.067265328
0.9885219999999999,0.06518721200000001
0.987448,0.063109092
0.9863729999999999,0.06168722800000001
0.9852989999999999,0.05960910800000001
0.984224,0.057968492
0.98315,0.056656
0.9820749999999999,0.054577884
0.9810009999999999,0.05315601200000001
0.979926,0.05162476800000001
0.9788519999999999,0.049984152000000004
0.977777,0.048671660000000005
0.976703,0.047577912
0.9756279999999999,0.045718548000000005
0.9745539999999999,0.04473417600000001
0.973479,0.043421684
0.972405,0.041890436
0.9713299999999999,0.041015444000000005
0.970256,0.039812324
0.969181,0.03849982800000001
0.9681069999999999,0.037734208000000005
0.967032,0.036421716
0.965958,0.035437344
0.9648829999999999,0.03467172400000001
0.9638089999999999,0.033359226
0.962735,0.032812352
0.96166,0.031937358000000006
0.9605859999999999,0.03073424
0.959511,0.030187366
0.958437,0.028984246
0.9573619999999999,0.028218626000000004
0.9562879999999999,0.027890502
0.955213,0.02668738
0.954139,0.026031134000000004
0.9530639999999999,0.025374888
0.95199,0.024609266
0.950915,0.023953018000000003
0.9498409999999999,0.023406146000000003
0.948766,0.022531150000000003
0.947692,0.022203026
0.9466169999999999,0.010270354
0.9455429999999999,0.015075133000000001
0.944468,0.016211928
0.943394,0.016122329
0.9423189999999999,0.015791930000000003
0.941245,0.015388733
0.94017,0.014823134000000002
0.9390959999999999,0.014431136
0.938021,0.013932738
0.936947,0.013434341
0.9358719999999999,0.013042342000000002
0.9347979999999999,0.012594344
0.933724,0.012157547000000001
0.932649,0.011838348000000002
0.9315749999999999,0.011379150000000001
0.9305,0.011015151
0.929426,0.010707153
0.9283509999999999,0.010259154000000001
0.9272769999999999,0.009939957000000001
0.926202,0.009626358000000002
0.925128,0.009189559
0.924053,0.008948761000000001
0.922979,0.008612762000000001
0.921904,0.008265563
0.9208299999999999,0.008002364000000001
0.919755,0.007660766000000001
0.918681,0.007375167
0.9176059999999999,0.007173568000000001
0.916532,0.0068487700000000006
0.915457,0.006557571000000001
0.914383,0.0064063720000000005
0.913308,0.0060535730000000005
0.912234,0.005840774000000001
0.9111589999999999,0.0056727750000000006
0.9100849999999999,0.0053703760000000005
0.90901,0.005219177
0.907936,0.005045578
0.9068609999999999,0.004726379
0.905787,0.00458638
0.904713,0.004395980000000001
0.9036379999999999,0.004199981
0.9025639999999999,0.004115982000000001
0.901489,0.003863983
0.900415,0.0036959830000000003
0.8993399999999999,0.0035895840000000003
0.898266,0.0033599850000000002
0.897191,0.0032759850000000004
0.8961169999999999,0.0031135860000000002
0.895042,0.0029231870000000003
0.893968,0.002861587
0.8928929999999999,0.0026655880000000004
0.8918189999999999,0.0024863890000000003
0.890744,0.002396789
0.88967,0.00222879
0.8885949999999999,0.002043991
0.887521,0.001971191
0.886446,0.001791992
0.8853719999999999,0.0016631920000000002
0.884297,0.0015791930000000002
0.883223,0.001394393
0.8821479999999999,0.0012935940000000001
0.8810739999999999,0.001237594
0.879999,0.0010303950000000001
0.878925,0.0009855950000000001
0.8778499999999999,0.0008679960000000001
0.876776,0.000699996
0.875702,0.000660797
0.8746269999999999,0.000531997
0.8735529999999999,0.00044239800000000004
0.872478,0.00042559800000000007
0.871404,0.000257598
0.8703289999999999,0.00016239900000000003
0.869255,0.00013439900000000003
0.86818,-1.1199951000000002e-05
0.8671059999999999,-5.0399780000000004e-05
0.866031,-0.00012319900000000002
0.864957,-0.000251998
0.8638819999999999,-0.00023519800000000002
0.8628079999999999,-0.00030799800000000003
0.861733,-0.00045359800000000004
0.860659,-0.000436798
0.859584,-0.000543197
0.85851,-0.000688796
0.857435,-0.0006495970000000001
0.8563609999999999,-0.000834396
0.855286,-0.0009015960000000001
0.854212,-0.0009183950000000001
0.8531369999999999,-0.001052795
0.852063,-0.0010863950000000002
0.850988,-0.0011535940000000002
0.849914,-0.0013159940000000002
0.8488399999999999,-0.001310394
0.847765,-0.0013495940000000002
0.846691,-0.001467193
0.8456159999999999,-0.0014895930000000002
0.844542,-0.0015959930000000002
0.843467,-0.001707992
0.842393,-0.0016463920000000002
0.841318,-0.0017695920000000002
0.840244,-0.0018311920000000001
0.8391689999999999,-0.001825592
0.8380949999999999,-0.001937591
0.83702,-0.0019655910000000005
0.835946,-0.0019599910000000003
0.8348709999999999,-0.00208879
0.833797,-0.0020999900000000004
0.832722,-0.00210559
0.8316479999999999,-0.0022511900000000006
0.830573,-0.0022063900000000003
0.829499,-0.00226239
0.8284239999999999,-0.002357589
0.8273499999999999,-0.0023071890000000003
0.826275,-0.002407989
0.825201,-0.002463989
0.8241259999999999,-0.0024247890000000005
0.823052,-0.002547988
0.821978,-0.0025983880000000005
0.8209029999999999,-0.0025871880000000002
0.8198289999999999,-0.0027327880000000003
0.818754,-0.0027719870000000005
0.81768,-0.002777587
0.8166049999999999,-0.0029063870000000003
0.815531,-0.0029119870000000004
0.814456,-0.0029623870000000004
0.8133819999999999,-0.0030911860000000005
0.812307,-0.0030127860000000004
0.811233,-0.0031359860000000003
0.8101579999999999,-0.003180786
0.8090839999999999,-0.003163986
0.808009,-0.0032927850000000003
0.806935,-0.0032927850000000003
0.8058599999999999,-0.0032983850000000005
0.804786,-0.0034495840000000003
0.803711,-0.003387985
0.8026369999999999,-0.003443984
0.801562,-0.0035223840000000004
0.800488,-0.0035111840000000005
0.7994129999999999,-0.0035447840000000005
0.7983389999999999,-0.0036343840000000005
0.797264,-0.003600784
0.79619,-0.0036791830000000004
0.795115,-0.0037127830000000003
0.794041,-0.0036791830000000004
0.792967,-0.0037575829999999997
0.7918919999999999,-0.003768783
0.7908179999999999,-0.003768783
0.789743,-0.003914382
0.788669,-0.0038751830000000004
0.787594,-0.003931182000000001
0.78652,-0.004059982
0.785445,-0.004020782
0.7843709999999999,-0.004082382
0.783296,-0.004183181
0.782222,-0.004149581
0.7811469999999999,-0.0042279810000000004
0.780073,-0.004317581000000001
0.778998,-0.004261581
0.777924,-0.00439038
0.776849,-0.00439038
0.775775,-0.00439038
0.7746999999999999,-0.00455278
0.7736259999999999,-0.00452478
0.772551,-0.00452478
0.771477,-0.004631179
0.7704019999999999,-0.00459198
0.769328,-0.004653579000000001
0.768253,-0.004726379
0.7671789999999999,-0.004698379
0.766104,-0.0047543789999999995
0.76503,-0.0048271780000000005
0.7639549999999999,-0.004787979
0.7628809999999999,-0.004871978
0.761807,-0.004883178
0.760732,-0.004832778
0.7596579999999999,-0.004972778000000001
0.758583,-0.004944778
0.757509,-0.004950378
0.7564339999999999,-0.0050399780000000005
0.7553599999999999,-0.005006378
0.754285,-0.005079177000000001
0.753211,-0.0051631770000000006
0.7521359999999999,-0.005129577000000001
0.751062,-0.0052303770000000005
0.749987,-0.0053367760000000005
0.7489129999999999,-0.005286376
0.747838,-0.005426376000000001
0.746764,-0.005465576000000001
0.7456889999999999,-0.005426376000000001
0.7446149999999999,-0.005577575
0.74354,-0.005555175000000001
0.742466,-0.005594375
0.7413909999999999,-0.005700775
0.740317,-0.005639175000000001
0.739242,-0.005751174
0.7381679999999999,-0.005823974000000001
0.737093,-0.005756774000000001
0.736019,-0.005874374
0.734945,-0.005930374
0.7338699999999999,-0.005874374
0.732796,-0.005963973
0.731721,-0.0060199730000000005
0.7306469999999999,-0.005991973
0.729572,-0.006098373000000001
0.728498,-0.006098373000000001
0.7274229999999999,-0.006109573
0.726349,-0.006215972
0.725274,-0.006154373
0.7242,-0.006187972000000001
0.723125,-0.006322372000000001
0.722051,-0.006255172000000001
0.720976,-0.006361572
0.7199019999999999,-0.006423171000000001
0.718827,-0.0064063720000000005
0.717753,-0.006523971000000001
0.7166779999999999,-0.006557571000000001
0.715604,-0.0065631710000000005
0.714529,-0.0066863700000000005
0.713455,-0.006742370000000001
0.71238,-0.006747970000000001
0.711306,-0.006882369
0.710231,-0.006843170000000001
0.7091569999999999,-0.006921569000000001
0.708083,-0.007011169000000001
0.707008,-0.0070055690000000006
0.705934,-0.007100768
0.704859,-0.007156768000000001
0.703785,-0.007117568000000001
0.70271,-0.007240768000000001
0.7016359999999999,-0.007296768
0.700561,-0.007246368
0.699487,-0.007380767
0.6984119999999999,-0.007391967
0.697338,-0.007391967
0.696263,-0.007526366
0.695189,-0.0074815670000000015
0.694114,-0.007548766
0.69304,-0.007627166000000001
0.6919649999999999,-0.007576767000000001
0.6908909999999999,-0.007666366
0.689816,-0.007727966
0.688742,-0.007716766000000001
0.6876669999999999,-0.007806365000000001
0.686593,-0.007862365
0.685518,-0.007856765
0.6844439999999999,-0.008019164
0.683369,-0.008019164
0.682295,-0.008058365000000001
0.6812199999999999,-0.008231964000000001
0.6801459999999999,-0.008209564
0.679072,-0.008287963
0.677997,-0.008422363
0.6769229999999999,-0.008377563000000001
0.675848,-0.008489563
0.674774,-0.008579162000000001
0.6736989999999999,-0.008562363
0.6726249999999999,-0.008696762
0.67155,-0.008780761000000002
0.670476,-0.008747161
0.669401,-0.00892076
0.668327,-0.008931960000000001
0.667252,-0.008954361000000001
0.6661779999999999,-0.009111160000000002
0.665103,-0.00907196
0.664029,-0.009122360000000001
0.6629539999999999,-0.009284759000000002
0.66188,-0.009223159
0.660805,-0.009357558000000002
0.659731,-0.009419159000000002
0.658656,-0.009402358
0.657582,-0.009525558
0.656507,-0.009575958
0.6554329999999999,-0.009564758000000001
0.654358,-0.009715957
0.653284,-0.009727157
0.6522089999999999,-0.009783157
0.651135,-0.009962356
0.650061,-0.009956756
0.648986,-0.010051956
0.6479119999999999,-0.010186355
0.646837,-0.010163955000000002
0.645763,-0.010292754000000001
0.6446879999999999,-0.010438354
0.643614,-0.010455154000000001
0.642539,-0.010578353
0.641465,-0.010651153000000002
0.64039,-0.010679153
0.639316,-0.010835953
0.638241,-0.010903152000000001
0.6371669999999999,-0.010970352000000001
0.636092,-0.011127151000000002
0.635018,-0.011138351000000001
0.6339429999999999,-0.011183150000000001
0.632869,-0.011379150000000001
0.631794,-0.011345550000000001
0.63072,-0.011496749
0.629645,-0.011586349000000001
0.628571,-0.011603149
0.6274959999999999,-0.011771148
0.6264219999999999,-0.011810348000000002
0.625347,-0.011855148
0.624273,-0.012017547000000002
0.6231979999999999,-0.012073547
0.622124,-0.012073547
0.62105,-0.012269546000000001
0.6199749999999999,-0.012303146000000001
0.6189009999999999,-0.012375945000000001
0.617826,-0.012577544000000001
0.616752,-0.012555144
0.6156769999999999,-0.012745544000000001
0.614603,-0.012902343
0.613528,-0.012907943
0.6124539999999999,-0.013120743
0.611379,-0.013238342
0.610305,-0.013288741000000001
0.6092299999999999,-0.013512740000000002
0.6081559999999999,-0.013568741
0.607081,-0.013658340000000001
0.606007,-0.013876739
0.604932,-0.013921538
0.603858,-0.014061538
0.602783,-0.014251937000000001
0.6017089999999999,-0.014279937000000001
0.600634,-0.014470337000000002
0.59956,-0.014638336000000002
0.5984849999999999,-0.014666335
0.597411,-0.014828734000000001
0.596336,-0.014991134000000001
0.595262,-0.015052733
0.5941879999999999,-0.015304732000000001
0.593113,-0.015399933000000001
0.592039,-0.015478332000000001
0.5909639999999999,-0.015685532000000002
0.58989,-0.015730331000000004
0.588815,-0.01588713
0.587741,-0.01609433
0.586666,-0.016172729
0.585592,-0.016323928
0.584517,-0.016531127000000003
0.5834429999999999,-0.016631927
0.582368,-0.016867126000000003
0.581294,-0.017035126
0.5802189999999999,-0.017091126
0.579145,-0.017393524
0.57807,-0.017578324
0.576996,-0.017690322
0.575921,-0.017998322
0.574847,-0.018054322
0.573772,-0.01826712
0.5726979999999999,-0.018530318
0.571623,-0.018631118000000002
0.570549,-0.018877516
0.5694739999999999,-0.019146314
0.5684,-0.019213514000000004
0.567326,-0.019504714000000003
0.566251,-0.019711912
0.5651769999999999,-0.019835114
0.564102,-0.020126312
0.563028,-0.020322312000000002
0.5619529999999999,-0.020479110000000002
0.560879,-0.02077591
0.559804,-0.020921508000000002
0.55873,-0.021151108000000002
0.557655,-0.021431106000000002
0.556581,-0.021593506000000002
0.5555059999999999,-0.021851104000000003
0.5544319999999999,-0.022103104000000002
0.553357,-0.022237502
0.552283,-0.022567902
0.5512079999999999,-0.0227919
0.550134,-0.0229543
0.549059,-0.023379898000000003
0.5479849999999999,-0.023553496
0.54691,-0.023783094
0.545836,-0.024186294000000004
0.5447609999999999,-0.024410292000000004
0.5436869999999999,-0.024695892000000004
0.542612,-0.025099088000000002
0.541538,-0.025306288
0.540463,-0.025653486
0.539389,-0.026028684000000003
0.538314,-0.026230286000000002
0.5372399999999999,-0.026605482
0.5361659999999999,-0.026975082
0.535091,-0.02722708
0.534017,-0.027635878000000003
0.532942,-0.027938278
0.531868,-0.028268676000000003
0.530793,-0.028750272000000004
0.5297189999999999,-0.029035872
0.528644,-0.029383072000000003
0.52757,-0.029819870000000002
0.5264949999999999,-0.030083066
0.525421,-0.030531066000000006
0.524346,-0.030956664000000002
0.523272,-0.031242264000000002
0.522197,-0.031718260000000005
0.521123,-0.032132658
0.520048,-0.03247985800000001
0.5189739999999999,-0.032995054
0.517899,-0.033370254
0.516825,-0.033767852
0.5157499999999999,-0.034299848
0.514676,-0.034747848000000005
0.513601,-0.035207044
0.512527,-0.035755844
0.511452,-0.036142240000000006
0.510378,-0.036702240000000004
0.509304,-0.037284636
0.5082289999999999,-0.037699036000000005
0.507155,-0.038309432000000004
0.50608,-0.038858228
0.505006,-0.039317428
0.503931,-0.039944624000000005
0.502857,-0.04043742
0.501782,-0.04091902
0.5007079999999999,-0.041579816
0.499633,-0.042078212000000004
0.498559,-0.042615812
0.497484,-0.043181408000000004
0.49640999999999996,-0.04365180800000001
0.49533499999999997,-0.044178204000000006
0.49426099999999995,-0.044727004
0.49318599999999996,-0.045113404
0.492112,-0.045639796
0.491037,-0.046115796
0.489963,-0.046446196
0.488888,-0.046905396
0.48781399999999997,-0.047291792000000006
0.486739,-0.047605388000000005
0.48566499999999996,-0.048036588000000005
0.48458999999999997,-0.048322188
0.483516,-0.04860218400000001
0.48244099999999995,-0.049038984
0.481367,-0.050202904000000007
0.48029299999999997,-0.05053102400000001
0.479218,-0.05162476800000001
0.47814399999999996,-0.052281016
0.47706899999999997,-0.053046640000000006
0.475995,-0.054468508000000006
0.47491999999999995,-0.055124752000000006
0.473846,-0.056109124
0.472771,-0.057312244000000005
0.471697,-0.057968492
0.470622,-0.059171612000000005
0.46954799999999997,-0.06059348
0.468473,-0.061249732
0.46739899999999995,-0.062452852
0.46632399999999996,-0.06387471600000001
0.46525,-0.06474971600000001
0.464175,-0.066390328
0.463101,-0.067155952
0.462026,-0.068359072
0.460952,-0.069999688
0.459877,-0.070984056
0.45880299999999996,-0.07251529599999999
0.45772799999999997,-0.07393717600000001
0.456654,-0.07524966400000001
0.45557899999999996,-0.07689028
0.454505,-0.07820277600000002
0.45343,-0.079624648
0.452356,-0.08126526400000002
0.45128199999999996,-0.08268712800000001
0.45020699999999997,-0.08421837600000001
0.449133,-0.08607774400000001
0.44805799999999996,-0.087827736
0.446984,-0.08924960000000001
0.445909,-0.09143709600000001
0.444835,-0.09285896000000002
0.44376,-0.094827704
0.44268599999999997,-0.096905824
0.441611,-0.09865580800000001
0.44053699999999996,-0.10073299999999999
0.43946199999999996,-0.102812
0.438388,-0.104452
0.437313,-0.107077
0.436239,-0.109374
0.435164,-0.111343
0.43409,-0.11396799999999999
0.433015,-0.116046
0.43194099999999996,-0.11812399999999999
0.43086599999999997,-0.12118600000000002
0.429792,-0.123483
0.42871699999999996,-0.125999
0.427643,-0.128952
0.426568,-0.13124899999999998
0.425494,-0.13409300000000002
0.42441999999999996,-0.137374
0.42334499999999997,-0.139999
0.422271,-0.143171
0.42119599999999996,-0.146343
0.420122,-0.14929599999999998
0.419047,-0.152796
0.417973,-0.156077
0.416898,-0.159358
0.41582399999999997,-0.163405
0.414749,-0.166686
0.41367499999999996,-0.170514
0.41259999999999997,-0.17478000000000002
0.411526,-0.17860800000000002
0.41045099999999995,-0.182874
0.409377,-0.18724899999999997
0.408302,-0.191514
0.407228,-0.196217
0.406153,-0.20103
0.40507899999999997,-0.205842
0.404004,-0.211202
0.40292999999999995,-0.216233
0.40185499999999996,-0.22170199999999998
0.400781,-0.227717
0.399706,-0.23307699999999998
0.398632,-0.23942000000000002
0.397557,-0.245764
0.396483,-0.252108
0.39540899999999995,-0.25899799999999995
0.39433399999999996,-0.266108
0.39326,-0.273217
0.392185,-0.280983
0.391111,-0.288748
0.390036,-0.296842
0.388962,-0.305592
0.387887,-0.314561
0.38681299999999996,-0.323748
0.38573799999999997,-0.333701
0.384664,-0.343435
0.38358899999999996,-0.354045
0.382515,-0.365529
0.38144,-0.376904
0.380366,-0.389045
0.379291,-0.401841
0.37821699999999997,-0.414966
0.377142,-0.429294
0.37606799999999996,-0.443841
0.37499299999999997,-0.45904399999999995
0.373919,-0.47556
0.372844,-0.49240399999999995
0.37177,-0.510232
0.370695,-0.529263
0.369621,-0.548731
0.368546,-0.569622
0.36747199999999997,-0.591934
0.366398,-0.614684
0.365323,-0.6394029999999999
0.364249,-0.6653249999999999
0.363174,-0.692121
0.3621,-0.720996
0.361025,-0.751293
0.35995099999999997,-0.782684
0.358876,-0.81648
0.357802,-0.8512609999999999
0.35672699999999996,-0.888011
0.355653,-0.9267299999999999
0.354578,-0.965995
0.353504,-1.009526
0.352429,-1.0528389999999999
0.351355,-1.097245
0.35028,-1.143619
0.34920599999999996,-1.191744
0.34813099999999997,-1.240744
0.347057,-1.291713
0.345982,-1.343994
0.344908,-1.397368
0.343833,-1.452712
0.342759,-1.509368
0.341684,-1.567117
0.34060999999999997,-1.626398
0.339536,-1.6856790000000001
0.338461,-1.746273
0.337387,-1.808179
0.336312,-1.869429
0.335238,-1.931116
0.334163,-1.994991
0.33308899999999997,-2.054928
0.332014,-2.117053
0.33094,-2.17699
0.32986499999999996,-2.2351769999999997
0.328791,-2.2924889999999998
0.327716,-2.346302
0.326642,-2.3974889999999998
0.325567,-2.446489
0.324493,-2.489801
0.323418,-2.529613
0.32234399999999996,-2.5641760000000002
0.32126899999999997,-2.5921760000000003
0.320195,-2.615363
0.31911999999999996,-2.631988
0.318046,-2.6403
0.316971,-2.643363
0.315897,-2.6381129999999997
0.314822,-2.62455
0.31374799999999997,-2.604863
0.312673,-2.575988
0.31159899999999996,-2.540113
0.310525,-2.498113
0.30945,-2.447801
0.308376,-2.393114
0.307301,-2.331427
0.30622699999999997,-2.263615
0.305152,-2.19274
0.30407799999999996,-2.117928
0.30300299999999997,-2.039178
0.301929,-1.959116
0.300854,-1.8781789999999998
0.29978,-1.7959289999999999
0.298705,-1.7154289999999999
0.297631,-1.634492
0.296556,-1.55618
0.29548199999999997,-1.4800550000000001
0.294407,-1.405681
0.293333,-1.3352439999999999
0.29225799999999996,-1.268306
0.291184,-1.204432
0.290109,-1.144057
0.289035,-1.087182
0.28796,-1.03337
0.286886,-0.9839330000000001
0.285811,-0.9375579999999999
0.28473699999999996,-0.8933709999999999
0.283663,-0.853121
0.282588,-0.815496
0.281514,-0.779621
0.280439,-0.747246
0.279365,-0.715746
0.27829,-0.686434
0.27721599999999996,-0.6597470000000001
0.27614099999999997,-0.633497
0.275067,-0.608997
0.273992,-0.5862470000000001
0.272918,-0.563934
0.271843,-0.5433720000000001
0.270769,-0.5232469999999999
0.269694,-0.50356
0.26861999999999997,-0.48562200000000005
0.267545,-0.468122
0.266471,-0.450623
0.26539599999999997,-0.43531
0.264322,-0.41956
0.263247,-0.405123
0.262173,-0.39156
0.261098,-0.37799799999999995
0.260024,-0.36530999999999997
0.258949,-0.353935
0.25787499999999997,-0.34256000000000003
0.2568,-0.332498
0.255726,-0.32331099999999996
0.254652,-0.313686
0.253577,-0.305811
0.252503,-0.297936
0.251428,-0.290061
0.25035399999999997,-0.283498
0.249279,-0.276498
0.24820499999999998,-0.270811
0.24713,-0.265561
0.246056,-0.259436
0.24498099999999998,-0.255061
0.24390699999999998,-0.25112300000000004
0.242832,-0.24587299999999998
0.241758,-0.242373
0.24068299999999998,-0.238436
0.239609,-0.23449799999999998
0.238534,-0.23099799999999998
0.23745999999999998,-0.228373
0.23638499999999998,-0.224436
0.235311,-0.221811
0.234236,-0.219186
0.23316199999999998,-0.216561
0.232087,-0.21437399999999998
0.231013,-0.211311
0.22993799999999998,-0.20912399999999998
0.22886399999999998,-0.207811
0.227789,-0.205186
0.226715,-0.203436
0.22564099999999998,-0.202124
0.224566,-0.199499
0.223492,-0.198624
0.222417,-0.196436
0.22134299999999998,-0.194249
0.220268,-0.19381099999999998
0.219194,-0.19206099999999998
0.21811899999999998,-0.19031099999999998
0.217045,-0.189874
0.21597,-0.18812399999999999
0.214896,-0.186811
0.21382099999999998,-0.186374
0.212747,-0.184624
0.211672,-0.18418600000000002
0.21059799999999998,-0.183311
0.209523,-0.181999
0.208449,-0.181561
0.207374,-0.180686
0.20629999999999998,-0.179374
0.205225,-0.179374
0.204151,-0.178499
0.20307599999999998,-0.177624
0.202002,-0.177624
0.200927,-0.176311
0.199853,-0.175874
0.19877799999999998,-0.175874
0.197704,-0.174561
0.19663,-0.174561
0.19555499999999998,-0.174561
0.194481,-0.172811
0.193406,-0.172811
0.192332,-0.172374
0.19125699999999998,-0.171061
0.190183,-0.171061
0.189108,-0.170624
0.18803399999999998,-0.169311
0.186959,-0.16974899999999998
0.185885,-0.16843599999999997
0.18481,-0.167561
0.18373599999999998,-0.167561
0.182661,-0.16537400000000002
0.181587,-0.16537400000000002
0.18051199999999998,-0.164499
0.179438,-0.162749
0.178363,-0.161874
0.177289,-0.160999
0.17621399999999998,-0.159249
0.17514,-0.158811
0.174065,-0.157499
0.172991,-0.155749
0.17191599999999999,-0.155311
0.170842,-0.15312399999999998
0.169768,-0.152249
0.16869299999999998,-0.15137399999999998
0.167619,-0.14918599999999999
0.166544,-0.14787399999999998
0.16547,-0.14743599999999998
0.16439499999999999,-0.14524900000000002
0.163321,-0.144811
0.162246,-0.14349900000000002
0.16117199999999998,-0.141311
0.160097,-0.140874
0.159023,-0.139124
0.157948,-0.137374
0.15687399999999999,-0.136936
0.155799,-0.135186
0.154725,-0.13431099999999999
0.15364999999999998,-0.133874
0.152576,-0.131686
0.151501,-0.130374
0.150427,-0.129936
0.14935199999999998,-0.128186
0.148278,-0.127749
0.147203,-0.12643600000000002
0.14612899999999998,-0.124686
0.145054,-0.125124
0.14398,-0.123374
0.142905,-0.122499
0.14183099999999998,-0.122061
0.140757,-0.120311
0.139682,-0.11943599999999999
0.13860799999999998,-0.11987400000000001
0.137533,-0.11812399999999999
0.136459,-0.11812399999999999
0.135384,-0.117686
0.13430999999999998,-0.115936
0.133235,-0.11637399999999999
0.132161,-0.115936
0.13108599999999998,-0.11462399999999999
0.130012,-0.115061
0.128937,-0.11374899999999999
0.127863,-0.113311
0.12678799999999998,-0.11374899999999999
0.125714,-0.11243600000000001
0.124639,-0.111999
0.123565,-0.11243600000000001
0.12248999999999999,-0.11156200000000001
0.121416,-0.11156200000000001
0.12034099999999999,-0.11156200000000001
0.119267,-0.110249
0.11819199999999999,-0.11068700000000001
0.117118,-0.11068700000000001
0.116043,-0.109812
0.11496899999999999,-0.110249
0.113894,-0.109374
0.11281999999999999,-0.109374
0.111746,-0.109812
0.11067099999999999,-0.109374
0.109597,-0.10893699999999999
0.108522,-0.109374
0.107448,-0.108499
0.106373,-0.10893699999999999
0.10529899999999999,-0.10893699999999999
0.104224,-0.10806199999999999
0.10314999999999999,-0.108499
0.102075,-0.108499
0.101001,-0.107624
0.099926736,-0.108499
0.098852256,-0.10806199999999999
0.09777777600000001,-0.107624
0.09670329600000001,-0.108499
0.095628816,-0.10718699999999999
0.094554336,-0.10718699999999999
0.093479848,-0.10806199999999999
0.092405368,-0.106749
0.09133089600000001,-0.107624
0.09025640800000001,-0.107624
0.08918192800000001,-0.10631199999999999
0.088107448,-0.10718699999999999
0.087032968,-0.106749
0.08595848,-0.10631199999999999
0.084884,-0.106749
0.08380952800000001,-0.105874
0.08273504000000001,-0.105874
0.08166056000000001,-0.105874
0.08058607200000001,-0.104999
0.0795116,-0.104999
0.07843712,-0.10456199999999999
0.077362632,-0.104124
0.07628816000000001,-0.10368699999999999
0.07521367200000001,-0.10368699999999999
0.074139192,-0.102812
0.073064712,-0.103249
0.071990232,-0.102374
0.070915752,-0.101499
0.069841264,-0.102374
0.068766784,-0.101499
0.067692312,-0.101062
0.066617824,-0.101499
0.065543348,-0.100187
0.06446886,-0.100187
0.063394384,-0.100624
0.062319900000000004,-0.099749552
0.06124542,-0.099749552
0.060170940000000006,-0.100187
0.05909646,-0.098437064
0.058021976,-0.09931205600000001
0.056947496,-0.098437064
0.055873016000000005,-0.097562064
0.054798532000000004,-0.098437064
0.053724056000000006,-0.097562064
0.052649572000000006,-0.09712456800000001
0.051575092,-0.09799956800000001
0.050500608,-0.09712456800000001
0.049426128,-0.09624956800000001
0.048351648000000004,-0.09668707200000001
0.047277168,-0.09581207200000001
0.046202684,-0.09624956800000001
0.045128204000000005,-0.09581207200000001
0.044053724,-0.09493708000000001
0.04297924,-0.095374576
0.041904764000000004,-0.095374576
0.040830280000000004,-0.09406208
0.0397558,-0.09493708000000001
0.038681316,-0.09406208
0.037606836000000005,-0.093187088
0.036532356,-0.09362458400000001
0.035457876,-0.09274958400000001
0.034383392,-0.092312088
0.033308912,-0.093187088
0.03223443,-0.091874592
0.031159950000000002,-0.092312088
0.030085470000000003,-0.091874592
0.029010988,-0.09099960000000001
0.027936508000000002,-0.09165584000000002
0.026862028000000003,-0.09143709600000001
0.025787546,-0.09012460000000001
0.024713064,-0.090780848
0.023638584,-0.09012460000000001
0.022564102000000003,-0.08946835200000001
0.02148962,-0.090780848
0.020415140000000002,-0.089030856
0.019340658,-0.088812104
0.018266178,-0.08946835200000001
0.017191696,-0.088155856
0.016117215,-0.08837460800000001
0.015042735000000002,-0.088155856
0.013968254000000001,-0.08706211200000001
0.012893773,-0.08771836
0.011819292,-0.08706211200000001
0.01074481,-0.08618711200000001
0.009670329,-0.08640587200000001
0.008595848,-0.085968368
0.007521367,-0.08487462400000001
0.006446886000000001,-0.08553087200000001
0.005372405,-0.08487462400000001
0.004297924,-0.08465587200000001
0.0032234430000000003,-0.08465587200000001
0.002148962,-0.083780872
0.001074481,-0.083562128
0.0,-0.08399963200000002
-0.001074481,-0.08290588800000001
-0.002148962,-0.08290588800000001
-0.0032234430000000003,-0.08290588800000001
-0.004297924,-0.081593384
-0.005372405,-0.082468384
-0.006446886000000001,-0.08203088800000001
-0.007521367,-0.08115588800000001
-0.008595848,-0.08203088800000001
-0.009670329,-0.080718392
-0.01074481,-0.080718392
-0.011819292,-0.08115588800000001
-0.012893773,-0.08028088800000001
-0.013968254000000001,-0.08006214400000002
-0.015042735000000002,-0.08028088800000001
-0.016117215,-0.07853090400000001
-0.017191696,-0.079405896
-0.018266178,-0.079624648
-0.019340658,-0.07809340000000001
-0.020415140000000002,-0.078749648
-0.02148962,-0.078312152
-0.022564102000000003,-0.077218408
-0.023638584,-0.078749648
-0.024713064,-0.07656216
-0.025787546,-0.07656216
-0.026862028000000003,-0.07787465600000001
-0.027936508000000002,-0.076124664
-0.029010988,-0.07634341600000001
-0.030085470000000003,-0.07699965600000001
-0.031159950000000002,-0.07481216800000001
-0.03223443,-0.07546841600000001
-0.033308912,-0.07568716
-0.034383392,-0.07415592
-0.035457876,-0.07503092
-0.036532356,-0.07459341600000001
-0.037606836000000005,-0.073718424
-0.038681316,-0.07415592
-0.0397558,-0.073499672
-0.040830280000000004,-0.072843432
-0.041904764000000004,-0.07393717600000001
-0.04297924,-0.07306217599999999
-0.044053724,-0.07306217599999999
-0.045128204000000005,-0.07306217599999999
-0.046202684,-0.071968432
-0.047277168,-0.072843432
-0.048351648000000004,-0.07262468000000001
-0.049426128,-0.07109343200000001
-0.050500608,-0.071968432
-0.051575092,-0.07109343200000001
-0.052649572000000006,-0.070655936
-0.053724056000000006,-0.07174968000000001
-0.054798532000000004,-0.070655936
-0.055873016000000005,-0.06956219200000001
-0.056947496,-0.070655936
-0.058021976,-0.06934344800000002
-0.05909646,-0.069999688
-0.060170940000000006,-0.069999688
-0.06124542,-0.06868719200000001
-0.062319900000000004,-0.06934344800000002
-0.063394384,-0.06890594400000001
-0.06446886,-0.068030952
-0.065543348,-0.06868719200000001
-0.066617824,-0.06846844800000002
-0.067692312,-0.0678122
-0.068766784,-0.068030952
-0.069841264,-0.067155952
-0.070915752,-0.06693720400000001
-0.071990232,-0.068030952
-0.073064712,-0.06693720400000001
-0.074139192,-0.066718452
-0.07521367200000001,-0.06737470400000001
-0.07628816000000001,-0.066062208
-0.077362632,-0.066499704
-0.07843712,-0.06737470400000001
-0.0795116,-0.06540596000000001
-0.08058607200000001,-0.066280956
-0.08166056000000001,-0.066062208
-0.08273504000000001,-0.06474971600000001
-0.08380952800000001,-0.066280956
-0.084884,-0.06540596000000001
-0.08595848,-0.06453096000000001
-0.087032968,-0.06584346
-0.088107448,-0.06453096000000001
-0.08918192800000001,-0.06474971600000001
-0.09025640800000001,-0.065624704
-0.09133089600000001,-0.06321846800000001
-0.092405368,-0.06387471600000001
-0.093479848,-0.064968464
-0.094554336,-0.062562224
-0.095628816,-0.06387471600000001
-0.09670329600000001,-0.06365596800000001
-0.09777777600000001,-0.06234347600000001
-0.098852256,-0.06321846800000001
-0.099926736,-0.062780972
-0.101001,-0.062562224
-0.102075,-0.06321846800000001
-0.10314999999999999,-0.061905976
-0.104224,-0.061905976
-0.10529899999999999,-0.062562224
-0.106373,-0.061249732
-0.107448,-0.06146848
-0.108522,-0.06234347600000001
-0.109597,-0.06168722800000001
-0.11067099999999999,-0.06234347600000001
-0.111746,-0.061249732
-0.11281999999999999,-0.061249732
-0.113894,-0.061905976
-0.11496899999999999,-0.06146848
-0.116043,-0.06103097600000001
-0.117118,-0.06081222800000001
-0.11819199999999999,-0.060374732
-0.119267,-0.059718484
-0.12034099999999999,-0.06081222800000001
-0.121416,-0.059499736000000004
-0.12248999999999999,-0.06015598400000001
-0.123565,-0.060374732
-0.124639,-0.058843488000000006
-0.125714,-0.059718484
-0.12678799999999998,-0.059499736000000004
-0.127863,-0.058843488000000006
-0.128937,-0.06015598400000001
-0.130012,-0.058843488000000006
-0.13108599999999998,-0.05862474000000001
-0.132161,-0.059280988
-0.133235,-0.057968492
-0.13430999999999998,-0.057968492
-0.135384,-0.058843488000000006
-0.136459,-0.05753099600000001
-0.137533,-0.058405992000000004
-0.13860799999999998,-0.05862474000000001
-0.139682,-0.05709349600000001
-0.140757,-0.058187244
-0.14183099999999998,-0.057968492
-0.142905,-0.056874748
-0.14398,-0.057968492
-0.145054,-0.056656
-0.14612899999999998,-0.05709349600000001
-0.147203,-0.057968492
-0.148278,-0.05643725200000001
-0.14935199999999998,-0.056656
-0.150427,-0.05643725200000001
-0.151501,-0.055562252000000006
-0.152576,-0.05709349600000001
-0.15364999999999998,-0.05643725200000001
-0.154725,-0.055781004
-0.155799,-0.055781004
-0.15687399999999999,-0.056218500000000005
-0.157948,-0.055781004
-0.159023,-0.056656
-0.160097,-0.054906008000000006
-0.16117199999999998,-0.055124752000000006
-0.162246,-0.055562252000000006
-0.163321,-0.05468726
-0.16439499999999999,-0.055124752000000006
-0.16547,-0.055562252000000006
-0.166544,-0.054031012
-0.167619,-0.054031012
-0.16869299999999998,-0.05424976
-0.169768,-0.05315601200000001
-0.170842,-0.054468508000000006
-0.17191599999999999,-0.054031012
-0.172991,-0.052718516
-0.174065,-0.05381226
-0.17514,-0.054031012
-0.17621399999999998,-0.052281016
-0.177289,-0.05315601200000001
-0.178363,-0.052718516
-0.179438,-0.052937268
-0.18051199999999998,-0.05315601200000001
-0.181587,-0.05206226800000001
-0.182661,-0.052937268
-0.18373599999999998,-0.052937268
-0.18481,-0.052718516
-0.185885,-0.05249976800000001
-0.186959,-0.05206226800000001
-0.18803399999999998,-0.05162476800000001
-0.189108,-0.05206226800000001
-0.190183,-0.052281016
-0.19125699999999998,-0.05096852400000001
-0.192332,-0.052718516
-0.193406,-0.05162476800000001
-0.194481,-0.050749776
-0.19555499999999998,-0.051406020000000004
-0.19663,-0.050749776
-0.197704,-0.050749776
-0.19877799999999998,-0.05162476800000001
-0.199853,-0.050093528000000005
