Potential (V),Current (uA)
-0.199853,-0.04199981600000001
-0.19877799999999998,-0.027999876000000003
-0.197704,-0.013999938000000002
-0.19663,-0.013999938000000002
-0.19555499999999998,-0.013999938000000002
-0.194481,-0.006999969000000001
-0.193406,-0.006999969000000001
-0.192332,-0.006999969000000001
-0.19125699999999998,-0.006999969000000001
-0.190183,-0.005249977000000001
-0.189108,-0.005249977000000001
-0.18803399999999998,-0.005249977000000001
-0.186959,-0.0043749800000000005
-0.185885,-0.0043749800000000005
-0.18481,-0.0034999840000000003
-0.18373599999999998,-0.003062486
-0.182661,-0.003062486
-0.181587,-0.003062486
-0.18051199999999998,-0.0026249880000000004
-0.179438,-0.0026249880000000004
-0.178363,-0.0021874900000000003
-0.177289,-0.0021874900000000003
-0.17621399999999998,-0.002078115
-0.17514,-0.001859366
-0.174065,0.000263198
-0.172991,0.000251998
-0.17191599999999999,0.00026879800000000005
-0.170842,0.000358398
-0.169768,0.00041999800000000004
-0.16869299999999998,0.00046479700000000003
-0.167619,0.000543197
-0.166544,0.0006047970000000001
-0.16547,0.0006495970000000001
-0.16439499999999999,0.0007279960000000001
-0.163321,0.0007615960000000001
-0.162246,0.000811996
-0.16117199999999998,0.0008791960000000001
-0.160097,0.0009071960000000001
-0.159023,0.0009519950000000001
-0.157948,0.001019195
-0.15687399999999999,0.0010303950000000001
-0.155799,0.001080795
-0.154725,0.001131195
-0.15364999999999998,0.0011255950000000003
-0.152576,0.001181594
-0.151501,0.001215194
-0.150427,0.0012263940000000002
-0.14935199999999998,0.0012767940000000001
-0.148278,0.0012935940000000001
-0.147203,0.001304794
-0.14612899999999998,0.0013495940000000002
-0.145054,0.0013495940000000002
-0.14398,0.001377593
-0.142905,0.001427993
-0.14183099999999998,0.001411193
-0.140757,0.001427993
-0.139682,0.001467193
-0.13860799999999998,0.0014503930000000001
-0.137533,0.001483993
-0.136459,0.0015231930000000002
-0.135384,0.001511993
-0.13430999999999998,0.0015623930000000002
-0.133235,0.0015679930000000002
-0.132161,0.0015847930000000001
-0.13108599999999998,0.0016295920000000002
-0.130012,0.0016295920000000002
-0.128937,0.0016463920000000002
-0.127863,0.001691192
-0.12678799999999998,0.0016855920000000003
-0.125714,0.0017135920000000001
-0.124639,0.001747192
-0.123565,0.0017415920000000001
-0.12248999999999999,0.001763992
-0.121416,0.001791992
-0.12034099999999999,0.001763992
-0.119267,0.0018143920000000002
-0.11819199999999999,0.001819992
-0.117118,0.001825592
-0.116043,0.0018535910000000001
-0.11496899999999999,0.0018535910000000001
-0.113894,0.001847991
-0.11281999999999999,0.001892791
-0.111746,0.0018815910000000002
-0.11067099999999999,0.0018871910000000003
-0.109597,0.0019207910000000003
-0.108522,0.001892791
-0.107448,0.0019207910000000003
-0.106373,0.0019263910000000004
-0.10529899999999999,0.0019151910000000001
-0.104224,0.001948791
-0.10314999999999999,0.0019431910000000001
-0.102075,0.0019599910000000003
-0.101001,0.001987991
-0.099926736,0.001987991
-0.098852256,0.001987991
-0.09777777600000001,0.002015991
-0.09670329600000001,0.002021591
-0.095628816,0.0020327910000000004
-0.094554336,0.0020607900000000003
-0.093479848,0.002055191
-0.092405368,0.00208319
-0.09133089600000001,0.0020943900000000002
-0.09025640800000001,0.0020775900000000003
-0.08918192800000001,0.00210559
-0.088107448,0.00211679
-0.087032968,0.00211679
-0.08595848,0.00214479
-0.084884,0.00214479
-0.08380952800000001,0.0021335900000000003
-0.08273504000000001,0.00216159
-0.08166056000000001,0.00215599
-0.08058607200000001,0.00216159
-0.0795116,0.00218959
-0.07843712,0.0021671900000000003
-0.077362632,0.0021839900000000002
-0.07628816000000001,0.00219519
-0.07521367200000001,0.00218959
-0.074139192,0.0022119900000000005
-0.073064712,0.0022063900000000003
-0.071990232,0.00219519
-0.070915752,0.0022119900000000005
-0.069841264,0.00221759
-0.068766784,0.00220079
-0.067692312,0.00223439
-0.066617824,0.00222879
-0.065543348,0.00222319
-0.06446886,0.0022511900000000006
-0.063394384,0.0022455900000000004
-0.062319900000000004,0.00226239
-0.06124542,0.00229039
-0.060170940000000006,0.0022735900000000002
-0.05909646,0.002301589
-0.058021976,0.002318389
-0.056947496,0.0023071890000000003
-0.055873016000000005,0.002329589
-0.054798532000000004,0.0023239890000000003
-0.053724056000000006,0.002329589
-0.052649572000000006,0.002357589
-0.051575092,0.0023463890000000004
-0.050500608,0.0023463890000000004
-0.049426128,0.002374389
-0.048351648000000004,0.002363189
-0.047277168,0.002368789
-0.046202684,0.002391189
-0.045128204000000005,0.002368789
-0.044053724,0.002391189
-0.04297924,0.002396789
-0.041904764000000004,0.0023799890000000003
-0.040830280000000004,0.002402389
-0.0397558,0.002402389
-0.038681316,0.002391189
-0.037606836000000005,0.0024135890000000003
-0.036532356,0.002402389
-0.035457876,0.002396789
-0.034383392,0.0024191890000000004
-0.033308912,0.0024247890000000005
-0.03223443,0.002435989
-0.031159950000000002,0.0024471890000000002
-0.030085470000000003,0.002435989
-0.029010988,0.002463989
-0.027936508000000002,0.002480789
-0.026862028000000003,0.002463989
-0.025787546,0.0024863890000000003
-0.024713064,0.002503189
-0.023638584,0.0024919890000000004
-0.022564102000000003,0.0025199890000000003
-0.02148962,0.0025199890000000003
-0.020415140000000002,0.002514389
-0.019340658,0.002547988
-0.018266178,0.002542388
-0.017191696,0.002547988
-0.016117215,0.002570388
-0.015042735000000002,0.002547988
-0.013968254000000001,0.0025647880000000006
-0.012893773,0.002581588
-0.011819292,0.0025647880000000006
-0.01074481,0.0025871880000000002
-0.009670329,0.0025983880000000005
-0.008595848,0.002581588
-0.007521367,0.002609588
-0.006446886000000001,0.002603988
-0.005372405,0.0025983880000000005
-0.004297924,0.0026263880000000003
-0.0032234430000000003,0.002609588
-0.002148962,0.002615188
-0.001074481,0.0026319880000000005
0.0,0.0026319880000000005
0.001074481,0.0026319880000000005
0.002148962,0.0026599880000000003
0.0032234430000000003,0.002648788
0.004297924,0.0026711880000000006
0.005372405,0.002687988
0.006446886000000001,0.002687988
0.007521367,0.002721588
0.008595848,0.002715988
0.009670329,0.002727188
0.01074481,0.0027607870000000002
0.011819292,0.002755187
0.012893773,0.0027663870000000004
0.013968254000000001,0.0027999870000000003
0.015042735000000002,0.002783187
0.016117215,0.0027999870000000003
0.017191696,0.002822387
0.018266178,0.002822387
0.019340658,0.0028447870000000005
0.020415140000000002,0.002861587
0.02148962,0.0028503870000000002
0.022564102000000003,0.002883987
0.023638584,0.0028783870000000005
0.024713064,0.0028783870000000005
0.025787546,0.0029063870000000003
0.026862028000000003,0.0029119870000000004
0.027936508000000002,0.0029119870000000004
0.029010988,0.0029399870000000002
0.030085470000000003,0.002928787
0.031159950000000002,0.0029399870000000002
0.03223443,0.002967987
0.033308912,0.0029567870000000002
0.034383392,0.002995986
0.035457876,0.0030071860000000002
0.036532356,0.003001586
0.037606836000000005,0.003040786
0.038681316,0.0030463860000000003
0.0397558,0.003057586
0.040830280000000004,0.0030911860000000005
0.041904764000000004,0.003102386
0.04297924,0.0031135860000000002
0.044053724,0.0031527860000000003
0.045128204000000005,0.0031583860000000004
0.046202684,0.003175186
0.047277168,0.0032031860000000002
0.048351648000000004,0.003197586
0.049426128,0.003242385
0.050500608,0.0032703850000000002
0.051575092,0.0032647850000000005
0.052649572000000006,0.0032983850000000005
0.053724056000000006,0.0033095850000000003
0.054798532000000004,0.003315185
0.055873016000000005,0.003354385
0.056947496,0.0033599850000000002
0.058021976,0.0033823850000000003
0.05909646,0.0034215850000000004
0.060170940000000006,0.0034159850000000003
0.06124542,0.0034327850000000003
0.062319900000000004,0.0034663840000000003
0.063394384,0.0034663840000000003
0.06446886,0.003494384
0.065543348,0.0035167840000000002
0.066617824,0.0035167840000000002
0.067692312,0.0035559840000000003
0.068766784,0.003583984
0.069841264,0.003583984
0.070915752,0.003623184
0.071990232,0.003651184
0.073064712,0.003667983
0.074139192,0.003723983
0.07521367200000001,0.0037351830000000004
0.07628816000000001,0.003768783
0.077362632,0.0038135830000000006
0.07843712,0.0038247830000000004
0.0795116,0.0038695830000000002
0.08058607200000001,0.003908782
0.08166056000000001,0.003908782
0.08273504000000001,0.003964782
0.08380952800000001,0.003992782
0.084884,0.0040039820000000005
0.08595848,0.004065582000000001
0.087032968,0.004087982
0.088107448,0.004110382
0.08918192800000001,0.004155181000000001
0.09025640800000001,0.0041775810000000005
0.09133089600000001,0.0042111810000000005
0.092405368,0.004244781
0.093479848,0.004261581
0.094554336,0.004300781
0.095628816,0.004345581
0.09670329600000001,0.004362381
0.09777777600000001,0.00440158
0.098852256,0.00443518
0.099926736,0.00445198
0.101001,0.00450798
0.102075,0.0045303800000000005
0.10314999999999999,0.004575180000000001
0.104224,0.004636779000000001
0.10529899999999999,0.004647979
0.106373,0.004692779
0.107448,0.0047543789999999995
0.108522,0.004787979
0.109597,0.0048271780000000005
0.11067099999999999,0.0048943780000000004
0.111746,0.004916778000000001
0.11281999999999999,0.004978378
0.113894,0.005028778
0.11496899999999999,0.0050511770000000004
0.116043,0.005123977
0.117118,0.005157577000000001
0.11819199999999999,0.0051967770000000005
0.119267,0.005275177000000001
0.12034099999999999,0.005297576
0.121416,0.0053367760000000005
0.12248999999999999,0.005398376000000001
0.123565,0.005437576
0.124639,0.005487976
0.125714,0.005555175000000001
0.12678799999999998,0.005571975000000001
0.127863,0.005627975
0.128937,0.0056895750000000005
0.130012,0.005700775
0.13108599999999998,0.005773574000000001
0.132161,0.005818374
0.133235,0.005857574
0.13430999999999998,0.005930374
0.135384,0.005958374000000001
0.136459,0.005997573000000001
0.137533,0.006087173
0.13860799999999998,0.006115173
0.139682,0.006171173000000001
0.140757,0.006249572000000001
0.14183099999999998,0.006283172
0.142905,0.006367172
0.14398,0.006428771000000001
0.145054,0.006467971
0.14612899999999998,0.006551971
0.147203,0.006613571
0.148278,0.00665837
0.14935199999999998,0.006747970000000001
0.150427,0.00679277
0.151501,0.00685997
0.152576,0.006943969000000001
0.15364999999999998,0.006977569
0.154725,0.0070559690000000005
0.155799,0.007139968
0.15687399999999999,0.007184768000000001
0.157948,0.007263168000000001
0.159023,0.007324768000000001
0.160097,0.007380767
0.16117199999999998,0.007459167000000001
0.162246,0.007531966
0.163321,0.007587967000000001
0.16439499999999999,0.007683166
0.16547,0.007733566000000001
0.166544,0.007789565000000001
0.167619,0.007895965000000001
0.16869299999999998,0.007946364000000001
0.169768,0.008024764
0.170842,0.008108764000000001
0.17191599999999999,0.008181564
0.172991,0.008265563
0.174065,0.008355163
0.17514,0.008427963
0.17621399999999998,0.008528763
0.177289,0.008612762000000001
0.178363,0.008685562
0.179438,0.008797561
0.18051199999999998,0.008887161000000001
0.181587,0.008965561000000002
0.182661,0.009083160000000002
0.18373599999999998,0.00915596
0.18481,0.009256759000000002
0.185885,0.009368758
0.186959,0.009441559
0.18803399999999998,0.009564758000000001
0.189108,0.009671157000000001
0.190183,0.009738357000000001
0.19125699999999998,0.009861556
0.192332,0.009967956000000002
0.193406,0.010046356000000001
0.194481,0.010175155000000002
0.19555499999999998,0.010281554
0.19663,0.010376755000000001
0.197704,0.010511154
0.19877799999999998,0.010595153000000001
0.199853,0.010701553
0.200927,0.010835953
0.202002,0.010925552000000002
0.20307599999999998,0.011043151
0.204151,0.011171950000000002
0.205225,0.011267151000000001
0.20629999999999998,0.01142395
0.207374,0.011541549
0.208449,0.011647948000000002
0.209523,0.011810348000000002
0.21059799999999998,0.011927947000000001
0.211672,0.012062347000000001
0.212747,0.012230346
0.21382099999999998,0.012353546
0.214896,0.012487945000000002
0.21597,0.012667145000000001
0.217045,0.012784744
0.21811899999999998,0.012947143000000001
0.219194,0.013109543000000001
0.220268,0.013232742
0.22134299999999998,0.013406341
0.222417,0.013563141
0.223492,0.01370314
0.224566,0.013893539
0.22564099999999998,0.014050338
0.226715,0.014195938
0.227789,0.014386336000000001
0.22886399999999998,0.014526336000000003
0.22993799999999998,0.014688735000000001
0.231013,0.014884734000000002
0.232087,0.015035934000000003
0.23316199999999998,0.015226333
0.234236,0.015405532000000001
0.235311,0.015562331
0.23638499999999998,0.01575833
0.23745999999999998,0.01594313
0.238534,0.01610553
0.239609,0.016318328000000003
0.24068299999999998,0.016519927
0.241758,0.016699126
0.242832,0.016923124
0.24390699999999998,0.017107924000000004
0.24498099999999998,0.017309524
0.246056,0.017550322
0.24713,0.017723922000000003
0.24820499999999998,0.01794792
0.249279,0.01818312
0.25035399999999997,0.01836232
0.251428,0.018603118000000002
0.252503,0.018815918
0.253577,0.019011916
0.254652,0.019247114
0.255726,0.019476714000000003
0.2568,0.019689512000000003
0.25787499999999997,0.019941512
0.258949,0.020137512
0.260024,0.020350310000000003
0.261098,0.020602310000000002
0.262173,0.020803908000000003
0.263247,0.021044708
0.264322,0.021291106000000004
0.26539599999999997,0.021492704
0.266471,0.021727904
0.267545,0.021968702
0.26861999999999997,0.022164702
0.269694,0.0224223
0.270769,0.0226463
0.271843,0.022853498000000003
0.272918,0.023105498000000002
0.273992,0.023323898000000003
0.275067,0.023559096
0.27614099999999997,0.023811096
0.27721599999999996,0.024023894000000004
0.27829,0.024259092000000003
0.279365,0.024522292000000005
0.280439,0.024723890000000002
0.281514,0.024987090000000003
0.282588,0.025239088000000003
0.283663,0.025440688000000003
0.28473699999999996,0.025692686000000003
0.285811,0.025944686
0.286886,0.026168684
0.28796,0.026426284
0.289035,0.026655882000000002
0.290109,0.026879882
0.291184,0.027148682
0.29225799999999996,0.027372680000000003
0.293333,0.027624678
0.294407,0.027899076000000002
0.29548199999999997,0.028106276000000003
0.296556,0.028363874
0.297631,0.028615874000000003
0.298705,0.028839872000000003
0.29978,0.029114272000000004
0.300854,0.029355070000000004
0.301929,0.029590270000000002
0.30300299999999997,0.029875868
0.30407799999999996,0.030122266
0.305152,0.030363066
0.30622699999999997,0.030643066
0.307301,0.030883866000000003
0.308376,0.031147062
0.30945,0.031466262
0.310525,0.031707062
0.31159899999999996,0.031981458
0.312673,0.03227826
0.31374799999999997,0.032519056
0.314822,0.03282145400000001
0.315897,0.033118256
0.316971,0.033370254
0.318046,0.033695052
0.31911999999999996,0.033963852
0.320195,0.034227052
0.32126899999999997,0.03454064800000001
0.32234399999999996,0.034809448
0.323418,0.035078244
0.324493,0.035419844000000006
0.325567,0.035677444
0.326642,0.03598544
0.327716,0.03628224000000001
0.328791,0.036539840000000004
0.32986499999999996,0.03685904
0.33094,0.037144636
0.332014,0.037396636000000004
0.33308899999999997,0.037738232000000003
0.334163,0.038012632000000005
0.335238,0.038281432000000004
0.336312,0.038606232000000004
0.337387,0.038858228
0.338461,0.039166228000000004
0.339536,0.039463024
0.34060999999999997,0.039720624
0.341684,0.040011824
0.342759,0.040319824000000004
0.343833,0.040599824
0.344908,0.04089662
0.345982,0.041193416000000004
0.347057,0.041445416000000006
0.34813099999999997,0.04177581600000001
0.34920599999999996,0.04207261600000001
0.35028,0.042341412
0.351355,0.042666212
0.352429,0.04292941200000001
0.353504,0.043220608
0.354578,0.043539808000000006
0.355653,0.043803004000000006
0.35672699999999996,0.044094208
0.357802,0.04440780400000001
0.358876,0.044648604
0.35995099999999997,0.044928600000000006
0.361025,0.0452366
0.3621,0.04547740000000001
0.363174,0.04577980000000001
0.364249,0.046054196000000006
0.365323,0.046289396000000003
0.366398,0.046586196
0.36747199999999997,0.046838196
0.368546,0.047073392000000006
0.369621,0.047364592000000004
0.370695,0.047566188
0.37177,0.04781819200000001
0.372844,0.048092588000000006
0.373919,0.04828858800000001
0.37499299999999997,0.048523788000000005
0.37606799999999996,0.048781384000000004
0.377142,0.04895498400000001
0.37821699999999997,0.047577912
0.379291,0.047687288
0.380366,0.047906036000000006
0.38144,0.048234160000000005
0.382515,0.048562284000000004
0.38358899999999996,0.048671660000000005
0.384664,0.049109156
0.38573799999999997,0.049437284000000005
0.38681299999999996,0.049656028000000005
0.387887,0.049984152000000004
0.388962,0.050312276
0.390036,0.05053102400000001
0.391111,0.051077896000000005
0.392185,0.051187276000000004
0.39326,0.051515396000000005
0.39433399999999996,0.051952896000000005
0.39540899999999995,0.052171644
0.396483,0.05249976800000001
0.397557,0.052937268
0.398632,0.05315601200000001
0.399706,0.05348414
0.400781,0.053921636
0.40185499999999996,0.05414038400000001
0.40292999999999995,0.054577884
0.404004,0.054906008000000006
0.40507899999999997,0.055124752000000006
0.406153,0.055781004
0.407228,0.05599975200000001
0.408302,0.056327876000000006
0.409377,0.056874748
0.41045099999999995,0.05709349600000001
0.411526,0.05753099600000001
0.41259999999999997,0.058187244
0.41367499999999996,0.058405992000000004
0.414749,0.058843488000000006
0.41582399999999997,0.059499736000000004
0.416898,0.059827856000000006
0.417973,0.060374732
0.419047,0.060921604
0.420122,0.061249732
0.42119599999999996,0.061905976
0.422271,0.062562224
0.42334499999999997,0.06299972
0.42441999999999996,0.063765344
0.425494,0.06420284000000001
0.426568,0.064859088
0.427643,0.065734088
0.42871699999999996,0.066171584
0.429792,0.06704658000000001
0.43086599999999997,0.0678122
0.43194099999999996,0.06846844800000002
0.433015,0.069452816
0.43409,0.070327816
0.435164,0.070984056
0.436239,0.071968432
0.437313,0.07295280000000001
0.438388,0.073718424
0.43946199999999996,0.074921544
0.44053699999999996,0.07579653600000001
0.441611,0.07689028
0.44268599999999997,0.07820277600000002
0.44376,0.07929652000000001
0.444835,0.08049964
0.445909,0.08181213600000001
0.446984,0.08301525600000001
0.44805799999999996,0.08454649600000001
0.449133,0.085968368
0.45020699999999997,0.087171488
0.45128199999999996,0.08892148000000001
0.452356,0.09045272000000001
0.45343,0.09198396000000002
0.454505,0.09373396
0.45557899999999996,0.095374576
0.456654,0.09712456800000001
0.45772799999999997,0.099093312
0.45880299999999996,0.100624
0.459877,0.102812
0.460952,0.10478
0.462026,0.10664
0.463101,0.10893699999999999
0.464175,0.111124
0.46525,0.112983
0.46632399999999996,0.11549899999999999
0.46739899999999995,0.117686
0.468473,0.11987400000000001
0.46954799999999997,0.12239
0.470622,0.124686
0.471697,0.12709299999999998
0.472771,0.129718
0.473846,0.132124
0.47491999999999995,0.13463999999999998
0.475995,0.137374
0.47706899999999997,0.13978
0.47814399999999996,0.142514
0.479218,0.14524900000000002
0.48029299999999997,0.14754599999999998
0.481367,0.150499
0.48244099999999995,0.15312399999999998
0.483516,0.155858
0.48458999999999997,0.15859299999999998
0.48566499999999996,0.161218
0.486739,0.163843
0.48781399999999997,0.166686
0.488888,0.16920200000000002
0.489963,0.171827
0.491037,0.174671
0.492112,0.17707699999999998
0.49318599999999996,0.179921
0.49426099999999995,0.18243600000000001
0.49533499999999997,0.18473299999999998
0.49640999999999996,0.187467
0.497484,0.189874
0.498559,0.19206099999999998
0.499633,0.194686
0.5007079999999999,0.196983
0.501782,0.19927999999999998
0.502857,0.201686
0.503931,0.203655
0.505006,0.205842
0.50608,0.20813900000000002
0.507155,0.209999
0.5082289999999999,0.21218599999999999
0.509304,0.214045
0.510378,0.215905
0.511452,0.21809199999999998
0.512527,0.219733
0.513601,0.22159199999999998
0.514676,0.223561
0.5157499999999999,0.225311
0.516825,0.22695200000000001
0.517899,0.22891999999999998
0.5189739999999999,0.23045200000000002
0.520048,0.232092
0.521123,0.233733
0.522197,0.235155
0.523272,0.236795
0.524346,0.238545
0.525421,0.239858
0.5264949999999999,0.241498
0.52757,0.24270199999999997
0.528644,0.24423299999999998
0.5297189999999999,0.24587299999999998
0.530793,0.24696700000000002
0.531868,0.24828
0.532942,0.249811
0.534017,0.250905
0.535091,0.252327
0.5361659999999999,0.25374800000000003
0.5372399999999999,0.254733
0.538314,0.255936
0.539389,0.257248
0.540463,0.258233
0.541538,0.259655
0.542612,0.260639
0.5436869999999999,0.26151399999999997
0.5447609999999999,0.26282599999999995
0.545836,0.263811
0.54691,0.264795
0.5479849999999999,0.265889
0.549059,0.266655
0.550134,0.267748
0.5512079999999999,0.268842
0.552283,0.26949799999999996
0.553357,0.270483
0.5544319999999999,0.271467
0.5555059999999999,0.27223299999999995
0.556581,0.27310799999999996
0.557655,0.273983
0.55873,0.274639
0.559804,0.275623
0.560879,0.27627999999999997
0.5619529999999999,0.277045
0.563028,0.27792
0.564102,0.278467
0.5651769999999999,0.27923299999999995
0.566251,0.279998
0.567326,0.28043599999999996
0.5684,0.281311
0.5694739999999999,0.281967
0.570549,0.282404
0.571623,0.28317000000000003
0.5726979999999999,0.283717
0.573772,0.284154
0.574847,0.28492
0.575921,0.28546699999999997
0.576996,0.285795
0.57807,0.28656099999999995
0.579145,0.28699800000000003
0.5802189999999999,0.287545
0.581294,0.288311
0.582368,0.288529
0.5834429999999999,0.289076
0.584517,0.289951
0.585592,0.29017
0.586666,0.29082600000000003
0.587741,0.291373
0.588815,0.29159199999999996
0.58989,0.292467
0.5909639999999999,0.292904
0.592039,0.293342
0.593113,0.294108
0.5941879999999999,0.29454499999999995
0.595262,0.294983
0.596336,0.295639
0.597411,0.296076
0.5984849999999999,0.29662299999999997
0.59956,0.297608
0.600634,0.297936
0.6017089999999999,0.298701
0.602783,0.29924799999999996
0.603858,0.299795
0.604932,0.30067
0.606007,0.301326
0.607081,0.301983
0.6081559999999999,0.30274799999999996
0.6092299999999999,0.303404
0.610305,0.304061
0.611379,0.304936
0.6124539999999999,0.305592
0.613528,0.306358
0.614603,0.307123
0.6156769999999999,0.30777899999999997
0.616752,0.308545
0.617826,0.309201
0.6189009999999999,0.309857
0.6199749999999999,0.31073199999999995
0.62105,0.311389
0.622124,0.311826
0.6231979999999999,0.312701
0.624273,0.313139
0.625347,0.313795
0.6264219999999999,0.314561
0.6274959999999999,0.31488900000000003
0.628571,0.315654
0.629645,0.31631099999999995
0.63072,0.316748
0.631794,0.31740399999999996
0.632869,0.317951
0.6339429999999999,0.31838900000000003
0.635018,0.318936
0.636092,0.319482
0.6371669999999999,0.31992
0.638241,0.320795
0.639316,0.32123199999999996
0.64039,0.32167
0.641465,0.322326
0.642539,0.322545
0.643614,0.323201
0.6446879999999999,0.323857
0.645763,0.324186
0.646837,0.32484199999999996
0.6479119999999999,0.325498
0.648986,0.325826
0.650061,0.326373
0.651135,0.327029
0.6522089999999999,0.32746699999999995
0.653284,0.32823199999999997
0.654358,0.32867
0.6554329999999999,0.329217
0.656507,0.329982
0.657582,0.33042
0.658656,0.33107600000000004
0.659731,0.33184199999999997
0.660805,0.332279
0.66188,0.333045
0.6629539999999999,0.333701
0.664029,0.33413899999999996
0.665103,0.33490400000000003
0.6661779999999999,0.33555999999999997
0.667252,0.336107
0.668327,0.336982
0.669401,0.33763899999999997
0.670476,0.33829499999999996
0.67155,0.33916999999999997
0.6726249999999999,0.339717
0.6736989999999999,0.340373
0.674774,0.341357
0.675848,0.342014
0.6769229999999999,0.342779
0.677997,0.343654
0.679072,0.34431
0.6801459999999999,0.345185
0.6812199999999999,0.34606000000000003
0.682295,0.346717
0.683369,0.34792
0.6844439999999999,0.348685
0.685518,0.34945099999999996
0.686593,0.350545
0.6876669999999999,0.35131
0.688742,0.352295
0.689816,0.353389
0.6908909999999999,0.35415399999999997
0.6919649999999999,0.355248
0.69304,0.356342
0.694114,0.356998
0.695189,0.358201
0.696263,0.359185
0.697338,0.36006
0.6984119999999999,0.361154
0.699487,0.362248
0.700561,0.36312300000000003
0.7016359999999999,0.364326
0.70271,0.36530999999999997
0.703785,0.366185
0.704859,0.367388
0.705934,0.368373
0.707008,0.369467
0.708083,0.37066999999999994
0.7091569999999999,0.371654
0.710231,0.372857
0.711306,0.37395100000000003
0.71238,0.37504499999999996
0.713455,0.376467
0.714529,0.37766999999999995
0.715604,0.378763
0.7166779999999999,0.380295
0.717753,0.381388
0.718827,0.382592
0.7199019999999999,0.384232
0.720976,0.38554499999999997
0.722051,0.387076
0.723125,0.388607
0.7242,0.38981
0.725274,0.391451
0.726349,0.393091
0.7274229999999999,0.394404
0.728498,0.396045
0.729572,0.397795
0.7306469999999999,0.399326
0.731721,0.40118499999999996
0.732796,0.402826
0.7338699999999999,0.404466
0.734945,0.406435
0.736019,0.408076
0.737093,0.410045
0.7381679999999999,0.41201299999999996
0.739242,0.413873
0.740317,0.415951
0.7413909999999999,0.41802900000000004
0.742466,0.419998
0.74354,0.422295
0.7446149999999999,0.424373
0.7456889999999999,0.42656
0.746764,0.428966
0.747838,0.431263
0.7489129999999999,0.43355999999999995
0.749987,0.436294
0.751062,0.438591
0.7521359999999999,0.441216
0.753211,0.443951
0.754285,0.446357
0.7553599999999999,0.449201
0.7564339999999999,0.452154
0.757509,0.454779
0.758583,0.457951
0.7596579999999999,0.46090400000000004
0.760732,0.46374699999999996
0.761807,0.467138
0.7628809999999999,0.47031
0.7639549999999999,0.47348199999999996
0.76503,0.477201
0.766104,0.48037199999999997
0.7671789999999999,0.48398199999999997
0.768253,0.4877
0.769328,0.49119999999999997
0.7704019999999999,0.495029
0.771477,0.498857
0.772551,0.5026849999999999
0.7736259999999999,0.50695
0.7746999999999999,0.511107
0.775775,0.5151530000000001
0.776849,0.5196379999999999
0.777924,0.5239029999999999
0.778998,0.528278
0.780073,0.532981
0.7811469999999999,0.537356
0.782222,0.542278
0.783296,0.54731
0.7843709999999999,0.552013
0.785445,0.557153
0.78652,0.562294
0.787594,0.567325
0.788669,0.572903
0.789743,0.578153
0.7908179999999999,0.583622
0.7918919999999999,0.589419
0.792967,0.5948869999999999
0.794041,0.600684
0.795115,0.606809
0.79619,0.612497
0.797264,0.618512
0.7983389999999999,0.6247469999999999
0.7994129999999999,0.630653
0.800488,0.636997
0.801562,0.64345
0.8026369999999999,0.6496839999999999
0.803711,0.656465
0.804786,0.662918
0.8058599999999999,0.669372
0.806935,0.676262
0.808009,0.6829339999999999
0.8090839999999999,0.689496
0.8101579999999999,0.696606
0.811233,0.703387
0.812307,0.7102780000000001
0.8133819999999999,0.717496
0.814456,0.724278
0.815531,0.731606
0.8166049999999999,0.738934
0.81768,0.745496
0.818754,0.752934
0.8198289999999999,0.760262
0.8209029999999999,0.7670429999999999
0.821978,0.7744800000000001
0.823052,0.78159
0.8241259999999999,0.7886989999999999
0.825201,0.796246
0.826275,0.803137
0.8273499999999999,0.810246
0.8284239999999999,0.8176829999999999
0.829499,0.824465
0.830573,0.8317929999999999
0.8316479999999999,0.8389019999999999
0.832722,0.845574
0.833797,0.852793
0.8348709999999999,0.8599019999999999
0.835946,0.8665740000000001
0.83702,0.873574
0.8380949999999999,0.880136
0.8391689999999999,0.886699
0.840244,0.8934799999999999
0.841318,0.899824
0.842393,0.906277
0.843467,0.913058
0.844542,0.918855
0.8456159999999999,0.9253079999999999
0.846691,0.931323
0.847765,0.93723
0.8488399999999999,0.9433549999999999
0.849914,0.9490419999999999
0.850988,0.954511
0.852063,0.9600890000000001
0.8531369999999999,0.965995
0.854212,0.970589
0.855286,0.976058
0.8563609999999999,0.98087
0.857435,0.9856829999999999
0.85851,0.9907140000000001
0.859584,0.9950889999999999
0.860659,0.9996829999999999
0.861733,1.004058
0.8628079999999999,1.007995
0.8638819999999999,1.012151
0.864957,1.0158699999999998
0.866031,1.0191510000000001
0.8671059999999999,1.022651
0.86818,1.025932
0.869255,1.0285570000000002
0.8703289999999999,1.031839
0.871404,1.0340260000000001
0.872478,1.036214
0.8735529999999999,1.03862
0.8746269999999999,1.040589
0.875702,1.042339
0.876776,1.044089
0.8778499999999999,1.0451819999999998
0.878925,1.046495
0.879999,1.047589
0.8810739999999999,1.0480260000000001
0.8821479999999999,1.048682
0.883223,1.04737
0.884297,0.9972759999999999
0.8853719999999999,0.9616199999999999
0.886446,0.932089
0.887521,0.9086829999999999
0.8885949999999999,0.8876829999999999
0.88967,0.867996
0.890744,0.852027
0.8918189999999999,0.8362769999999999
0.8928929999999999,0.821183
0.893968,0.8089329999999999
0.895042,0.796027
0.8961169999999999,0.784433
0.897191,0.774371
0.898266,0.763215
0.8993399999999999,0.7538090000000001
0.900415,0.745059
0.901489,0.7354339999999999
0.9025639999999999,0.727559
0.9036379999999999,0.719903
0.904713,0.711371
0.905787,0.7048089999999999
0.9068609999999999,0.6978089999999999
0.907936,0.6905899999999999
0.90901,0.6849029999999999
0.9100849999999999,0.678121
0.9111589999999999,0.671778
0.912234,0.6667470000000001
0.913308,0.660403
0.914383,0.655153
0.915457,0.650559
0.916532,0.6444340000000001
0.9176059999999999,0.63984
0.918681,0.635465
0.919755,0.6297780000000001
0.9208299999999999,0.62584
0.921904,0.6214649999999999
0.922979,0.616434
0.924053,0.612934
0.925128,0.6085590000000001
0.926202,0.6041839999999999
0.9272769999999999,0.601122
0.9283509999999999,0.596528
0.929426,0.592591
0.9305,0.589747
0.9315749999999999,0.585372
0.932649,0.581872
0.933724,0.579028
0.9347979999999999,0.574653
0.9358719999999999,0.572028
0.936947,0.568747
0.938021,0.564809
0.9390959999999999,0.562622
0.94017,0.5591219999999999
0.941245,0.555622
0.9423189999999999,0.5538719999999999
0.943394,0.5499350000000001
0.944468,0.547091
0.9455429999999999,0.5449029999999999
0.9466169999999999,0.541185
0.947692,0.538778
0.948766,0.5365909999999999
0.9498409999999999,0.532872
0.950915,0.531122
0.95199,0.528497
0.9530639999999999,0.525216
0.954139,0.523466
0.955213,0.520622
0.9562879999999999,0.51756
0.9573619999999999,0.516466
0.958437,0.513185
0.959511,0.510778
0.9605859999999999,0.509247
0.96166,0.505966
0.962735,0.503997
0.9638089999999999,0.502466
0.9648829999999999,0.49918500000000005
0.965958,0.49765400000000004
0.967032,0.495685
0.9681069999999999,0.492622
0.969181,0.49152900000000005
0.970256,0.48934099999999997
0.9713299999999999,0.4867159999999999
0.972405,0.48562200000000005
0.973479,0.482997
0.9745539999999999,0.48080999999999996
0.9756279999999999,0.479716
0.976703,0.476872
0.977777,0.475122
0.9788519999999999,0.47380999999999995
0.979926,0.470966
0.9810009999999999,0.469872
0.9820749999999999,0.468341
0.98315,0.46527899999999994
0.984224,0.464404
0.9852989999999999,0.46265399999999995
0.9863729999999999,0.460029
0.987448,0.45937199999999995
0.9885219999999999,0.457185
0.989597,0.454997
0.990671,0.454341
0.991745,0.45171599999999995
0.9928199999999999,0.450185
0.9938939999999999,0.44931
0.994969,0.446904
0.9960429999999999,0.44559099999999996
0.997118,0.444498
0.998192,0.441654
0.9992669999999999,0.441216
1.000341,0.439685
1.0014159999999999,0.437279
1.0024899999999999,0.436623
1.003565,0.434873
1.004639,0.43290399999999996
1.005714,0.432466
1.006788,0.43027899999999997
1.007863,0.42874799999999996
1.008937,0.428091
1.010012,0.42568500000000004
1.011086,0.424591
1.0121609999999999,0.423716
1.0132349999999999,0.42131
1.01431,0.420873
1.015384,0.41934099999999996
1.016459,0.417154
1.017533,0.416935
1.018608,0.41518499999999997
1.019682,0.413435
1.020756,0.412998
1.021831,0.411029
1.022905,0.40971599999999997
1.02398,0.409279
1.025054,0.407091
1.0261289999999998,0.40621599999999997
1.0272029999999999,0.40534099999999995
1.028278,0.403154
1.029352,0.402716
1.030427,0.401623
1.031501,0.399654
1.032576,0.399216
1.03365,0.397904
1.034725,0.395935
1.035799,0.395935
1.0368739999999999,0.39418499999999995
1.0379479999999999,0.392654
1.039023,0.39243500000000003
1.040097,0.390467
1.041172,0.389592
1.042246,0.389154
1.043321,0.386967
1.044395,0.38652899999999996
1.04547,0.38565399999999994
1.046544,0.383685
1.047618,0.383467
1.0486929999999999,0.38237299999999996
1.049767,0.380404
1.050842,0.380623
1.0519159999999999,0.37887299999999996
1.052991,0.37756
1.054065,0.37756
1.05514,0.375592
1.056214,0.37471699999999997
1.057289,0.37471699999999997
1.058363,0.37231
1.0594379999999999,0.372092
1.060512,0.371435
1.061587,0.369467
1.0626609999999999,0.369467
1.063736,0.368373
1.06481,0.36662300000000003
1.065885,0.36684199999999995
1.066959,0.36509199999999997
1.068034,0.363779
1.069108,0.363998
1.0701829999999999,0.362248
1.071257,0.361373
1.0723319999999998,0.361373
1.0734059999999999,0.359185
1.074481,0.35896700000000004
1.075555,0.358529
1.076629,0.35656
1.077704,0.35656
1.078778,0.355904
1.079853,0.35415399999999997
1.080927,0.354373
1.082002,0.35306000000000004
1.083076,0.351529
1.0841509999999999,0.35196700000000003
1.0852249999999999,0.350217
1.0863,0.34912299999999996
1.0873739999999998,0.34956000000000004
1.088449,0.347373
1.089523,0.34715399999999996
1.090598,0.346935
1.091672,0.34496699999999997
1.092747,0.34496699999999997
1.093821,0.34431
1.0948959999999999,0.34256000000000003
1.0959699999999999,0.34299799999999997
1.097045,0.341685
1.0981189999999998,0.340373
1.099194,0.340592
1.100268,0.33906
1.101343,0.33840400000000004
1.102417,0.33862299999999995
1.103492,0.336873
1.104566,0.336436
1.1056409999999999,0.336217
1.106715,0.33446699999999996
1.107789,0.33446699999999996
1.1088639999999998,0.334029
1.1099379999999999,0.332279
1.111013,0.332717
1.112087,0.331623
1.113162,0.330529
1.114236,0.33096699999999996
1.115311,0.329436
1.116385,0.328561
1.11746,0.328779
1.118534,0.32724800000000004
1.1196089999999999,0.32681099999999996
1.1206829999999999,0.32681099999999996
1.121758,0.32484199999999996
1.122832,0.325061
1.123907,0.324623
1.124981,0.322873
1.126056,0.32331099999999996
1.12713,0.322436
1.128205,0.32090399999999997
1.129279,0.321779
1.1303539999999999,0.320248
1.1314279999999999,0.319592
1.132503,0.320029
1.133577,0.318061
1.134652,0.317842
1.135726,0.318061
1.1368,0.31631099999999995
1.137875,0.316529
1.138949,0.316092
1.140024,0.314342
1.141098,0.314779
1.1421729999999999,0.314123
1.143247,0.312811
1.1443219999999998,0.313467
1.1453959999999999,0.312373
1.146471,0.311279
1.147545,0.311936
1.14862,0.310186
1.149694,0.309967
1.150769,0.310186
1.151843,0.308654
1.1529179999999999,0.308654
1.153992,0.308436
1.1550669999999998,0.306686
1.1561409999999999,0.307342
1.157216,0.306467
1.15829,0.305154
1.159365,0.306029
1.160439,0.304717
1.161514,0.303842
1.162588,0.304279
1.163663,0.302967
1.164737,0.302529
1.165811,0.302967
1.1668859999999999,0.301217
1.1679599999999999,0.301436
1.169035,0.301436
1.1701089999999998,0.299686
1.171184,0.300123
1.172258,0.299686
1.173333,0.29837299999999994
1.174407,0.299029
1.175482,0.297936
1.176556,0.297061
1.1776309999999999,0.297717
1.178705,0.296186
1.17978,0.295967
1.1808539999999998,0.296404
1.181929,0.294873
1.183003,0.294873
1.184078,0.294873
1.185152,0.293342
1.186227,0.293779
1.187301,0.293342
1.1883759999999999,0.292029
1.18945,0.292686
1.190525,0.291811
1.1915989999999999,0.29071699999999995
1.1926729999999999,0.291373
1.193748,0.290279
1.194822,0.289842
1.195897,0.29049800000000003
1.196971,0.288748
1.198046,0.288748
1.19912,0.288967
1.200195,0.28721699999999994
1.201269,0.287873
1.2023439999999999,0.287654
1.2034179999999999,0.286342
1.204493,0.28699800000000003
1.205567,0.286123
1.206642,0.285248
1.207716,0.285904
1.208791,0.284811
1.209865,0.284154
1.21094,0.285029
1.212014,0.283279
1.2130889999999999,0.283498
1.2141629999999999,0.283717
1.215238,0.281967
1.2163119999999998,0.282623
1.217387,0.282404
1.218461,0.280873
1.219535,0.281748
1.22061,0.281092
1.221684,0.280217
1.222759,0.280873
1.223833,0.27978
1.2249079999999999,0.279123
1.225982,0.279998
1.2270569999999998,0.278467
1.2281309999999999,0.278467
1.229206,0.27890499999999996
1.23028,0.277373
1.231355,0.277811
1.232429,0.277811
1.233504,0.27627999999999997
1.234578,0.277155
1.235653,0.276498
1.236727,0.275623
1.2378019999999998,0.27627999999999997
1.2388759999999999,0.27540499999999996
1.239951,0.274748
1.241025,0.27584200000000003
1.2421,0.274092
1.243174,0.274092
1.244249,0.27453
1.245323,0.272998
1.246397,0.273436
1.247472,0.273655
1.248546,0.272123
1.2496209999999999,0.27277999999999997
1.250695,0.272561
1.25177,0.271248
1.2528439999999998,0.27234200000000003
1.253919,0.271248
1.254993,0.270592
1.256068,0.27168600000000004
1.257142,0.270155
1.258217,0.270155
1.259291,0.270811
1.2603659999999999,0.26927999999999996
1.26144,0.269717
1.262515,0.269936
1.2635889999999999,0.26840499999999995
1.264664,0.269061
1.265738,0.268842
1.266813,0.267748
1.267887,0.268623
1.268962,0.267748
1.270036,0.267311
1.2711109999999999,0.267967
1.272185,0.26687299999999997
1.273259,0.266655
1.2743339999999999,0.26753
1.2754079999999999,0.26577999999999996
1.276483,0.266217
1.2775569999999998,0.266436
1.278632,0.265123
1.279706,0.26577999999999996
1.280781,0.265561
1.281855,0.264248
1.28293,0.265342
1.284004,0.26468600000000003
1.2850789999999999,0.26403000000000004
1.2861529999999999,0.264905
1.287228,0.263592
1.2883019999999998,0.26337299999999997
1.289377,0.264248
1.290451,0.262717
1.291526,0.26315500000000003
1.2926,0.26337299999999997
1.293675,0.26228
1.294749,0.262717
1.2958239999999999,0.26249799999999995
1.2968979999999999,0.261405
1.297973,0.26249799999999995
1.2990469999999998,0.26184199999999996
1.300122,0.260748
1.301196,0.26184199999999996
1.30227,0.260748
1.303345,0.26053000000000004
1.304419,0.261405
1.305494,0.25987299999999997
1.306568,0.260311
1.3076429999999999,0.260748
1.308717,0.259217
1.3097919999999998,0.25987299999999997
1.3108659999999999,0.260092
1.311941,0.258561
1.313015,0.259655
1.31409,0.25899799999999995
1.315164,0.258123
1.316239,0.259217
1.317313,0.258123
1.318388,0.257905
1.319462,0.25878
1.3205369999999998,0.257467
1.3216109999999999,0.25768599999999997
1.322686,0.257905
1.32376,0.256592
1.324835,0.257248
1.325909,0.257248
1.326984,0.256155
1.328058,0.25703000000000004
1.329133,0.256592
1.330207,0.255498
1.331281,0.256592
1.3323559999999999,0.25571699999999997
1.33343,0.255498
1.3345049999999998,0.256155
1.3355789999999998,0.25484199999999996
1.336654,0.25528
1.337728,0.25571699999999997
1.338803,0.25418599999999997
1.339877,0.25484199999999996
1.340952,0.255061
1.342026,0.25374800000000003
1.3431009999999999,0.25462300000000004
1.344175,0.25418599999999997
1.3452499999999998,0.253311
1.3463239999999999,0.25418599999999997
1.347399,0.25353000000000003
1.348473,0.253092
1.349548,0.253967
1.350622,0.252655
1.351697,0.252655
1.352771,0.253311
1.3538459999999999,0.251998
1.35492,0.252655
1.3559949999999998,0.252655
1.3570689999999999,0.25134199999999995
1.358144,0.252436
1.359218,0.251998
1.360293,0.250905
1.361367,0.25221699999999997
1.362441,0.251561
1.363516,0.25068599999999996
1.36459,0.25178
1.365665,0.25068599999999996
1.366739,0.250467
1.3678139999999999,0.25134199999999995
1.3688879999999999,0.249811
1.369963,0.25068599999999996
1.3710369999999998,0.25068599999999996
1.372112,0.24937299999999998
1.373186,0.250248
1.374261,0.25003
1.375335,0.248936
1.37641,0.25003
1.377484,0.24937299999999998
1.3785589999999999,0.248717
1.3796329999999999,0.249811
1.380708,0.248717
1.3817819999999998,0.24849799999999997
1.382857,0.24937299999999998
1.383931,0.24784199999999998
1.385006,0.24849799999999997
1.38608,0.248717
1.387155,0.247623
1.388229,0.24828
1.3893039999999999,0.24828
1.390378,0.24696700000000002
1.3914529999999998,0.24828
1.3925269999999998,0.247623
1.3936009999999999,0.246748
1.394676,0.24806099999999998
1.39575,0.246748
1.396825,0.246748
1.397899,0.24784199999999998
1.398974,0.246092
1.400048,0.24652999999999997
1.401123,0.24696700000000002
1.402197,0.245655
1.4032719999999999,0.246748
1.4043459999999999,0.24652999999999997
1.405421,0.245217
1.4064949999999998,0.24652999999999997
1.40757,0.24587299999999998
1.408644,0.244998
1.409719,0.246092
1.410793,0.24478
1.411868,0.24478
1.412942,0.24587299999999998
1.4140169999999999,0.24434199999999998
1.4150909999999999,0.24478
1.416166,0.245217
1.4172399999999998,0.24390499999999998
1.418315,0.24478
1.419389,0.244561
1.420463,0.24346700000000002
1.421538,0.244561
1.422612,0.24390499999999998
1.423687,0.24324800000000002
1.424761,0.24434199999999998
1.4258359999999999,0.24346700000000002
1.42691,0.24302999999999997
1.4279849999999998,0.24434199999999998
1.4290589999999999,0.24281100000000003
1.430134,0.24302999999999997
1.431208,0.24368599999999999
1.432283,0.242155
1.433357,0.24302999999999997
1.434432,0.24302999999999997
1.435506,0.241717
1.4365809999999999,0.24281100000000003
1.437655,0.242373
1.4387299999999998,0.241498
1.4398039999999999,0.24281100000000003
1.440879,0.241717
1.441953,0.241498
1.443028,0.242592
1.444102,0.24128
1.445177,0.241498
1.446251,0.242155
1.447325,0.24084199999999997
1.4484,0.24128
1.449474,0.241498
1.4505489999999999,0.24018599999999998
1.4516229999999999,0.24128
1.452698,0.24084199999999997
1.4537719999999998,0.24018599999999998
1.454847,0.24128
1.455921,0.24040499999999998
1.456996,0.239967
1.45807,0.241061
1.459145,0.23974800000000002
1.460219,0.239967
1.4612939999999999,0.24062299999999998
1.462368,0.23931100000000002
1.4634429999999998,0.239967
1.4645169999999998,0.24018599999999998
1.465592,0.238873
1.466666,0.23974800000000002
1.467741,0.23952999999999997
1.468815,0.238436
1.46989,0.239967
1.470964,0.239092
1.4720389999999999,0.23821699999999998
1.473113,0.23952999999999997
1.474187,0.23821699999999998
1.4752619999999999,0.23821699999999998
1.4763359999999999,0.239092
1.477411,0.23778
1.4784849999999998,0.238436
1.47956,0.238655
1.480634,0.237123
1.481709,0.238436
1.482783,0.237998
1.483858,0.237123
1.484932,0.23821699999999998
1.4860069999999999,0.237561
1.4870809999999999,0.23690499999999998
1.488156,0.23821699999999998
1.4892299999999998,0.23690499999999998
1.490305,0.23690499999999998
1.491379,0.237998
1.492454,0.23646699999999998
1.493528,0.23690499999999998
1.494603,0.23734199999999997
1.495677,0.23603
1.4967519999999999,0.237123
1.4978259999999999,0.236686
1.498901,0.235592
1.4999749999999998,0.23690499999999998
1.498901,0.23624799999999999
1.4978259999999999,0.235592
1.4967519999999999,0.23690499999999998
1.495677,0.235592
1.494603,0.235592
1.493528,0.23646699999999998
1.492454,0.235155
1.491379,0.235592
1.490305,0.23603
1.4892299999999998,0.234936
1.488156,0.235592
1.4870809999999999,0.235373
1.4860069999999999,0.23428000000000002
1.484932,0.235592
1.483858,0.234936
1.482783,0.23428000000000002
1.481709,0.235592
1.480634,0.23428000000000002
1.47956,0.23428000000000002
1.4784849999999998,0.235155
1.477411,0.233842
1.4763359999999999,0.23428000000000002
1.4752619999999999,0.234936
1.474187,0.233405
1.473113,0.23449799999999998
1.4720389999999999,0.23449799999999998
1.470964,0.233186
1.46989,0.23428000000000002
1.468815,0.233842
1.467741,0.232967
1.466666,0.234061
1.465592,0.232967
1.4645169999999998,0.232967
1.4634429999999998,0.234061
1.462368,0.23274799999999998
1.4612939999999999,0.232967
1.460219,0.233623
1.459145,0.232092
1.45807,0.232967
1.456996,0.233405
1.455921,0.232092
1.454847,0.233186
1.4537719999999998,0.23274799999999998
1.452698,0.231873
1.4516229999999999,0.233186
1.4505489999999999,0.232311
1.449474,0.231655
1.4484,0.232967
1.447325,0.231655
1.446251,0.231655
1.445177,0.23253000000000001
1.444102,0.231217
1.443028,0.231873
1.441953,0.232092
1.440879,0.23099799999999998
1.4398039999999999,0.231873
1.4387299999999998,0.231655
1.437655,0.230561
1.4365809999999999,0.231873
1.435506,0.23099799999999998
1.434432,0.230561
1.433357,0.231873
1.432283,0.230561
1.431208,0.230561
1.430134,0.231436
1.4290589999999999,0.229905
1.4279849999999998,0.23078
1.42691,0.23099799999999998
1.4258359999999999,0.22968599999999997
1.424761,0.23078
1.423687,0.230561
1.422612,0.229467
1.421538,0.23078
1.420463,0.230123
1.419389,0.229467
1.418315,0.230561
1.4172399999999998,0.229467
1.416166,0.229467
1.4150909999999999,0.230342
1.4140169999999999,0.228811
1.412942,0.22968599999999997
1.411868,0.229905
1.410793,0.228373
1.409719,0.229467
1.408644,0.22924799999999998
1.40757,0.228373
1.4064949999999998,0.229467
1.405421,0.22903
1.4043459999999999,0.228373
1.4032719999999999,0.229467
1.402197,0.228373
1.401123,0.228373
1.400048,0.22924799999999998
1.398974,0.22793599999999997
1.397899,0.228592
1.396825,0.228811
1.39575,0.22749799999999998
1.394676,0.228592
1.3936009999999999,0.228373
1.3925269999999998,0.22749799999999998
1.3914529999999998,0.228592
1.390378,0.22793599999999997
1.3893039999999999,0.22749799999999998
1.388229,0.228373
1.387155,0.22749799999999998
1.38608,0.22728
1.385006,0.228373
1.383931,0.226842
1.382857,0.22749799999999998
1.3817819999999998,0.22793599999999997
1.380708,0.226623
1.3796329999999999,0.22749799999999998
1.3785589999999999,0.22749799999999998
1.377484,0.226405
1.37641,0.22749799999999998
1.375335,0.226842
1.374261,0.226186
1.373186,0.22749799999999998
1.372112,0.226405
1.3710369999999998,0.226186
1.369963,0.22749799999999998
1.3688879999999999,0.225967
1.3678139999999999,0.226623
1.366739,0.22706099999999999
1.365665,0.22553
1.36459,0.226405
1.363516,0.226623
1.362441,0.225311
1.361367,0.226623
1.360293,0.225967
1.359218,0.225092
1.358144,0.226405
1.3570689999999999,0.22553
1.3559949999999998,0.225311
1.35492,0.226405
1.3538459999999999,0.225092
1.352771,0.225311
1.351697,0.226186
1.350622,0.224655
1.349548,0.22553
1.348473,0.225748
1.347399,0.224436
1.3463239999999999,0.22553
1.3452499999999998,0.225092
1.344175,0.224217
1.3431009999999999,0.22553
1.342026,0.224655
1.340952,0.224436
1.339877,0.22553
1.338803,0.223999
1.337728,0.224217
1.336654,0.225092
1.3355789999999998,0.22377999999999998
1.3345049999999998,0.224436
1.33343,0.224655
1.3323559999999999,0.22334199999999998
1.331281,0.224655
1.330207,0.224217
1.329133,0.22334199999999998
1.328058,0.224436
1.326984,0.223561
1.325909,0.22334199999999998
1.324835,0.224436
1.32376,0.22312400000000002
1.322686,0.22334199999999998
1.3216109999999999,0.224217
1.3205369999999998,0.222905
1.319462,0.223561
1.318388,0.22377999999999998
1.317313,0.222467
1.316239,0.223561
1.315164,0.22334199999999998
1.31409,0.222467
1.313015,0.223561
1.311941,0.222905
1.3108659999999999,0.222467
1.3097919999999998,0.22377999999999998
1.308717,0.222249
1.3076429999999999,0.222467
1.306568,0.22334199999999998
1.305494,0.22202999999999998
1.304419,0.222905
1.303345,0.22312400000000002
1.30227,0.22159199999999998
1.301196,0.222905
1.300122,0.222467
1.2990469999999998,0.22159199999999998
1.297973,0.222686
1.2968979999999999,0.22202999999999998
1.2958239999999999,0.22137400000000002
1.294749,0.222686
1.293675,0.22159199999999998
1.2926,0.22137400000000002
1.291526,0.222686
1.290451,0.221155
1.289377,0.22159199999999998
1.2883019999999998,0.22202999999999998
1.287228,0.220936
1.2861529999999999,0.221811
1.2850789999999999,0.221811
1.284004,0.220717
1.28293,0.221811
1.281855,0.22137400000000002
1.280781,0.220499
1.279706,0.221811
1.278632,0.220717
1.2775569999999998,0.220717
1.276483,0.221811
1.2754079999999999,0.22027999999999998
1.2743339999999999,0.220936
1.273259,0.22137400000000002
1.272185,0.220061
1.2711109999999999,0.220936
1.270036,0.220936
1.268962,0.219624
1.267887,0.220936
1.266813,0.220499
1.265738,0.219624
1.264664,0.220936
1.2635889999999999,0.220061
1.262515,0.219624
1.26144,0.220936
1.2603659999999999,0.219624
1.259291,0.219624
1.258217,0.220499
1.257142,0.218967
1.256068,0.220061
1.254993,0.220061
1.253919,0.218749
1.2528439999999998,0.220061
1.25177,0.219624
1.250695,0.218749
1.2496209999999999,0.220061
1.248546,0.219186
1.247472,0.218749
1.246397,0.220061
1.245323,0.218749
1.244249,0.218967
1.243174,0.21984199999999998
1.2421,0.218311
1.241025,0.219186
1.239951,0.219624
1.2388759999999999,0.21809199999999998
1.2378019999999998,0.219405
1.236727,0.218967
1.235653,0.218311
1.234578,0.219405
1.233504,0.21852999999999997
1.232429,0.21809199999999998
1.231355,0.219405
1.23028,0.21809199999999998
1.229206,0.21809199999999998
1.2281309999999999,0.219186
1.2270569999999998,0.217655
1.225982,0.21852999999999997
1.2249079999999999,0.218749
1.223833,0.217436
1.222759,0.21852999999999997
1.221684,0.218311
1.22061,0.217217
1.219535,0.21852999999999997
1.218461,0.217655
1.217387,0.217217
1.2163119999999998,0.218749
1.215238,0.217217
1.2141629999999999,0.217436
1.2130889999999999,0.218311
1.212014,0.21677999999999997
1.21094,0.217436
1.209865,0.21787399999999998
1.208791,0.216561
1.207716,0.217655
1.206642,0.217436
1.205567,0.216561
1.204493,0.21787399999999998
1.2034179999999999,0.217217
1.2023439999999999,0.216561
1.201269,0.21787399999999998
1.200195,0.21677999999999997
1.19912,0.216561
1.198046,0.217655
1.196971,0.21634199999999998
1.195897,0.21677999999999997
1.194822,0.217217
1.193748,0.21612399999999998
1.1926729999999999,0.216999
1.1915989999999999,0.216999
1.190525,0.215686
1.18945,0.216999
1.1883759999999999,0.216561
1.187301,0.215686
1.186227,0.216999
1.185152,0.215905
1.184078,0.215905
1.183003,0.216999
1.181929,0.21546700000000002
1.1808539999999998,0.215905
1.17978,0.21634199999999998
1.178705,0.215249
1.1776309999999999,0.21612399999999998
1.176556,0.21634199999999998
1.175482,0.21503
1.174407,0.21634199999999998
1.173333,0.215686
1.172258,0.21503
1.171184,0.21634199999999998
1.1701089999999998,0.215249
1.169035,0.21503
1.1679599999999999,0.21634199999999998
1.1668859999999999,0.214811
1.165811,0.215249
1.164737,0.215905
1.163663,0.214592
1.162588,0.215249
1.161514,0.215249
1.160439,0.21437399999999998
1.159365,0.21546700000000002
1.15829,0.21503
1.157216,0.21437399999999998
1.1561409999999999,0.21546700000000002
1.1550669999999998,0.214592
1.153992,0.21437399999999998
1.1529179999999999,0.21546700000000002
1.151843,0.214155
1.150769,0.214592
1.149694,0.21503
1.14862,0.21371700000000002
1.147545,0.214592
1.146471,0.21503
1.1453959999999999,0.21371700000000002
1.1443219999999998,0.21503
1.143247,0.214592
1.1421729999999999,0.213499
1.141098,0.214811
1.140024,0.213936
1.138949,0.213499
1.137875,0.21503
1.1368,0.213499
1.135726,0.21371700000000002
1.134652,0.214592
1.133577,0.213061
1.132503,0.213936
1.1314279999999999,0.214155
1.1303539999999999,0.212842
1.129279,0.213936
1.128205,0.21371700000000002
1.12713,0.212842
1.126056,0.214155
1.124981,0.21328
1.123907,0.212842
1.122832,0.214155
1.121758,0.212842
1.1206829999999999,0.212842
1.1196089999999999,0.213936
1.118534,0.21262399999999998
1.11746,0.213061
1.116385,0.213499
1.115311,0.212405
1.114236,0.21328
1.113162,0.213061
1.112087,0.21218599999999999
1.111013,0.213499
1.1099379999999999,0.21262399999999998
1.1088639999999998,0.21218599999999999
1.107789,0.21371700000000002
1.106715,0.21218599999999999
1.1056409999999999,0.212405
1.104566,0.21328
1.103492,0.21196700000000002
1.102417,0.212405
1.101343,0.212842
1.100268,0.21153
1.099194,0.21262399999999998
1.0981189999999998,0.21262399999999998
1.097045,0.21153
1.0959699999999999,0.212842
1.0948959999999999,0.21218599999999999
1.093821,0.21153
1.092747,0.21262399999999998
1.091672,0.211749
1.090598,0.21153
1.089523,0.212842
1.088449,0.211311
1.0873739999999998,0.211749
1.0863,0.212405
1.0852249999999999,0.211092
1.0841509999999999,0.21196700000000002
1.083076,0.21218599999999999
1.082002,0.211092
1.080927,0.21153
1.079853,0.201905
1.078778,0.19534200000000002
1.077704,0.189655
1.076629,0.18440499999999999
1.075555,0.178499
1.074481,0.173467
1.0734059999999999,0.16843599999999997
1.0723319999999998,0.163405
1.071257,0.158811
1.0701829999999999,0.15378
1.069108,0.14918599999999999
1.068034,0.14524900000000002
1.066959,0.140874
1.065885,0.136718
1.06481,0.13278
1.063736,0.12884299999999999
1.0626609999999999,0.125124
1.061587,0.12162400000000001
1.060512,0.117686
1.0594379999999999,0.11462399999999999
1.058363,0.11156200000000001
1.057289,0.10806199999999999
1.056214,0.104999
1.05514,0.10215500000000001
1.054065,0.09887456800000001
1.052991,0.09646832000000001
1.0519159999999999,0.09340584000000002
1.050842,0.090780848
1.049767,0.08859336000000001
1.0486929999999999,0.085749616
1.047618,0.083343384
1.046544,0.08115588800000001
1.04547,0.07853090400000001
1.044395,0.07634341600000001
1.043321,0.07459341600000001
1.042246,0.071968432
1.041172,0.07021843200000001
1.040097,0.068249696
1.039023,0.066280956
1.0379479999999999,0.06474971600000001
1.0368739999999999,0.062780972
1.035799,0.06081222800000001
1.034725,0.059499736000000004
1.03365,0.057749744
1.032576,0.056218500000000005
1.031501,0.054906008000000006
1.030427,0.05315601200000001
1.029352,0.05162476800000001
1.028278,0.05053102400000001
1.0272029999999999,0.048562284000000004
1.0261289999999998,0.047687288
1.025054,0.046593544
1.02398,0.044843548000000004
1.022905,0.044187304000000004
1.021831,0.042984184
1.020756,0.041671692
1.019682,0.040906068000000004
1.018608,0.039702948
1.017533,0.038609204
1.016459,0.037734208000000005
1.015384,0.036531087999999996
1.01431,0.035765468
1.0132349999999999,0.034999844
1.0121609999999999,0.0339061
1.011086,0.033249852
1.010012,0.032374858000000006
1.008937,0.031281112
1.007863,0.03073424
1.006788,0.029968616000000003
1.005714,0.029202996000000002
1.004639,0.028656122000000003
1.003565,0.027781126000000003
1.0024899999999999,0.027015506
1.0014159999999999,0.02668738
1.000341,0.025921760000000002
0.9992669999999999,0.025156138
0.998192,0.024937388
0.997118,0.024062392000000002
0.9960429999999999,0.02351552
0.994969,0.023078022
0.9938939999999999,0.022312400000000003
0.9928199999999999,0.010690353
0.991745,0.015500732000000001
0.990671,0.016743926
0.989597,0.016844726
0.9885219999999999,0.016503126000000003
0.987448,0.016161529
0.9863729999999999,0.015707931
0.9852989999999999,0.015231934000000003
0.984224,0.014867934000000001
0.98315,0.014470337000000002
0.9820749999999999,0.014039139
0.9810009999999999,0.01371434
0.979926,0.013255142000000001
0.9788519999999999,0.012913543000000001
0.977777,0.012633545000000001
0.976703,0.012219146
0.9756279999999999,0.011894348
0.9745539999999999,0.011642348
0.973479,0.011255951
0.972405,0.011003952000000001
0.9713299999999999,0.010690353
0.970256,0.010404754
0.969181,0.010163955000000002
0.9681069999999999,0.009861556
0.967032,0.009570358000000001
0.965958,0.009430359000000001
0.9648829999999999,0.00907756
0.9638089999999999,0.008836761
0.962735,0.008674362
0.96166,0.008355163
0.9605859999999999,0.008147964
0.959511,0.007968764000000001
0.958437,0.0076103670000000016
0.9573619999999999,0.007475967000000001
0.9562879999999999,0.007240768000000001
0.955213,0.006971969000000001
0.954139,0.00685997
0.9530639999999999,0.006619171
0.95199,0.006367172
0.950915,0.006221572
0.9498409999999999,0.006014373000000001
0.948766,0.0058295740000000006
0.947692,0.005711975
0.9466169999999999,0.005454376
0.9455429999999999,0.005286376
0.944468,0.005168777000000001
0.943394,0.004939178
0.9423189999999999,0.004838378000000001
0.941245,0.004743179000000001
0.94017,0.0045303800000000005
0.9390959999999999,0.004423980000000001
0.938021,0.004278381
0.936947,0.004059982
0.9358719999999999,0.004020782
0.9347979999999999,0.003847183
0.933724,0.0036959830000000003
0.932649,0.0036623840000000003
0.9315749999999999,0.003460784
0.9305,0.003354385
0.929426,0.003287185
0.9283509999999999,0.0031135860000000002
0.9272769999999999,0.0030127860000000004
0.926202,0.0029399870000000002
0.925128,0.0027327880000000003
0.924053,0.002687988
0.922979,0.0025535880000000003
0.921904,0.002357589
0.9208299999999999,0.002335189
0.919755,0.00215599
0.918681,0.0020327910000000004
0.9176059999999999,0.0020271910000000002
0.916532,0.0018423910000000003
0.915457,0.001730392
0.914383,0.0017191920000000002
0.913308,0.0015399930000000001
0.912234,0.001467193
0.9111589999999999,0.0013999930000000002
0.9100849999999999,0.0012487940000000001
0.90901,0.0012263940000000002
0.907936,0.0011031950000000002
0.9068609999999999,0.000979995
0.905787,0.0009519950000000001
0.904713,0.0008623960000000001
0.9036379999999999,0.0007615960000000001
0.9025639999999999,0.000739196
0.901489,0.000610397
0.900415,0.0005543970000000001
0.8993399999999999,0.000543197
0.898266,0.00039759800000000004
0.897191,0.00038079800000000006
0.8961169999999999,0.00035279800000000003
0.895042,0.00021279900000000003
0.893968,0.00019039900000000003
0.8928929999999999,0.00011759900000000001
0.8918189999999999,-2.2399902000000004e-05
0.890744,-5.5999750000000005e-06
0.88967,-0.00013439900000000003
0.8885949999999999,-0.00023519800000000002
0.887521,-0.00023519800000000002
0.886446,-0.00038639800000000004
0.8853719999999999,-0.00046479700000000003
0.884297,-0.00048719700000000003
0.883223,-0.0006047970000000001
0.8821479999999999,-0.000699996
0.8810739999999999,-0.0007335960000000001
0.879999,-0.0008399960000000001
0.878925,-0.000873596
0.8778499999999999,-0.000946395
0.876776,-0.0010303950000000001
0.875702,-0.0010303950000000001
0.8746269999999999,-0.0011423950000000003
0.8735529999999999,-0.0012319940000000001
0.872478,-0.001192794
0.871404,-0.001287994
0.8703289999999999,-0.001355194
0.869255,-0.001360794
0.86818,-0.001478393
0.8671059999999999,-0.0015063930000000002
0.866031,-0.001517593
0.864957,-0.001635192
0.8638819999999999,-0.0016463920000000002
0.8628079999999999,-0.0016799920000000002
0.861733,-0.0017863920000000001
0.860659,-0.001763992
0.859584,-0.0018367910000000002
0.85851,-0.001948791
0.857435,-0.001903991
0.8563609999999999,-0.002015991
0.855286,-0.00211679
0.854212,-0.00211119
0.8531369999999999,-0.0022399900000000003
0.852063,-0.0022511900000000006
0.850988,-0.002301589
0.849914,-0.002441589
0.8488399999999999,-0.0024527890000000004
0.847765,-0.002463989
0.846691,-0.002609588
0.8456159999999999,-0.002570388
0.844542,-0.002643188
0.843467,-0.002743988
0.842393,-0.002727188
0.841318,-0.0027999870000000003
0.840244,-0.002900787
0.8391689999999999,-0.0028727870000000003
0.8380949999999999,-0.0029791870000000003
0.83702,-0.0029903860000000003
0.835946,-0.0029791870000000003
0.8348709999999999,-0.0031247860000000005
0.833797,-0.003141586
0.832722,-0.0031135860000000002
0.8316479999999999,-0.003247985
0.830573,-0.003214385
0.829499,-0.0032703850000000002
0.8284239999999999,-0.0033431850000000003
0.8273499999999999,-0.003303985
0.826275,-0.0033599850000000002
0.825201,-0.003455184
0.8241259999999999,-0.003410385
0.823052,-0.0035391840000000003
0.821978,-0.0036063840000000002
0.8209029999999999,-0.0035783840000000004
0.8198289999999999,-0.0037183830000000005
0.818754,-0.0037463830000000007
0.81768,-0.003763183
0.8166049999999999,-0.003908782
0.815531,-0.003908782
0.814456,-0.003942382
0.8133819999999999,-0.004082382
0.812307,-0.0040543820000000005
0.811233,-0.004121581
0.8101579999999999,-0.004233581
0.8090839999999999,-0.004166381
0.808009,-0.004255981
0.806935,-0.0043567810000000005
0.8058599999999999,-0.004339981
0.804786,-0.004429580000000001
0.803711,-0.00444638
0.8026369999999999,-0.00445758
0.801562,-0.0045303800000000005
0.800488,-0.00455278
0.7994129999999999,-0.004608779
0.7983389999999999,-0.004731979000000001
0.797264,-0.004642379
0.79619,-0.004726379
0.795115,-0.004782379000000001
0.794041,-0.004743179000000001
0.792967,-0.004871978
0.7918919999999999,-0.004899978
0.7908179999999999,-0.004860778
0.789743,-0.005028778
0.788669,-0.005017578
0.787594,-0.005034378
0.78652,-0.0051631770000000006
0.785445,-0.0051967770000000005
0.7843709999999999,-0.005241577000000001
0.783296,-0.005347976000000001
0.782222,-0.005331176000000001
0.7811469999999999,-0.005420776
0.780073,-0.0055271750000000005
0.778998,-0.005499176000000001
0.777924,-0.005588775000000001
0.776849,-0.005655975000000001
0.775775,-0.005644775
0.7746999999999999,-0.005762374000000001
0.7736259999999999,-0.0058463740000000005
0.772551,-0.005812774000000001
0.771477,-0.005919174000000001
0.7704019999999999,-0.005907974000000001
0.769328,-0.005958374000000001
0.768253,-0.006103973
0.7671789999999999,-0.006025573000000001
0.766104,-0.006098373000000001
0.76503,-0.006204772
0.7639549999999999,-0.006154373
0.7628809999999999,-0.006232772
0.761807,-0.006305572000000001
0.760732,-0.006271972000000001
0.7596579999999999,-0.006395172
0.758583,-0.0063895720000000005
0.757509,-0.006367172
0.7564339999999999,-0.006540771
0.7553599999999999,-0.0065463710000000005
0.754285,-0.006551971
0.753211,-0.006691970000000001
0.7521359999999999,-0.00667517
0.751062,-0.00677597
0.749987,-0.006882369
0.7489129999999999,-0.0070055690000000006
0.747838,-0.006999969000000001
0.746764,-0.007111968000000001
0.7456889999999999,-0.007083969000000001
0.7446149999999999,-0.007223968000000001
0.74354,-0.007263168000000001
0.742466,-0.007257568000000001
0.7413909999999999,-0.007414367000000001
0.740317,-0.0073863670000000005
0.739242,-0.007442367000000001
0.7381679999999999,-0.007604767000000001
0.737093,-0.007587967000000001
0.736019,-0.0076551660000000014
0.734945,-0.007783965000000001
0.7338699999999999,-0.007727966
0.732796,-0.007851165
0.731721,-0.007923965000000002
0.7306469999999999,-0.007912765
0.729572,-0.007991164000000002
0.728498,-0.008080764
0.7274229999999999,-0.008069565
0.726349,-0.008203964000000001
0.725274,-0.008203964000000001
0.7242,-0.008237563
0.723125,-0.008377563000000001
0.722051,-0.008366363
0.720976,-0.008472762000000002
0.7199019999999999,-0.008567963000000001
0.718827,-0.008584762000000001
0.717753,-0.008707962
0.7166779999999999,-0.008842361
0.715604,-0.008803161
0.714529,-0.008954361000000001
0.713455,-0.00906636
0.71238,-0.009088760000000001
0.711306,-0.009228759
0.710231,-0.009245559
0.7091569999999999,-0.009279159
0.708083,-0.009447159000000002
0.707008,-0.009480759
0.705934,-0.009598358000000001
0.704859,-0.009749557
0.703785,-0.009693557
0.70271,-0.009777557000000001
0.7016359999999999,-0.009911957
0.700561,-0.009934357000000001
0.699487,-0.010046356000000001
0.6984119999999999,-0.010186355
0.697338,-0.010169555000000002
0.696263,-0.010331955
0.695189,-0.010343155
0.694114,-0.010393555
0.69304,-0.010539154
0.6919649999999999,-0.010567153000000001
0.6908909999999999,-0.010595153000000001
0.689816,-0.010740752000000001
0.688742,-0.010757552
0.6876669999999999,-0.010863952
0.686593,-0.011026351000000002
0.685518,-0.011031951
0.6844439999999999,-0.011199950000000002
0.683369,-0.011334350000000002
0.682295,-0.011345550000000001
0.6812199999999999,-0.011569549
0.6801459999999999,-0.011631148000000001
0.679072,-0.011653548000000001
0.677997,-0.011894348
0.6769229999999999,-0.011950347
0.675848,-0.012056747
0.674774,-0.012241546
0.6736989999999999,-0.012269546000000001
0.6726249999999999,-0.012375945000000001
0.67155,-0.012571944
0.670476,-0.012577544000000001
0.669401,-0.012779144000000001
0.668327,-0.012919143000000001
0.667252,-0.012947143000000001
0.6661779999999999,-0.013092743
0.665103,-0.013215942
0.664029,-0.013283142000000001
0.6629539999999999,-0.013484740000000002
0.66188,-0.013546341
0.660805,-0.013652740000000002
0.659731,-0.013859939000000002
0.658656,-0.013854339000000002
0.657582,-0.014005539000000003
0.656507,-0.014190338000000002
0.6554329999999999,-0.014229537
0.654358,-0.014397536000000002
0.653284,-0.014548736
0.6522089999999999,-0.014632736000000002
0.651135,-0.014856734000000002
0.650061,-0.014979934000000002
0.648986,-0.015052733
0.6479119999999999,-0.015338332000000001
0.646837,-0.015450331000000003
0.645763,-0.015567931000000002
0.6446879999999999,-0.015831131
0.643614,-0.01590953
0.642539,-0.016088729000000003
0.641465,-0.016318328000000003
0.64039,-0.016385528
0.639316,-0.016592728
0.638241,-0.016799926
0.6371669999999999,-0.016878324
0.636092,-0.017152724
0.635018,-0.017287124
0.6339429999999999,-0.017404724
0.632869,-0.017690322
0.631794,-0.017791122000000003
0.63072,-0.017942322000000004
0.629645,-0.018250318
0.628571,-0.01834552
0.6274959999999999,-0.018535918000000002
0.6264219999999999,-0.018754318000000002
0.625347,-0.018849518000000003
0.624273,-0.019112716000000002
0.6231979999999999,-0.019342314000000003
0.622124,-0.019403916000000004
0.62105,-0.019678312000000003
0.6199749999999999,-0.019885512
0.6189009999999999,-0.020025512
0.617826,-0.02036711
0.616752,-0.02053511
0.6156769999999999,-0.02073111
0.614603,-0.021072706
0.613528,-0.021229508
0.6124539999999999,-0.021515104
0.611379,-0.021828704
0.610305,-0.021974304000000004
0.6092299999999999,-0.022287902000000002
0.6081559999999999,-0.022612702000000002
0.607081,-0.022763900000000004
0.606007,-0.023122298000000003
0.604932,-0.023419098
0.603858,-0.023575896000000002
0.602783,-0.023951096
0.6017089999999999,-0.024203092000000002
0.600634,-0.024455092
0.59956,-0.02484149
0.5984849999999999,-0.02507109
0.597411,-0.025351088
0.596336,-0.025737486000000004
0.595262,-0.025944686
0.5941879999999999,-0.026258284
0.593113,-0.026644682000000003
0.592039,-0.026885482000000002
0.5909639999999999,-0.027271880000000002
0.58989,-0.027619078000000002
0.588815,-0.027854276
0.587741,-0.028268676000000003
0.586666,-0.028599074000000002
0.585592,-0.028901472000000004
0.584517,-0.029360672
0.5834429999999999,-0.029702268000000004
0.582368,-0.030077466
0.581294,-0.030536666000000004
0.5802189999999999,-0.030878262000000004
0.579145,-0.031315062
0.57807,-0.031807858
0.576996,-0.032121460000000004
0.575921,-0.03263665600000001
0.574847,-0.033079056
0.573772,-0.033465452
0.5726979999999999,-0.033975048
0.571623,-0.034439848
0.570549,-0.034831848
0.5694739999999999,-0.035408644
0.5684,-0.035823044000000005
0.567326,-0.036304640000000006
0.566251,-0.036909436000000004
0.5651769999999999,-0.03727343600000001
0.564102,-0.037816632
0.563028,-0.038371032000000006
0.5619529999999999,-0.038813428000000004
0.560879,-0.039390228000000006
0.559804,-0.039961424
0.55873,-0.04037022
0.557655,-0.04101982
0.556581,-0.041529420000000004
0.5555059999999999,-0.041988612
0.5544319999999999,-0.042565412000000004
0.553357,-0.043052608
0.552283,-0.043517408
0.5512079999999999,-0.04413340400000001
0.550134,-0.04450860400000001
0.549059,-0.045029404
0.5479849999999999,-0.045550200000000006
0.54691,-0.0459366
0.545836,-0.046406996000000006
0.5447609999999999,-0.046877392000000004
0.5436869999999999,-0.047196592
0.542612,-0.047661392000000004
0.541538,-0.048058988000000004
0.540463,-0.048327788
0.539389,-0.04877018400000001
0.538314,-0.049083784000000005
0.5372399999999999,-0.049874776
0.5361659999999999,-0.0506404
0.535091,-0.05162476800000001
0.534017,-0.052171644
0.532942,-0.053265388000000004
0.531868,-0.05424976
0.530793,-0.05501538
0.5297189999999999,-0.056218500000000005
0.528644,-0.056984124000000004
0.52757,-0.058077868000000005
0.5264949999999999,-0.059499736000000004
0.525421,-0.06026536
0.524346,-0.061249732
0.523272,-0.06267159600000001
0.522197,-0.06354659600000001
0.521123,-0.064968464
0.520048,-0.066171584
0.5189739999999999,-0.06704658000000001
0.517899,-0.06857782400000001
0.516825,-0.069780936
0.5157499999999999,-0.070984056
0.514676,-0.072734056
0.513601,-0.07393717600000001
0.512527,-0.07524966400000001
0.511452,-0.07699965600000001
0.510378,-0.078421528
0.509304,-0.07984340000000001
0.5082289999999999,-0.08181213600000001
0.507155,-0.08301525600000001
0.50608,-0.084765248
0.505006,-0.08673399200000001
0.503931,-0.088155856
0.502857,-0.09012460000000001
0.501782,-0.09198396000000002
0.5007079999999999,-0.09373396
0.499633,-0.095921448
0.498559,-0.09745268800000001
0.497484,-0.099640184
0.49640999999999996,-0.102046
0.49533499999999997,-0.103796
0.49426099999999995,-0.10598300000000001
0.49318599999999996,-0.108718
0.492112,-0.11068700000000001
0.491037,-0.113093
0.489963,-0.115718
0.488888,-0.117905
0.48781399999999997,-0.120968
0.486739,-0.123483
0.48566499999999996,-0.12589
0.48458999999999997,-0.12917099999999998
0.483516,-0.131905
0.48244099999999995,-0.13463999999999998
0.481367,-0.13813999999999999
0.48029299999999997,-0.141202
0.479218,-0.144374
0.47814399999999996,-0.148202
0.47706899999999997,-0.151483
0.475995,-0.15487399999999998
0.47491999999999995,-0.158921
0.473846,-0.162639
0.472771,-0.166686
0.471697,-0.17095200000000002
0.470622,-0.175108
0.46954799999999997,-0.179811
0.468473,-0.184514
0.46739899999999995,-0.18899899999999997
0.46632399999999996,-0.194467
0.46525,-0.19917
0.464175,-0.204639
0.463101,-0.21032700000000001
0.462026,-0.215686
0.460952,-0.22159199999999998
0.459877,-0.227717
0.45880299999999996,-0.233733
0.45772799999999997,-0.24040499999999998
0.456654,-0.24718599999999996
0.45557899999999996,-0.25374800000000003
0.454505,-0.261076
0.45343,-0.26818600000000004
0.452356,-0.275951
0.45128199999999996,-0.28426399999999996
0.45020699999999997,-0.292248
0.449133,-0.300998
0.44805799999999996,-0.310514
0.446984,-0.319482
0.445909,-0.329654
0.444835,-0.340045
0.44376,-0.35032599999999997
0.44268599999999997,-0.361701
0.441611,-0.373513
0.44053699999999996,-0.38510700000000003
0.43946199999999996,-0.398013
0.438388,-0.411357
0.437313,-0.424701
0.436239,-0.439685
0.435164,-0.454669
0.43409,-0.47031
0.433015,-0.487154
0.43194099999999996,-0.504107
0.43086599999999997,-0.5225909999999999
0.429792,-0.542169
0.42871699999999996,-0.561856
0.427643,-0.583403
0.426568,-0.605387
0.425494,-0.628247
0.42441999999999996,-0.653184
0.42334499999999997,-0.678778
0.422271,-0.7055750000000001
0.42119599999999996,-0.734231
0.420122,-0.763324
0.419047,-0.794168
0.417973,-0.8269799999999999
0.416898,-0.86023
0.41582399999999997,-0.89523
0.414749,-0.931542
0.41367499999999996,-0.968401
0.41259999999999997,-1.008651
0.411526,-1.048682
0.41045099999999995,-1.088713
0.409377,-1.131151
0.408302,-1.173369
0.407228,-1.216244
0.406153,-1.26065
0.40507899999999997,-1.3044
0.404004,-1.349025
0.40292999999999995,-1.394525
0.40185499999999996,-1.439368
0.400781,-1.4853049999999999
0.399706,-1.531461
0.398632,-1.576305
0.397557,-1.6226800000000001
0.396483,-1.667742
0.39540899999999995,-1.711929
0.39433399999999996,-1.756335
0.39326,-1.800085
0.392185,-1.841866
0.391111,-1.8832099999999998
0.390036,-1.92171
0.388962,-1.960866
0.387887,-1.9958660000000001
0.38681299999999996,-2.0282400000000003
0.38573799999999997,-2.058865
0.384664,-2.087303
0.38358899999999996,-2.110928
0.382515,-2.131927
0.38144,-2.1494269999999998
0.380366,-2.162552
0.379291,-2.1730519999999998
0.37821699999999997,-2.17874
0.377142,-2.18049
0.37606799999999996,-2.178302
0.37499299999999997,-2.170427
0.373919,-2.1586149999999997
0.372844,-2.14374
0.37177,-2.1231780000000002
0.370695,-2.099553
0.369621,-2.0715529999999998
0.368546,-2.0387399999999998
0.36747199999999997,-2.0037399999999996
0.366398,-1.965241
0.365323,-1.921928
0.364249,-1.8781789999999998
0.363174,-1.831366
0.3621,-1.781929
0.361025,-1.732492
0.35995099999999997,-1.681742
0.358876,-1.628367
0.357802,-1.576305
0.35672699999999996,-1.5229300000000001
0.355653,-1.47043
0.354578,-1.419243
0.353504,-1.367618
0.352429,-1.318181
0.351355,-1.270056
0.35028,-1.221932
0.34920599999999996,-1.176432
0.34813099999999997,-1.1322439999999998
0.347057,-1.0889319999999998
0.345982,-1.048682
0.344908,-1.00887
0.343833,-0.9712449999999999
0.342759,-0.935808
0.341684,-0.901246
0.34060999999999997,-0.868433
0.339536,-0.837371
0.338461,-0.806308
0.337387,-0.776996
0.336312,-0.7494339999999999
0.335238,-0.722309
0.334163,-0.696496
0.33308899999999997,-0.671121
0.332014,-0.6466219999999999
0.33094,-0.623434
0.32986499999999996,-0.600247
0.328791,-0.577497
0.327716,-0.55606
0.326642,-0.53506
0.325567,-0.5149349999999999
0.324493,-0.495685
0.323418,-0.475997
0.32234399999999996,-0.457622
0.32126899999999997,-0.44055999999999995
0.320195,-0.423498
0.31911999999999996,-0.40731
0.318046,-0.39243500000000003
0.316971,-0.37756
0.315897,-0.36443499999999995
0.314822,-0.351748
0.31374799999999997,-0.33906
0.312673,-0.328561
0.31159899999999996,-0.318061
0.310525,-0.30756100000000003
0.30945,-0.29924799999999996
0.308376,-0.29049800000000003
0.307301,-0.282623
0.30622699999999997,-0.275186
0.305152,-0.267748
0.30407799999999996,-0.261623
0.30300299999999997,-0.255498
0.301929,-0.249811
0.300854,-0.244561
0.29978,-0.23931100000000002
0.298705,-0.234061
0.297631,-0.230123
0.296556,-0.225748
0.29548199999999997,-0.22137400000000002
0.294407,-0.21787399999999998
0.293333,-0.213936
0.29225799999999996,-0.209999
0.291184,-0.20693599999999998
0.290109,-0.203436
0.289035,-0.199936
0.28796,-0.197749
0.286886,-0.19381099999999998
0.285811,-0.191624
0.28473699999999996,-0.18899899999999997
0.283663,-0.185499
0.282588,-0.183749
0.281514,-0.181124
0.280439,-0.178499
0.279365,-0.176311
0.27829,-0.17368599999999998
0.27721599999999996,-0.171061
0.27614099999999997,-0.17018599999999998
0.275067,-0.167124
0.273992,-0.16537400000000002
0.272918,-0.164061
0.271843,-0.161436
0.270769,-0.160124
0.269694,-0.158374
0.26861999999999997,-0.156186
0.267545,-0.155311
0.266471,-0.153561
0.26539599999999997,-0.15137399999999998
0.264322,-0.150499
0.263247,-0.14918599999999999
0.262173,-0.14743599999999998
0.261098,-0.14699900000000002
0.260024,-0.144811
0.258949,-0.143936
0.25787499999999997,-0.143061
0.2568,-0.141749
0.255726,-0.140874
0.254652,-0.140436
0.253577,-0.138686
0.252503,-0.137811
0.251428,-0.137374
0.25035399999999997,-0.135624
0.249279,-0.135186
0.24820499999999998,-0.13431099999999999
0.24713,-0.133436
0.246056,-0.13299899999999998
0.24498099999999998,-0.132124
0.24390699999999998,-0.131686
0.242832,-0.13124899999999998
0.241758,-0.129936
0.24068299999999998,-0.12949899999999998
0.239609,-0.12906099999999998
0.238534,-0.128186
0.23745999999999998,-0.127311
0.23638499999999998,-0.127311
0.235311,-0.12643600000000002
0.234236,-0.125999
0.23316199999999998,-0.125561
0.232087,-0.124686
0.231013,-0.12424899999999998
0.22993799999999998,-0.123374
0.22886399999999998,-0.122499
0.227789,-0.122061
0.226715,-0.120749
0.22564099999999998,-0.120749
0.224566,-0.120311
0.223492,-0.118999
0.222417,-0.118561
0.22134299999999998,-0.11812399999999999
0.220268,-0.11637399999999999
0.219194,-0.11637399999999999
0.21811899999999998,-0.115061
0.217045,-0.11374899999999999
0.21597,-0.114186
0.214896,-0.11243600000000001
0.21382099999999998,-0.11156200000000001
0.212747,-0.111124
0.211672,-0.109374
0.21059799999999998,-0.108499
0.209523,-0.10806199999999999
0.208449,-0.10631199999999999
0.207374,-0.105874
0.20629999999999998,-0.104999
0.205225,-0.10368699999999999
0.204151,-0.103249
0.20307599999999998,-0.101937
0.202002,-0.100624
0.200927,-0.100187
0.199853,-0.09887456800000001
0.19877799999999998,-0.098437064
0.197704,-0.098437064
0.19663,-0.09668707200000001
0.19555499999999998,-0.09581207200000001
0.194481,-0.09493708000000001
0.193406,-0.09406208
0.192332,-0.09274958400000001
0.19125699999999998,-0.092312088
0.190183,-0.09099960000000001
0.189108,-0.090780848
0.18803399999999998,-0.09012460000000001
0.186959,-0.088812104
0.185885,-0.08859336000000001
0.18481,-0.087499616
0.18373599999999998,-0.08706211200000001
0.182661,-0.086624616
0.181587,-0.08553087200000001
0.18051199999999998,-0.08465587200000001
0.179438,-0.084437128
0.178363,-0.083343384
0.177289,-0.08268712800000001
0.17621399999999998,-0.08268712800000001
0.17514,-0.08137464
0.174065,-0.08137464
0.172991,-0.08093714400000002
0.17191599999999999,-0.07984340000000001
0.170842,-0.08006214400000002
0.169768,-0.07918714400000001
0.16869299999999998,-0.078312152
0.167619,-0.07853090400000001
0.166544,-0.077655904
0.16547,-0.077218408
0.16439499999999999,-0.07787465600000001
0.163321,-0.07656216
0.162246,-0.07634341600000001
0.16117199999999998,-0.07634341600000001
0.160097,-0.07546841600000001
0.159023,-0.07568716
0.157948,-0.07546841600000001
0.15687399999999999,-0.074374672
0.155799,-0.07503092
0.154725,-0.074374672
0.15364999999999998,-0.073718424
0.152576,-0.07415592
0.151501,-0.073499672
0.150427,-0.07306217599999999
0.14935199999999998,-0.073499672
0.148278,-0.07240592800000001
0.147203,-0.07262468000000001
0.14612899999999998,-0.072843432
0.145054,-0.07174968000000001
0.14398,-0.07240592800000001
0.142905,-0.072187176
0.14183099999999998,-0.071312184
0.140757,-0.071968432
0.139682,-0.071312184
0.13860799999999998,-0.070655936
0.137533,-0.071312184
0.136459,-0.07043719200000001
0.135384,-0.07021843200000001
0.13430999999999998,-0.070874688
0.133235,-0.069780936
0.132161,-0.069999688
0.13108599999999998,-0.07043719200000001
0.130012,-0.06956219200000001
0.128937,-0.06956219200000001
0.127863,-0.069999688
0.12678799999999998,-0.06868719200000001
0.125714,-0.06934344800000002
0.124639,-0.06912468800000002
0.123565,-0.06846844800000002
0.12248999999999999,-0.06912468800000002
0.121416,-0.0678122
0.12034099999999999,-0.0678122
0.119267,-0.06846844800000002
0.11819199999999999,-0.06737470400000001
0.117118,-0.06737470400000001
0.116043,-0.067593448
0.11496899999999999,-0.066280956
0.113894,-0.066499704
0.11281999999999999,-0.06693720400000001
0.111746,-0.06540596000000001
0.11067099999999999,-0.06584346
0.109597,-0.065624704
0.108522,-0.06453096000000001
0.107448,-0.064968464
0.106373,-0.06453096000000001
0.10529899999999999,-0.06387471600000001
0.104224,-0.06431221200000001
0.10314999999999999,-0.06321846800000001
0.102075,-0.06321846800000001
0.101001,-0.06343722
0.099926736,-0.06234347600000001
0.098852256,-0.062562224
0.09777777600000001,-0.06234347600000001
0.09670329600000001,-0.061249732
0.095628816,-0.06146848
0.094554336,-0.06146848
0.093479848,-0.06081222800000001
0.092405368,-0.061249732
0.09133089600000001,-0.06081222800000001
0.09025640800000001,-0.06015598400000001
0.08918192800000001,-0.06103097600000001
0.088107448,-0.06015598400000001
0.087032968,-0.060374732
0.08595848,-0.06015598400000001
0.084884,-0.059280988
0.08380952800000001,-0.059499736000000004
0.08273504000000001,-0.059499736000000004
0.08166056000000001,-0.05862474000000001
0.08058607200000001,-0.058843488000000006
0.0795116,-0.058843488000000006
0.07843712,-0.05753099600000001
0.077362632,-0.058405992000000004
0.07628816000000001,-0.057749744
0.07521367200000001,-0.056874748
0.074139192,-0.057968492
0.073064712,-0.056874748
0.071990232,-0.05643725200000001
0.070915752,-0.057312244000000005
0.069841264,-0.05599975200000001
0.068766784,-0.056218500000000005
0.067692312,-0.056656
0.066617824,-0.055343504
0.065543348,-0.05599975200000001
0.06446886,-0.05599975200000001
0.063394384,-0.055124752000000006
0.062319900000000004,-0.05599975200000001
0.06124542,-0.055343504
0.060170940000000006,-0.05468726
0.05909646,-0.056218500000000005
0.058021976,-0.054906008000000006
0.056947496,-0.054468508000000006
0.055873016000000005,-0.055562252000000006
0.054798532000000004,-0.054468508000000006
0.053724056000000006,-0.054906008000000006
0.052649572000000006,-0.054906008000000006
0.051575092,-0.054031012
0.050500608,-0.05424976
0.049426128,-0.054468508000000006
0.048351648000000004,-0.05381226
0.047277168,-0.054468508000000006
0.046202684,-0.05359351200000001
0.045128204000000005,-0.05315601200000001
0.044053724,-0.054031012
0.04297924,-0.05337476
0.041904764000000004,-0.052937268
0.040830280000000004,-0.054031012
0.0397558,-0.052718516
0.038681316,-0.052718516
0.037606836000000005,-0.052937268
0.036532356,-0.05206226800000001
0.035457876,-0.05249976800000001
0.034383392,-0.05249976800000001
0.033308912,-0.05206226800000001
0.03223443,-0.05249976800000001
0.031159950000000002,-0.052281016
0.030085470000000003,-0.051187276000000004
0.029010988,-0.05249976800000001
0.027936508000000002,-0.05206226800000001
0.026862028000000003,-0.05162476800000001
0.025787546,-0.052718516
0.024713064,-0.051843520000000004
0.023638584,-0.051406020000000004
0.022564102000000003,-0.052281016
0.02148962,-0.05096852400000001
0.020415140000000002,-0.051406020000000004
0.019340658,-0.05206226800000001
0.018266178,-0.051187276000000004
0.017191696,-0.05206226800000001
0.016117215,-0.051406020000000004
0.015042735000000002,-0.050749776
0.013968254000000001,-0.051843520000000004
0.012893773,-0.051406020000000004
0.011819292,-0.049874776
0.01074481,-0.051187276000000004
0.009670329,-0.050093528000000005
0.008595848,-0.050312276
0.007521367,-0.05096852400000001
0.006446886000000001,-0.049874776
0.005372405,-0.050312276
0.004297924,-0.050749776
0.0032234430000000003,-0.049437284000000005
0.002148962,-0.05053102400000001
0.001074481,-0.050093528000000005
0.0,-0.048999784000000005
-0.001074481,-0.050312276
-0.002148962,-0.049874776
-0.0032234430000000003,-0.049437284000000005
-0.004297924,-0.050093528000000005
-0.005372405,-0.048999784000000005
-0.006446886000000001,-0.049218532
-0.007521367,-0.050093528000000005
-0.008595848,-0.048999784000000005
-0.009670329,-0.049437284000000005
-0.01074481,-0.050093528000000005
-0.011819292,-0.048343536000000006
-0.012893773,-0.048999784000000005
-0.013968254000000001,-0.049218532
-0.015042735000000002,-0.048343536000000006
-0.016117215,-0.049218532
-0.017191696,-0.048999784000000005
-0.018266178,-0.048562284000000004
-0.019340658,-0.049437284000000005
-0.020415140000000002,-0.048562284000000004
-0.02148962,-0.048124784000000004
-0.022564102000000003,-0.049437284000000005
-0.023638584,-0.048562284000000004
-0.024713064,-0.048562284000000004
-0.025787546,-0.049218532
-0.026862028000000003,-0.047687288
-0.027936508000000002,-0.048343536000000006
-0.029010988,-0.048562284000000004
-0.030085470000000003,-0.04703104
-0.031159950000000002,-0.048562284000000004
-0.03223443,-0.048124784000000004
-0.033308912,-0.047468540000000004
-0.034383392,-0.048343536000000006
-0.035457876,-0.047687288
-0.036532356,-0.04703104
-0.037606836000000005,-0.047906036000000006
-0.038681316,-0.04703104
-0.0397558,-0.047249792000000006
-0.040830280000000004,-0.047906036000000006
-0.041904764000000004,-0.04703104
-0.04297924,-0.047687288
-0.044053724,-0.047687288
-0.045128204000000005,-0.046812292000000005
-0.046202684,-0.047468540000000004
-0.047277168,-0.047249792000000006
-0.048351648000000004,-0.046374792000000005
-0.049426128,-0.047140416000000004
-0.050500608,-0.046046672000000004
-0.051575092,-0.046484168
-0.052649572000000006,-0.047468540000000004
-0.053724056000000006,-0.04626542000000001
-0.054798532000000004,-0.04670292000000001
-0.055873016000000005,-0.046812292000000005
-0.056947496,-0.045718548000000005
-0.058021976,-0.046046672000000004
-0.05909646,-0.046812292000000005
-0.060170940000000006,-0.045609172
-0.06124542,-0.046374792000000005
-0.062319900000000004,-0.04582792000000001
-0.063394384,-0.045062300000000007
-0.06446886,-0.046046672000000004
-0.065543348,-0.045718548000000005
-0.066617824,-0.04549980000000001
-0.067692312,-0.04626542000000001
-0.068766784,-0.045281048000000004
-0.069841264,-0.044952928
-0.070915752,-0.045937296
-0.071990232,-0.044843548000000004
-0.073064712,-0.045937296
-0.074139192,-0.045718548000000005
-0.07521367200000001,-0.044296680000000005
-0.07628816000000001,-0.04517167600000001
-0.077362632,-0.044952928
-0.07843712,-0.044624800000000006
-0.0795116,-0.045390424
-0.08058607200000001,-0.044952928
-0.08166056000000001,-0.044296680000000005
-0.08273504000000001,-0.04549980000000001
-0.08380952800000001,-0.044077928
-0.084884,-0.044406052
-0.08595848,-0.044952928
-0.087032968,-0.04385918
-0.088107448,-0.044187304000000004
-0.08918192800000001,-0.044187304000000004
-0.09025640800000001,-0.043312308
-0.09133089600000001,-0.044187304000000004
-0.092405368,-0.043640428
-0.093479848,-0.043312308
-0.094554336,-0.044187304000000004
-0.095628816,-0.043421684
-0.09670329600000001,-0.04265606
-0.09777777600000001,-0.043968556000000006
-0.098852256,-0.042765436000000004
-0.099926736,-0.042546684
-0.101001,-0.043202936000000004
-0.102075,-0.042327936000000004
-0.10314999999999999,-0.042327936000000004
-0.104224,-0.043093556000000005
-0.10529899999999999,-0.041890436
-0.106373,-0.042437312000000005
-0.107448,-0.04265606
-0.108522,-0.041890436
-0.109597,-0.04199981600000001
-0.11067099999999999,-0.041452944000000005
-0.111746,-0.041015444000000005
-0.11281999999999999,-0.041671692
-0.113894,-0.041015444000000005
-0.11496899999999999,-0.04068732
-0.116043,-0.041343564000000006
-0.117118,-0.04024982
-0.11819199999999999,-0.040796692
-0.119267,-0.04068732
-0.12034099999999999,-0.039921700000000004
-0.121416,-0.04046857200000001
-0.12248999999999999,-0.041015444000000005
-0.123565,-0.03959357200000001
-0.124639,-0.040359196
-0.125714,-0.03959357200000001
-0.12678799999999998,-0.039046700000000004
-0.127863,-0.040359196
-0.128937,-0.03893732800000001
-0.130012,-0.03893732800000001
-0.13108599999999998,-0.039484200000000004
-0.132161,-0.038827952
-0.133235,-0.038827952
-0.13430999999999998,-0.039702948
-0.135384,-0.038062332
-0.136459,-0.038827952
-0.137533,-0.038390452
-0.13860799999999998,-0.037296708000000005
-0.139682,-0.03828108
-0.140757,-0.037952956
-0.14183099999999998,-0.037734208000000005
-0.142905,-0.03828108
-0.14398,-0.037406084000000006
-0.145054,-0.037187336
-0.14612899999999998,-0.038062332
-0.147203,-0.03707796
-0.148278,-0.036968588000000004
-0.14935199999999998,-0.037624832000000004
-0.150427,-0.036531087999999996
-0.151501,-0.036968588000000004
-0.152576,-0.036968588000000004
-0.15364999999999998,-0.035984216
-0.154725,-0.036749836
-0.155799,-0.036312340000000005
-0.15687399999999999,-0.036093588
-0.157948,-0.036531087999999996
-0.159023,-0.035765468
-0.160097,-0.035327968
-0.16117199999999998,-0.036202964000000004
-0.162246,-0.035984216
-0.163321,-0.035218596000000005
-0.16439499999999999,-0.036093588
-0.16547,-0.034781096000000004
-0.166544,-0.035546716000000006
-0.167619,-0.035765468
-0.16869299999999998,-0.035109216000000006
-0.169768,-0.035437344
-0.170842,-0.035437344
-0.17191599999999999,-0.035437344
-0.172991,-0.035437344
-0.174065,-0.034343596000000004
-0.17514,-0.034999844
-0.17621399999999998,-0.034890468
-0.177289,-0.03456234400000001
-0.178363,-0.03456234400000001
-0.179438,-0.034781096000000004
-0.18051199999999998,-0.034452972000000005
-0.181587,-0.03423422400000001
-0.182661,-0.035109216000000006
-0.18373599999999998,-0.03456234400000001
-0.18481,-0.035218596000000005
-0.185885,-0.035218596000000005
-0.186959,-0.0339061
-0.18803399999999998,-0.034343596000000004
-0.189108,-0.034452972000000005
-0.190183,-0.034124848
-0.19125699999999998,-0.034452972000000005
-0.192332,-0.033796724
-0.193406,-0.034124848
-0.194481,-0.034890468
-0.19555499999999998,-0.034124848
-0.19663,-0.034015476
-0.197704,-0.035109216000000006
-0.19877799999999998,-0.0339061
-0.199853,-0.03456234400000001
-0.19877799999999998,-0.03171861
-0.197704,-0.029531118000000002
-0.19663,-0.029312370000000004
-0.19555499999999998,-0.027453004000000003
-0.194481,-0.02712488
-0.193406,-0.027234254000000003
-0.192332,-0.026140508
-0.19125699999999998,-0.025374888
-0.190183,-0.025703010000000002
-0.189108,-0.024718642000000002
-0.18803399999999998,-0.024171768000000003
-0.186959,-0.024171768000000003
-0.185885,-0.023078022
-0.18481,-0.02351552
-0.18373599999999998,-0.023296772
-0.182661,-0.0022455900000000004
-0.181587,-0.005381576
-0.18051199999999998,-0.005919174000000001
-0.179438,-0.005891174000000001
-0.178363,-0.005784774
-0.177289,-0.005342376000000001
-0.17621399999999998,-0.005191177
-0.17514,-0.004883178
-0.174065,-0.00448558
-0.172991,-0.004429580000000001
-0.17191599999999999,-0.004082382
-0.170842,-0.003533584
-0.169768,-0.003477584
-0.16869299999999998,-0.002900787
-0.167619,-0.002721588
-0.166544,-0.002536788
-0.16547,-0.001954391
-0.16439499999999999,-0.001819992
-0.163321,-0.001478393
-0.162246,-0.001035995
-0.16117199999999998,-0.000873596
-0.160097,-0.0005935970000000001
-0.159023,-3.9199832000000005e-05
-0.157948,-6.7199712e-05
-0.15687399999999999,0.00038639800000000004
-0.155799,0.000739196
-0.154725,0.000828796
-0.15364999999999998,0.001215194
-0.152576,0.001461593
-0.151501,0.001500793
-0.150427,0.002049591
-0.14935199999999998,0.00211119
-0.148278,0.002301589
-0.147203,0.0027719870000000005
-0.14612899999999998,0.002755187
-0.145054,0.0030519860000000005
-0.14398,0.003337585
-0.142905,0.0034719840000000004
-0.14183099999999998,0.0037183830000000005
-0.140757,0.0038919820000000004
-0.139682,0.003970382000000001
-0.13860799999999998,0.004239181000000001
-0.137533,0.00452478
-0.136459,0.0047543789999999995
-0.135384,0.005123977
-0.13430999999999998,0.005297576
-0.133235,0.005465576000000001
-0.132161,0.006031173
-0.13108599999999998,0.0061823730000000006
-0.130012,0.006400772000000001
-0.128937,0.006943969000000001
-0.127863,0.006999969000000001
-0.12678799999999998,0.007419967
-0.125714,0.007778366000000001
-0.124639,0.007890365
-0.123565,0.008271163000000002
-0.12248999999999999,0.008584762000000001
-0.121416,0.008618362000000001
-0.12034099999999999,0.00916156
-0.119267,0.009323959000000001
-0.11819199999999999,0.009447159000000002
-0.117118,0.009973556000000001
-0.116043,0.009956756
-0.11496899999999999,0.010152755000000001
-0.113894,0.010628753000000001
-0.11281999999999999,0.010656753000000001
-0.111746,0.010975952
-0.11067099999999999,0.01137355
-0.109597,0.011328750000000002
-0.108522,0.011631148000000001
-0.107448,0.011888748000000001
-0.106373,0.011927947000000001
-0.10529899999999999,0.012375945000000001
-0.104224,0.012431945000000002
-0.10314999999999999,0.012543944000000001
-0.102075,0.013395141000000001
-0.101001,0.013322341000000001
-0.099926736,0.013624740000000002
-0.098852256,0.013971938000000001
-0.09777777600000001,0.014151138
-0.09670329600000001,0.014537536000000002
-0.095628816,0.014918334000000002
-0.094554336,0.015069534000000002
-0.093479848,0.015478332000000001
-0.092405368,0.01583673
-0.09133089600000001,0.015937529000000002
-0.09025640800000001,0.016385528
-0.08918192800000001,0.016615127
-0.088107448,0.016805526
-0.087032968,0.017343122000000002
-0.08595848,0.017522324
-0.084884,0.017623122
-0.08380952800000001,0.018043122
-0.08273504000000001,0.018026320000000002
-0.08166056000000001,0.018446318
-0.08058607200000001,0.018804716
-0.0795116,0.018782316
-0.07843712,0.019191114000000002
-0.077362632,0.019493514000000003
-0.07628816000000001,0.019448714000000002
-0.07521367200000001,0.019812714000000002
-0.074139192,0.020036712
-0.073064712,0.020036712
-0.071990232,0.02046231
-0.070915752,0.02046231
-0.069841264,0.02057991
-0.068766784,0.020999908000000005
-0.067692312,0.021128708000000003
-0.066617824,0.021358306
-0.065543348,0.021705504000000004
-0.06446886,0.021711104000000002
-0.063394384,0.022114304
-0.062319900000000004,0.0225735
-0.06124542,0.022595900000000002
-0.060170940000000006,0.022993498
-0.05909646,0.023290298
-0.058021976,0.023351896000000004
-0.056947496,0.023911894000000003
-0.055873016000000005,0.023990294000000002
-0.054798532000000004,0.024079894
-0.053724056000000006,0.024600692
-0.052649572000000006,0.024572692000000004
-0.051575092,0.024751890000000002
-0.050500608,0.025194290000000005
-0.049426128,0.025194290000000005
-0.048351648000000004,0.025496688000000003
-0.047277168,0.025625488000000002
-0.046202684,0.025603088000000003
-0.045128204000000005,0.025939086000000004
-0.044053724,0.026045486000000003
-0.04297924,0.025983884000000002
-0.041904764000000004,0.026409484
-0.040830280000000004,0.026398284
-0.0397558,0.026342284000000004
-0.038681316,0.026689482000000004
-0.037606836000000005,0.026543884000000004
-0.036532356,0.026711882000000003
-0.035457876,0.026879882
-0.034383392,0.026756682
-0.033308912,0.02726628
-0.03223443,0.027367078
-0.031159950000000002,0.027232680000000002
-0.030085470000000003,0.02757988
-0.029010988,0.027736678
-0.027936508000000002,0.027719878000000003
-0.026862028000000003,0.028005476
-0.025787546,0.028128676000000002
-0.024713064,0.028106276000000003
-0.023638584,0.028425474000000003
-0.022564102000000003,0.028268676000000003
-0.02148962,0.028414274000000003
-0.020415140000000002,0.028649474
-0.019340658,0.028509476000000002
-0.018266178,0.028677474
-0.017191696,0.028923872000000003
-0.016117215,0.028649474
-0.015042735000000002,0.028795072000000005
-0.013968254000000001,0.028795072000000005
-0.012893773,0.028632674
-0.011819292,0.028929474000000004
-0.01074481,0.028772672000000003
-0.009670329,0.028660674000000004
-0.008595848,0.028923872000000003
-0.007521367,0.028683074000000003
-0.006446886000000001,0.028604674000000004
-0.005372405,0.028795072000000005
-0.004297924,0.028481474
-0.0032234430000000003,0.028470274
-0.002148962,0.028554274000000004
-0.001074481,0.028173476000000003
0.0,0.028727872
0.001074481,0.028442274000000003
0.002148962,0.028251876000000002
0.0032234430000000003,0.028442274000000003
0.004297924,0.028403074000000004
0.005372405,0.028386274000000003
0.006446886000000001,0.028705474000000005
0.007521367,0.028587874000000003
0.008595848,0.028526274
0.009670329,0.028789474000000002
0.01074481,0.028627074000000002
0.011819292,0.028694274000000002
0.012893773,0.028839872000000003
0.013968254000000001,0.028531876000000005
0.015042735000000002,0.028660674000000004
0.016117215,0.028727872
0.017191696,0.028470274
0.018266178,0.028711074000000003
0.019340658,0.028660674000000004
0.020415140000000002,0.028464676000000005
0.02148962,0.028621474
0.022564102000000003,0.028403074000000004
0.023638584,0.028263074000000003
0.024713064,0.028414274000000003
0.025787546,0.028100676
0.026862028000000003,0.028179076
0.027936508000000002,0.028162276000000003
0.029010988,0.027843076
0.030085470000000003,0.027871078000000004
0.031159950000000002,0.027753478
0.03223443,0.02747348
0.033308912,0.027596678000000003
0.034383392,0.027686278
0.035457876,0.027367078
0.036532356,0.027563078
0.037606836000000005,0.027372680000000003
0.038681316,0.02727748
0.0397558,0.027501478000000003
0.040830280000000004,0.027193480000000003
0.041904764000000004,0.027271880000000002
0.04297924,0.027400678
0.044053724,0.027087080000000003
0.045128204000000005,0.027288680000000003
0.046202684,0.027260680000000002
0.047277168,0.026980680000000003
0.048351648000000004,0.027126282
0.049426128,0.026986282
0.050500608,0.026885482000000002
0.051575092,0.027075880000000004
0.052649572000000006,0.026779082
0.053724056000000006,0.026605482
0.054798532000000004,0.026711882000000003
0.055873016000000005,0.026398284
0.056947496,0.026353484000000003
0.058021976,0.026437482
0.05909646,0.026079086
0.060170940000000006,0.026095884000000003
0.06124542,0.025944686
0.062319900000000004,0.025664686000000003
0.063394384,0.025748686000000003
0.06446886,0.025524688
0.065543348,0.025239088000000003
0.066617824,0.025283888
0.067692312,0.024975890000000004
0.068766784,0.02499269
0.069841264,0.02501509
0.070915752,0.024695892000000004
0.071990232,0.02463429
0.073064712,0.024723890000000002
0.074139192,0.024522292000000005
0.07521367200000001,0.02463429
0.07628816000000001,0.024673492
0.077362632,0.024320692
0.07843712,0.024578292
0.0795116,0.024432692000000002
0.08058607200000001,0.024214292000000002
0.08166056000000001,0.024382294000000002
0.08273504000000001,0.024225492
0.08380952800000001,0.023984694
0.084884,0.024107894
0.08595848,0.023906296
0.087032968,0.023850294000000005
0.088107448,0.023895096
0.08918192800000001,0.023553496
0.09025640800000001,0.023519898
0.09133089600000001,0.023480696000000002
0.092405368,0.023239898000000002
0.093479848,0.023144698000000002
0.094554336,0.023127898
0.095628816,0.022887098
0.09670329600000001,0.022864698000000003
0.09777777600000001,0.0227359
0.098852256,0.022472702000000004
0.099926736,0.022517500000000003
0.101001,0.022231902
0.102075,0.022075102
0.10314999999999999,0.022299102
0.104224,0.022007904000000002
0.10529899999999999,0.021946302
0.106373,0.022058304
0.107448,0.021789504
0.108522,0.021923902
0.109597,0.021918304000000003
0.11067099999999999,0.021688704000000003
0.111746,0.021929504000000002
0.11281999999999999,0.021839904
0.113894,0.021582306000000002
0.11496899999999999,0.021795104000000003
0.116043,0.021638306000000003
0.117118,0.021526304
0.11819199999999999,0.021744704000000004
0.119267,0.021548704000000002
0.12034099999999999,0.021604706
0.121416,0.021554306000000002
0.12248999999999999,0.021302306000000003
0.123565,0.021503904
0.124639,0.021475906000000003
0.125714,0.021212706
0.12678799999999998,0.021425504
0.127863,0.021330306
0.128937,0.021151108000000002
0.130012,0.021285506
0.13108599999999998,0.021139908000000002
0.132161,0.021128708000000003
0.133235,0.021212706
0.13430999999999998,0.020960708
0.135384,0.020960708
0.136459,0.021050306
0.137533,0.021111906
0.13860799999999998,0.021083906000000003
0.139682,0.021240708
0.140757,0.021111906
0.14183099999999998,0.021380706
0.142905,0.021487106000000002
0.14398,0.021475906000000003
0.145054,0.021795104000000003
0.14612899999999998,0.021772704
0.147203,0.021856704
0.148278,0.022198302000000003
0.14935199999999998,0.022119902
0.150427,0.022265502000000003
0.151501,0.022523102000000003
0.152576,0.0224783
0.15364999999999998,0.0226463
0.154725,0.022931898
0.155799,0.0229039
0.15687399999999999,0.023200698000000002
0.157948,0.023346298
0.159023,0.023301498
0.160097,0.023570296
0.16117199999999998,0.023654296000000002
0.162246,0.023721496
0.163321,0.024007094
0.16439499999999999,0.024119094000000004
0.16547,0.024214292000000002
0.166544,0.024488692000000003
0.167619,0.024466292000000004
0.16869299999999998,0.02463429
0.169768,0.024891890000000003
0.170842,0.024813492000000003
0.17191599999999999,0.025261488000000002
0.172991,0.025379088000000005
0.174065,0.025451888000000002
0.17514,0.025776688000000002
0.17621399999999998,0.025916686
0.177289,0.026034286
0.178363,0.026364684000000003
0.179438,0.026459882
0.18051199999999998,0.026616684
0.181587,0.026896682
0.182661,0.02689108
0.18373599999999998,0.027047880000000003
0.18481,0.027271880000000002
0.185885,0.027210280000000003
0.186959,0.027411878
0.18803399999999998,0.027529478000000003
0.189108,0.027451080000000003
0.190183,0.027501478000000003
0.19125699999999998,0.027507078
0.192332,0.027372680000000003
0.193406,0.027456678
0.194481,0.027294280000000004
0.19555499999999998,0.027137482
0.19663,0.027143080000000003
0.197704,0.026868682
0.19877799999999998,0.026611082
0.199853,0.026532684
0.200927,0.026151886000000003
0.202002,0.025939086000000004
0.20307599999999998,0.025703886000000002
0.204151,0.02518309
0.205225,0.02495909
0.20629999999999998,0.024695892000000004
0.207374,0.024169492
0.208449,0.023979094000000003
0.209523,0.023542296
0.21059799999999998,0.023105498000000002
0.211672,0.022898298000000004
0.212747,0.022416702000000004
0.21382099999999998,0.022041502000000004
0.214896,0.021755904000000003
0.21597,0.021207108000000002
0.217045,0.020893508
0.21811899999999998,0.02056871
0.219194,0.019958312000000002
0.220268,0.019767914
0.22134299999999998,0.019359116000000003
0.222417,0.018821518
0.223492,0.018619918000000003
0.224566,0.018300720000000003
0.22564099999999998,0.017959120000000002
0.226715,0.017751922
0.227789,0.017287124
0.22886399999999998,0.016979126
0.22993799999999998,0.016855926
0.231013,0.016435927000000003
0.232087,0.016273529000000002
0.23316199999999998,0.016133529000000004
0.234236,0.015691131
0.235311,0.015640732
0.23638499999999998,0.015483931000000003
0.23745999999999998,0.015063933
0.238534,0.015086333
0.239609,0.014834334000000001
0.24068299999999998,0.014643936000000001
0.241758,0.014671935000000002
0.242832,0.014464737000000002
0.24390699999999998,0.014319137000000001
0.24498099999999998,0.014386336000000001
0.246056,0.014145538000000001
0.24713,0.014111938000000001
0.24820499999999998,0.014156738000000002
0.249279,0.013927138
0.25035399999999997,0.013949538000000001
0.251428,0.013960738
0.252503,0.013680740000000002
0.253577,0.013837539000000001
0.254652,0.013652740000000002
0.255726,0.013551941000000001
0.2568,0.013686340000000002
0.25787499999999997,0.013512740000000002
0.258949,0.013406341
0.260024,0.01345114
0.261098,0.013299941000000001
0.262173,0.013260742
0.263247,0.013350341000000002
0.264322,0.013171142000000002
0.26539599999999997,0.013115143000000001
0.266471,0.013165542000000002
0.267545,0.012958343
0.26861999999999997,0.013053542
0.269694,0.012930343
0.270769,0.012801544000000002
0.271843,0.012919143000000001
0.272918,0.012762344
0.273992,0.012678344000000001
0.275067,0.012868743000000002
0.27614099999999997,0.012723144
0.27721599999999996,0.012689544000000002
0.27829,0.012835143000000002
0.279365,0.012723144
0.280439,0.012846343000000001
0.281514,0.012991942000000001
0.282588,0.012891143
0.283663,0.013003142
0.28473699999999996,0.013042342000000002
0.285811,0.012958343
0.286886,0.013143142000000002
0.28796,0.013115143000000001
0.289035,0.013120743
0.290109,0.013249542000000001
0.291184,0.013215942
0.29225799999999996,0.013277542000000002
0.293333,0.013372741000000002
0.294407,0.013277542000000002
0.29548199999999997,0.013423141000000001
0.296556,0.013411941
0.297631,0.013350341000000002
0.298705,0.013490340000000002
0.29978,0.013501540000000001
0.300854,0.01344554
0.301929,0.013619140000000002
0.30300299999999997,0.013563141
0.30407799999999996,0.013546341
0.305152,0.01373674
0.30622699999999997,0.013647140000000002
0.307301,0.013652740000000002
0.308376,0.013798339000000001
0.30945,0.013770339000000001
0.310525,0.013865539000000001
0.31159899999999996,0.013999939000000001
0.312673,0.013899139000000001
0.31374799999999997,0.014111938000000001
0.314822,0.014212737000000001
0.315897,0.014184738000000002
0.316971,0.014363936
0.318046,0.014403136
0.31911999999999996,0.014447936000000001
0.320195,0.014621536000000001
0.32126899999999997,0.014615936000000001
0.32234399999999996,0.014705535000000002
0.323418,0.014806335000000002
0.324493,0.014795135000000001
0.325567,0.014935135
0.326642,0.015030333
0.327716,0.014974333000000003
0.328791,0.015103134000000002
0.32986499999999996,0.015203933
0.33094,0.015125533000000002
0.332014,0.015287933000000004
0.33308899999999997,0.015265533000000003
0.334163,0.015271132
0.335238,0.015444732000000001
0.336312,0.015377533
0.337387,0.015427931000000002
0.338461,0.015534332000000001
0.339536,0.015467132000000001
0.34060999999999997,0.015489532000000002
0.341684,0.015590331000000002
0.342759,0.015511932
0.343833,0.015691131
0.344908,0.015741531000000003
0.345982,0.015685532000000002
0.347057,0.01587593
0.34813099999999997,0.01588713
0.34920599999999996,0.015954330000000003
0.35028,0.016116730000000003
0.351355,0.016144729
0.352429,0.016172729
0.353504,0.016363128
0.354578,0.016368727000000003
0.355653,0.016430328
0.35672699999999996,0.016587127000000004
0.357802,0.016542327000000003
0.358876,0.016687926
0.35995099999999997,0.016766326
0.361025,0.016777526
0.3621,0.016939926
0.363174,0.017012726
0.364249,0.017007126
0.365323,0.017191924
0.366398,0.017203124
0.36747199999999997,0.017270324000000004
0.368546,0.017438324
0.369621,0.017443924000000003
0.370695,0.017550322
0.37177,0.017684722
0.372844,0.017712722
0.373919,0.01787512
0.37499299999999997,0.01800392
0.37606799999999996,0.018020722
0.377142,0.01821112
0.37821699999999997,0.01836232
0.379291,0.018407120000000003
0.380366,0.018675918000000003
0.38144,0.018799118000000004
0.382515,0.018883118
0.38358899999999996,0.019191114000000002
0.384664,0.019263916000000002
0.38573799999999997,0.019448714000000002
0.38681299999999996,0.019717514000000002
0.387887,0.019779114
0.388962,0.019997512000000002
0.390036,0.02020471
0.391111,0.020243912
0.392185,0.02052391
0.39326,0.02070871
0.39433399999999996,0.020753510000000003
0.39540899999999995,0.021050306
0.396483,0.021134306000000002
0.397557,0.021251906
0.398632,0.021554306000000002
0.399706,0.021599104
0.400781,0.021839904
0.40185499999999996,0.022181502000000002
0.40292999999999995,0.022282302
0.404004,0.022523102000000003
0.40507899999999997,0.022730300000000002
0.406153,0.0226855
0.407228,0.022786300000000002
0.408302,0.022719100000000002
0.409377,0.022623900000000002
0.41045099999999995,0.022635100000000002
0.411526,0.022511902
0.41259999999999997,0.0224447
0.41367499999999996,0.022399900000000004
0.414749,0.022287902000000002
0.41582399999999997,0.022215102
0.416898,0.022243102
0.417973,0.022142302000000003
0.419047,0.022170302000000003
0.420122,0.022226302
0.42119599999999996,0.022097502
0.422271,0.022198302000000003
0.42334499999999997,0.022237502
0.42441999999999996,0.022175902
0.425494,0.022299102
0.426568,0.022321502000000003
0.427643,0.022265502000000003
0.42871699999999996,0.022405502
0.429792,0.022433500000000002
0.43086599999999997,0.022528700000000002
0.43194099999999996,0.0227247
0.433015,0.022679900000000003
0.43409,0.022763900000000004
0.435164,0.022948698000000003
0.436239,0.022920698
0.437313,0.023105498000000002
0.438388,0.023256698
0.43946199999999996,0.023307096000000003
0.44053699999999996,0.023497498000000002
0.441611,0.023648696
0.44268599999999997,0.023766296
0.44376,0.023979094000000003
0.444835,0.024074294000000003
0.445909,0.024219894
0.446984,0.024527892000000003
0.44805799999999996,0.02463429
0.449133,0.02483029
0.45020699999999997,0.025149490000000004
0.45128199999999996,0.025328688000000002
0.452356,0.025642286
0.45343,0.025894286000000002
0.454505,0.026073484000000004
0.45557899999999996,0.026465484
0.456654,0.026728682
0.45772799999999997,0.02701428
0.45880299999999996,0.027445478000000002
0.459877,0.027781478000000002
0.460952,0.028100676
0.462026,0.028582274
0.463101,0.028912672000000004
0.464175,0.029371872000000004
0.46525,0.029842270000000004
0.46632399999999996,0.030217466000000002
0.46739899999999995,0.030788664000000004
0.468473,0.031354262
0.46954799999999997,0.031807858
0.470622,0.032485458
0.471697,0.033084654000000005
0.472771,0.033678252
0.473846,0.034439848
0.47491999999999995,0.035167844000000004
0.475995,0.03589584
0.47706899999999997,0.03674704
0.47814399999999996,0.03759823600000001
0.479218,0.03848303200000001
0.48029299999999997,0.039530224
0.481367,0.040532624
0.48244099999999995,0.041669416
0.483516,0.042828612
0.48458999999999997,0.043943008
0.48566499999999996,0.045197400000000006
0.486739,0.046451796000000004
0.48781399999999997,0.047549392
0.488888,0.04872538800000001
0.489963,0.049694184
0.491037,0.04703104
0.492112,0.049109156
0.49318599999999996,0.051077896000000005
0.49426099999999995,0.052609140000000006
0.49533499999999997,0.055343504
0.49640999999999996,0.05753099600000001
0.497484,0.05939036000000001
0.498559,0.062015348000000005
0.499633,0.06464034
0.5007079999999999,0.06693720400000001
0.501782,0.069999688
0.502857,0.072187176
0.503931,0.07535904
0.505006,0.07853090400000001
0.50608,0.08115588800000001
0.507155,0.08454649600000001
0.5082289999999999,0.08771836
0.509304,0.09056209600000001
0.510378,0.09395270400000001
0.511452,0.09745268800000001
0.512527,0.100515
0.513601,0.10434299999999999
0.514676,0.10773300000000001
0.5157499999999999,0.111452
0.516825,0.11539
0.517899,0.11845199999999999
0.5189739999999999,0.12239
0.520048,0.126546
0.521123,0.130046
0.522197,0.133765
0.523272,0.137702
0.524346,0.14142100000000002
0.525421,0.14579599999999998
0.5264949999999999,0.14962399999999998
0.52757,0.153343
0.528644,0.157718
0.5297189999999999,0.161436
0.530793,0.165155
0.531868,0.16953
0.532942,0.173467
0.534017,0.17740499999999998
0.535091,0.181889
0.5361659999999999,0.185608
0.5372399999999999,0.18998299999999999
0.538314,0.19413899999999998
0.539389,0.198186
0.540463,0.202452
0.541538,0.20671699999999998
0.542612,0.210764
0.5436869999999999,0.215358
0.5447609999999999,0.219733
0.545836,0.223889
0.54691,0.22870200000000002
0.5479849999999999,0.232858
0.549059,0.237452
0.550134,0.242373
0.5512079999999999,0.246748
0.552283,0.251452
0.553357,0.256264
0.5544319999999999,0.26085800000000003
0.5555059999999999,0.26599799999999996
0.556581,0.27103
0.557655,0.275623
0.55873,0.280983
0.559804,0.285904
0.560879,0.29082600000000003
0.5619529999999999,0.296514
0.563028,0.301108
0.564102,0.306358
0.5651769999999999,0.311826
0.566251,0.316529
0.567326,0.32221700000000003
0.5684,0.327357
0.5694739999999999,0.332498
0.570549,0.337857
0.571623,0.34299799999999997
0.5726979999999999,0.348029
0.573772,0.353498
0.574847,0.35842
0.575921,0.36312300000000003
0.576996,0.36826299999999995
0.57807,0.372857
0.579145,0.37777900000000003
0.5802189999999999,0.38270099999999996
0.581294,0.386967
0.582368,0.391451
0.5834429999999999,0.39626300000000003
0.584517,0.40009100000000003
0.585592,0.404795
0.586666,0.408623
0.587741,0.41201299999999996
0.588815,0.416279
0.58989,0.41967
0.5909639999999999,0.42284099999999997
0.592039,0.42645099999999997
0.593113,0.42918500000000004
0.5941879999999999,0.432138
0.595262,0.435419
0.596336,0.437716
0.597411,0.44023199999999996
0.5984849999999999,0.442638
0.59956,0.44438799999999995
0.600634,0.44657600000000003
0.6017089999999999,0.448654
0.602783,0.449857
0.603858,0.45149700000000004
0.604932,0.45281
0.606007,0.45357600000000003
0.607081,0.45521599999999995
0.6081559999999999,0.455654
0.6092299999999999,0.45641899999999996
0.610305,0.457732
0.611379,0.457622
0.6124539999999999,0.458279
0.613528,0.45882599999999996
0.614603,0.458607
0.6156769999999999,0.458935
0.616752,0.458935
0.617826,0.458607
0.6189009999999999,0.458935
0.6199749999999999,0.458716
0.62105,0.45806
0.622124,0.458279
0.6231979999999999,0.457732
0.624273,0.457294
0.625347,0.457185
0.6264219999999999,0.45641899999999996
0.6274959999999999,0.456201
0.628571,0.455763
0.629645,0.454888
0.63072,0.454779
0.631794,0.454013
0.632869,0.45324699999999996
0.6339429999999999,0.453138
0.635018,0.45226299999999997
0.636092,0.45138799999999996
0.6371669999999999,0.451279
0.638241,0.45029399999999997
0.639316,0.449529
0.64039,0.449201
0.641465,0.447998
0.642539,0.44755999999999996
0.643614,0.447232
0.6446879999999999,0.446138
0.645763,0.445701
0.646837,0.445044
0.6479119999999999,0.443951
0.648986,0.44373199999999996
0.650061,0.443076
0.651135,0.442201
0.6522089999999999,0.441873
0.653284,0.44143499999999997
0.654358,0.44066900000000003
0.6554329999999999,0.44055999999999995
0.656507,0.440123
0.657582,0.439794
0.658656,0.439794
0.659731,0.438919
0.660805,0.439248
0.66188,0.439248
0.6629539999999999,0.438701
0.664029,0.439029
0.665103,0.439029
0.6661779999999999,0.439138
0.667252,0.43990399999999996
0.668327,0.439794
0.669401,0.44034100000000004
0.670476,0.44143499999999997
0.67155,0.44176299999999996
0.6726249999999999,0.442638
0.6736989999999999,0.443951
0.674774,0.44471599999999994
0.675848,0.446138
0.6769229999999999,0.44788799999999995
0.677997,0.44909099999999996
0.679072,0.451279
0.6801459999999999,0.453029
0.6812199999999999,0.454888
0.682295,0.457513
0.683369,0.45991899999999997
0.6844439999999999,0.46232599999999996
0.685518,0.465607
0.686593,0.46856000000000003
0.6876669999999999,0.471841
0.688742,0.47556
0.689816,0.47884099999999996
0.6908909999999999,0.482779
0.6919649999999999,0.48693499999999995
0.69304,0.49065400000000003
0.694114,0.49524699999999994
0.695189,0.499622
0.696263,0.503997
0.697338,0.509138
0.6984119999999999,0.513732
0.699487,0.518435
0.700561,0.523685
0.7016359999999999,0.528278
0.70271,0.5332
0.703785,0.5386690000000001
0.704859,0.5432629999999999
0.705934,0.548731
0.707008,0.5538719999999999
0.708083,0.558356
0.7091569999999999,0.563716
0.710231,0.568747
0.711306,0.5731219999999999
0.71238,0.5784809999999999
0.713455,0.583075
0.714529,0.587559
0.715604,0.5927
0.7166779999999999,0.596966
0.717753,0.601231
0.718827,0.6058250000000001
0.7199019999999999,0.609762
0.720976,0.613919
0.722051,0.618294
0.723125,0.621794
0.7242,0.62584
0.725274,0.629559
0.726349,0.63284
0.7274229999999999,0.6366689999999999
0.728498,0.6400589999999999
0.729572,0.64334
0.7306469999999999,0.64684
0.731721,0.6496839999999999
0.732796,0.652856
0.7338699999999999,0.6565749999999999
0.734945,0.659418
0.736019,0.662481
0.737093,0.665872
0.7381679999999999,0.668387
0.739242,0.671778
0.740317,0.6749499999999999
0.7413909999999999,0.677575
0.742466,0.680965
0.74354,0.6833710000000001
0.7446149999999999,0.685887
0.7456889999999999,0.68884
0.746764,0.691137
0.747838,0.693434
0.7489129999999999,0.69584
0.749987,0.697481
0.751062,0.69945
0.7521359999999999,0.700981
0.753211,0.701637
0.754285,0.70284
0.7553599999999999,0.7032780000000001
0.7564339999999999,0.703168
0.757509,0.703387
0.758583,0.7025119999999999
0.7596579999999999,0.701309
0.760732,0.7002149999999999
0.761807,0.698356
0.7628809999999999,0.69595
0.7639549999999999,0.693871
0.76503,0.6905899999999999
0.766104,0.687528
0.7671789999999999,0.6842459999999999
0.768253,0.680309
0.769328,0.6767
0.7704019999999999,0.672872
0.771477,0.6682779999999999
0.772551,0.664559
0.7736259999999999,0.660293
0.7746999999999999,0.6557000000000001
0.775775,0.651872
0.776849,0.647387
0.777924,0.643231
0.778998,0.6396219999999999
0.780073,0.635247
0.7811469999999999,0.631419
0.782222,0.628028
0.783296,0.624091
0.7843709999999999,0.621028
0.785445,0.617856
0.78652,0.614575
0.787594,0.611841
0.788669,0.608997
0.789743,0.6062620000000001
0.7908179999999999,0.604075
0.7918919999999999,0.601778
0.792967,0.599372
0.794041,0.597841
0.795115,0.595544
0.79619,0.594012
0.797264,0.5924809999999999
0.7983389999999999,0.590731
0.7994129999999999,0.5895279999999999
0.800488,0.588544
0.801562,0.587122
0.8026369999999999,0.586575
0.803711,0.5857
0.804786,0.5843879999999999
0.8058599999999999,0.584278
0.806935,0.583513
0.808009,0.582856
0.8090839999999999,0.582856
0.8101579999999999,0.582309
0.811233,0.5822
0.812307,0.582309
0.8133819999999999,0.581872
0.814456,0.581981
0.815531,0.5822
0.8166049999999999,0.5822
0.81768,0.5825279999999999
0.818754,0.582638
0.8198289999999999,0.582856
0.8209029999999999,0.583622
0.821978,0.584059
0.823052,0.584059
0.8241259999999999,0.585153
0.825201,0.585591
0.826275,0.5861379999999999
0.8273499999999999,0.587122
0.8284239999999999,0.5873409999999999
0.829499,0.588325
0.830573,0.5892000000000001
0.8316479999999999,0.5895279999999999
0.832722,0.590731
0.833797,0.5916060000000001
0.8348709999999999,0.5920439999999999
0.835946,0.593575
0.83702,0.594231
0.8380949999999999,0.5949969999999999
0.8391689999999999,0.5962
0.840244,0.596966
0.841318,0.598059
0.842393,0.5992620000000001
0.843467,0.599919
0.844542,0.601122
0.8456159999999999,0.602325
0.846691,0.6030909999999999
0.847765,0.604512
0.8488399999999999,0.605497
0.849914,0.6060439999999999
0.850988,0.607575
0.852063,0.608669
0.8531369999999999,0.609325
0.854212,0.610856
0.855286,0.611622
0.8563609999999999,0.612716
0.857435,0.613919
0.85851,0.614903
0.859584,0.6161059999999999
0.860659,0.617309
0.861733,0.618075
0.8628079999999999,0.619278
0.8638819999999999,0.620262
0.864957,0.620919
0.866031,0.6221220000000001
0.8671059999999999,0.622997
0.86818,0.6237619999999999
0.869255,0.625075
0.8703289999999999,0.62584
0.871404,0.626606
0.872478,0.6276999999999999
0.8735529999999999,0.6283559999999999
0.8746269999999999,0.629231
0.875702,0.6301059999999999
0.876776,0.6307619999999999
0.8778499999999999,0.631637
0.878925,0.632512
0.879999,0.63295
0.8810739999999999,0.6337149999999999
0.8821479999999999,0.6344810000000001
0.883223,0.634809
0.884297,0.635575
0.8853719999999999,0.635903
0.886446,0.636231
0.887521,0.637106
0.8885949999999999,0.636997
0.88967,0.637215
0.890744,0.637872
0.8918189999999999,0.637653
0.8928929999999999,0.63809
0.893968,0.63809
0.895042,0.637872
0.8961169999999999,0.637981
0.897191,0.6377619999999999
0.898266,0.637215
0.8993399999999999,0.637106
0.900415,0.6366689999999999
0.901489,0.635903
0.9025639999999999,0.635575
0.9036379999999999,0.6347
0.904713,0.634044
0.905787,0.633169
0.9068609999999999,0.632294
0.907936,0.6312
0.90901,0.6301059999999999
0.9100849999999999,0.6284649999999999
0.9111589999999999,0.617309
0.912234,0.601887
0.913308,0.590731
0.914383,0.581872
0.915457,0.572356
0.916532,0.5655749999999999
0.9176059999999999,0.558903
0.918681,0.5514659999999999
0.919755,0.546763
0.9208299999999999,0.540856
0.921904,0.5349499999999999
0.922979,0.5309029999999999
0.924053,0.525216
0.925128,0.520513
0.926202,0.516903
0.9272769999999999,0.511653
0.9283509999999999,0.507607
0.929426,0.504216
0.9305,0.49929399999999996
0.9315749999999999,0.495904
0.932649,0.49240399999999995
0.933724,0.487919
0.9347979999999999,0.485294
0.9358719999999999,0.481685
0.936947,0.47763799999999995
0.938021,0.475451
0.9390959999999999,0.471513
0.94017,0.468013
0.941245,0.46615399999999996
0.9423189999999999,0.461997
0.943394,0.459154
0.944468,0.457076
0.9455429999999999,0.453138
0.9466169999999999,0.45106
0.947692,0.448654
0.948766,0.445044
0.9498409999999999,0.443294
0.950915,0.44066900000000003
0.95199,0.437279
0.9530639999999999,0.43574799999999997
0.954139,0.43290399999999996
0.955213,0.43016899999999997
0.9562879999999999,0.428857
0.9573619999999999,0.42557599999999995
0.958437,0.423388
0.959511,0.421966
0.9605859999999999,0.418795
0.96166,0.417154
0.962735,0.41551299999999997
0.9638089999999999,0.412232
0.9648829999999999,0.411248
0.965958,0.40917
0.967032,0.406326
0.9681069999999999,0.405451
0.969181,0.403045
0.970256,0.40052899999999997
0.9713299999999999,0.399982
0.972405,0.397138
0.973479,0.395388
0.9745539999999999,0.394513
0.9756279999999999,0.391779
0.976703,0.390467
0.977777,0.389263
0.9788519999999999,0.38642
0.979926,0.38587299999999997
0.9810009999999999,0.384232
0.9820749999999999,0.38160700000000003
0.98315,0.38117
0.984224,0.37920099999999995
0.9852989999999999,0.376904
0.9863729999999999,0.376576
0.987448,0.374388
0.9885219999999999,0.372857
0.989597,0.37242
0.990671,0.369795
0.991745,0.368701
0.9928199999999999,0.367935
0.9938939999999999,0.36542
0.994969,0.364982
0.9960429999999999,0.36367
0.997118,0.361264
0.998192,0.361154
0.9992669999999999,0.359404
1.000341,0.35743499999999995
1.0014159999999999,0.35743499999999995
1.0024899999999999,0.35546700000000003
1.003565,0.354045
1.004639,0.353826
1.005714,0.351529
1.006788,0.350545
1.007863,0.350217
1.008937,0.34781
1.010012,0.347592
1.011086,0.346717
1.0121609999999999,0.34442
1.0132349999999999,0.34442
1.01431,0.34299799999999997
1.015384,0.341357
1.016459,0.341248
1.017533,0.339607
1.018608,0.338185
1.019682,0.33829499999999996
1.020756,0.336217
1.021831,0.335451
1.022905,0.335232
1.02398,0.332936
1.025054,0.332826
1.0261289999999998,0.331951
1.0272029999999999,0.329982
1.028278,0.330092
1.029352,0.328998
1.030427,0.327357
1.031501,0.327576
1.032576,0.32604500000000003
1.03365,0.32473199999999997
1.034725,0.325061
1.035799,0.32309200000000005
1.0368739999999999,0.322326
1.0379479999999999,0.322326
1.039023,0.320357
1.040097,0.320029
1.041172,0.319701
1.042246,0.31773199999999996
1.043321,0.317842
1.044395,0.316967
1.04547,0.315217
1.046544,0.315764
1.047618,0.314342
1.0486929999999999,0.313139
1.049767,0.313467
1.050842,0.311826
1.0519159999999999,0.31106100000000003
1.052991,0.31117
1.054065,0.309311
1.05514,0.309092
1.056214,0.308983
1.057289,0.307123
1.058363,0.307342
1.0594379999999999,0.30657599999999996
1.060512,0.304936
1.061587,0.305373
1.0626609999999999,0.304279
1.063736,0.302967
1.06481,0.303623
1.065885,0.301873
1.066959,0.301217
1.068034,0.30165400000000003
1.069108,0.299686
1.0701829999999999,0.299576
1.071257,0.299358
1.0723319999999998,0.297717
1.0734059999999999,0.297936
1.074481,0.297498
1.075555,0.295858
1.076629,0.296404
1.077704,0.29541999999999996
1.078778,0.294217
1.079853,0.294873
1.080927,0.293451
1.082002,0.292576
1.083076,0.293233
1.0841509999999999,0.291373
1.0852249999999999,0.291154
1.0863,0.291483
1.0873739999999998,0.289514
1.088449,0.289951
1.089523,0.289623
1.090598,0.287983
1.091672,0.288639
1.092747,0.287654
1.093821,0.286451
1.0948959999999999,0.287326
1.0959699999999999,0.285904
1.097045,0.285139
1.0981189999999998,0.285795
1.099194,0.284045
1.100268,0.28393599999999997
1.101343,0.284154
1.102417,0.282404
1.103492,0.28273299999999996
1.104566,0.282404
1.1056409999999999,0.280873
1.106715,0.281639
1.107789,0.280873
1.1088639999999998,0.27956099999999995
1.1099379999999999,0.280545
1.111013,0.279123
1.112087,0.278467
1.113162,0.27923299999999995
1.114236,0.277483
1.115311,0.277483
1.116385,0.277811
1.11746,0.27606099999999995
1.118534,0.276498
1.1196089999999999,0.27617
1.1206829999999999,0.274748
1.121758,0.27540499999999996
1.122832,0.274748
1.123907,0.273545
1.124981,0.27442
1.126056,0.27332599999999996
1.12713,0.272561
1.128205,0.273436
1.129279,0.271795
1.1303539999999999,0.271576
1.1314279999999999,0.27201400000000003
1.132503,0.270483
1.133577,0.27070099999999997
1.134652,0.270811
1.135726,0.26917
1.1368,0.26982599999999995
1.137875,0.26927999999999996
1.138949,0.26818600000000004
1.140024,0.268951
1.141098,0.267967
1.1421729999999999,0.26720099999999997
1.143247,0.268076
1.1443219999999998,0.266655
1.1453959999999999,0.266436
1.146471,0.267092
1.147545,0.265342
1.14862,0.26566999999999996
1.149694,0.26566999999999996
1.150769,0.264248
1.151843,0.264905
1.1529179999999999,0.264576
1.153992,0.263264
1.1550669999999998,0.264139
1.1561409999999999,0.263264
1.157216,0.26249799999999995
1.15829,0.263264
1.159365,0.261951
1.160439,0.261623
1.161514,0.26228
1.162588,0.260748
1.163663,0.261076
1.164737,0.261295
1.165811,0.259764
1.1668859999999999,0.260311
1.1679599999999999,0.260201
1.169035,0.258889
1.1701089999999998,0.259655
1.171184,0.259108
1.172258,0.258233
1.173333,0.259217
1.174407,0.257905
1.175482,0.257576
1.176556,0.258233
1.1776309999999999,0.256811
1.178705,0.25703000000000004
1.17978,0.257467
1.1808539999999998,0.25571699999999997
1.181929,0.256592
1.183003,0.256264
1.184078,0.255061
1.185152,0.25604499999999997
1.186227,0.255389
1.187301,0.254405
1.1883759999999999,0.255498
1.18945,0.25418599999999997
1.190525,0.253858
1.1915989999999999,0.25462300000000004
1.1926729999999999,0.253311
1.193748,0.253311
1.194822,0.253858
1.195897,0.252327
1.196971,0.252983
1.198046,0.253092
1.19912,0.25166999999999995
1.200195,0.252764
1.201269,0.251998
1.2023439999999999,0.25101399999999996
1.2034179999999999,0.252108
1.204493,0.25112300000000004
1.205567,0.25068599999999996
1.206642,0.25166999999999995
1.207716,0.250248
1.208791,0.25035799999999997
1.209865,0.250795
1.21094,0.249483
1.212014,0.24992
1.2130889999999999,0.250139
1.2141629999999999,0.248717
1.215238,0.24970200000000004
1.2163119999999998,0.249264
1.217387,0.24816999999999997
1.218461,0.24937299999999998
1.219535,0.24816999999999997
1.22061,0.24784199999999998
1.221684,0.24882700000000002
1.222759,0.24729500000000001
1.223833,0.24751399999999998
1.2249079999999999,0.24816999999999997
1.225982,0.24663900000000002
1.2270569999999998,0.24729500000000001
1.2281309999999999,0.24729500000000001
1.229206,0.246092
1.23028,0.24696700000000002
1.231355,0.24652999999999997
1.232429,0.245655
1.233504,0.246748
1.234578,0.245655
1.235653,0.245108
1.236727,0.24620199999999998
1.2378019999999998,0.244889
1.2388759999999999,0.244889
1.239951,0.245655
1.241025,0.24412300000000003
1.2421,0.24466999999999997
1.243174,0.244998
1.244249,0.24346700000000002
1.245323,0.244561
1.246397,0.24423299999999998
1.247472,0.24302999999999997
1.248546,0.24423299999999998
1.2496209999999999,0.24335799999999996
1.250695,0.24281100000000003
1.25177,0.24390499999999998
1.2528439999999998,0.242592
1.253919,0.242483
1.254993,0.24313900000000002
1.256068,0.24182700000000001
1.257142,0.242264
1.258217,0.24270199999999997
1.259291,0.24128
1.2603659999999999,0.242264
1.26144,0.241936
1.262515,0.240733
1.2635889999999999,0.241936
1.264664,0.24117
1.265738,0.24040499999999998
1.266813,0.241608
1.267887,0.24051399999999998
1.268962,0.24018599999999998
1.270036,0.241061
1.2711109999999999,0.23974800000000002
1.272185,0.24018599999999998
1.273259,0.24040499999999998
1.2743339999999999,0.239092
1.2754079999999999,0.239967
1.276483,0.239967
1.2775569999999998,0.238655
1.278632,0.239858
1.279706,0.23931100000000002
1.280781,0.23832699999999998
1.281855,0.23963900000000002
1.28293,0.238436
1.284004,0.23821699999999998
1.2850789999999999,0.23920199999999997
1.2861529999999999,0.23767
1.287228,0.23810800000000001
1.2883019999999998,0.238436
1.289377,0.237233
1.290451,0.237889
1.291526,0.237889
1.2926,0.236795
1.293675,0.237998
1.294749,0.23734199999999997
1.2958239999999999,0.23657699999999998
1.2968979999999999,0.23767
1.297973,0.23657699999999998
1.2990469999999998,0.23624799999999999
1.300122,0.237233
1.301196,0.23603
1.30227,0.23624799999999999
1.303345,0.236795
1.304419,0.235373
1.305494,0.23624799999999999
1.306568,0.236358
1.3076429999999999,0.234936
1.308717,0.23603
1.3097919999999998,0.235592
1.3108659999999999,0.234717
1.311941,0.23592
1.313015,0.23482699999999998
1.31409,0.234608
1.315164,0.235592
1.316239,0.234389
1.317313,0.234389
1.318388,0.235045
1.319462,0.233733
1.3205369999999998,0.23449799999999998
1.3216109999999999,0.234608
1.322686,0.233295
1.32376,0.23428000000000002
1.324835,0.233952
1.325909,0.232967
1.326984,0.23428000000000002
1.328058,0.233295
1.329133,0.232967
1.330207,0.233952
1.331281,0.23263899999999998
1.3323559999999999,0.232858
1.33343,0.23351399999999997
1.3345049999999998,0.232202
1.3355789999999998,0.23274799999999998
1.336654,0.23307699999999998
1.337728,0.23176399999999997
1.338803,0.23274799999999998
1.339877,0.23242
1.340952,0.231436
1.342026,0.23263899999999998
1.3431009999999999,0.231655
1.344175,0.231108
1.3452499999999998,0.232311
1.3463239999999999,0.23099799999999998
1.347399,0.23132699999999998
1.348473,0.232202
1.349548,0.23067
1.350622,0.231108
1.351697,0.231436
1.352771,0.230123
1.3538459999999999,0.231108
1.35492,0.230889
1.3559949999999998,0.229795
1.3570689999999999,0.23099799999999998
1.358144,0.230123
1.359218,0.22968599999999997
1.360293,0.230889
1.361367,0.229795
1.362441,0.229467
1.363516,0.23045200000000002
1.36459,0.22891999999999998
1.365665,0.229577
1.366739,0.229905
1.3678139999999999,0.228592
1.3688879999999999,0.229577
1.369963,0.229467
1.3710369999999998,0.228373
1.372112,0.229577
1.373186,0.228811
1.374261,0.228264
1.375335,0.229467
1.37641,0.228264
1.377484,0.228155
1.3785589999999999,0.229139
1.3796329999999999,0.227717
1.380708,0.228155
1.3817819999999998,0.228592
1.382857,0.22716999999999998
1.383931,0.228264
1.385006,0.228045
1.38608,0.226842
1.387155,0.228155
1.388229,0.22749799999999998
1.3893039999999999,0.226842
1.390378,0.22793599999999997
1.3914529999999998,0.226842
1.3925269999999998,0.226623
1.3936009999999999,0.227717
1.394676,0.226405
1.39575,0.226842
1.396825,0.22728
1.397899,0.22585799999999998
1.398974,0.226733
1.400048,0.22695200000000001
1.401123,0.225748
1.402197,0.226733
1.4032719999999999,0.226186
1.4043459999999999,0.22553
1.405421,0.226733
1.4064949999999998,0.225639
1.40757,0.225311
1.408644,0.226405
1.409719,0.225092
1.410793,0.22541999999999998
1.411868,0.226077
1.412942,0.224764
1.4140169999999999,0.22541999999999998
1.4150909999999999,0.22541999999999998
1.416166,0.224327
1.4172399999999998,0.225639
1.418315,0.224983
1.419389,0.224327
1.420463,0.22553
1.421538,0.224436
1.422612,0.22410799999999997
1.423687,0.225202
1.424761,0.22377999999999998
1.4258359999999999,0.224217
1.42691,0.22487300000000002
1.4279849999999998,0.223452
1.4290589999999999,0.22410799999999997
1.430134,0.224436
1.431208,0.223233
1.432283,0.224327
1.433357,0.223889
1.434432,0.223014
1.435506,0.224217
1.4365809999999999,0.223233
1.437655,0.222905
1.4387299999999998,0.22410799999999997
1.4398039999999999,0.222905
1.440879,0.223014
1.441953,0.22366999999999998
1.443028,0.222249
1.444102,0.22312400000000002
1.445177,0.22334199999999998
1.446251,0.22191999999999998
1.447325,0.223014
1.4484,0.222905
1.449474,0.22170199999999998
1.4505489999999999,0.22312400000000002
1.4516229999999999,0.222249
1.452698,0.221811
1.4537719999999998,0.222905
1.454847,0.22170199999999998
1.455921,0.221811
1.456996,0.222795
1.45807,0.221264
1.459145,0.22191999999999998
1.460219,0.222249
1.4612939999999999,0.220936
1.462368,0.22202999999999998
1.4634429999999998,0.22170199999999998
1.4645169999999998,0.220827
1.465592,0.22191999999999998
1.466666,0.221045
1.467741,0.220717
1.468815,0.22191999999999998
1.46989,0.220499
1.470964,0.220717
1.4720389999999999,0.22170199999999998
1.473113,0.22017
1.474187,0.220936
1.4752619999999999,0.221155
1.4763359999999999,0.21984199999999998
1.477411,0.220827
1.4784849999999998,0.220717
1.47956,0.219624
1.480634,0.220717
1.481709,0.220061
1.482783,0.219733
1.483858,0.220717
1.484932,0.219733
1.4860069999999999,0.219733
1.4870809999999999,0.220608
1.488156,0.219186
1.4892299999999998,0.219624
1.490305,0.22017
1.491379,0.218858
1.492454,0.21984199999999998
1.493528,0.219733
1.494603,0.218639
1.495677,0.21984199999999998
1.4967519999999999,0.219186
1.4978259999999999,0.218639
1.498901,0.219733
1.4999749999999998,0.218639
1.498901,0.21852999999999997
1.4978259999999999,0.219624
1.4967519999999999,0.21820199999999998
1.495677,0.218639
1.494603,0.219077
1.493528,0.21787399999999998
1.492454,0.218858
1.491379,0.218749
1.490305,0.21754500000000002
1.4892299999999998,0.218749
1.488156,0.21820199999999998
1.4870809999999999,0.21754500000000002
1.4860069999999999,0.218858
1.484932,0.21776399999999999
1.483858,0.21754500000000002
1.482783,0.218639
1.481709,0.217327
1.480634,0.217655
1.47956,0.218311
1.4784849999999998,0.216889
1.477411,0.21754500000000002
1.4763359999999999,0.21787399999999998
1.4752619999999999,0.21667
1.474187,0.21787399999999998
1.473113,0.217327
1.4720389999999999,0.216561
1.470964,0.21787399999999998
1.46989,0.216889
1.468815,0.21645199999999998
1.467741,0.21754500000000002
1.466666,0.21645199999999998
1.465592,0.21667
1.4645169999999998,0.217436
1.4634429999999998,0.215905
1.462368,0.216889
1.4612939999999999,0.216889
1.460219,0.215577
1.459145,0.216889
1.45807,0.21645199999999998
1.456996,0.215686
1.455921,0.216889
1.454847,0.215905
1.4537719999999998,0.215577
1.452698,0.21677999999999997
1.4516229999999999,0.21546700000000002
1.4505489999999999,0.215686
1.449474,0.21645199999999998
1.4484,0.21503
1.447325,0.215905
1.446251,0.21612399999999998
1.445177,0.214811
1.444102,0.215905
1.443028,0.215686
1.441953,0.21470199999999998
1.440879,0.21612399999999998
1.4398039999999999,0.21503
1.4387299999999998,0.21470199999999998
1.437655,0.215905
1.4365809999999999,0.21470199999999998
1.435506,0.214811
1.434432,0.215577
1.433357,0.21426399999999998
1.432283,0.21503
1.431208,0.215249
1.430134,0.213827
1.4290589999999999,0.215139
1.4279849999999998,0.214811
1.42691,0.21371700000000002
1.4258359999999999,0.21503
1.424761,0.21426399999999998
1.423687,0.213827
1.422612,0.21492
1.421538,0.213827
1.420463,0.213827
1.419389,0.214811
1.418315,0.213389
1.4172399999999998,0.214155
1.416166,0.214483
1.4150909999999999,0.21317
1.4140169999999999,0.21426399999999998
1.412942,0.214155
1.411868,0.21295199999999997
1.410793,0.214155
1.409719,0.213499
1.408644,0.213061
1.40757,0.214045
1.4064949999999998,0.213061
1.405421,0.21295199999999997
1.4043459999999999,0.213936
1.4032719999999999,0.21251399999999998
1.402197,0.21317
1.401123,0.213499
1.400048,0.21229499999999998
1.398974,0.21328
1.397899,0.213061
1.396825,0.212077
1.39575,0.213389
1.394676,0.212733
1.3936009999999999,0.212077
1.3925269999999998,0.213389
1.3914529999999998,0.21218599999999999
1.390378,0.212405
1.3893039999999999,0.21317
1.388229,0.211749
1.387155,0.21229499999999998
1.38608,0.212733
1.385006,0.21153
1.383931,0.212405
1.382857,0.21251399999999998
1.3817819999999998,0.211311
1.380708,0.21251399999999998
1.3796329999999999,0.21196700000000002
1.3785589999999999,0.211311
1.377484,0.21262399999999998
1.37641,0.21153
1.375335,0.211311
1.374261,0.21251399999999998
1.373186,0.210983
1.372112,0.21142
1.3710369999999998,0.21218599999999999
1.369963,0.210764
1.3688879999999999,0.211639
1.3678139999999999,0.21142
1.366739,0.21054499999999998
1.365665,0.211749
1.36459,0.211311
1.363516,0.21043599999999998
1.362441,0.211639
1.361367,0.210764
1.360293,0.21054499999999998
1.359218,0.21153
1.358144,0.21032700000000001
1.3570689999999999,0.210655
1.3559949999999998,0.211311
1.35492,0.209999
1.3538459999999999,0.21087399999999998
1.352771,0.210983
1.351697,0.20978
1.350622,0.211092
1.349548,0.21054499999999998
1.348473,0.20967
1.347399,0.210983
1.3463239999999999,0.210108
1.3452499999999998,0.20978
1.344175,0.21087399999999998
1.3431009999999999,0.20967
1.342026,0.20978
1.340952,0.21054499999999998
1.339877,0.209233
1.338803,0.209999
1.337728,0.21032700000000001
1.336654,0.209014
1.3355789999999998,0.21021700000000001
1.3345049999999998,0.20978
1.33343,0.209014
1.3323559999999999,0.21032700000000001
1.331281,0.209233
1.330207,0.20912399999999998
1.329133,0.21032700000000001
1.328058,0.208905
1.326984,0.20912399999999998
1.325909,0.209999
1.324835,0.20868599999999998
1.32376,0.209342
1.322686,0.209561
1.3216109999999999,0.208358
1.3205369999999998,0.209561
1.319462,0.209014
1.318388,0.208358
1.317313,0.20967
1.316239,0.208577
1.315164,0.208249
1.31409,0.209342
1.313015,0.208249
1.311941,0.20846699999999999
1.3108659999999999,0.209233
1.3097919999999998,0.207811
1.308717,0.208577
1.3076429999999999,0.209014
1.306568,0.207592
1.305494,0.20879499999999998
1.304419,0.208577
1.303345,0.207592
1.30227,0.20879499999999998
1.301196,0.20803
1.300122,0.207483
1.2990469999999998,0.20868599999999998
1.297973,0.207483
1.2968979999999999,0.206389
1.2958239999999999,0.207155
1.294749,0.206827
1.293675,0.20628
1.2926,0.206499
1.291526,0.20628
1.290451,0.205952
1.289377,0.20628
1.2883019999999998,0.205514
1.287228,0.205624
1.2861529999999999,0.205733
1.2850789999999999,0.205186
1.284004,0.205186
1.28293,0.205077
1.281855,0.20474900000000001
1.280781,0.20485799999999998
1.279706,0.20453
1.278632,0.204092
1.2775569999999998,0.20431100000000002
1.276483,0.203983
1.2754079999999999,0.203655
1.2743339999999999,0.203874
1.273259,0.203327
1.272185,0.203327
1.2711109999999999,0.203436
1.270036,0.20278
1.268962,0.202999
1.267887,0.20288899999999999
1.266813,0.202452
1.265738,0.20267
1.264664,0.202342
1.2635889999999999,0.202124
1.262515,0.202124
1.26144,0.201905
1.2603659999999999,0.201686
1.259291,0.20179499999999997
1.258217,0.20146699999999998
1.257142,0.201249
1.256068,0.201358
1.254993,0.200811
1.253919,0.200811
1.2528439999999998,0.200811
1.25177,0.200483
1.250695,0.200592
1.2496209999999999,0.200374
1.248546,0.199936
1.247472,0.200264
1.246397,0.199936
1.245323,0.199608
1.244249,0.199827
1.243174,0.19938899999999998
1.2421,0.19927999999999998
1.241025,0.19938899999999998
1.239951,0.198952
1.2388759999999999,0.198733
1.2378019999999998,0.199061
1.236727,0.198405
1.235653,0.198514
1.234578,0.198295
1.233504,0.198077
1.232429,0.198295
1.231355,0.197858
1.23028,0.197749
1.229206,0.197749
1.2281309999999999,0.19742
1.2270569999999998,0.19742
1.225982,0.19752999999999998
1.2249079999999999,0.197092
1.223833,0.197092
1.222759,0.196983
1.221684,0.196545
1.22061,0.196655
1.219535,0.196436
1.218461,0.196108
1.217387,0.196436
1.2163119999999998,0.196108
1.215238,0.19588899999999998
1.2141629999999999,0.195999
1.2130889999999999,0.195671
1.212014,0.19556099999999998
1.21094,0.19578
1.209865,0.19534200000000002
1.208791,0.195124
1.207716,0.195014
1.206642,0.194796
1.205567,0.194905
1.204493,0.194796
1.2034179999999999,0.194467
1.2023439999999999,0.194686
1.201269,0.194249
1.200195,0.19403
1.19912,0.194358
1.198046,0.19403
1.196971,0.19381099999999998
1.195897,0.19381099999999998
1.194822,0.193374
1.193748,0.193374
1.1926729999999999,0.193483
1.1915989999999999,0.193155
1.190525,0.193374
1.18945,0.193264
1.1883759999999999,0.19282699999999997
1.187301,0.192936
1.186227,0.192717
1.185152,0.192499
1.184078,0.192717
1.183003,0.19238899999999998
1.181929,0.192171
1.1808539999999998,0.19238899999999998
1.17978,0.191842
1.178705,0.191842
1.1776309999999999,0.191842
1.176556,0.191624
1.175482,0.191405
1.174407,0.191514
1.173333,0.191077
1.172258,0.191296
1.171184,0.191077
1.1701089999999998,0.190858
1.169035,0.190967
1.1679599999999999,0.190639
1.1668859999999999,0.190421
1.165811,0.190639
1.164737,0.190202
1.163663,0.190202
1.162588,0.19031099999999998
1.161514,0.189874
1.160439,0.189874
1.159365,0.18998299999999999
1.15829,0.189546
1.157216,0.189655
1.1561409999999999,0.189546
1.1550669999999998,0.189217
1.153992,0.189436
1.1529179999999999,0.18899899999999997
1.151843,0.189108
1.150769,0.189217
1.149694,0.188671
1.14862,0.18856099999999998
1.147545,0.18878
1.146471,0.188452
1.1453959999999999,0.188342
1.1443219999999998,0.188452
1.143247,0.18801400000000001
1.1421729999999999,0.18801400000000001
1.141098,0.187905
1.140024,0.187686
1.138949,0.187905
1.137875,0.187577
1.1368,0.187577
1.135726,0.187577
1.134652,0.187139
1.133577,0.18703
1.132503,0.187358
1.1314279999999999,0.18692099999999998
1.1303539999999999,0.18692099999999998
1.129279,0.18692099999999998
1.128205,0.186592
1.12713,0.186702
1.126056,0.186592
1.124981,0.186264
1.123907,0.186374
1.122832,0.186155
1.121758,0.18593600000000002
1.1206829999999999,0.186155
1.1196089999999999,0.185827
1.118534,0.185717
1.11746,0.18593600000000002
1.116385,0.185499
1.115311,0.185499
1.114236,0.185499
1.113162,0.184952
1.112087,0.185061
1.111013,0.185061
1.1099379999999999,0.184842
1.1088639999999998,0.185061
1.107789,0.18473299999999998
1.106715,0.184514
1.1056409999999999,0.18473299999999998
1.104566,0.18440499999999999
1.103492,0.184296
1.102417,0.184514
1.101343,0.184077
1.100268,0.18418600000000002
1.099194,0.181233
1.0981189999999998,0.17532699999999998
1.097045,0.170296
1.0959699999999999,0.165264
1.0948959999999999,0.160014
1.093821,0.155749
1.092747,0.15104599999999999
1.091672,0.146343
1.090598,0.142514
1.089523,0.13813999999999999
1.088449,0.13409300000000002
1.0873739999999998,0.130483
1.0863,0.12643600000000002
1.0852249999999999,0.12282699999999999
1.0841509999999999,0.119546
1.083076,0.115718
1.082002,0.112655
1.080927,0.109374
1.079853,0.10598300000000001
1.078778,0.103249
1.077704,0.100296
1.076629,0.09734332000000001
1.075555,0.09471832800000002
1.074481,0.091874592
1.0734059999999999,0.08914023200000001
1.0723319999999998,0.086952736
1.071257,0.084327752
1.0701829999999999,0.08170276
1.069108,0.07984340000000001
1.068034,0.07710903200000001
1.066959,0.07514029600000001
1.065885,0.07306217599999999
1.06481,0.07054656000000001
1.063736,0.06901531200000001
1.0626609999999999,0.06693720400000001
1.061587,0.06474971600000001
1.060512,0.06332784
1.0594379999999999,0.06146848
1.058363,0.059499736000000004
1.057289,0.058296616
1.056214,0.056327876000000006
1.05514,0.054577884
1.054065,0.05348414
1.052991,0.051515396000000005
1.0519159999999999,0.050312276
1.050842,0.049109156
1.049767,0.047468540000000004
1.0486929999999999,0.046484168
1.047618,0.04517167600000001
1.046544,0.043749808
1.04547,0.042765436000000004
1.044395,0.041562316
1.043321,0.04024982
1.042246,0.039484200000000004
1.041172,0.038171708000000006
1.040097,0.03707796
1.039023,0.036312340000000005
1.0379479999999999,0.035218596000000005
1.0368739999999999,0.034343596000000004
1.035799,0.033577976
1.034725,0.032374858000000006
1.03365,0.03171861
1.032576,0.030952988
1.031501,0.029968616000000003
1.030427,0.029421744000000003
1.029352,0.028656122000000003
1.028278,0.027671752
1.0272029999999999,0.02734363
1.0261289999999998,0.026578006000000005
1.025054,0.025703010000000002
1.02398,0.025265512000000004
1.022905,0.024281142000000002
1.021831,0.023734270000000002
1.020756,0.023406146000000003
1.019682,0.022531150000000003
1.018608,0.010723952
1.017533,0.015562331
1.016459,0.016822326000000002
1.015384,0.016934324
1.01431,0.016519927
1.0132349999999999,0.016088729000000003
1.0121609999999999,0.015696732
1.011086,0.015164734000000001
1.010012,0.014778335000000002
1.008937,0.014369536000000002
1.007863,0.013887939
1.006788,0.013518340000000002
1.005714,0.013103943000000002
1.004639,0.012689544000000002
1.003565,0.012398345
1.0024899999999999,0.011995147000000001
1.0014159999999999,0.011631148000000001
1.000341,0.01136795
0.9992669999999999,0.010942352
0.998192,0.010679153
0.997118,0.010371155
0.9960429999999999,0.009979156000000001
0.994969,0.009738357000000001
0.9938939999999999,0.009469559
0.9928199999999999,0.00907756
0.991745,0.008875961
0.990671,0.008551163
0.989597,0.008287963
0.9885219999999999,0.008052765
0.987448,0.0077223660000000005
0.9863729999999999,0.0074815670000000015
0.9852989999999999,0.007363967000000001
0.984224,0.0070391690000000005
0.98315,0.006815170000000001
0.9820749999999999,0.006602371
0.9810009999999999,0.006333572000000001
0.979926,0.0062103720000000005
0.9788519999999999,0.0059863730000000006
0.977777,0.0057231750000000005
0.976703,0.005616775
0.9756279999999999,0.0053871760000000005
0.9745539999999999,0.0051631770000000006
0.973479,0.005073577
0.972405,0.0048439780000000005
0.9713299999999999,0.0046703790000000005
0.970256,0.004597579000000001
0.969181,0.004351181
0.9681069999999999,0.004216781
0.967032,0.004132781
0.965958,0.003897582
0.9648829999999999,0.0038247830000000004
0.9638089999999999,0.0037351830000000004
0.962735,0.0035055840000000004
0.96166,0.0034215850000000004
0.9605859999999999,0.003247985
0.959511,0.0030519860000000005
0.958437,0.0029903860000000003
0.9573619999999999,0.002822387
0.9562879999999999,0.002643188
0.955213,0.002603988
0.954139,0.002374389
0.9530639999999999,0.0022735900000000002
0.95199,0.00222879
0.950915,0.001976791
0.9498409999999999,0.0019263910000000004
0.948766,0.001864791
0.947692,0.0016519920000000001
0.9466169999999999,0.0016295920000000002
0.9455429999999999,0.0015063930000000002
0.944468,0.001377593
0.943394,0.001360794
0.9423189999999999,0.0011871940000000001
0.941245,0.0010303950000000001
0.94017,0.001035995
0.9390959999999999,0.0008903960000000001
0.938021,0.000873596
0.936947,0.0007951960000000001
0.9358719999999999,0.000655197
0.9347979999999999,0.000610397
0.933724,0.000559997
0.932649,0.00038079800000000006
0.9315749999999999,0.00041999800000000004
0.9305,0.00034719800000000006
0.929426,0.000184799
0.9283509999999999,0.000184799
0.9272769999999999,6.7199712e-05
0.926202,-5.5999756000000005e-05
0.925128,-6.7199712e-05
0.924053,-0.00020159900000000003
0.922979,-0.000251998
0.921904,-0.000291198
0.9208299999999999,-0.000436798
0.919755,-0.000503997
0.918681,-0.0005487970000000001
0.9176059999999999,-0.0006943960000000001
0.916532,-0.000671997
0.915457,-0.0007783960000000001
0.914383,-0.0009183950000000001
0.913308,-0.0009295950000000001
0.912234,-0.0010135950000000002
0.9111589999999999,-0.001097595
0.9100849999999999,-0.001058395
0.90901,-0.0012039940000000001
0.907936,-0.0012319940000000001
0.9068609999999999,-0.0012431940000000002
0.905787,-0.001422393
0.904713,-0.001394393
0.9036379999999999,-0.0014391930000000003
0.9025639999999999,-0.0015679930000000002
0.901489,-0.001511993
0.900415,-0.0016071920000000001
0.8993399999999999,-0.001691192
0.898266,-0.0016631920000000002
0.897191,-0.001730392
0.8961169999999999,-0.0018367910000000002
0.895042,-0.001791992
0.893968,-0.0018591910000000003
0.8928929999999999,-0.0019431910000000001
0.8918189999999999,-0.0019599910000000003
0.890744,-0.0020663900000000004
0.88967,-0.0020775900000000003
0.8885949999999999,-0.00214479
0.887521,-0.00226239
0.886446,-0.0022847900000000005
0.8853719999999999,-0.0023127890000000004
0.884297,-0.0024471890000000002
0.883223,-0.002435989
0.8821479999999999,-0.0025199890000000003
0.8810739999999999,-0.002603988
0.879999,-0.0025591880000000004
0.878925,-0.0027047880000000005
0.8778499999999999,-0.0027719870000000005
0.876776,-0.002710388
0.875702,-0.002867187
0.8746269999999999,-0.002883987
0.8735529999999999,-0.0028783870000000005
0.872478,-0.003023986
0.871404,-0.0029903860000000003
0.8703289999999999,-0.0029903860000000003
0.869255,-0.003130386
0.86818,-0.003068786
0.8671059999999999,-0.003175186
0.866031,-0.0032255850000000004
0.864957,-0.003180786
0.8638819999999999,-0.0032927850000000003
0.8628079999999999,-0.0033095850000000003
0.861733,-0.0033095850000000003
0.860659,-0.003393585
0.859584,-0.0034159850000000003
0.85851,-0.0034215850000000004
0.857435,-0.0035783840000000004
0.8563609999999999,-0.0035447840000000005
0.855286,-0.0035895840000000003
0.854212,-0.0037575829999999997
0.8531369999999999,-0.0036791830000000004
0.852063,-0.0037407830000000006
0.850988,-0.0038807830000000005
0.849914,-0.0038135830000000006
0.8488399999999999,-0.003931182000000001
0.847765,-0.003981582000000001
0.846691,-0.003975982
0.8456159999999999,-0.004093582
0.844542,-0.004110382
0.843467,-0.004110382
0.842393,-0.004233581
0.841318,-0.0042279810000000004
0.840244,-0.004261581
0.8391689999999999,-0.0043679800000000005
0.8380949999999999,-0.004317581000000001
0.83702,-0.00439038
0.835946,-0.004479980000000001
0.8348709999999999,-0.004423980000000001
0.833797,-0.00455278
0.832722,-0.00455278
0.8316479999999999,-0.004541580000000001
0.830573,-0.004619979
0.829499,-0.004636779000000001
0.8284239999999999,-0.004614379
0.8273499999999999,-0.004709579
0.826275,-0.004698379
0.825201,-0.004726379
0.8241259999999999,-0.004832778
0.823052,-0.004815979000000001
0.821978,-0.004916778000000001
0.8209029999999999,-0.004978378
0.8198289999999999,-0.004944778
0.818754,-0.005067977
0.81768,-0.005146377000000001
0.8166049999999999,-0.005118377
0.815531,-0.0052471770000000004
0.814456,-0.005286376
0.8133819999999999,-0.005286376
0.812307,-0.005420776
0.811233,-0.005409576000000001
0.8101579999999999,-0.005443176
0.8090839999999999,-0.005521575000000001
0.808009,-0.005515975000000001
0.806935,-0.005605575
0.8058599999999999,-0.005700775
0.804786,-0.005655975000000001
0.803711,-0.005734374
0.8026369999999999,-0.005801574
0.801562,-0.005734374
0.800488,-0.005868774
0.7994129999999999,-0.005891174000000001
0.7983389999999999,-0.005868774
0.797264,-0.006025573000000001
0.79619,-0.005958374000000001
0.795115,-0.005980773
0.794041,-0.006143173000000001
0.792967,-0.006075973000000001
0.7918919999999999,-0.006126373
0.7908179999999999,-0.0061823730000000006
0.789743,-0.006171173000000001
0.788669,-0.006288772000000001
0.787594,-0.006361572
0.78652,-0.006333572000000001
0.785445,-0.006467971
0.7843709999999999,-0.0065631710000000005
0.783296,-0.006518371000000001
0.782222,-0.006663970000000001
0.7811469999999999,-0.006697570000000001
0.780073,-0.006691970000000001
0.778998,-0.006837570000000001
0.777924,-0.006843170000000001
0.776849,-0.006876769000000001
0.775775,-0.006988769000000001
0.7746999999999999,-0.006955169
0.7736259999999999,-0.0070727690000000005
0.772551,-0.007117568000000001
0.771477,-0.007083969000000001
0.7704019999999999,-0.007235168
0.769328,-0.007268768000000001
0.768253,-0.007263168000000001
0.7671789999999999,-0.007380767
0.766104,-0.007397567000000001
0.76503,-0.007391967
0.7639549999999999,-0.007503966000000002
0.7628809999999999,-0.007492766000000001
0.761807,-0.007537566
0.760732,-0.007643966000000001
0.7596579999999999,-0.007604767000000001
0.758583,-0.007688766
0.757509,-0.007744766000000001
0.7564339999999999,-0.0077055660000000005
0.7553599999999999,-0.007851165
0.754285,-0.007918365
0.753211,-0.007901565000000001
0.7521359999999999,-0.008058365000000001
0.751062,-0.008058365000000001
0.749987,-0.008147964
0.7489129999999999,-0.008299163000000002
0.747838,-0.008271163000000002
0.746764,-0.008360763
0.7456889999999999,-0.008500763
0.7446149999999999,-0.008455962000000001
0.74354,-0.008612762000000001
0.742466,-0.008719162
0.7413909999999999,-0.008685562
0.740317,-0.008808761000000002
0.739242,-0.008853561
0.7381679999999999,-0.008875961
0.737093,-0.00905516
0.736019,-0.00905516
0.734945,-0.00907756
0.7338699999999999,-0.009206359
0.732796,-0.009200759
0.731721,-0.009273559
0.7306469999999999,-0.009407959
0.729572,-0.009385558
0.728498,-0.009469559
0.7274229999999999,-0.009581558
0.726349,-0.009553558
0.725274,-0.009676757000000001
0.7242,-0.009721557
0.723125,-0.009732757
0.722051,-0.009883957
0.720976,-0.009945556000000001
0.7199019999999999,-0.009984756000000001
0.718827,-0.010147155000000001
0.717753,-0.010163955000000002
0.7166779999999999,-0.010259154000000001
0.715604,-0.010421554000000001
0.714529,-0.010404754
0.713455,-0.010561553
0.71238,-0.010690353
0.711306,-0.010707153
0.710231,-0.010858352
0.7091569999999999,-0.010942352
0.708083,-0.010919952
0.707008,-0.011138351000000001
0.705934,-0.01121115
0.704859,-0.011261551000000002
0.703785,-0.01142395
0.70271,-0.01142955
0.7016359999999999,-0.011513549000000001
0.700561,-0.011703949
0.699487,-0.011670348
0.6984119999999999,-0.011810348000000002
0.697338,-0.011955947000000001
0.696263,-0.011933547000000001
0.695189,-0.012101546000000001
0.694114,-0.012174347
0.69304,-0.012213547
0.6919649999999999,-0.012392745
0.6908909999999999,-0.012426345
0.689816,-0.012482345
0.688742,-0.012655945000000002
0.6876669999999999,-0.012650345000000002
0.686593,-0.012823944000000002
0.685518,-0.013003142
0.6844439999999999,-0.013031142
0.683369,-0.013199142
0.682295,-0.013367141000000003
0.6812199999999999,-0.013406341
0.6801459999999999,-0.01360794
0.679072,-0.013764739000000002
0.677997,-0.013798339000000001
0.6769229999999999,-0.014033539000000001
0.675848,-0.014128738000000002
0.674774,-0.014207137000000002
0.6736989999999999,-0.014419936000000001
0.6726249999999999,-0.014475937000000001
0.67155,-0.014615936000000001
0.670476,-0.014839934
0.669401,-0.014890334000000002
0.668327,-0.015041533
0.667252,-0.015282332000000001
0.6661779999999999,-0.015276733000000002
0.665103,-0.015467132000000001
0.664029,-0.015623931000000002
0.6629539999999999,-0.015707931
0.66188,-0.015926329000000003
0.660805,-0.016021529000000003
0.659731,-0.016133529000000004
0.658656,-0.016379927000000002
0.657582,-0.016480727000000004
0.656507,-0.016575927
0.6554329999999999,-0.016833526
0.654358,-0.016878324
0.653284,-0.017085524
0.6522089999999999,-0.017331922
0.651135,-0.017387922
0.650061,-0.017662322000000005
0.648986,-0.01783032
0.6479119999999999,-0.017964722
0.646837,-0.018250318
0.645763,-0.018401518
0.6446879999999999,-0.018575118
0.643614,-0.018860718000000002
0.642539,-0.019006316000000002
0.641465,-0.019179914000000003
0.64039,-0.019459914000000002
0.639316,-0.019594314
0.638241,-0.019823914
0.6371669999999999,-0.020120710000000003
0.636092,-0.020227110000000003
0.635018,-0.020501510000000004
0.6339429999999999,-0.02069751
0.632869,-0.020798308
0.631794,-0.021173508
0.63072,-0.021380706
0.629645,-0.021548704000000002
0.628571,-0.021867904
0.6274959999999999,-0.022024704000000003
0.6264219999999999,-0.022271102
0.625347,-0.022545502000000002
0.624273,-0.022730300000000002
0.6231979999999999,-0.023027098000000003
0.622124,-0.023318296000000002
0.62105,-0.023463898
0.6199749999999999,-0.023794294
0.6189009999999999,-0.024068694
0.617826,-0.024247892
0.616752,-0.02464549
0.6156769999999999,-0.024891890000000003
0.614603,-0.025171890000000002
0.613528,-0.025591888000000004
0.6124539999999999,-0.025855086000000003
0.611379,-0.026146284000000002
0.610305,-0.026549482000000003
0.6092299999999999,-0.026790282000000002
0.6081559999999999,-0.027154280000000003
0.607081,-0.02759108
0.606007,-0.027787078
0.604932,-0.028218276000000004
0.603858,-0.028610274
0.602783,-0.028867872000000003
0.6017089999999999,-0.029282270000000003
0.600634,-0.029663070000000003
0.59956,-0.029987868
0.5984849999999999,-0.030475066000000002
0.597411,-0.030766264000000005
0.596336,-0.03116946
0.595262,-0.031656662
0.5941879999999999,-0.03195346
0.593113,-0.032423856
0.592039,-0.03284945400000001
0.5909639999999999,-0.033219054000000005
0.58989,-0.033689452
0.588815,-0.034159852000000004
0.587741,-0.034501448000000004
0.586666,-0.035061444000000004
0.585592,-0.035509444
0.584517,-0.03591264400000001
0.5834429999999999,-0.036539840000000004
0.582368,-0.036987836
0.581294,-0.03746383600000001
0.5802189999999999,-0.038096632000000005
0.579145,-0.038505432000000006
0.57807,-0.039087828000000005
0.576996,-0.03968142400000001
0.575921,-0.04012382400000001
0.574847,-0.04073422
0.573772,-0.04132782
0.5726979999999999,-0.041703016
0.571623,-0.042375012000000004
0.570549,-0.042901412
0.5694739999999999,-0.043388612
0.5684,-0.043976604
0.567326,-0.044435804
0.566251,-0.044878204000000005
0.5651769999999999,-0.045460600000000004
0.564102,-0.0458302
0.563028,-0.046227796
0.5619529999999999,-0.046770992000000004
0.560879,-0.047039796
0.559804,-0.047465392
0.55873,-0.04788538800000001
0.557655,-0.048114988
0.556581,-0.048518184000000006
0.5555059999999999,-0.048887784000000004
0.5544319999999999,-0.04909498400000001
0.553357,-0.050312276
0.552283,-0.051187276000000004
0.5512079999999999,-0.051406020000000004
0.550134,-0.052609140000000006
0.549059,-0.05359351200000001
0.5479849999999999,-0.05414038400000001
0.54691,-0.055562252000000006
0.545836,-0.05643725200000001
0.5447609999999999,-0.05709349600000001
0.5436869999999999,-0.058843488000000006
0.542612,-0.05939036000000001
0.541538,-0.06059348
0.540463,-0.061905976
0.539389,-0.06267159600000001
0.538314,-0.064093464
0.5372399999999999,-0.065515332
0.5361659999999999,-0.066062208
0.535091,-0.06770282400000001
0.534017,-0.06901531200000001
0.532942,-0.070109064
0.531868,-0.071530936
0.530793,-0.072843432
0.5297189999999999,-0.07393717600000001
0.528644,-0.07579653600000001
0.52757,-0.07710903200000001
0.5264949999999999,-0.07864028
0.525421,-0.08039026400000002
0.524346,-0.08148400800000001
0.523272,-0.083124632
0.522197,-0.085093368
0.521123,-0.08651524000000001
0.520048,-0.08837460800000001
0.5189739999999999,-0.09023397600000001
0.517899,-0.09165584000000002
0.516825,-0.09373396
0.5157499999999999,-0.09559332800000002
0.514676,-0.09745268800000001
0.513601,-0.099640184
0.512527,-0.101718
0.511452,-0.10346799999999999
0.510378,-0.10609299999999999
0.509304,-0.10817099999999999
0.5082289999999999,-0.110358
0.507155,-0.112983
0.50608,-0.11484299999999999
0.505006,-0.117577
0.503931,-0.12009299999999999
0.502857,-0.12260800000000001
0.501782,-0.12534299999999998
0.5007079999999999,-0.128186
0.499633,-0.130702
0.498559,-0.133983
0.497484,-0.136718
0.49640999999999996,-0.13978
0.49533499999999997,-0.14328
0.49426099999999995,-0.146124
0.49318599999999996,-0.14962399999999998
0.492112,-0.153233
0.491037,-0.156733
0.489963,-0.16045199999999998
0.488888,-0.164389
0.48781399999999997,-0.167889
0.486739,-0.172592
0.48566499999999996,-0.176421
0.48458999999999997,-0.180577
0.483516,-0.185389
0.48244099999999995,-0.190092
0.481367,-0.194796
0.48029299999999997,-0.200045
0.479218,-0.205077
0.47814399999999996,-0.21043599999999998
0.47706899999999997,-0.21612399999999998
0.475995,-0.22170199999999998
0.47491999999999995,-0.22793599999999997
0.473846,-0.23428000000000002
0.472771,-0.24040499999999998
0.471697,-0.24740499999999999
0.470622,-0.254405
0.46954799999999997,-0.261405
0.468473,-0.26917
0.46739899999999995,-0.276717
0.46632399999999996,-0.284811
0.46525,-0.293561
0.464175,-0.30209199999999997
0.463101,-0.311389
0.462026,-0.32090399999999997
0.460952,-0.330529
0.459877,-0.341029
0.45880299999999996,-0.35196700000000003
0.45772799999999997,-0.362685
0.456654,-0.374826
0.45557899999999996,-0.387076
0.454505,-0.399873
0.45343,-0.413654
0.452356,-0.427435
0.45128199999999996,-0.442091
0.45020699999999997,-0.457951
0.449133,-0.47380999999999995
0.44805799999999996,-0.490982
0.446984,-0.509575
0.445909,-0.528169
0.444835,-0.5485129999999999
0.44376,-0.5695129999999999
0.44268599999999997,-0.591278
0.441611,-0.615012
0.44053699999999996,-0.639184
0.43946199999999996,-0.664668
0.438388,-0.692231
0.437313,-0.720559
0.436239,-0.7500899999999999
0.435164,-0.782137
0.43409,-0.814402
0.433015,-0.848636
0.43194099999999996,-0.8845109999999999
0.43086599999999997,-0.921152
0.429792,-0.959542
0.42871699999999996,-1.000339
0.427643,-1.04037
0.426568,-1.0825879999999999
0.425494,-1.124807
0.42441999999999996,-1.168557
0.42334499999999997,-1.213838
0.422271,-1.2593379999999998
0.42119599999999996,-1.305275
0.420122,-1.3534
0.419047,-1.400868
0.417973,-1.4498680000000002
0.416898,-1.4997429999999998
0.41582399999999997,-1.5489609999999998
0.414749,-1.5999299999999999
0.41367499999999996,-1.65068
0.41259999999999997,-1.701211
0.411526,-1.7532729999999999
0.41045099999999995,-1.804023
0.409377,-1.853679
0.408302,-1.903554
0.407228,-1.9512410000000002
0.406153,-2.000678
0.40507899999999997,-2.04574
0.404004,-2.089053
0.40292999999999995,-2.1306149999999997
0.40185499999999996,-2.169552
0.400781,-2.204115
0.399706,-2.2369269999999997
0.398632,-2.2649269999999997
0.397557,-2.288989
0.396483,-2.308677
0.39540899999999995,-2.3226769999999997
0.39433399999999996,-2.331427
0.39326,-2.336677
0.392185,-2.3344889999999996
0.391111,-2.327052
0.390036,-2.315239
0.388962,-2.2946769999999996
0.387887,-2.271052
0.38681299999999996,-2.241302
0.38573799999999997,-2.204552
0.384664,-2.164303
0.38358899999999996,-2.11924
0.382515,-2.0684899999999997
0.38144,-2.015553
0.380366,-1.957803
0.379291,-1.897429
0.37821699999999997,-1.8357409999999998
0.377142,-1.7718669999999999
0.37606799999999996,-1.706242
0.37499299999999997,-1.6414920000000002
0.373919,-1.574992
0.372844,-1.5102429999999998
0.37177,-1.446806
0.370695,-1.383368
0.369621,-1.3234309999999998
0.368546,-1.2652439999999998
0.36747199999999997,-1.208807
0.366398,-1.156307
0.365323,-1.1051199999999999
0.364249,-1.056557
0.363174,-1.011495
0.3621,-0.9694950000000001
0.361025,-0.928808
0.35995099999999997,-0.891621
0.358876,-0.856183
0.357802,-0.823371
0.35672699999999996,-0.7936209999999999
0.355653,-0.763871
0.354578,-0.737184
0.353504,-0.7118089999999999
0.352429,-0.6873090000000001
0.351355,-0.664559
0.35028,-0.642684
0.34920599999999996,-0.621684
0.34813099999999997,-0.601997
0.347057,-0.582309
0.345982,-0.563059
0.344908,-0.5455599999999999
0.343833,-0.527622
0.342759,-0.51056
0.341684,-0.49393499999999996
0.34060999999999997,-0.47731
0.339536,-0.461122
0.338461,-0.44624800000000003
0.337387,-0.430498
0.336312,-0.41606
0.335238,-0.40206
0.334163,-0.387623
0.33308899999999997,-0.37537299999999996
0.332014,-0.36312300000000003
0.33094,-0.35131
0.32986499999999996,-0.340373
0.328791,-0.329436
0.327716,-0.319373
0.326642,-0.310623
0.325567,-0.301873
0.324493,-0.293561
0.323418,-0.28656099999999995
0.32234399999999996,-0.279123
0.32126899999999997,-0.272561
0.320195,-0.26599799999999996
0.31911999999999996,-0.260311
0.318046,-0.255061
0.316971,-0.24937299999999998
0.315897,-0.244561
0.314822,-0.24018599999999998
0.31374799999999997,-0.235373
0.312673,-0.231436
0.31159899999999996,-0.228373
0.310525,-0.223561
0.30945,-0.220061
0.308376,-0.217436
0.307301,-0.213936
0.30622699999999997,-0.211311
0.305152,-0.208249
0.30407799999999996,-0.20474900000000001
0.30300299999999997,-0.202561
0.301929,-0.199936
0.300854,-0.196436
0.29978,-0.195124
0.298705,-0.192936
0.297631,-0.19031099999999998
0.296556,-0.18856099999999998
0.29548199999999997,-0.186374
0.294407,-0.18418600000000002
0.293333,-0.182874
0.29225799999999996,-0.180686
0.291184,-0.178936
0.290109,-0.177624
0.289035,-0.174999
0.28796,-0.174561
0.286886,-0.173249
0.285811,-0.17149899999999998
0.28473699999999996,-0.17018599999999998
0.283663,-0.169311
0.282588,-0.167124
0.281514,-0.167124
0.280439,-0.16581100000000001
0.279365,-0.164499
0.27829,-0.164061
0.27721599999999996,-0.162749
0.27614099999999997,-0.161874
0.275067,-0.161436
0.273992,-0.159686
0.272918,-0.159686
0.271843,-0.158811
0.270769,-0.157936
0.269694,-0.157936
0.26861999999999997,-0.15662399999999999
0.267545,-0.155749
0.266471,-0.155749
0.26539599999999997,-0.15487399999999998
0.264322,-0.153561
0.263247,-0.154436
0.262173,-0.15312399999999998
0.261098,-0.152249
0.260024,-0.151811
0.258949,-0.150061
0.25787499999999997,-0.150061
0.2568,-0.14918599999999999
0.255726,-0.14831099999999997
0.254652,-0.14831099999999997
0.253577,-0.14743599999999998
0.252503,-0.146124
0.251428,-0.145686
0.25035399999999997,-0.144374
0.249279,-0.143061
0.24820499999999998,-0.143061
0.24713,-0.141311
0.246056,-0.139999
0.24498099999999998,-0.139561
0.24390699999999998,-0.137374
0.242832,-0.136936
0.241758,-0.135624
0.24068299999999998,-0.133874
0.239609,-0.133436
0.238534,-0.132124
0.23745999999999998,-0.130374
0.23638499999999998,-0.129936
0.235311,-0.128186
0.234236,-0.12643600000000002
0.23316199999999998,-0.125999
0.232087,-0.12424899999999998
0.231013,-0.123374
0.22993799999999998,-0.122499
0.22886399999999998,-0.120749
0.227789,-0.11943599999999999
0.226715,-0.118999
0.22564099999999998,-0.11637399999999999
0.224566,-0.115936
0.223492,-0.115061
0.222417,-0.113311
0.22134299999999998,-0.113311
0.220268,-0.111124
0.219194,-0.109812
0.21811899999999998,-0.110249
0.217045,-0.108499
0.21597,-0.10718699999999999
0.214896,-0.10718699999999999
0.21382099999999998,-0.10543699999999999
0.212747,-0.10456199999999999
0.211672,-0.104124
0.21059799999999998,-0.102374
0.209523,-0.102374
0.208449,-0.101499
0.207374,-0.100187
0.20629999999999998,-0.100624
0.205225,-0.09931205600000001
0.204151,-0.098437064
0.20307599999999998,-0.09887456800000001
0.202002,-0.09712456800000001
0.200927,-0.09712456800000001
0.199853,-0.09712456800000001
0.19877799999999998,-0.095374576
0.197704,-0.09581207200000001
0.19663,-0.09493708000000001
0.19555499999999998,-0.09449958400000001
0.194481,-0.09406208
0.193406,-0.093843336
0.192332,-0.09274958400000001
0.19125699999999998,-0.09340584000000002
0.190183,-0.09274958400000001
0.189108,-0.09143709600000001
0.18803399999999998,-0.09253084000000002
0.186959,-0.091218344
0.185885,-0.091218344
0.18481,-0.091218344
0.18373599999999998,-0.09034335200000002
0.182661,-0.09034335200000002
0.181587,-0.090780848
0.18051199999999998,-0.08946835200000001
0.179438,-0.08946835200000001
0.178363,-0.089905856
0.177289,-0.088812104
0.17621399999999998,-0.08924960000000001
0.17514,-0.08859336000000001
0.174065,-0.08771836
0.172991,-0.088812104
0.17191599999999999,-0.087499616
0.170842,-0.08771836
0.169768,-0.088155856
0.16869299999999998,-0.087499616
0.167619,-0.087280856
0.166544,-0.08771836
0.16547,-0.086624616
0.16439499999999999,-0.087280856
0.163321,-0.087280856
0.162246,-0.08618711200000001
0.16117199999999998,-0.08706211200000001
0.160097,-0.08618711200000001
0.159023,-0.085749616
0.157948,-0.08618711200000001
0.15687399999999999,-0.085749616
0.155799,-0.085093368
0.154725,-0.085749616
0.15364999999999998,-0.08399963200000002
0.152576,-0.08465587200000001
0.151501,-0.08487462400000001
0.150427,-0.083124632
0.14935199999999998,-0.083562128
0.148278,-0.083343384
0.147203,-0.08203088800000001
0.14612899999999998,-0.08290588800000001
0.145054,-0.08203088800000001
0.14398,-0.081593384
0.142905,-0.08203088800000001
0.14183099999999998,-0.08093714400000002
0.140757,-0.08049964
0.139682,-0.08093714400000002
0.13860799999999998,-0.07984340000000001
0.137533,-0.079624648
0.136459,-0.07984340000000001
0.135384,-0.07853090400000001
0.13430999999999998,-0.078749648
0.133235,-0.07853090400000001
0.132161,-0.07743716
0.13108599999999998,-0.07809340000000001
0.130012,-0.07743716
0.128937,-0.076780904
0.127863,-0.07699965600000001
0.12678799999999998,-0.075905912
0.125714,-0.07634341600000001
0.124639,-0.07634341600000001
0.123565,-0.07503092
0.12248999999999999,-0.07546841600000001
0.121416,-0.07546841600000001
0.12034099999999999,-0.07459341600000001
0.119267,-0.07459341600000001
0.11819199999999999,-0.074374672
0.117118,-0.073499672
0.116043,-0.07393717600000001
0.11496899999999999,-0.07328092000000001
0.113894,-0.07240592800000001
0.11281999999999999,-0.07328092000000001
0.111746,-0.071968432
0.11067099999999999,-0.072187176
0.109597,-0.07240592800000001
0.108522,-0.07109343200000001
0.107448,-0.071312184
0.106373,-0.071530936
0.10529899999999999,-0.069780936
0.104224,-0.07043719200000001
0.10314999999999999,-0.070655936
0.102075,-0.06912468800000002
0.101001,-0.069999688
0.099926736,-0.06934344800000002
0.098852256,-0.06868719200000001
0.09777777600000001,-0.069780936
0.09670329600000001,-0.06868719200000001
0.095628816,-0.068249696
0.094554336,-0.06868719200000001
0.093479848,-0.06737470400000001
0.092405368,-0.068249696
0.09133089600000001,-0.06868719200000001
0.09025640800000001,-0.067155952
0.08918192800000001,-0.0678122
0.088107448,-0.0678122
0.087032968,-0.066718452
0.08595848,-0.06737470400000001
0.084884,-0.06693720400000001
0.08380952800000001,-0.06584346
0.08273504000000001,-0.066718452
0.08166056000000001,-0.06584346
0.08058607200000001,-0.065624704
0.0795116,-0.066280956
0.07843712,-0.06474971600000001
0.077362632,-0.064968464
0.07628816000000001,-0.065624704
0.07521367200000001,-0.06431221200000001
0.074139192,-0.06474971600000001
0.073064712,-0.06453096000000001
0.071990232,-0.06343722
0.070915752,-0.064093464
0.069841264,-0.06387471600000001
0.068766784,-0.06321846800000001
0.067692312,-0.06387471600000001
0.066617824,-0.062780972
0.065543348,-0.062780972
0.06446886,-0.06343722
0.063394384,-0.06234347600000001
0.062319900000000004,-0.06299972
0.06124542,-0.062780972
0.060170940000000006,-0.061905976
0.05909646,-0.06234347600000001
0.058021976,-0.06212472
0.056947496,-0.06059348
0.055873016000000005,-0.06234347600000001
0.054798532000000004,-0.06168722800000001
0.053724056000000006,-0.060374732
0.052649572000000006,-0.06146848
0.051575092,-0.06103097600000001
0.050500608,-0.060374732
0.049426128,-0.06146848
0.048351648000000004,-0.060374732
0.047277168,-0.06059348
0.046202684,-0.06059348
0.045128204000000005,-0.059499736000000004
0.044053724,-0.05993723200000001
0.04297924,-0.05993723200000001
0.041904764000000004,-0.058843488000000006
0.040830280000000004,-0.059718484
0.0397558,-0.059280988
0.038681316,-0.057968492
0.037606836000000005,-0.059718484
0.036532356,-0.05862474000000001
0.035457876,-0.057749744
0.034383392,-0.058843488000000006
0.033308912,-0.057749744
0.03223443,-0.057749744
0.031159950000000002,-0.058187244
0.030085470000000003,-0.05709349600000001
0.029010988,-0.05753099600000001
0.027936508000000002,-0.05753099600000001
0.026862028000000003,-0.056218500000000005
0.025787546,-0.057312244000000005
0.024713064,-0.056874748
0.023638584,-0.056218500000000005
0.022564102000000003,-0.05709349600000001
0.02148962,-0.056874748
0.020415140000000002,-0.05599975200000001
0.019340658,-0.056656
0.018266178,-0.05599975200000001
0.017191696,-0.056218500000000005
0.016117215,-0.05643725200000001
0.015042735000000002,-0.054906008000000006
0.013968254000000001,-0.055562252000000006
0.012893773,-0.055781004
0.011819292,-0.05468726
0.01074481,-0.055562252000000006
0.009670329,-0.054906008000000006
0.008595848,-0.05424976
0.007521367,-0.055124752000000006
0.006446886000000001,-0.05424976
0.005372405,-0.054031012
0.004297924,-0.055124752000000006
0.0032234430000000003,-0.05381226
0.002148962,-0.054031012
0.001074481,-0.05468726
0.0,-0.05315601200000001
-0.001074481,-0.054031012
-0.002148962,-0.054031012
-0.0032234430000000003,-0.05249976800000001
-0.004297924,-0.05359351200000001
-0.005372405,-0.05315601200000001
-0.006446886000000001,-0.05206226800000001
-0.007521367,-0.05337476
-0.008595848,-0.052937268
-0.009670329,-0.05206226800000001
-0.01074481,-0.052937268
-0.011819292,-0.052281016
-0.012893773,-0.05206226800000001
-0.013968254000000001,-0.052937268
-0.015042735000000002,-0.051843520000000004
-0.016117215,-0.052281016
-0.017191696,-0.052281016
-0.018266178,-0.051187276000000004
-0.019340658,-0.05206226800000001
-0.020415140000000002,-0.05162476800000001
-0.02148962,-0.05096852400000001
-0.022564102000000003,-0.05206226800000001
-0.023638584,-0.050749776
-0.024713064,-0.05096852400000001
-0.025787546,-0.05206226800000001
-0.026862028000000003,-0.05096852400000001
-0.027936508000000002,-0.050312276
-0.029010988,-0.051406020000000004
-0.030085470000000003,-0.050312276
-0.031159950000000002,-0.050093528000000005
-0.03223443,-0.05096852400000001
-0.033308912,-0.049656028000000005
-0.034383392,-0.05053102400000001
-0.035457876,-0.05053102400000001
-0.036532356,-0.049218532
-0.037606836000000005,-0.050312276
-0.038681316,-0.049874776
-0.0397558,-0.049218532
-0.040830280000000004,-0.05053102400000001
-0.041904764000000004,-0.049218532
-0.04297924,-0.048999784000000005
-0.044053724,-0.049874776
-0.045128204000000005,-0.048781032
-0.046202684,-0.049437284000000005
-0.047277168,-0.049874776
-0.048351648000000004,-0.048343536000000006
-0.049426128,-0.049656028000000005
-0.050500608,-0.048999784000000005
-0.051575092,-0.048562284000000004
-0.052649572000000006,-0.049218532
-0.053724056000000006,-0.048781032
-0.054798532000000004,-0.048124784000000004
-0.055873016000000005,-0.048781032
-0.056947496,-0.048343536000000006
-0.058021976,-0.047906036000000006
-0.05909646,-0.049218532
-0.060170940000000006,-0.04703104
-0.06124542,-0.047687288
-0.062319900000000004,-0.048562284000000004
-0.063394384,-0.047249792000000006
-0.06446886,-0.047906036000000006
-0.065543348,-0.047906036000000006
-0.066617824,-0.047249792000000006
-0.067692312,-0.047687288
-0.068766784,-0.047468540000000004
-0.069841264,-0.046812292000000005
-0.070915752,-0.047687288
-0.071990232,-0.04703104
-0.073064712,-0.046593544
-0.074139192,-0.047687288
-0.07521367200000001,-0.047249792000000006
-0.07628816000000001,-0.046812292000000005
-0.077362632,-0.047249792000000006
-0.07843712,-0.045937296
-0.0795116,-0.046484168
-0.08058607200000001,-0.04626542000000001
-0.08166056000000001,-0.045390424
-0.08273504000000001,-0.04626542000000001
-0.08380952800000001,-0.04549980000000001
-0.084884,-0.045390424
-0.08595848,-0.046593544
-0.087032968,-0.045281048000000004
-0.088107448,-0.045281048000000004
-0.08918192800000001,-0.045937296
-0.09025640800000001,-0.044843548000000004
-0.09133089600000001,-0.04517167600000001
-0.092405368,-0.04549980000000001
-0.093479848,-0.044296680000000005
-0.094554336,-0.045281048000000004
-0.095628816,-0.044952928
-0.09670329600000001,-0.043968556000000006
-0.09777777600000001,-0.04549980000000001
-0.098852256,-0.044843548000000004
-0.099926736,-0.043749808
-0.101001,-0.04517167600000001
-0.102075,-0.04385918
-0.10314999999999999,-0.04385918
-0.104224,-0.044843548000000004
-0.10529899999999999,-0.043531056000000005
-0.106373,-0.044187304000000004
-0.107448,-0.044515428
-0.108522,-0.043312308
-0.109597,-0.043312308
-0.11067099999999999,-0.043968556000000006
-0.111746,-0.04265606
-0.11281999999999999,-0.043640428
-0.113894,-0.043312308
-0.11496899999999999,-0.042437312000000005
-0.116043,-0.043749808
-0.117118,-0.04265606
-0.11819199999999999,-0.04265606
-0.119267,-0.043312308
-0.12034099999999999,-0.042327936000000004
-0.121416,-0.04199981600000001
-0.12248999999999999,-0.04265606
-0.123565,-0.042109188000000006
-0.124639,-0.042765436000000004
-0.125714,-0.04265606
-0.12678799999999998,-0.041452944000000005
-0.127863,-0.042218564
-0.128937,-0.04199981600000001
-0.130012,-0.041671692
-0.13108599999999998,-0.041562316
-0.132161,-0.041452944000000005
-0.133235,-0.040796692
-0.13430999999999998,-0.041452944000000005
-0.135384,-0.041671692
-0.136459,-0.041562316
-0.137533,-0.041890436
-0.13860799999999998,-0.041015444000000005
-0.139682,-0.041124816
-0.140757,-0.041781064
-0.14183099999999998,-0.04024982
-0.142905,-0.041452944000000005
-0.14398,-0.041015444000000005
-0.145054,-0.04024982
-0.14612899999999998,-0.041124816
-0.147203,-0.04068732
-0.148278,-0.039702948
-0.14935199999999998,-0.040906068000000004
-0.150427,-0.04046857200000001
-0.151501,-0.04024982
-0.152576,-0.04024982
-0.15364999999999998,-0.04003107200000001
-0.154725,-0.040140444000000004
-0.155799,-0.039921700000000004
-0.15687399999999999,-0.039921700000000004
-0.157948,-0.04046857200000001
-0.159023,-0.040359196
-0.160097,-0.03959357200000001
-0.16117199999999998,-0.040577944000000005
-0.162246,-0.039484200000000004
-0.163321,-0.03871858
-0.16439499999999999,-0.04068732
-0.16547,-0.039921700000000004
-0.166544,-0.04003107200000001
-0.167619,-0.039812324
-0.16869299999999998,-0.039812324
-0.169768,-0.040140444000000004
-0.170842,-0.040140444000000004
-0.17191599999999999,-0.039265452000000006
-0.172991,-0.040577944000000005
-0.174065,-0.04024982
-0.17514,-0.039156076
-0.17621399999999998,-0.039921700000000004
-0.177289,-0.039374824
-0.178363,-0.038827952
-0.179438,-0.04024982
-0.18051199999999998,-0.039921700000000004
-0.181587,-0.039812324
-0.182661,-0.040140444000000004
-0.18373599999999998,-0.039702948
-0.18481,-0.03959357200000001
-0.185885,-0.04003107200000001
-0.186959,-0.040140444000000004
-0.18803399999999998,-0.040140444000000004
-0.189108,-0.039812324
-0.190183,-0.038827952
-0.19125699999999998,-0.04024982
-0.192332,-0.039921700000000004
-0.193406,-0.03959357200000001
-0.194481,-0.040359196
-0.19555499999999998,-0.040140444000000004
-0.19663,-0.04024982
-0.197704,-0.041015444000000005
-0.19877799999999998,-0.039812324
-0.199853,-0.04068732
-0.19877799999999998,-0.038390452
-0.197704,-0.035874840000000005
-0.19663,-0.035437344
-0.19555499999999998,-0.034890468
-0.194481,-0.03346860200000001
-0.193406,-0.033687352000000004
-0.192332,-0.03292173
-0.19125699999999998,-0.032374858000000006
-0.190183,-0.032484232
-0.189108,-0.03171861
-0.18803399999999998,-0.03160923400000001
-0.186959,-0.03160923400000001
-0.185885,-0.030843614000000005
-0.18481,-0.03029674
-0.18373599999999998,-0.030406114000000005
-0.182661,-0.028765498000000004
-0.181587,-0.029749868000000002
-0.18051199999999998,-0.028765498000000004
-0.179438,-0.028437374
-0.178363,-0.028437374
-0.177289,-0.028218626000000004
-0.17621399999999998,-0.027671752
-0.17514,-0.027999876000000003
-0.174065,-0.027234254000000003
-0.172991,-0.02690613
-0.17191599999999999,-0.027562376000000003
-0.170842,-0.026031134000000004
-0.169768,-0.027234254000000003
-0.16869299999999998,-0.025812384000000004
-0.167619,-0.025156138
-0.166544,-0.026140508
-0.16547,-0.026031134000000004
-0.16439499999999999,-0.024281142000000002
-0.163321,-0.026031134000000004
-0.162246,-0.024718642000000002
-0.16117199999999998,-0.024609266
-0.160097,-0.025156138
-0.159023,-0.023734270000000002
-0.157948,-0.024171768000000003
-0.15687399999999999,-0.024171768000000003
-0.155799,-0.023078022
-0.154725,-0.023406146000000003
-0.15364999999999998,-0.024171768000000003
-0.152576,-0.022312400000000003
-0.151501,-0.022749900000000003
-0.150427,-0.023187396000000002
-0.14935199999999998,0.000643997
-0.148278,-0.002049591
-0.147203,-0.002407989
-0.14612899999999998,-0.0025255880000000005
-0.145054,-0.002480789
-0.14398,-0.00210559
-0.142905,-0.00214479
-0.14183099999999998,-0.001892791
-0.140757,-0.0016295920000000002
-0.139682,-0.0016631920000000002
-0.13860799999999998,-0.001327194
-0.137533,-0.0012039940000000001
-0.136459,-0.0009407950000000001
-0.135384,-0.000671997
-0.13430999999999998,-0.00045359800000000004
-0.133235,-0.000291198
-0.132161,0.00021279900000000003
-0.13108599999999998,0.000296798
-0.130012,0.000565597
-0.128937,0.0010303950000000001
-0.127863,0.001063995
-0.12678799999999998,0.001355194
-0.125714,0.001763992
-0.124639,0.0017359920000000002
-0.123565,0.00218959
-0.12248999999999999,0.002391189
-0.121416,0.002363189
-0.12034099999999999,0.0029063870000000003
-0.119267,0.0030071860000000002
-0.11819199999999999,0.0031191860000000004
-0.117118,0.003533584
-0.116043,0.003494384
-0.11496899999999999,0.0037575829999999997
-0.113894,0.003959182
-0.11281999999999999,0.003919982000000001
-0.111746,0.004306381000000001
-0.11067099999999999,0.00453598
-0.109597,0.00445198
-0.108522,0.004799179000000001
-0.107448,0.004983978000000001
-0.106373,0.004911178
-0.10529899999999999,0.005258377
-0.104224,0.005297576
-0.10314999999999999,0.0053199760000000006
-0.102075,0.0059863730000000006
-0.101001,0.0059863730000000006
-0.099926736,0.006143173000000001
-0.098852256,0.006557571000000001
-0.09777777600000001,0.006585571000000001
-0.09670329600000001,0.006977569
-0.095628816,0.007274368
-0.094554336,0.0072295680000000005
-0.093479848,0.007599167000000001
-0.092405368,0.007912765
-0.09133089600000001,0.007951964
-0.09025640800000001,0.008377563000000001
-0.08918192800000001,0.008472762000000002
-0.088107448,0.008618362000000001
-0.087032968,0.00915596
-0.08595848,0.009060760000000001
-0.084884,0.009200759
-0.08380952800000001,0.009508757999999999
-0.08273504000000001,0.009508757999999999
-0.08166056000000001,0.009738357000000001
-0.08058607200000001,0.010051956
-0.0795116,0.009945556000000001
-0.07843712,0.010371155
-0.077362632,0.010438354
-0.07628816000000001,0.010382355000000001
-0.07521367200000001,0.010746352
-0.074139192,0.010852752000000002
-0.073064712,0.010695953
-0.071990232,0.011143951000000001
-0.070915752,0.011048751
-0.069841264,0.011037551
-0.068766784,0.01142955
-0.067692312,0.011479949000000001
-0.066617824,0.011552749000000001
-0.065543348,0.011838348000000002
-0.06446886,0.011871948
-0.063394384,0.012280746
-0.062319900000000004,0.012588744
-0.06124542,0.012571944
-0.060170940000000006,0.012980743000000001
-0.05909646,0.013159942
-0.058021976,0.013165542000000002
-0.056947496,0.013686340000000002
-0.055873016000000005,0.013658340000000001
-0.054798532000000004,0.013837539000000001
-0.053724056000000006,0.014201537000000002
-0.052649572000000006,0.014061538
-0.051575092,0.014279937000000001
-0.050500608,0.014643936000000001
-0.049426128,0.014643936000000001
-0.048351648000000004,0.014918334000000002
-0.047277168,0.015019133
-0.046202684,0.014951934000000002
-0.045128204000000005,0.015276733000000002
-0.044053724,0.015315932
-0.04297924,0.015299133
-0.041904764000000004,0.015646331
-0.040830280000000004,0.015534332000000001
-0.0397558,0.015623931000000002
-0.038681316,0.01593193
-0.037606836000000005,0.015696732
-0.036532356,0.015915129000000004
-0.035457876,0.016116730000000003
-0.034383392,0.015898330000000002
-0.033308912,0.016542327000000003
-0.03223443,0.016564727
-0.031159950000000002,0.016519927
-0.030085470000000003,0.016855926
-0.029010988,0.017018324
-0.027936508000000002,0.017046326
-0.026862028000000003,0.017393524
-0.025787546,0.017494322
-0.024713064,0.017617522000000004
-0.023638584,0.017975922
-0.022564102000000003,0.017863920000000002
-0.02148962,0.01806552
-0.020415140000000002,0.018272718
-0.019340658,0.018233520000000003
-0.018266178,0.018530318
-0.017191696,0.018703916000000004
-0.016117215,0.018569518000000004
-0.015042735000000002,0.018793516
-0.013968254000000001,0.018754318000000002
-0.012893773,0.018715116000000004
-0.011819292,0.019095916
-0.01074481,0.018955916
-0.009670329,0.019062316
-0.008595848,0.019291916000000003
-0.007521367,0.018989516
-0.006446886000000001,0.019157514000000004
-0.005372405,0.019359116000000003
-0.004297924,0.019011916
-0.0032234430000000003,0.019213514000000004
-0.002148962,0.019252716000000003
-0.001074481,0.019056716
0.0,0.019555114000000002
0.001074481,0.019308714
0.002148962,0.019230316
0.0032234430000000003,0.019661514
0.004297924,0.019611112000000003
0.005372405,0.019711912
0.006446886000000001,0.020031112
0.007521367,0.019935912000000004
0.008595848,0.020075910000000002
0.009670329,0.02048471
0.01074481,0.020227110000000003
0.011819292,0.020501510000000004
0.012893773,0.02056871
0.013968254000000001,0.020501510000000004
0.015042735000000002,0.02074231
0.016117215,0.020736708000000003
0.017191696,0.020691908000000002
0.018266178,0.021061506
0.019340658,0.020921508000000002
0.020415140000000002,0.020820708
0.02148962,0.021083906000000003
0.022564102000000003,0.020927108
0.023638584,0.021039106000000002
0.024713064,0.021145506
0.025787546,0.020876708
0.026862028000000003,0.021151108000000002
0.027936508000000002,0.021123106
0.029010988,0.020915908
0.030085470000000003,0.021151108000000002
0.031159950000000002,0.021033508
0.03223443,0.020865508
0.033308912,0.021050306
0.034383392,0.021139908000000002
0.035457876,0.021039106000000002
0.036532356,0.021246306000000003
0.037606836000000005,0.021106308000000004
0.038681316,0.021257506000000002
0.0397558,0.021487106000000002
0.040830280000000004,0.021268706000000002
0.041904764000000004,0.021503904
0.04297924,0.021694306
0.044053724,0.021475906000000003
0.045128204000000005,0.021761504
0.046202684,0.021699904000000002
0.047277168,0.021643904000000002
0.048351648000000004,0.021800704000000004
0.049426128,0.021772704
0.050500608,0.021716704
0.051575092,0.022069504000000004
0.052649572000000006,0.021677504
0.053724056000000006,0.021711104000000002
0.054798532000000004,0.021918304000000003
0.055873016000000005,0.021565504
0.056947496,0.021722304
0.058021976,0.021823104000000003
0.05909646,0.021492704
0.060170940000000006,0.021744704000000004
0.06124542,0.021543106
0.062319900000000004,0.021341506000000003
0.063394384,0.021571106000000003
0.06446886,0.021274306
0.065543348,0.021055908
0.066617824,0.021251906
0.067692312,0.020927108
0.068766784,0.021095106000000002
0.069841264,0.021106308000000004
0.070915752,0.020792708000000003
0.071990232,0.020932708
0.073064712,0.021011108
0.074139192,0.020831908
0.07521367200000001,0.021123106
0.07628816000000001,0.021139908000000002
0.077362632,0.020809508
0.07843712,0.021223906
0.0795116,0.021022308
0.08058607200000001,0.020994306
0.08166056000000001,0.021162308
0.08273504000000001,0.020949508000000002
0.08380952800000001,0.020899108000000003
0.084884,0.021011108
0.08595848,0.020736708000000003
0.087032968,0.020938308
0.088107448,0.020910308000000002
0.08918192800000001,0.02068631
0.09025640800000001,0.02068631
0.09133089600000001,0.020596708000000002
0.092405368,0.02041751
0.093479848,0.020529508000000002
0.094554336,0.020400710000000002
0.095628816,0.020255112000000002
0.09670329600000001,0.020221512
0.09777777600000001,0.019924712
0.098852256,0.019868714000000003
0.099926736,0.019902312000000002
0.101001,0.019583114000000002
0.102075,0.019538314
0.10314999999999999,0.019779114
0.104224,0.019381516
0.10529899999999999,0.019549514
0.106373,0.019448714000000002
0.107448,0.019342314000000003
0.108522,0.019487914000000002
0.109597,0.019364714
0.11067099999999999,0.019241516000000004
0.111746,0.019431914
0.11281999999999999,0.019263916000000002
0.113894,0.019179914000000003
0.11496899999999999,0.019342314000000003
0.116043,0.019095916
0.117118,0.019129516000000003
0.11819199999999999,0.019185516000000003
0.119267,0.018978316000000002
0.12034099999999999,0.019140716000000002
0.121416,0.018955916
0.12248999999999999,0.018731918000000004
0.123565,0.018961518
0.124639,0.018703916000000004
0.125714,0.018614318
0.12678799999999998,0.018754318000000002
0.127863,0.018451920000000004
0.128937,0.01842952
0.130012,0.018479918
0.13108599999999998,0.01816072
0.132161,0.018261518
0.133235,0.01819992
0.13430999999999998,0.017858322
0.135384,0.01792552
0.136459,0.01787512
0.137533,0.017774322000000002
0.13860799999999998,0.01792552
0.139682,0.017774322000000002
0.140757,0.017707122
0.14183099999999998,0.017914322
0.142905,0.017858322
0.14398,0.017880722
0.145054,0.01815512
0.14612899999999998,0.01793672
0.147203,0.01813272
0.148278,0.018239118
0.14935199999999998,0.017987122
0.150427,0.018317518
0.151501,0.018412718
0.152576,0.01817192
0.15364999999999998,0.01832312
0.154725,0.018468718000000002
0.155799,0.01836792
0.15687399999999999,0.018631118000000002
0.157948,0.018552718
0.159023,0.01847432
0.160097,0.018748716
0.16117199999999998,0.018575118
0.162246,0.018608718
0.163321,0.018804716
0.16439499999999999,0.018636718000000004
0.16547,0.018804716
0.166544,0.018978316000000002
0.167619,0.018743118000000003
0.16869299999999998,0.018905518000000003
0.169768,0.018989516
0.170842,0.018883118
0.17191599999999999,0.019331114000000003
0.172991,0.019207916000000002
0.174065,0.019235914
0.17514,0.019566314
0.17621399999999998,0.019476714000000003
0.177289,0.019734314
0.178363,0.019952712
0.179438,0.019930312000000002
0.18051199999999998,0.02020471
0.181587,0.02040631
0.182661,0.02038391
0.18373599999999998,0.02068631
0.18481,0.020887908000000004
0.185885,0.020792708000000003
0.186959,0.021235106000000004
0.18803399999999998,0.021279906
0.189108,0.021386306
0.190183,0.021604706
0.19125699999999998,0.021515104
0.192332,0.021789504
0.193406,0.022024704000000003
0.194481,0.021963104000000004
0.19555499999999998,0.022254302000000004
0.19663,0.022472702000000004
0.197704,0.022321502000000003
0.19877799999999998,0.022612702000000002
0.199853,0.022707900000000003
0.200927,0.0227695
0.202002,0.0229655
0.20307599999999998,0.022959898000000003
0.204151,0.022993498
0.205225,0.023267898000000002
0.20629999999999998,0.023295896000000003
0.207374,0.023363096000000003
0.208449,0.023603896
0.209523,0.023531096
0.21059799999999998,0.023833496000000003
0.211672,0.024007094
0.212747,0.023956694000000004
0.21382099999999998,0.024264694
0.214896,0.024203092000000002
0.21597,0.024214292000000002
0.217045,0.024455092
0.21811899999999998,0.024320692
0.219194,0.024191892
0.220268,0.024371094
0.22134299999999998,0.024035094000000003
0.222417,0.023928696000000003
0.223492,0.024001494
0.224566,0.023659896
0.22564099999999998,0.023620696000000004
0.226715,0.023402296000000003
0.227789,0.022898298000000004
0.22886399999999998,0.0228031
0.22993799999999998,0.022495100000000004
0.231013,0.021940704000000002
0.232087,0.021806304000000002
0.23316199999999998,0.021363906000000002
0.234236,0.020899108000000003
0.235311,0.020585508000000002
0.23638499999999998,0.020025512
0.23745999999999998,0.019521514
0.238534,0.019207916000000002
0.239609,0.018597518
0.24068299999999998,0.018379118
0.241758,0.018031922
0.242832,0.017404724
0.24390699999999998,0.017298324
0.24498099999999998,0.016939926
0.246056,0.016458327000000002
0.24713,0.016340728
0.24820499999999998,0.015982329000000003
0.249279,0.015679931
0.25035399999999997,0.015595930000000001
0.251428,0.015265533000000003
0.252503,0.014968734000000001
0.253577,0.014890334000000002
0.254652,0.014481537000000001
0.255726,0.014386336000000001
0.2568,0.014380736000000002
0.25787499999999997,0.013988738
0.258949,0.013865539000000001
0.260024,0.013775939000000001
0.261098,0.013434341
0.262173,0.013467940000000001
0.263247,0.013199142
0.264322,0.012986343000000001
0.26539599999999997,0.012991942000000001
0.266471,0.012756744
0.267545,0.012476745000000001
0.26861999999999997,0.012543944000000001
0.269694,0.012263946000000001
0.270769,0.012140746000000001
0.271843,0.012028747
0.272918,0.011681548000000002
0.273992,0.011692748000000001
0.275067,0.011743149000000001
0.27614099999999997,0.01140155
0.27721599999999996,0.011530349
0.27829,0.01139595
0.279365,0.01122795
0.280439,0.01142395
0.281514,0.011244751
0.282588,0.011255951
0.283663,0.011300751000000001
0.28473699999999996,0.011171950000000002
0.285811,0.01121115
0.286886,0.011267151000000001
0.28796,0.011071151000000001
0.289035,0.011166351000000001
0.290109,0.011132751000000001
0.291184,0.010936752000000001
0.29225799999999996,0.011093551
0.293333,0.011110351000000001
0.294407,0.010975952
0.29548199999999997,0.011115951
0.296556,0.010959152000000002
0.297631,0.010919952
0.298705,0.011031951
0.29978,0.010886352
0.300854,0.010858352
0.301929,0.011026351000000002
0.30300299999999997,0.010796753000000001
0.30407799999999996,0.010897552000000001
0.305152,0.010919952
0.30622699999999997,0.010735152
0.307301,0.010891952
0.308376,0.010847153
0.30945,0.010835953
0.310525,0.011003952000000001
0.31159899999999996,0.010931152000000001
0.312673,0.010964752000000001
0.31374799999999997,0.011166351000000001
0.314822,0.011104751000000001
0.315897,0.011171950000000002
0.316971,0.01136235
0.318046,0.011278351
0.31911999999999996,0.01142395
0.320195,0.011502349000000002
0.32126899999999997,0.011412750000000001
0.32234399999999996,0.011625548000000001
0.323418,0.011603149
0.324493,0.011586349000000001
0.325567,0.011776748
0.326642,0.011776748
0.327716,0.011709549
0.328791,0.011916748000000001
0.32986499999999996,0.011832748000000002
0.33094,0.011866348
0.332014,0.012073547
0.33308899999999997,0.011955947000000001
0.334163,0.012028747
0.335238,0.012151946000000002
0.336312,0.012039947
0.337387,0.012174347
0.338461,0.012224746
0.339536,0.012168747000000002
0.34060999999999997,0.012325546000000001
0.341684,0.012280746
0.342759,0.012263946000000001
0.343833,0.012515945000000002
0.344908,0.012448745
0.345982,0.012571944
0.347057,0.012739944000000001
0.34813099999999997,0.012683944
0.34920599999999996,0.012885543000000001
0.35028,0.013031142
0.351355,0.013036742000000002
0.352429,0.013148742000000001
0.353504,0.013283142000000001
0.354578,0.013322341000000001
0.355653,0.01347914
0.35672699999999996,0.013535141
0.357802,0.013546341
0.358876,0.013725540000000001
0.35995099999999997,0.013680740000000002
0.361025,0.013826339000000002
0.3621,0.013949538000000001
0.363174,0.013949538000000001
0.364249,0.014078338000000001
0.365323,0.014139938000000001
0.366398,0.014100738000000002
0.36747199999999997,0.014207137000000002
0.368546,0.014296737
0.369621,0.014274337000000002
0.370695,0.014397536000000002
0.37177,0.014408736
0.372844,0.014414336
0.373919,0.014554336000000001
0.37499299999999997,0.014464737000000002
0.37606799999999996,0.014554336000000001
0.377142,0.014671935000000002
0.37821699999999997,0.014649536000000001
0.379291,0.014744735
0.380366,0.014873534000000002
0.38144,0.014839934
0.382515,0.015019133
0.38358899999999996,0.015086333
0.384664,0.015097533
0.38573799999999997,0.015282332000000001
0.38681299999999996,0.015287933000000004
0.387887,0.015349532
0.388962,0.015506331
0.390036,0.015478332000000001
0.391111,0.015579131000000001
0.392185,0.015713531
0.39326,0.015635131000000003
0.39433399999999996,0.01578073
0.39540899999999995,0.01587593
0.396483,0.01587593
0.397557,0.016021529000000003
0.398632,0.016122329
0.399706,0.016060730000000002
0.400781,0.016217529
0.40185499999999996,0.016279128
0.40292999999999995,0.016301528000000003
0.404004,0.016514326000000003
0.40507899999999997,0.016525528
0.406153,0.016570328000000002
0.407228,0.016788726
0.408302,0.016727127
0.409377,0.016911924000000002
0.41045099999999995,0.017051924000000003
0.411526,0.017040724
0.41259999999999997,0.017281524000000003
0.41367499999999996,0.017315124000000005
0.414749,0.017348724
0.41582399999999997,0.017516722000000002
0.416898,0.017572722000000002
0.417973,0.017589524000000002
0.419047,0.017791122000000003
0.420122,0.017774322000000002
0.42119599999999996,0.017802322000000002
0.422271,0.01800392
0.42334499999999997,0.01797032
0.42441999999999996,0.018031922
0.425494,0.01815512
0.426568,0.018127120000000004
0.427643,0.018278320000000004
0.42871699999999996,0.018306318000000002
0.429792,0.01835672
0.43086599999999997,0.018513518000000003
0.43194099999999996,0.018552718
0.433015,0.018619918000000003
0.43409,0.018743118000000003
0.435164,0.018754318000000002
0.436239,0.018821518
0.437313,0.019011916
0.438388,0.019034316000000003
0.43946199999999996,0.019185516000000003
0.44053699999999996,0.019297514
0.441611,0.019342314000000003
0.44268599999999997,0.019611112000000003
0.44376,0.019689512000000003
0.444835,0.019773512000000004
0.445909,0.019986312000000003
0.446984,0.020148712000000003
0.44805799999999996,0.020243912
0.449133,0.02052391
0.45020699999999997,0.020669508
0.45128199999999996,0.020820708
0.452356,0.021111906
0.45343,0.021201506000000002
0.454505,0.021447904
0.45557899999999996,0.021722304
0.456654,0.021811904000000003
0.45772799999999997,0.022125504000000004
0.45880299999999996,0.022371902000000003
0.459877,0.022534302000000003
0.460952,0.022808698000000002
0.462026,0.023060698
0.463101,0.023245498
0.464175,0.023559096
0.46525,0.023755096
0.46632399999999996,0.023967894000000003
0.46739899999999995,0.024303892000000004
0.468473,0.024477492000000003
0.46954799999999997,0.02479669
0.470622,0.025138290000000004
0.471697,0.025328688000000002
0.472771,0.025703886000000002
0.473846,0.025995084
0.47491999999999995,0.026252686000000004
0.475995,0.026717482
0.47706899999999997,0.027008682000000003
0.47814399999999996,0.027299880000000002
0.479218,0.027798278000000003
0.48029299999999997,0.028151076000000004
0.481367,0.028576674000000003
0.48244099999999995,0.029164672000000003
0.483516,0.029567870000000003
0.48458999999999997,0.030139068000000005
0.48566499999999996,0.030805463999999998
0.486739,0.031326264000000006
0.48781399999999997,0.032099056
0.488888,0.032804654
0.489963,0.033387054000000006
0.491037,0.034294252000000004
0.492112,0.035039044
0.49318599999999996,0.035828644
0.49426099999999995,0.036864640000000004
0.49533499999999997,0.037715832000000005
0.49640999999999996,0.03863982800000001
0.497484,0.03984382400000001
0.498559,0.040851820000000004
0.499633,0.042027816
0.5007079999999999,0.043259812
0.501782,0.04440780400000001
0.502857,0.04568459600000001
0.503931,0.046933392000000004
0.505006,0.04796378800000001
0.50608,0.049078184000000004
0.507155,0.04582792000000001
0.5082289999999999,0.047249792000000006
0.509304,0.049327904000000006
0.510378,0.05162476800000001
0.511452,0.05348414
0.512527,0.055781004
0.513601,0.058296616
0.514676,0.060374732
0.5157499999999999,0.06343722
0.516825,0.066062208
0.517899,0.06868719200000001
0.5189739999999999,0.071968432
0.520048,0.07481216800000001
0.521123,0.07776528
0.522197,0.08137464
0.523272,0.084437128
0.524346,0.088155856
0.525421,0.091874592
0.5264949999999999,0.09493708000000001
0.52757,0.09931205600000001
0.528644,0.103249
0.5297189999999999,0.106968
0.530793,0.111452
0.531868,0.115718
0.532942,0.11987400000000001
0.534017,0.12490499999999999
0.535091,0.12939
0.5361659999999999,0.13409300000000002
0.5372399999999999,0.139343
0.538314,0.14404599999999998
0.539389,0.149405
0.540463,0.15520199999999998
0.541538,0.16023300000000001
0.542612,0.166249
0.5436869999999999,0.172046
0.5447609999999999,0.177624
0.545836,0.183967
0.54691,0.190092
0.5479849999999999,0.196436
0.549059,0.20321699999999998
0.550134,0.20967
0.5512079999999999,0.21645199999999998
0.552283,0.22377999999999998
0.553357,0.230561
0.5544319999999999,0.23778
0.5555059999999999,0.24532700000000002
0.556581,0.252327
0.557655,0.260092
0.55873,0.267748
0.559804,0.275186
0.560879,0.282951
0.5619529999999999,0.290936
0.563028,0.298483
0.564102,0.306795
0.5651769999999999,0.314123
0.566251,0.321998
0.567326,0.330092
0.5684,0.337748
0.5694739999999999,0.345404
0.570549,0.35317
0.571623,0.36027899999999996
0.5726979999999999,0.368154
0.573772,0.37537299999999996
0.574847,0.38204499999999997
0.575921,0.38937299999999997
0.576996,0.39626300000000003
0.57807,0.402498
0.579145,0.40949800000000003
0.5802189999999999,0.415404
0.581294,0.42131
0.582368,0.427435
0.5834429999999999,0.432466
0.584517,0.438044
0.585592,0.44340399999999996
0.586666,0.447341
0.587741,0.452154
0.588815,0.45641899999999996
0.58989,0.45981
0.5909639999999999,0.464185
0.592039,0.46724699999999997
0.593113,0.469872
0.5941879999999999,0.473044
0.595262,0.47556
0.596336,0.47774700000000003
0.597411,0.480044
0.5984849999999999,0.48157500000000003
0.59956,0.482997
0.600634,0.48463799999999996
0.6017089999999999,0.485294
0.602783,0.48649699999999996
0.603858,0.48693499999999995
0.604932,0.486825
0.606007,0.4877
0.607081,0.487482
0.6081559999999999,0.487154
0.6092299999999999,0.487263
0.610305,0.48649699999999996
0.611379,0.48595
0.6124539999999999,0.485841
0.613528,0.484419
0.614603,0.483544
0.6156769999999999,0.482779
0.616752,0.481029
0.617826,0.48015399999999997
0.6189009999999999,0.47905999999999993
0.6199749999999999,0.477201
0.62105,0.47621600000000003
0.622124,0.47468499999999997
0.6231979999999999,0.47293499999999994
0.624273,0.47206
0.625347,0.470201
0.6264219999999999,0.46856000000000003
0.6274959999999999,0.46724699999999997
0.628571,0.465497
0.629645,0.463966
0.63072,0.462872
0.631794,0.46090400000000004
0.632869,0.45970099999999997
0.6339429999999999,0.458169
0.635018,0.45631
0.636092,0.45521599999999995
0.6371669999999999,0.45357600000000003
0.638241,0.451935
0.639316,0.45106
0.64039,0.44931
0.641465,0.447779
0.642539,0.446904
0.643614,0.44526299999999996
0.6446879999999999,0.44405999999999995
0.645763,0.443294
0.646837,0.441654
0.6479119999999999,0.440998
0.648986,0.440123
0.650061,0.438701
0.651135,0.438044
0.6522089999999999,0.43716900000000003
0.653284,0.436185
0.654358,0.435966
0.6554329999999999,0.434982
0.656507,0.43443499999999996
0.657582,0.434544
0.658656,0.43377899999999997
0.659731,0.433669
0.660805,0.433888
0.66188,0.43355999999999995
0.6629539999999999,0.433998
0.664029,0.434544
0.665103,0.434326
0.6661779999999999,0.435419
0.667252,0.43607599999999996
0.668327,0.43673199999999995
0.669401,0.438373
0.670476,0.439685
0.67155,0.440998
0.6726249999999999,0.44296599999999997
0.6736989999999999,0.444826
0.674774,0.447013
0.675848,0.449966
0.6769229999999999,0.452372
0.677997,0.455763
0.679072,0.45937199999999995
0.6801459999999999,0.462544
0.6812199999999999,0.46724699999999997
0.682295,0.471294
0.683369,0.475669
0.6844439999999999,0.481029
0.685518,0.48605999999999994
0.686593,0.49141899999999994
0.6876669999999999,0.497982
0.688742,0.503669
0.689816,0.510122
0.6908909999999999,0.5173409999999999
0.6919649999999999,0.523794
0.69304,0.531232
0.694114,0.538778
0.695189,0.5462159999999999
0.696263,0.55431
0.697338,0.562185
0.6984119999999999,0.570059
0.699487,0.578919
0.700561,0.5869030000000001
0.7016359999999999,0.595434
0.70271,0.604512
0.703785,0.612497
0.704859,0.6213559999999999
0.705934,0.630325
0.707008,0.638309
0.708083,0.6472779999999999
0.7091569999999999,0.655809
0.710231,0.6636839999999999
0.711306,0.672215
0.71238,0.680309
0.713455,0.6876369999999999
0.714529,0.69584
0.715604,0.70284
0.7166779999999999,0.70984
0.717753,0.717278
0.718827,0.7235119999999999
0.7199019999999999,0.7301839999999999
0.720976,0.736637
0.722051,0.7424339999999999
0.723125,0.748668
0.7242,0.754246
0.725274,0.759277
0.726349,0.765184
0.7274229999999999,0.770434
0.728498,0.775137
0.729572,0.780277
0.7306469999999999,0.78498
0.731721,0.789574
0.732796,0.795152
0.7338699999999999,0.799308
0.734945,0.804449
0.736019,0.809371
0.737093,0.814293
0.7381679999999999,0.819433
0.739242,0.8246829999999999
0.740317,0.829386
0.7413909999999999,0.834855
0.742466,0.839668
0.74354,0.84448
0.7446149999999999,0.849949
0.7456889999999999,0.8547609999999999
0.746764,0.8595740000000001
0.747838,0.864824
0.7489129999999999,0.868761
0.749987,0.873136
0.751062,0.877949
0.7521359999999999,0.8811209999999999
0.753211,0.884949
0.754285,0.887902
0.7553599999999999,0.889871
0.7564339999999999,0.8924960000000001
0.757509,0.893699
0.758583,0.893917
0.7596579999999999,0.894355
0.760732,0.893261
0.761807,0.891402
0.7628809999999999,0.8894329999999999
0.7639549999999999,0.885824
0.76503,0.8818860000000001
0.766104,0.877292
0.7671789999999999,0.8714959999999999
0.768253,0.865371
0.769328,0.8585889999999999
0.7704019999999999,0.850386
0.771477,0.842293
0.772551,0.833433
0.7736259999999999,0.8236990000000001
0.7746999999999999,0.81484
0.775775,0.804121
0.776849,0.7936209999999999
0.777924,0.78334
0.778998,0.772184
0.780073,0.761574
0.7811469999999999,0.7507459999999999
0.782222,0.7394809999999999
0.783296,0.728981
0.7843709999999999,0.718371
0.785445,0.707543
0.78652,0.6977
0.787594,0.687528
0.788669,0.677465
0.789743,0.668387
0.7908179999999999,0.6592
0.7918919999999999,0.650122
0.792967,0.6420279999999999
0.794041,0.633169
0.795115,0.6254029999999999
0.79619,0.617966
0.797264,0.6102
0.7983389999999999,0.603528
0.7994129999999999,0.596856
0.800488,0.590075
0.801562,0.5841689999999999
0.8026369999999999,0.578263
0.803711,0.572138
0.804786,0.5672159999999999
0.8058599999999999,0.561856
0.806935,0.556716
0.808009,0.5525599999999999
0.8090839999999999,0.547856
0.8101579999999999,0.543481
0.811233,0.539763
0.812307,0.535278
0.8133819999999999,0.531888
0.814456,0.5286069999999999
0.815531,0.524888
0.8166049999999999,0.522044
0.81768,0.5189819999999999
0.818754,0.515919
0.8198289999999999,0.513513
0.8209029999999999,0.510888
0.821978,0.508263
0.823052,0.506185
0.8241259999999999,0.504107
0.825201,0.502029
0.826275,0.500169
0.8273499999999999,0.498091
0.8284239999999999,0.49656
0.829499,0.495138
0.830573,0.493388
0.8316479999999999,0.49240399999999995
0.832722,0.49076299999999995
0.833797,0.48945000000000005
0.8348709999999999,0.48857500000000004
0.835946,0.4877
0.83702,0.486607
0.8380949999999999,0.485732
0.8391689999999999,0.48474700000000004
0.840244,0.484091
0.841318,0.483872
0.842393,0.482779
0.843467,0.48234099999999996
0.844542,0.48223199999999994
0.8456159999999999,0.481466
0.846691,0.481247
0.847765,0.481029
0.8488399999999999,0.48015399999999997
0.849914,0.48037199999999997
0.850988,0.47993499999999994
0.852063,0.479825
0.8531369999999999,0.48015399999999997
0.854212,0.479825
0.855286,0.479825
0.8563609999999999,0.480044
0.857435,0.479716
0.85851,0.480263
0.859584,0.480482
0.860659,0.48037199999999997
0.861733,0.4807
0.8628079999999999,0.481029
0.8638819999999999,0.4807
0.864957,0.48135700000000003
0.866031,0.481685
0.8671059999999999,0.481685
0.86818,0.482013
0.869255,0.48223199999999994
0.8703289999999999,0.48245000000000005
0.871404,0.482997
0.872478,0.48310699999999995
0.8735529999999999,0.483544
0.8746269999999999,0.48398199999999997
0.875702,0.48431
0.876776,0.48474700000000004
0.8778499999999999,0.484857
0.878925,0.485075
0.879999,0.485732
0.8810739999999999,0.48605999999999994
0.8821479999999999,0.48605999999999994
0.883223,0.486825
0.884297,0.48693499999999995
0.8853719999999999,0.487263
0.886446,0.48780999999999997
0.887521,0.487919
0.8885949999999999,0.488247
0.88967,0.488794
0.890744,0.488794
0.8918189999999999,0.489122
0.8928929999999999,0.48945000000000005
0.893968,0.48956
0.895042,0.48988799999999993
0.8961169999999999,0.490435
0.897191,0.490216
0.898266,0.49065400000000003
0.8993399999999999,0.49065400000000003
0.900415,0.49065400000000003
0.901489,0.490982
0.9025639999999999,0.49087200000000003
0.9036379999999999,0.49087200000000003
0.904713,0.491091
0.905787,0.49087200000000003
0.9068609999999999,0.49076299999999995
0.907936,0.49087200000000003
0.90901,0.490435
0.9100849999999999,0.4905439999999999
0.9111589999999999,0.49032499999999996
0.912234,0.489779
0.913308,0.48988799999999993
0.914383,0.48934099999999997
0.915457,0.488904
0.916532,0.488685
0.9176059999999999,0.488138
0.918681,0.4877
0.919755,0.487482
0.9208299999999999,0.486607
0.921904,0.48605999999999994
0.922979,0.485732
0.924053,0.484857
0.925128,0.484419
0.926202,0.483544
0.9272769999999999,0.482779
0.9283509999999999,0.48223199999999994
0.929426,0.48135700000000003
0.9305,0.480591
0.9315749999999999,0.47993499999999994
0.932649,0.472169
0.933724,0.464076
0.9347979999999999,0.45641899999999996
0.9358719999999999,0.44941899999999996
0.936947,0.445044
0.938021,0.439248
0.9390959999999999,0.434544
0.94017,0.431373
0.941245,0.42645099999999997
0.9423189999999999,0.42306
0.943394,0.420326
0.944468,0.415951
0.9455429999999999,0.413435
0.9466169999999999,0.410591
0.947692,0.406982
0.948766,0.405232
0.9498409999999999,0.40206
0.950915,0.398779
0.95199,0.397466
0.9530639999999999,0.39418499999999995
0.954139,0.39156
0.955213,0.39035699999999995
0.9562879999999999,0.386857
0.9573619999999999,0.384998
0.958437,0.383467
0.959511,0.380295
0.9605859999999999,0.378982
0.96166,0.377232
0.962735,0.37416999999999995
0.9638089999999999,0.373295
0.9648829999999999,0.370998
0.965958,0.368592
0.967032,0.367935
0.9681069999999999,0.36530999999999997
0.969181,0.363451
0.970256,0.362685
0.9713299999999999,0.359842
0.972405,0.358529
0.973479,0.357764
0.9745539999999999,0.35492
0.9756279999999999,0.354045
0.976703,0.352732
0.977777,0.35010699999999995
0.9788519999999999,0.34967
0.979926,0.34813900000000003
0.9810009999999999,0.34606000000000003
0.9820749999999999,0.34562299999999996
0.98315,0.343654
0.984224,0.34179499999999996
0.9852989999999999,0.341576
0.9863729999999999,0.33916999999999997
0.987448,0.33796699999999996
0.9885219999999999,0.337529
0.989597,0.335014
0.990671,0.33446699999999996
0.991745,0.333701
0.9928199999999999,0.33129499999999995
0.9938939999999999,0.33107600000000004
0.994969,0.329764
0.9960429999999999,0.327904
0.997118,0.327904
0.998192,0.326154
0.9992669999999999,0.324623
1.000341,0.32473199999999997
1.0014159999999999,0.322545
1.0024899999999999,0.321779
1.003565,0.321451
1.004639,0.319264
1.005714,0.318936
1.006788,0.318279
1.007863,0.315982
1.008937,0.316201
1.010012,0.315217
1.011086,0.313357
1.0121609999999999,0.313686
1.0132349999999999,0.312045
1.01431,0.310842
1.015384,0.31106100000000003
1.016459,0.309201
1.017533,0.308217
1.018608,0.308436
1.019682,0.306139
1.020756,0.306139
1.021831,0.305701
1.022905,0.30373300000000003
1.02398,0.30373300000000003
1.025054,0.302858
1.0261289999999998,0.301217
1.0272029999999999,0.30165400000000003
1.028278,0.300342
1.029352,0.299029
1.030427,0.299467
1.031501,0.297717
1.032576,0.296951
1.03365,0.297279
1.034725,0.29541999999999996
1.035799,0.29509199999999997
1.0368739999999999,0.294983
1.0379479999999999,0.292904
1.039023,0.293233
1.040097,0.292576
1.041172,0.290936
1.042246,0.291483
1.043321,0.290279
1.044395,0.289076
1.04547,0.289733
1.046544,0.28809199999999996
1.047618,0.287326
1.0486929999999999,0.287654
1.049767,0.286014
1.050842,0.285795
1.0519159999999999,0.285795
1.052991,0.28393599999999997
1.054065,0.284373
1.05514,0.283826
1.056214,0.282295
1.057289,0.28284200000000004
1.058363,0.281748
1.0594379999999999,0.280545
1.060512,0.281311
1.061587,0.27978
1.0626609999999999,0.279123
1.063736,0.27956099999999995
1.06481,0.277811
1.065885,0.27792
1.066959,0.27792
1.068034,0.27617
1.069108,0.276717
1.0701829999999999,0.27617
1.071257,0.274639
1.0723319999999998,0.27540499999999996
1.0734059999999999,0.27442
1.074481,0.273217
1.075555,0.273983
1.076629,0.27267
1.077704,0.27201400000000003
1.078778,0.27267
1.079853,0.27103
1.080927,0.27103
1.082002,0.271248
1.083076,0.269389
1.0841509999999999,0.26982599999999995
1.0852249999999999,0.269608
1.0863,0.268076
1.0873739999999998,0.268842
1.088449,0.26785800000000004
1.089523,0.266764
1.090598,0.267639
1.091672,0.26632599999999995
1.092747,0.26566999999999996
1.093821,0.266436
1.0948959999999999,0.264905
1.0959699999999999,0.264795
1.097045,0.265123
1.0981189999999998,0.26337299999999997
1.099194,0.263811
1.100268,0.26370099999999996
1.101343,0.262061
1.102417,0.26282599999999995
1.103492,0.26216999999999996
1.104566,0.261076
1.1056409999999999,0.261951
1.106715,0.26085800000000003
1.107789,0.260092
1.1088639999999998,0.260967
1.1099379999999999,0.259217
1.111013,0.259108
1.112087,0.259655
1.113162,0.25801399999999997
1.114236,0.25834199999999996
1.115311,0.25845100000000004
1.116385,0.256811
1.11746,0.25768599999999997
1.118534,0.25703000000000004
1.1196089999999999,0.255826
1.1206829999999999,0.256811
1.121758,0.25571699999999997
1.122832,0.255061
1.123907,0.25571699999999997
1.124981,0.254295
1.126056,0.254405
1.12713,0.254733
1.128205,0.253201
1.129279,0.25353000000000003
1.1303539999999999,0.25353000000000003
1.1314279999999999,0.251998
1.132503,0.252873
1.133577,0.25221699999999997
1.134652,0.25112300000000004
1.135726,0.252108
1.1368,0.25112300000000004
1.137875,0.25035799999999997
1.138949,0.251233
1.140024,0.249811
1.141098,0.24970200000000004
1.1421729999999999,0.250248
1.143247,0.248717
1.1443219999999998,0.249045
1.1453959999999999,0.24915500000000002
1.146471,0.247623
1.147545,0.248608
1.14862,0.247952
1.149694,0.247077
1.150769,0.247952
1.151843,0.24685799999999997
1.1529179999999999,0.24620199999999998
1.153992,0.24729500000000001
1.1550669999999998,0.24587299999999998
1.1561409999999999,0.24554499999999999
1.157216,0.246311
1.15829,0.24478
1.159365,0.245217
1.160439,0.24532700000000002
1.161514,0.24390499999999998
1.162588,0.24466999999999997
1.163663,0.244452
1.164737,0.24324800000000002
1.165811,0.24412300000000003
1.1668859999999999,0.24335799999999996
1.1679599999999999,0.242483
1.169035,0.24368599999999999
1.1701089999999998,0.242264
1.171184,0.242264
1.172258,0.24292
1.173333,0.24128
1.174407,0.241936
1.175482,0.24204499999999998
1.176556,0.24051399999999998
1.1776309999999999,0.241498
1.178705,0.24128
1.17978,0.24007699999999998
1.1808539999999998,0.240952
1.181929,0.24007699999999998
1.183003,0.23952999999999997
1.184078,0.24051399999999998
1.185152,0.23920199999999997
1.186227,0.23920199999999997
1.187301,0.239858
1.1883759999999999,0.238545
1.18945,0.238873
1.190525,0.23920199999999997
1.1915989999999999,0.23767
1.1926729999999999,0.238545
1.193748,0.23832699999999998
1.194822,0.237233
1.195897,0.23821699999999998
1.196971,0.237452
1.198046,0.236795
1.19912,0.237889
1.200195,0.23657699999999998
1.201269,0.23646699999999998
1.2023439999999999,0.237233
1.2034179999999999,0.235811
1.204493,0.236139
1.205567,0.236686
1.206642,0.235045
1.207716,0.236139
1.208791,0.235811
1.209865,0.234717
1.21094,0.235702
1.212014,0.235045
1.2130889999999999,0.234389
1.2141629999999999,0.235373
1.215238,0.23417
1.2163119999999998,0.233952
1.217387,0.234936
1.218461,0.23351399999999997
1.219535,0.233842
1.22061,0.23428000000000002
1.221684,0.232858
1.222759,0.233733
1.223833,0.233623
1.2249079999999999,0.232311
1.225982,0.233623
1.2270569999999998,0.23274799999999998
1.2281309999999999,0.232092
1.229206,0.233186
1.23028,0.231983
1.231355,0.231873
1.232429,0.232858
1.233504,0.231436
1.234578,0.23176399999999997
1.235653,0.232202
1.236727,0.23078
1.2378019999999998,0.231545
1.2388759999999999,0.231436
1.239951,0.230342
1.241025,0.231436
1.2421,0.23078
1.243174,0.230014
1.244249,0.23132699999999998
1.245323,0.229905
1.246397,0.229795
1.247472,0.23067
1.248546,0.229358
1.2496209999999999,0.229795
1.250695,0.230123
1.25177,0.228811
1.2528439999999998,0.229577
1.253919,0.229577
1.254993,0.228264
1.256068,0.229467
1.257142,0.22891999999999998
1.258217,0.228045
1.259291,0.22924799999999998
1.2603659999999999,0.228155
1.26144,0.227827
1.262515,0.22891999999999998
1.2635889999999999,0.22749799999999998
1.264664,0.227827
1.265738,0.228373
1.266813,0.22706099999999999
1.267887,0.227717
1.268962,0.22793599999999997
1.270036,0.226623
1.2711109999999999,0.227717
1.272185,0.22716999999999998
1.273259,0.226295
1.2743339999999999,0.22749799999999998
1.2754079999999999,0.226514
1.276483,0.226077
1.2775569999999998,0.22716999999999998
1.278632,0.225967
1.279706,0.226077
1.280781,0.226733
1.281855,0.225311
1.28293,0.226077
1.284004,0.226186
1.2850789999999999,0.22487300000000002
1.2861529999999999,0.225967
1.287228,0.225639
1.2883019999999998,0.224655
1.289377,0.22585799999999998
1.290451,0.224983
1.291526,0.224436
1.2926,0.22541999999999998
1.293675,0.224217
1.294749,0.224436
1.2958239999999999,0.225092
1.2968979999999999,0.22377999999999998
1.297973,0.224436
1.2990469999999998,0.224436
1.300122,0.22312400000000002
1.301196,0.224327
1.30227,0.223889
1.303345,0.223014
1.304419,0.224217
1.305494,0.22334199999999998
1.306568,0.223014
1.3076429999999999,0.22410799999999997
1.308717,0.222686
1.3097919999999998,0.222795
1.3108659999999999,0.223561
1.311941,0.222139
1.313015,0.222905
1.31409,0.223014
1.315164,0.22170199999999998
1.316239,0.222905
1.317313,0.222577
1.318388,0.22159199999999998
1.319462,0.222795
1.3205369999999998,0.22191999999999998
1.3216109999999999,0.22148299999999999
1.322686,0.222577
1.32376,0.221155
1.324835,0.22137400000000002
1.325909,0.222139
1.326984,0.220827
1.328058,0.22148299999999999
1.329133,0.22170199999999998
1.330207,0.220389
1.331281,0.22148299999999999
1.3323559999999999,0.221155
1.33343,0.220061
1.3345049999999998,0.221264
1.3355789999999998,0.220499
1.336654,0.220061
1.337728,0.221155
1.338803,0.21995199999999998
1.339877,0.21995199999999998
1.340952,0.220827
1.342026,0.219405
1.3431009999999999,0.220061
1.344175,0.220389
1.3452499999999998,0.218967
1.3463239999999999,0.22017
1.347399,0.21984199999999998
1.348473,0.218858
1.349548,0.21995199999999998
1.350622,0.219186
1.351697,0.218749
1.352771,0.21984199999999998
1.3538459999999999,0.21852999999999997
1.35492,0.218749
1.3559949999999998,0.219514
1.3570689999999999,0.217983
1.358144,0.218749
1.359218,0.219077
1.360293,0.217655
1.361367,0.218639
1.362441,0.218639
1.363516,0.217436
1.36459,0.218749
1.365665,0.217983
1.366739,0.217436
1.3678139999999999,0.218639
1.3688879999999999,0.217436
1.369963,0.217327
1.3710369999999998,0.21820199999999998
1.372112,0.216999
1.373186,0.217436
1.374261,0.21787399999999998
1.375335,0.216561
1.37641,0.217436
1.377484,0.217436
1.3785589999999999,0.216233
1.3796329999999999,0.217436
1.380708,0.21667
1.3817819999999998,0.216233
1.382857,0.217327
1.383931,0.216233
1.385006,0.21612399999999998
1.38608,0.217108
1.387155,0.21579500000000001
1.388229,0.216233
1.3893039999999999,0.21667
1.390378,0.215358
1.3914529999999998,0.21634199999999998
1.3925269999999998,0.216233
1.3936009999999999,0.215139
1.394676,0.21645199999999998
1.39575,0.215686
1.396825,0.21503
1.397899,0.21612399999999998
1.398974,0.215139
1.400048,0.21503
1.401123,0.21601399999999998
1.402197,0.21470199999999998
1.4032719999999999,0.21503
1.4043459999999999,0.21546700000000002
1.405421,0.21426399999999998
1.4064949999999998,0.215139
1.40757,0.215139
1.408644,0.213936
1.409719,0.215249
1.410793,0.21470199999999998
1.411868,0.213827
1.412942,0.215249
1.4140169999999999,0.214045
1.4150909999999999,0.213827
1.416166,0.21492
1.4172399999999998,0.213499
1.418315,0.214045
1.419389,0.214483
1.420463,0.21317
1.421538,0.214045
1.422612,0.214155
1.423687,0.21295199999999997
1.424761,0.214155
1.4258359999999999,0.21371700000000002
1.42691,0.21295199999999997
1.4279849999999998,0.214155
1.4290589999999999,0.213061
1.430134,0.212733
1.431208,0.213827
1.432283,0.21262399999999998
1.433357,0.212733
1.434432,0.213499
1.435506,0.21218599999999999
1.4365809999999999,0.213061
1.437655,0.213061
1.4387299999999998,0.211749
1.4398039999999999,0.21317
1.440879,0.21262399999999998
1.441953,0.211749
1.443028,0.213061
1.444102,0.212077
1.445177,0.211749
1.446251,0.212842
1.447325,0.21153
1.4484,0.21196700000000002
1.449474,0.21251399999999998
1.4505489999999999,0.211092
1.4516229999999999,0.212077
1.452698,0.21218599999999999
1.4537719999999998,0.21087399999999998
1.454847,0.21196700000000002
1.455921,0.211639
1.456996,0.210764
1.45807,0.21196700000000002
1.459145,0.210983
1.460219,0.21087399999999998
1.4612939999999999,0.211858
1.462368,0.21054499999999998
1.4634429999999998,0.210764
1.4645169999999998,0.211639
1.465592,0.21032700000000001
1.466666,0.211092
1.467741,0.211202
1.468815,0.209999
1.46989,0.211092
1.470964,0.210655
1.4720389999999999,0.20978
1.473113,0.211202
1.474187,0.21021700000000001
1.4752619999999999,0.20988900000000002
1.4763359999999999,0.210983
1.477411,0.20967
1.4784849999999998,0.20988900000000002
1.47956,0.210764
1.480634,0.209342
1.481709,0.210108
1.482783,0.21021700000000001
1.483858,0.209014
1.484932,0.21021700000000001
1.4860069999999999,0.20978
1.4870809999999999,0.20879499999999998
1.488156,0.210108
1.4892299999999998,0.209342
1.490305,0.208905
1.491379,0.209999
1.492454,0.20879499999999998
1.493528,0.208905
1.494603,0.20978
1.495677,0.208358
1.4967519999999999,0.20912399999999998
1.4978259999999999,0.209452
1.498901,0.20813900000000002
1.4999749999999998,0.209233
1.498901,0.209014
1.4978259999999999,0.20803
1.4967519999999999,0.20912399999999998
1.495677,0.208577
1.494603,0.20803
1.493528,0.209233
1.492454,0.20803
1.491379,0.20803
1.490305,0.208905
1.4892299999999998,0.207592
1.488156,0.208249
1.4870809999999999,0.208577
1.4860069999999999,0.207264
1.484932,0.208358
1.483858,0.20813900000000002
1.482783,0.207155
1.481709,0.208358
1.480634,0.207811
1.47956,0.207264
1.4784849999999998,0.208358
1.477411,0.207155
1.4763359999999999,0.207155
1.4752619999999999,0.20813900000000002
1.474187,0.20671699999999998
1.473113,0.20737399999999998
1.4720389999999999,0.207702
1.470964,0.206389
1.46989,0.207483
1.468815,0.207483
1.467741,0.206389
1.466666,0.207592
1.465592,0.206827
1.4645169999999998,0.20628
1.4634429999999998,0.207592
1.462368,0.206499
1.4612939999999999,0.206389
1.460219,0.20737399999999998
1.459145,0.206061
1.45807,0.20660799999999999
1.456996,0.20704499999999998
1.455921,0.205733
1.454847,0.20671699999999998
1.4537719999999998,0.20660799999999999
1.452698,0.205514
1.4516229999999999,0.206827
1.4505489999999999,0.206061
1.449474,0.205514
1.4484,0.20671699999999998
1.447325,0.205733
1.446251,0.205514
1.445177,0.206499
1.444102,0.205186
1.443028,0.205733
1.441953,0.20628
1.440879,0.20485799999999998
1.4398039999999999,0.205952
1.4387299999999998,0.205733
1.437655,0.20474900000000001
1.4365809999999999,0.205952
1.435506,0.205405
1.434432,0.20485799999999998
1.433357,0.205952
1.432283,0.20485799999999998
1.431208,0.204639
1.430134,0.205733
1.4290589999999999,0.20442
1.4279849999999998,0.20485799999999998
1.42691,0.205514
1.4258359999999999,0.204202
1.424761,0.205077
1.423687,0.205077
1.422612,0.203983
1.421538,0.205186
1.420463,0.204639
1.419389,0.203983
1.418315,0.205077
1.4172399999999998,0.204202
1.416166,0.203983
1.4150909999999999,0.205077
1.4140169999999999,0.203655
1.412942,0.204092
1.411868,0.20474900000000001
1.410793,0.203327
1.409719,0.20431100000000002
1.408644,0.20431100000000002
1.40757,0.20321699999999998
1.4064949999999998,0.20442
1.405421,0.203983
1.4043459999999999,0.20321699999999998
1.4032719999999999,0.20442
1.402197,0.203436
1.401123,0.203327
1.400048,0.20431100000000002
1.398974,0.20310799999999998
1.397899,0.203327
1.396825,0.204092
1.39575,0.20267
1.394676,0.20354499999999998
1.3936009999999999,0.20354499999999998
1.3925269999999998,0.202452
1.3914529999999998,0.203764
1.390378,0.203327
1.3893039999999999,0.202561
1.388229,0.203874
1.387155,0.20288899999999999
1.38608,0.202452
1.385006,0.203874
1.383931,0.202342
1.382857,0.202561
1.3817819999999998,0.20354499999999998
1.380708,0.202014
1.3796329999999999,0.20288899999999999
1.3785589999999999,0.20310799999999998
1.377484,0.201905
1.37641,0.202999
1.375335,0.20267
1.374261,0.201686
1.373186,0.202999
1.372112,0.202124
1.3710369999999998,0.201905
1.369963,0.20310799999999998
1.3688879999999999,0.201577
1.3678139999999999,0.201905
1.366739,0.20288899999999999
1.365665,0.201249
1.36459,0.202233
1.363516,0.202452
1.362441,0.20113899999999998
1.361367,0.202233
1.360293,0.202014
1.359218,0.20103
1.358144,0.202342
1.3570689999999999,0.201577
1.3559949999999998,0.20113899999999998
1.35492,0.202452
1.3538459999999999,0.20103
1.352771,0.201358
1.351697,0.202124
1.350622,0.200702
1.349548,0.20146699999999998
1.348473,0.201905
1.347399,0.200483
1.3463239999999999,0.201686
1.3452499999999998,0.201358
1.344175,0.200592
1.3431009999999999,0.201686
1.342026,0.20092000000000002
1.340952,0.200483
1.339877,0.201686
1.338803,0.200374
1.337728,0.200592
1.336654,0.20146699999999998
1.3355789999999998,0.200155
1.3345049999999998,0.200811
1.33343,0.20113899999999998
1.3323559999999999,0.199827
1.331281,0.20092000000000002
1.330207,0.200811
1.329133,0.199827
1.328058,0.20113899999999998
1.326984,0.200374
1.325909,0.199827
1.324835,0.20092000000000002
1.32376,0.199936
1.322686,0.199936
1.3216109999999999,0.200811
1.3205369999999998,0.199499
1.319462,0.200045
1.318388,0.200592
1.317313,0.19927999999999998
1.316239,0.200264
1.315164,0.200155
1.31409,0.199061
1.313015,0.200483
1.311941,0.19971699999999998
1.3108659999999999,0.19917
1.3097919999999998,0.200374
1.308717,0.19917
1.3076429999999999,0.19927999999999998
1.306568,0.200374
1.305494,0.198842
1.304419,0.199499
1.303345,0.199827
1.30227,0.198624
1.301196,0.199499
1.300122,0.199608
1.2990469999999998,0.198624
1.297973,0.199608
1.2968979999999999,0.19917
1.2958239999999999,0.198405
1.294749,0.19971699999999998
1.293675,0.198624
1.2926,0.198514
1.291526,0.19971699999999998
1.290451,0.198295
1.289377,0.198733
1.2883019999999998,0.199499
1.287228,0.19796699999999998
1.2861529999999999,0.198952
1.2850789999999999,0.199061
1.284004,0.197858
1.28293,0.19917
1.281855,0.198624
1.280781,0.197858
1.279706,0.19927999999999998
1.278632,0.198186
1.2775569999999998,0.198077
1.276483,0.19917
1.2754079999999999,0.197749
1.2743339999999999,0.198186
1.273259,0.198842
1.272185,0.19752999999999998
1.2711109999999999,0.198405
1.270036,0.198514
1.268962,0.197311
1.267887,0.198514
1.266813,0.19796699999999998
1.265738,0.197311
1.264664,0.198514
1.2635889999999999,0.19763899999999998
1.262515,0.197311
1.26144,0.198514
1.2603659999999999,0.197202
1.259291,0.19763899999999998
1.258217,0.198295
1.257142,0.196983
1.256068,0.197749
1.254993,0.19796699999999998
1.253919,0.196764
1.2528439999999998,0.19796699999999998
1.25177,0.19752999999999998
1.250695,0.196764
1.2496209999999999,0.198077
1.248546,0.196983
1.247472,0.196874
1.246397,0.19796699999999998
1.245323,0.196764
1.244249,0.196983
1.243174,0.197749
1.2421,0.196545
1.241025,0.197311
1.239951,0.19742
1.2388759999999999,0.196217
1.2378019999999998,0.19742
1.236727,0.196983
1.235653,0.196217
1.234578,0.19742
1.233504,0.196655
1.232429,0.196436
1.231355,0.19752999999999998
1.23028,0.196217
1.229206,0.196436
1.2281309999999999,0.197202
1.2270569999999998,0.195999
1.225982,0.196764
1.2249079999999999,0.196874
1.223833,0.19556099999999998
1.222759,0.196874
1.221684,0.196545
1.22061,0.19556099999999998
1.219535,0.196874
1.218461,0.195999
1.217387,0.19578
1.2163119999999998,0.196983
1.215238,0.195671
1.2141629999999999,0.19588899999999998
1.2130889999999999,0.196655
1.212014,0.19534200000000002
1.21094,0.196217
1.209865,0.196436
1.208791,0.195124
1.207716,0.196217
1.206642,0.196108
1.205567,0.195124
1.204493,0.196436
1.2034179999999999,0.19556099999999998
1.2023439999999999,0.195233
1.201269,0.196436
1.200195,0.19534200000000002
1.19912,0.19534200000000002
1.198046,0.196217
1.196971,0.194905
1.195897,0.19556099999999998
1.194822,0.195999
1.193748,0.194577
1.1926729999999999,0.195671
1.1915989999999999,0.19556099999999998
1.190525,0.194577
1.18945,0.195671
1.1883759999999999,0.195014
1.187301,0.194577
1.186227,0.19578
1.185152,0.194796
1.184078,0.194686
1.183003,0.195671
1.181929,0.194358
1.1808539999999998,0.194796
1.17978,0.195452
1.178705,0.19413899999999998
1.1776309999999999,0.195124
1.176556,0.195014
1.175482,0.19403
1.174407,0.195124
1.173333,0.194577
1.172258,0.19413899999999998
1.171184,0.19534200000000002
1.1701089999999998,0.194249
1.169035,0.19413899999999998
1.1679599999999999,0.195233
1.1668859999999999,0.19381099999999998
1.165811,0.194467
1.164737,0.195014
1.163663,0.19359200000000001
1.162588,0.194577
1.161514,0.194577
1.160439,0.193483
1.159365,0.194796
1.15829,0.19413899999999998
1.157216,0.19359200000000001
1.1561409999999999,0.194796
1.1550669999999998,0.19370199999999999
1.153992,0.193483
1.1529179999999999,0.194796
1.151843,0.193483
1.150769,0.193921
1.149694,0.194467
1.14862,0.193155
1.147545,0.19403
1.146471,0.19413899999999998
1.1453959999999999,0.192936
1.1443219999999998,0.194249
1.143247,0.19370199999999999
1.1421729999999999,0.193046
1.141098,0.194358
1.140024,0.193264
1.138949,0.193155
1.137875,0.194249
1.1368,0.19282699999999997
1.135726,0.193374
1.134652,0.193921
1.133577,0.192608
1.132503,0.193483
1.1314279999999999,0.19359200000000001
1.1303539999999999,0.192608
1.129279,0.19370199999999999
1.128205,0.193374
1.12713,0.192608
1.126056,0.19381099999999998
1.124981,0.19282699999999997
1.123907,0.192608
1.122832,0.193921
1.121758,0.192499
1.1206829999999999,0.19282699999999997
1.1196089999999999,0.193483
1.118534,0.192171
1.11746,0.193046
1.116385,0.193374
1.115311,0.192171
1.114236,0.193264
1.113162,0.192936
1.112087,0.19206099999999998
1.111013,0.193374
1.1099379999999999,0.192499
1.1088639999999998,0.192171
1.107789,0.193374
1.106715,0.192171
1.1056409999999999,0.19238899999999998
1.104566,0.193046
1.103492,0.191842
1.102417,0.192608
1.101343,0.192936
1.100268,0.191624
1.099194,0.192717
1.0981189999999998,0.19238899999999998
1.097045,0.181889
1.0959699999999999,0.181999
1.0948959999999999,0.17685800000000002
1.093821,0.171389
1.092747,0.166686
1.091672,0.161874
1.090598,0.156843
1.089523,0.152686
1.088449,0.148421
1.0873739999999998,0.143827
1.0863,0.139999
1.0852249999999999,0.135952
1.0841509999999999,0.13201500000000002
1.083076,0.128624
1.082002,0.124686
1.080927,0.120968
1.079853,0.117796
1.078778,0.114296
1.077704,0.11101499999999999
1.076629,0.10806199999999999
1.075555,0.104671
1.074481,0.102046
1.0734059999999999,0.099093312
1.0723319999999998,0.096030824
1.071257,0.09362458400000001
1.0701829999999999,0.09099960000000001
1.069108,0.08837460800000001
1.068034,0.085968368
1.066959,0.083343384
1.065885,0.08093714400000002
1.06481,0.07885902400000001
1.063736,0.07623404
1.0626609999999999,0.074374672
1.061587,0.072296552
1.060512,0.070109064
1.0594379999999999,0.068249696
1.058363,0.066390328
1.057289,0.06420284000000001
1.056214,0.062780972
1.05514,0.06081222800000001
1.054065,0.059062236000000004
1.052991,0.05753099600000001
1.0519159999999999,0.055890376000000005
1.050842,0.05424976
1.049767,0.052937268
1.0486929999999999,0.05129664800000001
1.047618,0.049984152000000004
1.046544,0.048781032
1.04547,0.047140416000000004
1.044395,0.04582792000000001
1.043321,0.044952928
1.042246,0.043421684
1.041172,0.042327936000000004
1.040097,0.041015444000000005
1.039023,0.039921700000000004
1.0379479999999999,0.039265452000000006
1.0368739999999999,0.03784358
1.035799,0.036859212
1.034725,0.036202964000000004
1.03365,0.034890468
1.032576,0.034015476
1.031501,0.033359226
1.030427,0.032156106000000004
1.029352,0.03149986
1.028278,0.03073424
1.0272029999999999,0.029640494
1.0261289999999998,0.029202996000000002
1.025054,0.028328
1.02398,0.027453004000000003
1.022905,0.027015506
1.021831,0.026140508
1.020756,0.025374888
1.019682,0.025156138
1.018608,0.024171768000000003
1.017533,0.023624896000000003
1.016459,0.023296772
1.015384,0.022312400000000003
1.01431,0.010628753000000001
1.0132349999999999,0.015422332
1.0121609999999999,0.016615127
1.011086,0.016704727000000003
1.010012,0.016368727000000003
1.008937,0.015937529000000002
1.007863,0.015500732000000001
1.006788,0.014991134000000001
1.005714,0.014604736
1.004639,0.014167938000000001
1.003565,0.01370314
1.0024899999999999,0.013389541
1.0014159999999999,0.012952743000000001
1.000341,0.012555144
0.9992669999999999,0.012247146
0.998192,0.011866348
0.997118,0.011491149
0.9960429999999999,0.011177550000000001
0.994969,0.010802353
0.9938939999999999,0.010460754000000001
0.9928199999999999,0.010169555000000002
0.991745,0.009794357000000002
0.990671,0.009553558
0.989597,0.009228759
0.9885219999999999,0.008859161
0.987448,0.008668762
0.9863729999999999,0.008366363
0.9852989999999999,0.008041565
0.984224,0.007879165
0.98315,0.0075431660000000005
0.9820749999999999,0.0073359670000000005
0.9810009999999999,0.007145568000000001
0.979926,0.006831970000000001
0.9788519999999999,0.006619171
0.977777,0.006473571
0.976703,0.006159973000000001
0.9756279999999999,0.0060367730000000005
0.9745539999999999,0.005835174
0.973479,0.0055607750000000004
0.972405,0.005443176
0.9713299999999999,0.005263977
0.970256,0.005011978
0.969181,0.004939178
0.9681069999999999,0.0047375790000000004
0.967032,0.00451918
0.965958,0.00444638
0.9648829999999999,0.004205581
0.9638089999999999,0.004110382
0.962735,0.0040039820000000005
0.96166,0.0037463830000000007
0.9605859999999999,0.003656784
0.959511,0.003550384
0.958437,0.003281585
0.9573619999999999,0.0032255850000000004
0.9562879999999999,0.003040786
0.955213,0.002861587
0.954139,0.0027999870000000003
0.9530639999999999,0.002609588
0.95199,0.0024471890000000002
0.950915,0.0023799890000000003
0.9498409999999999,0.00218959
0.948766,0.0020775900000000003
0.947692,0.0020271910000000002
0.9466169999999999,0.001819992
0.9455429999999999,0.0017975920000000002
0.944468,0.0016631920000000002
0.943394,0.001511993
0.9423189999999999,0.0014503930000000001
0.941245,0.001360794
0.94017,0.001181594
0.9390959999999999,0.001198394
0.938021,0.001007995
0.936947,0.0009071960000000001
0.9358719999999999,0.0009351950000000001
0.9347979999999999,0.000739196
0.933724,0.000671997
0.932649,0.000677597
0.9315749999999999,0.0005263970000000001
0.9305,0.00048159700000000006
0.929426,0.000436798
0.9283509999999999,0.00024639800000000005
0.9272769999999999,0.000257598
0.926202,0.00019039900000000003
0.925128,3.3599856e-05
0.924053,5.5999750000000005e-06
0.922979,-0.00012319900000000002
0.921904,-0.000207199
0.9208299999999999,-0.00021279900000000003
0.919755,-0.00038639800000000004
0.918681,-0.000447998
0.9176059999999999,-0.000436798
0.916532,-0.0006495970000000001
0.915457,-0.000655197
0.914383,-0.0006831970000000001
0.913308,-0.0008679960000000001
0.912234,-0.000845596
0.9111589999999999,-0.000946395
0.9100849999999999,-0.001041595
0.90901,-0.0010135950000000002
0.907936,-0.0011031950000000002
0.9068609999999999,-0.0012095940000000003
0.905787,-0.0012039940000000001
0.904713,-0.001327194
0.9036379999999999,-0.001377593
0.9025639999999999,-0.0013663940000000002
0.901489,-0.0015063930000000002
0.900415,-0.0015063930000000002
0.8993399999999999,-0.001511993
0.898266,-0.001623992
0.897191,-0.0016295920000000002
0.8961169999999999,-0.001640792
0.895042,-0.0017583920000000001
0.893968,-0.0017135920000000001
0.8928929999999999,-0.0018367910000000002
0.8918189999999999,-0.0019319909999999999
0.890744,-0.0019263910000000004
0.88967,-0.0019991910000000004
0.8885949999999999,-0.00208319
0.887521,-0.00208879
0.886446,-0.0022511900000000006
0.8853719999999999,-0.00226239
0.884297,-0.0022735900000000002
0.883223,-0.0024471890000000002
0.8821479999999999,-0.002435989
0.8810739999999999,-0.002463989
0.879999,-0.0025535880000000003
0.878925,-0.002536788
0.8778499999999999,-0.002620788
0.876776,-0.002727188
0.875702,-0.002682388
0.8746269999999999,-0.002816787
0.8735529999999999,-0.0028727870000000003
0.872478,-0.002822387
0.871404,-0.0029455870000000004
0.8703289999999999,-0.0029511870000000005
0.869255,-0.0029567870000000002
0.86818,-0.003102386
0.8671059999999999,-0.0030631860000000003
0.866031,-0.0030855860000000004
0.864957,-0.003180786
0.8638819999999999,-0.003147186
0.8628079999999999,-0.0031919860000000004
0.861733,-0.0032647850000000005
0.860659,-0.0032311850000000006
0.859584,-0.0033095850000000003
0.85851,-0.0034159850000000003
0.857435,-0.0033655850000000004
0.8563609999999999,-0.0035111840000000005
0.855286,-0.003533584
0.854212,-0.003527984
0.8531369999999999,-0.0037015830000000005
0.852063,-0.0036735830000000002
0.850988,-0.003690383
0.849914,-0.003835983
0.8488399999999999,-0.0038135830000000006
0.847765,-0.003863983
0.846691,-0.003947982
0.8456159999999999,-0.003925582
0.844542,-0.004031982
0.843467,-0.004076782000000001
0.842393,-0.004048782000000001
0.841318,-0.004194381
0.840244,-0.004171981000000001
0.8391689999999999,-0.004166381
0.8380949999999999,-0.004295181
0.83702,-0.004261581
0.835946,-0.004323181000000001
0.8348709999999999,-0.004423980000000001
0.833797,-0.0043679800000000005
0.832722,-0.00441838
0.8316479999999999,-0.00451358
0.830573,-0.00445198
0.829499,-0.00453598
0.8284239999999999,-0.00458638
0.8273499999999999,-0.00451358
0.826275,-0.004636779000000001
0.825201,-0.004636779000000001
0.8241259999999999,-0.004659179
0.823052,-0.004771179
0.821978,-0.004765579
0.8209029999999999,-0.004793579
0.8198289999999999,-0.004927978
0.818754,-0.004871978
0.81768,-0.004972778000000001
0.8166049999999999,-0.005062377000000001
0.815531,-0.0050231780000000005
0.814456,-0.005151977
0.8133819999999999,-0.005219177
0.812307,-0.005151977
0.811233,-0.005297576
0.8101579999999999,-0.005331176000000001
0.8090839999999999,-0.005325576
0.808009,-0.005465576000000001
0.806935,-0.005454376
0.8058599999999999,-0.005471176
0.804786,-0.005566375
0.803711,-0.0055607750000000004
0.8026369999999999,-0.005588775000000001
0.801562,-0.005695175
0.800488,-0.005633575
0.7994129999999999,-0.005734374
0.7983389999999999,-0.005807174
0.797264,-0.005751174
0.79619,-0.0058463740000000005
0.795115,-0.0058799740000000005
0.794041,-0.0058463740000000005
0.792967,-0.005963973
0.7918919999999999,-0.005952774
0.7908179999999999,-0.005952774
0.789743,-0.006137573
0.788669,-0.0060535730000000005
0.787594,-0.006148773000000001
0.78652,-0.006243972
0.785445,-0.006187972000000001
0.7843709999999999,-0.006305572000000001
0.783296,-0.006428771000000001
0.782222,-0.006378372
0.7811469999999999,-0.0065127710000000005
0.780073,-0.006540771
0.778998,-0.0065463710000000005
0.777924,-0.0066863700000000005
0.776849,-0.0066863700000000005
0.775775,-0.00671437
0.7746999999999999,-0.006843170000000001
0.7736259999999999,-0.006831970000000001
0.772551,-0.006831970000000001
0.771477,-0.006977569
0.7704019999999999,-0.006943969000000001
0.769328,-0.0070223690000000005
0.768253,-0.007095169000000001
0.7671789999999999,-0.0070391690000000005
0.766104,-0.007173568000000001
0.76503,-0.007207168
0.7639549999999999,-0.007184768000000001
0.7628809999999999,-0.007324768000000001
0.761807,-0.007313568
0.760732,-0.007302368
0.7596579999999999,-0.007442367000000001
0.758583,-0.007397567000000001
0.757509,-0.007447967000000001
0.7564339999999999,-0.007548766
0.7553599999999999,-0.007515165999999999
0.754285,-0.007615967000000001
0.753211,-0.0077223660000000005
0.7521359999999999,-0.007688766
0.751062,-0.007845565
0.749987,-0.007940764000000001
0.7489129999999999,-0.007890365
0.747838,-0.008024764
0.746764,-0.008091964
0.7456889999999999,-0.008075165
0.7446149999999999,-0.008282363000000001
0.74354,-0.008243163000000001
0.742466,-0.008327163000000002
0.7413909999999999,-0.008450362000000001
0.740317,-0.008416763
0.739242,-0.008506363
0.7381679999999999,-0.008623962
0.737093,-0.008601562
0.736019,-0.008730362
0.734945,-0.008769561
0.7338699999999999,-0.008775161
0.732796,-0.00890956
0.731721,-0.00894316
0.7306469999999999,-0.008959961
0.729572,-0.009088760000000001
0.728498,-0.009083160000000002
0.7274229999999999,-0.009127960000000001
0.726349,-0.009273559
0.725274,-0.009228759
0.7242,-0.009318359000000002
0.723125,-0.009407959
0.722051,-0.009402358
0.720976,-0.009547958
0.7199019999999999,-0.009637558000000001
0.718827,-0.009654357
0.717753,-0.009788757
0.7166779999999999,-0.009855956
0.715604,-0.009867157
0.714529,-0.010074356000000001
0.713455,-0.010079956000000001
0.71238,-0.010147155000000001
0.711306,-0.010303954
0.710231,-0.010298354000000001
0.7091569999999999,-0.010443954000000002
0.708083,-0.010555953
0.707008,-0.010561553
0.705934,-0.010718352
0.704859,-0.010779952
0.703785,-0.010813553000000002
0.70271,-0.010964752000000001
0.7016359999999999,-0.011009551000000001
0.700561,-0.011043151
0.699487,-0.011216750000000001
0.6984119999999999,-0.011250351
0.697338,-0.011306351000000001
0.696263,-0.011479949000000001
0.695189,-0.011435150000000002
0.694114,-0.011569549
0.69304,-0.011703949
0.6919649999999999,-0.011675948000000002
0.6908909999999999,-0.011838348000000002
0.689816,-0.011916748000000001
0.688742,-0.011883148
0.6876669999999999,-0.012062347000000001
0.686593,-0.012202347
0.685518,-0.012235946000000001
0.6844439999999999,-0.012426345
0.683369,-0.012476745000000001
0.682295,-0.012577544000000001
0.6812199999999999,-0.012784744
0.6801459999999999,-0.012795944000000002
0.679072,-0.012963943
0.677997,-0.013171142000000002
0.6769229999999999,-0.013171142000000002
0.675848,-0.013378341
0.674774,-0.013495940000000001
0.6736989999999999,-0.013501540000000001
0.6726249999999999,-0.01370314
0.67155,-0.013820739000000002
0.670476,-0.013876739
0.669401,-0.014123138
0.668327,-0.014207137000000002
0.667252,-0.014274337000000002
0.6661779999999999,-0.014470337000000002
0.665103,-0.014543136000000002
0.664029,-0.014677535000000002
0.6629539999999999,-0.014873534000000002
0.66188,-0.014901535
0.660805,-0.015058334000000001
0.659731,-0.015243134000000002
0.658656,-0.015271132
0.657582,-0.015500732000000001
0.656507,-0.015595930000000001
0.6554329999999999,-0.015674332000000003
0.654358,-0.015926329000000003
0.653284,-0.01599913
0.6522089999999999,-0.016133529000000004
0.651135,-0.016413527
0.650061,-0.016475127000000003
0.648986,-0.016682327
0.6479119999999999,-0.016900724000000002
0.646837,-0.016939926
0.645763,-0.017203124
0.6446879999999999,-0.017427124000000002
0.643614,-0.017527922
0.642539,-0.01780792
0.641465,-0.017942322000000004
0.64039,-0.018043122
0.639316,-0.018339918
0.638241,-0.018485520000000002
0.6371669999999999,-0.018614318
0.636092,-0.018916718000000003
0.635018,-0.019062316
0.6339429999999999,-0.019230316
0.632869,-0.019482314000000004
0.631794,-0.019616714
0.63072,-0.019829512000000004
0.629645,-0.020115112
0.628571,-0.020193512
0.6274959999999999,-0.020507110000000002
0.6264219999999999,-0.02069751
0.625347,-0.020843108000000003
0.624273,-0.021128708000000003
0.6231979999999999,-0.021313506000000003
0.622124,-0.021498306000000002
0.62105,-0.021806304000000002
0.6199749999999999,-0.021957502
0.6189009999999999,-0.022159102000000003
0.617826,-0.022523102000000003
0.616752,-0.022651900000000003
0.6156769999999999,-0.022993498
0.614603,-0.023329496
0.613528,-0.023469496000000003
0.6124539999999999,-0.023844694
0.611379,-0.024141494000000003
0.610305,-0.024365492000000002
0.6092299999999999,-0.024757490000000004
0.6081559999999999,-0.024998290000000003
0.607081,-0.025283888
0.606007,-0.025692686000000003
0.604932,-0.025894286000000002
0.603858,-0.026202284000000003
0.602783,-0.026627884
0.6017089999999999,-0.026801482
0.600634,-0.027238280000000004
0.59956,-0.02760228
0.5984849999999999,-0.027831876000000002
0.597411,-0.028263074000000003
0.596336,-0.028604674000000004
0.595262,-0.028867872000000003
0.5941879999999999,-0.029343870000000005
0.593113,-0.029618270000000002
0.592039,-0.030004668
0.5909639999999999,-0.030458264000000006
0.58989,-0.030721464000000004
0.588815,-0.031119062000000003
0.587741,-0.031595062
0.586666,-0.031914258
0.585592,-0.032351058
0.584517,-0.032832656
0.5834429999999999,-0.033224652
0.582368,-0.033711852
0.581294,-0.034159852000000004
0.5802189999999999,-0.034551848
0.579145,-0.03516224400000001
0.57807,-0.035565444
0.576996,-0.036030240000000005
0.575921,-0.03662384
0.574847,-0.037038236
0.573772,-0.037570236
0.5726979999999999,-0.038147032000000004
0.571623,-0.038578228000000006
0.570549,-0.039160628
0.5694739999999999,-0.039726224000000004
0.5684,-0.04019662
0.567326,-0.04080702
0.566251,-0.04135582000000001
0.5651769999999999,-0.04177581600000001
0.564102,-0.042369416
0.563028,-0.04290701200000001
0.5619529999999999,-0.043343812
0.560879,-0.044010208
0.559804,-0.044424604
0.55873,-0.044872604
0.557655,-0.045415800000000006
0.556581,-0.045751796000000004
0.5555059999999999,-0.046199796
0.5544319999999999,-0.046692596
0.553357,-0.046972596000000005
0.552283,-0.047386992
0.5512079999999999,-0.047790192
0.550134,-0.048008588000000005
0.549059,-0.048456588
0.5479849999999999,-0.048809388
0.54691,-0.049061384
0.545836,-0.050421652000000004
0.5447609999999999,-0.05096852400000001
0.5436869999999999,-0.05162476800000001
0.542612,-0.052718516
0.541538,-0.05381226
0.540463,-0.054468508000000006
0.539389,-0.055562252000000006
0.538314,-0.056546624000000004
0.5372399999999999,-0.057312244000000005
0.5361659999999999,-0.058734116
0.535091,-0.05960910800000001
0.534017,-0.06059348
0.532942,-0.062015348000000005
0.531868,-0.06267159600000001
0.530793,-0.064093464
0.5297189999999999,-0.065624704
0.528644,-0.066280956
0.52757,-0.0678122
0.5264949999999999,-0.06901531200000001
0.525421,-0.070109064
0.524346,-0.071530936
0.523272,-0.072843432
0.522197,-0.07415592
0.521123,-0.07579653600000001
0.520048,-0.07710903200000001
0.5189739999999999,-0.07864028
0.517899,-0.08028088800000001
0.516825,-0.081593384
0.5157499999999999,-0.083343384
0.514676,-0.085093368
0.513601,-0.08651524000000001
0.512527,-0.088483976
0.511452,-0.09023397600000001
0.510378,-0.09176521600000001
0.509304,-0.093843336
0.5082289999999999,-0.09548395200000001
0.507155,-0.09745268800000001
0.50608,-0.09985892800000001
0.505006,-0.10139
0.503931,-0.103577
0.502857,-0.10598300000000001
0.501782,-0.107952
0.5007079999999999,-0.110249
0.499633,-0.112765
0.498559,-0.114733
0.497484,-0.117468
0.49640999999999996,-0.11998299999999999
0.49533499999999997,-0.12217099999999999
0.49426099999999995,-0.125124
0.49318599999999996,-0.127749
0.492112,-0.130374
0.491037,-0.133983
0.489963,-0.13638999999999998
0.488888,-0.139452
0.48781399999999997,-0.142843
0.486739,-0.145577
0.48566499999999996,-0.14907700000000002
0.48458999999999997,-0.152686
0.483516,-0.155749
0.48244099999999995,-0.159577
0.481367,-0.163296
0.48029299999999997,-0.167014
0.479218,-0.17128000000000002
0.47814399999999996,-0.17543599999999998
0.47706899999999997,-0.179374
0.475995,-0.184296
0.47491999999999995,-0.18856099999999998
0.473846,-0.193155
0.472771,-0.198405
0.471697,-0.20321699999999998
0.470622,-0.20879499999999998
0.46954799999999997,-0.21426399999999998
0.468473,-0.219514
0.46739899999999995,-0.22585799999999998
0.46632399999999996,-0.231983
0.46525,-0.23778
0.464175,-0.244561
0.463101,-0.251561
0.462026,-0.258233
0.460952,-0.265889
0.459877,-0.273217
0.45880299999999996,-0.281201
0.45772799999999997,-0.289733
0.456654,-0.298045
0.45557899999999996,-0.307123
0.454505,-0.316639
0.45343,-0.325936
0.452356,-0.336326
0.45128199999999996,-0.346935
0.45020699999999997,-0.357764
0.449133,-0.369576
0.44805799999999996,-0.381717
0.446984,-0.394076
0.445909,-0.407966
0.444835,-0.42152900000000004
0.44376,-0.435966
0.44268599999999997,-0.451607
0.441611,-0.46724699999999997
0.44053699999999996,-0.48419999999999996
0.43946199999999996,-0.502029
0.438388,-0.5202939999999999
0.437313,-0.540091
0.436239,-0.560763
0.435164,-0.581872
0.43409,-0.6051690000000001
0.433015,-0.6290119999999999
0.43194099999999996,-0.65395
0.43086599999999997,-0.681075
0.429792,-0.708746
0.42871699999999996,-0.738606
0.427643,-0.769668
0.426568,-0.801496
0.425494,-0.835511
0.42441999999999996,-0.871058
0.42334499999999997,-0.90748
0.422271,-0.945761
0.42119599999999996,-0.9846980000000001
0.420122,-1.026589
0.419047,-1.068589
0.417973,-1.111245
0.416898,-1.1552129999999998
0.41582399999999997,-1.200494
0.414749,-1.246431
0.41367499999999996,-1.2932439999999998
0.41259999999999997,-1.341806
0.411526,-1.390368
0.41045099999999995,-1.440899
0.409377,-1.491868
0.408302,-1.5426179999999998
0.407228,-1.5948989999999998
0.406153,-1.6476169999999999
0.40507899999999997,-1.699898
0.404004,-1.7541479999999998
0.40292999999999995,-1.806648
0.40185499999999996,-1.858929
0.400781,-1.9112099999999999
0.399706,-1.9621779999999998
0.398632,-2.0142409999999997
0.397557,-2.0628029999999997
0.396483,-2.109615
0.39540899999999995,-2.1542399999999997
0.39433399999999996,-2.196677
0.39326,-2.236052
0.392185,-2.272364
0.391111,-2.303427
0.390036,-2.330552
0.388962,-2.354177
0.387887,-2.3712389999999997
0.38681299999999996,-2.383489
0.38573799999999997,-2.390489
0.384664,-2.390489
0.38358899999999996,-2.385239
0.382515,-2.374301
0.38144,-2.355489
0.380366,-2.331864
0.379291,-2.302114
0.37821699999999997,-2.265364
0.377142,-2.2251149999999997
0.37606799999999996,-2.17874
0.37499299999999997,-2.125803
0.373919,-2.070678
0.372844,-2.0107399999999997
0.37177,-1.9473029999999998
0.370695,-1.882991
0.369621,-1.815179
0.368546,-1.746929
0.36747199999999997,-1.67868
0.366398,-1.6091170000000001
0.365323,-1.540868
0.364249,-1.47393
0.363174,-1.4078680000000001
0.3621,-1.344431
0.361025,-1.283619
0.35995099999999997,-1.224557
0.358876,-1.168557
0.357802,-1.114745
0.35672699999999996,-1.063995
0.355653,-1.0171819999999998
0.354578,-0.9721199999999999
0.353504,-0.9301200000000001
0.352429,-0.891183
0.351355,-0.8535579999999999
0.35028,-0.8189960000000001
0.34920599999999996,-0.787059
0.34813099999999997,-0.7564339999999999
0.347057,-0.727559
0.345982,-0.700871
0.344908,-0.6750590000000001
0.343833,-0.651434
0.342759,-0.628684
0.341684,-0.606372
0.34060999999999997,-0.5862470000000001
0.339536,-0.5661219999999999
0.338461,-0.546872
0.337387,-0.528497
0.336312,-0.510122
0.335238,-0.492622
0.334163,-0.47643499999999994
0.33308899999999997,-0.45937199999999995
0.332014,-0.44405999999999995
0.33094,-0.42874799999999996
0.32986499999999996,-0.413435
0.328791,-0.399873
0.327716,-0.387185
0.326642,-0.373185
0.325567,-0.361373
0.324493,-0.34956000000000004
0.323418,-0.33906
0.32234399999999996,-0.328998
0.32126899999999997,-0.319373
0.320195,-0.310186
0.31911999999999996,-0.302311
0.318046,-0.29399800000000004
0.316971,-0.28699800000000003
0.315897,-0.28043599999999996
0.314822,-0.273873
0.31374799999999997,-0.26818600000000004
0.312673,-0.26249799999999995
0.31159899999999996,-0.256811
0.310525,-0.252873
0.30945,-0.247623
0.308376,-0.24324800000000002
0.307301,-0.23974800000000002
0.30622699999999997,-0.235811
0.305152,-0.232311
0.30407799999999996,-0.22924799999999998
0.30300299999999997,-0.22487300000000002
0.301929,-0.222249
0.300854,-0.219186
0.29978,-0.21612399999999998
0.298705,-0.213499
0.297631,-0.211311
0.296556,-0.208249
0.29548199999999997,-0.206061
0.294407,-0.203874
0.293333,-0.200811
0.29225799999999996,-0.199499
0.291184,-0.196874
0.290109,-0.194249
0.289035,-0.192936
0.28796,-0.19074899999999997
0.286886,-0.18899899999999997
0.285811,-0.18724899999999997
0.28473699999999996,-0.185061
0.283663,-0.183311
0.282588,-0.18243600000000001
0.281514,-0.180249
0.280439,-0.178936
0.279365,-0.178061
0.27829,-0.175874
0.27721599999999996,-0.17543599999999998
0.27614099999999997,-0.174124
0.275067,-0.172374
0.273992,-0.17193599999999998
0.272918,-0.170624
0.271843,-0.16974899999999998
0.270769,-0.169311
0.269694,-0.16799899999999998
0.26861999999999997,-0.166686
0.267545,-0.166249
0.266471,-0.164936
0.26539599999999997,-0.164499
0.264322,-0.164061
0.263247,-0.163186
0.262173,-0.162749
0.261098,-0.161874
0.260024,-0.160561
0.258949,-0.160561
0.25787499999999997,-0.159249
0.2568,-0.159249
0.255726,-0.158811
0.254652,-0.157936
0.253577,-0.157499
0.252503,-0.157061
0.251428,-0.155311
0.25035399999999997,-0.155311
0.249279,-0.15487399999999998
0.24820499999999998,-0.15312399999999998
0.24713,-0.15312399999999998
0.246056,-0.152249
0.24498099999999998,-0.150936
0.24390699999999998,-0.150499
0.242832,-0.148749
0.241758,-0.14787399999999998
0.24068299999999998,-0.14743599999999998
0.239609,-0.145686
0.238534,-0.14524900000000002
0.23745999999999998,-0.143936
0.23638499999999998,-0.142186
0.235311,-0.141749
0.234236,-0.140436
0.23316199999999998,-0.138686
0.232087,-0.138249
0.231013,-0.136499
0.22993799999999998,-0.135186
0.22886399999999998,-0.13474899999999998
0.227789,-0.13256099999999998
0.226715,-0.13124899999999998
0.22564099999999998,-0.13081099999999998
0.224566,-0.12906099999999998
0.223492,-0.127749
0.222417,-0.12687400000000001
0.22134299999999998,-0.124686
0.220268,-0.12424899999999998
0.219194,-0.123374
0.21811899999999998,-0.12118600000000002
0.217045,-0.120749
0.21597,-0.11943599999999999
0.214896,-0.117686
0.21382099999999998,-0.11724899999999999
0.212747,-0.11549899999999999
0.211672,-0.114186
0.21059799999999998,-0.11374899999999999
0.209523,-0.11243600000000001
0.208449,-0.111124
0.207374,-0.111124
0.20629999999999998,-0.109374
0.205225,-0.10893699999999999
0.204151,-0.108499
0.20307599999999998,-0.106749
0.202002,-0.106749
0.200927,-0.105874
0.199853,-0.10456199999999999
0.19877799999999998,-0.104999
0.197704,-0.10368699999999999
0.19663,-0.102374
0.19555499999999998,-0.102812
0.194481,-0.101499
0.193406,-0.101062
0.192332,-0.101499
0.19125699999999998,-0.099749552
0.190183,-0.09931205600000001
0.189108,-0.099749552
0.18803399999999998,-0.098437064
0.186959,-0.098437064
0.185885,-0.09887456800000001
0.18481,-0.09712456800000001
0.18373599999999998,-0.09799956800000001
0.182661,-0.09668707200000001
0.181587,-0.09624956800000001
0.18051199999999998,-0.09668707200000001
0.179438,-0.09581207200000001
0.178363,-0.095374576
0.177289,-0.09581207200000001
0.17621399999999998,-0.09449958400000001
0.17514,-0.09493708000000001
0.174065,-0.09493708000000001
0.172991,-0.093843336
0.17191599999999999,-0.09428083200000001
0.170842,-0.09406208
0.169768,-0.092968336
0.16869299999999998,-0.09428083200000001
0.167619,-0.093843336
0.166544,-0.09274958400000001
0.16547,-0.09362458400000001
0.16439499999999999,-0.09274958400000001
0.163321,-0.092968336
0.162246,-0.093187088
0.16117199999999998,-0.09209334400000001
0.160097,-0.09274958400000001
0.159023,-0.09274958400000001
0.157948,-0.092312088
0.15687399999999999,-0.09209334400000001
0.155799,-0.09209334400000001
0.154725,-0.09165584000000002
0.15364999999999998,-0.09165584000000002
0.152576,-0.09143709600000001
0.151501,-0.09034335200000002
0.150427,-0.09143709600000001
0.14935199999999998,-0.09056209600000001
0.148278,-0.09012460000000001
0.147203,-0.090780848
0.14612899999999998,-0.08924960000000001
0.145054,-0.08924960000000001
0.14398,-0.08924960000000001
0.142905,-0.088155856
0.14183099999999998,-0.088812104
0.140757,-0.08859336000000001
0.139682,-0.08706211200000001
0.13860799999999998,-0.08793711200000001
0.137533,-0.086843368
0.136459,-0.08640587200000001
0.135384,-0.086843368
0.13430999999999998,-0.085749616
0.133235,-0.08531212
0.132161,-0.085749616
0.13108599999999998,-0.084437128
0.130012,-0.08399963200000002
0.128937,-0.08465587200000001
0.127863,-0.083562128
0.12678799999999998,-0.083780872
0.125714,-0.083562128
0.124639,-0.082249632
0.123565,-0.08290588800000001
0.12248999999999999,-0.08268712800000001
0.121416,-0.08137464
0.12034099999999999,-0.08181213600000001
0.119267,-0.08115588800000001
0.11819199999999999,-0.08049964
0.117118,-0.08093714400000002
0.116043,-0.07984340000000001
0.11496899999999999,-0.079624648
0.113894,-0.08006214400000002
0.11281999999999999,-0.078749648
0.111746,-0.07896840000000001
0.11067099999999999,-0.07918714400000001
0.109597,-0.07743716
0.108522,-0.078312152
0.107448,-0.07787465600000001
0.106373,-0.07634341600000001
0.10529899999999999,-0.077218408
0.104224,-0.076124664
0.10314999999999999,-0.07568716
0.102075,-0.07656216
0.101001,-0.07524966400000001
0.099926736,-0.07524966400000001
0.098852256,-0.07546841600000001
0.09777777600000001,-0.074374672
0.09670329600000001,-0.07481216800000001
0.095628816,-0.07459341600000001
0.094554336,-0.07306217599999999
0.093479848,-0.074374672
0.092405368,-0.07393717600000001
0.09133089600000001,-0.07328092000000001
0.09025640800000001,-0.073718424
0.08918192800000001,-0.072843432
0.088107448,-0.07262468000000001
0.087032968,-0.073499672
0.08595848,-0.072187176
0.084884,-0.07174968000000001
0.08380952800000001,-0.07262468000000001
0.08273504000000001,-0.07109343200000001
0.08166056000000001,-0.07109343200000001
0.08058607200000001,-0.07109343200000001
0.0795116,-0.069999688
0.07843712,-0.070874688
0.077362632,-0.07021843200000001
0.07628816000000001,-0.06934344800000002
0.07521367200000001,-0.07021843200000001
0.074139192,-0.06934344800000002
0.073064712,-0.06846844800000002
0.071990232,-0.069999688
0.070915752,-0.06846844800000002
0.069841264,-0.068030952
0.068766784,-0.06868719200000001
0.067692312,-0.067593448
0.066617824,-0.068030952
0.065543348,-0.068249696
0.06446886,-0.06693720400000001
0.063394384,-0.067593448
0.062319900000000004,-0.067593448
0.06124542,-0.066499704
0.060170940000000006,-0.066718452
0.05909646,-0.066499704
0.058021976,-0.06584346
0.056947496,-0.067155952
0.055873016000000005,-0.066062208
0.054798532000000004,-0.065624704
0.053724056000000006,-0.066499704
0.052649572000000006,-0.06474971600000001
0.051575092,-0.06540596000000001
0.050500608,-0.065624704
0.049426128,-0.06431221200000001
0.048351648000000004,-0.06474971600000001
0.047277168,-0.06474971600000001
0.046202684,-0.06343722
0.045128204000000005,-0.06431221200000001
0.044053724,-0.06343722
0.04297924,-0.06343722
0.041904764000000004,-0.06387471600000001
0.040830280000000004,-0.062780972
0.0397558,-0.06234347600000001
0.038681316,-0.06343722
0.037606836000000005,-0.06212472
0.036532356,-0.06234347600000001
0.035457876,-0.062562224
0.034383392,-0.06081222800000001
0.033308912,-0.06212472
0.03223443,-0.06168722800000001
0.031159950000000002,-0.06103097600000001
0.030085470000000003,-0.06146848
0.029010988,-0.06146848
0.027936508000000002,-0.06059348
0.026862028000000003,-0.06146848
0.025787546,-0.060374732
0.024713064,-0.06015598400000001
0.023638584,-0.06103097600000001
0.022564102000000003,-0.059718484
0.02148962,-0.05993723200000001
0.020415140000000002,-0.06059348
0.019340658,-0.059062236000000004
0.018266178,-0.05993723200000001
0.017191696,-0.05993723200000001
0.016117215,-0.058405992000000004
0.015042735000000002,-0.059718484
0.013968254000000001,-0.059062236000000004
0.012893773,-0.058405992000000004
0.011819292,-0.059499736000000004
0.01074481,-0.057968492
0.009670329,-0.057749744
0.008595848,-0.059062236000000004
0.007521367,-0.05753099600000001
0.006446886000000001,-0.05753099600000001
0.005372405,-0.058405992000000004
0.004297924,-0.05709349600000001
0.0032234430000000003,-0.05753099600000001
0.002148962,-0.057312244000000005
0.001074481,-0.05643725200000001
0.0,-0.05709349600000001
-0.001074481,-0.056656
-0.002148962,-0.05599975200000001
-0.0032234430000000003,-0.05709349600000001
-0.004297924,-0.056218500000000005
-0.005372405,-0.055562252000000006
-0.006446886000000001,-0.056656
-0.007521367,-0.055562252000000006
-0.008595848,-0.055781004
-0.009670329,-0.05643725200000001
-0.01074481,-0.055343504
-0.011819292,-0.055781004
-0.012893773,-0.055781004
-0.013968254000000001,-0.055124752000000006
-0.015042735000000002,-0.055562252000000006
-0.016117215,-0.055124752000000006
-0.017191696,-0.054468508000000006
-0.018266178,-0.055562252000000006
-0.019340658,-0.054468508000000006
-0.020415140000000002,-0.054031012
-0.02148962,-0.055124752000000006
-0.022564102000000003,-0.054031012
-0.023638584,-0.05381226
-0.024713064,-0.05468726
-0.025787546,-0.05315601200000001
-0.026862028000000003,-0.05337476
-0.027936508000000002,-0.054031012
-0.029010988,-0.052718516
-0.030085470000000003,-0.05359351200000001
-0.031159950000000002,-0.05315601200000001
-0.03223443,-0.052281016
-0.033308912,-0.05359351200000001
-0.034383392,-0.052718516
-0.035457876,-0.052281016
-0.036532356,-0.05315601200000001
-0.037606836000000005,-0.05206226800000001
-0.038681316,-0.05249976800000001
-0.0397558,-0.052937268
-0.040830280000000004,-0.051406020000000004
-0.041904764000000004,-0.05206226800000001
-0.04297924,-0.052718516
-0.044053724,-0.050749776
-0.045128204000000005,-0.051843520000000004
-0.046202684,-0.052281016
-0.047277168,-0.051187276000000004
-0.048351648000000004,-0.05162476800000001
-0.049426128,-0.05162476800000001
-0.050500608,-0.051187276000000004
-0.051575092,-0.05206226800000001
-0.052649572000000006,-0.05096852400000001
-0.053724056000000006,-0.05053102400000001
-0.054798532000000004,-0.051187276000000004
-0.055873016000000005,-0.050093528000000005
-0.056947496,-0.050749776
-0.058021976,-0.05096852400000001
-0.05909646,-0.049656028000000005
-0.060170940000000006,-0.05053102400000001
-0.06124542,-0.050749776
-0.062319900000000004,-0.049437284000000005
-0.063394384,-0.050749776
-0.06446886,-0.049874776
-0.065543348,-0.048999784000000005
-0.066617824,-0.050093528000000005
-0.067692312,-0.048999784000000005
-0.068766784,-0.049218532
-0.069841264,-0.049656028000000005
-0.070915752,-0.048781032
-0.071990232,-0.049218532
-0.073064712,-0.049656028000000005
-0.074139192,-0.048124784000000004
-0.07521367200000001,-0.049218532
-0.07628816000000001,-0.049437284000000005
-0.077362632,-0.048343536000000006
-0.07843712,-0.049218532
-0.0795116,-0.049218532
-0.08058607200000001,-0.047906036000000006
-0.08166056000000001,-0.049656028000000005
-0.08273504000000001,-0.048781032
-0.08380952800000001,-0.048124784000000004
-0.084884,-0.048562284000000004
-0.08595848,-0.047468540000000004
-0.087032968,-0.048781032
-0.088107448,-0.048124784000000004
-0.08918192800000001,-0.047468540000000004
-0.09025640800000001,-0.048124784000000004
-0.09133089600000001,-0.047687288
-0.092405368,-0.046593544
-0.093479848,-0.047687288
-0.094554336,-0.04703104
-0.095628816,-0.046593544
-0.09670329600000001,-0.047906036000000006
-0.09777777600000001,-0.046593544
-0.098852256,-0.046156044
-0.099926736,-0.04703104
-0.101001,-0.04582792000000001
-0.102075,-0.04582792000000001
-0.10314999999999999,-0.046812292000000005
-0.104224,-0.044952928
-0.10529899999999999,-0.046374792000000005
-0.106373,-0.04626542000000001
-0.107448,-0.044843548000000004
-0.108522,-0.045937296
-0.109597,-0.04549980000000001
-0.11067099999999999,-0.044843548000000004
-0.111746,-0.046046672000000004
-0.11281999999999999,-0.045062300000000007
-0.113894,-0.045062300000000007
-0.11496899999999999,-0.04582792000000001
-0.116043,-0.044187304000000004
-0.117118,-0.044515428
-0.11819199999999999,-0.045609172
-0.119267,-0.043968556000000006
-0.12034099999999999,-0.045062300000000007
-0.121416,-0.044952928
-0.12248999999999999,-0.04385918
-0.123565,-0.044515428
-0.124639,-0.044515428
-0.125714,-0.043421684
-0.12678799999999998,-0.044296680000000005
-0.127863,-0.043312308
-0.128937,-0.043312308
-0.130012,-0.044843548000000004
-0.13108599999999998,-0.043531056000000005
-0.132161,-0.042984184
-0.133235,-0.044077928
-0.13430999999999998,-0.042327936000000004
-0.135384,-0.043421684
-0.136459,-0.043640428
-0.137533,-0.042546684
-0.13860799999999998,-0.043421684
-0.139682,-0.043202936000000004
-0.140757,-0.042327936000000004
-0.14183099999999998,-0.043421684
-0.142905,-0.042874808
-0.14398,-0.042109188000000006
-0.145054,-0.043312308
-0.14612899999999998,-0.041890436
-0.147203,-0.041671692
-0.148278,-0.042984184
-0.14935199999999998,-0.041781064
-0.150427,-0.042218564
-0.151501,-0.042546684
-0.152576,-0.041124816
-0.15364999999999998,-0.042218564
-0.154725,-0.041781064
-0.155799,-0.041562316
-0.15687399999999999,-0.042109188000000006
-0.157948,-0.040796692
-0.159023,-0.041562316
-0.160097,-0.041781064
-0.16117199999999998,-0.041452944000000005
-0.162246,-0.041343564000000006
-0.163321,-0.041452944000000005
-0.16439499999999999,-0.04024982
-0.16547,-0.041015444000000005
-0.166544,-0.041890436
-0.167619,-0.040359196
-0.16869299999999998,-0.041234192
-0.169768,-0.040796692
-0.170842,-0.040906068000000004
-0.17191599999999999,-0.041562316
-0.172991,-0.040796692
-0.174065,-0.040796692
-0.17514,-0.041781064
-0.17621399999999998,-0.041015444000000005
-0.177289,-0.041015444000000005
-0.178363,-0.041343564000000006
-0.179438,-0.04046857200000001
-0.18051199999999998,-0.04068732
-0.181587,-0.042327936000000004
-0.182661,-0.040577944000000005
-0.18373599999999998,-0.041452944000000005
-0.18481,-0.041343564000000006
-0.185885,-0.04046857200000001
-0.186959,-0.041562316
-0.18803399999999998,-0.041124816
-0.189108,-0.040906068000000004
-0.190183,-0.041890436
-0.19125699999999998,-0.041234192
-0.192332,-0.04068732
-0.193406,-0.041234192
-0.194481,-0.040796692
-0.19555499999999998,-0.040577944000000005
-0.19663,-0.041781064
-0.197704,-0.040906068000000004
-0.19877799999999998,-0.041124816
-0.199853,-0.041781064
