Time (s),Potential (V),Current (uA)
0.0,-0.199853,0.027999876000000003
0.009879557,-0.18964499999999998,0.017499922
0.019759114,-0.179438,0.013999938000000002
0.029638672,-0.16923,0.013999938000000002
0.039518228,-0.159023,0.013999938000000002
0.049397788000000005,-0.148815,0.013999938000000002
0.059277348,-0.13860799999999998,0.013999938000000002
0.069156904,-0.1284,0.013999938000000002
0.079036464,-0.11819199999999999,0.017499922
0.08891602400000001,-0.107985,0.017499922
0.098795584,-0.09777777600000001,0.017499922
0.108675,-0.08757020800000001,0.020999908000000005
0.11855399999999999,-0.077362632,0.020999908000000005
0.128434,-0.067155064,0.020999908000000005
0.138313,-0.056947496,0.024499892000000002
0.148193,-0.046739924,0.027999876000000003
0.158072,-0.036532356,0.027999876000000003
0.167952,-0.026324786000000003,0.03149986
0.177832,-0.016117215,0.034999844
0.187711,-0.005909646,0.03849982800000001
0.197591,0.004297924,0.04199981600000001
0.20747,0.014505494,0.04199981600000001
0.21735,0.024713064,0.04549980000000001
0.227229,0.034920632,0.048999784000000005
0.237109,0.045128204000000005,0.05599975200000001
0.24698799999999999,0.055335776,0.059499736000000004
0.256868,0.065543348,0.06299972
0.266748,0.07575092,0.066499704
0.276627,0.08595848,0.069999688
0.286507,0.096166048,0.07699965600000001
0.296386,0.106373,0.08049964
0.306266,0.11658099999999999,0.087499616
0.316145,0.12678799999999998,0.09449958400000001
0.326025,0.136996,0.09799956800000001
0.335904,0.147203,0.104999
0.345784,0.157411,0.11549899999999999
0.355664,0.167619,0.122499
0.365543,0.17782599999999998,0.12949899999999998
0.375423,0.18803399999999998,0.136499
0.385302,0.198241,0.14699900000000002
0.395182,0.208449,0.157499
0.405061,0.218656,0.16799899999999998
0.414941,0.22886399999999998,0.178499
0.424821,0.23907199999999998,0.192499
0.4347,0.249279,0.202999
0.44458,0.25948699999999997,0.213499
0.454459,0.269694,0.23099799999999998
0.464339,0.279902,0.244998
0.474218,0.290109,0.25899799999999995
0.484098,0.300317,0.276498
0.493977,0.310525,0.297498
0.503857,0.32073199999999996,0.314998
0.513737,0.33094,0.33599799999999996
0.523616,0.341147,0.360498
0.533496,0.351355,0.384998
0.5433749999999999,0.361562,0.412998
0.5532549999999999,0.37177,0.440998
0.563134,0.38197699999999996,0.475997
0.573014,0.392185,0.510997
0.582893,0.402393,0.549497
0.592773,0.41259999999999997,0.584497
0.602652,0.42280799999999996,0.626497
0.612532,0.433015,0.6649970000000001
0.6224109999999999,0.443223,0.703496
0.6322909999999999,0.45343,0.741996
0.64217,0.463638,0.776996
0.65205,0.473846,0.811996
0.661929,0.48405299999999996,0.846996
0.671809,0.49426099999999995,0.881996
0.681689,0.504468,0.9169949999999999
0.691568,0.514676,0.951995
0.701448,0.524883,0.993995
0.7113269999999999,0.535091,1.035995
0.7212069999999999,0.545299,1.0849950000000002
0.731086,0.5555059999999999,1.137494
0.740966,0.5657139999999999,1.200494
0.750845,0.575921,1.273994
0.760725,0.586129,1.357993
0.770604,0.596336,1.459493
0.780484,0.606544,1.578492
0.7903629999999999,0.616752,1.7149919999999998
0.8002429999999999,0.6269589999999999,1.879491
0.810122,0.6371669999999999,2.07199
0.820002,0.647374,2.299489
0.829881,0.657582,2.5654879999999998
0.839761,0.667789,2.876987
0.849641,0.677997,3.237485
0.85952,0.688205,3.650483
0.8694,0.6984119999999999,4.122981
0.8792789999999999,0.7086199999999999,4.658479
0.8891589999999999,0.718827,5.253476
0.899038,0.729035,5.918473
0.908918,0.739242,6.63247
0.918797,0.74945,7.388467
0.928677,0.7596579999999999,8.165463
0.938556,0.7698649999999999,8.92146
0.948436,0.780073,9.628457000000001
0.9583149999999999,0.79028,10.219954
0.9681949999999999,0.800488,10.646952
0.978074,0.8106949999999999,10.881451
0.987954,0.8209029999999999,10.937451
0.997833,0.8311109999999999,10.842952
1.0077129999999999,0.841318,10.639952000000001
1.017593,0.851526,10.352953000000001
1.027472,0.861733,10.013455
1.037352,0.871941,9.628457000000001
1.047231,0.8821479999999999,9.222458999999999
1.057111,0.8923559999999999,8.812961
1.066991,0.9025639999999999,8.410461999999999
1.07687,0.8923559999999999,6.156471999999999
1.0867499999999999,0.8821479999999999,4.640979
1.0966289999999999,0.871941,3.583984
1.106509,0.861733,2.820987
1.1163889999999999,0.851526,2.25399
1.126268,0.841318,1.826991
1.136148,0.8311109999999999,1.494493
1.146027,0.8209029999999999,1.238994
1.155907,0.8106949999999999,1.032495
1.165786,0.800488,0.867996
1.1756659999999999,0.79028,0.734996
1.185546,0.780073,0.619497
1.195425,0.7698649999999999,0.528497
1.2053049999999998,0.7596579999999999,0.454997
1.215184,0.74945,0.388498
1.225064,0.739242,0.332498
1.234944,0.729035,0.29049800000000003
1.244823,0.718827,0.255498
1.254703,0.7086199999999999,0.213499
1.2645819999999999,0.6984119999999999,0.185499
1.274462,0.688205,0.17149899999999998
1.2843419999999999,0.677997,0.136499
1.2942209999999998,0.667789,0.118999
1.304101,0.657582,0.101499
1.31398,0.647374,0.087499616
1.32386,0.6371669999999999,0.069999688
1.333739,0.6269589999999999,0.059499736000000004
1.343619,0.616752,0.048999784000000005
1.353499,0.606544,0.034999844
1.363378,0.596336,0.024499892000000002
1.3732579999999999,0.586129,0.013999938000000002
1.3831369999999998,0.575921,0.0034999840000000003
1.393017,0.5657139999999999,-0.0034999840000000003
1.4028969999999998,0.5555059999999999,-0.013999938000000002
1.412776,0.545299,-0.024499892000000002
1.422656,0.535091,-0.034999844
1.432535,0.524883,-0.048999784000000005
1.442415,0.514676,-0.066499704
1.452295,0.504468,-0.07699965600000001
1.4621739999999999,0.49426099999999995,-0.09449958400000001
1.472054,0.48405299999999996,-0.11549899999999999
1.481933,0.473846,-0.139999
1.4918129999999998,0.463638,-0.16799899999999998
1.501692,0.45343,-0.195999
1.511572,0.443223,-0.23099799999999998
1.521452,0.433015,-0.276498
1.531331,0.42280799999999996,-0.325498
1.5412109999999999,0.41259999999999997,-0.38149799999999995
1.5510899999999999,0.402393,-0.45149700000000004
1.56097,0.392185,-0.5319969999999999
1.5708499999999999,0.38197699999999996,-0.629997
1.5807289999999998,0.37177,-0.7524959999999999
1.590609,0.361562,-0.899495
1.600488,0.351355,-1.077995
1.610368,0.341147,-1.298494
1.620248,0.33094,-1.567993
1.6301269999999999,0.32073199999999996,-1.9039909999999998
1.640007,0.310525,-2.316989
1.649886,0.300317,-2.813987
1.6597659999999999,0.290109,-3.3984840000000003
1.6696449999999998,0.279902,-4.0634809999999995
1.679525,0.269694,-4.770478
1.6894049999999998,0.25948699999999997,-5.459975
1.699284,0.249279,-6.033972
1.709164,0.23907199999999998,-6.390971
1.7190429999999999,0.22886399999999998,-6.432971
1.728923,0.218656,-6.177472
1.7388029999999999,0.208449,-5.648974
1.7486819999999998,0.198241,-4.952477
1.758562,0.18803399999999998,-4.171981
1.768441,0.17782599999999998,-3.3844849999999997
1.7783209999999998,0.167619,-2.663488
1.788201,0.157411,-2.0579899999999998
1.79808,0.147203,-1.560993
1.80796,0.136996,-1.151494
1.817839,0.12678799999999998,-0.825996
1.8277189999999999,0.11658099999999999,-0.587997
1.8375979999999998,0.106373,-0.440998
1.847478,0.096166048,-0.353498
1.8573579999999998,0.08595848,-0.307998
1.8672369999999998,0.07575092,-0.283498
1.877117,0.065543348,-0.272998
1.886996,0.055335776,-0.272998
1.896876,0.045128204000000005,-0.279998
1.906756,0.034920632,-0.28699800000000003
1.9166349999999999,0.024713064,-0.297498
1.926515,0.014505494,-0.307998
1.936394,0.004297924,-0.318498
1.9462739999999998,-0.005909646,-0.328998
1.956154,-0.016117215,-0.33949799999999997
1.966033,-0.026324786000000003,-0.349998
1.9759129999999998,-0.036532356,-0.360498
1.985792,-0.046739924,-0.370998
1.995672,-0.056947496,-0.38149799999999995
2.005551,-0.067155064,-0.388498
2.015431,-0.077362632,-0.402498
2.025311,-0.08757020800000001,-0.40949800000000003
2.03519,-0.09777777600000001,-0.419998
2.04507,-0.107985,-0.426998
2.0549489999999997,-0.11819199999999999,-0.433998
2.064829,-0.1284,-0.444498
2.074709,-0.13860799999999998,-0.45149700000000004
2.084588,-0.148815,-0.458497
2.094468,-0.159023,-0.465497
2.1043469999999997,-0.16923,-0.465497
2.114227,-0.179438,-0.468997
2.124107,-0.18964499999999998,-0.468997
2.1339859999999997,-0.199853,-0.468997
2.143866,-0.18964499999999998,-0.23099799999999998
2.153745,-0.179438,-0.11549899999999999
2.1636249999999997,-0.16923,-0.04199981600000001
2.173505,-0.159023,0.0034999840000000003
2.1833839999999998,-0.148815,0.03849982800000001
2.193264,-0.13860799999999998,0.06299972
2.203143,-0.1284,0.08399963200000002
2.2130229999999997,-0.11819199999999999,0.101499
2.222902,-0.107985,0.11549899999999999
2.232782,-0.09777777600000001,0.125999
2.2426619999999997,-0.08757020800000001,0.13299899999999998
2.252541,-0.077362632,0.14349900000000002
2.262421,-0.067155064,0.150499
2.2723,-0.056947496,0.153999
2.28218,-0.046739924,0.160999
2.2920599999999998,-0.036532356,0.164499
2.301939,-0.026324786000000003,0.17149899999999998
2.311819,-0.016117215,0.174999
2.321698,-0.005909646,0.181999
2.331578,0.004297924,0.18899899999999997
2.341458,0.014505494,0.192499
2.351337,0.024713064,0.199499
2.361217,0.034920632,0.206499
2.371096,0.045128204000000005,0.213499
2.380976,0.055335776,0.216999
2.390856,0.065543348,0.220499
2.400735,0.07575092,0.220499
2.410615,0.08595848,0.223999
2.4204939999999997,0.096166048,0.223999
2.430374,0.106373,0.22749799999999998
2.440253,0.11658099999999999,0.22749799999999998
2.4501329999999997,0.12678799999999998,0.22749799999999998
2.460013,0.136996,0.22749799999999998
2.4698919999999998,0.147203,0.23099799999999998
2.479772,0.157411,0.23099799999999998
2.489651,0.167619,0.23099799999999998
2.4995309999999997,0.17782599999999998,0.23099799999999998
2.509411,0.18803399999999998,0.22749799999999998
2.51929,0.198241,0.22749799999999998
2.5291699999999997,0.208449,0.223999
2.539049,0.218656,0.223999
2.548929,0.22886399999999998,0.220499
2.5588089999999997,0.23907199999999998,0.216999
2.568688,0.249279,0.213499
2.5785679999999997,0.25948699999999997,0.209999
2.588447,0.269694,0.206499
2.598327,0.279902,0.202999
2.608206,0.290109,0.199499
2.618086,0.300317,0.195999
2.627966,0.310525,0.195999
2.637845,0.32073199999999996,0.192499
2.647725,0.33094,0.192499
2.657604,0.341147,0.18899899999999997
2.667484,0.351355,0.192499
2.677364,0.361562,0.192499
2.687243,0.37177,0.195999
2.697123,0.38197699999999996,0.199499
2.7070019999999997,0.392185,0.206499
2.716882,0.402393,0.213499
2.726762,0.41259999999999997,0.220499
2.7366409999999997,0.42280799999999996,0.23099799999999998
2.746521,0.433015,0.241498
2.7563999999999997,0.443223,0.251998
2.76628,0.45343,0.26249799999999995
2.776159,0.463638,0.276498
2.7860389999999997,0.473846,0.29049800000000003
2.795919,0.48405299999999996,0.300998
2.805798,0.49426099999999995,0.314998
2.8156779999999997,0.504468,0.325498
2.825557,0.514676,0.33949799999999997
2.8354369999999998,0.524883,0.349998
2.8453169999999997,0.535091,0.363998
2.855196,0.545299,0.37449799999999994
2.8650759999999997,0.5555059999999999,0.384998
2.874955,0.5657139999999999,0.402498
2.884835,0.575921,0.416498
2.8947149999999997,0.586129,0.433998
2.904594,0.596336,0.454997
2.914474,0.606544,0.475997
2.924353,0.616752,0.503997
2.934233,0.6269589999999999,0.538997
2.944112,0.6371669999999999,0.577497
2.953992,0.647374,0.626497
2.963872,0.657582,0.6789959999999999
2.973751,0.667789,0.745496
2.983631,0.677997,0.825996
2.9935099999999997,0.688205,0.920495
3.00339,0.6984119999999999,1.032495
3.01327,0.7086199999999999,1.168994
3.0231489999999996,0.718827,1.3334940000000002
3.033029,0.729035,1.532993
3.0429079999999997,0.739242,1.774492
3.052788,0.74945,2.0579899999999998
3.062668,0.7596579999999999,2.3974889999999998
3.0725469999999997,0.7698649999999999,2.789487
3.082427,0.780073,3.237485
3.0923059999999998,0.79028,3.7414829999999997
3.1021859999999997,0.800488,4.30148
3.112065,0.8106949999999999,4.896478
3.1219449999999997,0.8209029999999999,5.5264750000000005
3.1318249999999996,0.8311109999999999,6.1669719999999995
3.141704,0.841318,6.793469
3.1515839999999997,0.851526,7.388467
3.161463,0.861733,7.909964
3.171343,0.871941,8.319462
3.1812229999999997,0.8821479999999999,8.592461
3.191102,0.8923559999999999,8.707961000000001
3.2009819999999998,0.9025639999999999,8.655461
3.210861,0.8923559999999999,6.355970999999999
3.220741,0.8821479999999999,4.731979
3.2306209999999997,0.871941,3.583984
3.2405,0.861733,2.764987
3.25038,0.851526,2.15949
3.260259,0.841318,1.711492
3.270139,0.8311109999999999,1.371993
3.2800179999999997,0.8209029999999999,1.1059949999999998
3.289898,0.8106949999999999,0.899495
3.299778,0.800488,0.738496
3.309657,0.79028,0.605497
3.319537,0.780073,0.5004970000000001
3.3294159999999997,0.7698649999999999,0.416498
3.339296,0.7596579999999999,0.34299799999999997
3.349176,0.74945,0.28699800000000003
3.3590549999999997,0.739242,0.241498
3.368935,0.729035,0.199499
3.3788139999999998,0.718827,0.164499
3.3886939999999997,0.7086199999999999,0.139999
3.398574,0.6984119999999999,0.118999
3.4084529999999997,0.688205,0.09099960000000001
3.418333,0.677997,0.08049964
3.428212,0.667789,0.066499704
3.4380919999999997,0.657582,0.05249976800000001
3.447971,0.647374,0.04199981600000001
3.457851,0.6371669999999999,0.034999844
3.4677309999999997,0.6269589999999999,0.024499892000000002
3.47761,0.616752,0.010499954000000002
3.4874899999999998,0.606544,0.006999969000000001
3.497369,0.596336,0.0
3.507249,0.586129,-0.006999969000000001
3.5171289999999997,0.575921,-0.013999938000000002
3.527008,0.5657139999999999,-0.027999876000000003
3.536888,0.5555059999999999,-0.03849982800000001
3.546767,0.545299,-0.04549980000000001
3.556647,0.535091,-0.06299972
3.566527,0.524883,-0.07699965600000001
3.576406,0.514676,-0.087499616
3.586286,0.504468,-0.108499
3.596165,0.49426099999999995,-0.12949899999999998
3.606045,0.48405299999999996,-0.14699900000000002
3.6159239999999997,0.473846,-0.174999
3.625804,0.463638,-0.202999
3.635684,0.45343,-0.23449799999999998
3.6455629999999997,0.443223,-0.272998
3.655443,0.433015,-0.321998
3.6653219999999997,0.42280799999999996,-0.37449799999999994
3.6752019999999996,0.41259999999999997,-0.437498
3.685082,0.402393,-0.514497
3.6949609999999997,0.392185,-0.608997
3.704841,0.38197699999999996,-0.720996
3.71472,0.37177,-0.8574959999999999
3.7245999999999997,0.361562,-1.021995
3.73448,0.351355,-1.2214939999999999
3.7443589999999998,0.341147,-1.4699929999999999
3.7542389999999997,0.33094,-1.767492
3.764118,0.32073199999999996,-2.13149
3.7739979999999997,0.310525,-2.5654879999999998
3.783877,0.300317,-3.065986
3.793757,0.290109,-3.622483
3.8036369999999997,0.279902,-4.206981
3.813516,0.269694,-4.766978
3.823396,0.25948699999999997,-5.235976
3.833275,0.249279,-5.522975000000001
3.843155,0.23907199999999998,-5.557975
3.8530349999999998,0.22886399999999998,-5.295476
3.862914,0.218656,-4.763479
3.872794,0.208449,-4.038981000000001
3.882673,0.198241,-3.247985
3.892553,0.18803399999999998,-2.519988
3.902433,0.17782599999999998,-1.9319909999999998
3.912312,0.167619,-1.508493
3.922192,0.157411,-1.224994
3.9320709999999996,0.147203,-1.0429950000000001
3.941951,0.136996,-0.920495
3.9518299999999997,0.12678799999999998,-0.846996
3.9617099999999996,0.11658099999999999,-0.797996
3.97159,0.106373,-0.769996
3.9814689999999997,0.096166048,-0.7489959999999999
3.991349,0.08595848,-0.734996
4.001228,0.07575092,-0.720996
4.011108,0.065543348,-0.710496
4.020987,0.055335776,-0.699996
4.030867,0.045128204000000005,-0.689496
4.040747,0.034920632,-0.6789959999999999
4.050625999999999,0.024713064,-0.671997
4.060506,0.014505494,-0.661497
4.070385,0.004297924,-0.650997
4.080265,-0.005909646,-0.643997
4.090144,-0.016117215,-0.636997
4.1000239999999994,-0.026324786000000003,-0.633497
4.109904,-0.036532356,-0.629997
4.119783,-0.046739924,-0.626497
4.129663,-0.056947496,-0.622997
4.139542,-0.067155064,-0.612497
4.1494219999999995,-0.077362632,-0.608997
4.159301999999999,-0.08757020800000001,-0.601997
4.169181,-0.09777777600000001,-0.5949969999999999
4.179061,-0.107985,-0.587997
4.18894,-0.11819199999999999,-0.580997
4.1988199999999996,-0.1284,-0.577497
4.208699999999999,-0.13860799999999998,-0.570497
4.218579,-0.148815,-0.566997
4.228459,-0.159023,-0.559997
4.238338,-0.16923,-0.552997
4.248218,-0.179438,-0.545997
4.2580979999999995,-0.18964499999999998,-0.538997
4.267977,-0.199853,-0.528497
4.277857,-0.18964499999999998,-0.25899799999999995
4.287736,-0.179438,-0.14349900000000002
4.297616,-0.16923,-0.07699965600000001
4.3074959999999995,-0.159023,-0.027999876000000003
4.317375,-0.148815,0.0034999840000000003
4.327255,-0.13860799999999998,0.027999876000000003
4.337134,-0.1284,0.05249976800000001
4.347014,-0.11819199999999999,0.069999688
4.3568929999999995,-0.107985,0.087499616
4.366773,-0.09777777600000001,0.104999
4.376653,-0.08757020800000001,0.11549899999999999
4.386532,-0.077362632,0.125999
4.396412,-0.067155064,0.136499
4.4062909999999995,-0.056947496,0.14349900000000002
4.416170999999999,-0.046739924,0.150499
4.426051,-0.036532356,0.157499
4.43593,-0.026324786000000003,0.16799899999999998
4.44581,-0.016117215,0.174999
4.455689,-0.005909646,0.178499
4.4655689999999995,0.004297924,0.185499
4.475449,0.014505494,0.192499
4.485328,0.024713064,0.199499
4.495208,0.034920632,0.202999
4.505087,0.045128204000000005,0.206499
4.5149669999999995,0.055335776,0.209999
4.524846,0.065543348,0.213499
4.534726,0.07575092,0.213499
4.544606,0.08595848,0.209999
4.554485,0.096166048,0.209999
4.564365,0.106373,0.209999
4.574244,0.11658099999999999,0.209999
4.584124,0.12678799999999998,0.206499
4.594004,0.136996,0.202999
4.603883,0.147203,0.202999
4.613763,0.157411,0.199499
4.623641999999999,0.167619,0.195999
4.633522,0.17782599999999998,0.192499
4.643402,0.18803399999999998,0.18899899999999997
4.653281,0.198241,0.181999
4.663161,0.208449,0.178499
4.673039999999999,0.218656,0.174999
4.68292,0.22886399999999998,0.17149899999999998
4.6928,0.23907199999999998,0.164499
4.702679,0.249279,0.160999
4.712559,0.25948699999999997,0.157499
4.7224379999999995,0.269694,0.153999
4.732317999999999,0.279902,0.150499
4.742197,0.290109,0.14699900000000002
4.752077,0.300317,0.14699900000000002
4.761957,0.310525,0.14349900000000002
4.7718359999999995,0.32073199999999996,0.14349900000000002
4.781715999999999,0.33094,0.14699900000000002
4.791595,0.341147,0.14349900000000002
4.801475,0.351355,0.14699900000000002
4.811355,0.361562,0.150499
4.821234,0.37177,0.157499
4.8311139999999995,0.38197699999999996,0.160999
4.840993,0.392185,0.17149899999999998
4.850873,0.402393,0.178499
4.860753,0.41259999999999997,0.192499
4.870632,0.42280799999999996,0.206499
4.8805119999999995,0.433015,0.220499
4.890391,0.443223,0.237998
4.900271,0.45343,0.251998
4.91015,0.463638,0.26949799999999996
4.92003,0.473846,0.28699800000000003
4.92991,0.48405299999999996,0.304498
4.939789,0.49426099999999995,0.321998
4.949669,0.504468,0.33599799999999996
4.959548,0.514676,0.353498
4.969428,0.524883,0.367498
4.979308,0.535091,0.38149799999999995
4.989186999999999,0.545299,0.395498
4.999067,0.5555059999999999,0.40949800000000003
5.008946,0.5657139999999999,0.423498
5.018826,0.575921,0.437498
5.028706,0.586129,0.454997
5.038584999999999,0.596336,0.472497
5.048465,0.606544,0.493497
5.058344,0.616752,0.514497
5.068224,0.6269589999999999,0.542497
5.078103,0.6371669999999999,0.573997
5.0879829999999995,0.647374,0.608997
5.097862999999999,0.657582,0.650997
5.107742,0.667789,0.703496
5.117622,0.677997,0.759496
5.127501,0.688205,0.832996
5.1373809999999995,0.6984119999999999,0.920495
5.147260999999999,0.7086199999999999,1.021995
5.15714,0.718827,1.147994
5.16702,0.729035,1.301994
5.176899,0.739242,1.483993
5.186779,0.74945,1.704492
5.1966589999999995,0.7596579999999999,1.9634909999999999
5.206538,0.7698649999999999,2.267989
5.216418,0.780073,2.621488
5.226297,0.79028,3.023986
5.236177,0.800488,3.475484
5.246055999999999,0.8106949999999999,3.9689819999999996
5.255936,0.8209029999999999,4.504479
5.265816,0.8311109999999999,5.067977
5.275695,0.841318,5.652474
5.285575,0.851526,6.243972
5.295453999999999,0.861733,6.814469
5.305333999999999,0.871941,7.332467
5.315214,0.8821479999999999,7.766465
5.325093,0.8923559999999999,8.091963
5.334973,0.9025639999999999,8.270461999999998
5.3448519999999995,0.8923559999999999,6.191472
5.354731999999999,0.8821479999999999,4.661979
5.364612,0.871941,3.5524839999999998
5.374491,0.861733,2.7439869999999997
5.384371,0.851526,2.1454899999999997
5.3942499999999995,0.841318,1.697492
5.404129999999999,0.8311109999999999,1.354493
5.414009,0.8209029999999999,1.088495
5.423889,0.8106949999999999,0.881996
5.433769,0.800488,0.717496
5.443648,0.79028,0.587997
5.4535279999999995,0.780073,0.482997
5.463407,0.7698649999999999,0.395498
5.473287,0.7596579999999999,0.325498
5.483167,0.74945,0.26949799999999996
5.493046,0.739242,0.223999
5.5029259999999995,0.729035,0.181999
5.512805,0.718827,0.14699900000000002
5.522685,0.7086199999999999,0.125999
5.532565,0.6984119999999999,0.09799956800000001
5.542444,0.688205,0.08049964
5.552324,0.677997,0.069999688
5.562202999999999,0.667789,0.05249976800000001
5.572083,0.657582,0.03849982800000001
5.581962,0.647374,0.027999876000000003
5.591842,0.6371669999999999,0.020999908000000005
5.601722,0.6269589999999999,0.010499954000000002
5.611600999999999,0.616752,0.0
5.621481,0.606544,0.0
5.63136,0.596336,-0.006999969000000001
5.64124,0.586129,-0.017499922
5.65112,0.575921,-0.024499892000000002
5.6609989999999994,0.5657139999999999,-0.03149986
5.670878999999999,0.5555059999999999,-0.04199981600000001
5.680758,0.545299,-0.05249976800000001
5.690638,0.535091,-0.06299972
5.700518,0.524883,-0.07699965600000001
5.7103969999999995,0.514676,-0.09099960000000001
5.720276999999999,0.504468,-0.111999
5.730156,0.49426099999999995,-0.13299899999999998
5.740036,0.48405299999999996,-0.14699900000000002
5.749915,0.473846,-0.174999
5.7597949999999996,0.463638,-0.202999
5.769674999999999,0.45343,-0.237998
5.779554,0.443223,-0.276498
5.789434,0.433015,-0.321998
5.799313,0.42280799999999996,-0.37449799999999994
5.809193,0.41259999999999997,-0.437498
5.8190729999999995,0.402393,-0.5179969999999999
5.828952,0.392185,-0.608997
5.838832,0.38197699999999996,-0.720996
5.848711,0.37177,-0.8574959999999999
5.858591,0.361562,-1.021995
5.8684709999999995,0.351355,-1.2214939999999999
5.878349999999999,0.341147,-1.4664929999999998
5.88823,0.33094,-1.760492
5.898109,0.32073199999999996,-2.12099
5.907989,0.310525,-2.544488
5.9178679999999995,0.300317,-3.030986
5.927747999999999,0.290109,-3.566484
5.937628,0.279902,-4.122981
5.947507,0.269694,-4.651479
5.957387,0.25948699999999997,-5.081977
5.9672659999999995,0.249279,-5.333976000000001
5.977145999999999,0.23907199999999998,-5.333976000000001
5.987025999999999,0.22886399999999998,-5.050477
5.996905,0.218656,-4.51498
6.006785,0.208449,-3.7974829999999997
6.016664,0.198241,-3.034486
6.0265439999999995,0.18803399999999998,-2.348489
6.036423999999999,0.17782599999999998,-1.809491
6.046303,0.167619,-1.431493
6.056183,0.157411,-1.1829939999999999
6.066062,0.147203,-1.025495
6.0759419999999995,0.136996,-0.927495
6.085821,0.12678799999999998,-0.874996
6.095701,0.11658099999999999,-0.8434959999999999
6.105581,0.106373,-0.825996
6.11546,0.096166048,-0.8189960000000001
6.12534,0.08595848,-0.815496
6.135218999999999,0.07575092,-0.811996
6.145099,0.065543348,-0.804996
6.154979,0.055335776,-0.801496
6.164858,0.045128204000000005,-0.790996
6.174738,0.034920632,-0.780496
6.184616999999999,0.024713064,-0.766496
6.194497,0.014505494,-0.7524959999999999
6.204377,0.004297924,-0.741996
6.214256,-0.005909646,-0.731496
6.224136,-0.016117215,-0.720996
6.234014999999999,-0.026324786000000003,-0.713996
6.243894999999999,-0.036532356,-0.706996
6.253774,-0.046739924,-0.696496
6.263654,-0.056947496,-0.682496
6.273534,-0.067155064,-0.6649970000000001
6.2834129999999995,-0.077362632,-0.650997
6.293292999999999,-0.08757020800000001,-0.636997
6.303172,-0.09777777600000001,-0.622997
6.313052,-0.107985,-0.612497
6.322932,-0.11819199999999999,-0.601997
6.3328109999999995,-0.1284,-0.5949969999999999
6.342690999999999,-0.13860799999999998,-0.580997
6.35257,-0.148815,-0.577497
6.36245,-0.159023,-0.570497
6.37233,-0.16923,-0.556497
6.382209,-0.179438,-0.549497
6.3920889999999995,-0.18964499999999998,-0.538997
6.401968,-0.199853,-0.528497
6.411848,-0.18964499999999998,-0.272998
6.421727,-0.179438,-0.17149899999999998
6.431607,-0.16923,-0.108499
6.4414869999999995,-0.159023,-0.059499736000000004
6.451365999999999,-0.148815,-0.024499892000000002
6.461246,-0.13860799999999998,0.0
6.471125,-0.1284,0.024499892000000002
6.481005,-0.11819199999999999,0.04549980000000001
6.490885,-0.107985,0.06299972
6.500763999999999,-0.09777777600000001,0.08049964
6.510644,-0.08757020800000001,0.09449958400000001
6.520523,-0.077362632,0.104999
6.530403,-0.067155064,0.11549899999999999
6.540283,-0.056947496,0.122499
6.550161999999999,-0.046739924,0.13299899999999998
6.560041999999999,-0.036532356,0.139999
6.569921,-0.026324786000000003,0.14699900000000002
6.579801,-0.016117215,0.153999
6.5896799999999995,-0.005909646,0.160999
6.599559999999999,0.004297924,0.17149899999999998
6.609439999999999,0.014505494,0.178499
6.619319,0.024713064,0.181999
6.629199,0.034920632,0.185499
6.639078,0.045128204000000005,0.192499
6.6489579999999995,0.055335776,0.192499
6.658837999999999,0.065543348,0.192499
6.668717,0.07575092,0.192499
6.678597,0.08595848,0.192499
6.688476,0.096166048,0.18899899999999997
6.6983559999999995,0.106373,0.18899899999999997
6.708235999999999,0.11658099999999999,0.185499
6.718115,0.12678799999999998,0.185499
6.727995,0.136996,0.181999
6.737874,0.147203,0.178499
6.747754,0.157411,0.174999
6.757632999999999,0.167619,0.17149899999999998
6.767513,0.17782599999999998,0.16799899999999998
6.777393,0.18803399999999998,0.160999
6.787272,0.198241,0.160999
6.797152,0.208449,0.153999
6.807030999999999,0.218656,0.150499
6.816910999999999,0.22886399999999998,0.14699900000000002
6.826791,0.23907199999999998,0.14349900000000002
6.83667,0.249279,0.139999
6.84655,0.25948699999999997,0.139999
6.856428999999999,0.269694,0.136499
6.866308999999999,0.279902,0.13299899999999998
6.876189,0.290109,0.13299899999999998
6.886068,0.300317,0.12949899999999998
6.895948,0.310525,0.125999
6.9058269999999995,0.32073199999999996,0.12949899999999998
6.915706999999999,0.33094,0.12949899999999998
6.925586,0.341147,0.12949899999999998
6.935466,0.351355,0.13299899999999998
6.945346,0.361562,0.136499
6.9552249999999995,0.37177,0.14349900000000002
6.965104999999999,0.38197699999999996,0.150499
6.974984,0.392185,0.160999
6.984864,0.402393,0.174999
6.994744,0.41259999999999997,0.185499
7.004623,0.42280799999999996,0.202999
7.0145029999999995,0.433015,0.220499
7.024382,0.443223,0.237998
7.034262,0.45343,0.25899799999999995
7.044142,0.463638,0.279998
7.054021,0.473846,0.300998
7.0639009999999995,0.48405299999999996,0.321998
7.073779999999999,0.49426099999999995,0.34299799999999997
7.08366,0.504468,0.360498
7.093539,0.514676,0.38149799999999995
7.103419,0.524883,0.398998
7.113299,0.535091,0.416498
7.123177999999999,0.545299,0.433998
7.133058,0.5555059999999999,0.447998
7.142937,0.5657139999999999,0.461997
7.152817,0.575921,0.47949699999999995
7.162697,0.586129,0.49699699999999997
7.172575999999999,0.596336,0.510997
7.182455999999999,0.606544,0.5319969999999999
7.192335,0.616752,0.552997
7.202215,0.6269589999999999,0.577497
7.212095,0.6371669999999999,0.608997
7.2219739999999994,0.647374,0.640497
7.231853999999999,0.657582,0.6789959999999999
7.241733,0.667789,0.727996
7.251613,0.677997,0.780496
7.261493,0.688205,0.846996
7.2713719999999995,0.6984119999999999,0.927495
7.281251999999999,0.7086199999999999,1.021995
7.291131,0.718827,1.137494
7.301011,0.729035,1.277494
7.31089,0.739242,1.445493
7.3207699999999996,0.74945,1.648492
7.3306499999999994,0.7596579999999999,1.886491
7.340529,0.7698649999999999,2.16299
7.350409,0.780073,2.4884880000000003
7.360288,0.79028,2.8559870000000003
7.370168,0.800488,3.265485
7.3800479999999995,0.8106949999999999,3.716983
7.389926999999999,0.8209029999999999,4.203481
7.399807,0.8311109999999999,4.7214789999999995
7.409686,0.841318,5.263976
7.419566,0.851526,5.813474
7.4294459999999996,0.861733,6.359471
7.439324999999999,0.871941,6.866969
7.449205,0.8821479999999999,7.314967
7.459084,0.8923559999999999,7.671964999999999
7.468964,0.9025639999999999,7.909964
7.4788429999999995,0.8923559999999999,5.967472999999999
7.488722999999999,0.8821479999999999,4.51498
7.498602999999999,0.871941,3.4544840000000003
7.508482,0.861733,2.677488
7.518362,0.851526,2.0964899999999997
7.5282409999999995,0.841318,1.6589919999999998
7.538120999999999,0.8311109999999999,1.322994
7.548000999999999,0.8209029999999999,1.063995
7.55788,0.8106949999999999,0.860996
7.56776,0.800488,0.696496
7.577639,0.79028,0.570497
7.5875189999999995,0.780073,0.465497
7.597398999999999,0.7698649999999999,0.38149799999999995
7.607278,0.7596579999999999,0.314998
7.617158,0.74945,0.25899799999999995
7.627037,0.739242,0.213499
7.6369169999999995,0.729035,0.174999
7.646795999999999,0.718827,0.139999
7.656676,0.7086199999999999,0.11549899999999999
7.666556,0.6984119999999999,0.09449958400000001
7.676435,0.688205,0.073499672
7.686315,0.677997,0.06299972
7.696193999999999,0.667789,0.048999784000000005
7.706074,0.657582,0.034999844
7.715954,0.647374,0.020999908000000005
7.725833,0.6371669999999999,0.017499922
7.735713,0.6269589999999999,0.006999969000000001
7.745591999999999,0.616752,0.0
7.755471999999999,0.606544,-0.0034999840000000003
7.765352,0.596336,-0.010499954000000002
7.775231,0.586129,-0.020999908000000005
7.785111,0.575921,-0.024499892000000002
7.794989999999999,0.5657139999999999,-0.034999844
7.804869999999999,0.5555059999999999,-0.04199981600000001
7.814749,0.545299,-0.05249976800000001
7.824629,0.535091,-0.066499704
7.834509,0.524883,-0.08049964
7.8443879999999995,0.514676,-0.09099960000000001
7.854267999999999,0.504468,-0.111999
7.864147,0.49426099999999995,-0.13299899999999998
7.874027,0.48405299999999996,-0.150499
7.883907,0.473846,-0.174999
7.8937859999999995,0.463638,-0.206499
7.903665999999999,0.45343,-0.237998
7.913545,0.443223,-0.276498
7.923425,0.433015,-0.321998
7.933305,0.42280799999999996,-0.37799799999999995
7.943184,0.41259999999999997,-0.437498
7.9530639999999995,0.402393,-0.5179969999999999
7.962942999999999,0.392185,-0.608997
7.972823,0.38197699999999996,-0.720996
7.982702,0.37177,-0.8574959999999999
7.992582,0.361562,-1.021995
8.002462,0.351355,-1.2214939999999999
8.012341,0.341147,-1.4664929999999998
8.022219999999999,0.33094,-1.763992
8.032098999999999,0.32073199999999996,-2.12099
8.041978,0.310525,-2.544488
8.051857,0.300317,-3.0274859999999997
8.061736,0.290109,-3.559484
8.071615,0.279902,-4.112481
8.081495,0.269694,-4.630479
8.091374,0.25948699999999997,-5.050477
8.101253,0.249279,-5.2849759999999995
8.111132,0.23907199999999998,-5.270976
8.121011,0.22886399999999998,-4.973476999999999
8.130889999999999,0.218656,-4.423979999999999
8.140768999999999,0.208449,-3.7064829999999995
8.150648,0.198241,-2.946986
8.160527,0.18803399999999998,-2.274989
8.170406999999999,0.17782599999999998,-1.756992
8.180285999999999,0.167619,-1.396493
8.190165,0.157411,-1.165494
8.200044,0.147203,-1.021995
8.209923,0.136996,-0.937995
8.219802,0.12678799999999998,-0.8924960000000001
8.229681,0.11658099999999999,-0.8714959999999999
8.239559999999999,0.106373,-0.860996
8.249438999999999,0.096166048,-0.8644959999999999
8.259319,0.08595848,-0.8644959999999999
8.269198,0.07575092,-0.867996
8.279077,0.065543348,-0.8644959999999999
8.288955999999999,0.055335776,-0.860996
8.298835,0.045128204000000005,-0.8504959999999999
8.308714,0.034920632,-0.8364959999999999
8.318593,0.024713064,-0.8189960000000001
8.328472,0.014505494,-0.804996
8.338351,0.004297924,-0.787496
8.348231,-0.005909646,-0.776996
8.35811,-0.016117215,-0.766496
8.367989,-0.026324786000000003,-0.7559959999999999
8.377868,-0.036532356,-0.741996
8.387747,-0.046739924,-0.724496
8.397625999999999,-0.056947496,-0.706996
8.407505,-0.067155064,-0.682496
8.417385,-0.077362632,-0.6649970000000001
8.427264,-0.08757020800000001,-0.650997
8.437142999999999,-0.09777777600000001,-0.629997
8.447022,-0.107985,-0.619497
8.456901,-0.11819199999999999,-0.608997
8.46678,-0.1284,-0.598497
8.476659,-0.13860799999999998,-0.587997
8.486538,-0.148815,-0.577497
8.496417,-0.159023,-0.570497
8.506297,-0.16923,-0.552997
8.516176,-0.179438,-0.545997
8.526055,-0.18964499999999998,-0.535497
8.535934,-0.199853,-0.5249969999999999
8.545812999999999,-0.18964499999999998,-0.28699800000000003
8.555691999999999,-0.179438,-0.192499
8.565571,-0.16923,-0.13299899999999998
8.57545,-0.159023,-0.087499616
8.585329,-0.148815,-0.05249976800000001
8.595208999999999,-0.13860799999999998,-0.024499892000000002
8.605088,-0.1284,0.0
8.614967,-0.11819199999999999,0.020999908000000005
8.624846,-0.107985,0.03849982800000001
8.634725,-0.09777777600000001,0.05599975200000001
8.644604,-0.08757020800000001,0.073499672
8.654482999999999,-0.077362632,0.087499616
8.664361999999999,-0.067155064,0.09449958400000001
8.674241,-0.056947496,0.108499
8.684121,-0.046739924,0.11549899999999999
8.693999999999999,-0.036532356,0.122499
8.703878999999999,-0.026324786000000003,0.12949899999999998
8.713758,-0.016117215,0.139999
8.723637,-0.005909646,0.14699900000000002
8.733516,0.004297924,0.153999
8.743395,0.014505494,0.157499
8.753274,0.024713064,0.164499
8.763152999999999,0.034920632,0.17149899999999998
8.773033,0.045128204000000005,0.17149899999999998
8.782912,0.055335776,0.174999
8.792791,0.065543348,0.17149899999999998
8.802669999999999,0.07575092,0.17149899999999998
8.812548999999999,0.08595848,0.17149899999999998
8.822428,0.096166048,0.16799899999999998
8.832307,0.106373,0.16799899999999998
8.842186,0.11658099999999999,0.164499
8.852065,0.12678799999999998,0.164499
8.861945,0.136996,0.160999
8.871824,0.147203,0.160999
8.881703,0.157411,0.157499
8.891582,0.167619,0.153999
8.901461,0.17782599999999998,0.150499
8.91134,0.18803399999999998,0.14699900000000002
8.921218999999999,0.198241,0.14349900000000002
8.931098,0.208449,0.139999
8.940977,0.218656,0.136499
8.950857,0.22886399999999998,0.136499
8.960735999999999,0.23907199999999998,0.12949899999999998
8.970615,0.249279,0.12949899999999998
8.980494,0.25948699999999997,0.125999
8.990373,0.269694,0.125999
9.000252,0.279902,0.122499
9.010131,0.290109,0.122499
9.02001,0.300317,0.122499
9.029888999999999,0.310525,0.118999
9.039769,0.32073199999999996,0.122499
9.049648,0.33094,0.122499
9.059527,0.341147,0.122499
9.069405999999999,0.351355,0.125999
9.079284999999999,0.361562,0.13299899999999998
9.089164,0.37177,0.136499
9.099043,0.38197699999999996,0.14699900000000002
9.108922,0.392185,0.157499
9.118801999999999,0.402393,0.17149899999999998
9.128681,0.41259999999999997,0.18899899999999997
9.13856,0.42280799999999996,0.206499
9.148439,0.433015,0.223999
9.158318,0.443223,0.244998
9.168197,0.45343,0.26949799999999996
9.178075999999999,0.463638,0.29399800000000004
9.187954999999999,0.473846,0.318498
9.197834,0.48405299999999996,0.34299799999999997
9.207714,0.49426099999999995,0.367498
9.217592999999999,0.504468,0.384998
9.227471999999999,0.514676,0.40949800000000003
9.237351,0.524883,0.430498
9.24723,0.535091,0.447998
9.257109,0.545299,0.465497
9.266988,0.5555059999999999,0.47949699999999995
9.276867,0.5657139999999999,0.49699699999999997
9.286745999999999,0.575921,0.514497
9.296626,0.586129,0.528497
9.306505,0.596336,0.545997
9.316384,0.606544,0.566997
9.326262999999999,0.616752,0.587997
9.336141999999999,0.6269589999999999,0.612497
9.346021,0.6371669999999999,0.640497
9.3559,0.647374,0.671997
9.365779,0.657582,0.710496
9.375658,0.667789,0.7559959999999999
9.385538,0.677997,0.808496
9.395417,0.688205,0.874996
9.405296,0.6984119999999999,0.951995
9.415175,0.7086199999999999,1.046495
9.425054,0.718827,1.1584940000000001
9.434933,0.729035,1.294994
9.444811999999999,0.739242,1.4559929999999999
9.454691,0.74945,1.651992
9.46457,0.7596579999999999,1.882991
9.47445,0.7698649999999999,2.14899
9.484328999999999,0.780073,2.460489
9.494208,0.79028,2.8104869999999997
9.504087,0.800488,3.2024850000000002
9.513966,0.8106949999999999,3.629483
9.523845,0.8209029999999999,4.087981
9.533724,0.8311109999999999,4.581479
9.543603,0.841318,5.092477
9.553481999999999,0.851526,5.613975
9.563362,0.861733,6.131972
9.573241,0.871941,6.618469999999999
9.58312,0.8821479999999999,7.055968
9.592998999999999,0.8923559999999999,7.409466999999999
9.602877999999999,0.9025639999999999,7.661466
9.612757,0.8923559999999999,5.795974
9.622636,0.8821479999999999,4.3994800000000005
9.632515,0.871941,3.3739839999999997
9.642394,0.861733,2.6144879999999997
9.652274,0.851526,2.04749
9.662153,0.841318,1.620492
9.672032,0.8311109999999999,1.294994
9.681911,0.8209029999999999,1.039495
9.69179,0.8106949999999999,0.839996
9.701668999999999,0.800488,0.682496
9.711547999999999,0.79028,0.556497
9.721427,0.780073,0.454997
9.731306,0.7698649999999999,0.370998
9.741185999999999,0.7596579999999999,0.304498
9.751064999999999,0.74945,0.24849799999999997
9.760944,0.739242,0.206499
9.770823,0.729035,0.16799899999999998
9.780702,0.718827,0.136499
9.790581,0.7086199999999999,0.111999
9.80046,0.6984119999999999,0.09099960000000001
9.810338999999999,0.688205,0.069999688
9.820217999999999,0.677997,0.059499736000000004
9.830098,0.667789,0.04549980000000001
9.839977,0.657582,0.027999876000000003
9.849855999999999,0.647374,0.020999908000000005
9.859734999999999,0.6371669999999999,0.013999938000000002
9.869614,0.6269589999999999,0.006999969000000001
9.879493,0.616752,-0.0034999840000000003
9.889372,0.606544,-0.0034999840000000003
9.899251,0.596336,-0.013999938000000002
9.90913,0.586129,-0.024499892000000002
9.91901,0.575921,-0.027999876000000003
9.928889,0.5657139999999999,-0.034999844
9.938768,0.5555059999999999,-0.04549980000000001
9.948647,0.545299,-0.05599975200000001
9.958525999999999,0.535091,-0.066499704
9.968404999999999,0.524883,-0.08049964
9.978284,0.514676,-0.09449958400000001
9.988163,0.504468,-0.111999
9.998042,0.49426099999999995,-0.13299899999999998
10.007921999999999,0.48405299999999996,-0.150499
10.017801,0.473846,-0.178499
10.02768,0.463638,-0.206499
10.037559,0.45343,-0.237998
10.047438,0.443223,-0.276498
10.057317,0.433015,-0.325498
10.067196,0.42280799999999996,-0.37799799999999995
10.077074999999999,0.41259999999999997,-0.437498
10.086954,0.402393,-0.5179969999999999
10.096834,0.392185,-0.608997
10.106713,0.38197699999999996,-0.720996
10.116591999999999,0.37177,-0.8574959999999999
10.126470999999999,0.361562,-1.025495
10.13635,0.351355,-1.224994
10.146229,0.341147,-1.4699929999999999
10.156108,0.33094,-1.767492
10.165987,0.32073199999999996,-2.1244899999999998
10.175866,0.310525,-2.551488
10.185746,0.300317,-3.037986
10.195625,0.290109,-3.5699840000000003
10.205504,0.279902,-4.122981
10.215383,0.269694,-4.640979
10.225261999999999,0.25948699999999997,-5.053977
10.235140999999999,0.249279,-5.2849759999999995
10.24502,0.23907199999999998,-5.260476
10.254899,0.22886399999999998,-4.948978
10.264778,0.218656,-4.38898
10.274657999999999,0.208449,-3.657483
10.284537,0.198241,-2.897987
10.294416,0.18803399999999998,-2.2329899999999996
10.304295,0.17782599999999998,-1.7289919999999999
10.314174,0.167619,-1.382493
10.324053,0.157411,-1.161994
10.333931999999999,0.147203,-1.025495
10.343810999999999,0.136996,-0.948495
10.35369,0.12678799999999998,-0.9099949999999999
10.36357,0.11658099999999999,-0.895996
10.373448999999999,0.106373,-0.895996
10.383327999999999,0.096166048,-0.899495
10.393207,0.08595848,-0.9064949999999999
10.403086,0.07575092,-0.9099949999999999
10.412965,0.065543348,-0.9099949999999999
10.422844,0.055335776,-0.9064949999999999
10.432723,0.045128204000000005,-0.8924960000000001
10.442601999999999,0.034920632,-0.874996
10.452482,0.024713064,-0.853996
10.462361,0.014505494,-0.8364959999999999
10.47224,0.004297924,-0.8189960000000001
10.482118999999999,-0.005909646,-0.804996
10.491997999999999,-0.016117215,-0.794496
10.501877,-0.026324786000000003,-0.780496
10.511756,-0.036532356,-0.759496
10.521635,-0.046739924,-0.741996
10.531514,-0.056947496,-0.717496
10.541394,-0.067155064,-0.689496
10.551273,-0.077362632,-0.671997
10.561152,-0.08757020800000001,-0.654497
10.571031,-0.09777777600000001,-0.633497
10.58091,-0.107985,-0.622997
10.590789,-0.11819199999999999,-0.612497
10.600667999999999,-0.1284,-0.598497
10.610547,-0.13860799999999998,-0.587997
10.620426,-0.148815,-0.577497
10.630306,-0.159023,-0.566997
10.640184999999999,-0.16923,-0.552997
10.650063999999999,-0.179438,-0.542497
10.659943,-0.18964499999999998,-0.5319969999999999
10.669822,-0.199853,-0.521497
10.679701,-0.18964499999999998,-0.297498
10.68958,-0.179438,-0.209999
10.699459,-0.16923,-0.150499
10.709337999999999,-0.159023,-0.108499
10.719218,-0.148815,-0.073499672
10.729097,-0.13860799999999998,-0.048999784000000005
10.738976,-0.1284,-0.020999908000000005
10.748854999999999,-0.11819199999999999,0.0
10.758733999999999,-0.107985,0.017499922
10.768613,-0.09777777600000001,0.03849982800000001
10.778492,-0.08757020800000001,0.05599975200000001
10.788371,-0.077362632,0.069999688
10.79825,-0.067155064,0.08049964
10.80813,-0.056947496,0.09099960000000001
10.818009,-0.046739924,0.101499
10.827888,-0.036532356,0.104999
10.837767,-0.026324786000000003,0.11549899999999999
10.847646,-0.016117215,0.122499
10.857524999999999,-0.005909646,0.12949899999999998
10.867403999999999,0.004297924,0.13299899999999998
10.877283,0.014505494,0.14349900000000002
10.887162,0.024713064,0.14699900000000002
10.897041999999999,0.034920632,0.153999
10.906920999999999,0.045128204000000005,0.153999
10.9168,0.055335776,0.153999
10.926679,0.065543348,0.153999
10.936558,0.07575092,0.153999
10.946437,0.08595848,0.150499
10.956316,0.096166048,0.150499
10.966194999999999,0.106373,0.14699900000000002
10.976073999999999,0.11658099999999999,0.14699900000000002
10.985954,0.12678799999999998,0.14699900000000002
10.995833,0.136996,0.14699900000000002
11.005711999999999,0.147203,0.14349900000000002
11.015590999999999,0.157411,0.139999
11.02547,0.167619,0.139999
11.035349,0.17782599999999998,0.136499
11.045228,0.18803399999999998,0.136499
11.055107,0.198241,0.13299899999999998
11.064986,0.208449,0.12949899999999998
11.074866,0.218656,0.12949899999999998
11.084745,0.22886399999999998,0.125999
11.094624,0.23907199999999998,0.122499
11.104503,0.249279,0.122499
11.114381999999999,0.25948699999999997,0.122499
11.124260999999999,0.269694,0.118999
11.13414,0.279902,0.118999
11.144019,0.290109,0.11549899999999999
11.153898,0.300317,0.11549899999999999
11.163777999999999,0.310525,0.11549899999999999
11.173656999999999,0.32073199999999996,0.11549899999999999
11.183536,0.33094,0.118999
11.193415,0.341147,0.118999
11.203294,0.351355,0.122499
11.213173,0.361562,0.12949899999999998
11.223052,0.37177,0.136499
11.232930999999999,0.38197699999999996,0.14699900000000002
11.242811,0.392185,0.157499
11.25269,0.402393,0.17149899999999998
11.262569,0.41259999999999997,0.192499
11.272447999999999,0.42280799999999996,0.209999
11.282326999999999,0.433015,0.23099799999999998
11.292206,0.443223,0.255498
11.302085,0.45343,0.283498
11.311964,0.463638,0.307998
11.321843,0.473846,0.33599799999999996
11.331723,0.48405299999999996,0.360498
11.341602,0.49426099999999995,0.388498
11.351481,0.504468,0.412998
11.36136,0.514676,0.433998
11.371239,0.524883,0.458497
11.381117999999999,0.535091,0.475997
11.390996999999999,0.545299,0.49699699999999997
11.400876,0.5555059999999999,0.510997
11.410755,0.5657139999999999,0.528497
11.420634999999999,0.575921,0.545997
11.430513999999999,0.586129,0.559997
11.440393,0.596336,0.573997
11.450272,0.606544,0.5949969999999999
11.460151,0.616752,0.615997
11.47003,0.6269589999999999,0.640497
11.479909,0.6371669999999999,0.668497
11.489787999999999,0.647374,0.699996
11.499666999999999,0.657582,0.738496
11.509547,0.667789,0.783996
11.519426,0.677997,0.8364959999999999
11.529304999999999,0.688205,0.902995
11.539183999999999,0.6984119999999999,0.9799950000000001
11.549063,0.7086199999999999,1.074495
11.558942,0.718827,1.186494
11.568821,0.729035,1.3194940000000002
11.5787,0.739242,1.483993
11.588579,0.74945,1.6764919999999999
11.598459,0.7596579999999999,1.900491
11.608338,0.7698649999999999,2.16299
11.618217,0.780073,2.467488
11.628096,0.79028,2.806987
11.637974999999999,0.800488,3.1849849999999997
11.647853999999999,0.8106949999999999,3.5979829999999997
11.657733,0.8209029999999999,4.042482
11.667612,0.8311109999999999,4.511479
11.677491,0.841318,5.0014769999999995
11.687370999999999,0.851526,5.501975
11.697249999999999,0.861733,5.998973
11.707129,0.871941,6.464471
11.717008,0.8821479999999999,6.884469
11.726887,0.8923559999999999,7.2344669999999995
11.736766,0.9025639999999999,7.482965999999999
11.746645,0.8923559999999999,5.669974
11.756523999999999,0.8821479999999999,4.308479999999999
11.766402999999999,0.871941,3.303985
11.776283,0.861733,2.5654879999999998
11.786162,0.851526,2.012491
11.796040999999999,0.841318,1.592492
11.805919999999999,0.8311109999999999,1.270494
11.815799,0.8209029999999999,1.021995
11.825678,0.8106949999999999,0.825996
11.835557,0.800488,0.668497
11.845436,0.79028,0.549497
11.855315,0.780073,0.444498
11.865195,0.7698649999999999,0.363998
11.875074,0.7596579999999999,0.297498
11.884953,0.74945,0.244998
11.894832,0.739242,0.199499
11.904710999999999,0.729035,0.164499
11.914589999999999,0.718827,0.13299899999999998
11.924469,0.7086199999999999,0.111999
11.934348,0.6984119999999999,0.087499616
11.944227,0.688205,0.066499704
11.954106999999999,0.677997,0.05599975200000001
11.963986,0.667789,0.04199981600000001
11.973865,0.657582,0.027999876000000003
11.983744,0.647374,0.020999908000000005
11.993623,0.6371669999999999,0.013999938000000002
12.003502,0.6269589999999999,0.0034999840000000003
12.013380999999999,0.616752,-0.0034999840000000003
12.023259999999999,0.606544,-0.006999969000000001
12.033139,0.596336,-0.013999938000000002
12.043019,0.586129,-0.024499892000000002
12.052897999999999,0.575921,-0.027999876000000003
12.062776999999999,0.5657139999999999,-0.03849982800000001
12.072656,0.5555059999999999,-0.04549980000000001
12.082535,0.545299,-0.05599975200000001
12.092414,0.535091,-0.066499704
12.102293,0.524883,-0.08049964
12.112172,0.514676,-0.09099960000000001
12.122050999999999,0.504468,-0.111999
12.131931,0.49426099999999995,-0.13299899999999998
12.14181,0.48405299999999996,-0.150499
12.151689,0.473846,-0.174999
12.161567999999999,0.463638,-0.206499
12.171446999999999,0.45343,-0.237998
12.181326,0.443223,-0.276498
12.191205,0.433015,-0.325498
12.201084,0.42280799999999996,-0.37799799999999995
12.210963,0.41259999999999997,-0.440998
12.220842999999999,0.402393,-0.5179969999999999
12.230722,0.392185,-0.612497
12.240601,0.38197699999999996,-0.720996
12.25048,0.37177,-0.8574959999999999
12.260359,0.361562,-1.025495
12.270237999999999,0.351355,-1.228494
12.280116999999999,0.341147,-1.473493
12.289995999999999,0.33094,-1.7709920000000001
12.299875,0.32073199999999996,-2.13149
12.309755,0.310525,-2.5584879999999997
12.319633999999999,0.300317,-3.0484859999999996
12.329512999999999,0.290109,-3.583984
12.339392,0.279902,-4.140481
12.349271,0.269694,-4.658479
12.35915,0.25948699999999997,-5.071477
12.369029,0.249279,-5.298976
12.378908,0.23907199999999998,-5.263976
12.388786999999999,0.22886399999999998,-4.941978
12.398667,0.218656,-4.37148
12.408546,0.208449,-3.629483
12.418425,0.198241,-2.866487
12.428303999999999,0.18803399999999998,-2.20849
12.438182999999999,0.17782599999999998,-1.707992
12.448062,0.167619,-1.368493
12.457941,0.157411,-1.1584940000000001
12.46782,0.147203,-1.032495
12.477699,0.136996,-0.962495
12.487579,0.12678799999999998,-0.930995
12.497458,0.11658099999999999,-0.920495
12.507337,0.106373,-0.920495
12.517216,0.096166048,-0.930995
12.527095,0.08595848,-0.937995
12.536973999999999,0.07575092,-0.944995
12.546852999999999,0.065543348,-0.944995
12.556732,0.055335776,-0.937995
12.566611,0.045128204000000005,-0.9239949999999999
12.576490999999999,0.034920632,-0.899495
12.586369999999999,0.024713064,-0.878496
12.596249,0.014505494,-0.8574959999999999
12.606128,0.004297924,-0.8364959999999999
12.616007,-0.005909646,-0.822496
12.625886,-0.016117215,-0.811996
12.635765,-0.026324786000000003,-0.790996
12.645643999999999,-0.036532356,-0.769996
12.655522999999999,-0.046739924,-0.7489959999999999
12.665403,-0.056947496,-0.724496
12.675282,-0.067155064,-0.696496
12.685160999999999,-0.077362632,-0.6754969999999999
12.695039999999999,-0.08757020800000001,-0.657997
12.704919,-0.09777777600000001,-0.636997
12.714798,-0.107985,-0.622997
12.724677,-0.11819199999999999,-0.612497
12.734556,-0.1284,-0.598497
12.744435,-0.13860799999999998,-0.584497
12.754315,-0.148815,-0.573997
12.764194,-0.159023,-0.559997
12.774073,-0.16923,-0.549497
12.783952,-0.179438,-0.538997
12.793830999999999,-0.18964499999999998,-0.528497
12.803709999999999,-0.199853,-0.5179969999999999
12.813588999999999,-0.18964499999999998,-0.307998
12.823468,-0.179438,-0.220499
12.833347,-0.16923,-0.16799899999999998
12.843226999999999,-0.159023,-0.125999
12.853105999999999,-0.148815,-0.09099960000000001
12.862985,-0.13860799999999998,-0.06299972
12.872864,-0.1284,-0.03849982800000001
12.882743,-0.11819199999999999,-0.013999938000000002
12.892622,-0.107985,0.0034999840000000003
12.902500999999999,-0.09777777600000001,0.020999908000000005
12.912379999999999,-0.08757020800000001,0.03849982800000001
12.922258999999999,-0.077362632,0.05249976800000001
12.932139,-0.067155064,0.06299972
12.942018,-0.056947496,0.07699965600000001
12.951896999999999,-0.046739924,0.08399963200000002
12.961775999999999,-0.036532356,0.09099960000000001
12.971655,-0.026324786000000003,0.101499
12.981534,-0.016117215,0.108499
12.991413,-0.005909646,0.11549899999999999
13.001292,0.004297924,0.122499
13.011171,0.014505494,0.12949899999999998
13.021051,0.024713064,0.136499
13.03093,0.034920632,0.136499
13.040809,0.045128204000000005,0.139999
13.050688,0.055335776,0.139999
13.060566999999999,0.065543348,0.136499
13.070445999999999,0.07575092,0.136499
13.080325,0.08595848,0.136499
13.090204,0.096166048,0.13299899999999998
13.100083,0.106373,0.13299899999999998
13.109962999999999,0.11658099999999999,0.13299899999999998
13.119842,0.12678799999999998,0.13299899999999998
13.129721,0.136996,0.13299899999999998
13.1396,0.147203,0.13299899999999998
13.149479,0.157411,0.12949899999999998
13.159358,0.167619,0.12949899999999998
13.169236999999999,0.17782599999999998,0.125999
13.179115999999999,0.18803399999999998,0.125999
13.188995,0.198241,0.125999
13.198875,0.208449,0.122499
13.208753999999999,0.218656,0.122499
13.218632999999999,0.22886399999999998,0.118999
13.228512,0.23907199999999998,0.11549899999999999
13.238391,0.249279,0.11549899999999999
13.24827,0.25948699999999997,0.11549899999999999
13.258149,0.269694,0.111999
13.268028,0.279902,0.111999
13.277906999999999,0.290109,0.111999
13.287787,0.300317,0.111999
13.297666,0.310525,0.111999
13.307545,0.32073199999999996,0.111999
13.317423999999999,0.33094,0.11549899999999999
13.327302999999999,0.341147,0.11549899999999999
13.337181999999999,0.351355,0.122499
13.347061,0.361562,0.125999
13.35694,0.37177,0.136499
13.366819,0.38197699999999996,0.14699900000000002
13.376698999999999,0.392185,0.160999
13.386578,0.402393,0.174999
13.396457,0.41259999999999997,0.192499
13.406336,0.42280799999999996,0.216999
13.416215,0.433015,0.241498
13.426093999999999,0.443223,0.26599799999999996
13.435972999999999,0.45343,0.29399800000000004
13.445851999999999,0.463638,0.325498
13.455732,0.473846,0.353498
13.465610999999999,0.48405299999999996,0.38149799999999995
13.475489999999999,0.49426099999999995,0.40949800000000003
13.485368999999999,0.504468,0.437498
13.495248,0.514676,0.461997
13.505127,0.524883,0.482997
13.515006,0.535091,0.5074970000000001
13.524885,0.545299,0.5249969999999999
13.534764,0.5555059999999999,0.542497
13.544644,0.5657139999999999,0.556497
13.554523,0.575921,0.570497
13.564402,0.586129,0.584497
13.574281,0.596336,0.601997
13.584159999999999,0.606544,0.622997
13.594038999999999,0.616752,0.640497
13.603918,0.6269589999999999,0.6649970000000001
13.613797,0.6371669999999999,0.692996
13.623676,0.647374,0.724496
13.633555999999999,0.657582,0.7629959999999999
13.643435,0.667789,0.808496
13.653314,0.677997,0.8644959999999999
13.663193,0.688205,0.927495
13.673072,0.6984119999999999,1.004495
13.682951,0.7086199999999999,1.098995
13.692829999999999,0.718827,1.210994
13.702708999999999,0.729035,1.347494
13.712588,0.739242,1.508493
13.722468,0.74945,1.7009919999999998
13.732346999999999,0.7596579999999999,1.9249910000000001
13.742225999999999,0.7698649999999999,2.18399
13.752105,0.780073,2.481489
13.761984,0.79028,2.813987
13.771863,0.800488,3.1849849999999997
13.781742,0.8106949999999999,3.587483
13.791621,0.8209029999999999,4.017982
13.801499999999999,0.8311109999999999,4.47648
13.81138,0.841318,4.948978
13.821259,0.851526,5.4319749999999996
13.831138,0.861733,5.911473
13.841016999999999,0.871941,6.359471
13.850895999999999,0.8821479999999999,6.765469
13.860774999999999,0.8923559999999999,7.101468
13.870654,0.9025639999999999,7.346467
13.880533,0.8923559999999999,5.568475
13.890412,0.8821479999999999,4.234980999999999
13.900291999999999,0.871941,3.2514849999999997
13.910171,0.861733,2.526988
13.92005,0.851526,1.9809910000000002
13.929929,0.841318,1.567993
13.939808,0.8311109999999999,1.252994
13.949686999999999,0.8209029999999999,1.007995
13.959565999999999,0.8106949999999999,0.815496
13.969444999999999,0.800488,0.661497
13.979324,0.79028,0.538997
13.989203999999999,0.780073,0.440998
13.999082999999999,0.7698649999999999,0.360498
14.008961999999999,0.7596579999999999,0.29399800000000004
14.018841,0.74945,0.241498
14.02872,0.739242,0.199499
14.038599,0.729035,0.160999
14.048478,0.718827,0.12949899999999998
14.058356999999999,0.7086199999999999,0.108499
14.068235999999999,0.6984119999999999,0.08399963200000002
14.078116,0.688205,0.066499704
14.087995,0.677997,0.05599975200000001
14.097874,0.667789,0.04199981600000001
14.107752999999999,0.657582,0.027999876000000003
14.117631999999999,0.647374,0.017499922
14.127511,0.6371669999999999,0.010499954000000002
14.13739,0.6269589999999999,0.0034999840000000003
14.147269,0.616752,-0.0034999840000000003
14.157148,0.606544,-0.006999969000000001
14.167028,0.596336,-0.013999938000000002
14.176907,0.586129,-0.024499892000000002
14.186786,0.575921,-0.027999876000000003
14.196665,0.5657139999999999,-0.034999844
14.206544,0.5555059999999999,-0.04549980000000001
14.216422999999999,0.545299,-0.05249976800000001
14.226301999999999,0.535091,-0.066499704
14.236181,0.524883,-0.08049964
14.24606,0.514676,-0.09449958400000001
14.255939999999999,0.504468,-0.111999
14.265818999999999,0.49426099999999995,-0.12949899999999998
14.275698,0.48405299999999996,-0.150499
14.285577,0.473846,-0.178499
14.295456,0.463638,-0.206499
14.305335,0.45343,-0.237998
14.315214,0.443223,-0.276498
14.325092999999999,0.433015,-0.325498
14.334971999999999,0.42280799999999996,-0.37799799999999995
14.344852,0.41259999999999997,-0.440998
14.354731,0.402393,-0.5179969999999999
14.364609999999999,0.392185,-0.612497
14.374488999999999,0.38197699999999996,-0.724496
14.384367999999998,0.37177,-0.860996
14.394247,0.361562,-1.025495
14.404126,0.351355,-1.231994
14.414005,0.341147,-1.476993
14.423884,0.33094,-1.777992
14.433764,0.32073199999999996,-2.13849
14.443643,0.310525,-2.568988
14.453522,0.300317,-3.062486
14.463401,0.290109,-3.5979829999999997
14.473279999999999,0.279902,-4.1579809999999995
14.483158999999999,0.269694,-4.682979
14.493037999999999,0.25948699999999997,-5.092477
14.502917,0.249279,-5.316476
14.512796,0.23907199999999998,-5.274476
14.522675999999999,0.22886399999999998,-4.941978
14.532554999999999,0.218656,-4.36098
14.542434,0.208449,-3.608483
14.552313,0.198241,-2.845487
14.562192,0.18803399999999998,-2.18749
14.572071,0.17782599999999998,-1.697492
14.581949999999999,0.167619,-1.368493
14.591828999999999,0.157411,-1.161994
14.601707999999999,0.147203,-1.0429950000000001
14.611588,0.136996,-0.976495
14.621466999999999,0.12678799999999998,-0.948495
14.631345999999999,0.11658099999999999,-0.937995
14.641224999999999,0.106373,-0.944995
14.651104,0.096166048,-0.9554950000000001
14.660983,0.08595848,-0.965995
14.670862,0.07575092,-0.9729949999999999
14.680741,0.065543348,-0.9694950000000001
14.69062,0.055335776,-0.962495
14.7005,0.045128204000000005,-0.944995
14.710379,0.034920632,-0.920495
14.720258,0.024713064,-0.895996
14.730137,0.014505494,-0.8714959999999999
14.740015999999999,0.004297924,-0.8504959999999999
14.749894999999999,-0.005909646,-0.832996
14.759774,-0.016117215,-0.822496
14.769653,-0.026324786000000003,-0.801496
14.779532,-0.036532356,-0.776996
14.789411999999999,-0.046739924,-0.7559959999999999
14.799291,-0.056947496,-0.727996
14.80917,-0.067155064,-0.696496
14.819049,-0.077362632,-0.6754969999999999
14.828928,-0.08757020800000001,-0.657997
14.838807,-0.09777777600000001,-0.636997
14.848685999999999,-0.107985,-0.622997
14.858564999999999,-0.11819199999999999,-0.612497
14.868443999999998,-0.1284,-0.598497
14.878324,-0.13860799999999998,-0.580997
14.888202999999999,-0.148815,-0.570497
14.898081999999999,-0.159023,-0.559997
14.907960999999998,-0.16923,-0.545997
14.91784,-0.179438,-0.535497
14.927719,-0.18964499999999998,-0.5249969999999999
14.937598,-0.199853,-0.510997
14.947477,-0.18964499999999998,-0.314998
14.957355999999999,-0.179438,-0.23449799999999998
14.967236,-0.16923,-0.178499
14.977115,-0.159023,-0.139999
14.986994,-0.148815,-0.104999
14.996872999999999,-0.13860799999999998,-0.08049964
15.006751999999999,-0.1284,-0.05249976800000001
15.016630999999999,-0.11819199999999999,-0.03149986
15.02651,-0.107985,-0.010499954000000002
15.036389,-0.09777777600000001,0.006999969000000001
15.046268,-0.08757020800000001,0.024499892000000002
15.056147999999999,-0.077362632,0.034999844
15.066027,-0.067155064,0.048999784000000005
15.075906,-0.056947496,0.059499736000000004
15.085785,-0.046739924,0.069999688
15.095664,-0.036532356,0.07699965600000001
15.105542999999999,-0.026324786000000003,0.087499616
15.115421999999999,-0.016117215,0.09449958400000001
15.125300999999999,-0.005909646,0.101499
15.13518,0.004297924,0.108499
15.145059999999999,0.014505494,0.11549899999999999
15.154938999999999,0.024713064,0.118999
15.164817999999999,0.034920632,0.118999
15.174697,0.045128204000000005,0.125999
15.184576,0.055335776,0.122499
15.194455,0.065543348,0.118999
15.204334,0.07575092,0.122499
15.214212999999999,0.08595848,0.122499
15.224091999999999,0.096166048,0.118999
15.233972,0.106373,0.118999
15.243851,0.11658099999999999,0.122499
15.25373,0.12678799999999998,0.122499
15.263608999999999,0.136996,0.118999
15.273487999999999,0.147203,0.122499
15.283367,0.157411,0.122499
15.293246,0.167619,0.118999
15.303125,0.17782599999999998,0.118999
15.313004,0.18803399999999998,0.118999
15.322884,0.198241,0.118999
15.332763,0.208449,0.11549899999999999
15.342642,0.218656,0.11549899999999999
15.352521,0.22886399999999998,0.11549899999999999
15.3624,0.23907199999999998,0.111999
15.372278999999999,0.249279,0.111999
15.382157999999999,0.25948699999999997,0.111999
15.392037,0.269694,0.111999
15.401916,0.279902,0.108499
15.411795999999999,0.290109,0.108499
15.421674999999999,0.300317,0.108499
15.431553999999998,0.310525,0.108499
15.441433,0.32073199999999996,0.108499
15.451312,0.33094,0.111999
15.461191,0.341147,0.11549899999999999
15.47107,0.351355,0.118999
15.480948999999999,0.361562,0.125999
15.490827999999999,0.37177,0.13299899999999998
15.500708,0.38197699999999996,0.14349900000000002
15.510587,0.392185,0.160999
15.520465999999999,0.402393,0.178499
15.530344999999999,0.41259999999999997,0.199499
15.540223999999998,0.42280799999999996,0.220499
15.550103,0.433015,0.24849799999999997
15.559982,0.443223,0.276498
15.569861,0.45343,0.307998
15.579740999999999,0.463638,0.33949799999999997
15.58962,0.473846,0.370998
15.599499,0.48405299999999996,0.402498
15.609378,0.49426099999999995,0.430498
15.619257,0.504468,0.458497
15.629135999999999,0.514676,0.482997
15.639014999999999,0.524883,0.5074970000000001
15.648893999999999,0.535091,0.528497
15.658773,0.545299,0.549497
15.668652999999999,0.5555059999999999,0.563497
15.678531999999999,0.5657139999999999,0.577497
15.688410999999999,0.575921,0.5914969999999999
15.69829,0.586129,0.605497
15.708169,0.596336,0.622997
15.718048,0.606544,0.640497
15.727927,0.616752,0.661497
15.737805999999999,0.6269589999999999,0.682496
15.747684999999999,0.6371669999999999,0.710496
15.757565,0.647374,0.741996
15.767444,0.657582,0.783996
15.777322999999999,0.667789,0.8294959999999999
15.787201999999999,0.677997,0.8854960000000001
15.797080999999999,0.688205,0.948495
15.80696,0.6984119999999999,1.0289949999999999
15.816839,0.7086199999999999,1.123494
15.826718,0.718827,1.2354939999999999
15.836597,0.729035,1.375493
15.846477,0.739242,1.536493
15.856356,0.74945,1.725492
15.866235,0.7596579999999999,1.949491
15.876114,0.7698649999999999,2.20499
15.885993,0.780073,2.495488
15.895871999999999,0.79028,2.8279870000000003
15.905750999999999,0.800488,3.188485
15.91563,0.8106949999999999,3.583984
15.925509,0.8209029999999999,4.007481
15.935388999999999,0.8311109999999999,4.44848
15.945267999999999,0.841318,4.9104779999999995
15.955146999999998,0.851526,5.375976
15.965026,0.861733,5.841473000000001
15.974905,0.871941,6.2789719999999996
15.984784,0.8821479999999999,6.67097
15.994663,0.8923559999999999,6.999968
16.004542,0.9025639999999999,7.237966999999999
16.014422,0.8923559999999999,5.487975
16.024302,0.8821479999999999,4.1754809999999996
16.034183,0.871941,3.205985
16.044062999999998,0.861733,2.491988
16.053943,0.851526,1.9564909999999998
16.063823,0.841318,1.546993
16.073703,0.8311109999999999,1.2354939999999999
16.083583,0.8209029999999999,0.993995
16.093463,0.8106949999999999,0.804996
16.103343,0.800488,0.650997
16.113222999999998,0.79028,0.5319969999999999
16.123103,0.780073,0.433998
16.132983,0.7698649999999999,0.353498
16.142863,0.7596579999999999,0.29049800000000003
16.152743,0.74945,0.237998
16.162623,0.739242,0.192499
16.172503,0.729035,0.160999
16.182382999999998,0.718827,0.125999
16.192263999999998,0.7086199999999999,0.108499
16.202144,0.6984119999999999,0.08399963200000002
16.212024,0.688205,0.06299972
16.221904,0.677997,0.05249976800000001
16.231783999999998,0.667789,0.03849982800000001
16.241664,0.657582,0.024499892000000002
16.251544,0.647374,0.017499922
16.261423999999998,0.6371669999999999,0.010499954000000002
16.271304,0.6269589999999999,0.0
16.281184,0.616752,-0.006999969000000001
16.291064,0.606544,-0.006999969000000001
16.300943999999998,0.596336,-0.013999938000000002
16.310824,0.586129,-0.024499892000000002
16.320704,0.575921,-0.027999876000000003
16.330583999999998,0.5657139999999999,-0.034999844
16.340465,0.5555059999999999,-0.04549980000000001
16.350345,0.545299,-0.05599975200000001
16.360225,0.535091,-0.069999688
16.370105,0.524883,-0.08049964
16.379984999999998,0.514676,-0.09449958400000001
16.389865,0.504468,-0.111999
16.399745,0.49426099999999995,-0.13299899999999998
16.409625,0.48405299999999996,-0.150499
16.419505,0.473846,-0.178499
16.429385,0.463638,-0.206499
16.439265,0.45343,-0.241498
16.449144999999998,0.443223,-0.279998
16.459025,0.433015,-0.325498
16.468905,0.42280799999999996,-0.38149799999999995
16.478785,0.41259999999999997,-0.440998
16.488666,0.402393,-0.521497
16.498545999999997,0.392185,-0.612497
16.508426,0.38197699999999996,-0.724496
16.518306,0.37177,-0.8644959999999999
16.528185999999998,0.361562,-1.032495
16.538066,0.351355,-1.2354939999999999
16.547946,0.341147,-1.483993
16.557826,0.33094,-1.7849920000000001
16.567705999999998,0.32073199999999996,-2.14899
16.577586,0.310525,-2.579488
16.587466,0.300317,-3.072986
16.597345999999998,0.290109,-3.6154830000000002
16.607226,0.279902,-4.178980999999999
16.617106,0.269694,-4.703978
16.626986,0.25948699999999997,-5.116976999999999
16.636865999999998,0.249279,-5.333976000000001
16.646746999999998,0.23907199999999998,-5.288475999999999
16.656627,0.22886399999999998,-4.948978
16.666507,0.218656,-4.350479999999999
16.676387,0.208449,-3.5909829999999996
16.686267,0.198241,-2.8279870000000003
16.696147,0.18803399999999998,-2.1734899999999997
16.706027,0.17782599999999998,-1.6904919999999999
16.715906999999998,0.167619,-1.364993
16.725787,0.157411,-1.165494
16.735667,0.147203,-1.049995
16.745547,0.136996,-0.9869949999999998
16.755427,0.12678799999999998,-0.962495
16.765307,0.11658099999999999,-0.9589949999999999
16.775187,0.106373,-0.9694950000000001
16.785068,0.096166048,-0.9799950000000001
16.794947999999998,0.08595848,-0.993995
16.804828,0.07575092,-0.997495
16.814708,0.065543348,-0.997495
16.824588,0.055335776,-0.983495
16.834467999999998,0.045128204000000005,-0.965995
16.844348,0.034920632,-0.934495
16.854228,0.024713064,-0.9099949999999999
16.864107999999998,0.014505494,-0.8854960000000001
16.873988,0.004297924,-0.860996
16.883868,-0.005909646,-0.846996
16.893748,-0.016117215,-0.832996
16.903627999999998,-0.026324786000000003,-0.811996
16.913508,-0.036532356,-0.783996
16.923388,-0.046739924,-0.759496
16.933267999999998,-0.056947496,-0.731496
16.943148,-0.067155064,-0.699996
16.953028,-0.077362632,-0.6789959999999999
16.962908,-0.08757020800000001,-0.657997
16.972787999999998,-0.09777777600000001,-0.640497
16.982668,-0.107985,-0.626497
16.992548,-0.11819199999999999,-0.612497
17.002428,-0.1284,-0.5949969999999999
17.012308,-0.13860799999999998,-0.580997
17.02219,-0.148815,-0.570497
17.03207,-0.159023,-0.559997
17.04195,-0.16923,-0.542497
17.05183,-0.179438,-0.535497
17.061709999999998,-0.18964499999999998,-0.5249969999999999
17.07159,-0.199853,-0.510997
17.08147,-0.18964499999999998,-0.321998
17.09135,-0.179438,-0.241498
17.101229999999997,-0.16923,-0.192499
17.11111,-0.159023,-0.150499
17.12099,-0.148815,-0.118999
17.130869999999998,-0.13860799999999998,-0.09449958400000001
17.14075,-0.1284,-0.069999688
17.15063,-0.11819199999999999,-0.04549980000000001
17.16051,-0.107985,-0.024499892000000002
17.170389999999998,-0.09777777600000001,-0.006999969000000001
17.18027,-0.08757020800000001,0.010499954000000002
17.19015,-0.077362632,0.024499892000000002
17.200029999999998,-0.067155064,0.034999844
17.20991,-0.056947496,0.04549980000000001
17.21979,-0.046739924,0.059499736000000004
17.22967,-0.036532356,0.06299972
17.239549999999998,-0.026324786000000003,0.073499672
17.24943,-0.016117215,0.08049964
17.25931,-0.005909646,0.087499616
17.26919,0.004297924,0.09099960000000001
17.27907,0.014505494,0.09799956800000001
17.28895,0.024713064,0.101499
17.29883,0.034920632,0.104999
17.308709999999998,0.045128204000000005,0.104999
17.31859,0.055335776,0.104999
17.328471999999998,0.065543348,0.104999
17.338352,0.07575092,0.104999
17.348232,0.08595848,0.104999
17.358112,0.096166048,0.104999
17.367992,0.106373,0.104999
17.377872,0.11658099999999999,0.108499
17.387752,0.12678799999999998,0.108499
17.397631999999998,0.136996,0.108499
17.407512,0.147203,0.108499
17.417392,0.157411,0.111999
17.427272,0.167619,0.111999
17.437151999999998,0.17782599999999998,0.111999
17.447032,0.18803399999999998,0.111999
17.456912,0.198241,0.111999
17.466791999999998,0.208449,0.108499
17.476672,0.218656,0.111999
17.486552,0.22886399999999998,0.108499
17.496432,0.23907199999999998,0.108499
17.506311999999998,0.249279,0.104999
17.516192,0.25948699999999997,0.108499
17.526072,0.269694,0.104999
17.535951999999998,0.279902,0.104999
17.545832,0.290109,0.104999
17.555712,0.300317,0.104999
17.565592,0.310525,0.104999
17.575471999999998,0.32073199999999996,0.108499
17.585352,0.33094,0.108499
17.595232,0.341147,0.111999
17.605112,0.351355,0.118999
17.614992,0.361562,0.125999
17.624874,0.37177,0.136499
17.634754,0.38197699999999996,0.14699900000000002
17.644634,0.392185,0.160999
17.654514,0.402393,0.181999
17.664393999999998,0.41259999999999997,0.202999
17.674274,0.42280799999999996,0.23099799999999998
17.684154,0.433015,0.25899799999999995
17.694034,0.443223,0.28699800000000003
17.703913999999997,0.45343,0.321998
17.713794,0.463638,0.356998
17.723674,0.473846,0.388498
17.733553999999998,0.48405299999999996,0.419998
17.743434,0.49426099999999995,0.45149700000000004
17.753314,0.504468,0.482997
17.763194,0.514676,0.5074970000000001
17.773073999999998,0.524883,0.5319969999999999
17.782954,0.535091,0.552997
17.792834,0.545299,0.570497
17.802713999999998,0.5555059999999999,0.587997
17.812594,0.5657139999999999,0.601997
17.822474,0.575921,0.612497
17.832354,0.586129,0.626497
17.842233999999998,0.596336,0.640497
17.852114,0.606544,0.661497
17.861994,0.616752,0.6789959999999999
17.871874,0.6269589999999999,0.703496
17.881754,0.6371669999999999,0.727996
17.891634,0.647374,0.7629959999999999
17.901514,0.657582,0.801496
17.911393999999998,0.667789,0.8504959999999999
17.921274,0.677997,0.9064949999999999
17.931155999999998,0.688205,0.9729949999999999
17.941036,0.6984119999999999,1.053495
17.950916,0.7086199999999999,1.147994
17.960796,0.718827,1.263494
17.970675999999997,0.729035,1.399993
17.980556,0.739242,1.560993
17.990436,0.74945,1.753492
18.000315999999998,0.7596579999999999,1.973991
18.010196,0.7698649999999999,2.22949
18.020076,0.780073,2.516488
18.029956,0.79028,2.845487
18.039835999999998,0.800488,3.2024850000000002
18.049716,0.8106949999999999,3.583984
18.059596,0.8209029999999999,4.000482
18.069475999999998,0.8311109999999999,4.43448
18.079356,0.841318,4.882478
18.089236,0.851526,5.337476
18.099116,0.861733,5.7924739999999995
18.108995999999998,0.871941,6.215972
18.118876,0.8821479999999999,6.59397
18.128756,0.8923559999999999,6.912469
18.138635999999998,0.9025639999999999,7.146967999999999
18.148516,0.8923559999999999,5.417974999999999
18.158396,0.8821479999999999,4.126481
18.168276,0.871941,3.170985
18.178155999999998,0.861733,2.463988
18.188036,0.851526,1.9354909999999999
18.197916,0.841318,1.532993
18.207796,0.8311109999999999,1.224994
18.217676,0.8209029999999999,0.983495
18.227556,0.8106949999999999,0.797996
18.237438,0.800488,0.643997
18.247318,0.79028,0.528497
18.257198,0.780073,0.430498
18.267077999999998,0.7698649999999999,0.349998
18.276958,0.7596579999999999,0.28699800000000003
18.286838,0.74945,0.23449799999999998
18.296718,0.739242,0.192499
18.306597999999997,0.729035,0.157499
18.316478,0.718827,0.125999
18.326358,0.7086199999999999,0.104999
18.336237999999998,0.6984119999999999,0.08399963200000002
18.346118,0.688205,0.06299972
18.355998,0.677997,0.05249976800000001
18.365878,0.667789,0.04199981600000001
18.375757999999998,0.657582,0.024499892000000002
18.385638,0.647374,0.017499922
18.395518,0.6371669999999999,0.010499954000000002
18.405397999999998,0.6269589999999999,0.0034999840000000003
18.415278,0.616752,-0.006999969000000001
18.425158,0.606544,-0.006999969000000001
18.435038,0.596336,-0.013999938000000002
18.444917999999998,0.586129,-0.024499892000000002
18.454798,0.575921,-0.027999876000000003
18.464678,0.5657139999999999,-0.034999844
18.474558,0.5555059999999999,-0.04549980000000001
18.484438,0.545299,-0.05599975200000001
18.494318,0.535091,-0.066499704
18.504198,0.524883,-0.08049964
18.514077999999998,0.514676,-0.09449958400000001
18.523958,0.504468,-0.111999
18.533839999999998,0.49426099999999995,-0.13299899999999998
18.54372,0.48405299999999996,-0.150499
18.5536,0.473846,-0.178499
18.56348,0.463638,-0.209999
18.573359999999997,0.45343,-0.241498
18.58324,0.443223,-0.279998
18.59312,0.433015,-0.325498
18.602999999999998,0.42280799999999996,-0.37799799999999995
18.61288,0.41259999999999997,-0.440998
18.62276,0.402393,-0.521497
18.63264,0.392185,-0.615997
18.642519999999998,0.38197699999999996,-0.724496
18.6524,0.37177,-0.8644959999999999
18.66228,0.361562,-1.032495
18.672159999999998,0.351355,-1.2354939999999999
18.68204,0.341147,-1.483993
18.69192,0.33094,-1.788492
18.7018,0.32073199999999996,-2.15599
18.711679999999998,0.310525,-2.5864879999999997
18.72156,0.300317,-3.086986
18.73144,0.290109,-3.632983
18.741319999999998,0.279902,-4.196481
18.7512,0.269694,-4.724978999999999
18.76108,0.25948699999999997,-5.137977
18.77096,0.249279,-5.351476
18.780839999999998,0.23907199999999998,-5.298976
18.79072,0.22886399999999998,-4.948978
18.8006,0.218656,-4.3434800000000005
18.81048,0.208449,-3.576984
18.82036,0.198241,-2.8104869999999997
18.83024,0.18803399999999998,-2.15949
18.840122,0.17782599999999998,-1.679992
18.850002,0.167619,-1.364993
18.859882,0.157411,-1.1724940000000001
18.869761999999998,0.147203,-1.060495
18.879642,0.136996,-1.0009949999999999
18.889522,0.12678799999999998,-0.9799950000000001
18.899402,0.11658099999999999,-0.9799950000000001
18.909281999999997,0.106373,-0.9869949999999998
18.919162,0.096166048,-1.0009949999999999
18.929042,0.08595848,-1.0149949999999999
18.938921999999998,0.07575092,-1.018495
18.948802,0.065543348,-1.0149949999999999
18.958682,0.055335776,-1.0009949999999999
18.968562,0.045128204000000005,-0.9799950000000001
18.978441999999998,0.034920632,-0.948495
18.988322,0.024713064,-0.920495
18.998202,0.014505494,-0.8924960000000001
19.008081999999998,0.004297924,-0.8714959999999999
19.017962,-0.005909646,-0.8574959999999999
19.027842,-0.016117215,-0.839996
19.037722,-0.026324786000000003,-0.815496
19.047601999999998,-0.036532356,-0.787496
19.057482,-0.046739924,-0.759496
19.067362,-0.056947496,-0.731496
19.077242,-0.067155064,-0.703496
19.087122,-0.077362632,-0.6789959999999999
19.097002,-0.08757020800000001,-0.661497
19.106882,-0.09777777600000001,-0.640497
19.116761999999998,-0.107985,-0.626497
19.126642,-0.11819199999999999,-0.612497
19.136523999999998,-0.1284,-0.5949969999999999
19.146404,-0.13860799999999998,-0.577497
19.156284,-0.148815,-0.566997
19.166164,-0.159023,-0.556497
19.176043999999997,-0.16923,-0.538997
19.185924,-0.179438,-0.5319969999999999
19.195804,-0.18964499999999998,-0.521497
19.205683999999998,-0.199853,-0.510997
19.215564,-0.18964499999999998,-0.332498
19.225444,-0.179438,-0.251998
19.235324,-0.16923,-0.199499
19.245203999999998,-0.159023,-0.160999
19.255084,-0.148815,-0.12949899999999998
19.264964,-0.13860799999999998,-0.104999
19.274843999999998,-0.1284,-0.08049964
19.284724,-0.11819199999999999,-0.05599975200000001
19.294604,-0.107985,-0.03849982800000001
19.304484,-0.09777777600000001,-0.017499922
19.314363999999998,-0.08757020800000001,0.0
19.324244,-0.077362632,0.010499954000000002
19.334124,-0.067155064,0.024499892000000002
19.344003999999998,-0.056947496,0.034999844
19.353884,-0.046739924,0.04549980000000001
19.363764,-0.036532356,0.05249976800000001
19.373644,-0.026324786000000003,0.059499736000000004
19.383523999999998,-0.016117215,0.069999688
19.393404,-0.005909646,0.07699965600000001
19.403284,0.004297924,0.08399963200000002
19.413164,0.014505494,0.087499616
19.423044,0.024713064,0.09099960000000001
19.432924,0.034920632,0.09099960000000001
19.442805999999997,0.045128204000000005,0.09449958400000001
19.452686,0.055335776,0.09449958400000001
19.462566,0.065543348,0.09099960000000001
19.472445999999998,0.07575092,0.09099960000000001
19.482326,0.08595848,0.09449958400000001
19.492206,0.096166048,0.09449958400000001
19.502086,0.106373,0.09449958400000001
19.511965999999997,0.11658099999999999,0.09799956800000001
19.521846,0.12678799999999998,0.101499
19.531726,0.136996,0.101499
19.541605999999998,0.147203,0.101499
19.551486,0.157411,0.104999
19.561366,0.167619,0.104999
19.571246,0.17782599999999998,0.104999
19.581125999999998,0.18803399999999998,0.104999
19.591006,0.198241,0.104999
19.600886,0.208449,0.104999
19.610765999999998,0.218656,0.108499
19.620646,0.22886399999999998,0.104999
19.630526,0.23907199999999998,0.104999
19.640406,0.249279,0.104999
19.650285999999998,0.25948699999999997,0.104999
19.660166,0.269694,0.101499
19.670046,0.279902,0.101499
19.679926,0.290109,0.101499
19.689806,0.300317,0.101499
19.699686,0.310525,0.101499
19.709566,0.32073199999999996,0.104999
19.719445999999998,0.33094,0.108499
19.729326,0.341147,0.111999
19.739206,0.351355,0.11549899999999999
19.749088,0.361562,0.125999
19.758968,0.37177,0.13299899999999998
19.768848,0.38197699999999996,0.14699900000000002
19.778727999999997,0.392185,0.164499
19.788608,0.402393,0.185499
19.798488,0.41259999999999997,0.209999
19.808367999999998,0.42280799999999996,0.23449799999999998
19.818248,0.433015,0.26599799999999996
19.828128,0.443223,0.300998
19.838008,0.45343,0.33599799999999996
19.847887999999998,0.463638,0.370998
19.857768,0.473846,0.405998
19.867648,0.48405299999999996,0.440998
19.877527999999998,0.49426099999999995,0.475997
19.887408,0.504468,0.503997
19.897288,0.514676,0.5319969999999999
19.907168,0.524883,0.556497
19.917047999999998,0.535091,0.577497
19.926928,0.545299,0.5949969999999999
19.936808,0.5555059999999999,0.608997
19.946687999999998,0.5657139999999999,0.619497
19.956568,0.575921,0.633497
19.966448,0.586129,0.643997
19.976328,0.596336,0.657997
19.986207999999998,0.606544,0.6754969999999999
19.996088,0.616752,0.692996
20.005968,0.6269589999999999,0.717496
20.015848,0.6371669999999999,0.745496
20.025728,0.647374,0.780496
20.035608,0.657582,0.822496
20.045489999999997,0.667789,0.867996
20.05537,0.677997,0.927495
20.06525,0.688205,0.993995
20.075129999999998,0.6984119999999999,1.074495
20.08501,0.7086199999999999,1.1724940000000001
20.09489,0.718827,1.284494
20.10477,0.729035,1.4244929999999998
20.114649999999997,0.739242,1.585492
20.12453,0.74945,1.774492
20.13441,0.7596579999999999,1.994991
20.144289999999998,0.7698649999999999,2.25049
20.15417,0.780073,2.5374879999999997
20.16405,0.79028,2.8559870000000003
20.17393,0.800488,3.209485
20.183809999999998,0.8106949999999999,3.5909829999999996
20.19369,0.8209029999999999,3.996982
20.20357,0.8311109999999999,4.4204799999999995
20.213449999999998,0.841318,4.857978
20.22333,0.851526,5.305976
20.23321,0.861733,5.743474
20.24309,0.871941,6.159972
20.252969999999998,0.8821479999999999,6.53097
20.26285,0.8923559999999999,6.8389690000000005
20.27273,0.9025639999999999,7.066468
20.28261,0.8923559999999999,5.358476
20.29249,0.8821479999999999,4.080981
20.30237,0.871941,3.1394859999999998
20.31225,0.861733,2.439489
20.322129999999998,0.851526,1.914491
20.33201,0.841318,1.518993
20.34189,0.8311109999999999,1.214494
20.351772,0.8209029999999999,0.976495
20.361652,0.8106949999999999,0.787496
20.371532,0.800488,0.636997
20.381411999999997,0.79028,0.521497
20.391292,0.780073,0.423498
20.401172,0.7698649999999999,0.346498
20.411051999999998,0.7596579999999999,0.283498
20.420932,0.74945,0.23099799999999998
20.430812,0.739242,0.192499
20.440692,0.729035,0.153999
20.450571999999998,0.718827,0.122499
20.460452,0.7086199999999999,0.104999
20.470332,0.6984119999999999,0.08399963200000002
20.480211999999998,0.688205,0.06299972
20.490092,0.677997,0.05249976800000001
20.499972,0.667789,0.03849982800000001
20.509852,0.657582,0.024499892000000002
20.519731999999998,0.647374,0.017499922
20.529612,0.6371669999999999,0.010499954000000002
20.539492,0.6269589999999999,0.0
20.549371999999998,0.616752,-0.006999969000000001
20.559252,0.606544,-0.006999969000000001
20.569132,0.596336,-0.013999938000000002
20.579012,0.586129,-0.027999876000000003
20.588891999999998,0.575921,-0.027999876000000003
20.598772,0.5657139999999999,-0.034999844
20.608652,0.5555059999999999,-0.04549980000000001
20.618532,0.545299,-0.05599975200000001
20.628411999999997,0.535091,-0.069999688
20.638292,0.524883,-0.08399963200000002
20.648172,0.514676,-0.09449958400000001
20.658054,0.504468,-0.111999
20.667934,0.49426099999999995,-0.13299899999999998
20.677813999999998,0.48405299999999996,-0.150499
20.687694,0.473846,-0.178499
20.697574,0.463638,-0.206499
20.707454,0.45343,-0.241498
20.717333999999997,0.443223,-0.279998
20.727214,0.433015,-0.325498
20.737094,0.42280799999999996,-0.38149799999999995
20.746973999999998,0.41259999999999997,-0.440998
20.756854,0.402393,-0.521497
20.766734,0.392185,-0.615997
20.776614,0.38197699999999996,-0.727996
20.786493999999998,0.37177,-0.867996
20.796374,0.361562,-1.035995
20.806254,0.351355,-1.238994
20.816133999999998,0.341147,-1.490993
20.826014,0.33094,-1.795491
20.835894,0.32073199999999996,-2.15949
20.845774,0.310525,-2.596988
20.855653999999998,0.300317,-3.093986
20.865534,0.290109,-3.6469829999999996
20.875414,0.279902,-4.213981
20.885294,0.269694,-4.742477999999999
20.895174,0.25948699999999997,-5.158976999999999
20.905054,0.249279,-5.368975
20.914934,0.23907199999999998,-5.312976
20.924813999999998,0.22886399999999998,-4.948978
20.934694,0.218656,-4.33298
20.944574,0.208449,-3.562984
20.954456,0.198241,-2.796487
20.964336,0.18803399999999998,-2.14899
20.974216,0.17782599999999998,-1.6764919999999999
20.984095999999997,0.167619,-1.364993
20.993976,0.157411,-1.175994
21.003856,0.147203,-1.067495
21.013735999999998,0.136996,-1.0149949999999999
21.023616,0.12678799999999998,-0.993995
21.033496,0.11658099999999999,-0.993995
21.043376,0.106373,-1.004495
21.053255999999998,0.096166048,-1.021995
21.063136,0.08595848,-1.032495
21.073016,0.07575092,-1.039495
21.082895999999998,0.065543348,-1.032495
21.092776,0.055335776,-1.0149949999999999
21.102656,0.045128204000000005,-0.9904949999999999
21.112536,0.034920632,-0.9554950000000001
21.122415999999998,0.024713064,-0.927495
21.132296,0.014505494,-0.899495
21.142176,0.004297924,-0.878496
21.152055999999998,-0.005909646,-0.860996
21.161936,-0.016117215,-0.8434959999999999
21.171816,-0.026324786000000003,-0.822496
21.181696,-0.036532356,-0.790996
21.191575999999998,-0.046739924,-0.7629959999999999
21.201456,-0.056947496,-0.731496
21.211336,-0.067155064,-0.699996
21.221216,-0.077362632,-0.6789959999999999
21.231095999999997,-0.08757020800000001,-0.661497
21.240976,-0.09777777600000001,-0.640497
21.250856,-0.107985,-0.622997
21.260738,-0.11819199999999999,-0.608997
21.270618,-0.1284,-0.5949969999999999
21.280497999999998,-0.13860799999999998,-0.577497
21.290378,-0.148815,-0.566997
21.300258,-0.159023,-0.556497
21.310138,-0.16923,-0.538997
21.320017999999997,-0.179438,-0.5319969999999999
21.329898,-0.18964499999999998,-0.521497
21.339778,-0.199853,-0.510997
21.349657999999998,-0.18964499999999998,-0.33599799999999996
21.359538,-0.179438,-0.26249799999999995
21.369418,-0.16923,-0.209999
21.379298,-0.159023,-0.17149899999999998
21.389177999999998,-0.148815,-0.139999
21.399058,-0.13860799999999998,-0.11549899999999999
21.408938,-0.1284,-0.087499616
21.418817999999998,-0.11819199999999999,-0.066499704
21.428698,-0.107985,-0.048999784000000005
21.438578,-0.09777777600000001,-0.027999876000000003
21.448458,-0.08757020800000001,-0.010499954000000002
21.458337999999998,-0.077362632,0.0
21.468218,-0.067155064,0.010499954000000002
21.478098,-0.056947496,0.024499892000000002
21.487978,-0.046739924,0.034999844
21.497858,-0.036532356,0.03849982800000001
21.507738,-0.026324786000000003,0.048999784000000005
21.517618,-0.016117215,0.059499736000000004
21.527497999999998,-0.005909646,0.06299972
21.537378,0.004297924,0.069999688
21.547258,0.014505494,0.07699965600000001
21.55714,0.024713064,0.08049964
21.56702,0.034920632,0.08049964
21.5769,0.045128204000000005,0.08049964
21.586779999999997,0.055335776,0.08399963200000002
21.59666,0.065543348,0.08049964
21.60654,0.07575092,0.08049964
21.616419999999998,0.08595848,0.08049964
21.6263,0.096166048,0.08399963200000002
21.63618,0.106373,0.08399963200000002
21.64606,0.11658099999999999,0.09099960000000001
21.655939999999998,0.12678799999999998,0.09099960000000001
21.66582,0.136996,0.09099960000000001
21.6757,0.147203,0.09799956800000001
21.685579999999998,0.157411,0.09799956800000001
21.69546,0.167619,0.101499
21.70534,0.17782599999999998,0.101499
21.71522,0.18803399999999998,0.101499
21.725099999999998,0.198241,0.101499
21.73498,0.208449,0.101499
21.74486,0.218656,0.101499
21.754739999999998,0.22886399999999998,0.101499
21.76462,0.23907199999999998,0.101499
21.7745,0.249279,0.101499
21.78438,0.25948699999999997,0.101499
21.794259999999998,0.269694,0.101499
21.80414,0.279902,0.101499
21.81402,0.290109,0.101499
21.8239,0.300317,0.101499
21.833779999999997,0.310525,0.101499
21.84366,0.32073199999999996,0.104999
21.85354,0.33094,0.104999
21.863422,0.341147,0.111999
21.873302,0.351355,0.11549899999999999
21.883181999999998,0.361562,0.125999
21.893062,0.37177,0.136499
21.902942,0.38197699999999996,0.150499
21.912822,0.392185,0.16799899999999998
21.922701999999997,0.402393,0.18899899999999997
21.932582,0.41259999999999997,0.213499
21.942462,0.42280799999999996,0.244998
21.952341999999998,0.433015,0.276498
21.962222,0.443223,0.314998
21.972102,0.45343,0.349998
21.981982,0.463638,0.388498
21.991861999999998,0.473846,0.426998
22.001742,0.48405299999999996,0.465497
22.011622,0.49426099999999995,0.49699699999999997
22.021501999999998,0.504468,0.528497
22.031382,0.514676,0.556497
22.041262,0.524883,0.580997
22.051142,0.535091,0.598497
22.061021999999998,0.545299,0.612497
22.070902,0.5555059999999999,0.626497
22.080782,0.5657139999999999,0.636997
22.090662,0.575921,0.647497
22.100541999999997,0.586129,0.661497
22.110422,0.596336,0.6754969999999999
22.120302,0.606544,0.689496
22.130181999999998,0.616752,0.710496
22.140062,0.6269589999999999,0.734996
22.149942,0.6371669999999999,0.7629959999999999
22.159822,0.647374,0.794496
22.169704,0.657582,0.8364959999999999
22.179584,0.667789,0.888996
22.189463999999997,0.677997,0.944995
22.199344,0.688205,1.0149949999999999
22.209224,0.6984119999999999,1.095495
22.219103999999998,0.7086199999999999,1.1934939999999998
22.228984,0.718827,1.308994
22.238864,0.729035,1.448993
22.248744,0.739242,1.609992
22.258623999999998,0.74945,1.798991
22.268504,0.7596579999999999,2.0194900000000002
22.278384,0.7698649999999999,2.2714890000000003
22.288263999999998,0.780073,2.554988
22.298144,0.79028,2.873487
22.308024,0.800488,3.219985
22.317904,0.8106949999999999,3.594483
22.327783999999998,0.8209029999999999,3.989982
22.337664,0.8311109999999999,4.40998
22.347544,0.841318,4.840478
22.357423999999998,0.851526,5.277976000000001
22.367304,0.861733,5.708474
22.377184,0.871941,6.110971999999999
22.387064,0.8821479999999999,6.474971
22.396943999999998,0.8923559999999999,6.775969
22.406824,0.9025639999999999,6.999968
22.416704,0.8923559999999999,5.309476
22.426584,0.8821479999999999,4.042482
22.436463999999997,0.871941,3.107986
22.446344,0.861733,2.418489
22.456224,0.851526,1.900491
22.466106,0.841318,1.504993
22.475986,0.8311109999999999,1.203994
22.485865999999998,0.8209029999999999,0.9694950000000001
22.495746,0.8106949999999999,0.783996
22.505626,0.800488,0.636997
22.515506,0.79028,0.5179969999999999
22.525385999999997,0.780073,0.423498
22.535266,0.7698649999999999,0.346498
22.545146,0.7596579999999999,0.283498
22.555025999999998,0.74945,0.23099799999999998
22.564906,0.739242,0.18899899999999997
22.574786,0.729035,0.153999
22.584666,0.718827,0.125999
22.594545999999998,0.7086199999999999,0.101499
22.604426,0.6984119999999999,0.08049964
22.614306,0.688205,0.059499736000000004
22.624185999999998,0.677997,0.048999784000000005
22.634066,0.667789,0.03849982800000001
22.643946,0.657582,0.024499892000000002
22.653826,0.647374,0.013999938000000002
22.663705999999998,0.6371669999999999,0.010499954000000002
22.673586,0.6269589999999999,0.0
22.683466,0.616752,-0.006999969000000001
22.693346,0.606544,-0.006999969000000001
22.703225999999997,0.596336,-0.013999938000000002
22.713106,0.586129,-0.024499892000000002
22.722986,0.575921,-0.027999876000000003
22.732865999999998,0.5657139999999999,-0.03849982800000001
22.742746,0.5555059999999999,-0.04549980000000001
22.752626,0.545299,-0.05599975200000001
22.762506,0.535091,-0.069999688
22.772388,0.524883,-0.08049964
22.782268,0.514676,-0.09449958400000001
22.792147999999997,0.504468,-0.111999
22.802028,0.49426099999999995,-0.13299899999999998
22.811908,0.48405299999999996,-0.150499
22.821787999999998,0.473846,-0.178499
22.831668,0.463638,-0.206499
22.841548,0.45343,-0.237998
22.851428,0.443223,-0.279998
22.861307999999998,0.433015,-0.325498
22.871188,0.42280799999999996,-0.37799799999999995
22.881068,0.41259999999999997,-0.444498
22.890947999999998,0.402393,-0.521497
22.900828,0.392185,-0.615997
22.910708,0.38197699999999996,-0.727996
22.920588,0.37177,-0.8644959999999999
22.930467999999998,0.361562,-1.035995
22.940348,0.351355,-1.242494
22.950228,0.341147,-1.494493
22.960107999999998,0.33094,-1.798991
22.969987999999997,0.32073199999999996,-2.1699900000000003
22.979868,0.310525,-2.603988
22.989748,0.300317,-3.107986
22.999627999999998,0.290109,-3.660983
23.009508,0.279902,-4.231481
23.019388,0.269694,-4.759978
23.029268,0.25948699999999997,-5.176476
23.039147999999997,0.249279,-5.386475
23.049028,0.23907199999999998,-5.3199760000000005
23.058908,0.22886399999999998,-4.952477
23.068787999999998,0.218656,-4.32948
23.07867,0.208449,-3.5524839999999998
23.088549999999998,0.198241,-2.7824869999999997
23.09843,0.18803399999999998,-2.1419900000000003
23.10831,0.17782599999999998,-1.6729919999999998
23.11819,0.167619,-1.364993
23.128069999999997,0.157411,-1.179494
23.13795,0.147203,-1.077995
23.14783,0.136996,-1.025495
23.157709999999998,0.12678799999999998,-1.007995
23.16759,0.11658099999999999,-1.011495
23.17747,0.106373,-1.025495
23.18735,0.096166048,-1.039495
23.197229999999998,0.08595848,-1.053495
23.20711,0.07575092,-1.0569950000000001
23.21699,0.065543348,-1.046495
23.226869999999998,0.055335776,-1.0289949999999999
23.23675,0.045128204000000005,-1.0009949999999999
23.24663,0.034920632,-0.965995
23.25651,0.024713064,-0.937995
23.266389999999998,0.014505494,-0.9099949999999999
23.27627,0.004297924,-0.8854960000000001
23.28615,-0.005909646,-0.867996
23.29603,-0.016117215,-0.8504959999999999
23.305909999999997,-0.026324786000000003,-0.822496
23.31579,-0.036532356,-0.794496
23.32567,-0.046739924,-0.7629959999999999
23.335549999999998,-0.056947496,-0.731496
23.34543,-0.067155064,-0.699996
23.35531,-0.077362632,-0.6789959999999999
23.36519,-0.08757020800000001,-0.661497
23.375072,-0.09777777600000001,-0.640497
23.384952,-0.107985,-0.622997
23.394831999999997,-0.11819199999999999,-0.608997
23.404712,-0.1284,-0.5949969999999999
23.414592,-0.13860799999999998,-0.573997
23.424471999999998,-0.148815,-0.566997
23.434352,-0.159023,-0.552997
23.444232,-0.16923,-0.538997
23.454112,-0.179438,-0.528497
23.463991999999998,-0.18964499999999998,-0.521497
23.473872,-0.199853,-0.5074970000000001
23.483752,-0.18964499999999998,-0.33949799999999997
23.493631999999998,-0.179438,-0.26599799999999996
23.503512,-0.16923,-0.216999
23.513392,-0.159023,-0.178499
23.523272,-0.148815,-0.14699900000000002
23.533151999999998,-0.13860799999999998,-0.125999
23.543032,-0.1284,-0.09799956800000001
23.552912,-0.11819199999999999,-0.07699965600000001
23.562791999999998,-0.107985,-0.05599975200000001
23.572671999999997,-0.09777777600000001,-0.03849982800000001
23.582552,-0.08757020800000001,-0.020999908000000005
23.592432,-0.077362632,-0.006999969000000001
23.602311999999998,-0.067155064,0.0
23.612192,-0.056947496,0.010499954000000002
23.622072,-0.046739924,0.020999908000000005
23.631952,-0.036532356,0.03149986
23.641831999999997,-0.026324786000000003,0.03849982800000001
23.651712,-0.016117215,0.048999784000000005
23.661592,-0.005909646,0.05249976800000001
23.671471999999998,0.004297924,0.059499736000000004
23.681354,0.014505494,0.06299972
23.691233999999998,0.024713064,0.069999688
23.701114,0.034920632,0.066499704
23.710994,0.045128204000000005,0.069999688
23.720874,0.055335776,0.069999688
23.730753999999997,0.065543348,0.069999688
23.740634,0.07575092,0.069999688
23.750514,0.08595848,0.073499672
23.760393999999998,0.096166048,0.07699965600000001
23.770274,0.106373,0.07699965600000001
23.780154,0.11658099999999999,0.08049964
23.790034,0.12678799999999998,0.08399963200000002
23.799913999999998,0.136996,0.087499616
23.809794,0.147203,0.09099960000000001
23.819674,0.157411,0.09449958400000001
23.829553999999998,0.167619,0.09449958400000001
23.839434,0.17782599999999998,0.09799956800000001
23.849314,0.18803399999999998,0.09799956800000001
23.859194,0.198241,0.101499
23.869073999999998,0.208449,0.09799956800000001
23.878954,0.218656,0.101499
23.888834,0.22886399999999998,0.101499
23.898714,0.23907199999999998,0.101499
23.908593999999997,0.249279,0.101499
23.918474,0.25948699999999997,0.09799956800000001
23.928354,0.269694,0.09799956800000001
23.938233999999998,0.279902,0.101499
23.948114,0.290109,0.09799956800000001
23.957994,0.300317,0.09799956800000001
23.967874,0.310525,0.101499
23.977756,0.32073199999999996,0.104999
23.987636,0.33094,0.104999
23.997515999999997,0.341147,0.111999
24.007396,0.351355,0.11549899999999999
24.017276,0.361562,0.125999
24.027155999999998,0.37177,0.136499
24.037036,0.38197699999999996,0.153999
24.046916,0.392185,0.17149899999999998
24.056796,0.402393,0.195999
24.066675999999998,0.41259999999999997,0.223999
24.076556,0.42280799999999996,0.255498
24.086436,0.433015,0.29049800000000003
24.096315999999998,0.443223,0.325498
24.106196,0.45343,0.367498
24.116076,0.463638,0.405998
24.125956,0.473846,0.447998
24.135835999999998,0.48405299999999996,0.482997
24.145716,0.49426099999999995,0.5179969999999999
24.155596,0.504468,0.552997
24.165475999999998,0.514676,0.577497
24.175355999999997,0.524883,0.601997
24.185236,0.535091,0.619497
24.195116,0.545299,0.633497
24.204995999999998,0.5555059999999999,0.647497
24.214876,0.5657139999999999,0.657997
24.224756,0.575921,0.6649970000000001
24.234636,0.586129,0.6754969999999999
24.244515999999997,0.596336,0.6859959999999999
24.254396,0.606544,0.703496
24.264276,0.616752,0.724496
24.274155999999998,0.6269589999999999,0.745496
24.284038,0.6371669999999999,0.776996
24.293917999999998,0.647374,0.808496
24.303798,0.657582,0.853996
24.313678,0.667789,0.902995
24.323558,0.677997,0.962495
24.333437999999997,0.688205,1.032495
24.343318,0.6984119999999999,1.1164949999999998
24.353198,0.7086199999999999,1.214494
24.363077999999998,0.718827,1.3334940000000002
24.372958,0.729035,1.4699929999999999
24.382838,0.739242,1.630992
24.392718,0.74945,1.823491
24.402597999999998,0.7596579999999999,2.04049
24.412478,0.7698649999999999,2.2924889999999998
24.422358,0.780073,2.572488
24.432237999999998,0.79028,2.8839870000000003
24.442117999999997,0.800488,3.230485
24.451998,0.8106949999999999,3.5979829999999997
24.461878,0.8209029999999999,3.989982
24.471757999999998,0.8311109999999999,4.3994800000000005
24.481638,0.841318,4.819478
24.491518,0.851526,5.249976
24.501398,0.861733,5.673474
24.511277999999997,0.871941,6.068972
24.521158,0.8821479999999999,6.425971
24.531038,0.8923559999999999,6.71997
24.540917999999998,0.9025639999999999,6.936969
24.550798,0.8923559999999999,5.263976
24.560678,0.8821479999999999,4.010982
24.570558,0.871941,3.086986
24.580437999999997,0.861733,2.400989
24.59032,0.851526,1.886491
24.600199999999997,0.841318,1.497993
24.61008,0.8311109999999999,1.196994
24.61996,0.8209029999999999,0.962495
24.629839999999998,0.8106949999999999,0.776996
24.63972,0.800488,0.633497
24.6496,0.79028,0.514497
24.65948,0.780073,0.419998
24.669359999999998,0.7698649999999999,0.34299799999999997
24.67924,0.7596579999999999,0.279998
24.68912,0.74945,0.23099799999999998
24.698999999999998,0.739242,0.18899899999999997
24.70888,0.729035,0.153999
24.71876,0.718827,0.122499
24.72864,0.7086199999999999,0.101499
24.738519999999998,0.6984119999999999,0.08049964
24.7484,0.688205,0.06299972
24.75828,0.677997,0.05249976800000001
24.768159999999998,0.667789,0.03849982800000001
24.778039999999997,0.657582,0.024499892000000002
24.78792,0.647374,0.013999938000000002
24.7978,0.6371669999999999,0.010499954000000002
24.807679999999998,0.6269589999999999,0.0
24.81756,0.616752,-0.006999969000000001
24.82744,0.606544,-0.006999969000000001
24.83732,0.596336,-0.013999938000000002
24.847199999999997,0.586129,-0.024499892000000002
24.85708,0.575921,-0.027999876000000003
24.86696,0.5657139999999999,-0.03849982800000001
24.876839999999998,0.5555059999999999,-0.04549980000000001
24.886722,0.545299,-0.05599975200000001
24.896601999999998,0.535091,-0.069999688
24.906482,0.524883,-0.08049964
24.916362,0.514676,-0.09449958400000001
24.926242,0.504468,-0.111999
24.936121999999997,0.49426099999999995,-0.13299899999999998
24.946002,0.48405299999999996,-0.153999
24.955882,0.473846,-0.178499
24.965761999999998,0.463638,-0.206499
24.975642,0.45343,-0.241498
24.985522,0.443223,-0.279998
24.995402,0.433015,-0.325498
25.005281999999998,0.42280799999999996,-0.38149799999999995
25.015162,0.41259999999999997,-0.440998
25.025042,0.402393,-0.521497
25.034921999999998,0.392185,-0.615997
25.044801999999997,0.38197699999999996,-0.731496
25.054682,0.37177,-0.8714959999999999
25.064562,0.361562,-1.039495
25.074441999999998,0.351355,-1.245994
25.084322,0.341147,-1.497993
25.094202,0.33094,-1.802492
25.104082,0.32073199999999996,-2.1734899999999997
25.113961999999997,0.310525,-2.6144879999999997
25.123842,0.300317,-3.118486
25.133722,0.290109,-3.6714830000000003
25.143601999999998,0.279902,-4.245481
25.153482,0.269694,-4.777478
25.163362,0.25948699999999997,-5.193976
25.173242,0.249279,-5.400475
25.183121999999997,0.23907199999999998,-5.326976
25.193004,0.22886399999999998,-4.952477
25.202883999999997,0.218656,-4.322481
25.212764,0.208449,-3.538484
25.222644,0.198241,-2.768487
25.232523999999998,0.18803399999999998,-2.13149
25.242404,0.17782599999999998,-1.669492
25.252284,0.167619,-1.364993
25.262164,0.157411,-1.1829939999999999
25.272043999999998,0.147203,-1.0849950000000002
25.281924,0.136996,-1.035995
25.291804,0.12678799999999998,-1.021995
25.301683999999998,0.11658099999999999,-1.025495
25.311564,0.106373,-1.039495
25.321444,0.096166048,-1.0569950000000001
25.331324,0.08595848,-1.067495
25.341203999999998,0.07575092,-1.0709950000000001
25.351084,0.065543348,-1.060495
25.360964,0.055335776,-1.039495
25.370843999999998,0.045128204000000005,-1.007995
25.380723999999997,0.034920632,-0.9694950000000001
25.390604,0.024713064,-0.941495
25.400484,0.014505494,-0.9169949999999999
25.410363999999998,0.004297924,-0.8924960000000001
25.420244,-0.005909646,-0.874996
25.430124,-0.016117215,-0.853996
25.440004,-0.026324786000000003,-0.825996
25.449883999999997,-0.036532356,-0.794496
25.459764,-0.046739924,-0.766496
25.469644,-0.056947496,-0.734996
25.479523999999998,-0.067155064,-0.703496
25.489404,-0.077362632,-0.682496
25.499285999999998,-0.08757020800000001,-0.661497
25.509166,-0.09777777600000001,-0.640497
25.519046,-0.107985,-0.622997
25.528926,-0.11819199999999999,-0.608997
25.538805999999997,-0.1284,-0.5949969999999999
25.548686,-0.13860799999999998,-0.573997
25.558566,-0.148815,-0.563497
25.568445999999998,-0.159023,-0.552997
25.578326,-0.16923,-0.538997
25.588206,-0.179438,-0.528497
25.598086,-0.18964499999999998,-0.521497
25.607965999999998,-0.199853,-0.510997
25.617846,-0.18964499999999998,-0.34299799999999997
25.627726,-0.179438,-0.272998
25.637605999999998,-0.16923,-0.223999
25.647485999999997,-0.159023,-0.185499
25.657366,-0.148815,-0.157499
25.667246,-0.13860799999999998,-0.136499
25.677125999999998,-0.1284,-0.108499
25.687006,-0.11819199999999999,-0.087499616
25.696886,-0.107985,-0.066499704
25.706766,-0.09777777600000001,-0.048999784000000005
25.716645999999997,-0.08757020800000001,-0.03149986
25.726526,-0.077362632,-0.017499922
25.736406,-0.067155064,-0.006999969000000001
25.746285999999998,-0.056947496,0.0034999840000000003
25.756166,-0.046739924,0.010499954000000002
25.766046,-0.036532356,0.020999908000000005
25.775926,-0.026324786000000003,0.027999876000000003
25.785805999999997,-0.016117215,0.034999844
25.795688,-0.005909646,0.04199981600000001
25.805567999999997,0.004297924,0.04549980000000001
25.815448,0.014505494,0.05599975200000001
25.825328,0.024713064,0.05599975200000001
25.835207999999998,0.034920632,0.05599975200000001
25.845088,0.045128204000000005,0.059499736000000004
25.854968,0.055335776,0.06299972
25.864848,0.065543348,0.059499736000000004
25.874727999999998,0.07575092,0.06299972
25.884608,0.08595848,0.06299972
25.894488,0.096166048,0.066499704
25.904367999999998,0.106373,0.069999688
25.914247999999997,0.11658099999999999,0.073499672
25.924128,0.12678799999999998,0.07699965600000001
25.934008,0.136996,0.08049964
25.943887999999998,0.147203,0.08399963200000002
25.953768,0.157411,0.087499616
25.963648,0.167619,0.09099960000000001
25.973527999999998,0.17782599999999998,0.09099960000000001
25.983407999999997,0.18803399999999998,0.09449958400000001
25.993288,0.198241,0.09799956800000001
26.003168,0.208449,0.09799956800000001
26.013047999999998,0.218656,0.09799956800000001
26.022928,0.22886399999999998,0.09799956800000001
26.032808,0.23907199999999998,0.09799956800000001
26.042688,0.249279,0.09799956800000001
26.052567999999997,0.25948699999999997,0.09449958400000001
26.062448,0.269694,0.09449958400000001
26.072328,0.279902,0.09799956800000001
26.082207999999998,0.290109,0.09799956800000001
26.092088,0.300317,0.09799956800000001
26.101969999999998,0.310525,0.09799956800000001
26.11185,0.32073199999999996,0.101499
26.12173,0.33094,0.104999
26.13161,0.341147,0.108499
26.141489999999997,0.351355,0.11549899999999999
26.15137,0.361562,0.125999
26.16125,0.37177,0.136499
26.171129999999998,0.38197699999999996,0.153999
26.18101,0.392185,0.174999
26.19089,0.402393,0.199499
26.20077,0.41259999999999997,0.22749799999999998
26.210649999999998,0.42280799999999996,0.26249799999999995
26.22053,0.433015,0.297498
26.23041,0.443223,0.33949799999999997
26.240289999999998,0.45343,0.38149799999999995
26.250169999999997,0.463638,0.423498
26.26005,0.473846,0.465497
26.26993,0.48405299999999996,0.503997
26.279809999999998,0.49426099999999995,0.538997
26.28969,0.504468,0.573997
26.29957,0.514676,0.601997
26.30945,0.524883,0.622997
26.319329999999997,0.535091,0.636997
26.32921,0.545299,0.654497
26.33909,0.5555059999999999,0.661497
26.348969999999998,0.5657139999999999,0.668497
26.35885,0.575921,0.6789959999999999
26.36873,0.586129,0.6859959999999999
26.37861,0.596336,0.696496
26.388489999999997,0.606544,0.713996
26.398372,0.616752,0.734996
26.408251999999997,0.6269589999999999,0.759496
26.418132,0.6371669999999999,0.787496
26.428012,0.647374,0.825996
26.437891999999998,0.657582,0.867996
26.447772,0.667789,0.9169949999999999
26.457652,0.677997,0.9799950000000001
26.467532,0.688205,1.049995
26.477411999999998,0.6984119999999999,1.133994
26.487292,0.7086199999999999,1.231994
26.497172,0.718827,1.3509939999999998
26.507051999999998,0.729035,1.490993
26.516931999999997,0.739242,1.651992
26.526812,0.74945,1.840991
26.536692,0.7596579999999999,2.0614899999999996
26.546571999999998,0.7698649999999999,2.3064889999999996
26.556452,0.780073,2.5864879999999997
26.566332,0.79028,2.894487
26.576211999999998,0.800488,3.233985
26.586091999999997,0.8106949999999999,3.5979829999999997
26.595972,0.8209029999999999,3.9864819999999996
26.605852,0.8311109999999999,4.38898
26.615731999999998,0.841318,4.805478
26.625612,0.851526,5.225476
26.635492,0.861733,5.641974
26.645372,0.871941,6.026972
26.655251999999997,0.8821479999999999,6.376971
26.665132,0.8923559999999999,6.66747
26.675012,0.9025639999999999,6.880969
26.684891999999998,0.8923559999999999,5.221976
26.694772,0.8821479999999999,3.9794819999999995
26.704653999999998,0.871941,3.062486
26.714534,0.861733,2.383489
26.724414,0.851526,1.8724910000000001
26.734294,0.841318,1.487493
26.744173999999997,0.8311109999999999,1.186494
26.754054,0.8209029999999999,0.9554950000000001
26.763934,0.8106949999999999,0.773496
26.773813999999998,0.800488,0.626497
26.783694,0.79028,0.510997
26.793574,0.780073,0.419998
26.803454,0.7698649999999999,0.34299799999999997
26.813333999999998,0.7596579999999999,0.276498
26.823214,0.74945,0.22749799999999998
26.833094,0.739242,0.18899899999999997
26.842973999999998,0.729035,0.153999
26.852853999999997,0.718827,0.122499
26.862734,0.7086199999999999,0.101499
26.872614,0.6984119999999999,0.08049964
26.882493999999998,0.688205,0.059499736000000004
26.892374,0.677997,0.05249976800000001
26.902254,0.667789,0.03849982800000001
26.912134,0.657582,0.024499892000000002
26.922013999999997,0.647374,0.013999938000000002
26.931894,0.6371669999999999,0.010499954000000002
26.941774,0.6269589999999999,0.0
26.951653999999998,0.616752,-0.006999969000000001
26.961534,0.606544,-0.006999969000000001
26.971414,0.596336,-0.013999938000000002
26.981294,0.586129,-0.024499892000000002
26.991173999999997,0.575921,-0.027999876000000003
27.001054,0.5657139999999999,-0.03849982800000001
27.010935999999997,0.5555059999999999,-0.04549980000000001
27.020816,0.545299,-0.05599975200000001
27.030696,0.535091,-0.066499704
27.040575999999998,0.524883,-0.08049964
27.050456,0.514676,-0.09449958400000001
27.060336,0.504468,-0.111999
27.070216,0.49426099999999995,-0.13299899999999998
27.080095999999998,0.48405299999999996,-0.153999
27.089976,0.473846,-0.178499
27.099856,0.463638,-0.209999
27.109735999999998,0.45343,-0.241498
27.119615999999997,0.443223,-0.279998
27.129496,0.433015,-0.325498
27.139376,0.42280799999999996,-0.38149799999999995
27.149255999999998,0.41259999999999997,-0.444498
27.159136,0.402393,-0.521497
27.169016,0.392185,-0.615997
27.178895999999998,0.38197699999999996,-0.731496
27.188775999999997,0.37177,-0.8714959999999999
27.198656,0.361562,-1.039495
27.208536,0.351355,-1.245994
27.218415999999998,0.341147,-1.501493
27.228296,0.33094,-1.809491
27.238176,0.32073199999999996,-2.18049
27.248056,0.310525,-2.621488
27.257935999999997,0.300317,-3.1289860000000003
27.267816,0.290109,-3.685483
27.277696,0.279902,-4.26298
27.287575999999998,0.269694,-4.7949779999999995
27.297456,0.25948699999999997,-5.207976
27.307337999999998,0.249279,-5.410975
27.317218,0.23907199999999998,-5.333976000000001
27.327098,0.22886399999999998,-4.952477
27.336978,0.218656,-4.31198
27.346857999999997,0.208449,-3.5244839999999997
27.356738,0.198241,-2.757987
27.366618,0.18803399999999998,-2.1244899999999998
27.376497999999998,0.17782599999999998,-1.665992
27.386377999999997,0.167619,-1.368493
27.396258,0.157411,-1.1899939999999998
27.406138,0.147203,-1.095495
27.416017999999998,0.136996,-1.046495
27.425898,0.12678799999999998,-1.032495
27.435778,0.11658099999999999,-1.039495
27.445657999999998,0.106373,-1.053495
27.455537999999997,0.096166048,-1.0709950000000001
27.465418,0.08595848,-1.0849950000000002
27.475298,0.07575092,-1.0849950000000002
27.485177999999998,0.065543348,-1.0709950000000001
27.495058,0.055335776,-1.046495
27.504938,0.045128204000000005,-1.0149949999999999
27.514817999999998,0.034920632,-0.9799950000000001
27.524697999999997,0.024713064,-0.944995
27.534578,0.014505494,-0.920495
27.544458,0.004297924,-0.895996
27.554337999999998,-0.005909646,-0.878496
27.564218,-0.016117215,-0.8574959999999999
27.574098,-0.026324786000000003,-0.8294959999999999
27.583978,-0.036532356,-0.794496
27.593857999999997,-0.046739924,-0.766496
27.603738,-0.056947496,-0.734996
27.613619999999997,-0.067155064,-0.703496
27.6235,-0.077362632,-0.682496
27.63338,-0.08757020800000001,-0.661497
27.643259999999998,-0.09777777600000001,-0.640497
27.65314,-0.107985,-0.622997
27.66302,-0.11819199999999999,-0.608997
27.6729,-0.1284,-0.5914969999999999
27.682779999999998,-0.13860799999999998,-0.577497
27.69266,-0.148815,-0.563497
27.70254,-0.159023,-0.552997
27.712419999999998,-0.16923,-0.538997
27.722299999999997,-0.179438,-0.528497
27.73218,-0.18964499999999998,-0.5179969999999999
27.74206,-0.199853,-0.5074970000000001
27.751939999999998,-0.18964499999999998,-0.346498
27.76182,-0.179438,-0.279998
27.7717,-0.16923,-0.23099799999999998
27.781579999999998,-0.159023,-0.192499
27.791459999999997,-0.148815,-0.164499
27.80134,-0.13860799999999998,-0.139999
27.81122,-0.1284,-0.11549899999999999
27.821099999999998,-0.11819199999999999,-0.09449958400000001
27.83098,-0.107985,-0.07699965600000001
27.84086,-0.09777777600000001,-0.05599975200000001
27.85074,-0.08757020800000001,-0.03849982800000001
27.860619999999997,-0.077362632,-0.024499892000000002
27.8705,-0.067155064,-0.017499922
27.88038,-0.056947496,0.0
27.890259999999998,-0.046739924,0.0034999840000000003
27.90014,-0.036532356,0.010499954000000002
27.91002,-0.026324786000000003,0.020999908000000005
27.919902,-0.016117215,0.027999876000000003
27.929782,-0.005909646,0.034999844
27.939662,0.004297924,0.03849982800000001
27.949541999999997,0.014505494,0.04549980000000001
27.959422,0.024713064,0.048999784000000005
27.969302,0.034920632,0.048999784000000005
27.979181999999998,0.045128204000000005,0.05249976800000001
27.989061999999997,0.055335776,0.05249976800000001
27.998942,0.065543348,0.05249976800000001
28.008822,0.07575092,0.05249976800000001
28.018701999999998,0.08595848,0.05599975200000001
28.028582,0.096166048,0.059499736000000004
28.038462,0.106373,0.06299972
28.048341999999998,0.11658099999999999,0.066499704
28.058221999999997,0.12678799999999998,0.069999688
28.068102,0.136996,0.073499672
28.077982,0.147203,0.08049964
28.087861999999998,0.157411,0.08399963200000002
28.097742,0.167619,0.087499616
28.107622,0.17782599999999998,0.087499616
28.117501999999998,0.18803399999999998,0.09099960000000001
28.127381999999997,0.198241,0.09099960000000001
28.137262,0.208449,0.09449958400000001
28.147142,0.218656,0.09449958400000001
28.157021999999998,0.22886399999999998,0.09449958400000001
28.166902,0.23907199999999998,0.09449958400000001
28.176782,0.249279,0.09449958400000001
28.186662,0.25948699999999997,0.09449958400000001
28.196541999999997,0.269694,0.09449958400000001
28.206422,0.279902,0.09449958400000001
28.216303999999997,0.290109,0.09449958400000001
28.226184,0.300317,0.09449958400000001
28.236064,0.310525,0.09799956800000001
28.245943999999998,0.32073199999999996,0.101499
28.255824,0.33094,0.104999
28.265704,0.341147,0.108499
28.275584,0.351355,0.11549899999999999
28.285463999999997,0.361562,0.125999
28.295344,0.37177,0.139999
28.305224,0.38197699999999996,0.153999
28.315103999999998,0.392185,0.174999
28.324983999999997,0.402393,0.202999
28.334864,0.41259999999999997,0.23449799999999998
28.344744,0.42280799999999996,0.26949799999999996
28.354623999999998,0.433015,0.307998
28.364504,0.443223,0.349998
28.374384,0.45343,0.395498
28.384263999999998,0.463638,0.440998
28.394143999999997,0.473846,0.482997
28.404024,0.48405299999999996,0.5249969999999999
28.413904,0.49426099999999995,0.563497
28.423783999999998,0.504468,0.5949969999999999
28.433664,0.514676,0.622997
28.443544,0.524883,0.643997
28.453424,0.535091,0.657997
28.463303999999997,0.545299,0.668497
28.473184,0.5555059999999999,0.6789959999999999
28.483064,0.5657139999999999,0.682496
28.492943999999998,0.575921,0.689496
28.502824,0.586129,0.696496
28.512704,0.596336,0.706996
28.522586,0.606544,0.724496
28.532466,0.616752,0.745496
28.542346,0.6269589999999999,0.769996
28.552225999999997,0.6371669999999999,0.801496
28.562106,0.647374,0.8364959999999999
28.571986,0.657582,0.881996
28.581865999999998,0.667789,0.934495
28.591745999999997,0.677997,0.993995
28.601626,0.688205,1.067495
28.611506,0.6984119999999999,1.151494
28.621385999999998,0.7086199999999999,1.252994
28.631266,0.718827,1.371993
28.641146,0.729035,1.508493
28.651025999999998,0.739242,1.6729919999999998
28.660905999999997,0.74945,1.8584910000000001
28.670786,0.7596579999999999,2.07899
28.680666,0.7698649999999999,2.323989
28.690545999999998,0.780073,2.600488
28.700426,0.79028,2.908487
28.710306,0.800488,3.240985
28.720185999999998,0.8106949999999999,3.601483
28.730065999999997,0.8209029999999999,3.982982
28.739946,0.8311109999999999,4.37848
28.749826,0.841318,4.787978
28.759705999999998,0.851526,5.200976
28.769586,0.861733,5.610474
28.779466,0.871941,5.991973
28.789346,0.8821479999999999,6.334971
28.799225999999997,0.8923559999999999,6.62197
28.809106,0.9025639999999999,6.831969
28.818986,0.8923559999999999,5.186976
28.828868,0.8821479999999999,3.951482
28.838748,0.871941,3.041486
28.848627999999998,0.861733,2.3694889999999997
28.858507999999997,0.851526,1.861991
28.868388,0.841318,1.476993
28.878268,0.8311109999999999,1.179494
28.888147999999997,0.8209029999999999,0.951995
28.898028,0.8106949999999999,0.769996
28.907908,0.800488,0.622997
28.917787999999998,0.79028,0.5074970000000001
28.927667999999997,0.780073,0.416498
28.937548,0.7698649999999999,0.33949799999999997
28.947428,0.7596579999999999,0.276498
28.957307999999998,0.74945,0.22749799999999998
28.967188,0.739242,0.185499
28.977068,0.729035,0.150499
28.986947999999998,0.718827,0.122499
28.996827999999997,0.7086199999999999,0.101499
29.006708,0.6984119999999999,0.07699965600000001
29.016588,0.688205,0.059499736000000004
29.026467999999998,0.677997,0.05249976800000001
29.036348,0.667789,0.03849982800000001
29.046228,0.657582,0.024499892000000002
29.056108,0.647374,0.013999938000000002
29.065987999999997,0.6371669999999999,0.010499954000000002
29.075868,0.6269589999999999,0.0
29.085748,0.616752,-0.006999969000000001
29.095627999999998,0.606544,-0.006999969000000001
29.105508,0.596336,-0.013999938000000002
29.115388,0.586129,-0.024499892000000002
29.12527,0.575921,-0.027999876000000003
29.13515,0.5657139999999999,-0.034999844
29.14503,0.5555059999999999,-0.04549980000000001
29.154909999999997,0.545299,-0.05599975200000001
29.16479,0.535091,-0.069999688
29.17467,0.524883,-0.08049964
29.184549999999998,0.514676,-0.09449958400000001
29.194429999999997,0.504468,-0.111999
29.20431,0.49426099999999995,-0.13299899999999998
29.21419,0.48405299999999996,-0.153999
29.224069999999998,0.473846,-0.178499
29.23395,0.463638,-0.209999
29.24383,0.45343,-0.241498
29.253709999999998,0.443223,-0.279998
29.263589999999997,0.433015,-0.325498
29.27347,0.42280799999999996,-0.38149799999999995
29.28335,0.41259999999999997,-0.444498
29.293229999999998,0.402393,-0.5249969999999999
29.30311,0.392185,-0.619497
29.31299,0.38197699999999996,-0.734996
29.322869999999998,0.37177,-0.8714959999999999
29.332749999999997,0.361562,-1.0429950000000001
29.34263,0.351355,-1.252994
29.35251,0.341147,-1.501493
29.362389999999998,0.33094,-1.812991
29.37227,0.32073199999999996,-2.18749
29.38215,0.310525,-2.628488
29.39203,0.300317,-3.1394859999999998
29.401909999999997,0.290109,-3.699483
29.41179,0.279902,-4.27698
29.42167,0.269694,-4.808978
29.431552,0.25948699999999997,-5.218476
29.441432,0.249279,-5.421476
29.451311999999998,0.23907199999999998,-5.337476
29.461191999999997,0.22886399999999998,-4.945477
29.471072,0.218656,-4.30148
29.480952,0.208449,-3.513984
29.490831999999997,0.198241,-2.7439869999999997
29.500712,0.18803399999999998,-2.1139900000000003
29.510592,0.17782599999999998,-1.6589919999999998
29.520471999999998,0.167619,-1.368493
29.530351999999997,0.157411,-1.196994
29.540232,0.147203,-1.102495
29.550112,0.136996,-1.0569950000000001
29.559991999999998,0.12678799999999998,-1.046495
29.569872,0.11658099999999999,-1.0569950000000001
29.579752,0.106373,-1.0709950000000001
29.589631999999998,0.096166048,-1.088495
29.599511999999997,0.08595848,-1.098995
29.609392,0.07575092,-1.095495
29.619272,0.065543348,-1.081495
29.629151999999998,0.055335776,-1.0569950000000001
29.639032,0.045128204000000005,-1.021995
29.648912,0.034920632,-0.983495
29.658792,0.024713064,-0.951995
29.668671999999997,0.014505494,-0.927495
29.678552,0.004297924,-0.902995
29.688432,-0.005909646,-0.881996
29.698311999999998,-0.016117215,-0.860996
29.708192,-0.026324786000000003,-0.832996
29.718072,-0.036532356,-0.797996
29.727953999999997,-0.046739924,-0.766496
29.737834,-0.056947496,-0.734996
29.747714,-0.067155064,-0.703496
29.757593999999997,-0.077362632,-0.682496
29.767474,-0.08757020800000001,-0.6649970000000001
29.777354,-0.09777777600000001,-0.640497
29.787233999999998,-0.107985,-0.622997
29.797113999999997,-0.11819199999999999,-0.608997
29.806994,-0.1284,-0.5914969999999999
29.816874,-0.13860799999999998,-0.573997
29.826753999999998,-0.148815,-0.563497
29.836634,-0.159023,-0.552997
29.846514,-0.16923,-0.538997
29.856393999999998,-0.179438,-0.528497
29.866273999999997,-0.18964499999999998,-0.5179969999999999
29.876154,-0.199853,-0.510997
29.886034,-0.18964499999999998,-0.349998
29.895913999999998,-0.179438,-0.279998
29.905794,-0.16923,-0.237998
29.915674,-0.159023,-0.199499
29.925553999999998,-0.148815,-0.16799899999999998
29.935433999999997,-0.13860799999999998,-0.150499
29.945314,-0.1284,-0.122499
29.955194,-0.11819199999999999,-0.101499
29.965073999999998,-0.107985,-0.08399963200000002
29.974954,-0.09777777600000001,-0.066499704
29.984834,-0.08757020800000001,-0.04549980000000001
29.994714,-0.077362632,-0.034999844
30.004593999999997,-0.067155064,-0.024499892000000002
30.014474,-0.056947496,-0.013999938000000002
30.024354,-0.046739924,-0.0034999840000000003
30.034236,-0.036532356,0.0
30.044116,-0.026324786000000003,0.010499954000000002
30.053995999999998,-0.016117215,0.020999908000000005
30.063875999999997,-0.005909646,0.024499892000000002
30.073756,0.004297924,0.027999876000000003
30.083636,0.014505494,0.034999844
30.093515999999997,0.024713064,0.03849982800000001
30.103396,0.034920632,0.03849982800000001
30.113276,0.045128204000000005,0.04199981600000001
30.123155999999998,0.055335776,0.04549980000000001
30.133035999999997,0.065543348,0.04199981600000001
30.142916,0.07575092,0.04549980000000001
30.152796,0.08595848,0.048999784000000005
30.162675999999998,0.096166048,0.05249976800000001
30.172556,0.106373,0.05599975200000001
30.182436,0.11658099999999999,0.059499736000000004
30.192315999999998,0.12678799999999998,0.066499704
30.202195999999997,0.136996,0.069999688
30.212076,0.147203,0.073499672
30.221956,0.157411,0.08049964
30.231835999999998,0.167619,0.08399963200000002
30.241716,0.17782599999999998,0.087499616
30.251596,0.18803399999999998,0.087499616
30.261476,0.198241,0.09099960000000001
30.271355999999997,0.208449,0.09449958400000001
30.281236,0.218656,0.09449958400000001
30.291116,0.22886399999999998,0.09449958400000001
30.300995999999998,0.23907199999999998,0.09099960000000001
30.310876,0.249279,0.09449958400000001
30.320756,0.25948699999999997,0.09449958400000001
30.330636,0.269694,0.09449958400000001
30.340518,0.279902,0.09449958400000001
30.350398,0.290109,0.09449958400000001
30.360277999999997,0.300317,0.09449958400000001
30.370158,0.310525,0.09799956800000001
30.380038,0.32073199999999996,0.09799956800000001
30.389917999999998,0.33094,0.101499
30.399797999999997,0.341147,0.108499
30.409678,0.351355,0.11549899999999999
30.419558,0.361562,0.125999
30.429437999999998,0.37177,0.139999
30.439318,0.38197699999999996,0.157499
30.449198,0.392185,0.181999
30.459077999999998,0.402393,0.206499
30.468957999999997,0.41259999999999997,0.241498
30.478838,0.42280799999999996,0.279998
30.488718,0.433015,0.321998
30.498597999999998,0.443223,0.367498
30.508478,0.45343,0.412998
30.518358,0.463638,0.458497
30.528237999999998,0.473846,0.503997
30.538117999999997,0.48405299999999996,0.545997
30.547998,0.49426099999999995,0.584497
30.557878,0.504468,0.615997
30.567757999999998,0.514676,0.640497
30.577638,0.524883,0.661497
30.587518,0.535091,0.6754969999999999
30.597398,0.545299,0.6859959999999999
30.607277999999997,0.5555059999999999,0.692996
30.617158,0.5657139999999999,0.696496
30.627038,0.575921,0.699996
30.63692,0.586129,0.706996
30.6468,0.596336,0.717496
30.656679999999998,0.606544,0.734996
30.666559999999997,0.616752,0.7524959999999999
30.67644,0.6269589999999999,0.780496
30.68632,0.6371669999999999,0.811996
30.696199999999997,0.647374,0.8504959999999999
30.70608,0.657582,0.8924960000000001
30.71596,0.667789,0.944995
30.725839999999998,0.677997,1.011495
30.735719999999997,0.688205,1.081495
30.7456,0.6984119999999999,1.168994
30.75548,0.7086199999999999,1.270494
30.765359999999998,0.718827,1.389493
30.77524,0.729035,1.529493
30.78512,0.739242,1.6904919999999999
30.794999999999998,0.74945,1.875991
30.804879999999997,0.7596579999999999,2.09299
30.81476,0.7698649999999999,2.337989
30.82464,0.780073,2.610988
30.834519999999998,0.79028,2.915487
30.8444,0.800488,3.2444849999999996
30.85428,0.8106949999999999,3.601483
30.86416,0.8209029999999999,3.9759819999999997
30.874039999999997,0.8311109999999999,4.36798
30.88392,0.841318,4.770478
30.8938,0.851526,5.179977
30.903679999999998,0.861733,5.5824750000000005
30.91356,0.871941,5.9569730000000005
30.92344,0.8821479999999999,6.296472
30.93332,0.8923559999999999,6.57997
30.943202,0.9025639999999999,6.786468999999999
30.953082,0.8923559999999999,5.148477
30.962961999999997,0.8821479999999999,3.9269819999999998
30.972842,0.871941,3.023986
30.982722,0.861733,2.351989
30.992601999999998,0.851526,1.851491
31.002481999999997,0.841318,1.4699929999999999
31.012362,0.8311109999999999,1.1724940000000001
31.022242,0.8209029999999999,0.944995
31.032121999999998,0.8106949999999999,0.766496
31.042002,0.800488,0.619497
31.051882,0.79028,0.5074970000000001
31.061761999999998,0.780073,0.412998
31.071641999999997,0.7698649999999999,0.33599799999999996
31.081522,0.7596579999999999,0.276498
31.091402,0.74945,0.223999
31.101281999999998,0.739242,0.185499
31.111162,0.729035,0.150499
31.121042,0.718827,0.118999
31.130921999999998,0.7086199999999999,0.09799956800000001
31.140801999999997,0.6984119999999999,0.07699965600000001
31.150682,0.688205,0.059499736000000004
31.160562,0.677997,0.048999784000000005
31.170441999999998,0.667789,0.03849982800000001
31.180322,0.657582,0.020999908000000005
31.190202,0.647374,0.013999938000000002
31.200082,0.6371669999999999,0.010499954000000002
31.209961999999997,0.6269589999999999,0.0034999840000000003
31.219842,0.616752,-0.010499954000000002
31.229722,0.606544,-0.006999969000000001
31.239601999999998,0.596336,-0.013999938000000002
31.249484,0.586129,-0.027999876000000003
31.259363999999998,0.575921,-0.027999876000000003
31.269243999999997,0.5657139999999999,-0.03849982800000001
31.279124,0.5555059999999999,-0.04549980000000001
31.289004,0.545299,-0.05599975200000001
31.298883999999997,0.535091,-0.069999688
31.308764,0.524883,-0.08399963200000002
31.318644,0.514676,-0.09449958400000001
31.328523999999998,0.504468,-0.11549899999999999
31.338403999999997,0.49426099999999995,-0.136499
31.348284,0.48405299999999996,-0.153999
31.358164,0.473846,-0.181999
31.368043999999998,0.463638,-0.209999
31.377924,0.45343,-0.244998
31.387804,0.443223,-0.279998
31.397683999999998,0.433015,-0.328998
31.407563999999997,0.42280799999999996,-0.38149799999999995
31.417444,0.41259999999999997,-0.444498
31.427324,0.402393,-0.5249969999999999
31.437203999999998,0.392185,-0.622997
31.447084,0.38197699999999996,-0.734996
31.456964,0.37177,-0.874996
31.466844,0.361562,-1.046495
31.476723999999997,0.351355,-1.252994
31.486604,0.341147,-1.508493
31.496484,0.33094,-1.816491
31.506363999999998,0.32073199999999996,-2.19099
31.516243999999997,0.310525,-2.6389880000000003
31.526124,0.300317,-3.149985
31.536004,0.290109,-3.709983
31.545886,0.279902,-4.28748
31.555766,0.269694,-4.822978
31.565645999999997,0.25948699999999997,-5.235976
31.575526,0.249279,-5.4319749999999996
31.585406,0.23907199999999998,-5.344475999999999
31.595285999999998,0.22886399999999998,-4.941978
31.605165999999997,0.218656,-4.2909809999999995
31.615046,0.208449,-3.4964839999999997
31.624926,0.198241,-2.729987
31.634805999999998,0.18803399999999998,-2.10349
31.644686,0.17782599999999998,-1.6589919999999998
31.654566,0.167619,-1.368493
31.664445999999998,0.157411,-1.200494
31.674325999999997,0.147203,-1.1059949999999998
31.684206,0.136996,-1.063995
31.694086,0.12678799999999998,-1.0569950000000001
31.703965999999998,0.11658099999999999,-1.067495
31.713846,0.106373,-1.0849950000000002
31.723726,0.096166048,-1.098995
31.733605999999998,0.08595848,-1.109495
31.743485999999997,0.07575092,-1.1059949999999998
31.753366,0.065543348,-1.091995
31.763246,0.055335776,-1.063995
31.773125999999998,0.045128204000000005,-1.0289949999999999
31.783006,0.034920632,-0.9904949999999999
31.792886,0.024713064,-0.9554950000000001
31.802766,0.014505494,-0.930995
31.812645999999997,0.004297924,-0.9064949999999999
31.822526,-0.005909646,-0.8854960000000001
31.832406,-0.016117215,-0.8644959999999999
31.842285999999998,-0.026324786000000003,-0.832996
31.852168,-0.036532356,-0.797996
31.862047999999998,-0.046739924,-0.766496
31.871927999999997,-0.056947496,-0.734996
31.881808,-0.067155064,-0.706996
31.891688,-0.077362632,-0.682496
31.901567999999997,-0.08757020800000001,-0.661497
31.911448,-0.09777777600000001,-0.640497
31.921328,-0.107985,-0.622997
31.931207999999998,-0.11819199999999999,-0.608997
31.941087999999997,-0.1284,-0.5914969999999999
31.950968,-0.13860799999999998,-0.573997
31.960848,-0.148815,-0.563497
31.970727999999998,-0.159023,-0.549497
31.980608,-0.16923,-0.535497
31.990488,-0.179438,-0.5249969999999999
32.000368,-0.18964499999999998,-0.5179969999999999
32.010248,-0.199853,-0.5074970000000001
32.020128,-0.18964499999999998,-0.353498
32.030007999999995,-0.179438,-0.28699800000000003
32.039888,-0.16923,-0.241498
32.049768,-0.159023,-0.202999
32.059647999999996,-0.148815,-0.174999
32.069528,-0.13860799999999998,-0.153999
32.079408,-0.1284,-0.12949899999999998
32.089287999999996,-0.11819199999999999,-0.108499
32.099168,-0.107985,-0.09099960000000001
32.109048,-0.09777777600000001,-0.073499672
32.118928,-0.08757020800000001,-0.05599975200000001
32.128808,-0.077362632,-0.04199981600000001
32.138688,-0.067155064,-0.03149986
32.14857,-0.056947496,-0.020999908000000005
32.15845,-0.046739924,-0.010499954000000002
32.16833,-0.036532356,-0.0034999840000000003
32.17821,-0.026324786000000003,0.0034999840000000003
32.188089999999995,-0.016117215,0.010499954000000002
32.19797,-0.005909646,0.017499922
32.20785,0.004297924,0.020999908000000005
32.217729999999996,0.014505494,0.027999876000000003
32.22761,0.024713064,0.03149986
32.23749,0.034920632,0.03149986
32.24737,0.045128204000000005,0.034999844
32.25725,0.055335776,0.034999844
32.26713,0.065543348,0.034999844
32.27701,0.07575092,0.03849982800000001
32.28689,0.08595848,0.04199981600000001
32.296769999999995,0.096166048,0.04549980000000001
32.30665,0.106373,0.048999784000000005
32.31653,0.11658099999999999,0.05599975200000001
32.326409999999996,0.12678799999999998,0.059499736000000004
32.33629,0.136996,0.066499704
32.34617,0.147203,0.069999688
32.356049999999996,0.157411,0.07699965600000001
32.36593,0.167619,0.08049964
32.37581,0.17782599999999998,0.08399963200000002
32.38569,0.18803399999999998,0.087499616
32.39557,0.198241,0.087499616
32.40545,0.208449,0.087499616
32.41533,0.218656,0.09099960000000001
32.42521,0.22886399999999998,0.09099960000000001
32.435089999999995,0.23907199999999998,0.09099960000000001
32.44497,0.249279,0.09099960000000001
32.454851999999995,0.25948699999999997,0.09099960000000001
32.464732,0.269694,0.09449958400000001
32.474612,0.279902,0.09449958400000001
32.484491999999996,0.290109,0.09449958400000001
32.494372,0.300317,0.09449958400000001
32.504252,0.310525,0.09449958400000001
32.514132,0.32073199999999996,0.09799956800000001
32.524012,0.33094,0.101499
32.533892,0.341147,0.108499
32.543772,0.351355,0.11549899999999999
32.553652,0.361562,0.125999
32.563531999999995,0.37177,0.139999
32.573412,0.38197699999999996,0.160999
32.583292,0.392185,0.185499
32.593171999999996,0.402393,0.213499
32.603052,0.41259999999999997,0.244998
32.612932,0.42280799999999996,0.28699800000000003
32.622811999999996,0.433015,0.332498
32.632692,0.443223,0.37799799999999995
32.642572,0.45343,0.426998
32.652452,0.463638,0.475997
32.662332,0.473846,0.521497
32.672212,0.48405299999999996,0.566997
32.682092,0.49426099999999995,0.601997
32.691972,0.504468,0.636997
32.701851999999995,0.514676,0.661497
32.711732,0.524883,0.6789959999999999
32.721612,0.535091,0.692996
32.731491999999996,0.545299,0.699996
32.741372,0.5555059999999999,0.703496
32.751252,0.5657139999999999,0.706996
32.761134,0.575921,0.710496
32.771014,0.586129,0.717496
32.780893999999996,0.596336,0.727996
32.790774,0.606544,0.741996
32.800654,0.616752,0.7629959999999999
32.810534,0.6269589999999999,0.790996
32.820414,0.6371669999999999,0.822496
32.830293999999995,0.647374,0.860996
32.840174,0.657582,0.9064949999999999
32.850054,0.667789,0.962495
32.859933999999996,0.677997,1.025495
32.869814,0.688205,1.098995
32.879694,0.6984119999999999,1.186494
32.889573999999996,0.7086199999999999,1.287994
32.899454,0.718827,1.4069930000000002
32.909334,0.729035,1.546993
32.919214,0.739242,1.707992
32.929094,0.74945,1.8969909999999999
32.938974,0.7596579999999999,2.11049
32.948854,0.7698649999999999,2.351989
32.958734,0.780073,2.624988
32.968613999999995,0.79028,2.925986
32.978494,0.800488,3.2514849999999997
32.988374,0.8106949999999999,3.601483
32.998253999999996,0.8209029999999999,3.9689819999999996
33.008134,0.8311109999999999,4.35748
33.018014,0.841318,4.752978
33.027893999999996,0.851526,5.155476999999999
33.037774,0.861733,5.554475
33.047654,0.871941,5.925472999999999
33.057536,0.8821479999999999,6.2579720000000005
33.067416,0.8923559999999999,6.53797
33.077296,0.9025639999999999,6.74447
33.087176,0.8923559999999999,5.116976999999999
33.097056,0.8821479999999999,3.9024820000000005
33.106936,0.871941,3.0064859999999998
33.116816,0.861733,2.3414889999999997
33.126695999999995,0.851526,1.840991
33.136576,0.841318,1.462993
33.146456,0.8311109999999999,1.168994
33.156335999999996,0.8209029999999999,0.941495
33.166216,0.8106949999999999,0.759496
33.176096,0.800488,0.615997
33.185976,0.79028,0.503997
33.195856,0.780073,0.40949800000000003
33.205736,0.7698649999999999,0.33599799999999996
33.215616,0.7596579999999999,0.272998
33.225496,0.74945,0.223999
33.235375999999995,0.739242,0.185499
33.245256,0.729035,0.14699900000000002
33.255136,0.718827,0.118999
33.265015999999996,0.7086199999999999,0.09799956800000001
33.274896,0.6984119999999999,0.07699965600000001
33.284776,0.688205,0.059499736000000004
33.294655999999996,0.677997,0.048999784000000005
33.304536,0.667789,0.034999844
33.314416,0.657582,0.020999908000000005
33.324296,0.647374,0.013999938000000002
33.334176,0.6371669999999999,0.006999969000000001
33.344056,0.6269589999999999,0.0
33.353936,0.616752,-0.006999969000000001
33.363818,0.606544,-0.010499954000000002
33.373698,0.596336,-0.013999938000000002
33.383578,0.586129,-0.027999876000000003
33.393457999999995,0.575921,-0.027999876000000003
33.403338,0.5657139999999999,-0.03849982800000001
33.413218,0.5555059999999999,-0.048999784000000005
33.423097999999996,0.545299,-0.05599975200000001
33.432978,0.535091,-0.069999688
33.442858,0.524883,-0.08399963200000002
33.452738,0.514676,-0.09449958400000001
33.462618,0.504468,-0.11549899999999999
33.472498,0.49426099999999995,-0.13299899999999998
33.482378,0.48405299999999996,-0.153999
33.492258,0.473846,-0.178499
33.502137999999995,0.463638,-0.209999
33.512018,0.45343,-0.241498
33.521898,0.443223,-0.279998
33.531777999999996,0.433015,-0.328998
33.541658,0.42280799999999996,-0.38149799999999995
33.551538,0.41259999999999997,-0.444498
33.56142,0.402393,-0.5249969999999999
33.5713,0.392185,-0.622997
33.581179999999996,0.38197699999999996,-0.734996
33.59106,0.37177,-0.874996
33.60094,0.361562,-1.049995
33.61082,0.351355,-1.256494
33.6207,0.341147,-1.511993
33.63058,0.33094,-1.823491
33.64046,0.32073199999999996,-2.19799
33.65034,0.310525,-2.645988
33.660219999999995,0.300317,-3.1569849999999997
33.6701,0.290109,-3.7204829999999998
33.67998,0.279902,-4.30148
33.689859999999996,0.269694,-4.836978
33.69974,0.25948699999999997,-5.2464759999999995
33.70962,0.249279,-5.442475
33.7195,0.23907199999999998,-5.347976
33.72938,0.22886399999999998,-4.938478
33.73926,0.218656,-4.280481
33.74914,0.208449,-3.4859839999999997
33.75902,0.198241,-2.719487
33.768899999999995,0.18803399999999998,-2.0964899999999997
33.77878,0.17782599999999998,-1.655492
33.78866,0.167619,-1.368493
33.798539999999996,0.157411,-1.203994
33.80842,0.147203,-1.112995
33.8183,0.136996,-1.074495
33.828179999999996,0.12678799999999998,-1.067495
33.83806,0.11658099999999999,-1.077995
33.84794,0.106373,-1.095495
33.85782,0.096166048,-1.112995
33.8677,0.08595848,-1.123494
33.87758,0.07575092,-1.1164949999999998
33.88746,0.065543348,-1.098995
33.89734,0.055335776,-1.0709950000000001
33.907219999999995,0.045128204000000005,-1.032495
33.9171,0.034920632,-0.993995
33.92698,0.024713064,-0.962495
33.936859999999996,0.014505494,-0.934495
33.94674,0.004297924,-0.9099949999999999
33.95662,-0.005909646,-0.888996
33.966499999999996,-0.016117215,-0.8644959999999999
33.97638,-0.026324786000000003,-0.8364959999999999
33.98626,-0.036532356,-0.797996
33.99614,-0.046739924,-0.766496
34.00602,-0.056947496,-0.734996
34.015899999999995,-0.067155064,-0.706996
34.02578,-0.077362632,-0.6859959999999999
34.03566,-0.08757020800000001,-0.6649970000000001
34.045539999999995,-0.09777777600000001,-0.640497
34.05542,-0.107985,-0.622997
34.0653,-0.11819199999999999,-0.608997
34.075179999999996,-0.1284,-0.5914969999999999
34.08506,-0.13860799999999998,-0.573997
34.09494,-0.148815,-0.563497
34.10482,-0.159023,-0.549497
34.1147,-0.16923,-0.538997
34.124584,-0.179438,-0.528497
34.134464,-0.18964499999999998,-0.5179969999999999
34.144344,-0.199853,-0.5074970000000001
34.154224,-0.18964499999999998,-0.360498
34.164104,-0.179438,-0.29049800000000003
34.173984,-0.16923,-0.244998
34.183864,-0.159023,-0.209999
34.193743999999995,-0.148815,-0.181999
34.203624,-0.13860799999999998,-0.157499
34.213504,-0.1284,-0.136499
34.223383999999996,-0.11819199999999999,-0.11549899999999999
34.233264,-0.107985,-0.09449958400000001
34.243144,-0.09777777600000001,-0.08049964
34.253023999999996,-0.08757020800000001,-0.06299972
34.262904,-0.077362632,-0.048999784000000005
34.272784,-0.067155064,-0.03849982800000001
34.282664,-0.056947496,-0.027999876000000003
34.292544,-0.046739924,-0.017499922
34.302423999999995,-0.036532356,-0.010499954000000002
34.312304,-0.026324786000000003,0.0
34.322184,-0.016117215,0.0034999840000000003
34.332063999999995,-0.005909646,0.010499954000000002
34.341944,0.004297924,0.013999938000000002
34.351824,0.014505494,0.020999908000000005
34.361703999999996,0.024713064,0.024499892000000002
34.371584,0.034920632,0.024499892000000002
34.381464,0.045128204000000005,0.027999876000000003
34.391344,0.055335776,0.027999876000000003
34.401224,0.065543348,0.027999876000000003
34.411104,0.07575092,0.03149986
34.420984,0.08595848,0.034999844
34.430864,0.096166048,0.03849982800000001
34.440743999999995,0.106373,0.04199981600000001
34.450624,0.11658099999999999,0.048999784000000005
34.460504,0.12678799999999998,0.05599975200000001
34.470383999999996,0.136996,0.059499736000000004
34.480264,0.147203,0.066499704
34.490144,0.157411,0.073499672
34.500023999999996,0.167619,0.07699965600000001
34.509904,0.17782599999999998,0.08049964
34.519784,0.18803399999999998,0.08399963200000002
34.529664,0.198241,0.08399963200000002
34.539544,0.208449,0.087499616
34.549424,0.218656,0.087499616
34.559304,0.22886399999999998,0.087499616
34.569184,0.23907199999999998,0.087499616
34.579063999999995,0.249279,0.09099960000000001
34.588944,0.25948699999999997,0.09099960000000001
34.598824,0.269694,0.09099960000000001
34.608703999999996,0.279902,0.09099960000000001
34.618584,0.290109,0.09099960000000001
34.628464,0.300317,0.09099960000000001
34.638344,0.310525,0.09449958400000001
34.648224,0.32073199999999996,0.09799956800000001
34.658104,0.33094,0.101499
34.667984,0.341147,0.104999
34.677864,0.351355,0.11549899999999999
34.687743999999995,0.361562,0.125999
34.697624,0.37177,0.139999
34.707504,0.38197699999999996,0.160999
34.717383999999996,0.392185,0.185499
34.727267999999995,0.402393,0.216999
34.737148,0.41259999999999997,0.251998
34.747028,0.42280799999999996,0.29399800000000004
34.756907999999996,0.433015,0.34299799999999997
34.766788,0.443223,0.391998
34.776668,0.45343,0.444498
34.786547999999996,0.463638,0.493497
34.796428,0.473846,0.542497
34.806308,0.48405299999999996,0.584497
34.816188,0.49426099999999995,0.622997
34.826068,0.504468,0.654497
34.835948,0.514676,0.6789959999999999
34.845828,0.524883,0.696496
34.855708,0.535091,0.706996
34.865587999999995,0.545299,0.710496
34.875468,0.5555059999999999,0.713996
34.885348,0.5657139999999999,0.713996
34.895227999999996,0.575921,0.717496
34.905108,0.586129,0.724496
34.914988,0.596336,0.734996
34.924868,0.606544,0.7524959999999999
34.934748,0.616752,0.773496
34.944628,0.6269589999999999,0.797996
34.954508,0.6371669999999999,0.832996
34.964388,0.647374,0.8714959999999999
34.974267999999995,0.657582,0.920495
34.984148,0.667789,0.976495
34.994028,0.677997,1.039495
35.003907999999996,0.688205,1.112995
35.013788,0.6984119999999999,1.200494
35.023668,0.7086199999999999,1.305494
35.033547999999996,0.718827,1.4244929999999998
35.043428,0.729035,1.5644930000000001
35.053308,0.739242,1.725492
35.063188,0.74945,1.9109909999999999
35.073068,0.7596579999999999,2.1244899999999998
35.082948,0.7698649999999999,2.365989
35.092828,0.780073,2.635488
35.102708,0.79028,2.9329859999999996
35.112587999999995,0.800488,3.254985
35.122468,0.8106949999999999,3.601483
35.132348,0.8209029999999999,3.965482
35.142227999999996,0.8311109999999999,4.346979999999999
35.152108,0.841318,4.738979
35.161988,0.851526,5.137977
35.171867999999996,0.861733,5.5264750000000005
35.181748,0.871941,5.897473
35.191628,0.8821479999999999,6.226471999999999
35.201508,0.8923559999999999,6.5029710000000005
35.211388,0.9025639999999999,6.705970000000001
35.221267999999995,0.8923559999999999,5.088977000000001
35.231148,0.8821479999999999,3.881482
35.241028,0.871941,2.988986
35.250907999999995,0.861733,2.330989
35.260788,0.851526,1.833991
35.270668,0.841318,1.4559929999999999
35.280547999999996,0.8311109999999999,1.165494
35.290428,0.8209029999999999,0.937995
35.300308,0.8106949999999999,0.7559959999999999
35.310188,0.800488,0.615997
35.320068,0.79028,0.503997
35.329952,0.780073,0.40949800000000003
35.339832,0.7698649999999999,0.332498
35.349712,0.7596579999999999,0.272998
35.359592,0.74945,0.223999
35.369472,0.739242,0.181999
35.379352,0.729035,0.14699900000000002
35.389232,0.718827,0.118999
35.399111999999995,0.7086199999999999,0.101499
35.408992,0.6984119999999999,0.07699965600000001
35.418872,0.688205,0.05599975200000001
35.428751999999996,0.677997,0.048999784000000005
35.438632,0.667789,0.034999844
35.448512,0.657582,0.020999908000000005
35.458391999999996,0.647374,0.013999938000000002
35.468272,0.6371669999999999,0.006999969000000001
35.478152,0.6269589999999999,0.0
35.488032,0.616752,-0.010499954000000002
35.497912,0.606544,-0.006999969000000001
35.507791999999995,0.596336,-0.013999938000000002
35.517672,0.586129,-0.024499892000000002
35.527552,0.575921,-0.03149986
35.537431999999995,0.5657139999999999,-0.03849982800000001
35.547312,0.5555059999999999,-0.048999784000000005
35.557192,0.545299,-0.05599975200000001
35.567071999999996,0.535091,-0.069999688
35.576952,0.524883,-0.08399963200000002
35.586832,0.514676,-0.09449958400000001
35.596712,0.504468,-0.11549899999999999
35.606592,0.49426099999999995,-0.13299899999999998
35.616472,0.48405299999999996,-0.153999
35.626352,0.473846,-0.178499
35.636232,0.463638,-0.209999
35.646111999999995,0.45343,-0.244998
35.655992,0.443223,-0.279998
35.665872,0.433015,-0.328998
35.675751999999996,0.42280799999999996,-0.384998
35.685632,0.41259999999999997,-0.447998
35.695512,0.402393,-0.5249969999999999
35.705391999999996,0.392185,-0.622997
35.715272,0.38197699999999996,-0.738496
35.725152,0.37177,-0.878496
35.735032,0.361562,-1.049995
35.744912,0.351355,-1.256494
35.754792,0.341147,-1.515493
35.764672,0.33094,-1.826991
35.774552,0.32073199999999996,-2.20499
35.784431999999995,0.310525,-2.652988
35.794312,0.300317,-3.167485
35.804192,0.290109,-3.730983
35.814071999999996,0.279902,-4.31198
35.823952,0.269694,-4.850978
35.833832,0.25948699999999997,-5.256976
35.843712,0.249279,-5.449475
35.853592,0.23907199999999998,-5.351476
35.863472,0.22886399999999998,-4.934977
35.873352,0.218656,-4.26998
35.883232,0.208449,-3.471984
35.893111999999995,0.198241,-2.705487
35.902992,0.18803399999999998,-2.0894899999999996
35.912872,0.17782599999999998,-1.651992
35.922751999999996,0.167619,-1.371993
35.932635999999995,0.157411,-1.2074939999999998
35.942516,0.147203,-1.123494
35.952396,0.136996,-1.0849950000000002
35.962275999999996,0.12678799999999998,-1.077995
35.972156,0.11658099999999999,-1.088495
35.982036,0.106373,-1.1059949999999998
35.991915999999996,0.096166048,-1.123494
36.001796,0.08595848,-1.133994
36.011676,0.07575092,-1.126995
36.021556,0.065543348,-1.1059949999999998
36.031436,0.055335776,-1.077995
36.041316,0.045128204000000005,-1.039495
36.051196,0.034920632,-0.997495
36.061076,0.024713064,-0.965995
36.070955999999995,0.014505494,-0.937995
36.080836,0.004297924,-0.913495
36.090716,-0.005909646,-0.8924960000000001
36.100595999999996,-0.016117215,-0.867996
36.110476,-0.026324786000000003,-0.8364959999999999
36.120356,-0.036532356,-0.801496
36.130236,-0.046739924,-0.769996
36.140116,-0.056947496,-0.738496
36.149996,-0.067155064,-0.706996
36.159876,-0.077362632,-0.6859959999999999
36.169756,-0.08757020800000001,-0.6649970000000001
36.179635999999995,-0.09777777600000001,-0.643997
36.189516,-0.107985,-0.626497
36.199396,-0.11819199999999999,-0.608997
36.209275999999996,-0.1284,-0.5914969999999999
36.219156,-0.13860799999999998,-0.573997
36.229036,-0.148815,-0.563497
36.238915999999996,-0.159023,-0.549497
36.248796,-0.16923,-0.535497
36.258676,-0.179438,-0.528497
36.268556,-0.18964499999999998,-0.521497
36.278436,-0.199853,-0.5074970000000001
36.288316,-0.18964499999999998,-0.360498
36.298196,-0.179438,-0.29399800000000004
36.308076,-0.16923,-0.24849799999999997
36.317955999999995,-0.159023,-0.213499
36.327836,-0.148815,-0.185499
36.337716,-0.13860799999999998,-0.16799899999999998
36.347595999999996,-0.1284,-0.14349900000000002
36.357476,-0.11819199999999999,-0.118999
36.367356,-0.107985,-0.101499
36.377235999999996,-0.09777777600000001,-0.087499616
36.387116,-0.08757020800000001,-0.069999688
36.396996,-0.077362632,-0.05599975200000001
36.406876,-0.067155064,-0.04549980000000001
36.416756,-0.056947496,-0.034999844
36.426635999999995,-0.046739924,-0.024499892000000002
36.436516,-0.036532356,-0.017499922
36.446396,-0.026324786000000003,-0.010499954000000002
36.456275999999995,-0.016117215,0.0
36.466156,-0.005909646,0.0
36.476036,0.004297924,0.006999969000000001
36.485915999999996,0.014505494,0.013999938000000002
36.495796,0.024713064,0.017499922
36.505676,0.034920632,0.017499922
36.515556,0.045128204000000005,0.020999908000000005
36.525436,0.055335776,0.020999908000000005
36.535316,0.065543348,0.020999908000000005
36.5452,0.07575092,0.027999876000000003
36.55508,0.08595848,0.03149986
36.56496,0.096166048,0.034999844
36.57484,0.106373,0.03849982800000001
36.58472,0.11658099999999999,0.04549980000000001
36.5946,0.12678799999999998,0.05249976800000001
36.604479999999995,0.136996,0.05599975200000001
36.61436,0.147203,0.06299972
36.62424,0.157411,0.069999688
36.634119999999996,0.167619,0.073499672
36.644,0.17782599999999998,0.07699965600000001
36.65388,0.18803399999999998,0.08049964
36.663759999999996,0.198241,0.08399963200000002
36.67364,0.208449,0.08399963200000002
36.68352,0.218656,0.087499616
36.6934,0.22886399999999998,0.087499616
36.70328,0.23907199999999998,0.087499616
36.713159999999995,0.249279,0.09099960000000001
36.72304,0.25948699999999997,0.09099960000000001
36.73292,0.269694,0.09099960000000001
36.742799999999995,0.279902,0.09099960000000001
36.75268,0.290109,0.09099960000000001
36.76256,0.300317,0.09099960000000001
36.772439999999996,0.310525,0.09449958400000001
36.78232,0.32073199999999996,0.09799956800000001
36.7922,0.33094,0.101499
36.80208,0.341147,0.108499
36.81196,0.351355,0.11549899999999999
36.82184,0.361562,0.12949899999999998
36.83172,0.37177,0.14349900000000002
36.8416,0.38197699999999996,0.164499
36.851479999999995,0.392185,0.192499
36.86136,0.402393,0.223999
36.87124,0.41259999999999997,0.25899799999999995
36.881119999999996,0.42280799999999996,0.304498
36.891,0.433015,0.353498
36.90088,0.443223,0.405998
36.910759999999996,0.45343,0.458497
36.92064,0.463638,0.510997
36.93052,0.473846,0.559997
36.9404,0.48405299999999996,0.605497
36.95028,0.49426099999999995,0.643997
36.960159999999995,0.504468,0.6754969999999999
36.97004,0.514676,0.696496
36.97992,0.524883,0.713996
36.989799999999995,0.535091,0.720996
36.99968,0.545299,0.724496
37.00956,0.5555059999999999,0.724496
37.019439999999996,0.5657139999999999,0.727996
37.02932,0.575921,0.727996
37.0392,0.586129,0.731496
37.04908,0.596336,0.741996
37.05896,0.606544,0.759496
37.06884,0.616752,0.780496
37.07872,0.6269589999999999,0.808496
37.0886,0.6371669999999999,0.8434959999999999
37.098479999999995,0.647374,0.8854960000000001
37.10836,0.657582,0.934495
37.11824,0.667789,0.9904949999999999
37.128119999999996,0.677997,1.0569950000000001
37.138,0.688205,1.1304949999999998
37.147884,0.6984119999999999,1.2214939999999999
37.157764,0.7086199999999999,1.322994
37.167643999999996,0.718827,1.4419929999999999
37.177524,0.729035,1.5819929999999998
37.187404,0.739242,1.7429919999999999
37.197283999999996,0.74945,1.9284909999999997
37.207164,0.7596579999999999,2.13849
37.217044,0.7698649999999999,2.376489
37.226924,0.780073,2.6424879999999997
37.236804,0.79028,2.9399859999999998
37.246683999999995,0.800488,3.258485
37.256564,0.8106949999999999,3.5979829999999997
37.266444,0.8209029999999999,3.958482
37.276323999999995,0.8311109999999999,4.33648
37.286204,0.841318,4.724978999999999
37.296084,0.851526,5.116976999999999
37.305963999999996,0.861733,5.505475
37.315844,0.871941,5.865972999999999
37.325724,0.8821479999999999,6.191472
37.335604,0.8923559999999999,6.46797
37.345484,0.9025639999999999,6.66747
37.355364,0.8923559999999999,5.064477
37.365244,0.8821479999999999,3.8639819999999996
37.375124,0.871941,2.974986
37.385003999999995,0.861733,2.320489
37.394884,0.851526,1.823491
37.404764,0.841318,1.448993
37.414643999999996,0.8311109999999999,1.161994
37.424524,0.8209029999999999,0.934495
37.434404,0.8106949999999999,0.7559959999999999
37.444283999999996,0.800488,0.612497
37.454164,0.79028,0.5004970000000001
37.464044,0.780073,0.40949800000000003
37.473924,0.7698649999999999,0.332498
37.483804,0.7596579999999999,0.272998
37.493684,0.74945,0.223999
37.503564,0.739242,0.181999
37.513444,0.729035,0.14699900000000002
37.523323999999995,0.718827,0.118999
37.533204,0.7086199999999999,0.09799956800000001
37.543084,0.6984119999999999,0.07699965600000001
37.552963999999996,0.688205,0.059499736000000004
37.562844,0.677997,0.048999784000000005
37.572724,0.667789,0.034999844
37.582603999999996,0.657582,0.020999908000000005
37.592484,0.647374,0.013999938000000002
37.602364,0.6371669999999999,0.010499954000000002
37.612244,0.6269589999999999,0.0034999840000000003
37.622124,0.616752,-0.006999969000000001
37.632003999999995,0.606544,-0.010499954000000002
37.641884,0.596336,-0.013999938000000002
37.651764,0.586129,-0.024499892000000002
37.661643999999995,0.575921,-0.03149986
37.671524,0.5657139999999999,-0.03849982800000001
37.681404,0.5555059999999999,-0.04549980000000001
37.691283999999996,0.545299,-0.05599975200000001
37.701164,0.535091,-0.069999688
37.711044,0.524883,-0.08049964
37.720924,0.514676,-0.09449958400000001
37.730804,0.504468,-0.118999
37.740684,0.49426099999999995,-0.136499
37.750568,0.48405299999999996,-0.153999
37.760448,0.473846,-0.181999
37.770328,0.463638,-0.209999
37.780208,0.45343,-0.241498
37.790088,0.443223,-0.279998
37.799968,0.433015,-0.328998
37.809847999999995,0.42280799999999996,-0.384998
37.819728,0.41259999999999997,-0.447998
37.829608,0.402393,-0.528497
37.839487999999996,0.392185,-0.622997
37.849368,0.38197699999999996,-0.738496
37.859248,0.37177,-0.878496
37.869127999999996,0.361562,-1.049995
37.879008,0.351355,-1.263494
37.888888,0.341147,-1.518993
37.898768,0.33094,-1.830491
37.908648,0.32073199999999996,-2.20849
37.918527999999995,0.310525,-2.6599880000000002
37.928408,0.300317,-3.1744850000000002
37.938288,0.290109,-3.7414829999999997
37.948167999999995,0.279902,-4.32598
37.958048,0.269694,-4.861478
37.967928,0.25948699999999997,-5.270976
37.977807999999996,0.249279,-5.456475
37.987688,0.23907199999999998,-5.351476
37.997568,0.22886399999999998,-4.927976999999999
38.007448,0.218656,-4.259481
38.017328,0.208449,-3.4579839999999997
38.027208,0.198241,-2.691488
38.037088,0.18803399999999998,-2.07899
38.046968,0.17782599999999998,-1.648492
38.056847999999995,0.167619,-1.368493
38.066728,0.157411,-1.210994
38.076608,0.147203,-1.126995
38.086487999999996,0.136996,-1.091995
38.096368,0.12678799999999998,-1.088495
38.106248,0.11658099999999999,-1.102495
38.116127999999996,0.106373,-1.1164949999999998
38.126008,0.096166048,-1.133994
38.135888,0.08595848,-1.140994
38.145768,0.07575092,-1.133994
38.155648,0.065543348,-1.112995
38.165527999999995,0.055335776,-1.081495
38.175408,0.045128204000000005,-1.0429950000000001
38.185288,0.034920632,-1.0009949999999999
38.195167999999995,0.024713064,-0.9694950000000001
38.205048,0.014505494,-0.941495
38.214928,0.004297924,-0.9169949999999999
38.224807999999996,-0.005909646,-0.899495
38.234688,-0.016117215,-0.8714959999999999
38.244568,-0.026324786000000003,-0.839996
38.254448,-0.036532356,-0.801496
38.264328,-0.046739924,-0.769996
38.274208,-0.056947496,-0.738496
38.284088,-0.067155064,-0.710496
38.293968,-0.077362632,-0.689496
38.303847999999995,-0.08757020800000001,-0.6649970000000001
38.313728,-0.09777777600000001,-0.643997
38.323608,-0.107985,-0.626497
38.333487999999996,-0.11819199999999999,-0.608997
38.343368,-0.1284,-0.5914969999999999
38.353252,-0.13860799999999998,-0.573997
38.363132,-0.148815,-0.563497
38.373011999999996,-0.159023,-0.552997
38.382892,-0.16923,-0.538997
38.392772,-0.179438,-0.528497
38.402651999999996,-0.18964499999999998,-0.521497
38.412532,-0.199853,-0.5074970000000001
38.422412,-0.18964499999999998,-0.360498
38.432292,-0.179438,-0.297498
38.442172,-0.16923,-0.251998
38.452051999999995,-0.159023,-0.220499
38.461932,-0.148815,-0.18899899999999997
38.471812,-0.13860799999999998,-0.17149899999999998
38.481691999999995,-0.1284,-0.14699900000000002
38.491572,-0.11819199999999999,-0.125999
38.501452,-0.107985,-0.108499
38.511331999999996,-0.09777777600000001,-0.09099960000000001
38.521212,-0.08757020800000001,-0.07699965600000001
38.531092,-0.077362632,-0.06299972
38.540972,-0.067155064,-0.05249976800000001
38.550852,-0.056947496,-0.04199981600000001
38.560732,-0.046739924,-0.03149986
38.570612,-0.036532356,-0.024499892000000002
38.580492,-0.026324786000000003,-0.017499922
38.590371999999995,-0.016117215,-0.006999969000000001
38.600252,-0.005909646,-0.0034999840000000003
38.610132,0.004297924,0.0
38.620011999999996,0.014505494,0.006999969000000001
38.629892,0.024713064,0.010499954000000002
38.639772,0.034920632,0.010499954000000002
38.649651999999996,0.045128204000000005,0.010499954000000002
38.659532,0.055335776,0.013999938000000002
38.669412,0.065543348,0.013999938000000002
38.679292,0.07575092,0.017499922
38.689172,0.08595848,0.024499892000000002
38.699052,0.096166048,0.027999876000000003
38.708932,0.106373,0.034999844
38.718812,0.11658099999999999,0.04199981600000001
38.728691999999995,0.12678799999999998,0.048999784000000005
38.738572,0.136996,0.05249976800000001
38.748452,0.147203,0.059499736000000004
38.758331999999996,0.157411,0.066499704
38.768212,0.167619,0.069999688
38.778092,0.17782599999999998,0.073499672
38.787971999999996,0.18803399999999998,0.07699965600000001
38.797852,0.198241,0.08049964
38.807732,0.208449,0.08399963200000002
38.817612,0.218656,0.087499616
38.827492,0.22886399999999998,0.087499616
38.837371999999995,0.23907199999999998,0.087499616
38.847252,0.249279,0.087499616
38.857132,0.25948699999999997,0.087499616
38.867011999999995,0.269694,0.087499616
38.876892,0.279902,0.087499616
38.886772,0.290109,0.09099960000000001
38.896651999999996,0.300317,0.09099960000000001
38.906532,0.310525,0.09099960000000001
38.916412,0.32073199999999996,0.09449958400000001
38.926292,0.33094,0.101499
38.936172,0.341147,0.108499
38.946052,0.351355,0.11549899999999999
38.955932,0.361562,0.12949899999999998
38.965816,0.37177,0.14349900000000002
38.975696,0.38197699999999996,0.16799899999999998
38.985576,0.392185,0.192499
38.995456,0.402393,0.22749799999999998
39.005336,0.41259999999999997,0.26599799999999996
39.015215999999995,0.42280799999999996,0.314998
39.025096,0.433015,0.363998
39.034976,0.443223,0.416498
39.044855999999996,0.45343,0.472497
39.054736,0.463638,0.528497
39.064616,0.473846,0.577497
39.074495999999996,0.48405299999999996,0.622997
39.084376,0.49426099999999995,0.661497
39.094256,0.504468,0.689496
39.104136,0.514676,0.710496
39.114016,0.524883,0.727996
39.123895999999995,0.535091,0.734996
39.133776,0.545299,0.734996
39.143656,0.5555059999999999,0.734996
39.153535999999995,0.5657139999999999,0.734996
39.163416,0.575921,0.734996
39.173296,0.586129,0.738496
39.183175999999996,0.596336,0.7489959999999999
39.193056,0.606544,0.766496
39.202936,0.616752,0.787496
39.212816,0.6269589999999999,0.815496
39.222696,0.6371669999999999,0.853996
39.232576,0.647374,0.895996
39.242456,0.657582,0.944995
39.252336,0.667789,1.004495
39.262215999999995,0.677997,1.0709950000000001
39.272096,0.688205,1.147994
39.281976,0.6984119999999999,1.2354939999999999
39.291855999999996,0.7086199999999999,1.336994
39.301736,0.718827,1.4559929999999999
39.311616,0.729035,1.595992
39.321495999999996,0.739242,1.756992
39.331376,0.74945,1.938991
39.341256,0.7596579999999999,2.14899
39.351136,0.7698649999999999,2.3869890000000002
39.361016,0.780073,2.649488
39.370895999999995,0.79028,2.943486
39.380776,0.800488,3.258485
39.390656,0.8106949999999999,3.594483
39.400535999999995,0.8209029999999999,3.954982
39.410416,0.8311109999999999,4.32598
39.420296,0.841318,4.707479
39.430175999999996,0.851526,5.099476999999999
39.440056,0.861733,5.480975
39.449936,0.871941,5.837973999999999
39.459816,0.8821479999999999,6.159972
39.469696,0.8923559999999999,6.432971
39.479576,0.9025639999999999,6.63597
39.489456,0.8923559999999999,5.036477
39.499336,0.8821479999999999,3.842983
39.509215999999995,0.871941,2.964486
39.519096,0.861733,2.309989
39.528976,0.851526,1.819991
39.538855999999996,0.841318,1.445493
39.548736,0.8311109999999999,1.154994
39.558616,0.8209029999999999,0.930995
39.5685,0.8106949999999999,0.7524959999999999
39.578379999999996,0.800488,0.612497
39.58826,0.79028,0.5004970000000001
39.59814,0.780073,0.40949800000000003
39.608019999999996,0.7698649999999999,0.332498
39.6179,0.7596579999999999,0.26949799999999996
39.62778,0.74945,0.223999
39.63766,0.739242,0.181999
39.64754,0.729035,0.14699900000000002
39.657419999999995,0.718827,0.118999
39.6673,0.7086199999999999,0.101499
39.67718,0.6984119999999999,0.07699965600000001
39.687059999999995,0.688205,0.059499736000000004
39.69694,0.677997,0.05249976800000001
39.70682,0.667789,0.034999844
39.716699999999996,0.657582,0.020999908000000005
39.72658,0.647374,0.013999938000000002
39.73646,0.6371669999999999,0.006999969000000001
39.74634,0.6269589999999999,0.0
39.75622,0.616752,-0.006999969000000001
39.7661,0.606544,-0.006999969000000001
39.77598,0.596336,-0.013999938000000002
39.78586,0.586129,-0.024499892000000002
39.795739999999995,0.575921,-0.03149986
39.80562,0.5657139999999999,-0.03849982800000001
39.8155,0.5555059999999999,-0.04549980000000001
39.825379999999996,0.545299,-0.059499736000000004
39.83526,0.535091,-0.073499672
39.84514,0.524883,-0.08399963200000002
39.855019999999996,0.514676,-0.09799956800000001
39.8649,0.504468,-0.11549899999999999
39.87478,0.49426099999999995,-0.136499
39.88466,0.48405299999999996,-0.153999
39.89454,0.473846,-0.181999
39.904419999999995,0.463638,-0.209999
39.9143,0.45343,-0.244998
39.92418,0.443223,-0.283498
39.934059999999995,0.433015,-0.332498
39.94394,0.42280799999999996,-0.384998
39.95382,0.41259999999999997,-0.447998
39.963699999999996,0.402393,-0.528497
39.97358,0.392185,-0.626497
39.98346,0.38197699999999996,-0.738496
39.993339999999996,0.37177,-0.881996
40.00322,0.361562,-1.053495
40.0131,0.351355,-1.263494
40.02298,0.341147,-1.522493
40.03286,0.33094,-1.837491
40.042739999999995,0.32073199999999996,-2.21549
40.05262,0.310525,-2.6669880000000004
40.0625,0.300317,-3.1849849999999997
40.072379999999995,0.290109,-3.755483
40.08226,0.279902,-4.33648
40.09214,0.269694,-4.871978
40.102019999999996,0.25948699999999997,-5.281476
40.1119,0.249279,-5.463475
40.12178,0.23907199999999998,-5.354976
40.13166,0.22886399999999998,-4.924478
40.14154,0.218656,-4.245481
40.15142,0.208449,-3.447484
40.1613,0.198241,-2.6844870000000003
40.171184,0.18803399999999998,-2.07549
40.181064,0.17782599999999998,-1.644992
40.190943999999995,0.167619,-1.371993
40.200824,0.157411,-1.217994
40.210704,0.147203,-1.133994
40.220583999999995,0.136996,-1.102495
40.230464,0.12678799999999998,-1.095495
40.240344,0.11658099999999999,-1.109495
40.250223999999996,0.106373,-1.1304949999999998
40.260104,0.096166048,-1.1444940000000001
40.269984,0.08595848,-1.151494
40.279863999999996,0.07575092,-1.1444940000000001
40.289744,0.065543348,-1.1199949999999999
40.299624,0.055335776,-1.0849950000000002
40.309504,0.045128204000000005,-1.046495
40.319384,0.034920632,-1.004495
40.329263999999995,0.024713064,-0.9729949999999999
40.339144,0.014505494,-0.948495
40.349024,0.004297924,-0.9239949999999999
40.358903999999995,-0.005909646,-0.899495
40.368784,-0.016117215,-0.874996
40.378664,-0.026324786000000003,-0.8434959999999999
40.388543999999996,-0.036532356,-0.804996
40.398424,-0.046739924,-0.773496
40.408304,-0.056947496,-0.741996
40.418184,-0.067155064,-0.710496
40.428064,-0.077362632,-0.689496
40.437944,-0.08757020800000001,-0.668497
40.447824,-0.09777777600000001,-0.643997
40.457704,-0.107985,-0.626497
40.467583999999995,-0.11819199999999999,-0.608997
40.477464,-0.1284,-0.5914969999999999
40.487344,-0.13860799999999998,-0.573997
40.497223999999996,-0.148815,-0.563497
40.507104,-0.159023,-0.549497
40.516984,-0.16923,-0.538997
40.526863999999996,-0.179438,-0.528497
40.536744,-0.18964499999999998,-0.521497
40.546624,-0.199853,-0.5074970000000001
40.556504,-0.18964499999999998,-0.363998
40.566384,-0.179438,-0.300998
40.576263999999995,-0.16923,-0.255498
40.586144,-0.159023,-0.220499
40.596024,-0.148815,-0.195999
40.605903999999995,-0.13860799999999998,-0.174999
40.615784,-0.1284,-0.150499
40.625664,-0.11819199999999999,-0.12949899999999998
40.635543999999996,-0.107985,-0.11549899999999999
40.645424,-0.09777777600000001,-0.09799956800000001
40.655304,-0.08757020800000001,-0.08049964
40.665183999999996,-0.077362632,-0.069999688
40.675064,-0.067155064,-0.059499736000000004
40.684944,-0.056947496,-0.04549980000000001
40.694824,-0.046739924,-0.03849982800000001
40.704704,-0.036532356,-0.03149986
40.714583999999995,-0.026324786000000003,-0.020999908000000005
40.724464,-0.016117215,-0.013999938000000002
40.734344,-0.005909646,-0.006999969000000001
40.744223999999996,0.004297924,-0.0034999840000000003
40.754104,0.014505494,0.0
40.763984,0.024713064,0.0
40.773868,0.034920632,0.0034999840000000003
40.783747999999996,0.045128204000000005,0.006999969000000001
40.793628,0.055335776,0.006999969000000001
40.803508,0.065543348,0.010499954000000002
40.813387999999996,0.07575092,0.013999938000000002
40.823268,0.08595848,0.017499922
40.833148,0.096166048,0.020999908000000005
40.843028,0.106373,0.027999876000000003
40.852908,0.11658099999999999,0.034999844
40.862787999999995,0.12678799999999998,0.04199981600000001
40.872668,0.136996,0.048999784000000005
40.882548,0.147203,0.05599975200000001
40.892427999999995,0.157411,0.06299972
40.902308,0.167619,0.066499704
40.912188,0.17782599999999998,0.073499672
40.922067999999996,0.18803399999999998,0.07699965600000001
40.931948,0.198241,0.08049964
40.941828,0.208449,0.08049964
40.951707999999996,0.218656,0.08399963200000002
40.961588,0.22886399999999998,0.08399963200000002
40.971468,0.23907199999999998,0.08399963200000002
40.981348,0.249279,0.087499616
40.991228,0.25948699999999997,0.087499616
41.001107999999995,0.269694,0.087499616
41.010988,0.279902,0.087499616
41.020868,0.290109,0.087499616
41.030747999999996,0.300317,0.09099960000000001
41.040628,0.310525,0.09099960000000001
41.050508,0.32073199999999996,0.09449958400000001
41.060387999999996,0.33094,0.101499
41.070268,0.341147,0.104999
41.080148,0.351355,0.11549899999999999
41.090028,0.361562,0.12949899999999998
41.099908,0.37177,0.14349900000000002
41.109787999999995,0.38197699999999996,0.16799899999999998
41.119668,0.392185,0.195999
41.129548,0.402393,0.23099799999999998
41.139427999999995,0.41259999999999997,0.272998
41.149308,0.42280799999999996,0.318498
41.159188,0.433015,0.370998
41.169067999999996,0.443223,0.430498
41.178948,0.45343,0.48649699999999996
41.188828,0.463638,0.542497
41.198707999999996,0.473846,0.5949969999999999
41.208588,0.48405299999999996,0.640497
41.218468,0.49426099999999995,0.6789959999999999
41.228348,0.504468,0.706996
41.238228,0.514676,0.727996
41.248107999999995,0.524883,0.738496
41.257988,0.535091,0.745496
41.267868,0.545299,0.745496
41.277747999999995,0.5555059999999999,0.741996
41.287628,0.5657139999999999,0.738496
41.297508,0.575921,0.738496
41.307387999999996,0.586129,0.745496
41.317268,0.596336,0.7524959999999999
41.327148,0.606544,0.769996
41.337028,0.616752,0.794496
41.346908,0.6269589999999999,0.825996
41.356788,0.6371669999999999,0.8644959999999999
41.366668,0.647374,0.9064949999999999
41.376548,0.657582,0.9589949999999999
41.386432,0.667789,1.0149949999999999
41.396311999999995,0.677997,1.0849950000000002
41.406192,0.688205,1.161994
41.416072,0.6984119999999999,1.2494939999999999
41.425951999999995,0.7086199999999999,1.354493
41.435832,0.718827,1.473493
41.445712,0.729035,1.609992
41.455591999999996,0.739242,1.7709920000000001
41.465472,0.74945,1.9529910000000001
41.475352,0.7596579999999999,2.16299
41.485231999999996,0.7698649999999999,2.3974889999999998
41.495112,0.780073,2.6599880000000002
41.504992,0.79028,2.946986
41.514872,0.800488,3.258485
41.524752,0.8106949999999999,3.5909829999999996
41.534631999999995,0.8209029999999999,3.944482
41.544512,0.8311109999999999,4.315481
41.554392,0.841318,4.693479
41.564271999999995,0.851526,5.078477
41.574152,0.861733,5.456475
41.584032,0.871941,5.813474
41.593911999999996,0.8821479999999999,6.131972
41.603792,0.8923559999999999,6.401471
41.613672,0.9025639999999999,6.60447
41.623552,0.8923559999999999,5.015477
41.633432,0.8821479999999999,3.825483
41.643312,0.871941,2.950486
41.653192,0.861733,2.299489
41.663072,0.851526,1.812991
41.672951999999995,0.841318,1.4384929999999998
41.682832,0.8311109999999999,1.151494
41.692712,0.8209029999999999,0.927495
41.702591999999996,0.8106949999999999,0.7489959999999999
41.712472,0.800488,0.608997
41.722352,0.79028,0.49699699999999997
41.732231999999996,0.780073,0.405998
41.742112,0.7698649999999999,0.332498
41.751992,0.7596579999999999,0.26949799999999996
41.761872,0.74945,0.220499
41.771752,0.739242,0.181999
41.781631999999995,0.729035,0.14699900000000002
41.791512,0.718827,0.118999
41.801392,0.7086199999999999,0.09799956800000001
41.811271999999995,0.6984119999999999,0.073499672
41.821152,0.688205,0.05599975200000001
41.831032,0.677997,0.048999784000000005
41.840911999999996,0.667789,0.034999844
41.850792,0.657582,0.020999908000000005
41.860672,0.647374,0.013999938000000002
41.870551999999996,0.6371669999999999,0.010499954000000002
41.880432,0.6269589999999999,0.0
41.890312,0.616752,-0.010499954000000002
41.900192,0.606544,-0.010499954000000002
41.910072,0.596336,-0.013999938000000002
41.919951999999995,0.586129,-0.024499892000000002
41.929832,0.575921,-0.03149986
41.939712,0.5657139999999999,-0.03849982800000001
41.949591999999996,0.5555059999999999,-0.048999784000000005
41.959472,0.545299,-0.05599975200000001
41.969352,0.535091,-0.073499672
41.979231999999996,0.524883,-0.08399963200000002
41.989115999999996,0.514676,-0.09799956800000001
41.998996,0.504468,-0.11549899999999999
42.008876,0.49426099999999995,-0.136499
42.018755999999996,0.48405299999999996,-0.157499
42.028636,0.473846,-0.181999
42.038516,0.463638,-0.213499
42.048396,0.45343,-0.244998
42.058276,0.443223,-0.283498
42.068155999999995,0.433015,-0.328998
42.078036,0.42280799999999996,-0.384998
42.087916,0.41259999999999997,-0.45149700000000004
42.097795999999995,0.402393,-0.528497
42.107676,0.392185,-0.626497
42.117556,0.38197699999999996,-0.741996
42.127435999999996,0.37177,-0.8854960000000001
42.137316,0.361562,-1.0569950000000001
42.147196,0.351355,-1.266994
42.157075999999996,0.341147,-1.525993
42.166956,0.33094,-1.840991
42.176836,0.32073199999999996,-2.21899
42.186716,0.310525,-2.6704879999999998
42.196596,0.300317,-3.191985
42.206475999999995,0.290109,-3.7624829999999996
42.216356,0.279902,-4.350479999999999
42.226236,0.269694,-4.885978
42.236115999999996,0.25948699999999997,-5.291976
42.245996,0.249279,-5.4704749999999995
42.255876,0.23907199999999998,-5.354976
42.265755999999996,0.22886399999999998,-4.917478
42.275636,0.218656,-4.234980999999999
42.285516,0.208449,-3.4299839999999997
42.295396,0.198241,-2.6704879999999998
42.305276,0.18803399999999998,-2.0684899999999997
42.315155999999995,0.17782599999999998,-1.6414920000000002
42.325036,0.167619,-1.375493
42.334916,0.157411,-1.2214939999999999
42.344795999999995,0.147203,-1.140994
42.354676,0.136996,-1.109495
42.364556,0.12678799999999998,-1.1059949999999998
42.374435999999996,0.11658099999999999,-1.1199949999999999
42.384316,0.106373,-1.137494
42.394196,0.096166048,-1.154994
42.404075999999996,0.08595848,-1.1584940000000001
42.413956,0.07575092,-1.151494
42.423836,0.065543348,-1.126995
42.433716,0.055335776,-1.091995
42.443596,0.045128204000000005,-1.053495
42.453475999999995,0.034920632,-1.007995
42.463356,0.024713064,-0.9799950000000001
42.473236,0.014505494,-0.951995
42.483115999999995,0.004297924,-0.927495
42.492996,-0.005909646,-0.9064949999999999
42.502876,-0.016117215,-0.878496
42.512755999999996,-0.026324786000000003,-0.8434959999999999
42.522636,-0.036532356,-0.804996
42.532516,-0.046739924,-0.773496
42.542396,-0.056947496,-0.741996
42.552276,-0.067155064,-0.710496
42.562155999999995,-0.077362632,-0.689496
42.572036,-0.08757020800000001,-0.668497
42.581916,-0.09777777600000001,-0.647497
42.5918,-0.107985,-0.626497
42.601679999999995,-0.11819199999999999,-0.608997
42.61156,-0.1284,-0.5949969999999999
42.62144,-0.13860799999999998,-0.573997
42.631319999999995,-0.148815,-0.563497
42.6412,-0.159023,-0.552997
42.65108,-0.16923,-0.538997
42.660959999999996,-0.179438,-0.528497
42.67084,-0.18964499999999998,-0.521497
42.68072,-0.199853,-0.510997
42.690599999999996,-0.18964499999999998,-0.367498
42.70048,-0.179438,-0.304498
42.71036,-0.16923,-0.25899799999999995
42.72024,-0.159023,-0.22749799999999998
42.73012,-0.148815,-0.199499
42.739999999999995,-0.13860799999999998,-0.178499
42.74988,-0.1284,-0.157499
42.75976,-0.11819199999999999,-0.136499
42.769639999999995,-0.107985,-0.118999
42.77952,-0.09777777600000001,-0.101499
42.7894,-0.08757020800000001,-0.087499616
42.799279999999996,-0.077362632,-0.073499672
42.80916,-0.067155064,-0.066499704
42.81904,-0.056947496,-0.05249976800000001
42.82892,-0.046739924,-0.04199981600000001
42.8388,-0.036532356,-0.034999844
42.848679999999995,-0.026324786000000003,-0.027999876000000003
42.85856,-0.016117215,-0.020999908000000005
42.86844,-0.005909646,-0.013999938000000002
42.878319999999995,0.004297924,-0.010499954000000002
42.8882,0.014505494,-0.0034999840000000003
42.89808,0.024713064,0.0
42.907959999999996,0.034920632,0.0
42.91784,0.045128204000000005,0.0
42.92772,0.055335776,0.0034999840000000003
42.937599999999996,0.065543348,0.0034999840000000003
42.94748,0.07575092,0.006999969000000001
42.95736,0.08595848,0.010499954000000002
42.96724,0.096166048,0.017499922
42.97712,0.106373,0.024499892000000002
42.986999999999995,0.11658099999999999,0.03149986
42.99688,0.12678799999999998,0.03849982800000001
43.00676,0.136996,0.04549980000000001
43.016639999999995,0.147203,0.05249976800000001
43.02652,0.157411,0.059499736000000004
43.0364,0.167619,0.06299972
43.046279999999996,0.17782599999999998,0.069999688
43.05616,0.18803399999999998,0.073499672
43.06604,0.198241,0.07699965600000001
43.075919999999996,0.208449,0.07699965600000001
43.0858,0.218656,0.08049964
43.09568,0.22886399999999998,0.08399963200000002
43.10556,0.23907199999999998,0.08049964
43.11544,0.249279,0.08399963200000002
43.125319999999995,0.25948699999999997,0.087499616
43.1352,0.269694,0.087499616
43.14508,0.279902,0.087499616
43.154959999999996,0.290109,0.087499616
43.16484,0.300317,0.09099960000000001
43.17472,0.310525,0.09099960000000001
43.184599999999996,0.32073199999999996,0.09449958400000001
43.194483999999996,0.33094,0.09799956800000001
43.204364,0.341147,0.104999
43.214244,0.351355,0.11549899999999999
43.224123999999996,0.361562,0.12949899999999998
43.234004,0.37177,0.14699900000000002
43.243884,0.38197699999999996,0.17149899999999998
43.253764,0.392185,0.199499
43.263644,0.402393,0.23449799999999998
43.273523999999995,0.41259999999999997,0.276498
43.283404,0.42280799999999996,0.328998
43.293284,0.433015,0.384998
43.303163999999995,0.443223,0.440998
43.313044,0.45343,0.5004970000000001
43.322924,0.463638,0.556497
43.332803999999996,0.473846,0.608997
43.342684,0.48405299999999996,0.654497
43.352564,0.49426099999999995,0.692996
43.362443999999996,0.504468,0.720996
43.372324,0.514676,0.738496
43.382204,0.524883,0.7489959999999999
43.392084,0.535091,0.7524959999999999
43.401964,0.545299,0.7489959999999999
43.411843999999995,0.5555059999999999,0.745496
43.421724,0.5657139999999999,0.741996
43.431604,0.575921,0.741996
43.441483999999996,0.586129,0.7489959999999999
43.451364,0.596336,0.759496
43.461244,0.606544,0.776996
43.471123999999996,0.616752,0.801496
43.481004,0.6269589999999999,0.8364959999999999
43.490884,0.6371669999999999,0.874996
43.500764,0.647374,0.920495
43.510644,0.657582,0.9694950000000001
43.520523999999995,0.667789,1.0289949999999999
43.530404,0.677997,1.098995
43.540284,0.688205,1.175994
43.550163999999995,0.6984119999999999,1.263494
43.560044,0.7086199999999999,1.368493
43.569924,0.718827,1.487493
43.579803999999996,0.729035,1.623992
43.589684,0.739242,1.7849920000000001
43.599564,0.74945,1.966991
43.609443999999996,0.7596579999999999,2.1734899999999997
43.619324,0.7698649999999999,2.404489
43.629204,0.780073,2.663488
43.639084,0.79028,2.950486
43.648964,0.800488,3.254985
43.658843999999995,0.8106949999999999,3.587483
43.668724,0.8209029999999999,3.9374819999999997
43.678604,0.8311109999999999,4.30148
43.688483999999995,0.841318,4.675979
43.698364,0.851526,5.057477
43.708244,0.861733,5.4319749999999996
43.718123999999996,0.871941,5.785474
43.728004,0.8821479999999999,6.103972
43.737884,0.8923559999999999,6.369971
43.747764,0.9025639999999999,6.56947
43.757644,0.8923559999999999,4.990977
43.767523999999995,0.8821479999999999,3.811482
43.777404,0.871941,2.9399859999999998
43.787284,0.861733,2.288989
43.797163999999995,0.851526,1.802492
43.807047999999995,0.841318,1.431493
43.816928,0.8311109999999999,1.1444940000000001
43.826808,0.8209029999999999,0.920495
43.836687999999995,0.8106949999999999,0.745496
43.846568,0.800488,0.605497
43.856448,0.79028,0.493497
43.866327999999996,0.780073,0.405998
43.876208,0.7698649999999999,0.328998
43.886088,0.7596579999999999,0.26949799999999996
43.895967999999996,0.74945,0.220499
43.905848,0.739242,0.181999
43.915728,0.729035,0.14349900000000002
43.925608,0.718827,0.11549899999999999
43.935488,0.7086199999999999,0.09449958400000001
43.945367999999995,0.6984119999999999,0.07699965600000001
43.955248,0.688205,0.05599975200000001
43.965128,0.677997,0.048999784000000005
43.975007999999995,0.667789,0.034999844
43.984888,0.657582,0.020999908000000005
43.994768,0.647374,0.013999938000000002
44.004647999999996,0.6371669999999999,0.010499954000000002
44.014528,0.6269589999999999,0.0
44.024408,0.616752,-0.006999969000000001
44.034288,0.606544,-0.006999969000000001
44.044168,0.596336,-0.013999938000000002
44.054047999999995,0.586129,-0.024499892000000002
44.063928,0.575921,-0.027999876000000003
44.073808,0.5657139999999999,-0.03849982800000001
44.083687999999995,0.5555059999999999,-0.04549980000000001
44.093568,0.545299,-0.059499736000000004
44.103448,0.535091,-0.073499672
44.113327999999996,0.524883,-0.08399963200000002
44.123208,0.514676,-0.09449958400000001
44.133088,0.504468,-0.11549899999999999
44.142967999999996,0.49426099999999995,-0.136499
44.152848,0.48405299999999996,-0.153999
44.162728,0.473846,-0.181999
44.172608,0.463638,-0.209999
44.182488,0.45343,-0.244998
44.192367999999995,0.443223,-0.283498
44.202248,0.433015,-0.332498
44.212128,0.42280799999999996,-0.384998
44.222007999999995,0.41259999999999997,-0.447998
44.231888,0.402393,-0.528497
44.241768,0.392185,-0.626497
44.251647999999996,0.38197699999999996,-0.741996
44.261528,0.37177,-0.8854960000000001
44.271408,0.361562,-1.060495
44.281287999999996,0.351355,-1.270494
44.291168,0.341147,-1.529493
44.301048,0.33094,-1.844491
44.310928,0.32073199999999996,-2.22599
44.320808,0.310525,-2.6809879999999997
44.330687999999995,0.300317,-3.2024850000000002
44.340568,0.290109,-3.772983
44.350448,0.279902,-4.36098
44.360327999999996,0.269694,-4.896478
44.370208,0.25948699999999997,-5.3024759999999995
44.380088,0.249279,-5.477474999999999
44.389967999999996,0.23907199999999998,-5.354976
44.399848,0.22886399999999998,-4.913977999999999
44.409732,0.218656,-4.224481
44.419612,0.208449,-3.419484
44.429491999999996,0.198241,-2.663488
44.439372,0.18803399999999998,-2.0614899999999996
44.449252,0.17782599999999998,-1.6379920000000001
44.459132,0.167619,-1.375493
44.469012,0.157411,-1.224994
44.478891999999995,0.147203,-1.1444940000000001
44.488772,0.136996,-1.1164949999999998
44.498652,0.12678799999999998,-1.1164949999999998
44.508531999999995,0.11658099999999999,-1.1304949999999998
44.518412,0.106373,-1.147994
44.528292,0.096166048,-1.165494
44.538171999999996,0.08595848,-1.168994
44.548052,0.07575092,-1.1584940000000001
44.557932,0.065543348,-1.1304949999999998
44.567811999999996,0.055335776,-1.095495
44.577692,0.045128204000000005,-1.0569950000000001
44.587571999999994,0.034920632,-1.011495
44.597452,0.024713064,-0.9799950000000001
44.607332,0.014505494,-0.951995
44.617211999999995,0.004297924,-0.930995
44.627092,-0.005909646,-0.9064949999999999
44.636972,-0.016117215,-0.878496
44.646851999999996,-0.026324786000000003,-0.8434959999999999
44.656732,-0.036532356,-0.804996
44.666612,-0.046739924,-0.773496
44.676491999999996,-0.056947496,-0.741996
44.686372,-0.067155064,-0.713996
44.696252,-0.077362632,-0.692996
44.706132,-0.08757020800000001,-0.671997
44.716012,-0.09777777600000001,-0.647497
44.725891999999995,-0.107985,-0.626497
44.735772,-0.11819199999999999,-0.608997
44.745652,-0.1284,-0.5914969999999999
44.755531999999995,-0.13860799999999998,-0.577497
44.765412,-0.148815,-0.566997
44.775292,-0.159023,-0.552997
44.785171999999996,-0.16923,-0.538997
44.795052,-0.179438,-0.528497
44.804932,-0.18964499999999998,-0.521497
44.814811999999996,-0.199853,-0.510997
44.824692,-0.18964499999999998,-0.370998
44.834572,-0.179438,-0.307998
44.844452,-0.16923,-0.26599799999999996
44.854332,-0.159023,-0.22749799999999998
44.864211999999995,-0.148815,-0.202999
44.874092,-0.13860799999999998,-0.181999
44.883972,-0.1284,-0.160999
44.893851999999995,-0.11819199999999999,-0.139999
44.903732,-0.107985,-0.122499
44.913612,-0.09777777600000001,-0.108499
44.923491999999996,-0.08757020800000001,-0.09099960000000001
44.933372,-0.077362632,-0.08049964
44.943252,-0.067155064,-0.073499672
44.953132,-0.056947496,-0.059499736000000004
44.963012,-0.046739924,-0.048999784000000005
44.972891999999995,-0.036532356,-0.04199981600000001
44.982772,-0.026324786000000003,-0.034999844
44.992652,-0.016117215,-0.027999876000000003
45.002531999999995,-0.005909646,-0.020999908000000005
45.012415999999995,0.004297924,-0.017499922
45.022296,0.014505494,-0.010499954000000002
45.032176,0.024713064,-0.006999969000000001
45.042055999999995,0.034920632,-0.006999969000000001
45.051936,0.045128204000000005,-0.0034999840000000003
45.061816,0.055335776,0.0
45.071695999999996,0.065543348,0.0
45.081576,0.07575092,0.0034999840000000003
45.091456,0.08595848,0.006999969000000001
45.101335999999996,0.096166048,0.013999938000000002
45.111216,0.106373,0.017499922
45.121096,0.11658099999999999,0.027999876000000003
45.130976,0.12678799999999998,0.034999844
45.140856,0.136996,0.03849982800000001
45.150735999999995,0.147203,0.048999784000000005
45.160616,0.157411,0.05599975200000001
45.170496,0.167619,0.06299972
45.180375999999995,0.17782599999999998,0.066499704
45.190256,0.18803399999999998,0.069999688
45.200136,0.198241,0.073499672
45.210015999999996,0.208449,0.07699965600000001
45.219896,0.218656,0.08049964
45.229776,0.22886399999999998,0.08049964
45.239656,0.23907199999999998,0.08049964
45.249536,0.249279,0.08399963200000002
45.259415999999995,0.25948699999999997,0.08399963200000002
45.269296,0.269694,0.08399963200000002
45.279176,0.279902,0.087499616
45.289055999999995,0.290109,0.087499616
45.298936,0.300317,0.087499616
45.308816,0.310525,0.09099960000000001
45.318695999999996,0.32073199999999996,0.09449958400000001
45.328576,0.33094,0.09799956800000001
45.338456,0.341147,0.104999
45.348335999999996,0.351355,0.11549899999999999
45.358216,0.361562,0.12949899999999998
45.368096,0.37177,0.14699900000000002
45.377976,0.38197699999999996,0.17149899999999998
45.387856,0.392185,0.202999
45.397735999999995,0.402393,0.237998
45.407616,0.41259999999999997,0.283498
45.417496,0.42280799999999996,0.33599799999999996
45.427375999999995,0.433015,0.391998
45.437256,0.443223,0.45149700000000004
45.447136,0.45343,0.510997
45.457015999999996,0.463638,0.573997
45.466896,0.473846,0.626497
45.476776,0.48405299999999996,0.671997
45.486655999999996,0.49426099999999995,0.710496
45.496536,0.504468,0.734996
45.506415999999994,0.514676,0.7524959999999999
45.516296,0.524883,0.759496
45.526176,0.535091,0.7629959999999999
45.536055999999995,0.545299,0.759496
45.545936,0.5555059999999999,0.7524959999999999
45.555816,0.5657139999999999,0.7489959999999999
45.565695999999996,0.575921,0.7489959999999999
45.575576,0.586129,0.7524959999999999
45.585456,0.596336,0.766496
45.595335999999996,0.606544,0.783996
45.605216,0.616752,0.811996
45.6151,0.6269589999999999,0.8434959999999999
45.62498,0.6371669999999999,0.8854960000000001
45.634859999999996,0.647374,0.930995
45.64474,0.657582,0.983495
45.65462,0.667789,1.046495
45.6645,0.677997,1.112995
45.67438,0.688205,1.1934939999999998
45.684259999999995,0.6984119999999999,1.280994
45.69414,0.7086199999999999,1.382493
45.70402,0.718827,1.501493
45.713899999999995,0.729035,1.6414920000000002
45.72378,0.739242,1.798991
45.73366,0.74945,1.977491
45.743539999999996,0.7596579999999999,2.18399
45.75342,0.7698649999999999,2.411489
45.7633,0.780073,2.6669880000000004
45.773179999999996,0.79028,2.950486
45.78306,0.800488,3.258485
45.792939999999994,0.8106949999999999,3.5804839999999998
45.80282,0.8209029999999999,3.930482
45.8127,0.8311109999999999,4.2909809999999995
45.822579999999995,0.841318,4.661979
45.83246,0.851526,5.0399769999999995
45.84234,0.861733,5.414476
45.852219999999996,0.871941,5.760974
45.8621,0.8821479999999999,6.079473
45.87198,0.8923559999999999,6.341971
45.881859999999996,0.9025639999999999,6.5414699999999995
45.89174,0.8923559999999999,4.969977
45.90162,0.8821479999999999,3.793983
45.9115,0.871941,2.9294860000000003
45.92138,0.861733,2.281989
45.931259999999995,0.851526,1.798991
45.94114,0.841318,1.4279929999999998
45.95102,0.8311109999999999,1.1444940000000001
45.960899999999995,0.8209029999999999,0.920495
45.97078,0.8106949999999999,0.745496
45.98066,0.800488,0.605497
45.990539999999996,0.79028,0.493497
46.00042,0.780073,0.402498
46.0103,0.7698649999999999,0.328998
46.020179999999996,0.7596579999999999,0.26949799999999996
46.03006,0.74945,0.220499
46.03994,0.739242,0.178499
46.04982,0.729035,0.14349900000000002
46.0597,0.718827,0.11549899999999999
46.069579999999995,0.7086199999999999,0.09799956800000001
46.07946,0.6984119999999999,0.07699965600000001
46.08934,0.688205,0.05599975200000001
46.099219999999995,0.677997,0.048999784000000005
46.1091,0.667789,0.034999844
46.11898,0.657582,0.020999908000000005
46.128859999999996,0.647374,0.013999938000000002
46.13874,0.6371669999999999,0.010499954000000002
46.14862,0.6269589999999999,0.0
46.1585,0.616752,-0.010499954000000002
46.16838,0.606544,-0.006999969000000001
46.178259999999995,0.596336,-0.013999938000000002
46.18814,0.586129,-0.024499892000000002
46.19802,0.575921,-0.03149986
46.207899999999995,0.5657139999999999,-0.03849982800000001
46.21778,0.5555059999999999,-0.04549980000000001
46.227664,0.545299,-0.059499736000000004
46.237544,0.535091,-0.073499672
46.247423999999995,0.524883,-0.08399963200000002
46.257304,0.514676,-0.09449958400000001
46.267184,0.504468,-0.11549899999999999
46.277063999999996,0.49426099999999995,-0.136499
46.286944,0.48405299999999996,-0.153999
46.296824,0.473846,-0.178499
46.306703999999996,0.463638,-0.209999
46.316584,0.45343,-0.244998
46.326464,0.443223,-0.283498
46.336344,0.433015,-0.328998
46.346224,0.42280799999999996,-0.384998
46.356103999999995,0.41259999999999997,-0.447998
46.365984,0.402393,-0.528497
46.375864,0.392185,-0.626497
46.385743999999995,0.38197699999999996,-0.741996
46.395624,0.37177,-0.881996
46.405504,0.361562,-1.060495
46.415383999999996,0.351355,-1.270494
46.425264,0.341147,-1.532993
46.435144,0.33094,-1.847991
46.445024,0.32073199999999996,-2.22949
46.454904,0.310525,-2.6844870000000003
46.464783999999995,0.300317,-3.209485
46.474664,0.290109,-3.779983
46.484544,0.279902,-4.36798
46.494423999999995,0.269694,-4.906978
46.504304,0.25948699999999997,-5.305976
46.514184,0.249279,-5.484475
46.524063999999996,0.23907199999999998,-5.354976
46.533944,0.22886399999999998,-4.906978
46.543824,0.218656,-4.213981
46.553703999999996,0.208449,-3.405484
46.563584,0.198241,-2.652988
46.573464,0.18803399999999998,-2.05449
46.583344,0.17782599999999998,-1.634492
46.593224,0.167619,-1.375493
46.603103999999995,0.157411,-1.224994
46.612984,0.147203,-1.151494
46.622864,0.136996,-1.1199949999999999
46.632743999999995,0.12678799999999998,-1.123494
46.642624,0.11658099999999999,-1.137494
46.652504,0.106373,-1.154994
46.662383999999996,0.096166048,-1.1724940000000001
46.672264,0.08595848,-1.175994
46.682144,0.07575092,-1.161994
46.692023999999996,0.065543348,-1.137494
46.701904,0.055335776,-1.098995
46.711783999999994,0.045128204000000005,-1.0569950000000001
46.721664,0.034920632,-1.0149949999999999
46.731544,0.024713064,-0.983495
46.741423999999995,0.014505494,-0.9589949999999999
46.751304,0.004297924,-0.930995
46.761184,-0.005909646,-0.9099949999999999
46.771063999999996,-0.016117215,-0.881996
46.780944,-0.026324786000000003,-0.846996
46.790824,-0.036532356,-0.808496
46.800703999999996,-0.046739924,-0.773496
46.810584,-0.056947496,-0.745496
46.820464,-0.067155064,-0.717496
46.830348,-0.077362632,-0.692996
46.840227999999996,-0.08757020800000001,-0.671997
46.850108,-0.09777777600000001,-0.647497
46.859988,-0.107985,-0.626497
46.869868,-0.11819199999999999,-0.612497
46.879748,-0.1284,-0.5914969999999999
46.889627999999995,-0.13860799999999998,-0.573997
46.899508,-0.148815,-0.563497
46.909388,-0.159023,-0.549497
46.919267999999995,-0.16923,-0.538997
46.929148,-0.179438,-0.528497
46.939028,-0.18964499999999998,-0.521497
46.948907999999996,-0.199853,-0.5074970000000001
46.958788,-0.18964499999999998,-0.370998
46.968668,-0.179438,-0.307998
46.978547999999996,-0.16923,-0.26599799999999996
46.988428,-0.159023,-0.23099799999999998
46.998307999999994,-0.148815,-0.206499
47.008188,-0.13860799999999998,-0.185499
47.018068,-0.1284,-0.164499
47.027947999999995,-0.11819199999999999,-0.14699900000000002
47.037828,-0.107985,-0.12949899999999998
47.047708,-0.09777777600000001,-0.111999
47.057587999999996,-0.08757020800000001,-0.09799956800000001
47.067468,-0.077362632,-0.087499616
47.077348,-0.067155064,-0.07699965600000001
47.087227999999996,-0.056947496,-0.06299972
47.097108,-0.046739924,-0.05249976800000001
47.106988,-0.036532356,-0.048999784000000005
47.116868,-0.026324786000000003,-0.03849982800000001
47.126748,-0.016117215,-0.03149986
47.136627999999995,-0.005909646,-0.024499892000000002
47.146508,0.004297924,-0.020999908000000005
47.156388,0.014505494,-0.017499922
47.166267999999995,0.024713064,-0.010499954000000002
47.176148,0.034920632,-0.010499954000000002
47.186028,0.045128204000000005,-0.006999969000000001
47.195907999999996,0.055335776,-0.0034999840000000003
47.205788,0.065543348,-0.0034999840000000003
47.215668,0.07575092,0.0
47.225547999999996,0.08595848,0.0034999840000000003
47.235428,0.096166048,0.006999969000000001
47.245308,0.106373,0.013999938000000002
47.255188,0.11658099999999999,0.024499892000000002
47.265068,0.12678799999999998,0.03149986
47.274947999999995,0.136996,0.03849982800000001
47.284828,0.147203,0.048999784000000005
47.294708,0.157411,0.05599975200000001
47.304587999999995,0.167619,0.059499736000000004
47.314468,0.17782599999999998,0.066499704
47.324348,0.18803399999999998,0.069999688
47.334227999999996,0.198241,0.073499672
47.344108,0.208449,0.07699965600000001
47.353988,0.218656,0.07699965600000001
47.363868,0.22886399999999998,0.08049964
47.373748,0.23907199999999998,0.08049964
47.383627999999995,0.249279,0.08049964
47.393508,0.25948699999999997,0.08399963200000002
47.403388,0.269694,0.08399963200000002
47.413267999999995,0.279902,0.08399963200000002
47.423148,0.290109,0.087499616
47.433032,0.300317,0.087499616
47.442912,0.310525,0.09099960000000001
47.452791999999995,0.32073199999999996,0.09449958400000001
47.462672,0.33094,0.09799956800000001
47.472552,0.341147,0.104999
47.482431999999996,0.351355,0.11549899999999999
47.492312,0.361562,0.12949899999999998
47.502192,0.37177,0.150499
47.512071999999996,0.38197699999999996,0.174999
47.521952,0.392185,0.206499
47.531831999999994,0.402393,0.244998
47.541712,0.41259999999999997,0.29049800000000003
47.551592,0.42280799999999996,0.34299799999999997
47.561471999999995,0.433015,0.402498
47.571352,0.443223,0.465497
47.581232,0.45343,0.528497
47.591111999999995,0.463638,0.587997
47.600992,0.473846,0.640497
47.610872,0.48405299999999996,0.6859959999999999
47.620751999999996,0.49426099999999995,0.720996
47.630632,0.504468,0.7489959999999999
47.640512,0.514676,0.7629959999999999
47.650392,0.524883,0.769996
47.660272,0.535091,0.769996
47.670151999999995,0.545299,0.7629959999999999
47.680032,0.5555059999999999,0.759496
47.689912,0.5657139999999999,0.7524959999999999
47.699791999999995,0.575921,0.7524959999999999
47.709672,0.586129,0.7559959999999999
47.719552,0.596336,0.769996
47.729431999999996,0.606544,0.790996
47.739312,0.616752,0.8189960000000001
47.749192,0.6269589999999999,0.853996
47.759071999999996,0.6371669999999999,0.895996
47.768952,0.647374,0.941495
47.778832,0.657582,0.997495
47.788712,0.667789,1.060495
47.798592,0.677997,1.1304949999999998
47.808471999999995,0.688205,1.2074939999999998
47.818352,0.6984119999999999,1.298494
47.828232,0.7086199999999999,1.399993
47.838111999999995,0.718827,1.515493
47.847992,0.729035,1.651992
47.857872,0.739242,1.809491
47.867751999999996,0.74945,1.991491
47.877632,0.7596579999999999,2.19449
47.887512,0.7698649999999999,2.421989
47.897391999999996,0.780073,2.673988
47.907272,0.79028,2.953986
47.917151999999994,0.800488,3.254985
47.927032,0.8106949999999999,3.5804839999999998
47.936912,0.8209029999999999,3.9199819999999996
47.946791999999995,0.8311109999999999,4.280481
47.956672,0.841318,4.647979
47.966552,0.851526,5.022477
47.976431999999996,0.861733,5.3934750000000005
47.986312,0.871941,5.739974
47.996192,0.8821479999999999,6.0514719999999995
48.006071999999996,0.8923559999999999,6.317471
48.015952,0.9025639999999999,6.51697
48.025832,0.8923559999999999,4.952477
48.035716,0.8821479999999999,3.779983
48.045595999999996,0.871941,2.915487
48.055476,0.861733,2.274989
48.065356,0.851526,1.791992
48.075236,0.841318,1.4244929999999998
48.085116,0.8311109999999999,1.140994
48.094995999999995,0.8209029999999999,0.9169949999999999
48.104876,0.8106949999999999,0.741996
48.114756,0.800488,0.601997
48.124635999999995,0.79028,0.489997
48.134516,0.780073,0.402498
48.144396,0.7698649999999999,0.325498
48.154275999999996,0.7596579999999999,0.26599799999999996
48.164156,0.74945,0.220499
48.174036,0.739242,0.178499
48.183915999999996,0.729035,0.14349900000000002
48.193796,0.718827,0.11549899999999999
48.203675999999994,0.7086199999999999,0.09449958400000001
48.213556,0.6984119999999999,0.073499672
48.223436,0.688205,0.05599975200000001
48.233315999999995,0.677997,0.048999784000000005
48.243196,0.667789,0.034999844
48.253076,0.657582,0.020999908000000005
48.262955999999996,0.647374,0.013999938000000002
48.272836,0.6371669999999999,0.006999969000000001
48.282716,0.6269589999999999,0.0
48.292595999999996,0.616752,-0.006999969000000001
48.302476,0.606544,-0.006999969000000001
48.312356,0.596336,-0.013999938000000002
48.322236,0.586129,-0.024499892000000002
48.332116,0.575921,-0.027999876000000003
48.341995999999995,0.5657139999999999,-0.03849982800000001
48.351876,0.5555059999999999,-0.04549980000000001
48.361756,0.545299,-0.05599975200000001
48.371635999999995,0.535091,-0.073499672
48.381516,0.524883,-0.08399963200000002
48.391396,0.514676,-0.09449958400000001
48.401275999999996,0.504468,-0.11549899999999999
48.411156,0.49426099999999995,-0.136499
48.421036,0.48405299999999996,-0.153999
48.430915999999996,0.473846,-0.181999
48.440796,0.463638,-0.209999
48.450675999999994,0.45343,-0.244998
48.460556,0.443223,-0.283498
48.470436,0.433015,-0.328998
48.480315999999995,0.42280799999999996,-0.384998
48.490196,0.41259999999999997,-0.447998
48.500076,0.402393,-0.5319969999999999
48.509955999999995,0.392185,-0.626497
48.519836,0.38197699999999996,-0.745496
48.529716,0.37177,-0.8854960000000001
48.539595999999996,0.361562,-1.060495
48.549476,0.351355,-1.273994
48.559356,0.341147,-1.532993
48.569236,0.33094,-1.851491
48.579116,0.32073199999999996,-2.2329899999999996
48.588995999999995,0.310525,-2.691488
48.598876,0.300317,-3.216485
48.608756,0.290109,-3.790483
48.618635999999995,0.279902,-4.37848
48.628516,0.269694,-4.913977999999999
48.638396,0.25948699999999997,-5.316476
48.64828,0.249279,-5.487975
48.658159999999995,0.23907199999999998,-5.351476
48.66804,0.22886399999999998,-4.899977999999999
48.67792,0.218656,-4.203481
48.687799999999996,0.208449,-3.391484
48.69768,0.198241,-2.6424879999999997
48.70756,0.18803399999999998,-2.04749
48.717439999999996,0.17782599999999998,-1.634492
48.72732,0.167619,-1.375493
48.737199999999994,0.157411,-1.228494
48.74708,0.147203,-1.1584940000000001
48.75696,0.136996,-1.126995
48.766839999999995,0.12678799999999998,-1.1304949999999998
48.77672,0.11658099999999999,-1.147994
48.7866,0.106373,-1.165494
48.796479999999995,0.096166048,-1.179494
48.80636,0.08595848,-1.1829939999999999
48.81624,0.07575092,-1.168994
48.826119999999996,0.065543348,-1.140994
48.836,0.055335776,-1.102495
48.84588,0.045128204000000005,-1.060495
48.85576,0.034920632,-1.018495
48.86564,0.024713064,-0.9869949999999998
48.875519999999995,0.014505494,-0.962495
48.8854,0.004297924,-0.937995
48.89528,-0.005909646,-0.913495
48.905159999999995,-0.016117215,-0.881996
48.91504,-0.026324786000000003,-0.846996
48.92492,-0.036532356,-0.808496
48.934799999999996,-0.046739924,-0.776996
48.94468,-0.056947496,-0.745496
48.95456,-0.067155064,-0.717496
48.964439999999996,-0.077362632,-0.692996
48.97432,-0.08757020800000001,-0.671997
48.9842,-0.09777777600000001,-0.650997
48.99408,-0.107985,-0.626497
49.00396,-0.11819199999999999,-0.612497
49.013839999999995,-0.1284,-0.5914969999999999
49.02372,-0.13860799999999998,-0.573997
49.0336,-0.148815,-0.566997
49.043479999999995,-0.159023,-0.552997
49.05336,-0.16923,-0.538997
49.06324,-0.179438,-0.5319969999999999
49.073119999999996,-0.18964499999999998,-0.521497
49.083,-0.199853,-0.514497
49.09288,-0.18964499999999998,-0.370998
49.102759999999996,-0.179438,-0.307998
49.11264,-0.16923,-0.26949799999999996
49.122519999999994,-0.159023,-0.23449799999999998
49.1324,-0.148815,-0.209999
49.14228,-0.13860799999999998,-0.192499
49.152159999999995,-0.1284,-0.16799899999999998
49.16204,-0.11819199999999999,-0.14699900000000002
49.17192,-0.107985,-0.13299899999999998
49.181799999999996,-0.09777777600000001,-0.118999
49.19168,-0.08757020800000001,-0.101499
49.20156,-0.077362632,-0.09099960000000001
49.211439999999996,-0.067155064,-0.08049964
49.22132,-0.056947496,-0.066499704
49.2312,-0.046739924,-0.059499736000000004
49.24108,-0.036532356,-0.05249976800000001
49.250963999999996,-0.026324786000000003,-0.04199981600000001
49.260844,-0.016117215,-0.034999844
49.270724,-0.005909646,-0.03149986
49.280604,0.004297924,-0.027999876000000003
49.290484,0.014505494,-0.020999908000000005
49.300363999999995,0.024713064,-0.017499922
49.310244,0.034920632,-0.017499922
49.320124,0.045128204000000005,-0.013999938000000002
49.330003999999995,0.055335776,-0.010499954000000002
49.339884,0.065543348,-0.006999969000000001
49.349764,0.07575092,-0.0034999840000000003
49.359643999999996,0.08595848,0.0
49.369524,0.096166048,0.0034999840000000003
49.379404,0.106373,0.010499954000000002
49.389283999999996,0.11658099999999999,0.020999908000000005
49.399164,0.12678799999999998,0.027999876000000003
49.409043999999994,0.136996,0.034999844
49.418924,0.147203,0.04549980000000001
49.428804,0.157411,0.05249976800000001
49.438683999999995,0.167619,0.059499736000000004
49.448564,0.17782599999999998,0.066499704
49.458444,0.18803399999999998,0.069999688
49.468323999999996,0.198241,0.073499672
49.478204,0.208449,0.073499672
49.488084,0.218656,0.07699965600000001
49.497963999999996,0.22886399999999998,0.08049964
49.507844,0.23907199999999998,0.08049964
49.517724,0.249279,0.08049964
49.527604,0.25948699999999997,0.08399963200000002
49.537484,0.269694,0.08399963200000002
49.547363999999995,0.279902,0.08399963200000002
49.557244,0.290109,0.087499616
49.567124,0.300317,0.087499616
49.577003999999995,0.310525,0.09099960000000001
49.586884,0.32073199999999996,0.09449958400000001
49.596764,0.33094,0.09799956800000001
49.606643999999996,0.341147,0.104999
49.616524,0.351355,0.11549899999999999
49.626404,0.361562,0.12949899999999998
49.636283999999996,0.37177,0.150499
49.646164,0.38197699999999996,0.174999
49.656043999999994,0.392185,0.209999
49.665924,0.402393,0.24849799999999997
49.675804,0.41259999999999997,0.29399800000000004
49.685683999999995,0.42280799999999996,0.349998
49.695564,0.433015,0.40949800000000003
49.705444,0.443223,0.475997
49.715323999999995,0.45343,0.538997
49.725204,0.463638,0.601997
49.735084,0.473846,0.654497
49.744963999999996,0.48405299999999996,0.699996
49.754844,0.49426099999999995,0.734996
49.764724,0.504468,0.759496
49.774604,0.514676,0.773496
49.784484,0.524883,0.776996
49.794363999999995,0.535091,0.776996
49.804244,0.545299,0.769996
49.814124,0.5555059999999999,0.7629959999999999
49.824003999999995,0.5657139999999999,0.7559959999999999
49.833884,0.575921,0.7559959999999999
49.843764,0.586129,0.7629959999999999
49.853648,0.596336,0.776996
49.863527999999995,0.606544,0.797996
49.873408,0.616752,0.825996
49.883288,0.6269589999999999,0.8644959999999999
49.893167999999996,0.6371669999999999,0.9064949999999999
49.903048,0.647374,0.9589949999999999
49.912928,0.657582,1.0149949999999999
49.922807999999996,0.667789,1.074495
49.932688,0.677997,1.1444940000000001
49.942567999999994,0.688205,1.224994
49.952448,0.6984119999999999,1.312494
49.962328,0.7086199999999999,1.413993
49.972207999999995,0.718827,1.532993
49.982088,0.729035,1.669492
49.991968,0.739242,1.823491
50.001847999999995,0.74945,2.001991
50.011728,0.7596579999999999,2.20149
50.021608,0.7698649999999999,2.428989
50.031487999999996,0.780073,2.677488
50.041368,0.79028,2.953986
50.051248,0.800488,3.254985
50.061128,0.8106949999999999,3.5734839999999997
50.071008,0.8209029999999999,3.9129819999999995
50.080887999999995,0.8311109999999999,4.266481000000001
50.090768,0.841318,4.633979
50.100648,0.851526,5.004977
50.110527999999995,0.861733,5.372476
50.120408,0.871941,5.715474
50.130288,0.8821479999999999,6.026972
50.140167999999996,0.8923559999999999,6.292971
50.150048,0.9025639999999999,6.49247
50.159928,0.8923559999999999,4.931478
50.169807999999996,0.8821479999999999,3.765983
50.179688,0.871941,2.908487
50.189567999999994,0.861733,2.267989
50.199448,0.851526,1.788492
50.209328,0.841318,1.417493
50.219207999999995,0.8311109999999999,1.137494
50.229088,0.8209029999999999,0.913495
50.238968,0.8106949999999999,0.738496
50.248847999999995,0.800488,0.601997
50.258728,0.79028,0.489997
50.268608,0.780073,0.398998
50.278487999999996,0.7698649999999999,0.325498
50.288368,0.7596579999999999,0.26599799999999996
50.298248,0.74945,0.216999
50.308127999999996,0.739242,0.178499
50.318008,0.729035,0.14349900000000002
50.327887999999994,0.718827,0.111999
50.337768,0.7086199999999999,0.09449958400000001
50.347648,0.6984119999999999,0.073499672
50.357527999999995,0.688205,0.05599975200000001
50.367408,0.677997,0.04549980000000001
50.377288,0.667789,0.03149986
50.387167999999996,0.657582,0.020999908000000005
50.397048,0.647374,0.010499954000000002
50.406928,0.6371669999999999,0.006999969000000001
50.416807999999996,0.6269589999999999,0.0
50.426688,0.616752,-0.010499954000000002
50.436568,0.606544,-0.010499954000000002
50.446448,0.596336,-0.013999938000000002
50.456331999999996,0.586129,-0.024499892000000002
50.466212,0.575921,-0.03149986
50.476091999999994,0.5657139999999999,-0.03849982800000001
50.485972,0.5555059999999999,-0.048999784000000005
50.495852,0.545299,-0.059499736000000004
50.505731999999995,0.535091,-0.073499672
50.515612,0.524883,-0.08399963200000002
50.525492,0.514676,-0.09449958400000001
50.535371999999995,0.504468,-0.11549899999999999
50.545252,0.49426099999999995,-0.136499
50.555132,0.48405299999999996,-0.153999
50.565011999999996,0.473846,-0.181999
50.574892,0.463638,-0.209999
50.584772,0.45343,-0.244998
50.594651999999996,0.443223,-0.283498
50.604532,0.433015,-0.332498
50.614411999999994,0.42280799999999996,-0.388498
50.624292,0.41259999999999997,-0.45149700000000004
50.634172,0.402393,-0.5319969999999999
50.644051999999995,0.392185,-0.629997
50.653932,0.38197699999999996,-0.745496
50.663812,0.37177,-0.888996
50.673691999999996,0.361562,-1.063995
50.683572,0.351355,-1.277494
50.693452,0.341147,-1.536493
50.703331999999996,0.33094,-1.854991
50.713212,0.32073199999999996,-2.2399899999999997
50.723092,0.310525,-2.6984879999999998
50.732972,0.300317,-3.223485
50.742852,0.290109,-3.7974829999999997
50.752731999999995,0.279902,-4.38898
50.762612,0.269694,-4.927976999999999
50.772492,0.25948699999999997,-5.323476
50.782371999999995,0.249279,-5.491474999999999
50.792252,0.23907199999999998,-5.351476
50.802132,0.22886399999999998,-4.892978
50.812011999999996,0.218656,-4.192981
50.821892,0.208449,-3.3809839999999998
50.831772,0.198241,-2.631988
50.841651999999996,0.18803399999999998,-2.04049
50.851532,0.17782599999999998,-1.630992
50.861411999999994,0.167619,-1.3789930000000001
50.871292,0.157411,-1.2354939999999999
50.881172,0.147203,-1.161994
50.891051999999995,0.136996,-1.133994
50.900932,0.12678799999999998,-1.137494
50.910812,0.11658099999999999,-1.154994
50.920691999999995,0.106373,-1.1724940000000001
50.930572,0.096166048,-1.186494
50.940452,0.08595848,-1.1899939999999998
50.950331999999996,0.07575092,-1.175994
50.960212,0.065543348,-1.1444940000000001
50.970092,0.055335776,-1.1059949999999998
50.979972,0.045128204000000005,-1.063995
50.989852,0.034920632,-1.021995
50.999731999999995,0.024713064,-0.9904949999999999
51.009612,0.014505494,-0.965995
51.019492,0.004297924,-0.941495
51.029371999999995,-0.005909646,-0.913495
51.039252,-0.016117215,-0.8854960000000001
51.049132,-0.026324786000000003,-0.8504959999999999
51.059011999999996,-0.036532356,-0.811996
51.068895999999995,-0.046739924,-0.776996
51.078776,-0.056947496,-0.745496
51.088656,-0.067155064,-0.717496
51.098535999999996,-0.077362632,-0.696496
51.108416,-0.08757020800000001,-0.671997
51.118296,-0.09777777600000001,-0.650997
51.128175999999996,-0.107985,-0.629997
51.138056,-0.11819199999999999,-0.612497
51.147935999999994,-0.1284,-0.5949969999999999
51.157816,-0.13860799999999998,-0.573997
51.167696,-0.148815,-0.566997
51.177575999999995,-0.159023,-0.552997
51.187456,-0.16923,-0.538997
51.197336,-0.179438,-0.528497
51.207215999999995,-0.18964499999999998,-0.521497
51.217096,-0.199853,-0.510997
51.226976,-0.18964499999999998,-0.37449799999999994
51.236855999999996,-0.179438,-0.314998
51.246736,-0.16923,-0.272998
51.256616,-0.159023,-0.237998
51.266496,-0.148815,-0.213499
51.276376,-0.13860799999999998,-0.195999
51.286255999999995,-0.1284,-0.17149899999999998
51.296136,-0.11819199999999999,-0.153999
51.306016,-0.107985,-0.139999
51.315895999999995,-0.09777777600000001,-0.122499
51.325776,-0.08757020800000001,-0.108499
51.335656,-0.077362632,-0.09449958400000001
51.345535999999996,-0.067155064,-0.08399963200000002
51.355416,-0.056947496,-0.073499672
51.365296,-0.046739924,-0.06299972
51.375175999999996,-0.036532356,-0.059499736000000004
51.385056,-0.026324786000000003,-0.048999784000000005
51.394935999999994,-0.016117215,-0.03849982800000001
51.404816,-0.005909646,-0.034999844
51.414696,0.004297924,-0.03149986
51.424575999999995,0.014505494,-0.024499892000000002
51.434456,0.024713064,-0.020999908000000005
51.444336,0.034920632,-0.020999908000000005
51.454215999999995,0.045128204000000005,-0.017499922
51.464096,0.055335776,-0.013999938000000002
51.473976,0.065543348,-0.010499954000000002
51.483855999999996,0.07575092,-0.006999969000000001
51.493736,0.08595848,-0.0034999840000000003
51.503616,0.096166048,0.0
51.513495999999996,0.106373,0.006999969000000001
51.523376,0.11658099999999999,0.017499922
51.533255999999994,0.12678799999999998,0.024499892000000002
51.543136,0.136996,0.03149986
51.553016,0.147203,0.04199981600000001
51.562895999999995,0.157411,0.048999784000000005
51.572776,0.167619,0.05599975200000001
51.582656,0.17782599999999998,0.06299972
51.592535999999996,0.18803399999999998,0.066499704
51.602416,0.198241,0.069999688
51.612296,0.208449,0.073499672
51.622175999999996,0.218656,0.07699965600000001
51.632056,0.22886399999999998,0.07699965600000001
51.641936,0.23907199999999998,0.08049964
51.651816,0.249279,0.08049964
51.661696,0.25948699999999997,0.08399963200000002
51.67158,0.269694,0.08399963200000002
51.681459999999994,0.279902,0.08399963200000002
51.69134,0.290109,0.087499616
51.70122,0.300317,0.087499616
51.711099999999995,0.310525,0.087499616
51.72098,0.32073199999999996,0.09449958400000001
51.73086,0.33094,0.09799956800000001
51.740739999999995,0.341147,0.104999
51.75062,0.351355,0.11549899999999999
51.7605,0.361562,0.13299899999999998
51.770379999999996,0.37177,0.150499
51.78026,0.38197699999999996,0.174999
51.79014,0.392185,0.209999
51.800019999999996,0.402393,0.251998
51.8099,0.41259999999999997,0.300998
51.819779999999994,0.42280799999999996,0.360498
51.82966,0.433015,0.419998
51.83954,0.443223,0.48649699999999996
51.849419999999995,0.45343,0.552997
51.8593,0.463638,0.615997
51.86918,0.473846,0.668497
51.879059999999996,0.48405299999999996,0.713996
51.88894,0.49426099999999995,0.7489959999999999
51.89882,0.504468,0.769996
51.908699999999996,0.514676,0.780496
51.91858,0.524883,0.783996
51.92846,0.535091,0.783996
51.93834,0.545299,0.773496
51.94822,0.5555059999999999,0.766496
51.958099999999995,0.5657139999999999,0.759496
51.96798,0.575921,0.759496
51.97786,0.586129,0.766496
51.987739999999995,0.596336,0.776996
51.99762,0.606544,0.801496
52.0075,0.616752,0.832996
52.017379999999996,0.6269589999999999,0.8714959999999999
52.02726,0.6371669999999999,0.9169949999999999
52.03714,0.647374,0.9694950000000001
52.047019999999996,0.657582,1.025495
52.0569,0.667789,1.088495
52.066779999999994,0.677997,1.161994
52.07666,0.688205,1.238994
52.08654,0.6984119999999999,1.326494
52.096419999999995,0.7086199999999999,1.431493
52.1063,0.718827,1.546993
52.11618,0.729035,1.679992
52.126059999999995,0.739242,1.833991
52.13594,0.74945,2.012491
52.14582,0.7596579999999999,2.2119899999999997
52.155699999999996,0.7698649999999999,2.432489
52.16558,0.780073,2.6844870000000003
52.17546,0.79028,2.953986
52.18534,0.800488,3.2514849999999997
52.19522,0.8106949999999999,3.5699840000000003
52.205099999999995,0.8209029999999999,3.9059820000000003
52.21498,0.8311109999999999,4.259481
52.22486,0.841318,4.619979
52.234739999999995,0.851526,4.987476999999999
52.24462,0.861733,5.354976
52.2545,0.871941,5.697974
52.264379999999996,0.8821479999999999,6.005973
52.274263999999995,0.8923559999999999,6.268471
52.284144,0.9025639999999999,6.46797
52.294024,0.8923559999999999,4.913977999999999
52.303903999999996,0.8821479999999999,3.755483
52.313784,0.871941,2.897987
52.323664,0.861733,2.2609899999999996
52.333543999999996,0.851526,1.781492
52.343424,0.841318,1.417493
52.353303999999994,0.8311109999999999,1.133994
52.363184,0.8209029999999999,0.913495
52.373064,0.8106949999999999,0.738496
52.382943999999995,0.800488,0.598497
52.392824,0.79028,0.489997
52.402704,0.780073,0.398998
52.412583999999995,0.7698649999999999,0.325498
52.422464,0.7596579999999999,0.26599799999999996
52.432344,0.74945,0.216999
52.442223999999996,0.739242,0.178499
52.452104,0.729035,0.14349900000000002
52.461984,0.718827,0.11549899999999999
52.471864,0.7086199999999999,0.09449958400000001
52.481744,0.6984119999999999,0.073499672
52.491623999999995,0.688205,0.05599975200000001
52.501504,0.677997,0.048999784000000005
52.511384,0.667789,0.034999844
52.521263999999995,0.657582,0.020999908000000005
52.531144,0.647374,0.010499954000000002
52.541024,0.6371669999999999,0.006999969000000001
52.550903999999996,0.6269589999999999,0.0
52.560784,0.616752,-0.010499954000000002
52.570664,0.606544,-0.010499954000000002
52.580543999999996,0.596336,-0.013999938000000002
52.590424,0.586129,-0.024499892000000002
52.600303999999994,0.575921,-0.03149986
52.610184,0.5657139999999999,-0.03849982800000001
52.620064,0.5555059999999999,-0.048999784000000005
52.629943999999995,0.545299,-0.059499736000000004
52.639824,0.535091,-0.073499672
52.649704,0.524883,-0.08399963200000002
52.659583999999995,0.514676,-0.09449958400000001
52.669464,0.504468,-0.11549899999999999
52.679344,0.49426099999999995,-0.136499
52.689223999999996,0.48405299999999996,-0.157499
52.699104,0.473846,-0.181999
52.708984,0.463638,-0.209999
52.718863999999996,0.45343,-0.244998
52.728744,0.443223,-0.283498
52.738623999999994,0.433015,-0.332498
52.748504,0.42280799999999996,-0.388498
52.758384,0.41259999999999997,-0.45149700000000004
52.768263999999995,0.402393,-0.535497
52.778144,0.392185,-0.629997
52.788024,0.38197699999999996,-0.745496
52.797903999999996,0.37177,-0.888996
52.807784,0.361562,-1.063995
52.817664,0.351355,-1.277494
52.827543999999996,0.341147,-1.539993
52.837424,0.33094,-1.8584910000000001
52.847303999999994,0.32073199999999996,-2.2434890000000003
52.857184,0.310525,-2.7019879999999996
52.867064,0.300317,-3.230485
52.876948,0.290109,-3.8079819999999995
52.886827999999994,0.279902,-4.3994800000000005
52.896708,0.269694,-4.934977
52.906588,0.25948699999999997,-5.330476
52.916467999999995,0.249279,-5.494975
52.926348,0.23907199999999998,-5.351476
52.936228,0.22886399999999998,-4.882478
52.946107999999995,0.218656,-4.178980999999999
52.955988,0.208449,-3.366984
52.965868,0.198241,-2.621488
52.975747999999996,0.18803399999999998,-2.033491
52.985628,0.17782599999999998,-1.627492
52.995508,0.167619,-1.3789930000000001
53.005387999999996,0.157411,-1.2354939999999999
53.015268,0.147203,-1.165494
53.025147999999994,0.136996,-1.140994
53.035028,0.12678799999999998,-1.140994
53.044908,0.11658099999999999,-1.161994
53.054787999999995,0.106373,-1.179494
53.064668,0.096166048,-1.1934939999999998
53.074548,0.08595848,-1.1934939999999998
53.084427999999996,0.07575092,-1.179494
53.094308,0.065543348,-1.147994
53.104188,0.055335776,-1.109495
53.114067999999996,0.045128204000000005,-1.063995
53.123948,0.034920632,-1.021995
53.133827999999994,0.024713064,-0.993995
53.143708,0.014505494,-0.965995
53.153588,0.004297924,-0.941495
53.163467999999995,-0.005909646,-0.9169949999999999
53.173348,-0.016117215,-0.888996
53.183228,-0.026324786000000003,-0.8504959999999999
53.193107999999995,-0.036532356,-0.808496
53.202988,-0.046739924,-0.780496
53.212868,-0.056947496,-0.7489959999999999
53.222747999999996,-0.067155064,-0.720996
53.232628,-0.077362632,-0.696496
53.242508,-0.08757020800000001,-0.6754969999999999
53.252387999999996,-0.09777777600000001,-0.650997
53.262268,-0.107985,-0.629997
53.272147999999994,-0.11819199999999999,-0.612497
53.282028,-0.1284,-0.5949969999999999
53.291908,-0.13860799999999998,-0.577497
53.301787999999995,-0.148815,-0.566997
53.311668,-0.159023,-0.552997
53.321548,-0.16923,-0.538997
53.331427999999995,-0.179438,-0.5319969999999999
53.341308,-0.18964499999999998,-0.5249969999999999
53.351188,-0.199853,-0.510997
53.361067999999996,-0.18964499999999998,-0.37799799999999995
53.370948,-0.179438,-0.314998
53.380828,-0.16923,-0.276498
53.390708,-0.159023,-0.241498
53.400588,-0.148815,-0.216999
53.410467999999995,-0.13860799999999998,-0.199499
53.420348,-0.1284,-0.174999
53.430228,-0.11819199999999999,-0.157499
53.440107999999995,-0.107985,-0.139999
53.449988,-0.09777777600000001,-0.125999
53.459868,-0.08757020800000001,-0.108499
53.469747999999996,-0.077362632,-0.09799956800000001
53.479628,-0.067155064,-0.087499616
53.489512,-0.056947496,-0.07699965600000001
53.499392,-0.046739924,-0.066499704
53.509271999999996,-0.036532356,-0.059499736000000004
53.519152,-0.026324786000000003,-0.05249976800000001
53.529032,-0.016117215,-0.04549980000000001
53.538911999999996,-0.005909646,-0.03849982800000001
53.548792,0.004297924,-0.034999844
53.558671999999994,0.014505494,-0.027999876000000003
53.568552,0.024713064,-0.024499892000000002
53.578432,0.034920632,-0.024499892000000002
53.588311999999995,0.045128204000000005,-0.020999908000000005
53.598192,0.055335776,-0.017499922
53.608072,0.065543348,-0.017499922
53.617951999999995,0.07575092,-0.010499954000000002
53.627832,0.08595848,-0.0034999840000000003
53.637712,0.096166048,0.0
53.647591999999996,0.106373,0.006999969000000001
53.657472,0.11658099999999999,0.017499922
53.667352,0.12678799999999998,0.024499892000000002
53.677232,0.136996,0.03149986
53.687112,0.147203,0.03849982800000001
53.696991999999995,0.157411,0.048999784000000005
53.706872,0.167619,0.05599975200000001
53.716752,0.17782599999999998,0.06299972
53.726631999999995,0.18803399999999998,0.066499704
53.736512,0.198241,0.069999688
53.746392,0.208449,0.073499672
53.756271999999996,0.218656,0.07699965600000001
53.766152,0.22886399999999998,0.07699965600000001
53.776032,0.23907199999999998,0.08049964
53.785911999999996,0.249279,0.08049964
53.795792,0.25948699999999997,0.08049964
53.805671999999994,0.269694,0.08049964
53.815552,0.279902,0.08399963200000002
53.825432,0.290109,0.08399963200000002
53.835311999999995,0.300317,0.087499616
53.845192,0.310525,0.087499616
53.855072,0.32073199999999996,0.09449958400000001
53.864951999999995,0.33094,0.09799956800000001
53.874832,0.341147,0.104999
53.884712,0.351355,0.11549899999999999
53.894591999999996,0.361562,0.13299899999999998
53.904472,0.37177,0.150499
53.914352,0.38197699999999996,0.178499
53.924231999999996,0.392185,0.213499
53.934112,0.402393,0.255498
53.943991999999994,0.41259999999999997,0.307998
53.953872,0.42280799999999996,0.367498
53.963752,0.433015,0.430498
53.973631999999995,0.443223,0.49699699999999997
53.983512,0.45343,0.563497
53.993392,0.463638,0.626497
54.003271999999996,0.473846,0.682496
54.013152,0.48405299999999996,0.727996
54.023032,0.49426099999999995,0.759496
54.032911999999996,0.504468,0.780496
54.042792,0.514676,0.790996
54.052671999999994,0.524883,0.790996
54.062552,0.535091,0.787496
54.072432,0.545299,0.776996
54.082311999999995,0.5555059999999999,0.769996
54.092195999999994,0.5657139999999999,0.7629959999999999
54.102076,0.575921,0.7629959999999999
54.111956,0.586129,0.766496
54.121835999999995,0.596336,0.780496
54.131716,0.606544,0.808496
54.141596,0.616752,0.839996
54.151475999999995,0.6269589999999999,0.881996
54.161356,0.6371669999999999,0.927495
54.171236,0.647374,0.983495
54.181115999999996,0.657582,1.039495
54.190996,0.667789,1.1059949999999998
54.200876,0.677997,1.175994
54.210755999999996,0.688205,1.256494
54.220636,0.6984119999999999,1.343994
54.230515999999994,0.7086199999999999,1.445493
54.240396,0.718827,1.557493
54.250276,0.729035,1.693992
54.260155999999995,0.739242,1.847991
54.270036,0.74945,2.02299
54.279916,0.7596579999999999,2.21899
54.289795999999996,0.7698649999999999,2.439489
54.299676,0.780073,2.6844870000000003
54.309556,0.79028,2.9574860000000003
54.319435999999996,0.800488,3.247985
54.329316,0.8106949999999999,3.562984
54.339195999999994,0.8209029999999999,3.898982
54.349076,0.8311109999999999,4.245481
54.358956,0.841318,4.605979
54.368835999999995,0.851526,4.973476999999999
54.378716,0.861733,5.333976000000001
54.388596,0.871941,5.673474
54.398475999999995,0.8821479999999999,5.984973
54.408356,0.8923559999999999,6.247472
54.418236,0.9025639999999999,6.443471
54.428115999999996,0.8923559999999999,4.896478
54.437996,0.8821479999999999,3.7414829999999997
54.447876,0.871941,2.8874869999999997
54.457755999999996,0.861733,2.25399
54.467636,0.851526,1.774492
54.477515999999994,0.841318,1.410493
54.487396,0.8311109999999999,1.1304949999999998
54.497276,0.8209029999999999,0.9099949999999999
54.507155999999995,0.8106949999999999,0.738496
54.517036,0.800488,0.598497
54.526916,0.79028,0.489997
54.536795999999995,0.780073,0.398998
54.546676,0.7698649999999999,0.325498
54.556556,0.7596579999999999,0.26249799999999995
54.566435999999996,0.74945,0.216999
54.576316,0.739242,0.178499
54.586196,0.729035,0.14349900000000002
54.596076,0.718827,0.11549899999999999
54.605956,0.7086199999999999,0.09799956800000001
54.615835999999994,0.6984119999999999,0.073499672
54.625716,0.688205,0.05599975200000001
54.635596,0.677997,0.048999784000000005
54.645475999999995,0.667789,0.034999844
54.655356,0.657582,0.020999908000000005
54.665236,0.647374,0.013999938000000002
54.675115999999996,0.6371669999999999,0.006999969000000001
54.684996,0.6269589999999999,0.0
54.69488,0.616752,-0.006999969000000001
54.70476,0.606544,-0.006999969000000001
54.714639999999996,0.596336,-0.013999938000000002
54.72452,0.586129,-0.027999876000000003
54.7344,0.575921,-0.03149986
54.744279999999996,0.5657139999999999,-0.03849982800000001
54.75416,0.5555059999999999,-0.048999784000000005
54.764039999999994,0.545299,-0.05599975200000001
54.77392,0.535091,-0.073499672
54.7838,0.524883,-0.08399963200000002
54.793679999999995,0.514676,-0.09449958400000001
54.80356,0.504468,-0.118999
54.81344,0.49426099999999995,-0.136499
54.823319999999995,0.48405299999999996,-0.157499
54.8332,0.473846,-0.185499
54.84308,0.463638,-0.213499
54.852959999999996,0.45343,-0.244998
54.86284,0.443223,-0.283498
54.87272,0.433015,-0.332498
54.8826,0.42280799999999996,-0.388498
54.89248,0.41259999999999997,-0.45149700000000004
54.902359999999994,0.402393,-0.535497
54.91224,0.392185,-0.629997
54.92212,0.38197699999999996,-0.745496
54.931999999999995,0.37177,-0.8924960000000001
54.94188,0.361562,-1.067495
54.95176,0.351355,-1.280994
54.961639999999996,0.341147,-1.543493
54.97152,0.33094,-1.861991
54.9814,0.32073199999999996,-2.246989
54.991279999999996,0.310525,-2.708987
55.00116,0.300317,-3.237485
55.011039999999994,0.290109,-3.818483
55.02092,0.279902,-4.406479999999999
55.0308,0.269694,-4.945477
55.040679999999995,0.25948699999999997,-5.3409759999999995
55.05056,0.249279,-5.501975
55.06044,0.23907199999999998,-5.351476
55.070319999999995,0.22886399999999998,-4.878978
55.0802,0.218656,-4.168481
55.09008,0.208449,-3.3564849999999997
55.099959999999996,0.198241,-2.610988
55.10984,0.18803399999999998,-2.0264900000000003
55.11972,0.17782599999999998,-1.623992
55.129599999999996,0.167619,-1.375493
55.13948,0.157411,-1.238994
55.149359999999994,0.147203,-1.168994
55.15924,0.136996,-1.147994
55.16912,0.12678799999999998,-1.147994
55.178999999999995,0.11658099999999999,-1.168994
55.18888,0.106373,-1.186494
55.19876,0.096166048,-1.200494
55.208639999999995,0.08595848,-1.200494
55.21852,0.07575092,-1.1829939999999999
55.2284,0.065543348,-1.151494
55.238279999999996,0.055335776,-1.112995
55.24816,0.045128204000000005,-1.067495
55.258039999999994,0.034920632,-1.025495
55.26792,0.024713064,-0.993995
55.2778,0.014505494,-0.9694950000000001
55.287679999999995,0.004297924,-0.944995
55.297563999999994,-0.005909646,-0.920495
55.307444,-0.016117215,-0.888996
55.317324,-0.026324786000000003,-0.853996
55.327203999999995,-0.036532356,-0.811996
55.337084,-0.046739924,-0.780496
55.346964,-0.056947496,-0.7489959999999999
55.356843999999995,-0.067155064,-0.717496
55.366724,-0.077362632,-0.696496
55.376604,-0.08757020800000001,-0.6754969999999999
55.386483999999996,-0.09777777600000001,-0.650997
55.396364,-0.107985,-0.629997
55.406244,-0.11819199999999999,-0.612497
55.416123999999996,-0.1284,-0.5949969999999999
55.426004,-0.13860799999999998,-0.573997
55.435883999999994,-0.148815,-0.563497
55.445764,-0.159023,-0.552997
55.455644,-0.16923,-0.538997
55.465523999999995,-0.179438,-0.5319969999999999
55.475404,-0.18964499999999998,-0.521497
55.485284,-0.199853,-0.510997
55.495163999999995,-0.18964499999999998,-0.37799799999999995
55.505044,-0.179438,-0.314998
55.514924,-0.16923,-0.279998
55.524803999999996,-0.159023,-0.244998
55.534684,-0.148815,-0.216999
55.544563999999994,-0.13860799999999998,-0.199499
55.554444,-0.1284,-0.178499
55.564324,-0.11819199999999999,-0.160999
55.574203999999995,-0.107985,-0.14349900000000002
55.584084,-0.09777777600000001,-0.12949899999999998
55.593964,-0.08757020800000001,-0.111999
55.603843999999995,-0.077362632,-0.101499
55.613724,-0.067155064,-0.09099960000000001
55.623604,-0.056947496,-0.08049964
55.633483999999996,-0.046739924,-0.073499672
55.643364,-0.036532356,-0.066499704
55.653244,-0.026324786000000003,-0.059499736000000004
55.663123999999996,-0.016117215,-0.048999784000000005
55.673004,-0.005909646,-0.04549980000000001
55.682883999999994,0.004297924,-0.03849982800000001
55.692764,0.014505494,-0.034999844
55.702644,0.024713064,-0.03149986
55.712523999999995,0.034920632,-0.027999876000000003
55.722404,0.045128204000000005,-0.027999876000000003
55.732284,0.055335776,-0.020999908000000005
55.742163999999995,0.065543348,-0.020999908000000005
55.752044,0.07575092,-0.013999938000000002
55.761924,0.08595848,-0.010499954000000002
55.771803999999996,0.096166048,-0.0034999840000000003
55.781684,0.106373,0.0034999840000000003
55.791563999999994,0.11658099999999999,0.010499954000000002
55.801444,0.12678799999999998,0.020999908000000005
55.811324,0.136996,0.027999876000000003
55.821203999999994,0.147203,0.03849982800000001
55.831084,0.157411,0.04549980000000001
55.840964,0.167619,0.05249976800000001
55.850843999999995,0.17782599999999998,0.059499736000000004
55.860724,0.18803399999999998,0.066499704
55.870604,0.198241,0.069999688
55.880483999999996,0.208449,0.069999688
55.890364,0.218656,0.07699965600000001
55.900244,0.22886399999999998,0.07699965600000001
55.910128,0.23907199999999998,0.07699965600000001
55.920007999999996,0.249279,0.08049964
55.929888,0.25948699999999997,0.08049964
55.939768,0.269694,0.08049964
55.949647999999996,0.279902,0.08399963200000002
55.959528,0.290109,0.08399963200000002
55.969407999999994,0.300317,0.087499616
55.979288,0.310525,0.087499616
55.989168,0.32073199999999996,0.09449958400000001
55.999047999999995,0.33094,0.09799956800000001
56.008928,0.341147,0.104999
56.018808,0.351355,0.11549899999999999
56.028687999999995,0.361562,0.13299899999999998
56.038568,0.37177,0.153999
56.048448,0.38197699999999996,0.181999
56.058327999999996,0.392185,0.216999
56.068208,0.402393,0.26249799999999995
56.078087999999994,0.41259999999999997,0.311498
56.087968,0.42280799999999996,0.370998
56.097848,0.433015,0.437498
56.107727999999994,0.443223,0.5074970000000001
56.117608,0.45343,0.577497
56.127488,0.463638,0.640497
56.137367999999995,0.473846,0.692996
56.147248,0.48405299999999996,0.738496
56.157128,0.49426099999999995,0.769996
56.167007999999996,0.504468,0.790996
56.176888,0.514676,0.797996
56.186768,0.524883,0.797996
56.196647999999996,0.535091,0.790996
56.206528,0.545299,0.780496
56.216407999999994,0.5555059999999999,0.769996
56.226288,0.5657139999999999,0.766496
56.236168,0.575921,0.7629959999999999
56.246047999999995,0.586129,0.769996
56.255928,0.596336,0.787496
56.265808,0.606544,0.815496
56.275687999999995,0.616752,0.846996
56.285568,0.6269589999999999,0.888996
56.295448,0.6371669999999999,0.937995
56.305327999999996,0.647374,0.993995
56.315208,0.657582,1.053495
56.325088,0.667789,1.1199949999999999
56.334967999999996,0.677997,1.1934939999999998
56.344848,0.688205,1.270494
56.354727999999994,0.6984119999999999,1.357993
56.364608,0.7086199999999999,1.459493
56.374488,0.718827,1.574992
56.384367999999995,0.729035,1.707992
56.394248,0.739242,1.8584910000000001
56.404128,0.74945,2.033491
56.414007999999995,0.7596579999999999,2.22599
56.423888,0.7698649999999999,2.446489
56.433768,0.780073,2.687988
56.443647999999996,0.79028,2.9574860000000003
56.453528,0.800488,3.247985
56.463407999999994,0.8106949999999999,3.555984
56.473288,0.8209029999999999,3.888482
56.483168,0.8311109999999999,4.234980999999999
56.493047999999995,0.841318,4.591979
56.502928,0.851526,4.955978
56.512812,0.861733,5.3199760000000005
56.522692,0.871941,5.6559740000000005
56.532571999999995,0.8821479999999999,5.963973
56.542452,0.8923559999999999,6.226471999999999
56.552332,0.9025639999999999,6.422471
56.562211999999995,0.8923559999999999,4.882478
56.572092,0.8821479999999999,3.730983
56.581972,0.871941,2.880487
56.591851999999996,0.861733,2.246989
56.601732,0.851526,1.774492
56.611612,0.841318,1.4069930000000002
56.621491999999996,0.8311109999999999,1.126995
56.631372,0.8209029999999999,0.9064949999999999
56.641251999999994,0.8106949999999999,0.734996
56.651132,0.800488,0.598497
56.661012,0.79028,0.48649699999999996
56.670891999999995,0.780073,0.398998
56.680772,0.7698649999999999,0.321998
56.690652,0.7596579999999999,0.26599799999999996
56.700531999999995,0.74945,0.216999
56.710412,0.739242,0.178499
56.720292,0.729035,0.14349900000000002
56.730171999999996,0.718827,0.11549899999999999
56.740052,0.7086199999999999,0.09449958400000001
56.749931999999994,0.6984119999999999,0.073499672
56.759812,0.688205,0.05599975200000001
56.769692,0.677997,0.048999784000000005
56.779571999999995,0.667789,0.03149986
56.789452,0.657582,0.020999908000000005
56.799332,0.647374,0.013999938000000002
56.809211999999995,0.6371669999999999,0.010499954000000002
56.819092,0.6269589999999999,0.0
56.828972,0.616752,-0.010499954000000002
56.838851999999996,0.606544,-0.010499954000000002
56.848732,0.596336,-0.013999938000000002
56.858612,0.586129,-0.024499892000000002
56.868491999999996,0.575921,-0.03149986
56.878372,0.5657139999999999,-0.03849982800000001
56.888251999999994,0.5555059999999999,-0.04549980000000001
56.898132,0.545299,-0.059499736000000004
56.908012,0.535091,-0.073499672
56.917891999999995,0.524883,-0.08399963200000002
56.927772,0.514676,-0.09449958400000001
56.937652,0.504468,-0.11549899999999999
56.947531999999995,0.49426099999999995,-0.136499
56.957412,0.48405299999999996,-0.157499
56.967292,0.473846,-0.181999
56.977171999999996,0.463638,-0.213499
56.987052,0.45343,-0.244998
56.996931999999994,0.443223,-0.28699800000000003
57.006812,0.433015,-0.332498
57.016692,0.42280799999999996,-0.388498
57.026571999999994,0.41259999999999997,-0.45149700000000004
57.036452,0.402393,-0.535497
57.046332,0.392185,-0.633497
57.056211999999995,0.38197699999999996,-0.7489959999999999
57.066092,0.37177,-0.8924960000000001
57.075972,0.361562,-1.067495
57.085851999999996,0.351355,-1.280994
57.095732,0.341147,-1.546993
57.105612,0.33094,-1.865491
57.115496,0.32073199999999996,-2.25399
57.125375999999996,0.310525,-2.7159869999999997
57.135256,0.300317,-3.2444849999999996
57.145136,0.290109,-3.825483
57.155015999999996,0.279902,-4.41698
57.164896,0.269694,-4.952477
57.174775999999994,0.25948699999999997,-5.347976
57.184656,0.249279,-5.501975
57.194536,0.23907199999999998,-5.351476
57.204415999999995,0.22886399999999998,-4.868478
57.214296,0.218656,-4.1544810000000005
57.224176,0.208449,-3.342485
57.234055999999995,0.198241,-2.600488
57.243936,0.18803399999999998,-2.02299
57.253816,0.17782599999999998,-1.623992
57.263695999999996,0.167619,-1.3789930000000001
57.273576,0.157411,-1.242494
57.283455999999994,0.147203,-1.1724940000000001
57.293336,0.136996,-1.151494
57.303216,0.12678799999999998,-1.154994
57.313095999999994,0.11658099999999999,-1.175994
57.322976,0.106373,-1.1934939999999998
57.332856,0.096166048,-1.2074939999999998
57.342735999999995,0.08595848,-1.2074939999999998
57.352616,0.07575092,-1.1899939999999998
57.362496,0.065543348,-1.154994
57.372375999999996,0.055335776,-1.112995
57.382256,0.045128204000000005,-1.0709950000000001
57.392136,0.034920632,-1.0289949999999999
57.402015999999996,0.024713064,-0.997495
57.411896,0.014505494,-0.9729949999999999
57.421775999999994,0.004297924,-0.948495
57.431656,-0.005909646,-0.920495
57.441536,-0.016117215,-0.888996
57.451415999999995,-0.026324786000000003,-0.853996
57.461296,-0.036532356,-0.811996
57.471176,-0.046739924,-0.780496
57.481055999999995,-0.056947496,-0.7524959999999999
57.490936,-0.067155064,-0.720996
57.500816,-0.077362632,-0.696496
57.510695999999996,-0.08757020800000001,-0.6754969999999999
57.520576,-0.09777777600000001,-0.650997
57.530456,-0.107985,-0.629997
57.540335999999996,-0.11819199999999999,-0.612497
57.550216,-0.1284,-0.5949969999999999
57.560095999999994,-0.13860799999999998,-0.577497
57.569976,-0.148815,-0.563497
57.579856,-0.159023,-0.552997
57.589735999999995,-0.16923,-0.542497
57.599616,-0.179438,-0.5319969999999999
57.609496,-0.18964499999999998,-0.521497
57.619375999999995,-0.199853,-0.510997
57.629256,-0.18964499999999998,-0.37799799999999995
57.639136,-0.179438,-0.318498
57.649015999999996,-0.16923,-0.279998
57.658896,-0.159023,-0.24849799999999997
57.668775999999994,-0.148815,-0.220499
57.678656,-0.13860799999999998,-0.202999
57.688536,-0.1284,-0.181999
57.698415999999995,-0.11819199999999999,-0.164499
57.708296,-0.107985,-0.14699900000000002
57.71818,-0.09777777600000001,-0.13299899999999998
57.72806,-0.08757020800000001,-0.118999
57.737939999999995,-0.077362632,-0.104999
57.74782,-0.067155064,-0.09449958400000001
57.7577,-0.056947496,-0.087499616
57.767579999999995,-0.046739924,-0.073499672
57.77746,-0.036532356,-0.069999688
57.78734,-0.026324786000000003,-0.059499736000000004
57.797219999999996,-0.016117215,-0.05249976800000001
57.8071,-0.005909646,-0.048999784000000005
57.81698,0.004297924,-0.04549980000000001
57.826859999999996,0.014505494,-0.03849982800000001
57.83674,0.024713064,-0.034999844
57.846619999999994,0.034920632,-0.034999844
57.8565,0.045128204000000005,-0.03149986
57.86638,0.055335776,-0.024499892000000002
57.876259999999995,0.065543348,-0.024499892000000002
57.88614,0.07575092,-0.020999908000000005
57.89602,0.08595848,-0.010499954000000002
57.905899999999995,0.096166048,-0.0034999840000000003
57.91578,0.106373,0.0
57.92566,0.11658099999999999,0.010499954000000002
57.935539999999996,0.12678799999999998,0.017499922
57.94542,0.136996,0.027999876000000003
57.955299999999994,0.147203,0.034999844
57.96518,0.157411,0.04549980000000001
57.97506,0.167619,0.048999784000000005
57.984939999999995,0.17782599999999998,0.059499736000000004
57.99482,0.18803399999999998,0.06299972
58.0047,0.198241,0.066499704
58.014579999999995,0.208449,0.069999688
58.02446,0.218656,0.073499672
58.03434,0.22886399999999998,0.07699965600000001
58.044219999999996,0.23907199999999998,0.07699965600000001
58.0541,0.249279,0.07699965600000001
58.06398,0.25948699999999997,0.08049964
58.073859999999996,0.269694,0.08049964
58.08374,0.279902,0.08049964
58.093619999999994,0.290109,0.08049964
58.1035,0.300317,0.08399963200000002
58.11338,0.310525,0.087499616
58.123259999999995,0.32073199999999996,0.09099960000000001
58.13314,0.33094,0.09799956800000001
58.14302,0.341147,0.104999
58.152899999999995,0.351355,0.11549899999999999
58.16278,0.361562,0.13299899999999998
58.17266,0.37177,0.153999
58.182539999999996,0.38197699999999996,0.181999
58.19242,0.392185,0.220499
58.202299999999994,0.402393,0.26249799999999995
58.21218,0.41259999999999997,0.318498
58.22206,0.42280799999999996,0.37799799999999995
58.231939999999994,0.433015,0.447998
58.24182,0.443223,0.5179969999999999
58.2517,0.45343,0.584497
58.261579999999995,0.463638,0.650997
58.27146,0.473846,0.706996
58.28134,0.48405299999999996,0.7489959999999999
58.291219999999996,0.49426099999999995,0.780496
58.3011,0.504468,0.797996
58.31098,0.514676,0.804996
58.320859999999996,0.524883,0.804996
58.330743999999996,0.535091,0.797996
58.340624,0.545299,0.783996
58.350504,0.5555059999999999,0.773496
58.360383999999996,0.5657139999999999,0.766496
58.370264,0.575921,0.766496
58.380143999999994,0.586129,0.773496
58.390024,0.596336,0.790996
58.399904,0.606544,0.8189960000000001
58.409783999999995,0.616752,0.853996
58.419664,0.6269589999999999,0.899495
58.429544,0.6371669999999999,0.951995
58.439423999999995,0.647374,1.007995
58.449304,0.657582,1.0709950000000001
58.459184,0.667789,1.137494
58.469063999999996,0.677997,1.2074939999999998
58.478944,0.688205,1.284494
58.488823999999994,0.6984119999999999,1.375493
58.498704,0.7086199999999999,1.473493
58.508584,0.718827,1.585492
58.518463999999994,0.729035,1.718492
58.528344,0.739242,1.868991
58.538224,0.74945,2.04049
58.548103999999995,0.7596579999999999,2.2329899999999996
58.557984,0.7698649999999999,2.4499889999999995
58.567864,0.780073,2.691488
58.577743999999996,0.79028,2.9574860000000003
58.587624,0.800488,3.2444849999999996
58.597504,0.8106949999999999,3.5524839999999998
58.607383999999996,0.8209029999999999,3.881482
58.617264,0.8311109999999999,4.224481
58.627143999999994,0.841318,4.577979
58.637024,0.851526,4.941978
58.646904,0.861733,5.298976
58.656783999999995,0.871941,5.638475000000001
58.666664,0.8821479999999999,5.946473
58.676544,0.8923559999999999,6.205472
58.686423999999995,0.9025639999999999,6.401471
58.696304,0.8923559999999999,4.868478
58.706184,0.8821479999999999,3.7204829999999998
58.716063999999996,0.871941,2.873487
58.725944,0.861733,2.2434890000000003
58.735823999999994,0.851526,1.767492
58.745703999999996,0.841318,1.403493
58.755584,0.8311109999999999,1.123494
58.765463999999994,0.8209029999999999,0.9064949999999999
58.775344,0.8106949999999999,0.734996
58.785224,0.800488,0.5949969999999999
58.795103999999995,0.79028,0.48649699999999996
58.804984,0.780073,0.395498
58.814864,0.7698649999999999,0.325498
58.824743999999995,0.7596579999999999,0.26249799999999995
58.834624,0.74945,0.216999
58.844504,0.739242,0.174999
58.854383999999996,0.729035,0.14349900000000002
58.864264,0.718827,0.111999
58.874143999999994,0.7086199999999999,0.09449958400000001
58.884024,0.6984119999999999,0.073499672
58.893904,0.688205,0.05599975200000001
58.903783999999995,0.677997,0.04549980000000001
58.913664,0.667789,0.034999844
58.923544,0.657582,0.017499922
58.933428,0.647374,0.013999938000000002
58.943307999999995,0.6371669999999999,0.006999969000000001
58.953188,0.6269589999999999,0.0
58.963068,0.616752,-0.006999969000000001
58.972947999999995,0.606544,-0.010499954000000002
58.982828,0.596336,-0.013999938000000002
58.992708,0.586129,-0.024499892000000002
59.002587999999996,0.575921,-0.027999876000000003
59.012468,0.5657139999999999,-0.03849982800000001
59.022347999999994,0.5555059999999999,-0.04549980000000001
59.032227999999996,0.545299,-0.05599975200000001
59.042108,0.535091,-0.069999688
59.051987999999994,0.524883,-0.08399963200000002
59.061868,0.514676,-0.09799956800000001
59.071748,0.504468,-0.11549899999999999
59.081627999999995,0.49426099999999995,-0.136499
59.091508,0.48405299999999996,-0.153999
59.101388,0.473846,-0.181999
59.111267999999995,0.463638,-0.213499
59.121148,0.45343,-0.244998
59.131028,0.443223,-0.28699800000000003
59.140907999999996,0.433015,-0.332498
59.150788,0.42280799999999996,-0.388498
59.160667999999994,0.41259999999999997,-0.45149700000000004
59.170548,0.402393,-0.535497
59.180428,0.392185,-0.633497
59.190307999999995,0.38197699999999996,-0.7489959999999999
59.200188,0.37177,-0.8924960000000001
59.210068,0.361562,-1.067495
59.219947999999995,0.351355,-1.284494
59.229828,0.341147,-1.546993
59.239708,0.33094,-1.868991
59.249587999999996,0.32073199999999996,-2.25749
59.259468,0.310525,-2.722987
59.269348,0.300317,-3.247985
59.279227999999996,0.290109,-3.832482
59.289108,0.279902,-4.42748
59.298987999999994,0.269694,-4.959477
59.308868,0.25948699999999997,-5.354976
59.318748,0.249279,-5.505475
59.328627999999995,0.23907199999999998,-5.347976
59.338508,0.22886399999999998,-4.864978
59.348388,0.218656,-4.143981
59.358267999999995,0.208449,-3.331985
59.368148,0.198241,-2.589988
59.378028,0.18803399999999998,-2.01599
59.387907999999996,0.17782599999999998,-1.620492
59.397788,0.167619,-1.3789930000000001
59.407667999999994,0.157411,-1.245994
59.417548,0.147203,-1.179494
59.427428,0.136996,-1.154994
59.437307999999994,0.12678799999999998,-1.161994
59.447188,0.11658099999999999,-1.1829939999999999
59.457068,0.106373,-1.200494
59.466947999999995,0.096166048,-1.214494
59.476828,0.08595848,-1.210994
59.486708,0.07575092,-1.1934939999999998
59.496587999999996,0.065543348,-1.1584940000000001
59.506468,0.055335776,-1.1164949999999998
59.516348,0.045128204000000005,-1.074495
59.526227999999996,0.034920632,-1.032495
59.536111999999996,0.024713064,-1.0009949999999999
59.545992,0.014505494,-0.976495
59.555872,0.004297924,-0.948495
59.565751999999996,-0.005909646,-0.9239949999999999
59.575632,-0.016117215,-0.8924960000000001
59.585511999999994,-0.026324786000000003,-0.853996
59.595392,-0.036532356,-0.815496
59.605272,-0.046739924,-0.780496
59.615151999999995,-0.056947496,-0.7524959999999999
59.625032,-0.067155064,-0.720996
59.634912,-0.077362632,-0.699996
59.644791999999995,-0.08757020800000001,-0.6754969999999999
59.654672,-0.09777777600000001,-0.650997
59.664552,-0.107985,-0.629997
59.674431999999996,-0.11819199999999999,-0.612497
59.684312,-0.1284,-0.5949969999999999
59.694191999999994,-0.13860799999999998,-0.577497
59.704072,-0.148815,-0.563497
59.713952,-0.159023,-0.552997
59.723831999999994,-0.16923,-0.538997
59.733712,-0.179438,-0.5319969999999999
59.743592,-0.18964499999999998,-0.5249969999999999
59.753471999999995,-0.199853,-0.510997
59.763352,-0.18964499999999998,-0.38149799999999995
59.773232,-0.179438,-0.321998
59.783111999999996,-0.16923,-0.279998
59.792992,-0.159023,-0.251998
59.802872,-0.148815,-0.223999
59.812751999999996,-0.13860799999999998,-0.206499
59.822632,-0.1284,-0.185499
59.832511999999994,-0.11819199999999999,-0.164499
59.842392,-0.107985,-0.150499
59.852272,-0.09777777600000001,-0.136499
59.862151999999995,-0.08757020800000001,-0.118999
59.872032,-0.077362632,-0.108499
59.881912,-0.067155064,-0.09799956800000001
59.891791999999995,-0.056947496,-0.087499616
59.901672,-0.046739924,-0.07699965600000001
59.911552,-0.036532356,-0.069999688
59.921431999999996,-0.026324786000000003,-0.06299972
59.931312,-0.016117215,-0.05599975200000001
59.941191999999994,-0.005909646,-0.05249976800000001
59.951071999999996,0.004297924,-0.048999784000000005
59.960952,0.014505494,-0.04199981600000001
59.970831999999994,0.024713064,-0.03849982800000001
59.980712,0.034920632,-0.03849982800000001
59.990592,0.045128204000000005,-0.034999844
60.000471999999995,0.055335776,-0.03149986
60.010352,0.065543348,-0.027999876000000003
60.020232,0.07575092,-0.020999908000000005
60.030111999999995,0.08595848,-0.013999938000000002
60.039992,0.096166048,-0.006999969000000001
60.049872,0.106373,0.0
60.059751999999996,0.11658099999999999,0.006999969000000001
60.069632,0.12678799999999998,0.013999938000000002
60.079511999999994,0.136996,0.024499892000000002
60.089392,0.147203,0.034999844
60.099272,0.157411,0.04199981600000001
60.109151999999995,0.167619,0.048999784000000005
60.119032,0.17782599999999998,0.059499736000000004
60.128912,0.18803399999999998,0.06299972
60.138796,0.198241,0.066499704
60.148675999999995,0.208449,0.069999688
60.158556,0.218656,0.073499672
60.168436,0.22886399999999998,0.07699965600000001
60.178315999999995,0.23907199999999998,0.07699965600000001
60.188196,0.249279,0.08049964
60.198076,0.25948699999999997,0.07699965600000001
60.207955999999996,0.269694,0.08049964
60.217836,0.279902,0.08049964
60.227715999999994,0.290109,0.08399963200000002
60.237595999999996,0.300317,0.08399963200000002
60.247476,0.310525,0.087499616
60.257355999999994,0.32073199999999996,0.09099960000000001
60.267236,0.33094,0.09799956800000001
60.277116,0.341147,0.104999
60.286995999999995,0.351355,0.118999
60.296876,0.361562,0.13299899999999998
60.306756,0.37177,0.153999
60.316635999999995,0.38197699999999996,0.185499
60.326516,0.392185,0.220499
60.336396,0.402393,0.26599799999999996
60.346275999999996,0.41259999999999997,0.321998
60.356156,0.42280799999999996,0.384998
60.366035999999994,0.433015,0.454997
60.375916,0.443223,0.5249969999999999
60.385796,0.45343,0.5949969999999999
60.395675999999995,0.463638,0.661497
60.405556,0.473846,0.717496
60.415436,0.48405299999999996,0.759496
60.425315999999995,0.49426099999999995,0.790996
60.435196,0.504468,0.804996
60.445076,0.514676,0.811996
60.454955999999996,0.524883,0.808496
60.464836,0.535091,0.801496
60.474716,0.545299,0.787496
60.484595999999996,0.5555059999999999,0.776996
60.494476,0.5657139999999999,0.769996
60.504355999999994,0.575921,0.769996
60.514236,0.586129,0.776996
60.524116,0.596336,0.794496
60.533995999999995,0.606544,0.822496
60.543876,0.616752,0.860996
60.553756,0.6269589999999999,0.9064949999999999
60.563635999999995,0.6371669999999999,0.962495
60.573516,0.647374,1.018495
60.583396,0.657582,1.081495
60.593275999999996,0.667789,1.151494
60.603156,0.677997,1.224994
60.613035999999994,0.688205,1.301994
60.622916,0.6984119999999999,1.389493
60.632796,0.7086199999999999,1.487493
60.642675999999994,0.718827,1.599492
60.652556,0.729035,1.7289919999999999
60.662436,0.739242,1.879491
60.672315999999995,0.74945,2.04749
60.682196,0.7596579999999999,2.2399899999999997
60.692076,0.7698649999999999,2.453489
60.701955999999996,0.780073,2.691488
60.711836,0.79028,2.953986
60.721716,0.800488,3.240985
60.731595999999996,0.8106949999999999,3.5454839999999996
60.741476,0.8209029999999999,3.8709819999999997
60.75136,0.8311109999999999,4.213981
60.761239999999994,0.841318,4.567479
60.771119999999996,0.851526,4.927976999999999
60.781,0.861733,5.2849759999999995
60.790879999999994,0.871941,5.620975
60.80076,0.8821479999999999,5.925472999999999
60.81064,0.8923559999999999,6.1844719999999995
60.820519999999995,0.9025639999999999,6.383971
60.8304,0.8923559999999999,4.850978
60.84028,0.8821479999999999,3.7064829999999995
60.850159999999995,0.871941,2.862987
60.86004,0.861733,2.23649
60.86992,0.851526,1.763992
60.879799999999996,0.841318,1.403493
60.88968,0.8311109999999999,1.123494
60.899559999999994,0.8209029999999999,0.902995
60.90944,0.8106949999999999,0.731496
60.91932,0.800488,0.5949969999999999
60.929199999999994,0.79028,0.48649699999999996
60.93908,0.780073,0.395498
60.94896,0.7698649999999999,0.325498
60.958839999999995,0.7596579999999999,0.26249799999999995
60.96872,0.74945,0.213499
60.9786,0.739242,0.178499
60.988479999999996,0.729035,0.139999
60.99836,0.718827,0.111999
61.00824,0.7086199999999999,0.09449958400000001
61.018119999999996,0.6984119999999999,0.073499672
61.028,0.688205,0.05599975200000001
61.037879999999994,0.677997,0.04549980000000001
61.04776,0.667789,0.034999844
61.05764,0.657582,0.020999908000000005
61.067519999999995,0.647374,0.013999938000000002
61.0774,0.6371669999999999,0.010499954000000002
61.08728,0.6269589999999999,0.0
61.097159999999995,0.616752,-0.006999969000000001
61.10704,0.606544,-0.010499954000000002
61.11692,0.596336,-0.013999938000000002
61.126799999999996,0.586129,-0.027999876000000003
61.13668,0.575921,-0.03149986
61.146559999999994,0.5657139999999999,-0.03849982800000001
61.156439999999996,0.5555059999999999,-0.048999784000000005
61.16632,0.545299,-0.059499736000000004
61.176199999999994,0.535091,-0.073499672
61.18608,0.524883,-0.08399963200000002
61.19596,0.514676,-0.09799956800000001
61.205839999999995,0.504468,-0.11549899999999999
61.21572,0.49426099999999995,-0.136499
61.2256,0.48405299999999996,-0.153999
61.235479999999995,0.473846,-0.181999
61.24536,0.463638,-0.213499
61.25524,0.45343,-0.24849799999999997
61.265119999999996,0.443223,-0.28699800000000003
61.275,0.433015,-0.33599799999999996
61.284879999999994,0.42280799999999996,-0.391998
61.29476,0.41259999999999997,-0.454997
61.30464,0.402393,-0.535497
61.314519999999995,0.392185,-0.633497
61.3244,0.38197699999999996,-0.7524959999999999
61.33428,0.37177,-0.895996
61.344159999999995,0.361562,-1.0709950000000001
61.354043999999995,0.351355,-1.284494
61.363924,0.341147,-1.5504930000000001
61.373804,0.33094,-1.8724910000000001
61.383683999999995,0.32073199999999996,-2.2609899999999996
61.393564,0.310525,-2.726487
61.403444,0.300317,-3.258485
61.413323999999996,0.290109,-3.8394820000000003
61.423204,0.279902,-4.43448
61.433083999999994,0.269694,-4.969977
61.442963999999996,0.25948699999999997,-5.361975999999999
61.452844,0.249279,-5.508975
61.462723999999994,0.23907199999999998,-5.344475999999999
61.472604,0.22886399999999998,-4.854477999999999
61.482484,0.218656,-4.133481
61.492363999999995,0.208449,-3.321485
61.502244,0.198241,-2.579488
61.512124,0.18803399999999998,-2.008991
61.522003999999995,0.17782599999999998,-1.620492
61.531884,0.167619,-1.3789930000000001
61.541764,0.157411,-1.245994
61.551643999999996,0.147203,-1.1829939999999999
61.561524,0.136996,-1.161994
61.571403999999994,0.12678799999999998,-1.165494
61.581284,0.11658099999999999,-1.186494
61.591164,0.106373,-1.203994
61.601043999999995,0.096166048,-1.217994
61.610924,0.08595848,-1.214494
61.620804,0.07575092,-1.196994
61.630683999999995,0.065543348,-1.1584940000000001
61.640564,0.055335776,-1.1199949999999999
61.650444,0.045128204000000005,-1.074495
61.660323999999996,0.034920632,-1.032495
61.670204,0.024713064,-1.004495
61.680083999999994,0.014505494,-0.976495
61.689963999999996,0.004297924,-0.951995
61.699844,-0.005909646,-0.9239949999999999
61.709723999999994,-0.016117215,-0.8924960000000001
61.719604,-0.026324786000000003,-0.853996
61.729484,-0.036532356,-0.815496
61.739363999999995,-0.046739924,-0.783996
61.749244,-0.056947496,-0.7524959999999999
61.759124,-0.067155064,-0.724496
61.769003999999995,-0.077362632,-0.699996
61.778884,-0.08757020800000001,-0.6789959999999999
61.788764,-0.09777777600000001,-0.654497
61.798643999999996,-0.107985,-0.629997
61.808524,-0.11819199999999999,-0.615997
61.818403999999994,-0.1284,-0.5949969999999999
61.828284,-0.13860799999999998,-0.577497
61.838164,-0.148815,-0.566997
61.848043999999994,-0.159023,-0.552997
61.857924,-0.16923,-0.538997
61.867804,-0.179438,-0.5319969999999999
61.877683999999995,-0.18964499999999998,-0.521497
61.887564,-0.199853,-0.510997
61.897444,-0.18964499999999998,-0.38149799999999995
61.907323999999996,-0.179438,-0.321998
61.917204,-0.16923,-0.283498
61.927084,-0.159023,-0.251998
61.936963999999996,-0.148815,-0.22749799999999998
61.946844,-0.13860799999999998,-0.209999
61.956728,-0.1284,-0.18899899999999997
61.966607999999994,-0.11819199999999999,-0.16799899999999998
61.976487999999996,-0.107985,-0.153999
61.986368,-0.09777777600000001,-0.139999
61.996247999999994,-0.08757020800000001,-0.122499
62.006128,-0.077362632,-0.111999
62.016008,-0.067155064,-0.104999
62.025887999999995,-0.056947496,-0.09449958400000001
62.035768,-0.046739924,-0.08399963200000002
62.045648,-0.036532356,-0.07699965600000001
62.055527999999995,-0.026324786000000003,-0.066499704
62.065408,-0.016117215,-0.059499736000000004
62.075288,-0.005909646,-0.05599975200000001
62.085167999999996,0.004297924,-0.05249976800000001
62.095048,0.014505494,-0.04549980000000001
62.104927999999994,0.024713064,-0.04199981600000001
62.114808,0.034920632,-0.04199981600000001
62.124688,0.045128204000000005,-0.034999844
62.134567999999994,0.055335776,-0.034999844
62.144448,0.065543348,-0.03149986
62.154328,0.07575092,-0.024499892000000002
62.164207999999995,0.08595848,-0.017499922
62.174088,0.096166048,-0.010499954000000002
62.183968,0.106373,-0.0034999840000000003
62.193847999999996,0.11658099999999999,0.0034999840000000003
62.203728,0.12678799999999998,0.013999938000000002
62.213608,0.136996,0.020999908000000005
62.223487999999996,0.147203,0.03149986
62.233368,0.157411,0.04199981600000001
62.243247999999994,0.167619,0.048999784000000005
62.253128,0.17782599999999998,0.05599975200000001
62.263008,0.18803399999999998,0.06299972
62.272887999999995,0.198241,0.066499704
62.282768,0.208449,0.069999688
62.292648,0.218656,0.073499672
62.302527999999995,0.22886399999999998,0.073499672
62.312408,0.23907199999999998,0.073499672
62.322288,0.249279,0.07699965600000001
62.332167999999996,0.25948699999999997,0.07699965600000001
62.342048,0.269694,0.08049964
62.351927999999994,0.279902,0.08049964
62.361807999999996,0.290109,0.08049964
62.371688,0.300317,0.08399963200000002
62.381567999999994,0.310525,0.087499616
62.391448,0.32073199999999996,0.09099960000000001
62.401328,0.33094,0.09449958400000001
62.411207999999995,0.341147,0.104999
62.421088,0.351355,0.11549899999999999
62.430968,0.361562,0.136499
62.440847999999995,0.37177,0.157499
62.450728,0.38197699999999996,0.185499
62.460608,0.392185,0.223999
62.470487999999996,0.402393,0.26949799999999996
62.480368,0.41259999999999997,0.328998
62.490247999999994,0.42280799999999996,0.391998
62.500128,0.433015,0.461997
62.510008,0.443223,0.535497
62.519887999999995,0.45343,0.608997
62.529768,0.463638,0.671997
62.539648,0.473846,0.724496
62.549527999999995,0.48405299999999996,0.769996
62.559408,0.49426099999999995,0.797996
62.569292,0.504468,0.811996
62.579172,0.514676,0.815496
62.589051999999995,0.524883,0.811996
62.598932,0.535091,0.801496
62.608812,0.545299,0.790996
62.618691999999996,0.5555059999999999,0.776996
62.628572,0.5657139999999999,0.769996
62.638451999999994,0.575921,0.769996
62.648331999999996,0.586129,0.776996
62.658212,0.596336,0.797996
62.668091999999994,0.606544,0.825996
62.677972,0.616752,0.867996
62.687852,0.6269589999999999,0.9169949999999999
62.697731999999995,0.6371669999999999,0.9694950000000001
62.707612,0.647374,1.032495
62.717492,0.657582,1.098995
62.727371999999995,0.667789,1.165494
62.737252,0.677997,1.238994
62.747132,0.688205,1.315994
62.757011999999996,0.6984119999999999,1.403493
62.766892,0.7086199999999999,1.501493
62.776771999999994,0.718827,1.613492
62.786652,0.729035,1.7429919999999999
62.796532,0.739242,1.889991
62.806411999999995,0.74945,2.0579899999999998
62.816292,0.7596579999999999,2.246989
62.826172,0.7698649999999999,2.4569889999999996
62.836051999999995,0.780073,2.694988
62.845932,0.79028,2.953986
62.855812,0.800488,3.237485
62.865691999999996,0.8106949999999999,3.538484
62.875572,0.8209029999999999,3.8639819999999996
62.885451999999994,0.8311109999999999,4.206981
62.895331999999996,0.841318,4.553478999999999
62.905212,0.851526,4.913977999999999
62.915091999999994,0.861733,5.267476
62.924972,0.871941,5.6034749999999995
62.934852,0.8821479999999999,5.907972999999999
62.944731999999995,0.8923559999999999,6.1669719999999995
62.954612,0.9025639999999999,6.362971
62.964492,0.8923559999999999,4.836978
62.974371999999995,0.8821479999999999,3.695983
62.984252,0.871941,2.8594869999999997
62.994132,0.861733,2.22949
63.004011999999996,0.851526,1.760492
63.013892,0.841318,1.396493
63.023771999999994,0.8311109999999999,1.1199949999999999
63.033652,0.8209029999999999,0.902995
63.043532,0.8106949999999999,0.731496
63.053411999999994,0.800488,0.5914969999999999
63.063292,0.79028,0.482997
63.073172,0.780073,0.395498
63.083051999999995,0.7698649999999999,0.321998
63.092932,0.7596579999999999,0.26249799999999995
63.102812,0.74945,0.216999
63.112691999999996,0.739242,0.174999
63.122572,0.729035,0.139999
63.132452,0.718827,0.11549899999999999
63.142331999999996,0.7086199999999999,0.09449958400000001
63.152212,0.6984119999999999,0.073499672
63.162091999999994,0.688205,0.05249976800000001
63.171975999999994,0.677997,0.04549980000000001
63.181855999999996,0.667789,0.034999844
63.191736,0.657582,0.017499922
63.201615999999994,0.647374,0.010499954000000002
63.211496,0.6371669999999999,0.006999969000000001
63.221376,0.6269589999999999,0.0
63.231255999999995,0.616752,-0.010499954000000002
63.241136,0.606544,-0.006999969000000001
63.251016,0.596336,-0.013999938000000002
63.260895999999995,0.586129,-0.027999876000000003
63.270776,0.575921,-0.03149986
63.280656,0.5657139999999999,-0.03849982800000001
63.290535999999996,0.5555059999999999,-0.048999784000000005
63.300416,0.545299,-0.059499736000000004
63.310295999999994,0.535091,-0.069999688
63.320176,0.524883,-0.08399963200000002
63.330056,0.514676,-0.09449958400000001
63.339935999999994,0.504468,-0.118999
63.349816,0.49426099999999995,-0.136499
63.359696,0.48405299999999996,-0.153999
63.369575999999995,0.473846,-0.181999
63.379456,0.463638,-0.213499
63.389336,0.45343,-0.24849799999999997
63.399215999999996,0.443223,-0.283498
63.409096,0.433015,-0.33599799999999996
63.418976,0.42280799999999996,-0.388498
63.428855999999996,0.41259999999999997,-0.454997
63.438736,0.402393,-0.535497
63.448615999999994,0.392185,-0.633497
63.458496,0.38197699999999996,-0.7524959999999999
63.468376,0.37177,-0.895996
63.478255999999995,0.361562,-1.074495
63.488136,0.351355,-1.287994
63.498016,0.341147,-1.553993
63.507895999999995,0.33094,-1.875991
63.517776,0.32073199999999996,-2.267989
63.527656,0.310525,-2.729987
63.537535999999996,0.300317,-3.265485
63.547416,0.290109,-3.8464820000000004
63.557295999999994,0.279902,-4.44498
63.567175999999996,0.269694,-4.976977
63.577056,0.25948699999999997,-5.368975
63.586935999999994,0.249279,-5.512475
63.596816,0.23907199999999998,-5.3409759999999995
63.606696,0.22886399999999998,-4.847478
63.616575999999995,0.218656,-4.122981
63.626456,0.208449,-3.307485
63.636336,0.198241,-2.572488
63.646215999999995,0.18803399999999998,-2.001991
63.656096,0.17782599999999998,-1.616992
63.665976,0.167619,-1.3789930000000001
63.675855999999996,0.157411,-1.245994
63.685736,0.147203,-1.186494
63.695615999999994,0.136996,-1.165494
63.705496,0.12678799999999998,-1.1724940000000001
63.715376,0.11658099999999999,-1.1934939999999998
63.725255999999995,0.106373,-1.210994
63.735136,0.096166048,-1.2214939999999999
63.745016,0.08595848,-1.2214939999999999
63.754895999999995,0.07575092,-1.200494
63.764776,0.065543348,-1.165494
63.77466,0.055335776,-1.1199949999999999
63.78454,0.045128204000000005,-1.077995
63.794419999999995,0.034920632,-1.032495
63.8043,0.024713064,-1.004495
63.81418,0.014505494,-0.9799950000000001
63.824059999999996,0.004297924,-0.9554950000000001
63.83394,-0.005909646,-0.927495
63.843819999999994,-0.016117215,-0.895996
63.853699999999996,-0.026324786000000003,-0.853996
63.86358,-0.036532356,-0.815496
63.873459999999994,-0.046739924,-0.783996
63.88334,-0.056947496,-0.7524959999999999
63.89322,-0.067155064,-0.724496
63.903099999999995,-0.077362632,-0.699996
63.91298,-0.08757020800000001,-0.6789959999999999
63.92286,-0.09777777600000001,-0.654497
63.932739999999995,-0.107985,-0.629997
63.94262,-0.11819199999999999,-0.615997
63.9525,-0.1284,-0.5949969999999999
63.962379999999996,-0.13860799999999998,-0.577497
63.97226,-0.148815,-0.566997
63.982139999999994,-0.159023,-0.552997
63.99202,-0.16923,-0.538997
64.001896,-0.179438,-0.5319969999999999
64.011776,-0.18964499999999998,-0.521497
64.021656,-0.199853,-0.510997
64.031536,-0.18964499999999998,-0.38149799999999995
64.041416,-0.179438,-0.325498
64.051296,-0.16923,-0.283498
64.061176,-0.159023,-0.251998
64.071056,-0.148815,-0.22749799999999998
64.080936,-0.13860799999999998,-0.206499
64.090816,-0.1284,-0.18899899999999997
64.100696,-0.11819199999999999,-0.17149899999999998
64.110576,-0.107985,-0.157499
64.12045599999999,-0.09777777600000001,-0.139999
64.130336,-0.08757020800000001,-0.125999
64.140216,-0.077362632,-0.11549899999999999
64.15009599999999,-0.067155064,-0.104999
64.159976,-0.056947496,-0.09449958400000001
64.169856,-0.046739924,-0.087499616
64.17973599999999,-0.036532356,-0.08049964
64.189616,-0.026324786000000003,-0.069999688
64.199496,-0.016117215,-0.06299972
64.20937599999999,-0.005909646,-0.059499736000000004
64.219256,0.004297924,-0.05249976800000001
64.229136,0.014505494,-0.048999784000000005
64.23901599999999,0.024713064,-0.04549980000000001
64.248896,0.034920632,-0.04199981600000001
64.258776,0.045128204000000005,-0.04199981600000001
64.268656,0.055335776,-0.034999844
64.278536,0.065543348,-0.034999844
64.288416,0.07575092,-0.027999876000000003
64.298296,0.08595848,-0.020999908000000005
64.308176,0.096166048,-0.013999938000000002
64.318056,0.106373,-0.0034999840000000003
64.327936,0.11658099999999999,0.0034999840000000003
64.337816,0.12678799999999998,0.010499954000000002
64.3477,0.136996,0.020999908000000005
64.35758,0.147203,0.03149986
64.36746,0.157411,0.04199981600000001
64.37734,0.167619,0.04549980000000001
64.38722,0.17782599999999998,0.05599975200000001
64.3971,0.18803399999999998,0.059499736000000004
64.40697999999999,0.198241,0.066499704
64.41686,0.208449,0.069999688
64.42674,0.218656,0.069999688
64.43661999999999,0.22886399999999998,0.073499672
64.4465,0.23907199999999998,0.073499672
64.45638,0.249279,0.07699965600000001
64.46625999999999,0.25948699999999997,0.08049964
64.47614,0.269694,0.08049964
64.48602,0.279902,0.08049964
64.49589999999999,0.290109,0.08049964
64.50578,0.300317,0.08399963200000002
64.51566,0.310525,0.087499616
64.52553999999999,0.32073199999999996,0.09099960000000001
64.53542,0.33094,0.09799956800000001
64.5453,0.341147,0.104999
64.55518,0.351355,0.118999
64.56506,0.361562,0.136499
64.57494,0.37177,0.157499
64.58482,0.38197699999999996,0.18899899999999997
64.5947,0.392185,0.22749799999999998
64.60458,0.402393,0.272998
64.61446,0.41259999999999997,0.332498
64.62434,0.42280799999999996,0.398998
64.63422,0.433015,0.472497
64.6441,0.443223,0.545997
64.65397999999999,0.45343,0.619497
64.66386,0.463638,0.6859959999999999
64.67374,0.473846,0.738496
64.68361999999999,0.48405299999999996,0.776996
64.6935,0.49426099999999995,0.804996
64.70338,0.504468,0.8189960000000001
64.71325999999999,0.514676,0.822496
64.72314,0.524883,0.815496
64.73302,0.535091,0.804996
64.74289999999999,0.545299,0.790996
64.75278,0.5555059999999999,0.780496
64.76266,0.5657139999999999,0.769996
64.77253999999999,0.575921,0.769996
64.78242,0.586129,0.780496
64.7923,0.596336,0.801496
64.80217999999999,0.606544,0.832996
64.81206,0.616752,0.874996
64.82194,0.6269589999999999,0.927495
64.83182,0.6371669999999999,0.983495
64.8417,0.647374,1.046495
64.85158,0.657582,1.112995
64.86146,0.667789,1.1829939999999999
64.87134,0.677997,1.256494
64.88122,0.688205,1.3334940000000002
64.8911,0.6984119999999999,1.420993
64.90098,0.7086199999999999,1.515493
64.91086,0.718827,1.623992
64.92074,0.729035,1.753492
64.93061999999999,0.739242,1.900491
64.9405,0.74945,2.06499
64.95038,0.7596579999999999,2.25399
64.960264,0.7698649999999999,2.463988
64.97014399999999,0.780073,2.694988
64.980024,0.79028,2.953986
64.989904,0.800488,3.233985
64.99978399999999,0.8106949999999999,3.534984
65.009664,0.8209029999999999,3.8569819999999995
65.019544,0.8311109999999999,4.192981
65.02942399999999,0.841318,4.542979
65.039304,0.851526,4.896478
65.049184,0.861733,5.253476
65.05906399999999,0.871941,5.585974
65.068944,0.8821479999999999,5.890473
65.078824,0.8923559999999999,6.149472
65.08870399999999,0.9025639999999999,6.345471
65.098584,0.8923559999999999,4.826478
65.108464,0.8821479999999999,3.692483
65.118344,0.871941,2.848987
65.128224,0.861733,2.22599
65.138104,0.851526,1.756992
65.147984,0.841318,1.396493
65.157864,0.8311109999999999,1.1199949999999999
65.167744,0.8209029999999999,0.899495
65.177624,0.8106949999999999,0.727996
65.187504,0.800488,0.5914969999999999
65.197384,0.79028,0.482997
65.207264,0.780073,0.395498
65.21714399999999,0.7698649999999999,0.321998
65.227024,0.7596579999999999,0.25899799999999995
65.236904,0.74945,0.216999
65.24678399999999,0.739242,0.174999
65.256664,0.729035,0.139999
65.266544,0.718827,0.11549899999999999
65.27642399999999,0.7086199999999999,0.09799956800000001
65.286304,0.6984119999999999,0.073499672
65.296184,0.688205,0.05599975200000001
65.30606399999999,0.677997,0.04549980000000001
65.315944,0.667789,0.03149986
65.325824,0.657582,0.020999908000000005
65.33570399999999,0.647374,0.010499954000000002
65.345584,0.6371669999999999,0.006999969000000001
65.355464,0.6269589999999999,0.0
65.365344,0.616752,-0.010499954000000002
65.375224,0.606544,-0.010499954000000002
65.385104,0.596336,-0.013999938000000002
65.394984,0.586129,-0.024499892000000002
65.404864,0.575921,-0.03149986
65.414744,0.5657139999999999,-0.03849982800000001
65.424624,0.5555059999999999,-0.048999784000000005
65.434504,0.545299,-0.059499736000000004
65.444384,0.535091,-0.073499672
65.454264,0.524883,-0.08399963200000002
65.46414399999999,0.514676,-0.09799956800000001
65.474024,0.504468,-0.11549899999999999
65.483904,0.49426099999999995,-0.136499
65.49378399999999,0.48405299999999996,-0.153999
65.503664,0.473846,-0.181999
65.513544,0.463638,-0.213499
65.52342399999999,0.45343,-0.244998
65.533304,0.443223,-0.28699800000000003
65.543184,0.433015,-0.332498
65.55306399999999,0.42280799999999996,-0.388498
65.56294799999999,0.41259999999999997,-0.454997
65.572828,0.402393,-0.538997
65.582708,0.392185,-0.633497
65.59258799999999,0.38197699999999996,-0.7524959999999999
65.602468,0.37177,-0.899495
65.612348,0.361562,-1.074495
65.62222799999999,0.351355,-1.291494
65.632108,0.341147,-1.557493
65.641988,0.33094,-1.879491
65.651868,0.32073199999999996,-2.2714890000000003
65.661748,0.310525,-2.736987
65.671628,0.300317,-3.2724849999999996
65.681508,0.290109,-3.8569819999999995
65.691388,0.279902,-4.45198
65.701268,0.269694,-4.987476999999999
65.711148,0.25948699999999997,-5.372476
65.721028,0.249279,-5.519475
65.730908,0.23907199999999998,-5.3409759999999995
65.740788,0.22886399999999998,-4.840478
65.75066799999999,0.218656,-4.112481
65.760548,0.208449,-3.296985
65.770428,0.198241,-2.561988
65.78030799999999,0.18803399999999998,-1.998491
65.790188,0.17782599999999998,-1.613492
65.800068,0.167619,-1.3789930000000001
65.80994799999999,0.157411,-1.2494939999999999
65.819828,0.147203,-1.1899939999999998
65.829708,0.136996,-1.168994
65.83958799999999,0.12678799999999998,-1.179494
65.849468,0.11658099999999999,-1.196994
65.859348,0.106373,-1.214494
65.86922799999999,0.096166048,-1.228494
65.879108,0.08595848,-1.224994
65.888988,0.07575092,-1.203994
65.898868,0.065543348,-1.165494
65.908748,0.055335776,-1.123494
65.918628,0.045128204000000005,-1.077995
65.928508,0.034920632,-1.035995
65.938388,0.024713064,-1.007995
65.948268,0.014505494,-0.983495
65.958148,0.004297924,-0.9554950000000001
65.968028,-0.005909646,-0.930995
65.977908,-0.016117215,-0.895996
65.987788,-0.026324786000000003,-0.8574959999999999
65.99766799999999,-0.036532356,-0.8189960000000001
66.007548,-0.046739924,-0.783996
66.017428,-0.056947496,-0.7559959999999999
66.02730799999999,-0.067155064,-0.727996
66.037188,-0.077362632,-0.703496
66.047068,-0.08757020800000001,-0.6789959999999999
66.05694799999999,-0.09777777600000001,-0.654497
66.066828,-0.107985,-0.633497
66.076708,-0.11819199999999999,-0.615997
66.08658799999999,-0.1284,-0.598497
66.096468,-0.13860799999999998,-0.577497
66.106348,-0.148815,-0.566997
66.11622799999999,-0.159023,-0.556497
66.126108,-0.16923,-0.542497
66.135988,-0.179438,-0.5319969999999999
66.145868,-0.18964499999999998,-0.5249969999999999
66.155748,-0.199853,-0.514497
66.165632,-0.18964499999999998,-0.384998
66.175512,-0.179438,-0.325498
66.185392,-0.16923,-0.28699800000000003
66.195272,-0.159023,-0.255498
66.205152,-0.148815,-0.23099799999999998
66.215032,-0.13860799999999998,-0.213499
66.224912,-0.1284,-0.192499
66.234792,-0.11819199999999999,-0.174999
66.244672,-0.107985,-0.157499
66.254552,-0.09777777600000001,-0.14349900000000002
66.264432,-0.08757020800000001,-0.12949899999999998
66.274312,-0.077362632,-0.118999
66.28419199999999,-0.067155064,-0.111999
66.294072,-0.056947496,-0.09799956800000001
66.303952,-0.046739924,-0.087499616
66.31383199999999,-0.036532356,-0.08399963200000002
66.323712,-0.026324786000000003,-0.073499672
66.333592,-0.016117215,-0.066499704
66.34347199999999,-0.005909646,-0.06299972
66.353352,0.004297924,-0.059499736000000004
66.363232,0.014505494,-0.05249976800000001
66.37311199999999,0.024713064,-0.048999784000000005
66.382992,0.034920632,-0.048999784000000005
66.392872,0.045128204000000005,-0.04549980000000001
66.40275199999999,0.055335776,-0.03849982800000001
66.412632,0.065543348,-0.03849982800000001
66.422512,0.07575092,-0.03149986
66.432392,0.08595848,-0.024499892000000002
66.442272,0.096166048,-0.017499922
66.452152,0.106373,-0.010499954000000002
66.462032,0.11658099999999999,0.0
66.471912,0.12678799999999998,0.010499954000000002
66.481792,0.136996,0.017499922
66.491672,0.147203,0.027999876000000003
66.501552,0.157411,0.03849982800000001
66.511432,0.167619,0.04549980000000001
66.521312,0.17782599999999998,0.05599975200000001
66.53119199999999,0.18803399999999998,0.059499736000000004
66.541072,0.198241,0.06299972
66.550952,0.208449,0.066499704
66.56083199999999,0.218656,0.069999688
66.570712,0.22886399999999998,0.073499672
66.580592,0.23907199999999998,0.073499672
66.59047199999999,0.249279,0.07699965600000001
66.600352,0.25948699999999997,0.07699965600000001
66.610232,0.269694,0.07699965600000001
66.62011199999999,0.279902,0.07699965600000001
66.629992,0.290109,0.08049964
66.639872,0.300317,0.08399963200000002
66.64975199999999,0.310525,0.08399963200000002
66.659632,0.32073199999999996,0.09099960000000001
66.669512,0.33094,0.09799956800000001
66.67939199999999,0.341147,0.104999
66.689272,0.351355,0.11549899999999999
66.699152,0.361562,0.13299899999999998
66.709032,0.37177,0.157499
66.718912,0.38197699999999996,0.18899899999999997
66.728792,0.392185,0.23099799999999998
66.738672,0.402393,0.276498
66.748552,0.41259999999999997,0.33599799999999996
66.758432,0.42280799999999996,0.405998
66.768316,0.433015,0.47949699999999995
66.778196,0.443223,0.552997
66.788076,0.45343,0.626497
66.797956,0.463638,0.692996
66.807836,0.473846,0.745496
66.81771599999999,0.48405299999999996,0.787496
66.827596,0.49426099999999995,0.811996
66.837476,0.504468,0.825996
66.84735599999999,0.514676,0.825996
66.857236,0.524883,0.8189960000000001
66.867116,0.535091,0.808496
66.87699599999999,0.545299,0.790996
66.886876,0.5555059999999999,0.780496
66.896756,0.5657139999999999,0.773496
66.90663599999999,0.575921,0.773496
66.916516,0.586129,0.783996
66.926396,0.596336,0.804996
66.93627599999999,0.606544,0.8364959999999999
66.946156,0.616752,0.881996
66.956036,0.6269589999999999,0.934495
66.96591599999999,0.6371669999999999,0.993995
66.975796,0.647374,1.0569950000000001
66.985676,0.657582,1.126995
66.995556,0.667789,1.196994
67.005436,0.677997,1.270494
67.015316,0.688205,1.347494
67.025196,0.6984119999999999,1.434993
67.035076,0.7086199999999999,1.529493
67.044956,0.718827,1.6379920000000001
67.054836,0.729035,1.763992
67.06471599999999,0.739242,1.9109909999999999
67.074596,0.74945,2.07199
67.084476,0.7596579999999999,2.25749
67.09435599999999,0.7698649999999999,2.463988
67.104236,0.780073,2.694988
67.11412,0.79028,2.950486
67.124,0.800488,3.226985
67.13387999999999,0.8106949999999999,3.527984
67.14376,0.8209029999999999,3.8464820000000004
67.15364,0.8311109999999999,4.182481
67.16351999999999,0.841318,4.5289790000000005
67.1734,0.851526,4.882478
67.18328,0.861733,5.239476
67.19315999999999,0.871941,5.571975
67.20304,0.8821479999999999,5.872973
67.21292,0.8923559999999999,6.131972
67.22279999999999,0.9025639999999999,6.327971999999999
67.23268,0.8923559999999999,4.812478
67.24256,0.8821479999999999,3.678483
67.25243999999999,0.871941,2.845487
67.26232,0.861733,2.22249
67.2722,0.851526,1.749992
67.28208,0.841318,1.3929930000000001
67.29196,0.8311109999999999,1.1164949999999998
67.30184,0.8209029999999999,0.899495
67.31172,0.8106949999999999,0.727996
67.3216,0.800488,0.5914969999999999
67.33148,0.79028,0.482997
67.34136,0.780073,0.395498
67.35123999999999,0.7698649999999999,0.321998
67.36112,0.7596579999999999,0.26249799999999995
67.371,0.74945,0.213499
67.38087999999999,0.739242,0.174999
67.39076,0.729035,0.139999
67.40064,0.718827,0.111999
67.41051999999999,0.7086199999999999,0.09449958400000001
67.4204,0.6984119999999999,0.073499672
67.43028,0.688205,0.05599975200000001
67.44015999999999,0.677997,0.04549980000000001
67.45004,0.667789,0.034999844
67.45992,0.657582,0.020999908000000005
67.46979999999999,0.647374,0.010499954000000002
67.47968,0.6371669999999999,0.010499954000000002
67.48956,0.6269589999999999,0.0
67.49943999999999,0.616752,-0.010499954000000002
67.50932,0.606544,-0.010499954000000002
67.5192,0.596336,-0.013999938000000002
67.52908,0.586129,-0.024499892000000002
67.53896,0.575921,-0.03149986
67.54884,0.5657139999999999,-0.03849982800000001
67.55872,0.5555059999999999,-0.048999784000000005
67.5686,0.545299,-0.05599975200000001
67.57848,0.535091,-0.073499672
67.58836,0.524883,-0.08399963200000002
67.59823999999999,0.514676,-0.09799956800000001
67.60812,0.504468,-0.118999
67.618,0.49426099999999995,-0.136499
67.62787999999999,0.48405299999999996,-0.157499
67.63776,0.473846,-0.181999
67.64764,0.463638,-0.213499
67.65751999999999,0.45343,-0.24849799999999997
67.6674,0.443223,-0.28699800000000003
67.67728,0.433015,-0.33599799999999996
67.68715999999999,0.42280799999999996,-0.388498
67.69704,0.41259999999999997,-0.454997
67.70692,0.402393,-0.535497
67.71679999999999,0.392185,-0.633497
67.72668,0.38197699999999996,-0.7524959999999999
67.73656,0.37177,-0.895996
67.74643999999999,0.361562,-1.074495
67.75632,0.351355,-1.294994
67.7662,0.341147,-1.557493
67.77608,0.33094,-1.882991
67.78596,0.32073199999999996,-2.274989
67.79584,0.310525,-2.7404870000000003
67.80572,0.300317,-3.275985
67.8156,0.290109,-3.8639819999999996
67.82548,0.279902,-4.45898
67.83536,0.269694,-4.994477
67.84524,0.25948699999999997,-5.379476
67.85512,0.249279,-5.519475
67.865,0.23907199999999998,-5.337476
67.87487999999999,0.22886399999999998,-4.833478
67.88476,0.218656,-4.101980999999999
67.89464,0.208449,-3.282985
67.90451999999999,0.198241,-2.551488
67.9144,0.18803399999999998,-1.991491
67.92428,0.17782599999999998,-1.609992
67.93415999999999,0.167619,-1.3789930000000001
67.94404,0.157411,-1.2494939999999999
67.95392,0.147203,-1.1934939999999998
67.96379999999999,0.136996,-1.175994
67.97368,0.12678799999999998,-1.1829939999999999
67.98356,0.11658099999999999,-1.203994
67.99343999999999,0.106373,-1.2214939999999999
68.00332,0.096166048,-1.231994
68.0132,0.08595848,-1.228494
68.02308,0.07575092,-1.203994
68.03296,0.065543348,-1.168994
68.04284,0.055335776,-1.126995
68.05272,0.045128204000000005,-1.081495
68.0626,0.034920632,-1.039495
68.07248,0.024713064,-1.011495
68.08236,0.014505494,-0.9869949999999998
68.09224,0.004297924,-0.962495
68.10212,-0.005909646,-0.930995
68.112,-0.016117215,-0.899495
68.12187999999999,-0.026324786000000003,-0.8574959999999999
68.13176,-0.036532356,-0.8189960000000001
68.14164,-0.046739924,-0.787496
68.15151999999999,-0.056947496,-0.7559959999999999
68.1614,-0.067155064,-0.727996
68.17128,-0.077362632,-0.703496
68.18115999999999,-0.08757020800000001,-0.6789959999999999
68.19104,-0.09777777600000001,-0.654497
68.20092,-0.107985,-0.633497
68.21079999999999,-0.11819199999999999,-0.615997
68.22068,-0.1284,-0.5949969999999999
68.23056,-0.13860799999999998,-0.580997
68.24043999999999,-0.148815,-0.566997
68.25032,-0.159023,-0.552997
68.2602,-0.16923,-0.538997
68.27008,-0.179438,-0.5319969999999999
68.27996,-0.18964499999999998,-0.5249969999999999
68.28984799999999,-0.199853,-0.514497
68.299728,-0.18964499999999998,-0.384998
68.309608,-0.179438,-0.325498
68.31948799999999,-0.16923,-0.29049800000000003
68.329368,-0.159023,-0.255498
68.339248,-0.148815,-0.23449799999999998
68.349128,-0.13860799999999998,-0.213499
68.359008,-0.1284,-0.192499
68.368888,-0.11819199999999999,-0.174999
68.378768,-0.107985,-0.160999
68.388648,-0.09777777600000001,-0.14699900000000002
68.398528,-0.08757020800000001,-0.13299899999999998
68.408408,-0.077362632,-0.118999
68.418288,-0.067155064,-0.111999
68.428168,-0.056947496,-0.09799956800000001
68.438048,-0.046739924,-0.09099960000000001
68.44792799999999,-0.036532356,-0.08399963200000002
68.457808,-0.026324786000000003,-0.07699965600000001
68.467688,-0.016117215,-0.069999688
68.47756799999999,-0.005909646,-0.066499704
68.487448,0.004297924,-0.059499736000000004
68.497328,0.014505494,-0.05599975200000001
68.50720799999999,0.024713064,-0.05249976800000001
68.517088,0.034920632,-0.05249976800000001
68.526968,0.045128204000000005,-0.04549980000000001
68.53684799999999,0.055335776,-0.03849982800000001
68.546728,0.065543348,-0.03849982800000001
68.556608,0.07575092,-0.034999844
68.56648799999999,0.08595848,-0.024499892000000002
68.576368,0.096166048,-0.020999908000000005
68.586248,0.106373,-0.010499954000000002
68.596128,0.11658099999999999,0.0
68.606008,0.12678799999999998,0.006999969000000001
68.615888,0.136996,0.017499922
68.625768,0.147203,0.027999876000000003
68.635648,0.157411,0.034999844
68.645528,0.167619,0.04549980000000001
68.655408,0.17782599999999998,0.05249976800000001
68.665288,0.18803399999999998,0.059499736000000004
68.675168,0.198241,0.06299972
68.685048,0.208449,0.066499704
68.69492799999999,0.218656,0.069999688
68.704808,0.22886399999999998,0.073499672
68.714688,0.23907199999999998,0.073499672
68.72456799999999,0.249279,0.07699965600000001
68.734448,0.25948699999999997,0.07699965600000001
68.744328,0.269694,0.07699965600000001
68.75420799999999,0.279902,0.07699965600000001
68.764088,0.290109,0.08049964
68.773968,0.300317,0.08399963200000002
68.78384799999999,0.310525,0.087499616
68.793728,0.32073199999999996,0.09099960000000001
68.803608,0.33094,0.09449958400000001
68.81348799999999,0.341147,0.104999
68.823368,0.351355,0.118999
68.833248,0.361562,0.136499
68.843128,0.37177,0.160999
68.853008,0.38197699999999996,0.192499
68.862888,0.392185,0.23449799999999998
68.872768,0.402393,0.283498
68.882648,0.41259999999999997,0.346498
68.892528,0.42280799999999996,0.412998
68.902408,0.433015,0.48649699999999996
68.912288,0.443223,0.563497
68.922168,0.45343,0.636997
68.932048,0.463638,0.703496
68.94192799999999,0.473846,0.7559959999999999
68.951808,0.48405299999999996,0.797996
68.961688,0.49426099999999995,0.822496
68.97156799999999,0.504468,0.832996
68.981448,0.514676,0.8294959999999999
68.991328,0.524883,0.822496
69.00120799999999,0.535091,0.808496
69.011088,0.545299,0.794496
69.020968,0.5555059999999999,0.780496
69.03084799999999,0.5657139999999999,0.773496
69.040728,0.575921,0.773496
69.050608,0.586129,0.783996
69.06048799999999,0.596336,0.808496
69.070368,0.606544,0.8434959999999999
69.080248,0.616752,0.888996
69.09012799999999,0.6269589999999999,0.941495
69.100008,0.6371669999999999,1.004495
69.109888,0.647374,1.0709950000000001
69.119768,0.657582,1.140994
69.129648,0.667789,1.214494
69.139528,0.677997,1.287994
69.149408,0.688205,1.364993
69.159288,0.6984119999999999,1.448993
69.169168,0.7086199999999999,1.543493
69.179048,0.718827,1.651992
69.18892799999999,0.729035,1.774492
69.198808,0.739242,1.917991
69.208688,0.74945,2.07899
69.21856799999999,0.7596579999999999,2.2609899999999996
69.228448,0.7698649999999999,2.467488
69.238328,0.780073,2.6984879999999998
69.24820799999999,0.79028,2.950486
69.258088,0.800488,3.226985
69.267968,0.8106949999999999,3.5244839999999997
69.27784799999999,0.8209029999999999,3.8394820000000003
69.287728,0.8311109999999999,4.171981
69.297608,0.841318,4.518479
69.30748799999999,0.851526,4.871978
69.317368,0.861733,5.221976
69.327248,0.871941,5.554475
69.33712799999999,0.8821479999999999,5.858973
69.347008,0.8923559999999999,6.114472
69.356888,0.9025639999999999,6.313971
69.366768,0.8923559999999999,4.801978
69.376648,0.8821479999999999,3.6714830000000003
69.386528,0.871941,2.8384869999999998
69.396408,0.861733,2.21549
69.406288,0.851526,1.746492
69.416168,0.841318,1.389493
69.426048,0.8311109999999999,1.1164949999999998
69.43592799999999,0.8209029999999999,0.895996
69.445808,0.8106949999999999,0.724496
69.455688,0.800488,0.587997
69.46556799999999,0.79028,0.482997
69.475448,0.780073,0.395498
69.485328,0.7698649999999999,0.318498
69.495216,0.7596579999999999,0.25899799999999995
69.505096,0.74945,0.213499
69.51497599999999,0.739242,0.174999
69.524856,0.729035,0.139999
69.534736,0.718827,0.111999
69.54461599999999,0.7086199999999999,0.09449958400000001
69.554496,0.6984119999999999,0.073499672
69.564376,0.688205,0.05249976800000001
69.57425599999999,0.677997,0.048999784000000005
69.584136,0.667789,0.034999844
69.594016,0.657582,0.020999908000000005
69.60389599999999,0.647374,0.013999938000000002
69.613776,0.6371669999999999,0.006999969000000001
69.623656,0.6269589999999999,0.0
69.63353599999999,0.616752,-0.010499954000000002
69.643416,0.606544,-0.010499954000000002
69.653296,0.596336,-0.013999938000000002
69.66317599999999,0.586129,-0.024499892000000002
69.673056,0.575921,-0.03149986
69.682936,0.5657139999999999,-0.03849982800000001
69.692816,0.5555059999999999,-0.048999784000000005
69.702696,0.545299,-0.059499736000000004
69.712576,0.535091,-0.069999688
69.722456,0.524883,-0.087499616
69.732336,0.514676,-0.09799956800000001
69.742216,0.504468,-0.11549899999999999
69.752096,0.49426099999999995,-0.136499
69.76197599999999,0.48405299999999996,-0.157499
69.771856,0.473846,-0.185499
69.781736,0.463638,-0.213499
69.79161599999999,0.45343,-0.24849799999999997
69.801496,0.443223,-0.28699800000000003
69.811376,0.433015,-0.33599799999999996
69.82125599999999,0.42280799999999996,-0.391998
69.831136,0.41259999999999997,-0.454997
69.841016,0.402393,-0.538997
69.85089599999999,0.392185,-0.636997
69.860776,0.38197699999999996,-0.7524959999999999
69.870656,0.37177,-0.899495
69.88053599999999,0.361562,-1.077995
69.890416,0.351355,-1.294994
69.900296,0.341147,-1.560993
69.91017599999999,0.33094,-1.886491
69.920056,0.32073199999999996,-2.278489
69.929936,0.310525,-2.747487
69.939816,0.300317,-3.282985
69.949696,0.290109,-3.874482
69.959576,0.279902,-4.465979999999999
69.969456,0.269694,-5.0014769999999995
69.979336,0.25948699999999997,-5.386475
69.989216,0.249279,-5.519475
69.999096,0.23907199999999998,-5.333976000000001
70.00897599999999,0.22886399999999998,-4.822978
70.018856,0.218656,-4.091481
70.028736,0.208449,-3.275985
70.03861599999999,0.198241,-2.544488
70.048496,0.18803399999999998,-1.9879909999999998
70.058376,0.17782599999999998,-1.606492
70.06825599999999,0.167619,-1.3789930000000001
70.078136,0.157411,-1.252994
70.088016,0.147203,-1.1934939999999998
70.09789599999999,0.136996,-1.179494
70.107776,0.12678799999999998,-1.186494
70.117656,0.11658099999999999,-1.2074939999999998
70.12753599999999,0.106373,-1.224994
70.137416,0.096166048,-1.238994
70.147296,0.08595848,-1.231994
70.15717599999999,0.07575092,-1.2074939999999998
70.167056,0.065543348,-1.1724940000000001
70.176936,0.055335776,-1.126995
70.186816,0.045128204000000005,-1.081495
70.196696,0.034920632,-1.0429950000000001
70.206576,0.024713064,-1.011495
70.216456,0.014505494,-0.9869949999999998
70.226336,0.004297924,-0.962495
70.236216,-0.005909646,-0.934495
70.246096,-0.016117215,-0.899495
70.25597599999999,-0.026324786000000003,-0.860996
70.265856,-0.036532356,-0.8189960000000001
70.275736,-0.046739924,-0.787496
70.28561599999999,-0.056947496,-0.7559959999999999
70.295496,-0.067155064,-0.727996
70.305376,-0.077362632,-0.703496
70.31525599999999,-0.08757020800000001,-0.682496
70.325136,-0.09777777600000001,-0.657997
70.335016,-0.107985,-0.633497
70.34489599999999,-0.11819199999999999,-0.615997
70.354776,-0.1284,-0.598497
70.364656,-0.13860799999999998,-0.580997
70.37453599999999,-0.148815,-0.566997
70.384416,-0.159023,-0.556497
70.394296,-0.16923,-0.542497
70.40417599999999,-0.179438,-0.5319969999999999
70.414056,-0.18964499999999998,-0.521497
70.423936,-0.199853,-0.514497
70.433816,-0.18964499999999998,-0.388498
70.443696,-0.179438,-0.328998
70.453576,-0.16923,-0.29049800000000003
70.463456,-0.159023,-0.25899799999999995
70.473336,-0.148815,-0.23449799999999998
70.483216,-0.13860799999999998,-0.216999
70.493096,-0.1284,-0.195999
70.502976,-0.11819199999999999,-0.178499
70.512856,-0.107985,-0.164499
70.522736,-0.09777777600000001,-0.150499
70.53261599999999,-0.08757020800000001,-0.136499
70.542496,-0.077362632,-0.125999
70.552376,-0.067155064,-0.11549899999999999
70.56225599999999,-0.056947496,-0.104999
70.572136,-0.046739924,-0.09449958400000001
70.582016,-0.036532356,-0.087499616
70.59189599999999,-0.026324786000000003,-0.08049964
70.601776,-0.016117215,-0.073499672
70.611656,-0.005909646,-0.069999688
70.62153599999999,0.004297924,-0.06299972
70.631416,0.014505494,-0.059499736000000004
70.641296,0.024713064,-0.05249976800000001
70.65117599999999,0.034920632,-0.05249976800000001
70.661056,0.045128204000000005,-0.048999784000000005
70.670936,0.055335776,-0.04549980000000001
70.680816,0.065543348,-0.04199981600000001
70.690696,0.07575092,-0.034999844
70.700576,0.08595848,-0.027999876000000003
70.710464,0.096166048,-0.020999908000000005
70.720344,0.106373,-0.013999938000000002
70.73022399999999,0.11658099999999999,0.0
70.740104,0.12678799999999998,0.0034999840000000003
70.749984,0.136996,0.013999938000000002
70.759864,0.147203,0.027999876000000003
70.769744,0.157411,0.034999844
70.779624,0.167619,0.04549980000000001
70.789504,0.17782599999999998,0.05249976800000001
70.799384,0.18803399999999998,0.059499736000000004
70.809264,0.198241,0.06299972
70.819144,0.208449,0.066499704
70.82902399999999,0.218656,0.069999688
70.838904,0.22886399999999998,0.069999688
70.848784,0.23907199999999998,0.073499672
70.85866399999999,0.249279,0.073499672
70.868544,0.25948699999999997,0.07699965600000001
70.878424,0.269694,0.07699965600000001
70.88830399999999,0.279902,0.07699965600000001
70.898184,0.290109,0.08049964
70.908064,0.300317,0.08049964
70.91794399999999,0.310525,0.08399963200000002
70.927824,0.32073199999999996,0.09099960000000001
70.937704,0.33094,0.09799956800000001
70.94758399999999,0.341147,0.104999
70.957464,0.351355,0.118999
70.967344,0.361562,0.136499
70.97722399999999,0.37177,0.160999
70.987104,0.38197699999999996,0.192499
70.996984,0.392185,0.23449799999999998
71.006864,0.402393,0.28699800000000003
71.016744,0.41259999999999997,0.346498
71.026624,0.42280799999999996,0.419998
71.036504,0.433015,0.493497
71.046384,0.443223,0.573997
71.056264,0.45343,0.647497
71.066144,0.463638,0.713996
71.076024,0.473846,0.766496
71.085904,0.48405299999999996,0.804996
71.095784,0.49426099999999995,0.825996
71.10566399999999,0.504468,0.8364959999999999
71.115544,0.514676,0.8364959999999999
71.125424,0.524883,0.825996
71.13530399999999,0.535091,0.811996
71.145184,0.545299,0.797996
71.155064,0.5555059999999999,0.783996
71.16494399999999,0.5657139999999999,0.776996
71.174824,0.575921,0.776996
71.184704,0.586129,0.787496
71.19458399999999,0.596336,0.811996
71.204464,0.606544,0.846996
71.214344,0.616752,0.895996
71.22422399999999,0.6269589999999999,0.951995
71.234104,0.6371669999999999,1.0149949999999999
71.243984,0.647374,1.0849950000000002
71.253864,0.657582,1.154994
71.263744,0.667789,1.228494
71.273624,0.677997,1.301994
71.283504,0.688205,1.3789930000000001
71.293384,0.6984119999999999,1.462993
71.303264,0.7086199999999999,1.553993
71.313144,0.718827,1.6624919999999999
71.323024,0.729035,1.7849920000000001
71.332904,0.739242,1.9249910000000001
71.342784,0.74945,2.0859900000000002
71.35266399999999,0.7596579999999999,2.267989
71.362544,0.7698649999999999,2.470989
71.372424,0.780073,2.6984879999999998
71.38230399999999,0.79028,2.950486
71.392184,0.800488,3.223485
71.402064,0.8106949999999999,3.5174839999999996
71.41194399999999,0.8209029999999999,3.832482
71.421824,0.8311109999999999,4.161480999999999
71.431704,0.841318,4.50798
71.44158399999999,0.851526,4.857978
71.451464,0.861733,5.207976
71.461344,0.871941,5.540475
71.47122399999999,0.8821479999999999,5.841473000000001
71.481104,0.8923559999999999,6.096971999999999
71.490984,0.9025639999999999,6.296472
71.50086399999999,0.8923559999999999,4.791478
71.510744,0.8821479999999999,3.664483
71.520624,0.871941,2.8314869999999996
71.530504,0.861733,2.2119899999999997
71.540384,0.851526,1.746492
71.550264,0.841318,1.389493
71.560144,0.8311109999999999,1.109495
71.570024,0.8209029999999999,0.895996
71.579904,0.8106949999999999,0.724496
71.589784,0.800488,0.5914969999999999
71.59966399999999,0.79028,0.47949699999999995
71.609544,0.780073,0.391998
71.619424,0.7698649999999999,0.321998
71.62930399999999,0.7596579999999999,0.26249799999999995
71.639184,0.74945,0.213499
71.649064,0.739242,0.174999
71.65894399999999,0.729035,0.139999
71.668824,0.718827,0.111999
71.678704,0.7086199999999999,0.09449958400000001
71.68858399999999,0.6984119999999999,0.073499672
71.698464,0.688205,0.05599975200000001
71.708344,0.677997,0.048999784000000005
71.71822399999999,0.667789,0.034999844
71.728104,0.657582,0.020999908000000005
71.737984,0.647374,0.010499954000000002
71.74786399999999,0.6371669999999999,0.006999969000000001
71.757744,0.6269589999999999,0.0
71.767624,0.616752,-0.010499954000000002
71.777504,0.606544,-0.006999969000000001
71.787384,0.596336,-0.013999938000000002
71.797264,0.586129,-0.024499892000000002
71.807144,0.575921,-0.027999876000000003
71.817024,0.5657139999999999,-0.03849982800000001
71.826904,0.5555059999999999,-0.048999784000000005
71.836784,0.545299,-0.059499736000000004
71.84666399999999,0.535091,-0.073499672
71.856544,0.524883,-0.087499616
71.866424,0.514676,-0.09799956800000001
71.87630399999999,0.504468,-0.118999
71.886184,0.49426099999999995,-0.139999
71.896064,0.48405299999999996,-0.153999
71.90594399999999,0.473846,-0.181999
71.915832,0.463638,-0.213499
71.92571199999999,0.45343,-0.24849799999999997
71.935592,0.443223,-0.283498
71.945472,0.433015,-0.332498
71.95535199999999,0.42280799999999996,-0.391998
71.965232,0.41259999999999997,-0.454997
71.975112,0.402393,-0.538997
71.98499199999999,0.392185,-0.636997
71.994872,0.38197699999999996,-0.7559959999999999
72.004752,0.37177,-0.902995
72.01463199999999,0.361562,-1.077995
72.024512,0.351355,-1.298494
72.034392,0.341147,-1.5644930000000001
72.04427199999999,0.33094,-1.889991
72.054152,0.32073199999999996,-2.2854889999999997
72.064032,0.310525,-2.754487
72.07391199999999,0.300317,-3.289985
72.083792,0.290109,-3.877982
72.093672,0.279902,-4.47648
72.103552,0.269694,-5.008477
72.113432,0.25948699999999997,-5.389976
72.123312,0.249279,-5.5264750000000005
72.133192,0.23907199999999998,-5.333976000000001
72.143072,0.22886399999999998,-4.819478
72.152952,0.218656,-4.080981
72.162832,0.208449,-3.265485
72.17271199999999,0.198241,-2.5374879999999997
72.182592,0.18803399999999998,-1.9809910000000002
72.192472,0.17782599999999998,-1.606492
72.20235199999999,0.167619,-1.3789930000000001
72.212232,0.157411,-1.256494
72.222112,0.147203,-1.196994
72.23199199999999,0.136996,-1.1829939999999999
72.241872,0.12678799999999998,-1.1899939999999998
72.251752,0.11658099999999999,-1.210994
72.26163199999999,0.106373,-1.231994
72.271512,0.096166048,-1.242494
72.281392,0.08595848,-1.2354939999999999
72.29127199999999,0.07575092,-1.214494
72.301152,0.065543348,-1.1724940000000001
72.311032,0.055335776,-1.1304949999999998
72.32091199999999,0.045128204000000005,-1.0849950000000002
72.330792,0.034920632,-1.0429950000000001
72.340672,0.024713064,-1.0149949999999999
72.350552,0.014505494,-0.9904949999999999
72.360432,0.004297924,-0.965995
72.370312,-0.005909646,-0.934495
72.380192,-0.016117215,-0.899495
72.390072,-0.026324786000000003,-0.860996
72.399952,-0.036532356,-0.8189960000000001
72.409832,-0.046739924,-0.783996
72.41971199999999,-0.056947496,-0.7559959999999999
72.429592,-0.067155064,-0.727996
72.439472,-0.077362632,-0.706996
72.44935199999999,-0.08757020800000001,-0.6789959999999999
72.459232,-0.09777777600000001,-0.657997
72.469112,-0.107985,-0.633497
72.47899199999999,-0.11819199999999999,-0.615997
72.488872,-0.1284,-0.598497
72.498752,-0.13860799999999998,-0.580997
72.50863199999999,-0.148815,-0.566997
72.518512,-0.159023,-0.556497
72.528392,-0.16923,-0.542497
72.53827199999999,-0.179438,-0.535497
72.548152,-0.18964499999999998,-0.5249969999999999
72.558032,-0.199853,-0.510997
72.56791199999999,-0.18964499999999998,-0.388498
72.577792,-0.179438,-0.328998
72.587672,-0.16923,-0.29049800000000003
72.597552,-0.159023,-0.26249799999999995
72.607432,-0.148815,-0.237998
72.617312,-0.13860799999999998,-0.220499
72.627192,-0.1284,-0.195999
72.637072,-0.11819199999999999,-0.178499
72.646952,-0.107985,-0.16799899999999998
72.656832,-0.09777777600000001,-0.150499
72.66671199999999,-0.08757020800000001,-0.136499
72.676592,-0.077362632,-0.125999
72.686472,-0.067155064,-0.118999
72.69635199999999,-0.056947496,-0.108499
72.706232,-0.046739924,-0.09799956800000001
72.716112,-0.036532356,-0.09099960000000001
72.72599199999999,-0.026324786000000003,-0.08399963200000002
72.735872,-0.016117215,-0.07699965600000001
72.745752,-0.005909646,-0.069999688
72.75563199999999,0.004297924,-0.066499704
72.765512,0.014505494,-0.059499736000000004
72.775392,0.024713064,-0.059499736000000004
72.78527199999999,0.034920632,-0.05599975200000001
72.795152,0.045128204000000005,-0.048999784000000005
72.805032,0.055335776,-0.04549980000000001
72.81491199999999,0.065543348,-0.04549980000000001
72.824792,0.07575092,-0.03849982800000001
72.834672,0.08595848,-0.03149986
72.844552,0.096166048,-0.020999908000000005
72.854432,0.106373,-0.013999938000000002
72.864312,0.11658099999999999,-0.0034999840000000003
72.874192,0.12678799999999998,0.0034999840000000003
72.884072,0.136996,0.013999938000000002
72.893952,0.147203,0.024499892000000002
72.903832,0.157411,0.034999844
72.91371199999999,0.167619,0.04199981600000001
72.923592,0.17782599999999998,0.05249976800000001
72.933472,0.18803399999999998,0.059499736000000004
72.94335199999999,0.198241,0.06299972
72.953232,0.208449,0.066499704
72.963112,0.218656,0.069999688
72.97299199999999,0.22886399999999998,0.069999688
72.982872,0.23907199999999998,0.073499672
72.992752,0.249279,0.073499672
73.00263199999999,0.25948699999999997,0.07699965600000001
73.012512,0.269694,0.07699965600000001
73.022392,0.279902,0.08049964
73.03227199999999,0.290109,0.08049964
73.042152,0.300317,0.08399963200000002
73.052032,0.310525,0.08399963200000002
73.06191199999999,0.32073199999999996,0.09099960000000001
73.071792,0.33094,0.09799956800000001
73.081672,0.341147,0.104999
73.091552,0.351355,0.118999
73.101432,0.361562,0.136499
73.111312,0.37177,0.160999
73.121192,0.38197699999999996,0.192499
73.13108,0.392185,0.237998
73.14095999999999,0.402393,0.29049800000000003
73.15084,0.41259999999999997,0.353498
73.16072,0.42280799999999996,0.423498
73.1706,0.433015,0.5004970000000001
73.18048,0.443223,0.577497
73.19036,0.45343,0.654497
73.20024,0.463638,0.720996
73.21012,0.473846,0.773496
73.22,0.48405299999999996,0.811996
73.22988,0.49426099999999995,0.832996
73.23975999999999,0.504468,0.8434959999999999
73.24964,0.514676,0.8364959999999999
73.25952,0.524883,0.825996
73.26939999999999,0.535091,0.815496
73.27928,0.545299,0.797996
73.28916,0.5555059999999999,0.783996
73.29903999999999,0.5657139999999999,0.776996
73.30892,0.575921,0.776996
73.3188,0.586129,0.787496
73.32867999999999,0.596336,0.811996
73.33856,0.606544,0.8504959999999999
73.34844,0.616752,0.902995
73.35831999999999,0.6269589999999999,0.9589949999999999
73.3682,0.6371669999999999,1.025495
73.37808,0.647374,1.095495
73.38795999999999,0.657582,1.168994
73.39784,0.667789,1.242494
73.40772,0.677997,1.3194940000000002
73.4176,0.688205,1.3929930000000001
73.42748,0.6984119999999999,1.476993
73.43736,0.7086199999999999,1.567993
73.44724,0.718827,1.6729919999999998
73.45712,0.729035,1.795491
73.467,0.739242,1.9354909999999999
73.47688,0.74945,2.09299
73.48675999999999,0.7596579999999999,2.2714890000000003
73.49664,0.7698649999999999,2.474489
73.50652,0.780073,2.6984879999999998
73.51639999999999,0.79028,2.946986
73.52628,0.800488,3.219985
73.53616,0.8106949999999999,3.510484
73.54603999999999,0.8209029999999999,3.8219819999999998
73.55592,0.8311109999999999,4.150981000000001
73.5658,0.841318,4.4939789999999995
73.57567999999999,0.851526,4.847478
73.58556,0.861733,5.197477
73.59544,0.871941,5.5264750000000005
73.60531999999999,0.8821479999999999,5.827473
73.6152,0.8923559999999999,6.082972
73.62508,0.9025639999999999,6.282471
73.63495999999999,0.8923559999999999,4.780978
73.64484,0.8821479999999999,3.657483
73.65472,0.871941,2.824487
73.6646,0.861733,2.20849
73.67448,0.851526,1.7429919999999999
73.68436,0.841318,1.385993
73.69424,0.8311109999999999,1.109495
73.70412,0.8209029999999999,0.895996
73.714,0.8106949999999999,0.724496
73.72388,0.800488,0.5914969999999999
73.73376,0.79028,0.47949699999999995
73.74364,0.780073,0.391998
73.75352,0.7698649999999999,0.318498
73.76339999999999,0.7596579999999999,0.25899799999999995
73.77328,0.74945,0.213499
73.78316,0.739242,0.174999
73.79303999999999,0.729035,0.139999
73.80292,0.718827,0.111999
73.8128,0.7086199999999999,0.09449958400000001
73.82267999999999,0.6984119999999999,0.073499672
73.83256,0.688205,0.05249976800000001
73.84244,0.677997,0.048999784000000005
73.85231999999999,0.667789,0.034999844
73.8622,0.657582,0.017499922
73.87208,0.647374,0.013999938000000002
73.88195999999999,0.6371669999999999,0.006999969000000001
73.89184,0.6269589999999999,0.0
73.90172,0.616752,-0.010499954000000002
73.91159999999999,0.606544,-0.010499954000000002
73.92148,0.596336,-0.017499922
73.93136,0.586129,-0.027999876000000003
73.94124,0.575921,-0.03149986
73.95112,0.5657139999999999,-0.03849982800000001
73.961,0.5555059999999999,-0.048999784000000005
73.97088,0.545299,-0.059499736000000004
73.98076,0.535091,-0.073499672
73.99064,0.524883,-0.087499616
74.00052,0.514676,-0.09799956800000001
74.01039999999999,0.504468,-0.118999
74.02028,0.49426099999999995,-0.136499
74.03016,0.48405299999999996,-0.157499
74.04003999999999,0.473846,-0.185499
74.04992,0.463638,-0.216999
74.0598,0.45343,-0.24849799999999997
74.06967999999999,0.443223,-0.29049800000000003
74.07956,0.433015,-0.33599799999999996
74.08944,0.42280799999999996,-0.391998
74.09931999999999,0.41259999999999997,-0.458497
74.1092,0.402393,-0.538997
74.11908,0.392185,-0.636997
74.12895999999999,0.38197699999999996,-0.7559959999999999
74.13884,0.37177,-0.902995
74.14872,0.361562,-1.0849950000000002
74.15859999999999,0.351355,-1.301994
74.16848,0.341147,-1.567993
74.17836,0.33094,-1.8934909999999998
74.18824,0.32073199999999996,-2.288989
74.19812,0.310525,-2.761487
74.208,0.300317,-3.296985
74.21788,0.290109,-3.888482
74.22776,0.279902,-4.48348
74.23764,0.269694,-5.015477
74.24752,0.25948699999999997,-5.3969759999999996
74.25739999999999,0.249279,-5.5264750000000005
74.26728,0.23907199999999998,-5.333976000000001
74.27716,0.22886399999999998,-4.812478
74.28703999999999,0.218656,-4.070481
74.29692,0.208449,-3.254985
74.3068,0.198241,-2.526988
74.31667999999999,0.18803399999999998,-1.977491
74.32656,0.17782599999999998,-1.602992
74.33644799999999,0.167619,-1.3789930000000001
74.346328,0.157411,-1.256494
74.356208,0.147203,-1.200494
74.36608799999999,0.136996,-1.186494
74.375968,0.12678799999999998,-1.196994
74.385848,0.11658099999999999,-1.217994
74.39572799999999,0.106373,-1.2354939999999999
74.405608,0.096166048,-1.245994
74.415488,0.08595848,-1.238994
74.42536799999999,0.07575092,-1.214494
74.435248,0.065543348,-1.175994
74.445128,0.055335776,-1.1304949999999998
74.45500799999999,0.045128204000000005,-1.088495
74.464888,0.034920632,-1.046495
74.474768,0.024713064,-1.018495
74.48464799999999,0.014505494,-0.993995
74.494528,0.004297924,-0.965995
74.504408,-0.005909646,-0.937995
74.514288,-0.016117215,-0.899495
74.524168,-0.026324786000000003,-0.860996
74.534048,-0.036532356,-0.822496
74.543928,-0.046739924,-0.787496
74.553808,-0.056947496,-0.759496
74.563688,-0.067155064,-0.731496
74.573568,-0.077362632,-0.706996
74.58344799999999,-0.08757020800000001,-0.682496
74.593328,-0.09777777600000001,-0.657997
74.603208,-0.107985,-0.633497
74.61308799999999,-0.11819199999999999,-0.615997
74.622968,-0.1284,-0.598497
74.632848,-0.13860799999999998,-0.580997
74.64272799999999,-0.148815,-0.570497
74.652608,-0.159023,-0.556497
74.662488,-0.16923,-0.545997
74.67236799999999,-0.179438,-0.535497
74.682248,-0.18964499999999998,-0.5249969999999999
74.692128,-0.199853,-0.514497
74.70200799999999,-0.18964499999999998,-0.388498
74.711888,-0.179438,-0.332498
74.721768,-0.16923,-0.29399800000000004
74.73164799999999,-0.159023,-0.26249799999999995
74.741528,-0.148815,-0.237998
74.751408,-0.13860799999999998,-0.223999
74.761288,-0.1284,-0.202999
74.771168,-0.11819199999999999,-0.181999
74.781048,-0.107985,-0.17149899999999998
74.790928,-0.09777777600000001,-0.153999
74.800808,-0.08757020800000001,-0.139999
74.810688,-0.077362632,-0.12949899999999998
74.820568,-0.067155064,-0.122499
74.83044799999999,-0.056947496,-0.108499
74.840328,-0.046739924,-0.101499
74.850208,-0.036532356,-0.09449958400000001
74.86008799999999,-0.026324786000000003,-0.087499616
74.869968,-0.016117215,-0.08049964
74.879848,-0.005909646,-0.073499672
74.88972799999999,0.004297924,-0.069999688
74.899608,0.014505494,-0.066499704
74.909488,0.024713064,-0.059499736000000004
74.91936799999999,0.034920632,-0.059499736000000004
74.929248,0.045128204000000005,-0.05599975200000001
74.939128,0.055335776,-0.048999784000000005
74.94900799999999,0.065543348,-0.048999784000000005
74.958888,0.07575092,-0.04199981600000001
74.968768,0.08595848,-0.034999844
74.97864799999999,0.096166048,-0.024499892000000002
74.988528,0.106373,-0.017499922
74.998408,0.11658099999999999,-0.006999969000000001
75.008288,0.12678799999999998,0.0034999840000000003
75.018168,0.136996,0.010499954000000002
75.028048,0.147203,0.020999908000000005
75.037928,0.157411,0.03149986
75.047808,0.167619,0.04199981600000001
75.057688,0.17782599999999998,0.048999784000000005
75.067568,0.18803399999999998,0.05599975200000001
75.07744799999999,0.198241,0.06299972
75.087328,0.208449,0.066499704
75.097208,0.218656,0.066499704
75.10708799999999,0.22886399999999998,0.069999688
75.116968,0.23907199999999998,0.073499672
75.126848,0.249279,0.073499672
75.13672799999999,0.25948699999999997,0.07699965600000001
75.146608,0.269694,0.07699965600000001
75.156488,0.279902,0.07699965600000001
75.16636799999999,0.290109,0.08049964
75.176248,0.300317,0.08049964
75.186128,0.310525,0.08399963200000002
75.19600799999999,0.32073199999999996,0.09099960000000001
75.205888,0.33094,0.09799956800000001
75.215768,0.341147,0.104999
75.22564799999999,0.351355,0.118999
75.235528,0.361562,0.136499
75.245408,0.37177,0.160999
75.255288,0.38197699999999996,0.195999
75.265168,0.392185,0.241498
75.275048,0.402393,0.29399800000000004
75.284928,0.41259999999999997,0.356998
75.294808,0.42280799999999996,0.430498
75.304688,0.433015,0.5074970000000001
75.314568,0.443223,0.584497
75.32444799999999,0.45343,0.661497
75.334328,0.463638,0.727996
75.344208,0.473846,0.780496
75.35408799999999,0.48405299999999996,0.8189960000000001
75.363968,0.49426099999999995,0.839996
75.373848,0.504468,0.846996
75.38372799999999,0.514676,0.8434959999999999
75.393608,0.524883,0.8294959999999999
75.403488,0.535091,0.815496
75.41336799999999,0.545299,0.797996
75.423248,0.5555059999999999,0.783996
75.433128,0.5657139999999999,0.776996
75.44300799999999,0.575921,0.776996
75.452888,0.586129,0.790996
75.462768,0.596336,0.815496
75.47264799999999,0.606544,0.8574959999999999
75.482528,0.616752,0.9064949999999999
75.492408,0.6269589999999999,0.9694950000000001
75.502288,0.6371669999999999,1.035995
75.512168,0.647374,1.1059949999999998
75.522048,0.657582,1.1829939999999999
75.531928,0.667789,1.256494
75.541808,0.677997,1.3334940000000002
75.55169599999999,0.688205,1.410493
75.561576,0.6984119999999999,1.490993
75.571456,0.7086199999999999,1.5819929999999998
75.581336,0.718827,1.6869919999999998
75.591216,0.729035,1.805991
75.601096,0.739242,1.942491
75.610976,0.74945,2.09999
75.620856,0.7596579999999999,2.278489
75.630736,0.7698649999999999,2.477989
75.640616,0.780073,2.6984879999999998
75.65049599999999,0.79028,2.946986
75.660376,0.800488,3.216485
75.670256,0.8106949999999999,3.503484
75.68013599999999,0.8209029999999999,3.8149819999999997
75.690016,0.8311109999999999,4.143981
75.699896,0.841318,4.48348
75.70977599999999,0.851526,4.833478
75.719656,0.861733,5.183476
75.729536,0.871941,5.512475
75.73941599999999,0.8821479999999999,5.813474
75.749296,0.8923559999999999,6.0724730000000005
75.759176,0.9025639999999999,6.268471
75.76905599999999,0.8923559999999999,4.770478
75.778936,0.8821479999999999,3.6469829999999996
75.788816,0.871941,2.820987
75.79869599999999,0.861733,2.20499
75.808576,0.851526,1.739492
75.818456,0.841318,1.382493
75.828336,0.8311109999999999,1.1059949999999998
75.838216,0.8209029999999999,0.8924960000000001
75.848096,0.8106949999999999,0.724496
75.857976,0.800488,0.587997
75.867856,0.79028,0.47949699999999995
75.877736,0.780073,0.391998
75.887616,0.7698649999999999,0.318498
75.89749599999999,0.7596579999999999,0.26249799999999995
75.907376,0.74945,0.213499
75.917256,0.739242,0.174999
75.92713599999999,0.729035,0.139999
75.937016,0.718827,0.111999
75.946896,0.7086199999999999,0.09449958400000001
75.95677599999999,0.6984119999999999,0.073499672
75.966656,0.688205,0.05249976800000001
75.976536,0.677997,0.04549980000000001
75.98641599999999,0.667789,0.03149986
75.996296,0.657582,0.017499922
76.006176,0.647374,0.010499954000000002
76.01605599999999,0.6371669999999999,0.006999969000000001
76.025936,0.6269589999999999,0.0
76.035816,0.616752,-0.010499954000000002
76.04569599999999,0.606544,-0.010499954000000002
76.055576,0.596336,-0.017499922
76.065456,0.586129,-0.027999876000000003
76.075336,0.575921,-0.03149986
76.085216,0.5657139999999999,-0.03849982800000001
76.095096,0.5555059999999999,-0.048999784000000005
76.104976,0.545299,-0.059499736000000004
76.114856,0.535091,-0.073499672
76.124736,0.524883,-0.087499616
76.134616,0.514676,-0.09799956800000001
76.14449599999999,0.504468,-0.118999
76.154376,0.49426099999999995,-0.139999
76.164256,0.48405299999999996,-0.157499
76.17413599999999,0.473846,-0.185499
76.184016,0.463638,-0.213499
76.193896,0.45343,-0.24849799999999997
76.20377599999999,0.443223,-0.28699800000000003
76.213656,0.433015,-0.33599799999999996
76.223536,0.42280799999999996,-0.391998
76.23341599999999,0.41259999999999997,-0.458497
76.243296,0.402393,-0.542497
76.253176,0.392185,-0.636997
76.26305599999999,0.38197699999999996,-0.759496
76.272936,0.37177,-0.902995
76.282816,0.361562,-1.0849950000000002
76.29269599999999,0.351355,-1.298494
76.302576,0.341147,-1.567993
76.312456,0.33094,-1.8969909999999999
76.32233599999999,0.32073199999999996,-2.2924889999999998
76.332216,0.310525,-2.764987
76.342096,0.300317,-3.303985
76.351976,0.290109,-3.8954820000000003
76.361856,0.279902,-4.4939789999999995
76.371736,0.269694,-5.022477
76.381616,0.25948699999999997,-5.403975999999999
76.391496,0.249279,-5.529974999999999
76.401376,0.23907199999999998,-5.330476
76.411256,0.22886399999999998,-4.805478
76.42113599999999,0.218656,-4.059982
76.431016,0.208449,-3.2444849999999996
76.440896,0.198241,-2.523488
76.45077599999999,0.18803399999999998,-1.970491
76.460656,0.17782599999999998,-1.602992
76.470536,0.167619,-1.3789930000000001
76.48041599999999,0.157411,-1.256494
76.490296,0.147203,-1.203994
76.500176,0.136996,-1.1899939999999998
76.51005599999999,0.12678799999999998,-1.200494
76.519936,0.11658099999999999,-1.2214939999999999
76.529816,0.106373,-1.242494
76.53969599999999,0.096166048,-1.2494939999999999
76.549576,0.08595848,-1.242494
76.559456,0.07575092,-1.217994
76.56933599999999,0.065543348,-1.179494
76.579216,0.055335776,-1.133994
76.589096,0.045128204000000005,-1.091995
76.598976,0.034920632,-1.046495
76.608856,0.024713064,-1.021995
76.618736,0.014505494,-0.993995
76.628616,0.004297924,-0.9694950000000001
76.638496,-0.005909646,-0.937995
76.648376,-0.016117215,-0.902995
76.658256,-0.026324786000000003,-0.8644959999999999
76.66813599999999,-0.036532356,-0.822496
76.678016,-0.046739924,-0.790996
76.687896,-0.056947496,-0.7629959999999999
76.69777599999999,-0.067155064,-0.731496
76.707656,-0.077362632,-0.706996
76.717536,-0.08757020800000001,-0.6859959999999999
76.72741599999999,-0.09777777600000001,-0.657997
76.737296,-0.107985,-0.636997
76.747176,-0.11819199999999999,-0.615997
76.757064,-0.1284,-0.601997
76.766944,-0.13860799999999998,-0.584497
76.77682399999999,-0.148815,-0.570497
76.786704,-0.159023,-0.556497
76.796584,-0.16923,-0.545997
76.80646399999999,-0.179438,-0.535497
76.816344,-0.18964499999999998,-0.5249969999999999
76.826224,-0.199853,-0.514497
76.83610399999999,-0.18964499999999998,-0.388498
76.845984,-0.179438,-0.332498
76.855864,-0.16923,-0.29399800000000004
76.86574399999999,-0.159023,-0.26249799999999995
76.875624,-0.148815,-0.241498
76.885504,-0.13860799999999998,-0.223999
76.89538399999999,-0.1284,-0.202999
76.905264,-0.11819199999999999,-0.185499
76.915144,-0.107985,-0.17149899999999998
76.925024,-0.09777777600000001,-0.157499
76.934904,-0.08757020800000001,-0.14349900000000002
76.944784,-0.077362632,-0.13299899999999998
76.954664,-0.067155064,-0.122499
76.964544,-0.056947496,-0.111999
76.974424,-0.046739924,-0.101499
76.984304,-0.036532356,-0.09799956800000001
76.99418399999999,-0.026324786000000003,-0.087499616
77.004064,-0.016117215,-0.08049964
77.013944,-0.005909646,-0.07699965600000001
77.02382399999999,0.004297924,-0.073499672
77.033704,0.014505494,-0.066499704
77.043584,0.024713064,-0.06299972
77.05346399999999,0.034920632,-0.06299972
77.063344,0.045128204000000005,-0.05599975200000001
77.073224,0.055335776,-0.05249976800000001
77.08310399999999,0.065543348,-0.048999784000000005
77.092984,0.07575092,-0.04199981600000001
77.102864,0.08595848,-0.034999844
77.11274399999999,0.096166048,-0.027999876000000003
77.122624,0.106373,-0.017499922
77.132504,0.11658099999999999,-0.006999969000000001
77.14238399999999,0.12678799999999998,0.0
77.152264,0.136996,0.010499954000000002
77.162144,0.147203,0.024499892000000002
77.172024,0.157411,0.03149986
77.181904,0.167619,0.03849982800000001
77.191784,0.17782599999999998,0.048999784000000005
77.201664,0.18803399999999998,0.05599975200000001
77.211544,0.198241,0.059499736000000004
77.221424,0.208449,0.06299972
77.231304,0.218656,0.066499704
77.24118399999999,0.22886399999999998,0.069999688
77.251064,0.23907199999999998,0.069999688
77.260944,0.249279,0.073499672
77.27082399999999,0.25948699999999997,0.073499672
77.280704,0.269694,0.07699965600000001
77.290584,0.279902,0.07699965600000001
77.30046399999999,0.290109,0.08049964
77.310344,0.300317,0.08049964
77.320224,0.310525,0.08399963200000002
77.33010399999999,0.32073199999999996,0.087499616
77.339984,0.33094,0.09799956800000001
77.349864,0.341147,0.104999
77.35974399999999,0.351355,0.118999
77.369624,0.361562,0.139999
77.379504,0.37177,0.164499
77.38938399999999,0.38197699999999996,0.199499
77.399264,0.392185,0.241498
77.409144,0.402393,0.297498
77.419024,0.41259999999999997,0.360498
77.428904,0.42280799999999996,0.433998
77.438784,0.433015,0.514497
77.448664,0.443223,0.5949969999999999
77.458544,0.45343,0.668497
77.468424,0.463638,0.738496
77.478304,0.473846,0.787496
77.48818399999999,0.48405299999999996,0.822496
77.498064,0.49426099999999995,0.8434959999999999
77.507944,0.504468,0.8504959999999999
77.51782399999999,0.514676,0.8434959999999999
77.527704,0.524883,0.832996
77.537584,0.535091,0.815496
77.54746399999999,0.545299,0.797996
77.557344,0.5555059999999999,0.783996
77.567224,0.5657139999999999,0.776996
77.57710399999999,0.575921,0.776996
77.586984,0.586129,0.790996
77.596864,0.596336,0.8189960000000001
77.60674399999999,0.606544,0.860996
77.616624,0.616752,0.913495
77.626504,0.6269589999999999,0.976495
77.63638399999999,0.6371669999999999,1.046495
77.646264,0.647374,1.1199949999999999
77.656144,0.657582,1.196994
77.666024,0.667789,1.273994
77.675904,0.677997,1.3509939999999998
77.685784,0.688205,1.4244929999999998
77.695664,0.6984119999999999,1.504993
77.705544,0.7086199999999999,1.595992
77.715424,0.718827,1.697492
77.725304,0.729035,1.816491
77.73518399999999,0.739242,1.9529910000000001
77.745064,0.74945,2.10699
77.754944,0.7596579999999999,2.281989
77.76482399999999,0.7698649999999999,2.477989
77.774704,0.780073,2.6984879999999998
77.784584,0.79028,2.943486
77.79446399999999,0.800488,3.209485
77.804344,0.8106949999999999,3.499984
77.814224,0.8209029999999999,3.8079819999999995
77.82410399999999,0.8311109999999999,4.133481
77.833984,0.841318,4.47298
77.843864,0.851526,4.822978
77.85374399999999,0.861733,5.1694759999999995
77.863624,0.871941,5.501975
77.873504,0.8821479999999999,5.802974
77.88338399999999,0.8923559999999999,6.058472
77.893264,0.9025639999999999,6.254472
77.903144,0.8923559999999999,4.759978
77.913024,0.8821479999999999,3.6434830000000002
77.922904,0.871941,2.817487
77.932784,0.861733,2.20149
77.942664,0.851526,1.735992
77.952544,0.841318,1.382493
77.962424,0.8311109999999999,1.1059949999999998
77.972312,0.8209029999999999,0.8924960000000001
77.982192,0.8106949999999999,0.720996
77.992072,0.800488,0.584497
78.001952,0.79028,0.47949699999999995
78.011832,0.780073,0.391998
78.021712,0.7698649999999999,0.318498
78.031592,0.7596579999999999,0.25899799999999995
78.041472,0.74945,0.213499
78.051352,0.739242,0.174999
78.06123199999999,0.729035,0.139999
78.071112,0.718827,0.111999
78.080992,0.7086199999999999,0.09449958400000001
78.09087199999999,0.6984119999999999,0.073499672
78.100752,0.688205,0.05249976800000001
78.110632,0.677997,0.04549980000000001
78.12051199999999,0.667789,0.03149986
78.130392,0.657582,0.017499922
78.140272,0.647374,0.010499954000000002
78.15015199999999,0.6371669999999999,0.006999969000000001
78.160032,0.6269589999999999,0.0
78.169912,0.616752,-0.010499954000000002
78.17979199999999,0.606544,-0.010499954000000002
78.189672,0.596336,-0.017499922
78.199552,0.586129,-0.027999876000000003
78.20943199999999,0.575921,-0.03149986
78.219312,0.5657139999999999,-0.03849982800000001
78.229192,0.5555059999999999,-0.048999784000000005
78.239072,0.545299,-0.059499736000000004
78.248952,0.535091,-0.073499672
78.258832,0.524883,-0.087499616
78.268712,0.514676,-0.09799956800000001
78.278592,0.504468,-0.118999
78.288472,0.49426099999999995,-0.139999
78.298352,0.48405299999999996,-0.157499
78.30823199999999,0.473846,-0.185499
78.318112,0.463638,-0.213499
78.327992,0.45343,-0.24849799999999997
78.33787199999999,0.443223,-0.28699800000000003
78.347752,0.433015,-0.33599799999999996
78.357632,0.42280799999999996,-0.395498
78.36751199999999,0.41259999999999997,-0.458497
78.377392,0.402393,-0.538997
78.387272,0.392185,-0.640497
78.39715199999999,0.38197699999999996,-0.759496
78.407032,0.37177,-0.902995
78.416912,0.361562,-1.0849950000000002
78.42679199999999,0.351355,-1.301994
78.436672,0.341147,-1.571493
78.446552,0.33094,-1.900491
78.45643199999999,0.32073199999999996,-2.295989
78.466312,0.310525,-2.768487
78.476192,0.300317,-3.310985
78.486072,0.290109,-3.9024820000000005
78.495952,0.279902,-4.50098
78.505832,0.269694,-5.032977
78.515712,0.25948699999999997,-5.410975
78.525592,0.249279,-5.533474999999999
78.535472,0.23907199999999998,-5.326976
78.545352,0.22886399999999998,-4.798477999999999
78.55523199999999,0.218656,-4.052981
78.565112,0.208449,-3.237485
78.574992,0.198241,-2.512988
78.58487199999999,0.18803399999999998,-1.966991
78.594752,0.17782599999999998,-1.599492
78.604632,0.167619,-1.3789930000000001
78.61451199999999,0.157411,-1.259994
78.624392,0.147203,-1.2074939999999998
78.634272,0.136996,-1.1934939999999998
78.64415199999999,0.12678799999999998,-1.203994
78.654032,0.11658099999999999,-1.228494
78.663912,0.106373,-1.245994
78.67379199999999,0.096166048,-1.252994
78.683672,0.08595848,-1.2494939999999999
78.693552,0.07575092,-1.2214939999999999
78.70343199999999,0.065543348,-1.179494
78.713312,0.055335776,-1.137494
78.723192,0.045128204000000005,-1.091995
78.73307199999999,0.034920632,-1.053495
78.742952,0.024713064,-1.021995
78.752832,0.014505494,-0.997495
78.762712,0.004297924,-0.9694950000000001
78.772592,-0.005909646,-0.941495
78.782472,-0.016117215,-0.902995
78.792352,-0.026324786000000003,-0.860996
78.80223199999999,-0.036532356,-0.825996
78.812112,-0.046739924,-0.790996
78.821992,-0.056947496,-0.7629959999999999
78.83187199999999,-0.067155064,-0.731496
78.841752,-0.077362632,-0.710496
78.851632,-0.08757020800000001,-0.6859959999999999
78.86151199999999,-0.09777777600000001,-0.657997
78.871392,-0.107985,-0.636997
78.881272,-0.11819199999999999,-0.619497
78.89115199999999,-0.1284,-0.601997
78.901032,-0.13860799999999998,-0.584497
78.910912,-0.148815,-0.570497
78.92079199999999,-0.159023,-0.556497
78.930672,-0.16923,-0.542497
78.940552,-0.179438,-0.535497
78.95043199999999,-0.18964499999999998,-0.528497
78.960312,-0.199853,-0.514497
78.970192,-0.18964499999999998,-0.391998
78.98007199999999,-0.179438,-0.332498
78.989952,-0.16923,-0.297498
78.999832,-0.159023,-0.26949799999999996
79.009712,-0.148815,-0.244998
79.019592,-0.13860799999999998,-0.223999
79.029472,-0.1284,-0.206499
79.039352,-0.11819199999999999,-0.185499
79.049232,-0.107985,-0.17149899999999998
79.059112,-0.09777777600000001,-0.160999
79.068992,-0.08757020800000001,-0.14349900000000002
79.07887199999999,-0.077362632,-0.13299899999999998
79.088752,-0.067155064,-0.125999
79.098632,-0.056947496,-0.11549899999999999
79.10851199999999,-0.046739924,-0.104999
79.118392,-0.036532356,-0.09799956800000001
79.128272,-0.026324786000000003,-0.09099960000000001
79.13815199999999,-0.016117215,-0.08399963200000002
79.148032,-0.005909646,-0.08049964
79.157912,0.004297924,-0.07699965600000001
79.16779199999999,0.014505494,-0.069999688
79.17768,0.024713064,-0.066499704
79.18755999999999,0.034920632,-0.06299972
79.19744,0.045128204000000005,-0.059499736000000004
79.20732,0.055335776,-0.05599975200000001
79.21719999999999,0.065543348,-0.05249976800000001
79.22708,0.07575092,-0.04549980000000001
79.23696,0.08595848,-0.03849982800000001
79.24683999999999,0.096166048,-0.03149986
79.25672,0.106373,-0.020999908000000005
79.2666,0.11658099999999999,-0.010499954000000002
79.27647999999999,0.12678799999999998,0.0
79.28636,0.136996,0.006999969000000001
79.29624,0.147203,0.020999908000000005
79.30611999999999,0.157411,0.03149986
79.316,0.167619,0.03849982800000001
79.32588,0.17782599999999998,0.04549980000000001
79.33576,0.18803399999999998,0.05249976800000001
79.34564,0.198241,0.059499736000000004
79.35552,0.208449,0.06299972
79.3654,0.218656,0.066499704
79.37527999999999,0.22886399999999998,0.069999688
79.38516,0.23907199999999998,0.069999688
79.39504,0.249279,0.073499672
79.40491999999999,0.25948699999999997,0.073499672
79.4148,0.269694,0.07699965600000001
79.42468,0.279902,0.07699965600000001
79.43455999999999,0.290109,0.08049964
79.44444,0.300317,0.08049964
79.45432,0.310525,0.08399963200000002
79.46419999999999,0.32073199999999996,0.09099960000000001
79.47408,0.33094,0.09449958400000001
79.48396,0.341147,0.104999
79.49383999999999,0.351355,0.118999
79.50372,0.361562,0.136499
79.5136,0.37177,0.164499
79.52347999999999,0.38197699999999996,0.199499
79.53336,0.392185,0.244998
79.54324,0.402393,0.297498
79.55311999999999,0.41259999999999997,0.363998
79.563,0.42280799999999996,0.440998
79.57288,0.433015,0.521497
79.58276,0.443223,0.601997
79.59264,0.45343,0.6789959999999999
79.60252,0.463638,0.745496
79.6124,0.473846,0.797996
79.62228,0.48405299999999996,0.8294959999999999
79.63216,0.49426099999999995,0.846996
79.64204,0.504468,0.853996
79.65191999999999,0.514676,0.846996
79.6618,0.524883,0.832996
79.67168,0.535091,0.815496
79.68155999999999,0.545299,0.797996
79.69144,0.5555059999999999,0.783996
79.70132,0.5657139999999999,0.776996
79.71119999999999,0.575921,0.780496
79.72108,0.586129,0.794496
79.73096,0.596336,0.822496
79.74083999999999,0.606544,0.8644959999999999
79.75072,0.616752,0.920495
79.7606,0.6269589999999999,0.983495
79.77047999999999,0.6371669999999999,1.0569950000000001
79.78036,0.647374,1.1304949999999998
79.79024,0.657582,1.2074939999999998
79.80011999999999,0.667789,1.287994
79.81,0.677997,1.364993
79.81988,0.688205,1.4384929999999998
79.82976,0.6984119999999999,1.518993
79.83964,0.7086199999999999,1.606492
79.84952,0.718827,1.707992
79.8594,0.729035,1.823491
79.86928,0.739242,1.9599909999999998
79.87916,0.74945,2.1139900000000003
79.88904,0.7596579999999999,2.2854889999999997
79.89891999999999,0.7698649999999999,2.477989
79.9088,0.780073,2.6984879999999998
79.91868,0.79028,2.9399859999999998
79.92855999999999,0.800488,3.205985
79.93844,0.8106949999999999,3.492984
79.94832,0.8209029999999999,3.800983
79.95819999999999,0.8311109999999999,4.126481
79.96808,0.841318,4.462479999999999
79.97796,0.851526,4.808978
79.98783999999999,0.861733,5.155476999999999
79.99772,0.871941,5.484475
80.0076,0.8821479999999999,5.785474
80.01747999999999,0.8923559999999999,6.044473
80.02736,0.9025639999999999,6.240472
80.03724,0.8923559999999999,4.752978
80.04711999999999,0.8821479999999999,3.636483
80.057,0.871941,2.8104869999999997
80.06688,0.861733,2.19449
80.07676,0.851526,1.732492
80.08664,0.841318,1.3789930000000001
80.09652,0.8311109999999999,1.102495
80.1064,0.8209029999999999,0.8924960000000001
80.11628,0.8106949999999999,0.720996
80.12616,0.800488,0.584497
80.13604,0.79028,0.475997
80.14591999999999,0.780073,0.391998
80.1558,0.7698649999999999,0.318498
80.16568,0.7596579999999999,0.25899799999999995
80.17555999999999,0.74945,0.213499
80.18544,0.739242,0.174999
80.19532,0.729035,0.139999
80.20519999999999,0.718827,0.111999
80.21508,0.7086199999999999,0.09449958400000001
80.22496,0.6984119999999999,0.073499672
80.23483999999999,0.688205,0.05249976800000001
80.24472,0.677997,0.04549980000000001
80.2546,0.667789,0.034999844
80.26447999999999,0.657582,0.020999908000000005
80.27436,0.647374,0.010499954000000002
80.28424,0.6371669999999999,0.010499954000000002
80.29411999999999,0.6269589999999999,0.0
80.304,0.616752,-0.006999969000000001
80.31388,0.606544,-0.010499954000000002
80.32376,0.596336,-0.017499922
80.33364,0.586129,-0.027999876000000003
80.34352,0.575921,-0.03149986
80.3534,0.5657139999999999,-0.03849982800000001
80.36328,0.5555059999999999,-0.048999784000000005
80.37316,0.545299,-0.059499736000000004
80.38304,0.535091,-0.073499672
80.392928,0.524883,-0.087499616
80.402808,0.514676,-0.09799956800000001
80.412688,0.504468,-0.118999
80.422568,0.49426099999999995,-0.136499
80.432448,0.48405299999999996,-0.157499
80.442328,0.473846,-0.185499
80.452208,0.463638,-0.213499
80.462088,0.45343,-0.24849799999999997
80.47196799999999,0.443223,-0.28699800000000003
80.481848,0.433015,-0.33599799999999996
80.491728,0.42280799999999996,-0.391998
80.50160799999999,0.41259999999999997,-0.458497
80.511488,0.402393,-0.538997
80.521368,0.392185,-0.640497
80.53124799999999,0.38197699999999996,-0.759496
80.541128,0.37177,-0.9064949999999999
80.551008,0.361562,-1.0849950000000002
80.56088799999999,0.351355,-1.305494
80.570768,0.341147,-1.574992
80.580648,0.33094,-1.9039909999999998
80.59052799999999,0.32073199999999996,-2.299489
80.600408,0.310525,-2.7754869999999996
80.610288,0.300317,-3.314485
80.62016799999999,0.290109,-3.9094819999999997
80.630048,0.279902,-4.50798
80.639928,0.269694,-5.0399769999999995
80.649808,0.25948699999999997,-5.414476
80.659688,0.249279,-5.533474999999999
80.669568,0.23907199999999998,-5.323476
80.679448,0.22886399999999998,-4.7949779999999995
80.689328,0.218656,-4.042482
80.699208,0.208449,-3.223485
80.709088,0.198241,-2.505988
80.71896799999999,0.18803399999999998,-1.9634909999999999
80.728848,0.17782599999999998,-1.599492
80.738728,0.167619,-1.3789930000000001
80.74860799999999,0.157411,-1.263494
80.758488,0.147203,-1.210994
80.768368,0.136996,-1.196994
80.77824799999999,0.12678799999999998,-1.2074939999999998
80.788128,0.11658099999999999,-1.231994
80.798008,0.106373,-1.2494939999999999
80.80788799999999,0.096166048,-1.256494
80.817768,0.08595848,-1.252994
80.827648,0.07575092,-1.224994
80.83752799999999,0.065543348,-1.1829939999999999
80.847408,0.055335776,-1.137494
80.857288,0.045128204000000005,-1.095495
80.86716799999999,0.034920632,-1.053495
80.877048,0.024713064,-1.021995
80.886928,0.014505494,-1.0009949999999999
80.896808,0.004297924,-0.9729949999999999
80.906688,-0.005909646,-0.941495
80.916568,-0.016117215,-0.9064949999999999
80.926448,-0.026324786000000003,-0.8644959999999999
80.936328,-0.036532356,-0.825996
80.946208,-0.046739924,-0.794496
80.956088,-0.056947496,-0.7629959999999999
80.96596799999999,-0.067155064,-0.734996
80.975848,-0.077362632,-0.710496
80.985728,-0.08757020800000001,-0.6859959999999999
80.99560799999999,-0.09777777600000001,-0.661497
81.005488,-0.107985,-0.636997
81.015368,-0.11819199999999999,-0.619497
81.02524799999999,-0.1284,-0.601997
81.035128,-0.13860799999999998,-0.584497
81.045008,-0.148815,-0.570497
81.05488799999999,-0.159023,-0.559997
81.064768,-0.16923,-0.545997
81.074648,-0.179438,-0.535497
81.08452799999999,-0.18964499999999998,-0.528497
81.094408,-0.199853,-0.5179969999999999
81.104288,-0.18964499999999998,-0.391998
81.11416799999999,-0.179438,-0.33599799999999996
81.124048,-0.16923,-0.300998
81.133928,-0.159023,-0.26949799999999996
81.14380799999999,-0.148815,-0.244998
81.153688,-0.13860799999999998,-0.22749799999999998
81.163568,-0.1284,-0.206499
81.173448,-0.11819199999999999,-0.18899899999999997
81.183328,-0.107985,-0.174999
81.193208,-0.09777777600000001,-0.160999
81.203088,-0.08757020800000001,-0.14699900000000002
81.21296799999999,-0.077362632,-0.136499
81.222848,-0.067155064,-0.12949899999999998
81.232728,-0.056947496,-0.118999
81.24260799999999,-0.046739924,-0.108499
81.252488,-0.036532356,-0.104999
81.262368,-0.026324786000000003,-0.09449958400000001
81.27224799999999,-0.016117215,-0.087499616
81.282128,-0.005909646,-0.08399963200000002
81.292008,0.004297924,-0.07699965600000001
81.30188799999999,0.014505494,-0.069999688
81.311768,0.024713064,-0.069999688
81.321648,0.034920632,-0.066499704
81.33152799999999,0.045128204000000005,-0.06299972
81.341408,0.055335776,-0.05599975200000001
81.351288,0.065543348,-0.05249976800000001
81.36116799999999,0.07575092,-0.048999784000000005
81.371048,0.08595848,-0.03849982800000001
81.380928,0.096166048,-0.03149986
81.39080799999999,0.106373,-0.024499892000000002
81.400688,0.11658099999999999,-0.010499954000000002
81.410568,0.12678799999999998,0.0
81.420448,0.136996,0.006999969000000001
81.430328,0.147203,0.020999908000000005
81.440208,0.157411,0.03149986
81.450088,0.167619,0.03849982800000001
81.45996799999999,0.17782599999999998,0.04549980000000001
81.469848,0.18803399999999998,0.05249976800000001
81.479728,0.198241,0.059499736000000004
81.48960799999999,0.208449,0.06299972
81.499488,0.218656,0.066499704
81.509368,0.22886399999999998,0.066499704
81.51924799999999,0.23907199999999998,0.069999688
81.529128,0.249279,0.069999688
81.539008,0.25948699999999997,0.073499672
81.54888799999999,0.269694,0.073499672
81.558768,0.279902,0.07699965600000001
81.568648,0.290109,0.07699965600000001
81.57852799999999,0.300317,0.08049964
81.588408,0.310525,0.08049964
81.59829599999999,0.32073199999999996,0.087499616
81.608176,0.33094,0.09449958400000001
81.618056,0.341147,0.104999
81.62793599999999,0.351355,0.118999
81.637816,0.361562,0.139999
81.647696,0.37177,0.164499
81.65757599999999,0.38197699999999996,0.199499
81.667456,0.392185,0.244998
81.677336,0.402393,0.300998
81.68721599999999,0.41259999999999997,0.367498
81.697096,0.42280799999999996,0.444498
81.706976,0.433015,0.5249969999999999
81.71685599999999,0.443223,0.608997
81.726736,0.45343,0.6859959999999999
81.736616,0.463638,0.7524959999999999
81.746496,0.473846,0.801496
81.756376,0.48405299999999996,0.8364959999999999
81.766256,0.49426099999999995,0.853996
81.776136,0.504468,0.8574959999999999
81.78601599999999,0.514676,0.846996
81.795896,0.524883,0.8364959999999999
81.805776,0.535091,0.815496
81.81565599999999,0.545299,0.801496
81.825536,0.5555059999999999,0.787496
81.835416,0.5657139999999999,0.776996
81.84529599999999,0.575921,0.780496
81.855176,0.586129,0.794496
81.865056,0.596336,0.822496
81.87493599999999,0.606544,0.867996
81.884816,0.616752,0.9239949999999999
81.894696,0.6269589999999999,0.9904949999999999
81.90457599999999,0.6371669999999999,1.063995
81.914456,0.647374,1.1444940000000001
81.924336,0.657582,1.224994
81.93421599999999,0.667789,1.301994
81.944096,0.677997,1.3789930000000001
81.953976,0.688205,1.4524929999999998
81.96385599999999,0.6984119999999999,1.532993
81.973736,0.7086199999999999,1.620492
81.983616,0.718827,1.718492
81.993496,0.729035,1.833991
82.003376,0.739242,1.9634909999999999
82.013256,0.74945,2.1174899999999997
82.023136,0.7596579999999999,2.288989
82.03301599999999,0.7698649999999999,2.481489
82.042896,0.780073,2.6984879999999998
82.052776,0.79028,2.9399859999999998
82.06265599999999,0.800488,3.2024850000000002
82.072536,0.8106949999999999,3.4894839999999996
82.082416,0.8209029999999999,3.793983
82.09229599999999,0.8311109999999999,4.115981
82.102176,0.841318,4.4554800000000006
82.112056,0.851526,4.798477999999999
82.12193599999999,0.861733,5.144976
82.131816,0.871941,5.473974999999999
82.141696,0.8821479999999999,5.774973999999999
82.15157599999999,0.8923559999999999,6.030473
82.161456,0.9025639999999999,6.229972
82.171336,0.8923559999999999,4.742477999999999
82.18121599999999,0.8821479999999999,3.629483
82.191096,0.871941,2.8034869999999996
82.200976,0.861733,2.19449
82.21085599999999,0.851526,1.7289919999999999
82.220736,0.841318,1.375493
82.230616,0.8311109999999999,1.102495
82.240496,0.8209029999999999,0.888996
82.250376,0.8106949999999999,0.720996
82.260256,0.800488,0.584497
82.270136,0.79028,0.475997
82.280016,0.780073,0.391998
82.289896,0.7698649999999999,0.318498
82.299776,0.7596579999999999,0.25899799999999995
82.30965599999999,0.74945,0.213499
82.319536,0.739242,0.174999
82.329416,0.729035,0.139999
82.33929599999999,0.718827,0.111999
82.349176,0.7086199999999999,0.09099960000000001
82.359056,0.6984119999999999,0.073499672
82.36893599999999,0.688205,0.05249976800000001
82.378816,0.677997,0.04549980000000001
82.388696,0.667789,0.034999844
82.39857599999999,0.657582,0.020999908000000005
82.408456,0.647374,0.010499954000000002
82.418336,0.6371669999999999,0.006999969000000001
82.42821599999999,0.6269589999999999,0.0
82.438096,0.616752,-0.010499954000000002
82.447976,0.606544,-0.010499954000000002
82.45785599999999,0.596336,-0.017499922
82.467736,0.586129,-0.027999876000000003
82.477616,0.575921,-0.03149986
82.487496,0.5657139999999999,-0.03849982800000001
82.497376,0.5555059999999999,-0.048999784000000005
82.507256,0.545299,-0.059499736000000004
82.517136,0.535091,-0.073499672
82.527016,0.524883,-0.087499616
82.536896,0.514676,-0.101499
82.546776,0.504468,-0.122499
82.55665599999999,0.49426099999999995,-0.139999
82.566536,0.48405299999999996,-0.157499
82.576416,0.473846,-0.185499
82.58629599999999,0.463638,-0.216999
82.596176,0.45343,-0.24849799999999997
82.606056,0.443223,-0.29049800000000003
82.61593599999999,0.433015,-0.33599799999999996
82.625816,0.42280799999999996,-0.395498
82.635696,0.41259999999999997,-0.458497
82.64557599999999,0.402393,-0.542497
82.655456,0.392185,-0.643997
82.665336,0.38197699999999996,-0.7629959999999999
82.67521599999999,0.37177,-0.9099949999999999
82.685096,0.361562,-1.088495
82.694976,0.351355,-1.308994
82.70485599999999,0.341147,-1.578492
82.714736,0.33094,-1.9074909999999998
82.724616,0.32073199999999996,-2.3064889999999996
82.734496,0.310525,-2.778987
82.744376,0.300317,-3.324985
82.754256,0.290109,-3.916482
82.764136,0.279902,-4.51498
82.774016,0.269694,-5.046977
82.783896,0.25948699999999997,-5.421476
82.793776,0.249279,-5.536975
82.80365599999999,0.23907199999999998,-5.323476
82.813544,0.22886399999999998,-4.787978
82.823424,0.218656,-4.035482
82.833304,0.208449,-3.216485
82.843184,0.198241,-2.4989879999999998
82.85306399999999,0.18803399999999998,-1.9599909999999998
82.862944,0.17782599999999998,-1.599492
82.872824,0.167619,-1.382493
82.88270399999999,0.157411,-1.263494
82.892584,0.147203,-1.214494
82.902464,0.136996,-1.200494
82.91234399999999,0.12678799999999998,-1.214494
82.922224,0.11658099999999999,-1.2354939999999999
82.932104,0.106373,-1.252994
82.94198399999999,0.096166048,-1.263494
82.951864,0.08595848,-1.252994
82.961744,0.07575092,-1.228494
82.97162399999999,0.065543348,-1.186494
82.981504,0.055335776,-1.140994
82.991384,0.045128204000000005,-1.095495
83.00126399999999,0.034920632,-1.0569950000000001
83.011144,0.024713064,-1.0289949999999999
83.021024,0.014505494,-1.0009949999999999
83.03090399999999,0.004297924,-0.976495
83.040784,-0.005909646,-0.944995
83.050664,-0.016117215,-0.9064949999999999
83.060544,-0.026324786000000003,-0.867996
83.070424,-0.036532356,-0.825996
83.080304,-0.046739924,-0.797996
83.090184,-0.056947496,-0.7629959999999999
83.100064,-0.067155064,-0.734996
83.109944,-0.077362632,-0.713996
83.119824,-0.08757020800000001,-0.689496
83.12970399999999,-0.09777777600000001,-0.661497
83.139584,-0.107985,-0.636997
83.149464,-0.11819199999999999,-0.619497
83.15934399999999,-0.1284,-0.601997
83.169224,-0.13860799999999998,-0.580997
83.179104,-0.148815,-0.570497
83.18898399999999,-0.159023,-0.559997
83.198864,-0.16923,-0.545997
83.208744,-0.179438,-0.535497
83.21862399999999,-0.18964499999999998,-0.528497
83.228504,-0.199853,-0.5179969999999999
83.238384,-0.18964499999999998,-0.395498
83.24826399999999,-0.179438,-0.33949799999999997
83.258144,-0.16923,-0.300998
83.268024,-0.159023,-0.26949799999999996
83.27790399999999,-0.148815,-0.24849799999999997
83.287784,-0.13860799999999998,-0.23099799999999998
83.297664,-0.1284,-0.209999
83.307544,-0.11819199999999999,-0.192499
83.317424,-0.107985,-0.178499
83.327304,-0.09777777600000001,-0.164499
83.337184,-0.08757020800000001,-0.150499
83.347064,-0.077362632,-0.139999
83.356944,-0.067155064,-0.13299899999999998
83.366824,-0.056947496,-0.118999
83.37670399999999,-0.046739924,-0.111999
83.386584,-0.036532356,-0.104999
83.396464,-0.026324786000000003,-0.09799956800000001
83.40634399999999,-0.016117215,-0.09099960000000001
83.416224,-0.005909646,-0.08399963200000002
83.426104,0.004297924,-0.08049964
83.43598399999999,0.014505494,-0.07699965600000001
83.445864,0.024713064,-0.069999688
83.455744,0.034920632,-0.069999688
83.46562399999999,0.045128204000000005,-0.06299972
83.475504,0.055335776,-0.06299972
83.485384,0.065543348,-0.05599975200000001
83.49526399999999,0.07575092,-0.048999784000000005
83.505144,0.08595848,-0.04199981600000001
83.515024,0.096166048,-0.034999844
83.52490399999999,0.106373,-0.024499892000000002
83.534784,0.11658099999999999,-0.013999938000000002
83.544664,0.12678799999999998,-0.0034999840000000003
83.55454399999999,0.136996,0.0034999840000000003
83.564424,0.147203,0.017499922
83.574304,0.157411,0.027999876000000003
83.584184,0.167619,0.03849982800000001
83.594064,0.17782599999999998,0.04549980000000001
83.603944,0.18803399999999998,0.05249976800000001
83.613824,0.198241,0.05599975200000001
83.62370399999999,0.208449,0.06299972
83.633584,0.218656,0.06299972
83.643464,0.22886399999999998,0.066499704
83.65334399999999,0.23907199999999998,0.069999688
83.663224,0.249279,0.073499672
83.673104,0.25948699999999997,0.073499672
83.68298399999999,0.269694,0.073499672
83.692864,0.279902,0.073499672
83.702744,0.290109,0.07699965600000001
83.71262399999999,0.300317,0.08049964
83.722504,0.310525,0.08399963200000002
83.732384,0.32073199999999996,0.087499616
83.74226399999999,0.33094,0.09799956800000001
83.752144,0.341147,0.104999
83.762024,0.351355,0.118999
83.77190399999999,0.361562,0.139999
83.781784,0.37177,0.16799899999999998
83.791664,0.38197699999999996,0.202999
83.80154399999999,0.392185,0.24849799999999997
83.811424,0.402393,0.304498
83.821304,0.41259999999999997,0.37449799999999994
83.831184,0.42280799999999996,0.447998
83.841064,0.433015,0.5319969999999999
83.850944,0.443223,0.615997
83.860824,0.45343,0.692996
83.87070399999999,0.463638,0.759496
83.880584,0.473846,0.811996
83.890464,0.48405299999999996,0.8434959999999999
83.90034399999999,0.49426099999999995,0.860996
83.910224,0.504468,0.860996
83.920104,0.514676,0.8504959999999999
83.92998399999999,0.524883,0.8364959999999999
83.939864,0.535091,0.8189960000000001
83.949744,0.545299,0.801496
83.95962399999999,0.5555059999999999,0.787496
83.969504,0.5657139999999999,0.780496
83.979384,0.575921,0.780496
83.98926399999999,0.586129,0.797996
83.999144,0.596336,0.8294959999999999
84.009024,0.606544,0.8714959999999999
84.018912,0.616752,0.930995
84.028792,0.6269589999999999,1.0009949999999999
84.03867199999999,0.6371669999999999,1.074495
84.048552,0.647374,1.154994
84.058432,0.657582,1.2354939999999999
84.06831199999999,0.667789,1.315994
84.078192,0.677997,1.396493
84.088072,0.688205,1.4699929999999999
84.09795199999999,0.6984119999999999,1.546993
84.107832,0.7086199999999999,1.634492
84.117712,0.718827,1.7289919999999999
84.12759199999999,0.729035,1.840991
84.137472,0.739242,1.973991
84.147352,0.74945,2.12099
84.157232,0.7596579999999999,2.2924889999999998
84.167112,0.7698649999999999,2.484988
84.176992,0.780073,2.7019879999999996
84.186872,0.79028,2.9399859999999998
84.19675199999999,0.800488,3.2024850000000002
84.206632,0.8106949999999999,3.482484
84.216512,0.8209029999999999,3.786983
84.22639199999999,0.8311109999999999,4.108981
84.236272,0.841318,4.44498
84.246152,0.851526,4.791478
84.25603199999999,0.861733,5.137977
84.265912,0.871941,5.463475
84.275792,0.8821479999999999,5.764474
84.28567199999999,0.8923559999999999,6.019973
84.295552,0.9025639999999999,6.219472
84.305432,0.8923559999999999,4.735478
84.31531199999999,0.8821479999999999,3.622483
84.325192,0.871941,2.7999870000000002
84.335072,0.861733,2.19099
84.34495199999999,0.851526,1.7289919999999999
84.354832,0.841318,1.375493
84.364712,0.8311109999999999,1.102495
84.37459199999999,0.8209029999999999,0.888996
84.384472,0.8106949999999999,0.720996
84.394352,0.800488,0.584497
84.404232,0.79028,0.475997
84.414112,0.780073,0.388498
84.423992,0.7698649999999999,0.318498
84.433872,0.7596579999999999,0.255498
84.44375199999999,0.74945,0.213499
84.453632,0.739242,0.17149899999999998
84.463512,0.729035,0.136499
84.47339199999999,0.718827,0.111999
84.483272,0.7086199999999999,0.09449958400000001
84.493152,0.6984119999999999,0.069999688
84.50303199999999,0.688205,0.05249976800000001
84.512912,0.677997,0.04549980000000001
84.522792,0.667789,0.03149986
84.53267199999999,0.657582,0.020999908000000005
84.542552,0.647374,0.010499954000000002
84.552432,0.6371669999999999,0.006999969000000001
84.56231199999999,0.6269589999999999,0.0
84.572192,0.616752,-0.006999969000000001
84.582072,0.606544,-0.010499954000000002
84.59195199999999,0.596336,-0.013999938000000002
84.601832,0.586129,-0.024499892000000002
84.611712,0.575921,-0.03149986
84.62159199999999,0.5657139999999999,-0.03849982800000001
84.631472,0.5555059999999999,-0.048999784000000005
84.641352,0.545299,-0.059499736000000004
84.651232,0.535091,-0.073499672
84.661112,0.524883,-0.08399963200000002
84.670992,0.514676,-0.09449958400000001
84.680872,0.504468,-0.118999
84.69075199999999,0.49426099999999995,-0.139999
84.700632,0.48405299999999996,-0.157499
84.710512,0.473846,-0.185499
84.72039199999999,0.463638,-0.216999
84.730272,0.45343,-0.251998
84.740152,0.443223,-0.29049800000000003
84.75003199999999,0.433015,-0.33949799999999997
84.759912,0.42280799999999996,-0.391998
84.769792,0.41259999999999997,-0.461997
84.77967199999999,0.402393,-0.542497
84.789552,0.392185,-0.643997
84.799432,0.38197699999999996,-0.7629959999999999
84.80931199999999,0.37177,-0.9099949999999999
84.819192,0.361562,-1.091995
84.829072,0.351355,-1.312494
84.83895199999999,0.341147,-1.578492
84.848832,0.33094,-1.9109909999999999
84.858712,0.32073199999999996,-2.309989
84.86859199999999,0.310525,-2.785987
84.878472,0.300317,-3.331985
84.888352,0.290109,-3.923482
84.898232,0.279902,-4.521979999999999
84.908112,0.269694,-5.057477
84.917992,0.25948699999999997,-5.424975
84.927872,0.249279,-5.540475
84.937752,0.23907199999999998,-5.323476
84.947632,0.22886399999999998,-4.780978
84.957512,0.218656,-4.024982
84.96739199999999,0.208449,-3.205985
84.977272,0.198241,-2.491988
84.987152,0.18803399999999998,-1.9529910000000001
84.99703199999999,0.17782599999999998,-1.595992
85.006912,0.167619,-1.3789930000000001
85.016792,0.157411,-1.263494
85.02667199999999,0.147203,-1.214494
85.036552,0.136996,-1.203994
85.046432,0.12678799999999998,-1.217994
85.05631199999999,0.11658099999999999,-1.242494
85.066192,0.106373,-1.259994
85.076072,0.096166048,-1.266994
85.08595199999999,0.08595848,-1.256494
85.095832,0.07575092,-1.228494
85.105712,0.065543348,-1.186494
85.11559199999999,0.055335776,-1.140994
85.125472,0.045128204000000005,-1.095495
85.135352,0.034920632,-1.0569950000000001
85.145232,0.024713064,-1.0289949999999999
85.155112,0.014505494,-1.0009949999999999
85.164992,0.004297924,-0.976495
85.174872,-0.005909646,-0.944995
85.184752,-0.016117215,-0.9064949999999999
85.194632,-0.026324786000000003,-0.867996
85.204512,-0.036532356,-0.825996
85.21439199999999,-0.046739924,-0.794496
85.224272,-0.056947496,-0.7629959999999999
85.23416,-0.067155064,-0.734996
85.24404,-0.077362632,-0.710496
85.25392,-0.08757020800000001,-0.6859959999999999
85.26379999999999,-0.09777777600000001,-0.661497
85.27368,-0.107985,-0.636997
85.28356,-0.11819199999999999,-0.619497
85.29343999999999,-0.1284,-0.601997
85.30332,-0.13860799999999998,-0.584497
85.3132,-0.148815,-0.570497
85.32307999999999,-0.159023,-0.556497
85.33296,-0.16923,-0.542497
85.34284,-0.179438,-0.535497
85.35271999999999,-0.18964499999999998,-0.5249969999999999
85.3626,-0.199853,-0.5179969999999999
85.37248,-0.18964499999999998,-0.395498
85.38235999999999,-0.179438,-0.33949799999999997
85.39224,-0.16923,-0.304498
85.40212,-0.159023,-0.272998
85.41199999999999,-0.148815,-0.24849799999999997
85.42188,-0.13860799999999998,-0.22749799999999998
85.43176,-0.1284,-0.209999
85.44163999999999,-0.11819199999999999,-0.192499
85.45152,-0.107985,-0.181999
85.4614,-0.09777777600000001,-0.164499
85.47128,-0.08757020800000001,-0.150499
85.48116,-0.077362632,-0.139999
85.49104,-0.067155064,-0.13299899999999998
85.50092,-0.056947496,-0.122499
85.51079999999999,-0.046739924,-0.111999
85.52068,-0.036532356,-0.104999
85.53056,-0.026324786000000003,-0.09799956800000001
85.54043999999999,-0.016117215,-0.09099960000000001
85.55032,-0.005909646,-0.087499616
85.5602,0.004297924,-0.08399963200000002
85.57007999999999,0.014505494,-0.07699965600000001
85.57996,0.024713064,-0.073499672
85.58984,0.034920632,-0.069999688
85.59971999999999,0.045128204000000005,-0.066499704
85.6096,0.055335776,-0.059499736000000004
85.61948,0.065543348,-0.059499736000000004
85.62935999999999,0.07575092,-0.05249976800000001
85.63924,0.08595848,-0.04199981600000001
85.64912,0.096166048,-0.034999844
85.65899999999999,0.106373,-0.024499892000000002
85.66888,0.11658099999999999,-0.013999938000000002
85.67876,0.12678799999999998,-0.0034999840000000003
85.68863999999999,0.136996,0.0034999840000000003
85.69852,0.147203,0.017499922
85.7084,0.157411,0.027999876000000003
85.71828,0.167619,0.03849982800000001
85.72816,0.17782599999999998,0.04549980000000001
85.73804,0.18803399999999998,0.05249976800000001
85.74792,0.198241,0.05599975200000001
85.7578,0.208449,0.06299972
85.76768,0.218656,0.066499704
85.77756,0.22886399999999998,0.069999688
85.78743999999999,0.23907199999999998,0.069999688
85.79732,0.249279,0.069999688
85.8072,0.25948699999999997,0.073499672
85.81707999999999,0.269694,0.073499672
85.82696,0.279902,0.073499672
85.83684,0.290109,0.07699965600000001
85.84671999999999,0.300317,0.08049964
85.8566,0.310525,0.08399963200000002
85.86648,0.32073199999999996,0.09099960000000001
85.87635999999999,0.33094,0.09449958400000001
85.88624,0.341147,0.104999
85.89612,0.351355,0.118999
85.90599999999999,0.361562,0.139999
85.91588,0.37177,0.16799899999999998
85.92576,0.38197699999999996,0.202999
85.93563999999999,0.392185,0.24849799999999997
85.94552,0.402393,0.307998
85.9554,0.41259999999999997,0.37799799999999995
85.96527999999999,0.42280799999999996,0.454997
85.97516,0.433015,0.538997
85.98504,0.443223,0.622997
85.99492,0.45343,0.699996
86.0048,0.463638,0.766496
86.01468,0.473846,0.8189960000000001
86.02456,0.48405299999999996,0.846996
86.03443999999999,0.49426099999999995,0.8644959999999999
86.04432,0.504468,0.8644959999999999
86.0542,0.514676,0.853996
86.06407999999999,0.524883,0.839996
86.07396,0.535091,0.8189960000000001
86.08384,0.545299,0.801496
86.09371999999999,0.5555059999999999,0.787496
86.1036,0.5657139999999999,0.780496
86.11348,0.575921,0.780496
86.12335999999999,0.586129,0.797996
86.13324,0.596336,0.8294959999999999
86.14312,0.606544,0.874996
86.15299999999999,0.616752,0.934495
86.16288,0.6269589999999999,1.007995
86.17276,0.6371669999999999,1.0849950000000002
86.18263999999999,0.647374,1.168994
86.19252,0.657582,1.2494939999999999
86.2024,0.667789,1.3334940000000002
86.21227999999999,0.677997,1.410493
86.22216,0.688205,1.483993
86.23204,0.6984119999999999,1.560993
86.24192,0.7086199999999999,1.644992
86.2518,0.718827,1.739492
86.26168,0.729035,1.851491
86.27156,0.739242,1.9809910000000002
86.28143999999999,0.74945,2.12799
86.29132,0.7596579999999999,2.299489
86.3012,0.7698649999999999,2.484988
86.31107999999999,0.780073,2.6984879999999998
86.32096,0.79028,2.936486
86.33084,0.800488,3.198985
86.34071999999999,0.8106949999999999,3.478984
86.3506,0.8209029999999999,3.779983
86.36048,0.8311109999999999,4.101980999999999
86.37035999999999,0.841318,4.43798
86.38024,0.851526,4.780978
86.39012,0.861733,5.123977
86.39999999999999,0.871941,5.452975
86.40988,0.8821479999999999,5.750474
86.41976,0.8923559999999999,6.009473
86.42963999999999,0.9025639999999999,6.205472
86.439528,0.8923559999999999,4.724978999999999
86.44940799999999,0.8821479999999999,3.6154830000000002
86.459288,0.871941,2.796487
86.469168,0.861733,2.18749
86.47904799999999,0.851526,1.725492
86.488928,0.841318,1.371993
86.498808,0.8311109999999999,1.098995
86.50868799999999,0.8209029999999999,0.8854960000000001
86.518568,0.8106949999999999,0.717496
86.528448,0.800488,0.580997
86.53832799999999,0.79028,0.475997
86.548208,0.780073,0.388498
86.558088,0.7698649999999999,0.318498
86.567968,0.7596579999999999,0.25899799999999995
86.577848,0.74945,0.213499
86.587728,0.739242,0.17149899999999998
86.597608,0.729035,0.139999
86.60748799999999,0.718827,0.111999
86.617368,0.7086199999999999,0.09099960000000001
86.627248,0.6984119999999999,0.073499672
86.63712799999999,0.688205,0.05249976800000001
86.647008,0.677997,0.04549980000000001
86.656888,0.667789,0.03149986
86.66676799999999,0.657582,0.017499922
86.676648,0.647374,0.010499954000000002
86.686528,0.6371669999999999,0.006999969000000001
86.69640799999999,0.6269589999999999,0.0
86.706288,0.616752,-0.010499954000000002
86.716168,0.606544,-0.006999969000000001
86.72604799999999,0.596336,-0.017499922
86.735928,0.586129,-0.024499892000000002
86.745808,0.575921,-0.03149986
86.75568799999999,0.5657139999999999,-0.03849982800000001
86.765568,0.5555059999999999,-0.048999784000000005
86.775448,0.545299,-0.059499736000000004
86.78532799999999,0.535091,-0.073499672
86.795208,0.524883,-0.087499616
86.805088,0.514676,-0.09799956800000001
86.814968,0.504468,-0.118999
86.824848,0.49426099999999995,-0.139999
86.834728,0.48405299999999996,-0.157499
86.844608,0.473846,-0.185499
86.85448799999999,0.463638,-0.213499
86.864368,0.45343,-0.24849799999999997
86.874248,0.443223,-0.29049800000000003
86.88412799999999,0.433015,-0.33599799999999996
86.894008,0.42280799999999996,-0.395498
86.903888,0.41259999999999997,-0.461997
86.91376799999999,0.402393,-0.545997
86.923648,0.392185,-0.643997
86.933528,0.38197699999999996,-0.7629959999999999
86.94340799999999,0.37177,-0.9099949999999999
86.953288,0.361562,-1.091995
86.963168,0.351355,-1.312494
86.97304799999999,0.341147,-1.5819929999999998
86.982928,0.33094,-1.914491
86.992808,0.32073199999999996,-2.3134889999999997
87.00268799999999,0.310525,-2.789487
87.012568,0.300317,-3.335485
87.022448,0.290109,-3.933982
87.03232799999999,0.279902,-4.532479
87.042208,0.269694,-5.060977
87.052088,0.25948699999999997,-5.4319749999999996
87.061968,0.249279,-5.543975
87.071848,0.23907199999999998,-5.3199760000000005
87.081728,0.22886399999999998,-4.7739780000000005
87.091608,0.218656,-4.014481
87.10148799999999,0.208449,-3.198985
87.111368,0.198241,-2.484988
87.121248,0.18803399999999998,-1.949491
87.13112799999999,0.17782599999999998,-1.592492
87.141008,0.167619,-1.3789930000000001
87.150888,0.157411,-1.266994
87.16076799999999,0.147203,-1.217994
87.170648,0.136996,-1.2074939999999998
87.180528,0.12678799999999998,-1.2214939999999999
87.19040799999999,0.11658099999999999,-1.242494
87.200288,0.106373,-1.259994
87.210168,0.096166048,-1.270494
87.22004799999999,0.08595848,-1.259994
87.229928,0.07575092,-1.231994
87.239808,0.065543348,-1.186494
87.24968799999999,0.055335776,-1.1444940000000001
87.259568,0.045128204000000005,-1.098995
87.269448,0.034920632,-1.060495
87.27932799999999,0.024713064,-1.0289949999999999
87.289208,0.014505494,-1.004495
87.299088,0.004297924,-0.976495
87.308968,-0.005909646,-0.944995
87.318848,-0.016117215,-0.9099949999999999
87.328728,-0.026324786000000003,-0.867996
87.338608,-0.036532356,-0.825996
87.34848799999999,-0.046739924,-0.797996
87.358368,-0.056947496,-0.766496
87.368248,-0.067155064,-0.734996
87.37812799999999,-0.077362632,-0.713996
87.388008,-0.08757020800000001,-0.689496
87.397888,-0.09777777600000001,-0.661497
87.40776799999999,-0.107985,-0.640497
87.417648,-0.11819199999999999,-0.619497
87.427528,-0.1284,-0.601997
87.43740799999999,-0.13860799999999998,-0.584497
87.447288,-0.148815,-0.570497
87.457168,-0.159023,-0.556497
87.46704799999999,-0.16923,-0.545997
87.476928,-0.179438,-0.535497
87.486808,-0.18964499999999998,-0.528497
87.49668799999999,-0.199853,-0.5179969999999999
87.506568,-0.18964499999999998,-0.395498
87.516448,-0.179438,-0.33949799999999997
87.52632799999999,-0.16923,-0.304498
87.536208,-0.159023,-0.272998
87.546088,-0.148815,-0.24849799999999997
87.555968,-0.13860799999999998,-0.23099799999999998
87.565848,-0.1284,-0.213499
87.575728,-0.11819199999999999,-0.195999
87.585608,-0.107985,-0.181999
87.595488,-0.09777777600000001,-0.16799899999999998
87.605368,-0.08757020800000001,-0.153999
87.615248,-0.077362632,-0.14349900000000002
87.62512799999999,-0.067155064,-0.136499
87.635008,-0.056947496,-0.125999
87.644888,-0.046739924,-0.11549899999999999
87.654776,-0.036532356,-0.111999
87.664656,-0.026324786000000003,-0.101499
87.67453599999999,-0.016117215,-0.09449958400000001
87.684416,-0.005909646,-0.09099960000000001
87.694296,0.004297924,-0.087499616
87.70417599999999,0.014505494,-0.08049964
87.714056,0.024713064,-0.07699965600000001
87.723936,0.034920632,-0.073499672
87.73381599999999,0.045128204000000005,-0.069999688
87.743696,0.055335776,-0.06299972
87.753576,0.065543348,-0.059499736000000004
87.76345599999999,0.07575092,-0.05249976800000001
87.773336,0.08595848,-0.04549980000000001
87.783216,0.096166048,-0.03849982800000001
87.79309599999999,0.106373,-0.027999876000000003
87.802976,0.11658099999999999,-0.017499922
87.812856,0.12678799999999998,-0.0034999840000000003
87.82273599999999,0.136996,0.0034999840000000003
87.832616,0.147203,0.013999938000000002
87.842496,0.157411,0.027999876000000003
87.85237599999999,0.167619,0.034999844
87.862256,0.17782599999999998,0.04199981600000001
87.872136,0.18803399999999998,0.05249976800000001
87.882016,0.198241,0.05599975200000001
87.891896,0.208449,0.059499736000000004
87.901776,0.218656,0.06299972
87.911656,0.22886399999999998,0.066499704
87.92153599999999,0.23907199999999998,0.069999688
87.931416,0.249279,0.069999688
87.941296,0.25948699999999997,0.073499672
87.95117599999999,0.269694,0.073499672
87.961056,0.279902,0.07699965600000001
87.970936,0.290109,0.07699965600000001
87.98081599999999,0.300317,0.08049964
87.990696,0.310525,0.08399963200000002
88.000576,0.32073199999999996,0.087499616
88.01045599999999,0.33094,0.09449958400000001
88.020336,0.341147,0.104999
88.030216,0.351355,0.118999
88.04009599999999,0.361562,0.139999
88.049976,0.37177,0.16799899999999998
88.059856,0.38197699999999996,0.202999
88.06973599999999,0.392185,0.251998
88.079616,0.402393,0.311498
88.089496,0.41259999999999997,0.38149799999999995
88.09937599999999,0.42280799999999996,0.458497
88.109256,0.433015,0.542497
88.119136,0.443223,0.629997
88.129016,0.45343,0.706996
88.138896,0.463638,0.773496
88.148776,0.473846,0.822496
88.158656,0.48405299999999996,0.853996
88.16853599999999,0.49426099999999995,0.867996
88.178416,0.504468,0.867996
88.188296,0.514676,0.8574959999999999
88.19817599999999,0.524883,0.839996
88.208056,0.535091,0.8189960000000001
88.217936,0.545299,0.801496
88.22781599999999,0.5555059999999999,0.787496
88.237696,0.5657139999999999,0.780496
88.247576,0.575921,0.783996
88.25745599999999,0.586129,0.797996
88.267336,0.596336,0.832996
88.277216,0.606544,0.878496
88.28709599999999,0.616752,0.941495
88.296976,0.6269589999999999,1.0149949999999999
88.306856,0.6371669999999999,1.091995
88.31673599999999,0.647374,1.175994
88.326616,0.657582,1.263494
88.336496,0.667789,1.347494
88.34637599999999,0.677997,1.4244929999999998
88.356256,0.688205,1.497993
88.366136,0.6984119999999999,1.574992
88.37601599999999,0.7086199999999999,1.655492
88.385896,0.718827,1.749992
88.395776,0.729035,1.861991
88.405656,0.739242,1.9879909999999998
88.415536,0.74945,2.13499
88.425416,0.7596579999999999,2.299489
88.435296,0.7698649999999999,2.4884880000000003
88.44517599999999,0.780073,2.6984879999999998
88.455056,0.79028,2.936486
88.464936,0.800488,3.191985
88.47481599999999,0.8106949999999999,3.471984
88.484696,0.8209029999999999,3.772983
88.494576,0.8311109999999999,4.091481
88.50445599999999,0.841318,4.42748
88.514336,0.851526,4.770478
88.524216,0.861733,5.113477
88.53409599999999,0.871941,5.442475
88.543976,0.8821479999999999,5.743474
88.553856,0.8923559999999999,5.998973
88.56373599999999,0.9025639999999999,6.198472
88.573616,0.8923559999999999,4.717979
88.583496,0.8821479999999999,3.611983
88.59337599999999,0.871941,2.792987
88.603256,0.861733,2.18399
88.613136,0.851526,1.725492
88.62301599999999,0.841318,1.368493
88.632896,0.8311109999999999,1.098995
88.642776,0.8209029999999999,0.8854960000000001
88.652656,0.8106949999999999,0.717496
88.662536,0.800488,0.584497
88.672416,0.79028,0.475997
88.682296,0.780073,0.391998
88.69217599999999,0.7698649999999999,0.318498
88.702056,0.7596579999999999,0.25899799999999995
88.711936,0.74945,0.213499
88.72181599999999,0.739242,0.174999
88.731696,0.729035,0.139999
88.741576,0.718827,0.111999
88.75145599999999,0.7086199999999999,0.09449958400000001
88.761336,0.6984119999999999,0.073499672
88.771216,0.688205,0.05249976800000001
88.78109599999999,0.677997,0.04549980000000001
88.790976,0.667789,0.034999844
88.800856,0.657582,0.020999908000000005
88.81073599999999,0.647374,0.010499954000000002
88.820616,0.6371669999999999,0.006999969000000001
88.830496,0.6269589999999999,0.0
88.84037599999999,0.616752,-0.010499954000000002
88.850256,0.606544,-0.010499954000000002
88.86014399999999,0.596336,-0.017499922
88.870024,0.586129,-0.027999876000000003
88.879904,0.575921,-0.03149986
88.88978399999999,0.5657139999999999,-0.03849982800000001
88.899664,0.5555059999999999,-0.048999784000000005
88.909544,0.545299,-0.059499736000000004
88.91942399999999,0.535091,-0.073499672
88.929304,0.524883,-0.087499616
88.939184,0.514676,-0.09799956800000001
88.94906399999999,0.504468,-0.118999
88.958944,0.49426099999999995,-0.139999
88.968824,0.48405299999999996,-0.157499
88.978704,0.473846,-0.185499
88.988584,0.463638,-0.216999
88.998464,0.45343,-0.251998
89.008344,0.443223,-0.29049800000000003
89.01822399999999,0.433015,-0.33949799999999997
89.028104,0.42280799999999996,-0.395498
89.037984,0.41259999999999997,-0.461997
89.04786399999999,0.402393,-0.545997
89.057744,0.392185,-0.643997
89.067624,0.38197699999999996,-0.766496
89.07750399999999,0.37177,-0.913495
89.087384,0.361562,-1.095495
89.097264,0.351355,-1.315994
89.10714399999999,0.341147,-1.585492
89.117024,0.33094,-1.917991
89.126904,0.32073199999999996,-2.320489
89.13678399999999,0.310525,-2.796487
89.146664,0.300317,-3.342485
89.156544,0.290109,-3.940982
89.16642399999999,0.279902,-4.53948
89.176304,0.269694,-5.067977
89.186184,0.25948699999999997,-5.438975
89.19606399999999,0.249279,-5.543975
89.205944,0.23907199999999998,-5.316476
89.215824,0.22886399999999998,-4.766978
89.225704,0.218656,-4.007481
89.235584,0.208449,-3.188485
89.245464,0.198241,-2.477989
89.255344,0.18803399999999998,-1.945991
89.26522399999999,0.17782599999999998,-1.592492
89.275104,0.167619,-1.3789930000000001
89.284984,0.157411,-1.266994
89.29486399999999,0.147203,-1.2214939999999999
89.304744,0.136996,-1.210994
89.314624,0.12678799999999998,-1.224994
89.32450399999999,0.11658099999999999,-1.2494939999999999
89.334384,0.106373,-1.263494
89.344264,0.096166048,-1.273994
89.35414399999999,0.08595848,-1.263494
89.364024,0.07575092,-1.231994
89.373904,0.065543348,-1.1899939999999998
89.38378399999999,0.055335776,-1.1444940000000001
89.393664,0.045128204000000005,-1.102495
89.403544,0.034920632,-1.060495
89.41342399999999,0.024713064,-1.035995
89.423304,0.014505494,-1.007995
89.433184,0.004297924,-0.983495
89.44306399999999,-0.005909646,-0.948495
89.452944,-0.016117215,-0.9099949999999999
89.462824,-0.026324786000000003,-0.8714959999999999
89.472704,-0.036532356,-0.8294959999999999
89.482584,-0.046739924,-0.797996
89.492464,-0.056947496,-0.766496
89.502344,-0.067155064,-0.738496
89.51222399999999,-0.077362632,-0.713996
89.522104,-0.08757020800000001,-0.689496
89.531984,-0.09777777600000001,-0.6649970000000001
89.54186399999999,-0.107985,-0.640497
89.551744,-0.11819199999999999,-0.619497
89.561624,-0.1284,-0.601997
89.57150399999999,-0.13860799999999998,-0.584497
89.581384,-0.148815,-0.573997
89.591264,-0.159023,-0.559997
89.60114399999999,-0.16923,-0.545997
89.611024,-0.179438,-0.535497
89.620904,-0.18964499999999998,-0.528497
89.63078399999999,-0.199853,-0.5179969999999999
89.640664,-0.18964499999999998,-0.395498
89.650544,-0.179438,-0.33949799999999997
89.66042399999999,-0.16923,-0.304498
89.670304,-0.159023,-0.276498
89.680184,-0.148815,-0.251998
89.69006399999999,-0.13860799999999998,-0.23449799999999998
89.699944,-0.1284,-0.213499
89.709824,-0.11819199999999999,-0.195999
89.719704,-0.107985,-0.181999
89.729584,-0.09777777600000001,-0.16799899999999998
89.739464,-0.08757020800000001,-0.157499
89.749344,-0.077362632,-0.14699900000000002
89.75922399999999,-0.067155064,-0.136499
89.769104,-0.056947496,-0.125999
89.778984,-0.046739924,-0.11549899999999999
89.78886399999999,-0.036532356,-0.111999
89.798744,-0.026324786000000003,-0.101499
89.808624,-0.016117215,-0.09799956800000001
89.81850399999999,-0.005909646,-0.09099960000000001
89.828384,0.004297924,-0.087499616
89.838264,0.014505494,-0.08049964
89.84814399999999,0.024713064,-0.07699965600000001
89.858024,0.034920632,-0.07699965600000001
89.867904,0.045128204000000005,-0.069999688
89.87778399999999,0.055335776,-0.066499704
89.887664,0.065543348,-0.06299972
89.897544,0.07575092,-0.05599975200000001
89.90742399999999,0.08595848,-0.048999784000000005
89.917304,0.096166048,-0.03849982800000001
89.927184,0.106373,-0.027999876000000003
89.93706399999999,0.11658099999999999,-0.017499922
89.946944,0.12678799999999998,-0.006999969000000001
89.956824,0.136996,0.0
89.966704,0.147203,0.013999938000000002
89.976584,0.157411,0.024499892000000002
89.986464,0.167619,0.034999844
89.996344,0.17782599999999998,0.04199981600000001
90.00622399999999,0.18803399999999998,0.048999784000000005
90.016104,0.198241,0.05599975200000001
90.025984,0.208449,0.059499736000000004
90.03586399999999,0.218656,0.06299972
90.045744,0.22886399999999998,0.066499704
90.055624,0.23907199999999998,0.066499704
90.06550399999999,0.249279,0.069999688
90.075392,0.25948699999999997,0.073499672
90.08527199999999,0.269694,0.073499672
90.095152,0.279902,0.073499672
90.105032,0.290109,0.07699965600000001
90.11491199999999,0.300317,0.08049964
90.124792,0.310525,0.08049964
90.134672,0.32073199999999996,0.087499616
90.14455199999999,0.33094,0.09449958400000001
90.154432,0.341147,0.104999
90.164312,0.351355,0.118999
90.17419199999999,0.361562,0.139999
90.184072,0.37177,0.16799899999999998
90.193952,0.38197699999999996,0.206499
90.20383199999999,0.392185,0.251998
90.213712,0.402393,0.314998
90.223592,0.41259999999999997,0.384998
90.23347199999999,0.42280799999999996,0.465497
90.243352,0.433015,0.549497
90.253232,0.443223,0.633497
90.26311199999999,0.45343,0.713996
90.272992,0.463638,0.780496
90.282872,0.473846,0.8294959999999999
90.292752,0.48405299999999996,0.8574959999999999
90.302632,0.49426099999999995,0.8714959999999999
90.312512,0.504468,0.8714959999999999
90.322392,0.514676,0.8574959999999999
90.33227199999999,0.524883,0.839996
90.342152,0.535091,0.822496
90.352032,0.545299,0.801496
90.36191199999999,0.5555059999999999,0.787496
90.371792,0.5657139999999999,0.780496
90.381672,0.575921,0.783996
90.39155199999999,0.586129,0.797996
90.401432,0.596336,0.832996
90.411312,0.606544,0.881996
90.42119199999999,0.616752,0.944995
90.431072,0.6269589999999999,1.018495
90.440952,0.6371669999999999,1.102495
90.45083199999999,0.647374,1.186494
90.460712,0.657582,1.273994
90.470592,0.667789,1.361493
90.48047199999999,0.677997,1.4384929999999998
90.490352,0.688205,1.511993
90.500232,0.6984119999999999,1.585492
90.51011199999999,0.7086199999999999,1.665992
90.519992,0.718827,1.760492
90.529872,0.729035,1.868991
90.539752,0.739242,1.994991
90.549632,0.74945,2.13849
90.559512,0.7596579999999999,2.302989
90.569392,0.7698649999999999,2.4884880000000003
90.57927199999999,0.780073,2.6984879999999998
90.589152,0.79028,2.9294860000000003
90.599032,0.800488,3.188485
90.60891199999999,0.8106949999999999,3.464984
90.618792,0.8209029999999999,3.765983
90.628672,0.8311109999999999,4.084481
90.63855199999999,0.841318,4.41698
90.648432,0.851526,4.759978
90.658312,0.861733,5.106477
90.66819199999999,0.871941,5.4319749999999996
90.678072,0.8821479999999999,5.729474
90.687952,0.8923559999999999,5.988473
90.69783199999999,0.9025639999999999,6.1844719999999995
90.707712,0.8923559999999999,4.707479
90.717592,0.8821479999999999,3.604984
90.72747199999999,0.871941,2.789487
90.737352,0.861733,2.17699
90.747232,0.851526,1.721992
90.75711199999999,0.841318,1.368493
90.766992,0.8311109999999999,1.095495
90.776872,0.8209029999999999,0.881996
90.78675199999999,0.8106949999999999,0.717496
90.796632,0.800488,0.584497
90.806512,0.79028,0.475997
90.816392,0.780073,0.388498
90.82627199999999,0.7698649999999999,0.314998
90.836152,0.7596579999999999,0.255498
90.846032,0.74945,0.209999
90.85591199999999,0.739242,0.17149899999999998
90.865792,0.729035,0.139999
90.875672,0.718827,0.108499
90.88555199999999,0.7086199999999999,0.09099960000000001
90.895432,0.6984119999999999,0.069999688
90.905312,0.688205,0.05249976800000001
90.91519199999999,0.677997,0.04199981600000001
90.925072,0.667789,0.03149986
90.934952,0.657582,0.017499922
90.94483199999999,0.647374,0.010499954000000002
90.954712,0.6371669999999999,0.006999969000000001
90.964592,0.6269589999999999,0.0
90.97447199999999,0.616752,-0.006999969000000001
90.984352,0.606544,-0.010499954000000002
90.994232,0.596336,-0.013999938000000002
91.00411199999999,0.586129,-0.024499892000000002
91.013992,0.575921,-0.03149986
91.023872,0.5657139999999999,-0.04199981600000001
91.03375199999999,0.5555059999999999,-0.048999784000000005
91.043632,0.545299,-0.059499736000000004
91.053512,0.535091,-0.073499672
91.063392,0.524883,-0.087499616
91.073272,0.514676,-0.09799956800000001
91.083152,0.504468,-0.118999
91.093032,0.49426099999999995,-0.139999
91.10291199999999,0.48405299999999996,-0.157499
91.112792,0.473846,-0.185499
91.122672,0.463638,-0.216999
91.13255199999999,0.45343,-0.251998
91.142432,0.443223,-0.29049800000000003
91.152312,0.433015,-0.33949799999999997
91.16219199999999,0.42280799999999996,-0.395498
91.172072,0.41259999999999997,-0.461997
91.181952,0.402393,-0.545997
91.19183199999999,0.392185,-0.647497
91.201712,0.38197699999999996,-0.766496
91.211592,0.37177,-0.913495
91.22147199999999,0.361562,-1.095495
91.231352,0.351355,-1.3194940000000002
91.241232,0.341147,-1.588992
91.25111199999999,0.33094,-1.921491
91.260992,0.32073199999999996,-2.323989
91.270872,0.310525,-2.8034869999999996
91.28076,0.300317,-3.349485
91.29064,0.290109,-3.947982
91.30051999999999,0.279902,-4.546479
91.3104,0.269694,-5.078477
91.32028,0.25948699999999997,-5.442475
91.33015999999999,0.249279,-5.5474749999999995
91.34004,0.23907199999999998,-5.3199760000000005
91.34992,0.22886399999999998,-4.763479
91.35979999999999,0.218656,-3.996982
91.36968,0.208449,-3.177985
91.37956,0.198241,-2.470989
91.38944,0.18803399999999998,-1.942491
91.39931999999999,0.17782599999999998,-1.588992
91.4092,0.167619,-1.3789930000000001
91.41908,0.157411,-1.270494
91.42895999999999,0.147203,-1.2214939999999999
91.43884,0.136996,-1.214494
91.44872,0.12678799999999998,-1.228494
91.45859999999999,0.11658099999999999,-1.252994
91.46848,0.106373,-1.270494
91.47836,0.096166048,-1.277494
91.48823999999999,0.08595848,-1.266994
91.49812,0.07575092,-1.238994
91.508,0.065543348,-1.1934939999999998
91.51787999999999,0.055335776,-1.147994
91.52776,0.045128204000000005,-1.1059949999999998
91.53764,0.034920632,-1.063995
91.54751999999999,0.024713064,-1.035995
91.5574,0.014505494,-1.011495
91.56728,0.004297924,-0.983495
91.57715999999999,-0.005909646,-0.951995
91.58704,-0.016117215,-0.913495
91.59692,-0.026324786000000003,-0.8714959999999999
91.60679999999999,-0.036532356,-0.8294959999999999
91.61668,-0.046739924,-0.797996
91.62656,-0.056947496,-0.769996
91.63644,-0.067155064,-0.738496
91.64632,-0.077362632,-0.713996
91.6562,-0.08757020800000001,-0.689496
91.66608,-0.09777777600000001,-0.6649970000000001
91.67595999999999,-0.107985,-0.643997
91.68584,-0.11819199999999999,-0.622997
91.69572,-0.1284,-0.605497
91.70559999999999,-0.13860799999999998,-0.584497
91.71548,-0.148815,-0.573997
91.72536,-0.159023,-0.559997
91.73523999999999,-0.16923,-0.545997
91.74512,-0.179438,-0.538997
91.755,-0.18964499999999998,-0.528497
91.76487999999999,-0.199853,-0.5179969999999999
91.77476,-0.18964499999999998,-0.395498
91.78464,-0.179438,-0.34299799999999997
91.79451999999999,-0.16923,-0.307998
91.8044,-0.159023,-0.276498
91.81428,-0.148815,-0.251998
91.82415999999999,-0.13860799999999998,-0.237998
91.83404,-0.1284,-0.216999
91.84392,-0.11819199999999999,-0.199499
91.85379999999999,-0.107985,-0.185499
91.86368,-0.09777777600000001,-0.17149899999999998
91.87356,-0.08757020800000001,-0.157499
91.88344,-0.077362632,-0.14699900000000002
91.89332,-0.067155064,-0.139999
91.9032,-0.056947496,-0.12949899999999998
91.91308,-0.046739924,-0.118999
91.92295999999999,-0.036532356,-0.11549899999999999
91.93284,-0.026324786000000003,-0.104999
91.94272,-0.016117215,-0.09799956800000001
91.95259999999999,-0.005909646,-0.09449958400000001
91.96248,0.004297924,-0.09099960000000001
91.97236,0.014505494,-0.08399963200000002
91.98223999999999,0.024713064,-0.08049964
91.99212,0.034920632,-0.07699965600000001
92.002,0.045128204000000005,-0.069999688
92.01187999999999,0.055335776,-0.066499704
92.02176,0.065543348,-0.06299972
92.03164,0.07575092,-0.05599975200000001
92.04151999999999,0.08595848,-0.048999784000000005
92.0514,0.096166048,-0.04199981600000001
92.06128,0.106373,-0.03149986
92.07115999999999,0.11658099999999999,-0.017499922
92.08104,0.12678799999999998,-0.006999969000000001
92.09092,0.136996,0.0
92.10079999999999,0.147203,0.013999938000000002
92.11068,0.157411,0.024499892000000002
92.12056,0.167619,0.034999844
92.13044,0.17782599999999998,0.04199981600000001
92.14032,0.18803399999999998,0.048999784000000005
92.1502,0.198241,0.05599975200000001
92.16008,0.208449,0.059499736000000004
92.16995999999999,0.218656,0.06299972
92.17984,0.22886399999999998,0.066499704
92.18972,0.23907199999999998,0.066499704
92.19959999999999,0.249279,0.069999688
92.20948,0.25948699999999997,0.073499672
92.21936,0.269694,0.073499672
92.22923999999999,0.279902,0.073499672
92.23912,0.290109,0.07699965600000001
92.249,0.300317,0.08049964
92.25887999999999,0.310525,0.08049964
92.26876,0.32073199999999996,0.087499616
92.27864,0.33094,0.09449958400000001
92.28851999999999,0.341147,0.104999
92.2984,0.351355,0.118999
92.30828,0.361562,0.139999
92.31815999999999,0.37177,0.16799899999999998
92.32804,0.38197699999999996,0.206499
92.33792,0.392185,0.255498
92.34779999999999,0.402393,0.318498
92.35768,0.41259999999999997,0.388498
92.36756,0.42280799999999996,0.468997
92.37743999999999,0.433015,0.556497
92.38732,0.443223,0.640497
92.3972,0.45343,0.720996
92.40708,0.463638,0.787496
92.41695999999999,0.473846,0.832996
92.42684,0.48405299999999996,0.8644959999999999
92.43672,0.49426099999999995,0.874996
92.44659999999999,0.504468,0.8714959999999999
92.45648,0.514676,0.860996
92.46636,0.524883,0.8434959999999999
92.47623999999999,0.535091,0.822496
92.48612,0.545299,0.804996
92.49600799999999,0.5555059999999999,0.787496
92.505888,0.5657139999999999,0.780496
92.515768,0.575921,0.783996
92.52564799999999,0.586129,0.804996
92.535528,0.596336,0.8364959999999999
92.545408,0.606544,0.8854960000000001
92.55528799999999,0.616752,0.951995
92.565168,0.6269589999999999,1.0289949999999999
92.575048,0.6371669999999999,1.112995
92.58492799999999,0.647374,1.200494
92.594808,0.657582,1.287994
92.604688,0.667789,1.375493
92.61456799999999,0.677997,1.4524929999999998
92.624448,0.688205,1.525993
92.634328,0.6984119999999999,1.599492
92.64420799999999,0.7086199999999999,1.679992
92.654088,0.718827,1.7709920000000001
92.663968,0.729035,1.875991
92.67384799999999,0.739242,2.001991
92.683728,0.74945,2.1419900000000003
92.693608,0.7596579999999999,2.3064889999999996
92.703488,0.7698649999999999,2.491988
92.713368,0.780073,2.6984879999999998
92.723248,0.79028,2.9294860000000003
92.733128,0.800488,3.1849849999999997
92.74300799999999,0.8106949999999999,3.461484
92.752888,0.8209029999999999,3.758983
92.762768,0.8311109999999999,4.077481
92.77264799999999,0.841318,4.40998
92.782528,0.851526,4.752978
92.792408,0.861733,5.0959769999999995
92.80228799999999,0.871941,5.421476
92.812168,0.8821479999999999,5.722473999999999
92.822048,0.8923559999999999,5.9779729999999995
92.83192799999999,0.9025639999999999,6.177472
92.841808,0.8923559999999999,4.7004790000000005
92.851688,0.8821479999999999,3.5979829999999997
92.86156799999999,0.871941,2.785987
92.871448,0.861733,2.17699
92.881328,0.851526,1.718492
92.89120799999999,0.841318,1.368493
92.901088,0.8311109999999999,1.095495
92.910968,0.8209029999999999,0.881996
92.92084799999999,0.8106949999999999,0.717496
92.930728,0.800488,0.584497
92.940608,0.79028,0.472497
92.95048799999999,0.780073,0.388498
92.960368,0.7698649999999999,0.318498
92.970248,0.7596579999999999,0.25899799999999995
92.980128,0.74945,0.213499
92.99000799999999,0.739242,0.17149899999999998
92.999888,0.729035,0.139999
93.009768,0.718827,0.111999
93.01964799999999,0.7086199999999999,0.09099960000000001
93.029528,0.6984119999999999,0.069999688
93.039408,0.688205,0.05249976800000001
93.04928799999999,0.677997,0.04549980000000001
93.059168,0.667789,0.03149986
93.069048,0.657582,0.017499922
93.07892799999999,0.647374,0.010499954000000002
93.088808,0.6371669999999999,0.006999969000000001
93.098688,0.6269589999999999,0.0
93.10856799999999,0.616752,-0.006999969000000001
93.118448,0.606544,-0.010499954000000002
93.128328,0.596336,-0.013999938000000002
93.13820799999999,0.586129,-0.024499892000000002
93.148088,0.575921,-0.03149986
93.157968,0.5657139999999999,-0.03849982800000001
93.16784799999999,0.5555059999999999,-0.048999784000000005
93.177728,0.545299,-0.059499736000000004
93.187608,0.535091,-0.073499672
93.19748799999999,0.524883,-0.087499616
93.207368,0.514676,-0.09799956800000001
93.217248,0.504468,-0.118999
93.227128,0.49426099999999995,-0.139999
93.23700799999999,0.48405299999999996,-0.157499
93.246888,0.473846,-0.185499
93.256768,0.463638,-0.213499
93.26664799999999,0.45343,-0.251998
93.276528,0.443223,-0.29049800000000003
93.286408,0.433015,-0.33949799999999997
93.29628799999999,0.42280799999999996,-0.395498
93.306168,0.41259999999999997,-0.461997
93.316048,0.402393,-0.542497
93.32592799999999,0.392185,-0.647497
93.335808,0.38197699999999996,-0.766496
93.345688,0.37177,-0.913495
93.35556799999999,0.361562,-1.098995
93.365448,0.351355,-1.3194940000000002
93.375328,0.341147,-1.592492
93.38520799999999,0.33094,-1.921491
93.395088,0.32073199999999996,-2.327489
93.404968,0.310525,-2.806987
93.41484799999999,0.300317,-3.3564849999999997
93.424728,0.290109,-3.954982
93.434608,0.279902,-4.553478999999999
93.44448799999999,0.269694,-5.085477
93.454368,0.25948699999999997,-5.449475
93.464248,0.249279,-5.5474749999999995
93.474128,0.23907199999999998,-5.316476
93.48400799999999,0.22886399999999998,-4.752978
93.493888,0.218656,-3.9864819999999996
93.503768,0.208449,-3.170985
93.51364799999999,0.198241,-2.463988
93.523528,0.18803399999999998,-1.938991
93.533408,0.17782599999999998,-1.585492
93.54328799999999,0.167619,-1.3789930000000001
93.553168,0.157411,-1.270494
93.563048,0.147203,-1.224994
93.57292799999999,0.136996,-1.217994
93.582808,0.12678799999999998,-1.231994
93.592688,0.11658099999999999,-1.252994
93.60256799999999,0.106373,-1.273994
93.612448,0.096166048,-1.277494
93.622328,0.08595848,-1.270494
93.63220799999999,0.07575092,-1.238994
93.642088,0.065543348,-1.1934939999999998
93.651968,0.055335776,-1.151494
93.66184799999999,0.045128204000000005,-1.1059949999999998
93.671728,0.034920632,-1.067495
93.681608,0.024713064,-1.039495
93.69148799999999,0.014505494,-1.0149949999999999
93.701376,0.004297924,-0.9869949999999998
93.71125599999999,-0.005909646,-0.951995
93.721136,-0.016117215,-0.913495
93.731016,-0.026324786000000003,-0.8714959999999999
93.74089599999999,-0.036532356,-0.8294959999999999
93.750776,-0.046739924,-0.797996
93.760656,-0.056947496,-0.769996
93.77053599999999,-0.067155064,-0.738496
93.780416,-0.077362632,-0.713996
93.790296,-0.08757020800000001,-0.692996
93.800176,-0.09777777600000001,-0.6649970000000001
93.81005599999999,-0.107985,-0.643997
93.819936,-0.11819199999999999,-0.622997
93.829816,-0.1284,-0.601997
93.83969599999999,-0.13860799999999998,-0.587997
93.849576,-0.148815,-0.570497
93.859456,-0.159023,-0.559997
93.86933599999999,-0.16923,-0.549497
93.879216,-0.179438,-0.535497
93.889096,-0.18964499999999998,-0.528497
93.89897599999999,-0.199853,-0.5179969999999999
93.908856,-0.18964499999999998,-0.395498
93.918736,-0.179438,-0.34299799999999997
93.92861599999999,-0.16923,-0.304498
93.938496,-0.159023,-0.276498
93.948376,-0.148815,-0.251998
93.95825599999999,-0.13860799999999998,-0.23449799999999998
93.968136,-0.1284,-0.216999
93.978016,-0.11819199999999999,-0.199499
93.98789599999999,-0.107985,-0.185499
93.997776,-0.09777777600000001,-0.17149899999999998
94.007656,-0.08757020800000001,-0.160999
94.01753599999999,-0.077362632,-0.150499
94.027416,-0.067155064,-0.14349900000000002
94.037296,-0.056947496,-0.12949899999999998
94.047176,-0.046739924,-0.122499
94.05705599999999,-0.036532356,-0.11549899999999999
94.066936,-0.026324786000000003,-0.108499
94.076816,-0.016117215,-0.101499
94.08669599999999,-0.005909646,-0.09799956800000001
94.096576,0.004297924,-0.09099960000000001
94.106456,0.014505494,-0.08399963200000002
94.11633599999999,0.024713064,-0.08399963200000002
94.126216,0.034920632,-0.08049964
94.136096,0.045128204000000005,-0.073499672
94.14597599999999,0.055335776,-0.069999688
94.155856,0.065543348,-0.066499704
94.165736,0.07575092,-0.059499736000000004
94.17561599999999,0.08595848,-0.048999784000000005
94.185496,0.096166048,-0.04199981600000001
94.195376,0.106373,-0.034999844
94.20525599999999,0.11658099999999999,-0.020999908000000005
94.215136,0.12678799999999998,-0.006999969000000001
94.225016,0.136996,0.0
94.23489599999999,0.147203,0.013999938000000002
94.244776,0.157411,0.024499892000000002
94.254656,0.167619,0.034999844
94.26453599999999,0.17782599999999998,0.04199981600000001
94.274416,0.18803399999999998,0.048999784000000005
94.284296,0.198241,0.05599975200000001
94.294176,0.208449,0.059499736000000004
94.304056,0.218656,0.06299972
94.313936,0.22886399999999998,0.066499704
94.323816,0.23907199999999998,0.066499704
94.33369599999999,0.249279,0.069999688
94.343576,0.25948699999999997,0.073499672
94.353456,0.269694,0.073499672
94.36333599999999,0.279902,0.073499672
94.373216,0.290109,0.07699965600000001
94.383096,0.300317,0.08049964
94.39297599999999,0.310525,0.08399963200000002
94.402856,0.32073199999999996,0.087499616
94.412736,0.33094,0.09449958400000001
94.42261599999999,0.341147,0.104999
94.432496,0.351355,0.122499
94.442376,0.361562,0.14349900000000002
94.45225599999999,0.37177,0.17149899999999998
94.462136,0.38197699999999996,0.209999
94.472016,0.392185,0.25899799999999995
94.48189599999999,0.402393,0.318498
94.491776,0.41259999999999997,0.391998
94.501656,0.42280799999999996,0.475997
94.51153599999999,0.433015,0.563497
94.521416,0.443223,0.647497
94.531296,0.45343,0.727996
94.541176,0.463638,0.794496
94.551056,0.473846,0.839996
94.560936,0.48405299999999996,0.867996
94.570816,0.49426099999999995,0.878496
94.58069599999999,0.504468,0.874996
94.590576,0.514676,0.860996
94.600456,0.524883,0.8434959999999999
94.61033599999999,0.535091,0.822496
94.620216,0.545299,0.804996
94.630096,0.5555059999999999,0.790996
94.63997599999999,0.5657139999999999,0.780496
94.649856,0.575921,0.787496
94.659736,0.586129,0.804996
94.66961599999999,0.596336,0.839996
94.679496,0.606544,0.888996
94.689376,0.616752,0.9589949999999999
94.69925599999999,0.6269589999999999,1.035995
94.709136,0.6371669999999999,1.123494
94.719016,0.647374,1.210994
94.72889599999999,0.657582,1.301994
94.738776,0.667789,1.389493
94.748656,0.677997,1.4699929999999999
94.75853599999999,0.688205,1.539993
94.768416,0.6984119999999999,1.613492
94.778296,0.7086199999999999,1.6904919999999999
94.78817599999999,0.718827,1.777992
94.798056,0.729035,1.886491
94.807936,0.739242,2.008991
94.817816,0.74945,2.14899
94.82769599999999,0.7596579999999999,2.309989
94.837576,0.7698649999999999,2.491988
94.847456,0.780073,2.6984879999999998
94.85733599999999,0.79028,2.925986
94.867216,0.800488,3.181485
94.877096,0.8106949999999999,3.4544840000000003
94.88697599999999,0.8209029999999999,3.755483
94.896856,0.8311109999999999,4.070481
94.906736,0.841318,4.3994800000000005
94.916624,0.851526,4.742477999999999
94.926504,0.861733,5.085477
94.93638399999999,0.871941,5.410975
94.946264,0.8821479999999999,5.708474
94.956144,0.8923559999999999,5.963973
94.96602399999999,0.9025639999999999,6.163472
94.975904,0.8923559999999999,4.693479
94.985784,0.8821479999999999,3.594483
94.99566399999999,0.871941,2.778987
95.005544,0.861733,2.1734899999999997
95.015424,0.851526,1.7149919999999998
95.02530399999999,0.841318,1.364993
95.035184,0.8311109999999999,1.095495
95.045064,0.8209029999999999,0.881996
95.05494399999999,0.8106949999999999,0.713996
95.064824,0.800488,0.580997
95.074704,0.79028,0.472497
95.08458399999999,0.780073,0.388498
95.094464,0.7698649999999999,0.314998
95.104344,0.7596579999999999,0.255498
95.114224,0.74945,0.209999
95.124104,0.739242,0.17149899999999998
95.133984,0.729035,0.136499
95.143864,0.718827,0.108499
95.15374399999999,0.7086199999999999,0.09449958400000001
95.163624,0.6984119999999999,0.069999688
95.173504,0.688205,0.05249976800000001
95.18338399999999,0.677997,0.04549980000000001
95.193264,0.667789,0.03149986
95.203144,0.657582,0.017499922
95.21302399999999,0.647374,0.010499954000000002
95.222904,0.6371669999999999,0.0034999840000000003
95.232784,0.6269589999999999,0.0
95.24266399999999,0.616752,-0.006999969000000001
95.252544,0.606544,-0.010499954000000002
95.262424,0.596336,-0.017499922
95.27230399999999,0.586129,-0.024499892000000002
95.282184,0.575921,-0.03149986
95.292064,0.5657139999999999,-0.04199981600000001
95.30194399999999,0.5555059999999999,-0.048999784000000005
95.311824,0.545299,-0.059499736000000004
95.321704,0.535091,-0.073499672
95.33158399999999,0.524883,-0.087499616
95.341464,0.514676,-0.09799956800000001
95.351344,0.504468,-0.122499
95.36122399999999,0.49426099999999995,-0.139999
95.371104,0.48405299999999996,-0.157499
95.380984,0.473846,-0.185499
95.390864,0.463638,-0.216999
95.40074399999999,0.45343,-0.251998
95.410624,0.443223,-0.29049800000000003
95.420504,0.433015,-0.33949799999999997
95.43038399999999,0.42280799999999996,-0.398998
95.440264,0.41259999999999997,-0.461997
95.450144,0.402393,-0.545997
95.46002399999999,0.392185,-0.647497
95.469904,0.38197699999999996,-0.766496
95.479784,0.37177,-0.9169949999999999
95.48966399999999,0.361562,-1.098995
95.499544,0.351355,-1.3194940000000002
95.509424,0.341147,-1.592492
95.51930399999999,0.33094,-1.9284909999999997
95.529184,0.32073199999999996,-2.330989
95.539064,0.310525,-2.813987
95.54894399999999,0.300317,-3.363485
95.558824,0.290109,-3.9619820000000003
95.568704,0.279902,-4.563979
95.57858399999999,0.269694,-5.092477
95.588464,0.25948699999999997,-5.456475
95.598344,0.249279,-5.550975
95.60822399999999,0.23907199999999998,-5.312976
95.618104,0.22886399999999998,-4.749478
95.627984,0.218656,-3.9794819999999995
95.637864,0.208449,-3.1639859999999995
95.64774399999999,0.198241,-2.4569889999999996
95.657624,0.18803399999999998,-1.9319909999999998
95.667504,0.17782599999999998,-1.585492
95.67738399999999,0.167619,-1.3789930000000001
95.687264,0.157411,-1.270494
95.697144,0.147203,-1.224994
95.70702399999999,0.136996,-1.217994
95.716904,0.12678799999999998,-1.2354939999999999
95.726784,0.11658099999999999,-1.256494
95.73666399999999,0.106373,-1.277494
95.746544,0.096166048,-1.280994
95.756424,0.08595848,-1.270494
95.76630399999999,0.07575092,-1.238994
95.776184,0.065543348,-1.196994
95.786064,0.055335776,-1.151494
95.79594399999999,0.045128204000000005,-1.1059949999999998
95.805824,0.034920632,-1.067495
95.815704,0.024713064,-1.039495
95.82558399999999,0.014505494,-1.0149949999999999
95.835464,0.004297924,-0.9869949999999998
95.845344,-0.005909646,-0.951995
95.85522399999999,-0.016117215,-0.9169949999999999
95.865104,-0.026324786000000003,-0.8714959999999999
95.874984,-0.036532356,-0.8294959999999999
95.884864,-0.046739924,-0.797996
95.89474399999999,-0.056947496,-0.769996
95.904624,-0.067155064,-0.741996
95.914504,-0.077362632,-0.717496
95.92438399999999,-0.08757020800000001,-0.692996
95.934264,-0.09777777600000001,-0.6649970000000001
95.944144,-0.107985,-0.643997
95.95402399999999,-0.11819199999999999,-0.622997
95.963904,-0.1284,-0.601997
95.973784,-0.13860799999999998,-0.587997
95.98366399999999,-0.148815,-0.573997
95.993544,-0.159023,-0.559997
96.003424,-0.16923,-0.549497
96.01330399999999,-0.179438,-0.538997
96.023184,-0.18964499999999998,-0.528497
96.033064,-0.199853,-0.5179969999999999
96.04294399999999,-0.18964499999999998,-0.395498
96.052824,-0.179438,-0.34299799999999997
96.062704,-0.16923,-0.307998
96.07258399999999,-0.159023,-0.279998
96.082464,-0.148815,-0.255498
96.092344,-0.13860799999999998,-0.237998
96.10222399999999,-0.1284,-0.220499
96.112104,-0.11819199999999999,-0.202999
96.12199199999999,-0.107985,-0.18899899999999997
96.131872,-0.09777777600000001,-0.174999
96.141752,-0.08757020800000001,-0.160999
96.15163199999999,-0.077362632,-0.153999
96.161512,-0.067155064,-0.14349900000000002
96.171392,-0.056947496,-0.13299899999999998
96.18127199999999,-0.046739924,-0.122499
96.191152,-0.036532356,-0.11549899999999999
96.201032,-0.026324786000000003,-0.108499
96.210912,-0.016117215,-0.101499
96.22079199999999,-0.005909646,-0.09799956800000001
96.230672,0.004297924,-0.09099960000000001
96.240552,0.014505494,-0.087499616
96.25043199999999,0.024713064,-0.08399963200000002
96.260312,0.034920632,-0.08049964
96.270192,0.045128204000000005,-0.073499672
96.28007199999999,0.055335776,-0.069999688
96.289952,0.065543348,-0.066499704
96.299832,0.07575092,-0.059499736000000004
96.30971199999999,0.08595848,-0.05249976800000001
96.319592,0.096166048,-0.04199981600000001
96.329472,0.106373,-0.03149986
96.33935199999999,0.11658099999999999,-0.020999908000000005
96.349232,0.12678799999999998,-0.010499954000000002
96.359112,0.136996,0.0
96.36899199999999,0.147203,0.013999938000000002
96.378872,0.157411,0.024499892000000002
96.388752,0.167619,0.03149986
96.39863199999999,0.17782599999999998,0.04199981600000001
96.408512,0.18803399999999998,0.048999784000000005
96.418392,0.198241,0.05249976800000001
96.42827199999999,0.208449,0.059499736000000004
96.438152,0.218656,0.06299972
96.448032,0.22886399999999998,0.066499704
96.457912,0.23907199999999998,0.066499704
96.46779199999999,0.249279,0.069999688
96.477672,0.25948699999999997,0.069999688
96.487552,0.269694,0.073499672
96.49743199999999,0.279902,0.07699965600000001
96.507312,0.290109,0.07699965600000001
96.517192,0.300317,0.08049964
96.52707199999999,0.310525,0.08399963200000002
96.536952,0.32073199999999996,0.09099960000000001
96.546832,0.33094,0.09449958400000001
96.55671199999999,0.341147,0.104999
96.566592,0.351355,0.118999
96.576472,0.361562,0.14349900000000002
96.58635199999999,0.37177,0.17149899999999998
96.596232,0.38197699999999996,0.209999
96.606112,0.392185,0.26249799999999995
96.61599199999999,0.402393,0.321998
96.625872,0.41259999999999997,0.395498
96.635752,0.42280799999999996,0.47949699999999995
96.64563199999999,0.433015,0.570497
96.655512,0.443223,0.654497
96.665392,0.45343,0.734996
96.67527199999999,0.463638,0.797996
96.685152,0.473846,0.846996
96.695032,0.48405299999999996,0.874996
96.704912,0.49426099999999995,0.881996
96.71479199999999,0.504468,0.878496
96.724672,0.514676,0.8644959999999999
96.734552,0.524883,0.8434959999999999
96.74443199999999,0.535091,0.822496
96.754312,0.545299,0.804996
96.764192,0.5555059999999999,0.787496
96.77407199999999,0.5657139999999999,0.783996
96.783952,0.575921,0.783996
96.793832,0.586129,0.804996
96.80371199999999,0.596336,0.8434959999999999
96.813592,0.606544,0.8924960000000001
96.823472,0.616752,0.962495
96.83335199999999,0.6269589999999999,1.0429950000000001
96.843232,0.6371669999999999,1.1304949999999998
96.853112,0.647374,1.2214939999999999
96.86299199999999,0.657582,1.312494
96.872872,0.667789,1.403493
96.882752,0.677997,1.483993
96.89263199999999,0.688205,1.553993
96.902512,0.6984119999999999,1.627492
96.912392,0.7086199999999999,1.7009919999999998
96.92227199999999,0.718827,1.791992
96.932152,0.729035,1.8934909999999998
96.942032,0.739242,2.01599
96.951912,0.74945,2.15249
96.961792,0.7596579999999999,2.3134889999999997
96.971672,0.7698649999999999,2.495488
96.981552,0.780073,2.6984879999999998
96.99143199999999,0.79028,2.925986
97.001312,0.800488,3.177985
97.011192,0.8106949999999999,3.450984
97.02107199999999,0.8209029999999999,3.748483
97.030952,0.8311109999999999,4.0634809999999995
97.040832,0.841318,4.39248
97.05071199999999,0.851526,4.735478
97.060592,0.861733,5.078477
97.070472,0.871941,5.403975999999999
97.08035199999999,0.8821479999999999,5.701474
97.090232,0.8923559999999999,5.9569730000000005
97.100112,0.9025639999999999,6.156471999999999
97.10999199999999,0.8923559999999999,4.686479
97.119872,0.8821479999999999,3.5909829999999996
97.129752,0.871941,2.7754869999999996
97.13963199999999,0.861733,2.1699900000000003
97.149512,0.851526,1.7149919999999998
97.159392,0.841318,1.364993
97.16927199999999,0.8311109999999999,1.091995
97.179152,0.8209029999999999,0.881996
97.189032,0.8106949999999999,0.713996
97.19891199999999,0.800488,0.580997
97.208792,0.79028,0.472497
97.218672,0.780073,0.388498
97.228552,0.7698649999999999,0.314998
97.23843199999999,0.7596579999999999,0.255498
97.248312,0.74945,0.209999
97.258192,0.739242,0.17149899999999998
97.26807199999999,0.729035,0.136499
97.277952,0.718827,0.108499
97.287832,0.7086199999999999,0.09099960000000001
97.29771199999999,0.6984119999999999,0.073499672
97.307592,0.688205,0.05249976800000001
97.317472,0.677997,0.04549980000000001
97.32735199999999,0.667789,0.03149986
97.33724,0.657582,0.020999908000000005
97.34711999999999,0.647374,0.013999938000000002
97.357,0.6371669999999999,0.006999969000000001
97.36688,0.6269589999999999,0.0
97.37675999999999,0.616752,-0.006999969000000001
97.38664,0.606544,-0.010499954000000002
97.39652,0.596336,-0.013999938000000002
97.40639999999999,0.586129,-0.024499892000000002
97.41628,0.575921,-0.03149986
97.42616,0.5657139999999999,-0.04199981600000001
97.43603999999999,0.5555059999999999,-0.048999784000000005
97.44592,0.545299,-0.059499736000000004
97.4558,0.535091,-0.073499672
97.46567999999999,0.524883,-0.087499616
97.47556,0.514676,-0.09799956800000001
97.48544,0.504468,-0.118999
97.49531999999999,0.49426099999999995,-0.139999
97.5052,0.48405299999999996,-0.160999
97.51508,0.473846,-0.185499
97.52496,0.463638,-0.216999
97.53484,0.45343,-0.251998
97.54472,0.443223,-0.29049800000000003
97.5546,0.433015,-0.33949799999999997
97.56447999999999,0.42280799999999996,-0.395498
97.57436,0.41259999999999997,-0.461997
97.58424,0.402393,-0.545997
97.59411999999999,0.392185,-0.647497
97.604,0.38197699999999996,-0.769996
97.61388,0.37177,-0.920495
97.62375999999999,0.361562,-1.098995
97.63364,0.351355,-1.322994
97.64352,0.341147,-1.595992
97.65339999999999,0.33094,-1.9319909999999998
97.66328,0.32073199999999996,-2.337989
97.67316,0.310525,-2.817487
97.68303999999999,0.300317,-3.370484
97.69292,0.290109,-3.9689819999999996
97.7028,0.279902,-4.570979
97.71267999999999,0.269694,-5.099476999999999
97.72256,0.25948699999999997,-5.463475
97.73244,0.249279,-5.557975
97.74231999999999,0.23907199999999998,-5.312976
97.7522,0.22886399999999998,-4.745978
97.76208,0.218656,-3.9724819999999994
97.77195999999999,0.208449,-3.153485
97.78184,0.198241,-2.4499889999999995
97.79172,0.18803399999999998,-1.9284909999999997
97.8016,0.17782599999999998,-1.5819929999999998
97.81147999999999,0.167619,-1.3789930000000001
97.82136,0.157411,-1.270494
97.83124,0.147203,-1.228494
97.84111999999999,0.136996,-1.2214939999999999
97.851,0.12678799999999998,-1.238994
97.86088,0.11658099999999999,-1.259994
97.87075999999999,0.106373,-1.277494
97.88064,0.096166048,-1.284494
97.89052,0.08595848,-1.273994
97.90039999999999,0.07575092,-1.242494
97.91028,0.065543348,-1.200494
97.92016,0.055335776,-1.154994
97.93003999999999,0.045128204000000005,-1.109495
97.93992,0.034920632,-1.0709950000000001
97.9498,0.024713064,-1.0429950000000001
97.95967999999999,0.014505494,-1.018495
97.96956,0.004297924,-0.9904949999999999
97.97944,-0.005909646,-0.9554950000000001
97.98931999999999,-0.016117215,-0.9169949999999999
97.9992,-0.026324786000000003,-0.8714959999999999
98.00908,-0.036532356,-0.832996
98.01895999999999,-0.046739924,-0.801496
98.02884,-0.056947496,-0.773496
98.03872,-0.067155064,-0.745496
98.0486,-0.077362632,-0.717496
98.05847999999999,-0.08757020800000001,-0.692996
98.06836,-0.09777777600000001,-0.6649970000000001
98.07824,-0.107985,-0.643997
98.08811999999999,-0.11819199999999999,-0.622997
98.098,-0.1284,-0.605497
98.10788,-0.13860799999999998,-0.587997
98.11775999999999,-0.148815,-0.570497
98.12764,-0.159023,-0.563497
98.13752,-0.16923,-0.549497
98.14739999999999,-0.179438,-0.535497
98.15728,-0.18964499999999998,-0.528497
98.16716,-0.199853,-0.5179969999999999
98.17703999999999,-0.18964499999999998,-0.398998
98.18692,-0.179438,-0.346498
98.1968,-0.16923,-0.307998
98.20667999999999,-0.159023,-0.279998
98.21656,-0.148815,-0.25899799999999995
98.22644,-0.13860799999999998,-0.237998
98.23631999999999,-0.1284,-0.220499
98.2462,-0.11819199999999999,-0.202999
98.25608,-0.107985,-0.192499
98.26595999999999,-0.09777777600000001,-0.174999
98.27584,-0.08757020800000001,-0.164499
98.28572,-0.077362632,-0.153999
98.2956,-0.067155064,-0.14349900000000002
98.30547999999999,-0.056947496,-0.13299899999999998
98.31536,-0.046739924,-0.125999
98.32524,-0.036532356,-0.118999
98.33511999999999,-0.026324786000000003,-0.111999
98.345,-0.016117215,-0.104999
98.35488,-0.005909646,-0.101499
98.36475999999999,0.004297924,-0.09799956800000001
98.37464,0.014505494,-0.09099960000000001
98.38452,0.024713064,-0.087499616
98.39439999999999,0.034920632,-0.08399963200000002
98.40428,0.045128204000000005,-0.07699965600000001
98.41416,0.055335776,-0.073499672
98.42403999999999,0.065543348,-0.069999688
98.43392,0.07575092,-0.06299972
98.4438,0.08595848,-0.05599975200000001
98.45367999999999,0.096166048,-0.04549980000000001
98.46356,0.106373,-0.034999844
98.47344,0.11658099999999999,-0.020999908000000005
98.48331999999999,0.12678799999999998,-0.010499954000000002
98.4932,0.136996,0.0
98.50308,0.147203,0.010499954000000002
98.51295999999999,0.157411,0.024499892000000002
98.52284,0.167619,0.03149986
98.53272,0.17782599999999998,0.03849982800000001
98.542608,0.18803399999999998,0.048999784000000005
98.552488,0.198241,0.05599975200000001
98.56236799999999,0.208449,0.059499736000000004
98.572248,0.218656,0.06299972
98.582128,0.22886399999999998,0.06299972
98.59200799999999,0.23907199999999998,0.066499704
98.601888,0.249279,0.069999688
98.611768,0.25948699999999997,0.069999688
98.621648,0.269694,0.073499672
98.63152799999999,0.279902,0.073499672
98.641408,0.290109,0.073499672
98.651288,0.300317,0.07699965600000001
98.66116799999999,0.310525,0.08049964
98.671048,0.32073199999999996,0.087499616
98.680928,0.33094,0.09449958400000001
98.69080799999999,0.341147,0.104999
98.700688,0.351355,0.118999
98.710568,0.361562,0.14349900000000002
98.72044799999999,0.37177,0.17149899999999998
98.730328,0.38197699999999996,0.209999
98.740208,0.392185,0.26249799999999995
98.75008799999999,0.402393,0.325498
98.759968,0.41259999999999997,0.398998
98.769848,0.42280799999999996,0.482997
98.77972799999999,0.433015,0.570497
98.789608,0.443223,0.661497
98.799488,0.45343,0.738496
98.80936799999999,0.463638,0.804996
98.819248,0.473846,0.8504959999999999
98.829128,0.48405299999999996,0.874996
98.83900799999999,0.49426099999999995,0.8854960000000001
98.848888,0.504468,0.878496
98.858768,0.514676,0.8644959999999999
98.868648,0.524883,0.846996
98.87852799999999,0.535091,0.822496
98.888408,0.545299,0.804996
98.898288,0.5555059999999999,0.787496
98.90816799999999,0.5657139999999999,0.780496
98.918048,0.575921,0.787496
98.927928,0.586129,0.808496
98.93780799999999,0.596336,0.8434959999999999
98.947688,0.606544,0.899495
98.957568,0.616752,0.965995
98.96744799999999,0.6269589999999999,1.049995
98.977328,0.6371669999999999,1.137494
98.987208,0.647374,1.231994
98.99708799999999,0.657582,1.326494
99.006968,0.667789,1.417493
99.016848,0.677997,1.497993
99.02672799999999,0.688205,1.567993
99.036608,0.6984119999999999,1.6379920000000001
99.046488,0.7086199999999999,1.711492
99.05636799999999,0.718827,1.798991
99.066248,0.729035,1.900491
99.076128,0.739242,2.0194900000000002
99.08600799999999,0.74945,2.15599
99.095888,0.7596579999999999,2.316989
99.105768,0.7698649999999999,2.495488
99.115648,0.780073,2.6984879999999998
99.12552799999999,0.79028,2.922487
99.135408,0.800488,3.1744850000000002
99.145288,0.8106949999999999,3.443984
99.15516799999999,0.8209029999999999,3.7414829999999997
99.165048,0.8311109999999999,4.056481
99.174928,0.841318,4.38548
99.18480799999999,0.851526,4.724978999999999
99.194688,0.861733,5.067977
99.204568,0.871941,5.3934750000000005
99.21444799999999,0.8821479999999999,5.690974
99.224328,0.8923559999999999,5.946473
99.234208,0.9025639999999999,6.145972
99.24408799999999,0.8923559999999999,4.679479
99.253968,0.8821479999999999,3.583984
99.263848,0.871941,2.7719869999999998
99.27372799999999,0.861733,2.16649
99.283608,0.851526,1.711492
99.293488,0.841318,1.361493
99.30336799999999,0.8311109999999999,1.091995
99.313248,0.8209029999999999,0.878496
99.323128,0.8106949999999999,0.713996
99.33300799999999,0.800488,0.577497
99.342888,0.79028,0.472497
99.352768,0.780073,0.388498
99.362648,0.7698649999999999,0.314998
99.37252799999999,0.7596579999999999,0.255498
99.382408,0.74945,0.209999
99.392288,0.739242,0.17149899999999998
99.40216799999999,0.729035,0.139999
99.412048,0.718827,0.108499
99.421928,0.7086199999999999,0.09449958400000001
99.43180799999999,0.6984119999999999,0.073499672
99.441688,0.688205,0.05249976800000001
99.451568,0.677997,0.04549980000000001
99.46144799999999,0.667789,0.03149986
99.471328,0.657582,0.017499922
99.481208,0.647374,0.010499954000000002
99.49108799999999,0.6371669999999999,0.006999969000000001
99.500968,0.6269589999999999,0.0
99.510848,0.616752,-0.006999969000000001
99.52072799999999,0.606544,-0.010499954000000002
99.530608,0.596336,-0.013999938000000002
99.540488,0.586129,-0.024499892000000002
99.55036799999999,0.575921,-0.03149986
99.560248,0.5657139999999999,-0.04199981600000001
99.570128,0.5555059999999999,-0.048999784000000005
99.58000799999999,0.545299,-0.059499736000000004
99.589888,0.535091,-0.073499672
99.599768,0.524883,-0.087499616
99.60964799999999,0.514676,-0.09799956800000001
99.619528,0.504468,-0.118999
99.629408,0.49426099999999995,-0.139999
99.639288,0.48405299999999996,-0.157499
99.64916799999999,0.473846,-0.18899899999999997
99.659048,0.463638,-0.216999
99.668928,0.45343,-0.24849799999999997
99.67880799999999,0.443223,-0.29049800000000003
99.688688,0.433015,-0.33949799999999997
99.698568,0.42280799999999996,-0.395498
99.70844799999999,0.41259999999999997,-0.461997
99.718328,0.402393,-0.545997
99.728208,0.392185,-0.647497
99.73808799999999,0.38197699999999996,-0.766496
99.747968,0.37177,-0.9169949999999999
99.75785599999999,0.361562,-1.102495
99.767736,0.351355,-1.326494
99.777616,0.341147,-1.599492
99.78749599999999,0.33094,-1.9354909999999999
99.797376,0.32073199999999996,-2.337989
99.807256,0.310525,-2.820987
99.81713599999999,0.300317,-3.3739839999999997
99.827016,0.290109,-3.9759819999999997
99.836896,0.279902,-4.577979
99.84677599999999,0.269694,-5.106477
99.856656,0.25948699999999997,-5.466975000000001
99.866536,0.249279,-5.554475
99.87641599999999,0.23907199999999998,-5.309476
99.886296,0.22886399999999998,-4.735478
99.896176,0.218656,-3.9619820000000003
99.90605599999999,0.208449,-3.146485
99.915936,0.198241,-2.442989
99.925816,0.18803399999999998,-1.9249910000000001
99.935696,0.17782599999999998,-1.5819929999999998
99.94557599999999,0.167619,-1.3789930000000001
99.955456,0.157411,-1.273994
99.965336,0.147203,-1.231994
99.97521599999999,0.136996,-1.224994
99.985096,0.12678799999999998,-1.238994
99.994976,0.11658099999999999,-1.263494
100.004,0.106373,-1.280994
100.014,0.096166048,-1.287994
100.024,0.08595848,-1.273994
100.034,0.07575092,-1.245994
100.044,0.065543348,-1.200494
100.054,0.055335776,-1.154994
100.06400000000001,0.045128204000000005,-1.109495
100.074,0.034920632,-1.0709950000000001
100.083,0.024713064,-1.0429950000000001
100.093,0.014505494,-1.018495
100.10300000000001,0.004297924,-0.9904949999999999
100.113,-0.005909646,-0.9554950000000001
100.123,-0.016117215,-0.9169949999999999
100.133,-0.026324786000000003,-0.874996
100.143,-0.036532356,-0.832996
100.153,-0.046739924,-0.801496
100.162,-0.056947496,-0.769996
100.172,-0.067155064,-0.745496
100.182,-0.077362632,-0.717496
100.19200000000001,-0.08757020800000001,-0.692996
100.202,-0.09777777600000001,-0.6649970000000001
100.212,-0.107985,-0.643997
100.22200000000001,-0.11819199999999999,-0.626497
100.232,-0.1284,-0.605497
100.241,-0.13860799999999998,-0.587997
100.251,-0.148815,-0.573997
100.261,-0.159023,-0.563497
100.271,-0.16923,-0.549497
100.281,-0.179438,-0.538997
100.291,-0.18964499999999998,-0.5319969999999999
100.301,-0.199853,-0.5179969999999999
100.311,-0.18964499999999998,-0.398998
100.321,-0.179438,-0.346498
100.33,-0.16923,-0.311498
100.34,-0.159023,-0.279998
100.35000000000001,-0.148815,-0.25899799999999995
100.36,-0.13860799999999998,-0.241498
100.37,-0.1284,-0.220499
100.38,-0.11819199999999999,-0.202999
100.39,-0.107985,-0.192499
100.4,-0.09777777600000001,-0.178499
100.409,-0.08757020800000001,-0.164499
100.419,-0.077362632,-0.153999
100.429,-0.067155064,-0.14699900000000002
100.43900000000001,-0.056947496,-0.136499
100.449,-0.046739924,-0.125999
100.459,-0.036532356,-0.118999
100.46900000000001,-0.026324786000000003,-0.111999
100.479,-0.016117215,-0.104999
100.488,-0.005909646,-0.101499
100.498,0.004297924,-0.09449958400000001
100.508,0.014505494,-0.09099960000000001
100.518,0.024713064,-0.087499616
100.528,0.034920632,-0.08399963200000002
100.538,0.045128204000000005,-0.07699965600000001
100.548,0.055335776,-0.073499672
100.558,0.065543348,-0.069999688
100.568,0.07575092,-0.06299972
100.577,0.08595848,-0.05249976800000001
100.587,0.096166048,-0.04549980000000001
100.59700000000001,0.106373,-0.034999844
100.607,0.11658099999999999,-0.024499892000000002
100.617,0.12678799999999998,-0.010499954000000002
100.627,0.136996,0.0
100.637,0.147203,0.010499954000000002
100.647,0.157411,0.024499892000000002
100.656,0.167619,0.03149986
100.666,0.17782599999999998,0.04199981600000001
100.676,0.18803399999999998,0.048999784000000005
100.686,0.198241,0.05249976800000001
100.696,0.208449,0.059499736000000004
100.706,0.218656,0.06299972
100.71600000000001,0.22886399999999998,0.066499704
100.726,0.23907199999999998,0.066499704
100.735,0.249279,0.069999688
100.745,0.25948699999999997,0.069999688
100.755,0.269694,0.073499672
100.765,0.279902,0.073499672
100.775,0.290109,0.07699965600000001
100.785,0.300317,0.08049964
100.795,0.310525,0.08049964
100.805,0.32073199999999996,0.087499616
100.815,0.33094,0.09449958400000001
100.824,0.341147,0.104999
100.834,0.351355,0.122499
100.84400000000001,0.361562,0.14349900000000002
100.854,0.37177,0.17149899999999998
100.864,0.38197699999999996,0.213499
100.874,0.392185,0.26599799999999996
100.884,0.402393,0.328998
100.894,0.41259999999999997,0.402498
100.903,0.42280799999999996,0.489997
100.913,0.433015,0.577497
100.923,0.443223,0.6649970000000001
100.933,0.45343,0.745496
100.943,0.463638,0.811996
100.953,0.473846,0.8574959999999999
100.96300000000001,0.48405299999999996,0.881996
100.973,0.49426099999999995,0.888996
100.982,0.504468,0.881996
100.992,0.514676,0.867996
101.002,0.524883,0.846996
101.012,0.535091,0.825996
101.022,0.545299,0.804996
101.032,0.5555059999999999,0.790996
101.042,0.5657139999999999,0.783996
101.052,0.575921,0.787496
101.062,0.586129,0.808496
101.071,0.596336,0.846996
101.081,0.606544,0.902995
101.09100000000001,0.616752,0.9729949999999999
101.101,0.6269589999999999,1.0569950000000001
101.111,0.6371669999999999,1.147994
101.121,0.647374,1.242494
101.131,0.657582,1.336994
101.141,0.667789,1.4279929999999998
101.15,0.677997,1.511993
101.16,0.688205,1.5819929999999998
101.17,0.6984119999999999,1.651992
101.18,0.7086199999999999,1.725492
101.19,0.718827,1.809491
101.2,0.729035,1.9074909999999998
101.21000000000001,0.739242,2.0264900000000003
101.22,0.74945,2.16299
101.229,0.7596579999999999,2.316989
101.239,0.7698649999999999,2.495488
101.249,0.780073,2.6984879999999998
101.259,0.79028,2.922487
101.269,0.800488,3.170985
101.279,0.8106949999999999,3.443984
101.289,0.8209029999999999,3.7344829999999996
101.299,0.8311109999999999,4.049480999999999
101.309,0.841318,4.37848
101.318,0.851526,4.717979
101.328,0.861733,5.060977
101.33800000000001,0.871941,5.382976
101.348,0.8821479999999999,5.683974
101.358,0.8923559999999999,5.939473
101.36800000000001,0.9025639999999999,6.138972
101.378,0.8923559999999999,4.675979
101.388,0.8821479999999999,3.576984
101.397,0.871941,2.768487
101.407,0.861733,2.16649
101.417,0.851526,1.707992
101.427,0.841318,1.361493
101.437,0.8311109999999999,1.091995
101.447,0.8209029999999999,0.878496
101.45700000000001,0.8106949999999999,0.713996
101.467,0.800488,0.580997
101.476,0.79028,0.472497
101.486,0.780073,0.388498
101.496,0.7698649999999999,0.314998
101.506,0.7596579999999999,0.25899799999999995
101.516,0.74945,0.209999
101.526,0.739242,0.17149899999999998
101.536,0.729035,0.136499
101.546,0.718827,0.111999
101.556,0.7086199999999999,0.09449958400000001
101.565,0.6984119999999999,0.069999688
101.575,0.688205,0.05249976800000001
101.58500000000001,0.677997,0.04549980000000001
101.595,0.667789,0.03149986
101.605,0.657582,0.017499922
101.61500000000001,0.647374,0.010499954000000002
101.625,0.6371669999999999,0.006999969000000001
101.635,0.6269589999999999,0.0
101.644,0.616752,-0.010499954000000002
101.654,0.606544,-0.010499954000000002
101.664,0.596336,-0.013999938000000002
101.674,0.586129,-0.024499892000000002
101.684,0.575921,-0.03149986
101.694,0.5657139999999999,-0.03849982800000001
101.70400000000001,0.5555059999999999,-0.048999784000000005
101.714,0.545299,-0.059499736000000004
101.723,0.535091,-0.073499672
101.733,0.524883,-0.087499616
101.74300000000001,0.514676,-0.09799956800000001
101.753,0.504468,-0.118999
101.763,0.49426099999999995,-0.139999
101.773,0.48405299999999996,-0.160999
101.783,0.473846,-0.185499
101.793,0.463638,-0.216999
101.803,0.45343,-0.251998
101.812,0.443223,-0.29049800000000003
101.822,0.433015,-0.34299799999999997
101.83200000000001,0.42280799999999996,-0.398998
101.842,0.41259999999999997,-0.461997
101.852,0.402393,-0.549497
101.86200000000001,0.392185,-0.647497
101.872,0.38197699999999996,-0.769996
101.882,0.37177,-0.920495
101.891,0.361562,-1.102495
101.901,0.351355,-1.326494
101.911,0.341147,-1.602992
101.921,0.33094,-1.938991
101.931,0.32073199999999996,-2.344989
101.941,0.310525,-2.8279870000000003
101.95100000000001,0.300317,-3.3844849999999997
101.961,0.290109,-3.982982
101.97,0.279902,-4.584979000000001
101.98,0.269694,-5.113477
101.99000000000001,0.25948699999999997,-5.4704749999999995
102.0,0.249279,-5.561475
102.01,0.23907199999999998,-5.305976
102.02,0.22886399999999998,-4.731979
102.03,0.218656,-3.954982
102.04,0.208449,-3.1394859999999998
102.05,0.198241,-2.439489
102.059,0.18803399999999998,-1.921491
102.069,0.17782599999999998,-1.578492
102.07900000000001,0.167619,-1.3789930000000001
102.089,0.157411,-1.273994
102.099,0.147203,-1.231994
102.10900000000001,0.136996,-1.228494
102.119,0.12678799999999998,-1.242494
102.129,0.11658099999999999,-1.266994
102.138,0.106373,-1.284494
102.148,0.096166048,-1.291494
102.158,0.08595848,-1.280994
102.168,0.07575092,-1.245994
102.178,0.065543348,-1.203994
102.188,0.055335776,-1.154994
102.19800000000001,0.045128204000000005,-1.112995
102.208,0.034920632,-1.074495
102.217,0.024713064,-1.046495
102.227,0.014505494,-1.021995
102.23700000000001,0.004297924,-0.9904949999999999
102.247,-0.005909646,-0.9554950000000001
102.257,-0.016117215,-0.9169949999999999
102.267,-0.026324786000000003,-0.874996
102.277,-0.036532356,-0.8364959999999999
102.287,-0.046739924,-0.801496
102.297,-0.056947496,-0.773496
102.306,-0.067155064,-0.741996
102.316,-0.077362632,-0.720996
102.32600000000001,-0.08757020800000001,-0.692996
102.336,-0.09777777600000001,-0.668497
102.346,-0.107985,-0.643997
102.35600000000001,-0.11819199999999999,-0.626497
102.366,-0.1284,-0.605497
102.376,-0.13860799999999998,-0.587997
102.385,-0.148815,-0.573997
102.395,-0.159023,-0.563497
102.405,-0.16923,-0.549497
102.415,-0.179438,-0.538997
102.425,-0.18964499999999998,-0.528497
102.435,-0.199853,-0.5179969999999999
102.44500000000001,-0.18964499999999998,-0.402498
102.455,-0.179438,-0.349998
102.465,-0.16923,-0.314998
102.474,-0.159023,-0.279998
102.48400000000001,-0.148815,-0.25899799999999995
102.494,-0.13860799999999998,-0.241498
102.504,-0.1284,-0.223999
102.514,-0.11819199999999999,-0.206499
102.524,-0.107985,-0.192499
102.534,-0.09777777600000001,-0.178499
102.544,-0.08757020800000001,-0.16799899999999998
102.553,-0.077362632,-0.153999
102.563,-0.067155064,-0.14699900000000002
102.57300000000001,-0.056947496,-0.136499
102.583,-0.046739924,-0.125999
102.593,-0.036532356,-0.122499
102.60300000000001,-0.026324786000000003,-0.111999
102.613,-0.016117215,-0.108499
102.623,-0.005909646,-0.101499
102.632,0.004297924,-0.09799956800000001
102.642,0.014505494,-0.09099960000000001
102.652,0.024713064,-0.087499616
102.662,0.034920632,-0.087499616
102.672,0.045128204000000005,-0.08049964
102.682,0.055335776,-0.073499672
102.69200000000001,0.065543348,-0.073499672
102.702,0.07575092,-0.06299972
102.712,0.08595848,-0.05599975200000001
102.721,0.096166048,-0.04549980000000001
102.73100000000001,0.106373,-0.03849982800000001
102.741,0.11658099999999999,-0.024499892000000002
102.751,0.12678799999999998,-0.010499954000000002
102.761,0.136996,0.0
102.771,0.147203,0.006999969000000001
102.781,0.157411,0.020999908000000005
102.791,0.167619,0.03149986
102.8,0.17782599999999998,0.03849982800000001
102.81,0.18803399999999998,0.048999784000000005
102.82000000000001,0.198241,0.05249976800000001
102.83,0.208449,0.05599975200000001
102.84,0.218656,0.06299972
102.85000000000001,0.22886399999999998,0.06299972
102.86,0.23907199999999998,0.066499704
102.87,0.249279,0.066499704
102.879,0.25948699999999997,0.069999688
102.889,0.269694,0.069999688
102.899,0.279902,0.073499672
102.909,0.290109,0.073499672
102.919,0.300317,0.07699965600000001
102.929,0.310525,0.08049964
102.93900000000001,0.32073199999999996,0.087499616
102.949,0.33094,0.09449958400000001
102.959,0.341147,0.104999
102.968,0.351355,0.118999
102.97800000000001,0.361562,0.14349900000000002
102.988,0.37177,0.174999
102.998,0.38197699999999996,0.213499
103.008,0.392185,0.26599799999999996
103.018,0.402393,0.328998
103.028,0.41259999999999997,0.405998
103.038,0.42280799999999996,0.493497
103.047,0.433015,0.584497
103.057,0.443223,0.671997
103.06700000000001,0.45343,0.7524959999999999
103.077,0.463638,0.815496
103.087,0.473846,0.860996
103.09700000000001,0.48405299999999996,0.8854960000000001
103.107,0.49426099999999995,0.8924960000000001
103.117,0.504468,0.8854960000000001
103.126,0.514676,0.867996
103.136,0.524883,0.846996
103.146,0.535091,0.825996
103.156,0.545299,0.804996
103.166,0.5555059999999999,0.790996
103.176,0.5657139999999999,0.783996
103.186,0.575921,0.787496
103.196,0.586129,0.808496
103.206,0.596336,0.846996
103.215,0.606544,0.9064949999999999
103.22500000000001,0.616752,0.976495
103.235,0.6269589999999999,1.063995
103.245,0.6371669999999999,1.1584940000000001
103.255,0.647374,1.252994
103.265,0.657582,1.3509939999999998
103.275,0.667789,1.4419929999999999
103.285,0.677997,1.525993
103.294,0.688205,1.595992
103.304,0.6984119999999999,1.6624919999999999
103.31400000000001,0.7086199999999999,1.735992
103.324,0.718827,1.816491
103.334,0.729035,1.914491
103.34400000000001,0.739242,2.033491
103.354,0.74945,2.16649
103.364,0.7596579999999999,2.320489
103.373,0.7698649999999999,2.4989879999999998
103.383,0.780073,2.694988
103.393,0.79028,2.9189869999999996
103.403,0.800488,3.167485
103.413,0.8106949999999999,3.436984
103.423,0.8209029999999999,3.730983
103.433,0.8311109999999999,4.042482
103.443,0.841318,4.37148
103.453,0.851526,4.710978
103.462,0.861733,5.050477
103.47200000000001,0.871941,5.375976
103.482,0.8821479999999999,5.673474
103.492,0.8923559999999999,5.932473
103.502,0.9025639999999999,6.128472
103.512,0.8923559999999999,4.668978999999999
103.522,0.8821479999999999,3.5734839999999997
103.532,0.871941,2.764987
103.541,0.861733,2.16299
103.551,0.851526,1.707992
103.561,0.841318,1.357993
103.571,0.8311109999999999,1.091995
103.581,0.8209029999999999,0.878496
103.59100000000001,0.8106949999999999,0.713996
103.601,0.800488,0.577497
103.611,0.79028,0.472497
103.62,0.780073,0.384998
103.63,0.7698649999999999,0.314998
103.64,0.7596579999999999,0.255498
103.65,0.74945,0.209999
103.66,0.739242,0.17149899999999998
103.67,0.729035,0.136499
103.68,0.718827,0.108499
103.69,0.7086199999999999,0.09099960000000001
103.7,0.6984119999999999,0.069999688
103.709,0.688205,0.05249976800000001
103.71900000000001,0.677997,0.04549980000000001
103.729,0.667789,0.03149986
103.739,0.657582,0.017499922
103.749,0.647374,0.013999938000000002
103.759,0.6371669999999999,0.006999969000000001
103.769,0.6269589999999999,0.0
103.779,0.616752,-0.006999969000000001
103.788,0.606544,-0.010499954000000002
103.798,0.596336,-0.013999938000000002
103.808,0.586129,-0.024499892000000002
103.818,0.575921,-0.03149986
103.828,0.5657139999999999,-0.04199981600000001
103.83800000000001,0.5555059999999999,-0.048999784000000005
103.848,0.545299,-0.059499736000000004
103.858,0.535091,-0.073499672
103.867,0.524883,-0.087499616
103.877,0.514676,-0.09799956800000001
103.887,0.504468,-0.118999
103.897,0.49426099999999995,-0.139999
103.907,0.48405299999999996,-0.160999
103.917,0.473846,-0.185499
103.927,0.463638,-0.216999
103.937,0.45343,-0.251998
103.947,0.443223,-0.29399800000000004
103.956,0.433015,-0.33949799999999997
103.96600000000001,0.42280799999999996,-0.398998
103.976,0.41259999999999997,-0.465497
103.986,0.402393,-0.549497
103.996,0.392185,-0.650997
104.006,0.38197699999999996,-0.769996
104.016,0.37177,-0.9239949999999999
104.026,0.361562,-1.1059949999999998
104.035,0.351355,-1.3299940000000001
104.045,0.341147,-1.606492
104.055,0.33094,-1.942491
104.065,0.32073199999999996,-2.348489
104.075,0.310525,-2.834987
104.08500000000001,0.300317,-3.391484
104.095,0.290109,-3.989982
104.105,0.279902,-4.595478999999999
104.114,0.269694,-5.120477
104.124,0.25948699999999997,-5.477474999999999
104.134,0.249279,-5.561475
104.144,0.23907199999999998,-5.3024759999999995
104.154,0.22886399999999998,-4.724978999999999
104.164,0.218656,-3.944482
104.174,0.208449,-3.1289860000000003
104.184,0.198241,-2.428989
104.194,0.18803399999999998,-1.917991
104.203,0.17782599999999998,-1.578492
104.21300000000001,0.167619,-1.3789930000000001
104.223,0.157411,-1.277494
104.233,0.147203,-1.2354939999999999
104.24300000000001,0.136996,-1.228494
104.253,0.12678799999999998,-1.245994
104.263,0.11658099999999999,-1.270494
104.273,0.106373,-1.287994
104.282,0.096166048,-1.294994
104.292,0.08595848,-1.280994
104.302,0.07575092,-1.2494939999999999
104.312,0.065543348,-1.203994
104.322,0.055335776,-1.1584940000000001
104.33200000000001,0.045128204000000005,-1.112995
104.342,0.034920632,-1.074495
104.352,0.024713064,-1.046495
104.361,0.014505494,-1.025495
104.371,0.004297924,-0.993995
104.381,-0.005909646,-0.9589949999999999
104.391,-0.016117215,-0.920495
104.401,-0.026324786000000003,-0.874996
104.411,-0.036532356,-0.8364959999999999
104.421,-0.046739924,-0.804996
104.431,-0.056947496,-0.773496
104.441,-0.067155064,-0.7489959999999999
104.45,-0.077362632,-0.720996
104.46000000000001,-0.08757020800000001,-0.696496
104.47,-0.09777777600000001,-0.668497
104.48,-0.107985,-0.643997
104.49000000000001,-0.11819199999999999,-0.626497
104.5,-0.1284,-0.605497
104.51,-0.13860799999999998,-0.587997
104.52,-0.148815,-0.577497
104.529,-0.159023,-0.563497
104.539,-0.16923,-0.545997
104.549,-0.179438,-0.538997
104.559,-0.18964499999999998,-0.5319969999999999
104.569,-0.199853,-0.5179969999999999
104.57900000000001,-0.18964499999999998,-0.402498
104.589,-0.179438,-0.349998
104.599,-0.16923,-0.314998
104.608,-0.159023,-0.283498
104.61800000000001,-0.148815,-0.25899799999999995
104.628,-0.13860799999999998,-0.244998
104.638,-0.1284,-0.223999
104.648,-0.11819199999999999,-0.206499
104.658,-0.107985,-0.192499
104.668,-0.09777777600000001,-0.181999
104.678,-0.08757020800000001,-0.16799899999999998
104.688,-0.077362632,-0.157499
104.697,-0.067155064,-0.150499
104.70700000000001,-0.056947496,-0.136499
104.717,-0.046739924,-0.13299899999999998
104.727,-0.036532356,-0.125999
104.73700000000001,-0.026324786000000003,-0.11549899999999999
104.747,-0.016117215,-0.108499
104.757,-0.005909646,-0.104999
104.767,0.004297924,-0.101499
104.776,0.014505494,-0.09449958400000001
104.786,0.024713064,-0.09099960000000001
104.796,0.034920632,-0.087499616
104.806,0.045128204000000005,-0.08049964
104.816,0.055335776,-0.07699965600000001
104.82600000000001,0.065543348,-0.073499672
104.836,0.07575092,-0.066499704
104.846,0.08595848,-0.059499736000000004
104.855,0.096166048,-0.048999784000000005
104.86500000000001,0.106373,-0.03849982800000001
104.875,0.11658099999999999,-0.024499892000000002
104.885,0.12678799999999998,-0.013999938000000002
104.895,0.136996,-0.0034999840000000003
104.905,0.147203,0.006999969000000001
104.915,0.157411,0.020999908000000005
104.925,0.167619,0.03149986
104.935,0.17782599999999998,0.03849982800000001
104.944,0.18803399999999998,0.04549980000000001
104.95400000000001,0.198241,0.05249976800000001
104.964,0.208449,0.05599975200000001
104.974,0.218656,0.06299972
104.98400000000001,0.22886399999999998,0.06299972
104.994,0.23907199999999998,0.066499704
105.004,0.249279,0.066499704
105.014,0.25948699999999997,0.069999688
105.023,0.269694,0.073499672
105.033,0.279902,0.073499672
105.043,0.290109,0.07699965600000001
105.053,0.300317,0.07699965600000001
105.063,0.310525,0.08049964
105.07300000000001,0.32073199999999996,0.087499616
105.083,0.33094,0.09449958400000001
105.093,0.341147,0.104999
105.102,0.351355,0.118999
105.11200000000001,0.361562,0.14349900000000002
105.122,0.37177,0.174999
105.132,0.38197699999999996,0.213499
105.142,0.392185,0.26599799999999996
105.152,0.402393,0.332498
105.162,0.41259999999999997,0.40949800000000003
105.172,0.42280799999999996,0.49699699999999997
105.182,0.433015,0.587997
105.191,0.443223,0.6754969999999999
105.20100000000001,0.45343,0.7559959999999999
105.211,0.463638,0.822496
105.221,0.473846,0.8644959999999999
105.23100000000001,0.48405299999999996,0.888996
105.241,0.49426099999999995,0.8924960000000001
105.251,0.504468,0.8854960000000001
105.261,0.514676,0.867996
105.27,0.524883,0.846996
105.28,0.535091,0.825996
105.29,0.545299,0.804996
105.3,0.5555059999999999,0.790996
105.31,0.5657139999999999,0.783996
105.32000000000001,0.575921,0.790996
105.33,0.586129,0.811996
105.34,0.596336,0.8504959999999999
105.349,0.606544,0.9099949999999999
105.35900000000001,0.616752,0.983495
105.369,0.6269589999999999,1.0709950000000001
105.379,0.6371669999999999,1.165494
105.389,0.647374,1.263494
105.399,0.657582,1.361493
105.409,0.667789,1.4559929999999999
105.419,0.677997,1.539993
105.429,0.688205,1.609992
105.438,0.6984119999999999,1.6764919999999999
105.44800000000001,0.7086199999999999,1.746492
105.458,0.718827,1.826991
105.468,0.729035,1.921491
105.47800000000001,0.739242,2.03699
105.488,0.74945,2.1699900000000003
105.498,0.7596579999999999,2.323989
105.508,0.7698649999999999,2.495488
105.517,0.780073,2.694988
105.527,0.79028,2.9189869999999996
105.537,0.800488,3.1639859999999995
105.547,0.8106949999999999,3.433484
105.557,0.8209029999999999,3.723983
105.56700000000001,0.8311109999999999,4.035482
105.577,0.841318,4.3644799999999995
105.587,0.851526,4.703978
105.596,0.861733,5.043476999999999
105.60600000000001,0.871941,5.368975
105.616,0.8821479999999999,5.666474
105.626,0.8923559999999999,5.925472999999999
105.636,0.9025639999999999,6.121472
105.646,0.8923559999999999,4.661979
105.656,0.8821479999999999,3.5699840000000003
105.666,0.871941,2.761487
105.676,0.861733,2.15949
105.685,0.851526,1.704492
105.69500000000001,0.841318,1.357993
105.705,0.8311109999999999,1.088495
105.715,0.8209029999999999,0.878496
105.72500000000001,0.8106949999999999,0.710496
105.735,0.800488,0.577497
105.745,0.79028,0.468997
105.755,0.780073,0.384998
105.764,0.7698649999999999,0.314998
105.774,0.7596579999999999,0.255498
105.784,0.74945,0.209999
105.794,0.739242,0.17149899999999998
105.804,0.729035,0.139999
105.81400000000001,0.718827,0.111999
105.824,0.7086199999999999,0.09449958400000001
105.834,0.6984119999999999,0.073499672
105.843,0.688205,0.05249976800000001
105.85300000000001,0.677997,0.04549980000000001
105.863,0.667789,0.034999844
105.873,0.657582,0.020999908000000005
105.883,0.647374,0.013999938000000002
105.893,0.6371669999999999,0.006999969000000001
105.903,0.6269589999999999,0.0
105.913,0.616752,-0.010499954000000002
105.923,0.606544,-0.010499954000000002
105.932,0.596336,-0.013999938000000002
105.94200000000001,0.586129,-0.024499892000000002
105.952,0.575921,-0.03149986
105.962,0.5657139999999999,-0.04199981600000001
105.97200000000001,0.5555059999999999,-0.048999784000000005
105.982,0.545299,-0.059499736000000004
105.992,0.535091,-0.073499672
106.002,0.524883,-0.087499616
106.011,0.514676,-0.09799956800000001
106.021,0.504468,-0.118999
106.031,0.49426099999999995,-0.139999
106.041,0.48405299999999996,-0.160999
106.051,0.473846,-0.185499
106.061,0.463638,-0.216999
106.071,0.45343,-0.251998
106.081,0.443223,-0.29049800000000003
106.09,0.433015,-0.34299799999999997
106.10000000000001,0.42280799999999996,-0.398998
106.11,0.41259999999999997,-0.465497
106.12,0.402393,-0.549497
106.13,0.392185,-0.650997
106.14,0.38197699999999996,-0.773496
106.15,0.37177,-0.9239949999999999
106.16,0.361562,-1.109495
106.17,0.351355,-1.3299940000000001
106.179,0.341147,-1.606492
106.18900000000001,0.33094,-1.942491
106.199,0.32073199999999996,-2.351989
106.209,0.310525,-2.8384869999999998
106.21900000000001,0.300317,-3.3984840000000003
106.229,0.290109,-3.996982
106.239,0.279902,-4.602479
106.249,0.269694,-5.127477
106.258,0.25948699999999997,-5.480975
106.268,0.249279,-5.561475
106.278,0.23907199999999998,-5.298976
106.288,0.22886399999999998,-4.717979
106.298,0.218656,-3.9374819999999997
106.308,0.208449,-3.118486
106.318,0.198241,-2.425489
106.328,0.18803399999999998,-1.914491
106.337,0.17782599999999998,-1.574992
106.34700000000001,0.167619,-1.3789930000000001
106.357,0.157411,-1.277494
106.367,0.147203,-1.2354939999999999
106.377,0.136996,-1.231994
106.387,0.12678799999999998,-1.2494939999999999
106.397,0.11658099999999999,-1.273994
106.407,0.106373,-1.291494
106.417,0.096166048,-1.294994
106.426,0.08595848,-1.284494
106.436,0.07575092,-1.2494939999999999
106.446,0.065543348,-1.203994
106.456,0.055335776,-1.161994
106.46600000000001,0.045128204000000005,-1.1164949999999998
106.476,0.034920632,-1.077995
106.486,0.024713064,-1.049995
106.49600000000001,0.014505494,-1.025495
106.505,0.004297924,-0.997495
106.515,-0.005909646,-0.9589949999999999
106.525,-0.016117215,-0.920495
106.535,-0.026324786000000003,-0.878496
106.545,-0.036532356,-0.8364959999999999
106.555,-0.046739924,-0.804996
106.565,-0.056947496,-0.776996
106.575,-0.067155064,-0.745496
106.584,-0.077362632,-0.720996
106.59400000000001,-0.08757020800000001,-0.696496
106.604,-0.09777777600000001,-0.671997
106.614,-0.107985,-0.643997
106.624,-0.11819199999999999,-0.626497
106.634,-0.1284,-0.608997
106.644,-0.13860799999999998,-0.587997
106.654,-0.148815,-0.573997
106.664,-0.159023,-0.563497
106.673,-0.16923,-0.549497
106.683,-0.179438,-0.538997
106.693,-0.18964499999999998,-0.5319969999999999
106.703,-0.199853,-0.521497
