candidate_index,already_tested,predicted_mean_Q,predicted_std_Q,acquisition_value,best_observed_Q,encoded_begin_potential,encoded_end_potential,encoded_step_potential,encoded_amplitude,encoded_frequency,encoded_conditioning_potential,encoded_conditioning_time,begin_potential,end_potential,step_potential,amplitude,frequency,conditioning_potential,conditioning_time
0,True,0.3094101693632335,0.0,0.3094101693632335,0.7269884462157972,0.7999999999984001,0.8749999999978125,0.11111111109876541,0.142857142855102,0.0408163265306122,0.42105263157850414,0.009999999999999001,-0.5,0.0,0.002,0.02,60.0,-0.5,0.1
1,False,0.3895995750671383,0.4827100002233002,0.4062749806798295,0.7269884462157972,0.7999999999984001,0.8749999999978125,0.0,0.21428571428265303,0.505102040816326,0.42105263157850414,0.009999999999999001,-0.5,0.0,0.001,0.025,515.0,-0.5,0.1
2,False,0.409070270169966,0.6218647225511468,0.43853107908436806,0.7269884462157972,0.7999999999984001,0.8749999999978125,0.0,0.19999999999714282,0.6499999999999994,0.42105263157850414,0.009999999999999001,-0.5,0.0,0.001,0.024,657.0,-0.5,0.1
3,False,0.3066579410076114,0.5140079039206861,0.3211174268116787,0.7269884462157972,0.7999999999984001,0.8749999999978125,0.5555555554938271,0.6999999999899998,0.04591836734693873,0.42105263157850414,0.009999999999999001,-0.5,0.0,0.006,0.059,65.0,-0.5,0.1
4,False,0.3315368850804862,0.18508749948581626,0.33176914049324235,0.7269884462157972,0.7999999999984001,0.8749999999978125,0.22222222219753082,0.28571428571020396,0.07959183673469379,0.42105263157850414,0.009999999999999001,-0.5,0.0,0.003,0.03,98.0,-0.5,0.1
5,False,0.34415704923809054,0.26500137544685487,0.3461779874731789,0.7269884462157972,0.7999999999984001,0.8749999999978125,0.22222222219753082,0.09999999999857143,0.277551020408163,0.42105263157850414,0.009999999999999001,-0.5,0.0,0.003,0.017,292.0,-0.5,0.1
6,False,0.3484542783166075,0.31741384903991154,0.3526909073963862,0.7269884462157972,0.7999999999984001,0.8749999999978125,0.22222222219753082,0.028571428571020404,0.31530612244897926,0.42105263157850414,0.009999999999999001,-0.5,0.0,0.003,0.012,329.0,-0.5,0.1
7,False,0.33034013404357604,0.4481446804967102,0.34144018685595173,0.7269884462157972,0.7999999999984001,0.8749999999978125,0.5555555554938271,0.08571428571306121,0.046938775510204034,0.42105263157850414,0.009999999999999001,-0.5,0.0,0.006,0.016,66.0,-0.5,0.1
8,False,0.35625977813093607,0.3985889706858391,0.3652949103543457,0.7269884462157972,0.7999999999984001,0.8749999999978125,0.22222222219753082,0.499999999992857,0.17857142857142838,0.42105263157850414,0.009999999999999001,-0.5,0.0,0.003,0.045,195.0,-0.5,0.1
9,False,0.6558314525295132,0.050041631980509954,0.6561076065956584,0.7269884462157972,0.7999999999984001,0.8749999999978125,0.0,0.9285714285581631,0.8785714285714277,0.42105263157850414,0.009999999999999001,-0.5,0.0,0.001,0.075,881.0,-0.5,0.1
10,False,0.3106707443537487,0.6802749527361924,0.3381321604726456,0.7269884462157972,0.7999999999984001,0.8749999999978125,0.7777777776913579,0.3142857142812244,0.05816326530612239,0.42105263157850414,0.009999999999999001,-0.5,0.0,0.008,0.032,77.0,-0.5,0.1
11,False,0.1847293799346802,0.1132091703179651,0.18472938282150603,0.7269884462157972,0.7999999999984001,0.8749999999978125,0.8888888887901233,0.9428571428436734,0.08571428571428562,0.42105263157850414,0.009999999999999001,-0.5,0.0,0.009,0.076,104.0,-0.5,0.1
12,False,0.3579283944228326,0.5305917975631564,0.376422835577903,0.7269884462157972,0.7999999999984001,0.8749999999978125,0.3333333332962963,0.5857142857059182,0.23061224489795895,0.42105263157850414,0.009999999999999001,-0.5,0.0,0.004,0.051,246.0,-0.5,0.1
13,False,0.32063059249253784,0.6703960831620147,0.3479441851912454,0.7269884462157972,0.7999999999984001,0.8749999999978125,0.7777777776913579,0.18571428571163262,0.09693877551020398,0.42105263157850414,0.009999999999999001,-0.5,0.0,0.008,0.023,115.0,-0.5,0.1
14,False,0.375178407159852,0.39434914138687166,0.3847663189792988,0.7269884462157972,0.7999999999984001,0.8749999999978125,0.11111111109876541,0.3999999999942856,0.33979591836734657,0.42105263157850414,0.009999999999999001,-0.5,0.0,0.002,0.038,353.0,-0.5,0.1
15,False,0.27075949627571266,0.4155514871091188,0.27758424345031907,0.7269884462157972,0.7999999999984001,0.8749999999978125,0.8888888887901233,0.5571428571348979,0.05102040816326525,0.42105263157850414,0.009999999999999001,-0.5,0.0,0.009,0.049,70.0,-0.5,0.1
16,False,0.3048278212310703,0.49355766534954437,0.31778388260077184,0.7269884462157972,0.7999999999984001,0.8749999999978125,0.5555555554938271,0.7428571428465305,0.057142857142857086,0.42105263157850414,0.009999999999999001,-0.5,0.0,0.006,0.062,76.0,-0.5,0.1
17,False,0.3780774395945929,0.8152575909426123,0.4222784082851575,0.7269884462157972,0.7999999999984001,0.8749999999978125,0.11111111109876541,0.9571428571291836,0.0806122448979591,0.42105263157850414,0.009999999999999001,-0.5,0.0,0.002,0.077,99.0,-0.5,0.1
18,False,0.23988610458788684,0.30618366734396374,0.2415687511751334,0.7269884462157972,0.7999999999984001,0.8749999999978125,0.9999999998888889,0.6571428571334693,0.008163265306122441,0.42105263157850414,0.009999999999999001,-0.5,0.0,0.01,0.056,28.0,-0.5,0.1
19,False,0.3812916446375562,0.4746433808876957,0.3968722172432059,0.7269884462157972,0.7999999999984001,0.8749999999978125,0.11111111109876541,0.5571428571348979,0.27244897959183645,0.42105263157850414,0.009999999999999001,-0.5,0.0,0.002,0.049,287.0,-0.5,0.1
20,False,0.2041923549229899,0.16096850680720023,0.2041972865244374,0.7269884462157972,0.7999999999984001,0.8749999999978125,0.8888888887901233,0.8428571428451019,0.09183673469387746,0.42105263157850414,0.009999999999999001,-0.5,0.0,0.009,0.069,110.0,-0.5,0.1
21,False,0.32849279270474824,0.35925919760106045,0.33421764048867036,0.7269884462157972,0.7999999999984001,0.8749999999978125,0.44444444439506164,0.2714285714246939,0.003061224489795915,0.42105263157850414,0.009999999999999001,-0.5,0.0,0.005,0.029,23.0,-0.5,0.1
22,False,0.4207175344165699,0.8521366132879349,0.4719594041075012,0.7269884462157972,0.7999999999984001,0.8749999999978125,0.0,0.07142857142755099,0.8826530612244888,0.42105263157850414,0.009999999999999001,-0.5,0.0,0.001,0.015,885.0,-0.5,0.1
23,False,0.332567815578636,0.45282863345383484,0.34408186145247144,0.7269884462157972,0.7999999999984001,0.8749999999978125,0.5555555554938271,0.142857142855102,0.12755102040816313,0.42105263157850414,0.009999999999999001,-0.5,0.0,0.006,0.02,145.0,-0.5,0.1
24,False,0.4199209903942343,0.6266502578032295,0.4506206267896789,0.7269884462157972,0.7999999999984001,0.8749999999978125,0.0,0.7428571428465305,0.33265306122448945,0.42105263157850414,0.009999999999999001,-0.5,0.0,0.001,0.062,346.0,-0.5,0.1
25,False,0.363881383001098,0.7029608384457051,0.3970031623617611,0.7269884462157972,0.7999999999984001,0.8749999999978125,0.3333333332962963,0.7999999999885713,0.22755102040816302,0.42105263157850414,0.009999999999999001,-0.5,0.0,0.004,0.066,243.0,-0.5,0.1
26,False,0.36166415349947,0.3137100315298801,0.36609666975761,0.7269884462157972,0.7999999999984001,0.8749999999978125,0.0,0.19999999999714282,0.32857142857142824,0.42105263157850414,0.009999999999999001,-0.5,0.0,0.001,0.024,342.0,-0.5,0.1
27,False,0.3024652352170052,0.4470385243422437,0.312283643110986,0.7269884462157972,0.7999999999984001,0.8749999999978125,0.5555555554938271,0.9428571428436734,0.11530612244897948,0.42105263157850414,0.009999999999999001,-0.5,0.0,0.006,0.076,133.0,-0.5,0.1
28,False,0.35004108150066043,0.5834208013404711,0.3722091777743058,0.7269884462157972,0.7999999999984001,0.8749999999978125,0.22222222219753082,0.71428571427551,0.0020408163265306103,0.42105263157850414,0.009999999999999001,-0.5,0.0,0.003,0.06,22.0,-0.5,0.1
29,False,0.40140691815771823,0.5903147213251456,0.427599778313328,0.7269884462157972,0.7999999999984001,0.8749999999978125,0.11111111109876541,0.6571428571334693,0.3306122448979588,0.42105263157850414,0.009999999999999001,-0.5,0.0,0.002,0.056,344.0,-0.5,0.1
30,False,0.33449941561932006,0.378586708375726,0.341481575010002,0.7269884462157972,0.7999999999984001,0.8749999999978125,0.44444444439506164,0.2999999999957142,0.12755102040816313,0.42105263157850414,0.009999999999999001,-0.5,0.0,0.005,0.031,145.0,-0.5,0.1
31,False,0.34084855080858856,0.25895215057103477,0.34262067940167995,0.7269884462157972,0.7999999999984001,0.8749999999978125,0.22222222219753082,0.028571428571020404,0.24489795918367321,0.42105263157850414,0.009999999999999001,-0.5,0.0,0.003,0.012,260.0,-0.5,0.1
32,False,0.3249165570947868,0.5671971181387072,0.34428279189279765,0.7269884462157972,0.7999999999984001,0.8749999999978125,0.44444444439506164,0.8428571428451019,0.07244897959183666,0.42105263157850414,0.009999999999999001,-0.5,0.0,0.005,0.069,91.0,-0.5,0.1
33,False,0.43816877253551756,0.7043958186799202,0.4772980297061563,0.7269884462157972,0.7999999999984001,0.8749999999978125,0.0,0.24285714285367344,0.8479591836734685,0.42105263157850414,0.009999999999999001,-0.5,0.0,0.001,0.027,851.0,-0.5,0.1
34,False,0.34500429576218516,0.27824940294295514,0.3475062548133768,0.7269884462157972,0.7999999999984001,0.8749999999978125,0.22222222219753082,0.07142857142755099,0.2857142857142854,0.42105263157850414,0.009999999999999001,-0.5,0.0,0.003,0.015,300.0,-0.5,0.1
35,False,0.42124335265045765,0.5937072745924591,0.4491707976292505,0.7269884462157972,0.7999999999984001,0.8749999999978125,0.0,0.3999999999942856,0.5642857142857137,0.42105263157850414,0.009999999999999001,-0.5,0.0,0.001,0.038,573.0,-0.5,0.1
36,False,0.3783261178437951,0.5209139100270652,0.39729734479452217,0.7269884462157972,0.7999999999984001,0.8749999999978125,0.0,0.642857142847959,0.13571428571428557,0.42105263157850414,0.009999999999999001,-0.5,0.0,0.001,0.055,153.0,-0.5,0.1
37,False,0.32282754717808615,0.126768169527793,0.322832115753643,0.7269884462157972,0.7999999999984001,0.8749999999978125,0.22222222219753082,0.08571428571306121,0.019387755102040796,0.42105263157850414,0.009999999999999001,-0.5,0.0,0.003,0.016,39.0,-0.5,0.1
38,False,0.33205159678173585,0.14105566070796172,0.3320727145630319,0.7269884462157972,0.7999999999984001,0.8749999999978125,0.0,0.15714285714061224,0.12653061224489784,0.42105263157850414,0.009999999999999001,-0.5,0.0,0.001,0.021,144.0,-0.5,0.1
39,False,0.30937652197192483,0.4954443038709001,0.32268025190651195,0.7269884462157972,0.7999999999984001,0.8749999999978125,0.5555555554938271,0.7428571428465305,0.11428571428571417,0.42105263157850414,0.009999999999999001,-0.5,0.0,0.006,0.062,132.0,-0.5,0.1
40,False,0.4273280849790936,0.6687035998842394,0.4623398277667112,0.7269884462157972,0.7999999999984001,0.8749999999978125,0.0,0.3142857142812244,0.6775510204081625,0.42105263157850414,0.009999999999999001,-0.5,0.0,0.001,0.032,684.0,-0.5,0.1
41,False,0.4439674737926528,0.5061818905591727,0.46605449972399654,0.7269884462157972,0.7999999999984001,0.8749999999978125,0.11111111109876541,0.71428571427551,0.4887755102040811,0.42105263157850414,0.009999999999999001,-0.5,0.0,0.002,0.06,499.0,-0.5,0.1
42,False,0.32744397580187207,0.5778292697259019,0.3477793510917114,0.7269884462157972,0.7999999999984001,0.8749999999978125,0.44444444439506164,0.7999999999885713,0.09285714285714276,0.42105263157850414,0.009999999999999001,-0.5,0.0,0.005,0.066,111.0,-0.5,0.1
43,False,0.3875127545648429,0.6143507916175542,0.41475573238030455,0.7269884462157972,0.7999999999984001,0.8749999999978125,0.22222222219753082,0.6857142857044897,0.3061224489795915,0.42105263157850414,0.009999999999999001,-0.5,0.0,0.003,0.058,320.0,-0.5,0.1
44,False,0.3238976273856282,0.08949974347214723,0.32389763615443223,0.7269884462157972,0.7999999999984001,0.8749999999978125,0.11111111109876541,0.18571428571163262,0.1193877551020407,0.42105263157850414,0.009999999999999001,-0.5,0.0,0.002,0.023,137.0,-0.5,0.1
45,False,0.34080478135963854,0.19528223682633886,0.341188413395152,0.7269884462157972,0.7999999999984001,0.8749999999978125,0.11111111109876541,0.19999999999714282,0.22755102040816302,0.42105263157850414,0.009999999999999001,-0.5,0.0,0.002,0.024,243.0,-0.5,0.1
46,False,0.47312344929303246,0.4489795918367342,0.4924375979114014,0.7269884462157972,0.7999999999984001,0.8749999999978125,0.0,0.9428571428436734,0.4775510204081628,0.42105263157850414,0.009999999999999001,-0.5,0.0,0.001,0.076,488.0,-0.5,0.1
47,False,0.30396993063805633,0.599847405691929,0.3246135755612889,0.7269884462157972,0.7999999999984001,0.8749999999978125,0.7777777776913579,0.3999999999942856,0.07448979591836727,0.42105263157850414,0.009999999999999001,-0.5,0.0,0.008,0.038,93.0,-0.5,0.1
48,False,0.31670214632355237,0.04494431743962873,0.31670214632355237,0.7269884462157972,0.7999999999984001,0.8749999999978125,0.11111111109876541,0.1714285714261224,0.07551020408163257,0.42105263157850414,0.009999999999999001,-0.5,0.0,0.002,0.022,94.0,-0.5,0.1
49,False,0.435829831247996,0.5887074201012097,0.46441946925790606,0.7269884462157972,0.7999999999984001,0.8749999999978125,0.0,0.45714285713632646,0.5938775510204075,0.42105263157850414,0.009999999999999001,-0.5,0.0,0.001,0.042,602.0,-0.5,0.1
50,False,0.33094929465960554,0.3381973661068268,0.33568690286239766,0.7269884462157972,0.7999999999984001,0.8749999999978125,0.44444444439506164,0.08571428571306121,0.039795918367346896,0.42105263157850414,0.009999999999999001,-0.5,0.0,0.005,0.016,59.0,-0.5,0.1
51,False,0.31994521279026344,0.570239974674961,0.3392545155131605,0.7269884462157972,0.7999999999984001,0.8749999999978125,0.6666666665925925,0.2714285714246939,0.039795918367346896,0.42105263157850414,0.009999999999999001,-0.5,0.0,0.007,0.029,59.0,-0.5,0.1
52,False,0.3086993551843989,0.5777674209513054,0.3279323551028982,0.7269884462157972,0.7999999999984001,0.8749999999978125,0.6666666665925925,0.4857142857073468,0.09081632653061215,0.42105263157850414,0.009999999999999001,-0.5,0.0,0.007,0.044,109.0,-0.5,0.1
53,False,0.233835163319087,0.24054845115759366,0.23423316614404016,0.7269884462157972,0.7999999999984001,0.8749999999978125,0.7777777776913579,0.8714285714161222,0.03571428571428568,0.42105263157850414,0.009999999999999001,-0.5,0.0,0.008,0.071,55.0,-0.5,0.1
54,False,0.416770232261938,0.648581574777946,0.4491572949531235,0.7269884462157972,0.7999999999984001,0.8749999999978125,0.0,0.7999999999885713,0.29387755102040786,0.42105263157850414,0.009999999999999001,-0.5,0.0,0.001,0.066,308.0,-0.5,0.1
55,False,0.3712987525010792,0.7824146963736316,0.41199359605736463,0.7269884462157972,0.7999999999984001,0.8749999999978125,0.22222222219753082,0.9142857142726529,0.1428571428571427,0.42105263157850414,0.009999999999999001,-0.5,0.0,0.003,0.074,160.0,-0.5,0.1
56,False,0.6029386796774571,0.1451169658482756,0.6064264464581433,0.7269884462157972,0.7999999999984001,0.8749999999978125,0.0,0.7999999999885713,0.9010204081632643,0.42105263157850414,0.009999999999999001,-0.5,0.0,0.001,0.066,903.0,-0.5,0.1
57,False,0.28026125333824176,0.39679462138480404,0.2864089268459575,0.7269884462157972,0.7999999999984001,0.8749999999978125,0.6666666665925925,0.7428571428465305,0.04897959183673464,0.42105263157850414,0.009999999999999001,-0.5,0.0,0.007,0.062,68.0,-0.5,0.1
58,False,0.3080738199021284,0.5001922182913181,0.32164117564169986,0.7269884462157972,0.7999999999984001,0.8749999999978125,0.5555555554938271,0.7285714285610202,0.08979591836734685,0.42105263157850414,0.009999999999999001,-0.5,0.0,0.006,0.061,108.0,-0.5,0.1
59,False,0.3552678323522704,0.6538540790404631,0.3835730514985812,0.7269884462157972,0.7999999999984001,0.8749999999978125,0.3333333332962963,0.7428571428465305,0.17551020408163248,0.42105263157850414,0.009999999999999001,-0.5,0.0,0.004,0.062,192.0,-0.5,0.1
60,False,0.38653296021583117,0.7936603174014425,0.4294762475644722,0.7269884462157972,0.7999999999984001,0.8749999999978125,0.11111111109876541,0.9571428571291836,0.1408163265306121,0.42105263157850414,0.009999999999999001,-0.5,0.0,0.002,0.077,158.0,-0.5,0.1
61,False,0.3387928000934722,0.6806995633428445,0.36820407677654376,0.7269884462157972,0.7999999999984001,0.8749999999978125,0.3333333332962963,0.7857142857030611,0.014285714285714271,0.42105263157850414,0.009999999999999001,-0.5,0.0,0.004,0.065,34.0,-0.5,0.1
62,False,0.49780883241405977,0.3697483863670865,0.5122457225407836,0.7269884462157972,0.7999999999984001,0.8749999999978125,0.0,0.8857142857016324,0.5612244897959178,0.42105263157850414,0.009999999999999001,-0.5,0.0,0.001,0.072,570.0,-0.5,0.1
63,False,0.31197910339674334,0.7511457235911155,0.34545093914492636,0.7269884462157972,0.7999999999984001,0.8749999999978125,0.8888888887901233,0.21428571428265303,0.06326530612244892,0.42105263157850414,0.009999999999999001,-0.5,0.0,0.009,0.025,82.0,-0.5,0.1
64,False,0.34114814897495027,0.41241176719715483,0.3504159167001169,0.7269884462157972,0.7999999999984001,0.8749999999978125,0.3333333332962963,0.4857142857073468,0.09693877551020398,0.42105263157850414,0.009999999999999001,-0.5,0.0,0.004,0.044,115.0,-0.5,0.1
65,False,0.3347612889476496,0.6014427615993968,0.3574039789481914,0.7269884462157972,0.7999999999984001,0.8749999999978125,0.44444444439506164,0.7428571428465305,0.15408163265306107,0.42105263157850414,0.009999999999999001,-0.5,0.0,0.005,0.062,171.0,-0.5,0.1
66,False,0.3209693061923856,0.5567687248529072,0.3393151172574934,0.7269884462157972,0.7999999999984001,0.8749999999978125,0.44444444439506164,0.9571428571291836,0.032653061224489764,0.42105263157850414,0.009999999999999001,-0.5,0.0,0.005,0.077,52.0,-0.5,0.1
67,False,0.33378371476280777,0.3458492964082174,0.3389842641768187,0.7269884462157972,0.7999999999984001,0.8749999999978125,0.44444444439506164,0.18571428571163262,0.12244897959183661,0.42105263157850414,0.009999999999999001,-0.5,0.0,0.005,0.023,140.0,-0.5,0.1
68,False,0.2944991076950716,0.4908790225601053,0.306791896782074,0.7269884462157972,0.7999999999984001,0.8749999999978125,0.6666666665925925,0.5999999999914284,0.021428571428571404,0.42105263157850414,0.009999999999999001,-0.5,0.0,0.007,0.052,41.0,-0.5,0.1
69,False,0.3940457575046753,0.730330573701666,0.431904009401525,0.7269884462157972,0.7999999999984001,0.8749999999978125,0.0,0.8571428571306121,0.14489795918367332,0.42105263157850414,0.009999999999999001,-0.5,0.0,0.001,0.07,162.0,-0.5,0.1
70,False,0.3375572382892035,0.17586876046524524,0.33773234096932053,0.7269884462157972,0.7999999999984001,0.8749999999978125,0.11111111109876541,0.25714285713918367,0.17448979591836716,0.42105263157850414,0.009999999999999001,-0.5,0.0,0.002,0.028,191.0,-0.5,0.1
71,False,0.32838780840776854,0.5677622479892126,0.34800121498980474,0.7269884462157972,0.7999999999984001,0.8749999999978125,0.6666666665925925,0.028571428571020404,0.015306122448979576,0.42105263157850414,0.009999999999999001,-0.5,0.0,0.007,0.012,35.0,-0.5,0.1
72,False,0.2964025699080981,0.44546472270245097,0.30587623140750697,0.7269884462157972,0.7999999999984001,0.8749999999978125,0.5555555554938271,0.9428571428436734,0.04285714285714281,0.42105263157850414,0.009999999999999001,-0.5,0.0,0.006,0.076,62.0,-0.5,0.1
73,False,0.3233888242551032,0.5556155272672939,0.3417853927667778,0.7269884462157972,0.7999999999984001,0.8749999999978125,0.44444444439506164,0.9571428571291836,0.061224489795918303,0.42105263157850414,0.009999999999999001,-0.5,0.0,0.005,0.077,80.0,-0.5,0.1
74,False,0.3244644564788099,0.5572211137950486,0.34304415407636013,0.7269884462157972,0.7999999999984001,0.8749999999978125,0.44444444439506164,0.9142857142726529,0.07346938775510196,0.42105263157850414,0.009999999999999001,-0.5,0.0,0.005,0.074,92.0,-0.5,0.1
75,False,0.3604736029847627,0.47206424145126363,0.37472028236750476,0.7269884462157972,0.7999999999984001,0.8749999999978125,0.11111111109876541,0.6142857142769386,0.06530612244897953,0.42105263157850414,0.009999999999999001,-0.5,0.0,0.002,0.053,84.0,-0.5,0.1
76,False,0.331621144850189,0.5687474556850816,0.35150210482163846,0.7269884462157972,0.7999999999984001,0.8749999999978125,0.44444444439506164,0.5999999999914284,0.09897959183673459,0.42105263157850414,0.009999999999999001,-0.5,0.0,0.005,0.052,117.0,-0.5,0.1
77,False,0.33284218339489596,0.433254432709569,0.3430813983900249,0.7269884462157972,0.7999999999984001,0.8749999999978125,0.44444444439506164,0.4142857142797958,0.09489795918367337,0.42105263157850414,0.009999999999999001,-0.5,0.0,0.005,0.039,113.0,-0.5,0.1
78,False,0.37553641754159245,0.7861620775285213,0.4169075102134754,0.7269884462157972,0.7999999999984001,0.8749999999978125,0.11111111109876541,0.9285714285581631,0.06734693877551014,0.42105263157850414,0.009999999999999001,-0.5,0.0,0.002,0.075,86.0,-0.5,0.1
79,False,0.32486287532454694,0.6703960831620147,0.3524603685129639,0.7269884462157972,0.7999999999984001,0.8749999999978125,0.7777777776913579,0.09999999999857143,0.09693877551020398,0.42105263157850414,0.009999999999999001,-0.5,0.0,0.008,0.017,115.0,-0.5,0.1
80,False,0.6261225377093455,0.09798575319945722,0.6277015635634294,0.7269884462157972,0.7999999999984001,0.8749999999978125,0.0,0.9285714285581631,0.8295918367346931,0.42105263157850414,0.009999999999999001,-0.5,0.0,0.001,0.075,833.0,-0.5,0.1
81,False,0.33167521079040035,0.30097571526086797,0.33477478460531324,0.7269884462157972,0.7999999999984001,0.8749999999978125,0.3333333332962963,0.34285714285224483,0.00612244897959183,0.42105263157850414,0.009999999999999001,-0.5,0.0,0.004,0.034,26.0,-0.5,0.1
82,False,0.3582922524550073,0.48582145961470663,0.37342707336675657,0.7269884462157972,0.7999999999984001,0.8749999999978125,0.11111111109876541,0.6285714285624489,0.030612244897959152,0.42105263157850414,0.009999999999999001,-0.5,0.0,0.002,0.054,50.0,-0.5,0.1
83,False,0.283939468723176,0.44541273401493914,0.29291796621088195,0.7269884462157972,0.7999999999984001,0.8749999999978125,0.7777777776913579,0.571428571420408,0.08469387755102031,0.42105263157850414,0.009999999999999001,-0.5,0.0,0.008,0.05,103.0,-0.5,0.1
84,False,0.40051799960663814,0.5873136363968793,0.42639338700689744,0.7269884462157972,0.7999999999984001,0.8749999999978125,0.0,0.15714285714061224,0.6173469387755096,0.42105263157850414,0.009999999999999001,-0.5,0.0,0.001,0.021,625.0,-0.5,0.1
85,False,0.3419853648921577,0.24137946548234146,0.343271754100825,0.7269884462157972,0.7999999999984001,0.8749999999978125,0.22222222219753082,0.142857142855102,0.25510204081632626,0.42105263157850414,0.009999999999999001,-0.5,0.0,0.003,0.02,270.0,-0.5,0.1
86,False,0.37012769002892304,0.7142864431381121,0.4047047885706536,0.7269884462157972,0.7999999999984001,0.8749999999978125,0.11111111109876541,0.8571428571306121,0.041836734693877504,0.42105263157850414,0.009999999999999001,-0.5,0.0,0.002,0.07,61.0,-0.5,0.1
87,False,0.6428654614246073,0.07034898429837774,0.6436037094985149,0.7269884462157972,0.7999999999984001,0.8749999999978125,0.0,0.9142857142726529,0.8622448979591828,0.42105263157850414,0.009999999999999001,-0.5,0.0,0.001,0.074,865.0,-0.5,0.1
88,False,0.3299700414209054,0.3351774615705418,0.33453453301339237,0.7269884462157972,0.7999999999984001,0.8749999999978125,0.44444444439506164,0.11428571428408159,0.0204081632653061,0.42105263157850414,0.009999999999999001,-0.5,0.0,0.005,0.018,40.0,-0.5,0.1
89,False,0.23177976679441187,0.2270612476091049,0.2320380748502452,0.7269884462157972,0.7999999999984001,0.8749999999978125,0.7777777776913579,0.9142857142726529,0.08775510204081624,0.42105263157850414,0.009999999999999001,-0.5,0.0,0.008,0.074,106.0,-0.5,0.1
90,False,0.34077272714613255,0.31645185220338706,0.3447576427699028,0.7269884462157972,0.7999999999984001,0.8749999999978125,0.3333333332962963,0.32857142856673466,0.16836734693877534,0.42105263157850414,0.009999999999999001,-0.5,0.0,0.004,0.033,185.0,-0.5,0.1
91,False,0.37400201569583513,0.39846252835498985,0.38380702300931285,0.7269884462157972,0.7999999999984001,0.8749999999978125,0.11111111109876541,0.44285714285081623,0.3030612244897956,0.42105263157850414,0.009999999999999001,-0.5,0.0,0.002,0.041,317.0,-0.5,0.1
92,False,0.3375711538133866,0.3852593695700349,0.3450496571580995,0.7269884462157972,0.7999999999984001,0.8749999999978125,0.3333333332962963,0.45714285713632646,0.057142857142857086,0.42105263157850414,0.009999999999999001,-0.5,0.0,0.004,0.042,76.0,-0.5,0.1
93,False,0.32407034675469004,0.10593094966651373,0.3240706427432581,0.7269884462157972,0.7999999999984001,0.8749999999978125,0.11111111109876541,0.05714285714204081,0.10306122448979581,0.42105263157850414,0.009999999999999001,-0.5,0.0,0.002,0.014,121.0,-0.5,0.1
94,False,0.3634791127604516,0.3327610316805255,0.36893868813766234,0.7269884462157972,0.7999999999984001,0.8749999999978125,0.11111111109876541,0.3714285714232652,0.2826530612244895,0.42105263157850414,0.009999999999999001,-0.5,0.0,0.002,0.036,297.0,-0.5,0.1
95,False,0.2719174016366725,0.38492544386549105,0.27722592488117975,0.7269884462157972,0.7999999999984001,0.8749999999978125,0.7777777776913579,0.642857142847959,0.06632653061224483,0.42105263157850414,0.009999999999999001,-0.5,0.0,0.008,0.055,85.0,-0.5,0.1
96,False,0.3940735945131799,0.5816935163217765,0.419023546613414,0.7269884462157972,0.7999999999984001,0.8749999999978125,0.11111111109876541,0.6714285714189795,0.2836734693877548,0.42105263157850414,0.009999999999999001,-0.5,0.0,0.002,0.057,298.0,-0.5,0.1
97,False,0.3430412406757765,0.33888638535091004,0.3481719065171312,0.7269884462157972,0.7999999999984001,0.8749999999978125,0.3333333332962963,0.35714285713775507,0.180612244897959,0.42105263157850414,0.009999999999999001,-0.5,0.0,0.004,0.035,197.0,-0.5,0.1
98,False,0.3236088319200247,0.11702613701169313,0.3236103354454363,0.7269884462157972,0.7999999999984001,0.8749999999978125,0.22222222219753082,0.142857142855102,0.07755102040816318,0.42105263157850414,0.009999999999999001,-0.5,0.0,0.003,0.02,96.0,-0.5,0.1
99,False,0.19273224438189118,0.13582468319666646,0.19273247953830488,0.7269884462157972,0.7999999999984001,0.8749999999978125,0.8888888887901233,0.8857142857016324,0.03775510204081629,0.42105263157850414,0.009999999999999001,-0.5,0.0,0.009,0.072,57.0,-0.5,0.1
100,False,0.3501807830431458,0.6727169269454142,0.37971904837320475,0.7269884462157972,0.7999999999984001,0.8749999999978125,0.3333333332962963,0.7714285714175508,0.13061224489795906,0.42105263157850414,0.009999999999999001,-0.5,0.0,0.004,0.064,148.0,-0.5,0.1
101,False,0.3649128508524393,0.40227097695302655,0.37455963245375606,0.7269884462157972,0.7999999999984001,0.8749999999978125,0.22222222219753082,0.44285714285081623,0.2846938775510201,0.42105263157850414,0.009999999999999001,-0.5,0.0,0.003,0.041,299.0,-0.5,0.1
102,False,0.3714971364330199,0.7725755363025016,0.4113291992565134,0.7269884462157972,0.7999999999984001,0.8749999999978125,0.22222222219753082,0.8999999999871428,0.14693877551020393,0.42105263157850414,0.009999999999999001,-0.5,0.0,0.003,0.073,164.0,-0.5,0.1
103,False,0.3292718400571458,0.38899253555554236,0.33665826915418817,0.7269884462157972,0.7999999999984001,0.8749999999978125,0.44444444439506164,0.34285714285224483,0.02653061224489793,0.42105263157850414,0.009999999999999001,-0.5,0.0,0.005,0.034,46.0,-0.5,0.1
104,False,0.3774356218643978,0.4217604935364167,0.38897894302420716,0.7269884462157972,0.7999999999984001,0.8749999999978125,0.0,0.499999999992857,0.23571428571428546,0.42105263157850414,0.009999999999999001,-0.5,0.0,0.001,0.045,251.0,-0.5,0.1
105,False,0.29027903977798175,0.5871347349556554,0.30917454378690906,0.7269884462157972,0.7999999999984001,0.8749999999978125,0.9999999998888889,0.3714285714232652,0.028571428571428543,0.42105263157850414,0.009999999999999001,-0.5,0.0,0.01,0.036,48.0,-0.5,0.1
106,False,0.30807508105683906,0.6162252510717608,0.3302347883832561,0.7269884462157972,0.7999999999984001,0.8749999999978125,0.6666666665925925,0.44285714285081623,0.005102040816326525,0.42105263157850414,0.009999999999999001,-0.5,0.0,0.007,0.041,25.0,-0.5,0.1
107,False,0.3581117976615588,0.2968405756681779,0.3616638135408066,0.7269884462157972,0.7999999999984001,0.8749999999978125,0.11111111109876541,0.28571428571020396,0.301020408163265,0.42105263157850414,0.009999999999999001,-0.5,0.0,0.002,0.03,315.0,-0.5,0.1
108,False,0.4615344238462072,0.5449629251116873,0.4882537978037379,0.7269884462157972,0.7999999999984001,0.8749999999978125,0.0,0.4142857142797958,0.7938775510204074,0.42105263157850414,0.009999999999999001,-0.5,0.0,0.001,0.039,798.0,-0.5,0.1
109,False,0.49460182141751663,0.41572710949184033,0.5126206209335527,0.7269884462157972,0.7999999999984001,0.8749999999978125,0.0,0.5428571428493877,0.8132653061224482,0.42105263157850414,0.009999999999999001,-0.5,0.0,0.001,0.048,817.0,-0.5,0.1
110,False,0.44257640650340446,0.5109808272227738,0.4649705406428528,0.7269884462157972,0.7999999999984001,0.8749999999978125,0.11111111109876541,0.7714285714175508,0.45816326530612195,0.42105263157850414,0.009999999999999001,-0.5,0.0,0.002,0.064,469.0,-0.5,0.1
111,False,0.33813154102554166,0.29051391452117725,0.3409574644712141,0.7269884462157972,0.7999999999984001,0.8749999999978125,0.3333333332962963,0.04285714285653059,0.1989795918367345,0.42105263157850414,0.009999999999999001,-0.5,0.0,0.004,0.013,215.0,-0.5,0.1
112,False,0.4846525606022872,0.4114725539335038,0.5016327807180833,0.7269884462157972,0.7999999999984001,0.8749999999978125,0.0,0.9285714285581631,0.5153061224489791,0.42105263157850414,0.009999999999999001,-0.5,0.0,0.001,0.075,525.0,-0.5,0.1
113,False,0.39680455876136284,0.5786856957967108,0.42169207698214217,0.7269884462157972,0.7999999999984001,0.8749999999978125,0.11111111109876541,0.6571428571334693,0.3061224489795915,0.42105263157850414,0.009999999999999001,-0.5,0.0,0.002,0.056,320.0,-0.5,0.1
114,False,0.13605426097150533,0.015542394093412203,0.13605426097150533,0.7269884462157972,0.7999999999984001,0.8749999999978125,0.9999999998888889,0.9428571428436734,0.07551020408163257,0.42105263157850414,0.009999999999999001,-0.5,0.0,0.01,0.076,94.0,-0.5,0.1
115,False,0.30102608957932925,0.4776214865291987,0.3127398600768609,0.7269884462157972,0.7999999999984001,0.8749999999978125,0.5555555554938271,0.7857142857030611,0.03469387755102037,0.42105263157850414,0.009999999999999001,-0.5,0.0,0.006,0.065,54.0,-0.5,0.1
116,False,0.4196776865736933,0.5962902373749607,0.44771235828707,0.7269884462157972,0.7999999999984001,0.8749999999978125,0.11111111109876541,0.7714285714175508,0.3663265306122445,0.42105263157850414,0.009999999999999001,-0.5,0.0,0.002,0.064,379.0,-0.5,0.1
117,False,0.4487053836140791,0.4948062087479864,0.47016640054190617,0.7269884462157972,0.7999999999984001,0.8749999999978125,0.11111111109876541,0.8571428571306121,0.45204081632653015,0.42105263157850414,0.009999999999999001,-0.5,0.0,0.002,0.07,463.0,-0.5,0.1
118,False,0.28999300511647214,0.5264720641724326,0.30449227729699596,0.7269884462157972,0.7999999999984001,0.8749999999978125,0.8888888887901233,0.44285714285081623,0.08775510204081624,0.42105263157850414,0.009999999999999001,-0.5,0.0,0.009,0.041,106.0,-0.5,0.1
119,False,0.36573863074788765,0.6430158534152127,0.3938654951980282,0.7269884462157972,0.7999999999984001,0.8749999999978125,0.11111111109876541,0.7857142857030611,0.02653061224489793,0.42105263157850414,0.009999999999999001,-0.5,0.0,0.002,0.065,46.0,-0.5,0.1
120,False,0.3144932577156627,0.5615589373879402,0.33283273811519576,0.7269884462157972,0.7999999999984001,0.8749999999978125,0.5555555554938271,0.6142857142769386,0.08571428571428562,0.42105263157850414,0.009999999999999001,-0.5,0.0,0.006,0.053,104.0,-0.5,0.1
121,False,0.3538236979010973,0.28307821852077,0.3566957409893636,0.7269884462157972,0.7999999999984001,0.8749999999978125,0.11111111109876541,0.1714285714261224,0.3224489795918364,0.42105263157850414,0.009999999999999001,-0.5,0.0,0.002,0.022,336.0,-0.5,0.1
122,False,0.37366336144838924,0.7825058504559451,0.41455592169617095,0.7269884462157972,0.7999999999984001,0.8749999999978125,0.22222222219753082,0.9428571428436734,0.15408163265306107,0.42105263157850414,0.009999999999999001,-0.5,0.0,0.003,0.076,171.0,-0.5,0.1
123,False,0.3946921240720092,0.619331260343004,0.42287555566364093,0.7269884462157972,0.7999999999984001,0.8749999999978125,0.0,0.04285714285653059,0.6418367346938769,0.42105263157850414,0.009999999999999001,-0.5,0.0,0.001,0.013,649.0,-0.5,0.1
124,False,0.3297707157510209,0.234223487085489,0.3307448909068288,0.7269884462157972,0.7999999999984001,0.8749999999978125,0.3333333332962963,0.07142857142755099,0.060204081632653,0.42105263157850414,0.009999999999999001,-0.5,0.0,0.004,0.015,79.0,-0.5,0.1
125,False,0.34565546986619555,0.2759950196192209,0.34808743367259165,0.7269884462157972,0.7999999999984001,0.8749999999978125,0.22222222219753082,0.09999999999857143,0.28979591836734664,0.42105263157850414,0.009999999999999001,-0.5,0.0,0.003,0.017,304.0,-0.5,0.1
126,False,0.34976565615793076,0.43016805375719513,0.36056293125546973,0.7269884462157972,0.7999999999984001,0.8749999999978125,0.22222222219753082,0.5571428571348979,0.07346938775510196,0.42105263157850414,0.009999999999999001,-0.5,0.0,0.003,0.049,92.0,-0.5,0.1
127,False,0.35932439413138084,0.31227289143693965,0.3636204026605113,0.7269884462157972,0.7999999999984001,0.8749999999978125,0.0,0.142857142855102,0.33265306122448945,0.42105263157850414,0.009999999999999001,-0.5,0.0,0.001,0.02,346.0,-0.5,0.1
128,False,0.2633249273659539,0.3534019243268725,0.267014789788573,0.7269884462157972,0.7999999999984001,0.8749999999978125,0.7777777776913579,0.6857142857044897,0.02653061224489793,0.42105263157850414,0.009999999999999001,-0.5,0.0,0.008,0.058,46.0,-0.5,0.1
129,False,0.34998531115583864,0.30126244161039817,0.35352805829692047,0.7269884462157972,0.7999999999984001,0.8749999999978125,0.11111111109876541,0.01428571428551019,0.31326530612244863,0.42105263157850414,0.009999999999999001,-0.5,0.0,0.002,0.011,327.0,-0.5,0.1
130,False,0.4211626970858618,0.5874191129009863,0.44854055885771704,0.7269884462157972,0.7999999999984001,0.8749999999978125,0.11111111109876541,0.6857142857044897,0.41020408163265265,0.42105263157850414,0.009999999999999001,-0.5,0.0,0.002,0.058,422.0,-0.5,0.1
131,False,0.3658352475274173,0.46659862346866965,0.3799703163558311,0.7269884462157972,0.7999999999984001,0.8749999999978125,0.22222222219753082,0.5571428571348979,0.22448979591836712,0.42105263157850414,0.009999999999999001,-0.5,0.0,0.003,0.049,240.0,-0.5,0.1
132,False,0.39056011122904827,0.6318409782331131,0.4195151948383086,0.7269884462157972,0.7999999999984001,0.8749999999978125,0.22222222219753082,0.6999999999899998,0.31734693877550985,0.42105263157850414,0.009999999999999001,-0.5,0.0,0.003,0.059,331.0,-0.5,0.1
133,False,0.3105406905175177,0.5446166455772133,0.3274027953847867,0.7269884462157972,0.7999999999984001,0.8749999999978125,0.5555555554938271,0.642857142847959,0.052040816326530556,0.42105263157850414,0.009999999999999001,-0.5,0.0,0.006,0.055,71.0,-0.5,0.1
134,False,0.3297529326410782,0.6071426453600474,0.35253497947563256,0.7269884462157972,0.7999999999984001,0.8749999999978125,0.44444444439506164,0.71428571427551,0.1010204081632652,0.42105263157850414,0.009999999999999001,-0.5,0.0,0.005,0.06,119.0,-0.5,0.1
135,False,0.3689752957199297,0.447681088561005,0.38191409054133735,0.7269884462157972,0.7999999999984001,0.8749999999978125,0.0,0.571428571420408,0.10714285714285703,0.42105263157850414,0.009999999999999001,-0.5,0.0,0.001,0.05,125.0,-0.5,0.1
136,False,0.373394052036782,0.41861117832331785,0.3845236903745077,0.7269884462157972,0.7999999999984001,0.8749999999978125,0.11111111109876541,0.15714285714061224,0.45918367346938727,0.42105263157850414,0.009999999999999001,-0.5,0.0,0.002,0.021,470.0,-0.5,0.1
137,False,0.2918324546006713,0.4957883432446536,0.3043291535056442,0.7269884462157972,0.7999999999984001,0.8749999999978125,0.7777777776913579,0.5142857142783672,0.08673469387755094,0.42105263157850414,0.009999999999999001,-0.5,0.0,0.008,0.046,105.0,-0.5,0.1
138,False,0.33830389886165013,0.6271519890104276,0.36324746212921283,0.7269884462157972,0.7999999999984001,0.8749999999978125,0.3333333332962963,0.7285714285610202,0.011224489795918356,0.42105263157850414,0.009999999999999001,-0.5,0.0,0.004,0.061,31.0,-0.5,0.1
139,False,0.2871956671416192,0.4299251107812071,0.2953898350756406,0.7269884462157972,0.7999999999984001,0.8749999999978125,0.6666666665925925,0.6857142857044897,0.06224489795918361,0.42105263157850414,0.009999999999999001,-0.5,0.0,0.007,0.058,81.0,-0.5,0.1
140,False,0.37574696155370757,0.3967341164847909,0.3855171581789521,0.7269884462157972,0.7999999999984001,0.8749999999978125,0.11111111109876541,0.2999999999957142,0.4051020408163261,0.42105263157850414,0.009999999999999001,-0.5,0.0,0.002,0.031,417.0,-0.5,0.1
141,False,0.35753357805449837,0.5509222895230173,0.37758964195465594,0.7269884462157972,0.7999999999984001,0.8749999999978125,0.3333333332962963,0.6142857142769386,0.2193877551020406,0.42105263157850414,0.009999999999999001,-0.5,0.0,0.004,0.053,235.0,-0.5,0.1
142,False,0.34288969369700123,0.2298904863041836,0.3439046897771266,0.7269884462157972,0.7999999999984001,0.8749999999978125,0.0,0.34285714285224483,0.06326530612244892,0.42105263157850414,0.009999999999999001,-0.5,0.0,0.001,0.034,82.0,-0.5,0.1
143,False,0.14261416127053286,0.028571428571020463,0.14261416127053286,0.7269884462157972,0.7999999999984001,0.8749999999978125,0.9999999998888889,0.9285714285581631,0.06938775510204075,0.42105263157850414,0.009999999999999001,-0.5,0.0,0.01,0.075,88.0,-0.5,0.1
144,False,0.31472798946535596,0.6732138076800651,0.3418799578783001,0.7269884462157972,0.7999999999984001,0.8749999999978125,0.7777777776913579,0.22857142856816323,0.003061224489795915,0.42105263157850414,0.009999999999999001,-0.5,0.0,0.008,0.026,23.0,-0.5,0.1
145,False,0.42467971984447844,0.6612786496149972,0.4588157631530573,0.7269884462157972,0.7999999999984001,0.8749999999978125,0.0,0.2999999999957142,0.6734693877551013,0.42105263157850414,0.009999999999999001,-0.5,0.0,0.001,0.031,680.0,-0.5,0.1
146,False,0.35555613909356604,0.3277604234321047,0.3605055470559113,0.7269884462157972,0.7999999999984001,0.8749999999978125,0.22222222219753082,0.34285714285224483,0.27551020408163235,0.42105263157850414,0.009999999999999001,-0.5,0.0,0.003,0.034,290.0,-0.5,0.1
147,False,0.3376135253384263,0.29066978134183186,0.3404345193411714,0.7269884462157972,0.7999999999984001,0.8749999999978125,0.3333333332962963,0.2999999999957142,0.1428571428571427,0.42105263157850414,0.009999999999999001,-0.5,0.0,0.004,0.031,160.0,-0.5,0.1
148,False,0.34275693859216066,0.24683078706593295,0.344200733367051,0.7269884462157972,0.7999999999984001,0.8749999999978125,0.22222222219753082,0.142857142855102,0.2612244897959181,0.42105263157850414,0.009999999999999001,-0.5,0.0,0.003,0.02,276.0,-0.5,0.1
149,False,0.3743068089536547,0.3863400603502276,0.3833369325899466,0.7269884462157972,0.7999999999984001,0.8749999999978125,0.11111111109876541,0.32857142856673466,0.3795918367346935,0.42105263157850414,0.009999999999999001,-0.5,0.0,0.002,0.033,392.0,-0.5,0.1
150,False,0.3714785371455043,0.678758444467573,0.40307096653699076,0.7269884462157972,0.7999999999984001,0.8749999999978125,0.22222222219753082,0.7999999999885713,0.16938775510204063,0.42105263157850414,0.009999999999999001,-0.5,0.0,0.003,0.066,186.0,-0.5,0.1
151,False,0.3109936580277826,0.5444359444754365,0.3278670570912882,0.7269884462157972,0.7999999999984001,0.8749999999978125,0.5555555554938271,0.642857142847959,0.059183673469387695,0.42105263157850414,0.009999999999999001,-0.5,0.0,0.006,0.055,78.0,-0.5,0.1
152,False,0.6277148077053799,0.10167280577068598,0.6295478176827967,0.7269884462157972,0.7999999999984001,0.8749999999978125,0.0,0.8428571428451019,0.9448979591836725,0.42105263157850414,0.009999999999999001,-0.5,0.0,0.001,0.069,946.0,-0.5,0.1
153,False,0.3996459136924708,0.5005544511400782,0.4183281309505862,0.7269884462157972,0.7999999999984001,0.8749999999978125,0.0,0.499999999992857,0.37346938775510163,0.42105263157850414,0.009999999999999001,-0.5,0.0,0.001,0.045,386.0,-0.5,0.1
154,False,0.32728370486228386,0.47944321523069805,0.3403577198470471,0.7269884462157972,0.7999999999984001,0.8749999999978125,0.44444444439506164,0.4857142857073468,0.00612244897959183,0.42105263157850414,0.009999999999999001,-0.5,0.0,0.005,0.044,26.0,-0.5,0.1
155,False,0.357289767851174,0.7796477407567385,0.3966294773867238,0.7269884462157972,0.7999999999984001,0.8749999999978125,0.22222222219753082,0.9714285714146937,0.017346938775510187,0.42105263157850414,0.009999999999999001,-0.5,0.0,0.003,0.078,37.0,-0.5,0.1
156,False,0.32977952522717147,0.45373828102621794,0.34122515789489244,0.7269884462157972,0.7999999999984001,0.8749999999978125,0.5555555554938271,0.05714285714204081,0.009183673469387746,0.42105263157850414,0.009999999999999001,-0.5,0.0,0.006,0.014,29.0,-0.5,0.1
157,False,0.35256882194627304,0.38571968465598105,0.3606546242426088,0.7269884462157972,0.7999999999984001,0.8749999999978125,0.11111111109876541,0.5285714285638774,0.04285714285714281,0.42105263157850414,0.009999999999999001,-0.5,0.0,0.002,0.047,62.0,-0.5,0.1
158,False,0.3328549767415405,0.3496355439979495,0.3382195072526986,0.7269884462157972,0.7999999999984001,0.8749999999978125,0.44444444439506164,0.04285714285653059,0.07448979591836727,0.42105263157850414,0.009999999999999001,-0.5,0.0,0.005,0.013,93.0,-0.5,0.1
159,False,0.42911165302206244,0.6124115419468331,0.459266183994458,0.7269884462157972,0.7999999999984001,0.8749999999978125,0.0,0.9285714285581631,0.31428571428571395,0.42105263157850414,0.009999999999999001,-0.5,0.0,0.001,0.075,328.0,-0.5,0.1
160,False,0.3142745825776377,0.6132209507362245,0.33657712833729164,0.7269884462157972,0.7999999999984001,0.8749999999978125,0.6666666665925925,0.3999999999942856,0.07653061224489788,0.42105263157850414,0.009999999999999001,-0.5,0.0,0.007,0.038,95.0,-0.5,0.1
161,False,0.47346318188147496,0.5076425493662359,0.4978252950714968,0.7269884462157972,0.7999999999984001,0.8749999999978125,0.0,0.44285714285081623,0.8387755102040808,0.42105263157850414,0.009999999999999001,-0.5,0.0,0.001,0.041,842.0,-0.5,0.1
162,False,0.32265637022595617,0.5871247621043907,0.34342679146335947,0.7269884462157972,0.7999999999984001,0.8749999999978125,0.44444444439506164,0.7714285714175508,0.029591836734693847,0.42105263157850414,0.009999999999999001,-0.5,0.0,0.005,0.064,49.0,-0.5,0.1
163,False,0.2917632743237484,0.4487512302887658,0.3012509514274433,0.7269884462157972,0.7999999999984001,0.8749999999978125,0.6666666665925925,0.6571428571334693,0.08571428571428562,0.42105263157850414,0.009999999999999001,-0.5,0.0,0.007,0.056,104.0,-0.5,0.1
164,False,0.3495251981727332,0.3031213435859628,0.35313801233439174,0.7269884462157972,0.7999999999984001,0.8749999999978125,0.11111111109876541,0.0,0.30816326530612215,0.42105263157850414,0.009999999999999001,-0.5,0.0,0.002,0.01,322.0,-0.5,0.1
165,False,0.33581974444211066,0.2726670389358935,0.33795199429592876,0.7269884462157972,0.7999999999984001,0.8749999999978125,0.3333333332962963,0.2714285714246939,0.13265306122448967,0.42105263157850414,0.009999999999999001,-0.5,0.0,0.004,0.029,150.0,-0.5,0.1
166,False,0.3944068091908796,0.5380057890629516,0.4157675405342306,0.7269884462157972,0.7999999999984001,0.8749999999978125,0.11111111109876541,0.5999999999914284,0.324489795918367,0.42105263157850414,0.009999999999999001,-0.5,0.0,0.002,0.052,338.0,-0.5,0.1
167,False,0.33134509171803267,0.4795181348972173,0.3446249410196546,0.7269884462157972,0.7999999999984001,0.8749999999978125,0.44444444439506164,0.4857142857073468,0.07653061224489788,0.42105263157850414,0.009999999999999001,-0.5,0.0,0.005,0.044,95.0,-0.5,0.1
168,False,0.3305249859601783,0.4529849654668991,0.34195482144863354,0.7269884462157972,0.7999999999984001,0.8749999999978125,0.5555555554938271,0.19999999999714282,0.10714285714285703,0.42105263157850414,0.009999999999999001,-0.5,0.0,0.006,0.024,125.0,-0.5,0.1
169,False,0.3127512878660927,0.5445554625006693,0.3297290353113218,0.7269884462157972,0.7999999999984001,0.8749999999978125,0.5555555554938271,0.642857142847959,0.08469387755102031,0.42105263157850414,0.009999999999999001,-0.5,0.0,0.006,0.055,103.0,-0.5,0.1
170,False,0.28239894765884366,0.5318744798346593,0.2968987917830637,0.7269884462157972,0.7999999999984001,0.8749999999978125,0.9999999998888889,0.42857142856530606,0.01020408163265305,0.42105263157850414,0.009999999999999001,-0.5,0.0,0.01,0.04,30.0,-0.5,0.1
171,False,0.32330558209993165,0.48764476799646356,0.3367526965590786,0.7269884462157972,0.7999999999984001,0.8749999999978125,0.5555555554938271,0.34285714285224483,0.02448979591836732,0.42105263157850414,0.009999999999999001,-0.5,0.0,0.006,0.034,44.0,-0.5,0.1
172,False,0.3862397454664707,0.7925213943330847,0.42905588302646047,0.7269884462157972,0.7999999999984001,0.8749999999978125,0.11111111109876541,0.9428571428436734,0.1418367346938774,0.42105263157850414,0.009999999999999001,-0.5,0.0,0.002,0.076,159.0,-0.5,0.1
173,False,0.3499749581808024,0.4193122237965097,0.36006702895427384,0.7269884462157972,0.7999999999984001,0.8749999999978125,0.3333333332962963,0.45714285713632646,0.20714285714285693,0.42105263157850414,0.009999999999999001,-0.5,0.0,0.004,0.042,223.0,-0.5,0.1
174,False,0.3493363457278756,0.31491090434428415,0.35347967265224634,0.7269884462157972,0.7999999999984001,0.8749999999978125,0.22222222219753082,0.3999999999942856,0.1846938775510202,0.42105263157850414,0.009999999999999001,-0.5,0.0,0.003,0.038,201.0,-0.5,0.1
175,False,0.3100994792725699,0.6248204681907641,0.3330591328950599,0.7269884462157972,0.7999999999984001,0.8749999999978125,0.6666666665925925,0.42857142856530606,0.029591836734693847,0.42105263157850414,0.009999999999999001,-0.5,0.0,0.007,0.04,49.0,-0.5,0.1
176,False,0.35835619731071117,0.6221872655511064,0.3842298461591143,0.7269884462157972,0.7999999999984001,0.8749999999978125,0.3333333332962963,0.6999999999899998,0.20612244897959162,0.42105263157850414,0.009999999999999001,-0.5,0.0,0.004,0.059,222.0,-0.5,0.1
177,False,0.24234780618513066,0.2642761807490322,0.24313365587857236,0.7269884462157972,0.7999999999984001,0.8749999999978125,0.7777777776913579,0.8142857142740815,0.06224489795918361,0.42105263157850414,0.009999999999999001,-0.5,0.0,0.008,0.067,81.0,-0.5,0.1
178,False,0.3906112231375076,0.7430400369055774,0.4293309370202141,0.7269884462157972,0.7999999999984001,0.8749999999978125,0.11111111109876541,0.8714285714161222,0.18673469387755082,0.42105263157850414,0.009999999999999001,-0.5,0.0,0.002,0.071,203.0,-0.5,0.1
179,False,0.3428281242157359,0.21168735639838346,0.34347347096487146,0.7269884462157972,0.7999999999984001,0.8749999999978125,0.11111111109876541,0.2999999999957142,0.1826530612244896,0.42105263157850414,0.009999999999999001,-0.5,0.0,0.002,0.031,199.0,-0.5,0.1
180,False,0.35217957760723356,0.2827985332540517,0.35500460310174625,0.7269884462157972,0.7999999999984001,0.8749999999978125,0.11111111109876541,0.38571428570877536,0.18571428571428553,0.42105263157850414,0.009999999999999001,-0.5,0.0,0.002,0.037,202.0,-0.5,0.1
181,False,0.3846157442376698,0.4445842368880043,0.3981516897942897,0.7269884462157972,0.7999999999984001,0.8749999999978125,0.11111111109876541,0.3142857142812244,0.45102040816326483,0.42105263157850414,0.009999999999999001,-0.5,0.0,0.002,0.032,462.0,-0.5,0.1
182,False,0.34182769336890084,0.24344336321806107,0.34316659289709944,0.7269884462157972,0.7999999999984001,0.8749999999978125,0.0,0.35714285713775507,0.009183673469387746,0.42105263157850414,0.009999999999999001,-0.5,0.0,0.001,0.035,29.0,-0.5,0.1
183,False,0.34141526572047687,0.6795102025103344,0.37090990629700205,0.7269884462157972,0.7999999999984001,0.8749999999978125,0.3333333332962963,0.8285714285595918,0.041836734693877504,0.42105263157850414,0.009999999999999001,-0.5,0.0,0.004,0.068,61.0,-0.5,0.1
184,False,0.3377289157495622,0.17586876046604089,0.3379045155451688,0.7269884462157972,0.7999999999984001,0.8749999999978125,0.11111111109876541,0.19999999999714282,0.20714285714285693,0.42105263157850414,0.009999999999999001,-0.5,0.0,0.002,0.024,223.0,-0.5,0.1
185,False,0.3617399738773454,0.32159050018815233,0.3665658333701955,0.7269884462157972,0.7999999999984001,0.8749999999978125,0.11111111109876541,0.35714285713775507,0.2806122448979589,0.42105263157850414,0.009999999999999001,-0.5,0.0,0.002,0.035,295.0,-0.5,0.1
186,False,0.29460100768676395,0.6321690050670549,0.31718990325935814,0.7269884462157972,0.7999999999984001,0.8749999999978125,0.9999999998888889,0.32857142856673466,0.0020408163265306103,0.42105263157850414,0.009999999999999001,-0.5,0.0,0.01,0.033,22.0,-0.5,0.1
187,False,0.37052144408922705,0.42419166335441966,0.38189480617341126,0.7269884462157972,0.7999999999984001,0.8749999999978125,0.11111111109876541,0.5285714285638774,0.21734693877550998,0.42105263157850414,0.009999999999999001,-0.5,0.0,0.002,0.047,233.0,-0.5,0.1
188,False,0.3308386810672464,0.5675779087007353,0.3505827802885358,0.7269884462157972,0.7999999999984001,0.8749999999978125,0.6666666665925925,0.04285714285653059,0.0999999999999999,0.42105263157850414,0.009999999999999001,-0.5,0.0,0.007,0.013,118.0,-0.5,0.1
189,False,0.28708712181425483,0.5305747534964885,0.3017279798974349,0.7269884462157972,0.7999999999984001,0.8749999999978125,0.8888888887901233,0.44285714285081623,0.0010204081632653051,0.42105263157850414,0.009999999999999001,-0.5,0.0,0.009,0.041,21.0,-0.5,0.1
190,False,0.372800063842994,0.5138198408140556,0.3908820876672761,0.7269884462157972,0.7999999999984001,0.8749999999978125,0.11111111109876541,0.642857142847959,0.15918367346938758,0.42105263157850414,0.009999999999999001,-0.5,0.0,0.002,0.055,176.0,-0.5,0.1
191,False,0.36976961331933106,0.36874027140144683,0.37751059181473356,0.7269884462157972,0.7999999999984001,0.8749999999978125,0.11111111109876541,0.3999999999942856,0.3051020408163262,0.42105263157850414,0.009999999999999001,-0.5,0.0,0.002,0.038,319.0,-0.5,0.1
192,False,0.5445471831575579,0.26627179044600174,0.553697677556533,0.7269884462157972,0.7999999999984001,0.8749999999978125,0.0,0.6999999999899998,0.8173469387755093,0.42105263157850414,0.009999999999999001,-0.5,0.0,0.001,0.059,821.0,-0.5,0.1
193,False,0.3880387306911229,0.7935711006294253,0.4310980695618108,0.7269884462157972,0.7999999999984001,0.8749999999978125,0.11111111109876541,0.9999999999857142,0.1428571428571427,0.42105263157850414,0.009999999999999001,-0.5,0.0,0.002,0.08,160.0,-0.5,0.1
194,False,0.3115913635905272,0.6850651722591917,0.339507368557146,0.7269884462157972,0.7999999999984001,0.8749999999978125,0.7777777776913579,0.2999999999957142,0.054081632653061165,0.42105263157850414,0.009999999999999001,-0.5,0.0,0.008,0.031,73.0,-0.5,0.1
195,False,0.34808233215824413,0.25783392342878547,0.3499356978089435,0.7269884462157972,0.7999999999984001,0.8749999999978125,0.0,0.07142857142755099,0.2622448979591834,0.42105263157850414,0.009999999999999001,-0.5,0.0,0.001,0.015,277.0,-0.5,0.1
196,False,0.4112021249217515,0.76201249777994,0.45332051124118555,0.7269884462157972,0.7999999999984001,0.8749999999978125,0.0,0.05714285714204081,0.7897959183673461,0.42105263157850414,0.009999999999999001,-0.5,0.0,0.001,0.014,794.0,-0.5,0.1
197,False,0.32839603285693364,0.6123237644941439,0.3515058096106541,0.7269884462157972,0.7999999999984001,0.8749999999978125,0.44444444439506164,0.6999999999899998,0.0826530612244897,0.42105263157850414,0.009999999999999001,-0.5,0.0,0.005,0.059,101.0,-0.5,0.1
198,False,0.3519231839018141,0.4622394472800026,0.3650234748719735,0.7269884462157972,0.7999999999984001,0.8749999999978125,0.3333333332962963,0.5142857142783672,0.20306122448979572,0.42105263157850414,0.009999999999999001,-0.5,0.0,0.004,0.046,219.0,-0.5,0.1
199,False,0.3224705669650805,0.7837735878330339,0.3595104792615485,0.7269884462157972,0.7999999999984001,0.8749999999978125,0.8888888887901233,0.05714285714204081,0.08571428571428562,0.42105263157850414,0.009999999999999001,-0.5,0.0,0.009,0.014,104.0,-0.5,0.1
200,False,0.4002982770052577,0.6819419132150755,0.4343510974240917,0.7269884462157972,0.7999999999984001,0.8749999999978125,0.11111111109876541,0.7857142857030611,0.26836734693877523,0.42105263157850414,0.009999999999999001,-0.5,0.0,0.002,0.065,283.0,-0.5,0.1
201,False,0.2221816575749859,0.22004360941796225,0.22236092579473538,0.7269884462157972,0.7999999999984001,0.8749999999978125,0.8888888887901233,0.7714285714175508,0.029591836734693847,0.42105263157850414,0.009999999999999001,-0.5,0.0,0.009,0.064,49.0,-0.5,0.1
202,False,0.31403871261403965,0.6793569523834315,0.3416488584655032,0.7269884462157972,0.7999999999984001,0.8749999999978125,0.7777777776913579,0.2714285714246939,0.06428571428571422,0.42105263157850414,0.009999999999999001,-0.5,0.0,0.008,0.029,83.0,-0.5,0.1
203,False,0.30017063810070344,0.5098561171416,0.314018887059967,0.7269884462157972,0.7999999999984001,0.8749999999978125,0.6666666665925925,0.571428571420408,0.07755102040816318,0.42105263157850414,0.009999999999999001,-0.5,0.0,0.007,0.05,96.0,-0.5,0.1
204,False,0.3452553173707258,0.38770379644066777,0.353172191954779,0.7269884462157972,0.7999999999984001,0.8749999999978125,0.22222222219753082,0.5142857142783672,0.04387755102040812,0.42105263157850414,0.009999999999999001,-0.5,0.0,0.003,0.046,63.0,-0.5,0.1
205,True,0.12777682961670084,0.0,0.12777682961670084,0.7269884462157972,0.7999999999984001,0.8749999999978125,0.9999999998888889,0.9571428571291836,0.06938775510204075,0.42105263157850414,0.009999999999999001,-0.5,0.0,0.01,0.077,88.0,-0.5,0.1
206,False,0.3366636350689332,0.4712553357809965,0.34963179954812534,0.7269884462157972,0.7999999999984001,0.8749999999978125,0.3333333332962963,0.5571428571348979,0.008163265306122441,0.42105263157850414,0.009999999999999001,-0.5,0.0,0.004,0.049,28.0,-0.5,0.1
207,False,0.3772678471345079,0.5032762198571173,0.3947997779435803,0.7269884462157972,0.7999999999984001,0.8749999999978125,0.22222222219753082,0.5571428571348979,0.30408163265306093,0.42105263157850414,0.009999999999999001,-0.5,0.0,0.003,0.049,318.0,-0.5,0.1
208,False,0.3675051841778833,0.3504575311978063,0.3740808601585577,0.7269884462157972,0.7999999999984001,0.8749999999978125,0.0,0.4142857142797958,0.23265306122448956,0.42105263157850414,0.009999999999999001,-0.5,0.0,0.001,0.039,248.0,-0.5,0.1
209,False,0.3722359812786549,0.6722724366343898,0.403325197814278,0.7269884462157972,0.7999999999984001,0.8749999999978125,0.11111111109876541,0.8142857142740815,0.07448979591836727,0.42105263157850414,0.009999999999999001,-0.5,0.0,0.002,0.067,93.0,-0.5,0.1
210,False,0.3548766335983847,0.31741384903991154,0.3592937120704317,0.7269884462157972,0.7999999999984001,0.8749999999978125,0.22222222219753082,0.25714285713918367,0.31530612244897926,0.42105263157850414,0.009999999999999001,-0.5,0.0,0.003,0.028,329.0,-0.5,0.1
211,False,0.3323313549996323,0.2589348003329072,0.33397301482004577,0.7269884462157972,0.7999999999984001,0.8749999999978125,0.3333333332962963,0.2714285714246939,0.07448979591836727,0.42105263157850414,0.009999999999999001,-0.5,0.0,0.004,0.029,93.0,-0.5,0.1
212,False,0.375304554330249,0.4264683579214069,0.38706970838479293,0.7269884462157972,0.7999999999984001,0.8749999999978125,0.11111111109876541,0.1714285714261224,0.46632653061224444,0.42105263157850414,0.009999999999999001,-0.5,0.0,0.002,0.022,477.0,-0.5,0.1
213,False,0.35207270381599337,0.3035277624571984,0.3557681687825164,0.7269884462157972,0.7999999999984001,0.8749999999978125,0.22222222219753082,0.3142857142812244,0.26530612244897933,0.42105263157850414,0.009999999999999001,-0.5,0.0,0.003,0.032,280.0,-0.5,0.1
214,False,0.26122598427049853,0.34105936660165737,0.264387389015376,0.7269884462157972,0.7999999999984001,0.8749999999978125,0.7777777776913579,0.6999999999899998,0.0408163265306122,0.42105263157850414,0.009999999999999001,-0.5,0.0,0.008,0.059,60.0,-0.5,0.1
215,False,0.3032664100571804,0.6386758986278638,0.3268983799712971,0.7269884462157972,0.7999999999984001,0.8749999999978125,0.8888888887901233,0.32857142856673466,0.09081632653061215,0.42105263157850414,0.009999999999999001,-0.5,0.0,0.009,0.033,109.0,-0.5,0.1
216,False,0.4010072263383361,0.49756779336610785,0.4195372584446087,0.7269884462157972,0.7999999999984001,0.8749999999978125,0.0,0.3999999999942856,0.45204081632653015,0.42105263157850414,0.009999999999999001,-0.5,0.0,0.001,0.038,463.0,-0.5,0.1
217,False,0.3198734721228719,0.6672786306156456,0.3468805360536572,0.7269884462157972,0.7999999999984001,0.8749999999978125,0.7777777776913579,0.142857142855102,0.01224489795918366,0.42105263157850414,0.009999999999999001,-0.5,0.0,0.008,0.02,32.0,-0.5,0.1
218,False,0.3267210007978997,0.6767987004986793,0.35497429207011133,0.7269884462157972,0.7999999999984001,0.8749999999978125,0.7777777776913579,0.028571428571020404,0.06428571428571422,0.42105263157850414,0.009999999999999001,-0.5,0.0,0.008,0.012,83.0,-0.5,0.1
219,False,0.3642780478080321,0.35691799060572066,0.3711066815656235,0.7269884462157972,0.7999999999984001,0.8749999999978125,0.0,0.45714285713632646,0.16836734693877534,0.42105263157850414,0.009999999999999001,-0.5,0.0,0.001,0.042,185.0,-0.5,0.1
220,False,0.38670124556120405,0.569532011307652,0.41013527862026283,0.7269884462157972,0.7999999999984001,0.8749999999978125,0.0,0.6857142857044897,0.17244897959183655,0.42105263157850414,0.009999999999999001,-0.5,0.0,0.001,0.058,189.0,-0.5,0.1
221,False,0.3464347553180191,0.2668260818897707,0.34855726956948024,0.7269884462157972,0.7999999999984001,0.8749999999978125,0.22222222219753082,0.18571428571163262,0.27959183673469357,0.42105263157850414,0.009999999999999001,-0.5,0.0,0.003,0.023,294.0,-0.5,0.1
222,False,0.34642992289500935,0.27133224875204953,0.3487090884209748,0.7269884462157972,0.7999999999984001,0.8749999999978125,0.22222222219753082,0.3142857142812244,0.2193877551020406,0.42105263157850414,0.009999999999999001,-0.5,0.0,0.003,0.032,235.0,-0.5,0.1
223,False,0.22220209575150146,0.21670593923139914,0.22236072893780415,0.7269884462157972,0.7999999999984001,0.8749999999978125,0.8888888887901233,0.7714285714175508,0.05816326530612239,0.42105263157850414,0.009999999999999001,-0.5,0.0,0.009,0.064,77.0,-0.5,0.1
224,False,0.26590290520126003,0.33854662646627925,0.26906497394917417,0.7269884462157972,0.7999999999984001,0.8749999999978125,0.6666666665925925,0.9142857142726529,0.028571428571428543,0.42105263157850414,0.009999999999999001,-0.5,0.0,0.007,0.074,48.0,-0.5,0.1
225,False,0.3432360923962472,0.4033669598865697,0.3520261080614494,0.7269884462157972,0.7999999999984001,0.8749999999978125,0.22222222219753082,0.5285714285638774,0.0010204081632653051,0.42105263157850414,0.009999999999999001,-0.5,0.0,0.003,0.047,21.0,-0.5,0.1
226,False,0.3346136141289438,0.25082778506913916,0.33605671785098945,0.7269884462157972,0.7999999999984001,0.8749999999978125,0.3333333332962963,0.142857142855102,0.15714285714285697,0.42105263157850414,0.009999999999999001,-0.5,0.0,0.004,0.02,174.0,-0.5,0.1
227,False,0.3616340775555618,0.47603631020471504,0.37623207660009966,0.7269884462157972,0.7999999999984001,0.8749999999978125,0.22222222219753082,0.5857142857059182,0.17551020408163248,0.42105263157850414,0.009999999999999001,-0.5,0.0,0.003,0.051,192.0,-0.5,0.1
228,False,0.3485428805807005,0.5929582621930837,0.37138098965543226,0.7269884462157972,0.7999999999984001,0.8749999999978125,0.3333333332962963,0.6857142857044897,0.12755102040816313,0.42105263157850414,0.009999999999999001,-0.5,0.0,0.004,0.058,145.0,-0.5,0.1
229,False,0.5246823926221955,0.34289510236411397,0.5386964860716242,0.7269884462157972,0.7999999999984001,0.8749999999978125,0.0,0.5999999999914284,0.9214285714285705,0.42105263157850414,0.009999999999999001,-0.5,0.0,0.001,0.052,923.0,-0.5,0.1
230,False,0.3768353270973569,0.7845709385398258,0.4181684973090725,0.7269884462157972,0.7999999999984001,0.8749999999978125,0.22222222219753082,0.985714285700204,0.16836734693877534,0.42105263157850414,0.009999999999999001,-0.5,0.0,0.003,0.079,185.0,-0.5,0.1
231,False,0.3276288220645183,0.1518207903925072,0.327669543597346,0.7269884462157972,0.7999999999984001,0.8749999999978125,0.22222222219753082,0.24285714285367344,0.06734693877551014,0.42105263157850414,0.009999999999999001,-0.5,0.0,0.003,0.027,86.0,-0.5,0.1
232,False,0.3220759673397297,0.12143195896835253,0.3220784311960982,0.7269884462157972,0.7999999999984001,0.8749999999978125,0.22222222219753082,0.11428571428408159,0.0010204081632653051,0.42105263157850414,0.009999999999999001,-0.5,0.0,0.003,0.018,21.0,-0.5,0.1
233,False,0.36181597843518437,0.33591117605808557,0.36738877124050534,0.7269884462157972,0.7999999999984001,0.8749999999978125,0.11111111109876541,0.1714285714261224,0.37551020408163227,0.42105263157850414,0.009999999999999001,-0.5,0.0,0.002,0.022,388.0,-0.5,0.1
234,False,0.38650702710842855,0.7519099656224754,0.42569140641790293,0.7269884462157972,0.7999999999984001,0.8749999999978125,0.11111111109876541,0.8857142857016324,0.15714285714285697,0.42105263157850414,0.009999999999999001,-0.5,0.0,0.002,0.072,174.0,-0.5,0.1
235,False,0.33513595196377577,0.15956260497433508,0.33521144226811705,0.7269884462157972,0.7999999999984001,0.8749999999978125,0.11111111109876541,0.19999999999714282,0.18979591836734674,0.42105263157850414,0.009999999999999001,-0.5,0.0,0.002,0.024,206.0,-0.5,0.1
236,False,0.34656489682743097,0.2674672383186092,0.3487117224389695,0.7269884462157972,0.7999999999984001,0.8749999999978125,0.22222222219753082,0.28571428571020396,0.23775510204081607,0.42105263157850414,0.009999999999999001,-0.5,0.0,0.003,0.03,253.0,-0.5,0.1
237,False,0.5065902892336736,0.38142114623020074,0.5225684241330935,0.7269884462157972,0.7999999999984001,0.8749999999978125,0.0,0.571428571420408,0.839795918367346,0.42105263157850414,0.009999999999999001,-0.5,0.0,0.001,0.05,843.0,-0.5,0.1
238,False,0.3851230012763805,0.44213356669019105,0.39850772063963213,0.7269884462157972,0.7999999999984001,0.8749999999978125,0.11111111109876541,0.35714285713775507,0.42755102040816284,0.42105263157850414,0.009999999999999001,-0.5,0.0,0.002,0.035,439.0,-0.5,0.1
239,False,0.33363003616099035,0.20542869236622338,0.3341106383435477,0.7269884462157972,0.7999999999984001,0.8749999999978125,0.22222222219753082,0.028571428571020404,0.17040816326530595,0.42105263157850414,0.009999999999999001,-0.5,0.0,0.003,0.012,187.0,-0.5,0.1
240,False,0.3294648848117241,0.1711513493428879,0.32958810035887126,0.7269884462157972,0.7999999999984001,0.8749999999978125,0.22222222219753082,0.2714285714246939,0.061224489795918303,0.42105263157850414,0.009999999999999001,-0.5,0.0,0.003,0.029,80.0,-0.5,0.1
241,False,0.26817139579246047,0.3623284762465317,0.27234918609149683,0.7269884462157972,0.7999999999984001,0.8749999999978125,0.7777777776913579,0.6714285714189795,0.08571428571428562,0.42105263157850414,0.009999999999999001,-0.5,0.0,0.008,0.057,104.0,-0.5,0.1
242,False,0.3823638772866688,0.628230924196402,0.4104183989631414,0.7269884462157972,0.7999999999984001,0.8749999999978125,0.11111111109876541,0.7571428571320407,0.17244897959183655,0.42105263157850414,0.009999999999999001,-0.5,0.0,0.002,0.063,189.0,-0.5,0.1
243,False,0.34188971050571587,0.1987408041831469,0.3423253198044484,0.7269884462157972,0.7999999999984001,0.8749999999978125,0.0,0.2714285714246939,0.143877551020408,0.42105263157850414,0.009999999999999001,-0.5,0.0,0.001,0.029,161.0,-0.5,0.1
244,False,0.30622448593948376,0.5143835365454754,0.3206885540871561,0.7269884462157972,0.7999999999984001,0.8749999999978125,0.5555555554938271,0.6999999999899998,0.03877551020408159,0.42105263157850414,0.009999999999999001,-0.5,0.0,0.006,0.059,58.0,-0.5,0.1
245,False,0.4197612495795701,0.6365883204333447,0.45132237244652446,0.7269884462157972,0.7999999999984001,0.8749999999978125,0.0,0.8142857142740815,0.3030612244897956,0.42105263157850414,0.009999999999999001,-0.5,0.0,0.001,0.067,317.0,-0.5,0.1
246,False,0.3825737037950814,0.7345946644926269,0.41990243964690926,0.7269884462157972,0.7999999999984001,0.8749999999978125,0.11111111109876541,0.8714285714161222,0.13469387755102027,0.42105263157850414,0.009999999999999001,-0.5,0.0,0.002,0.071,152.0,-0.5,0.1
247,False,0.3447735098881002,0.4312068634659631,0.35541148490367647,0.7269884462157972,0.7999999999984001,0.8749999999978125,0.3333333332962963,0.499999999992857,0.13571428571428557,0.42105263157850414,0.009999999999999001,-0.5,0.0,0.004,0.045,153.0,-0.5,0.1
248,False,0.19337607803907136,0.13825227787359085,0.19337641112004922,0.7269884462157972,0.7999999999984001,0.8749999999978125,0.8888888887901233,0.8857142857016324,0.028571428571428543,0.42105263157850414,0.009999999999999001,-0.5,0.0,0.009,0.072,48.0,-0.5,0.1
249,False,0.31664343720621724,0.5553511238977019,0.3346382643534862,0.7269884462157972,0.7999999999984001,0.8749999999978125,0.5555555554938271,0.6285714285624489,0.12346938775510191,0.42105263157850414,0.009999999999999001,-0.5,0.0,0.006,0.054,141.0,-0.5,0.1
250,False,0.4222416676770956,0.6086602459512572,0.45154373355561295,0.7269884462157972,0.7999999999984001,0.8749999999978125,0.0,0.3714285714232652,0.5938775510204075,0.42105263157850414,0.009999999999999001,-0.5,0.0,0.001,0.036,602.0,-0.5,0.1
251,False,0.5596537340602481,0.22368128989596667,0.5664614706803905,0.7269884462157972,0.7999999999984001,0.8749999999978125,0.0,0.7857142857030611,0.7673469387755094,0.42105263157850414,0.009999999999999001,-0.5,0.0,0.001,0.065,772.0,-0.5,0.1
252,False,0.5334944046141693,0.281047899297021,0.5431307538745604,0.7269884462157972,0.7999999999984001,0.8749999999978125,0.0,0.9142857142726529,0.6469387755102034,0.42105263157850414,0.009999999999999001,-0.5,0.0,0.001,0.074,654.0,-0.5,0.1
253,False,0.32851343375093417,0.4761936075446438,0.34142304014809133,0.7269884462157972,0.7999999999984001,0.8749999999978125,0.5555555554938271,0.2999999999957142,0.10816326530612233,0.42105263157850414,0.009999999999999001,-0.5,0.0,0.006,0.031,126.0,-0.5,0.1
254,False,0.3276712294278515,0.14732725757801823,0.3277013753062331,0.7269884462157972,0.7999999999984001,0.8749999999978125,0.22222222219753082,0.09999999999857143,0.12755102040816313,0.42105263157850414,0.009999999999999001,-0.5,0.0,0.003,0.017,145.0,-0.5,0.1
255,False,0.3685574522522564,0.3727731326330636,0.37649565601561136,0.7269884462157972,0.7999999999984001,0.8749999999978125,0.11111111109876541,0.19999999999714282,0.40918367346938733,0.42105263157850414,0.009999999999999001,-0.5,0.0,0.002,0.024,421.0,-0.5,0.1
256,False,0.3386113919212973,0.6045228248573884,0.36174440966329563,0.7269884462157972,0.7999999999984001,0.8749999999978125,0.44444444439506164,0.6285714285624489,0.17653061224489777,0.42105263157850414,0.009999999999999001,-0.5,0.0,0.005,0.054,193.0,-0.5,0.1
257,False,0.3277118303782177,0.5907447288571277,0.34907109793676816,0.7269884462157972,0.7999999999984001,0.8749999999978125,0.44444444439506164,0.7571428571320407,0.08775510204081624,0.42105263157850414,0.009999999999999001,-0.5,0.0,0.005,0.063,106.0,-0.5,0.1
258,False,0.28875284763189957,0.5723034483342384,0.30646629947999215,0.7269884462157972,0.7999999999984001,0.8749999999978125,0.9999999998888889,0.38571428570877536,0.03775510204081629,0.42105263157850414,0.009999999999999001,-0.5,0.0,0.01,0.037,57.0,-0.5,0.1
259,False,0.3349654090728352,0.2555277878301736,0.33654616455743896,0.7269884462157972,0.7999999999984001,0.8749999999978125,0.22222222219753082,0.3714285714232652,0.014285714285714271,0.42105263157850414,0.009999999999999001,-0.5,0.0,0.003,0.036,34.0,-0.5,0.1
260,False,0.3589575406365226,0.6897245497655483,0.39057500755786173,0.7269884462157972,0.7999999999984001,0.8749999999978125,0.3333333332962963,0.8285714285595918,0.19081632653061203,0.42105263157850414,0.009999999999999001,-0.5,0.0,0.004,0.068,207.0,-0.5,0.1
261,False,0.3505296644895743,0.5113855305417486,0.36713408979975276,0.7269884462157972,0.7999999999984001,0.8749999999978125,0.3333333332962963,0.5857142857059182,0.16734693877551002,0.42105263157850414,0.009999999999999001,-0.5,0.0,0.004,0.051,184.0,-0.5,0.1
262,False,0.3636410911252712,0.60303773402177,0.38828906329957147,0.7269884462157972,0.7999999999984001,0.8749999999978125,0.22222222219753082,0.7285714285610202,0.13163265306122435,0.42105263157850414,0.009999999999999001,-0.5,0.0,0.003,0.061,149.0,-0.5,0.1
263,False,0.3398740402461771,0.560251624758551,0.3595891160823612,0.7269884462157972,0.7999999999984001,0.8749999999978125,0.3333333332962963,0.6571428571334693,0.03775510204081629,0.42105263157850414,0.009999999999999001,-0.5,0.0,0.004,0.056,57.0,-0.5,0.1
264,False,0.541186719479202,0.27039276043908006,0.5504564094757327,0.7269884462157972,0.7999999999984001,0.8749999999978125,0.0,0.9999999999857142,0.662244897959183,0.42105263157850414,0.009999999999999001,-0.5,0.0,0.001,0.08,669.0,-0.5,0.1
265,False,0.3766810763906321,0.6887210862754553,0.40952387888953456,0.7269884462157972,0.7999999999984001,0.8749999999978125,0.11111111109876541,0.8285714285595918,0.10510204081632642,0.42105263157850414,0.009999999999999001,-0.5,0.0,0.002,0.068,123.0,-0.5,0.1
266,False,0.32921823246475507,0.5611203549219662,0.34837037339216603,0.7269884462157972,0.7999999999984001,0.8749999999978125,0.6666666665925925,0.11428571428408159,0.11428571428571417,0.42105263157850414,0.009999999999999001,-0.5,0.0,0.007,0.018,132.0,-0.5,0.1
267,False,0.3366583931150193,0.16912938249034168,0.3367853856518688,0.7269884462157972,0.7999999999984001,0.8749999999978125,0.11111111109876541,0.19999999999714282,0.1999999999999998,0.42105263157850414,0.009999999999999001,-0.5,0.0,0.002,0.024,216.0,-0.5,0.1
268,False,0.3609858260864326,0.43256736506512733,0.3724727457465773,0.7269884462157972,0.7999999999984001,0.8749999999978125,0.22222222219753082,0.5285714285638774,0.2020408163265304,0.42105263157850414,0.009999999999999001,-0.5,0.0,0.003,0.047,218.0,-0.5,0.1
269,False,0.3185127528282254,0.5773533528292611,0.3382827884825323,0.7269884462157972,0.7999999999984001,0.8749999999978125,0.6666666665925925,0.2999999999957142,0.039795918367346896,0.42105263157850414,0.009999999999999001,-0.5,0.0,0.007,0.031,59.0,-0.5,0.1
270,False,0.3996790441212608,0.6699934732125953,0.4326316098184223,0.7269884462157972,0.7999999999984001,0.8749999999978125,0.22222222219753082,0.985714285700204,0.2959183673469385,0.42105263157850414,0.009999999999999001,-0.5,0.0,0.003,0.079,310.0,-0.5,0.1
271,False,0.33705579838052646,0.3616855570774203,0.3431902977325944,0.7269884462157972,0.7999999999984001,0.8749999999978125,0.44444444439506164,0.09999999999857143,0.17448979591836716,0.42105263157850414,0.009999999999999001,-0.5,0.0,0.005,0.017,191.0,-0.5,0.1
272,False,0.4396129071171174,0.6688306541788707,0.4756341363645988,0.7269884462157972,0.7999999999984001,0.8749999999978125,0.0,0.28571428571020396,0.8020408163265298,0.42105263157850414,0.009999999999999001,-0.5,0.0,0.001,0.03,806.0,-0.5,0.1
273,False,0.3458944485690123,0.6421117807816203,0.37257382080576995,0.7269884462157972,0.7999999999984001,0.8749999999978125,0.3333333332962963,0.7428571428465305,0.09489795918367337,0.42105263157850414,0.009999999999999001,-0.5,0.0,0.004,0.062,113.0,-0.5,0.1
274,False,0.3871644295492617,0.6862463011385584,0.4205847261234899,0.7269884462157972,0.7999999999984001,0.8749999999978125,0.11111111109876541,0.8142857142740815,0.1826530612244896,0.42105263157850414,0.009999999999999001,-0.5,0.0,0.002,0.067,199.0,-0.5,0.1
275,False,0.27894864189689683,0.371120234048594,0.2837990111465821,0.7269884462157972,0.7999999999984001,0.8749999999978125,0.6666666665925925,0.7999999999885713,0.11326530612244887,0.42105263157850414,0.009999999999999001,-0.5,0.0,0.007,0.066,131.0,-0.5,0.1
276,False,0.33301815760324843,0.30895148633736397,0.3364785492478943,0.7269884462157972,0.7999999999984001,0.8749999999978125,0.3333333332962963,0.35714285713775507,0.028571428571428543,0.42105263157850414,0.009999999999999001,-0.5,0.0,0.004,0.035,48.0,-0.5,0.1
277,False,0.3811340536391993,0.7748231381697515,0.4219394746462506,0.7269884462157972,0.7999999999984001,0.8749999999978125,0.11111111109876541,0.9142857142726529,0.11326530612244887,0.42105263157850414,0.009999999999999001,-0.5,0.0,0.002,0.074,131.0,-0.5,0.1
278,False,0.31014991357906546,0.5141051289800798,0.3247927833186976,0.7269884462157972,0.7999999999984001,0.8749999999978125,0.5555555554938271,0.6999999999899998,0.09489795918367337,0.42105263157850414,0.009999999999999001,-0.5,0.0,0.006,0.059,113.0,-0.5,0.1
279,False,0.2971813616351891,0.44562480638834195,0.3066962820331129,0.7269884462157972,0.7999999999984001,0.8749999999978125,0.5555555554938271,0.985714285700204,0.054081632653061165,0.42105263157850414,0.009999999999999001,-0.5,0.0,0.006,0.079,73.0,-0.5,0.1
280,False,0.19575230065119803,0.14042310566781385,0.19575277446117864,0.7269884462157972,0.7999999999984001,0.8749999999978125,0.8888888887901233,0.8714285714161222,0.07448979591836727,0.42105263157850414,0.009999999999999001,-0.5,0.0,0.009,0.071,93.0,-0.5,0.1
281,False,0.41122913180865683,0.618179393305873,0.44053146225978096,0.7269884462157972,0.7999999999984001,0.8749999999978125,0.0,0.22857142856816323,0.6428571428571422,0.42105263157850414,0.009999999999999001,-0.5,0.0,0.001,0.026,650.0,-0.5,0.1
282,False,0.33383196281746036,0.469509347530332,0.3465400795686907,0.7269884462157972,0.7999999999984001,0.8749999999978125,0.5555555554938271,0.0,0.09081632653061215,0.42105263157850414,0.009999999999999001,-0.5,0.0,0.006,0.01,109.0,-0.5,0.1
283,False,0.2927368921232941,0.6001951993927787,0.3127544987281018,0.7269884462157972,0.7999999999984001,0.8749999999978125,0.9999999998888889,0.35714285713775507,0.054081632653061165,0.42105263157850414,0.009999999999999001,-0.5,0.0,0.01,0.035,73.0,-0.5,0.1
284,False,0.3742815387114863,0.49379742982448965,0.39091140273366903,0.7269884462157972,0.7999999999984001,0.8749999999978125,0.11111111109876541,0.6142857142769386,0.18775510204081614,0.42105263157850414,0.009999999999999001,-0.5,0.0,0.002,0.053,204.0,-0.5,0.1
285,False,0.32909318061501386,0.5098561171415997,0.3444147296690432,0.7269884462157972,0.7999999999984001,0.8749999999978125,0.44444444439506164,0.5285714285638774,0.04897959183673464,0.42105263157850414,0.009999999999999001,-0.5,0.0,0.005,0.047,68.0,-0.5,0.1
286,False,0.31150182521360803,0.5032677908595554,0.32545170606715573,0.7269884462157972,0.7999999999984001,0.8749999999978125,0.5555555554938271,0.7285714285610202,0.12857142857142845,0.42105263157850414,0.009999999999999001,-0.5,0.0,0.006,0.061,146.0,-0.5,0.1
287,False,0.39415896471034745,0.489222666235125,0.4116113329424822,0.7269884462157972,0.7999999999984001,0.8749999999978125,0.11111111109876541,0.35714285713775507,0.4806122448979587,0.42105263157850414,0.009999999999999001,-0.5,0.0,0.002,0.035,491.0,-0.5,0.1
288,False,0.4059881180639883,0.639321171159353,0.43673614091603635,0.7269884462157972,0.7999999999984001,0.8749999999978125,0.0,0.142857142855102,0.6704081632653054,0.42105263157850414,0.009999999999999001,-0.5,0.0,0.001,0.02,677.0,-0.5,0.1
289,False,0.36863625840880976,0.6357599732251595,0.39635483658183196,0.7269884462157972,0.7999999999984001,0.8749999999978125,0.22222222219753082,0.7571428571320407,0.1612244897959182,0.42105263157850414,0.009999999999999001,-0.5,0.0,0.003,0.063,178.0,-0.5,0.1
290,False,0.38573793792521316,0.6833084542709129,0.4187926666272631,0.7269884462157972,0.7999999999984001,0.8749999999978125,0.0,0.8142857142740815,0.1020408163265305,0.42105263157850414,0.009999999999999001,-0.5,0.0,0.001,0.067,120.0,-0.5,0.1
291,False,0.38141111716841414,0.4919764387863782,0.39831720242196855,0.7269884462157972,0.7999999999984001,0.8749999999978125,0.11111111109876541,0.5857142857059182,0.25510204081632626,0.42105263157850414,0.009999999999999001,-0.5,0.0,0.002,0.051,270.0,-0.5,0.1
292,False,0.3521785858630804,0.6236782445811085,0.37775847629831527,0.7269884462157972,0.7999999999984001,0.8749999999978125,0.3333333332962963,0.71428571427551,0.15510204081632636,0.42105263157850414,0.009999999999999001,-0.5,0.0,0.004,0.06,172.0,-0.5,0.1
293,False,0.3345513123475845,0.18599440636575007,0.3348031312366121,0.7269884462157972,0.7999999999984001,0.8749999999978125,0.11111111109876541,0.32857142856673466,0.05102040816326525,0.42105263157850414,0.009999999999999001,-0.5,0.0,0.002,0.033,70.0,-0.5,0.1
294,False,0.33184601660253005,0.523177018924756,0.3482906158869655,0.7269884462157972,0.7999999999984001,0.8749999999978125,0.44444444439506164,0.5428571428493877,0.09183673469387746,0.42105263157850414,0.009999999999999001,-0.5,0.0,0.005,0.048,110.0,-0.5,0.1
295,False,0.298283833097897,0.5608237534747488,0.3156712522101102,0.7269884462157972,0.7999999999984001,0.8749999999978125,0.7777777776913579,0.44285714285081623,0.04387755102040812,0.42105263157850414,0.009999999999999001,-0.5,0.0,0.008,0.041,63.0,-0.5,0.1
296,False,0.33257638879617335,0.4633154719002852,0.344799147087267,0.7269884462157972,0.7999999999984001,0.8749999999978125,0.5555555554938271,0.01428571428551019,0.06530612244897953,0.42105263157850414,0.009999999999999001,-0.5,0.0,0.006,0.011,84.0,-0.5,0.1
297,False,0.3800568616834005,0.4281934679301156,0.39218072106059193,0.7269884462157972,0.7999999999984001,0.8749999999978125,0.11111111109876541,0.45714285713632646,0.33163265306122414,0.42105263157850414,0.009999999999999001,-0.5,0.0,0.002,0.042,345.0,-0.5,0.1
298,False,0.38062103952960025,0.7884236351018358,0.42260758529308423,0.7269884462157972,0.7999999999984001,0.8749999999978125,0.11111111109876541,0.9285714285581631,0.10612244897959172,0.42105263157850414,0.009999999999999001,-0.5,0.0,0.002,0.075,124.0,-0.5,0.1
299,False,0.3129588382828654,0.686474193510435,0.3410824186289204,0.7269884462157972,0.7999999999984001,0.8749999999978125,0.7777777776913579,0.2999999999957142,0.08673469387755094,0.42105263157850414,0.009999999999999001,-0.5,0.0,0.008,0.031,105.0,-0.5,0.1
300,False,0.305577407607531,0.45064353301650206,0.31575181553426435,0.7269884462157972,0.7999999999984001,0.8749999999978125,0.5555555554938271,0.9571428571291836,0.143877551020408,0.42105263157850414,0.009999999999999001,-0.5,0.0,0.006,0.077,161.0,-0.5,0.1
301,False,0.32040763817553947,0.6003796191906288,0.3420768931735765,0.7269884462157972,0.7999999999984001,0.8749999999978125,0.5555555554938271,0.5571428571348979,0.12346938775510191,0.42105263157850414,0.009999999999999001,-0.5,0.0,0.006,0.049,141.0,-0.5,0.1
302,False,0.4483759045392304,0.5191260717596909,0.47187638352813427,0.7269884462157972,0.7999999999984001,0.8749999999978125,0.0,0.5999999999914284,0.5367346938775505,0.42105263157850414,0.009999999999999001,-0.5,0.0,0.001,0.052,546.0,-0.5,0.1
303,False,0.3762235146789034,0.711320953628625,0.41100560473537023,0.7269884462157972,0.7999999999984001,0.8749999999978125,0.22222222219753082,0.8285714285595918,0.19387755102040796,0.42105263157850414,0.009999999999999001,-0.5,0.0,0.003,0.068,210.0,-0.5,0.1
304,False,0.33473548289955496,0.3915378205716476,0.3424745574328738,0.7269884462157972,0.7999999999984001,0.8749999999978125,0.44444444439506164,0.32857142856673466,0.12857142857142845,0.42105263157850414,0.009999999999999001,-0.5,0.0,0.005,0.033,146.0,-0.5,0.1
305,False,0.35051279636139104,0.4890376363271631,0.365462754350634,0.7269884462157972,0.7999999999984001,0.8749999999978125,0.3333333332962963,0.5571428571348979,0.17551020408163248,0.42105263157850414,0.009999999999999001,-0.5,0.0,0.004,0.049,192.0,-0.5,0.1
306,False,0.3784495150741702,0.4576937278539852,0.39261202416799507,0.7269884462157972,0.7999999999984001,0.8749999999978125,0.11111111109876541,0.5428571428493877,0.2632653061224487,0.42105263157850414,0.009999999999999001,-0.5,0.0,0.002,0.048,278.0,-0.5,0.1
307,False,0.32137872964866876,0.7818209369326287,0.35816809733430316,0.7269884462157972,0.7999999999984001,0.8749999999978125,0.8888888887901233,0.07142857142755099,0.07551020408163257,0.42105263157850414,0.009999999999999001,-0.5,0.0,0.009,0.015,94.0,-0.5,0.1
308,False,0.3574246741826889,0.38780046742818935,0.3658341464017095,0.7269884462157972,0.7999999999984001,0.8749999999978125,0.0,0.5142857142783672,0.03163265306122446,0.42105263157850414,0.009999999999999001,-0.5,0.0,0.001,0.046,51.0,-0.5,0.1
309,False,0.43768997916848207,0.7430841770026329,0.48032123558741097,0.7269884462157972,0.7999999999984001,0.8749999999978125,0.0,0.19999999999714282,0.9081632653061215,0.42105263157850414,0.009999999999999001,-0.5,0.0,0.001,0.024,910.0,-0.5,0.1
310,False,0.4335104998493468,0.6035643124116432,0.46322564149031314,0.7269884462157972,0.7999999999984001,0.8749999999978125,0.0,0.985714285700204,0.324489795918367,0.42105263157850414,0.009999999999999001,-0.5,0.0,0.001,0.079,338.0,-0.5,0.1
311,False,0.316964331032868,0.046537772452775406,0.316964331032868,0.7269884462157972,0.7999999999984001,0.8749999999978125,0.11111111109876541,0.1714285714261224,0.07755102040816318,0.42105263157850414,0.009999999999999001,-0.5,0.0,0.002,0.022,96.0,-0.5,0.1
312,False,0.34800409011486116,0.618002822841712,0.37283963407636533,0.7269884462157972,0.7999999999984001,0.8749999999978125,0.3333333332962963,0.71428571427551,0.11836734693877539,0.42105263157850414,0.009999999999999001,-0.5,0.0,0.004,0.06,136.0,-0.5,0.1
313,False,0.36698838154732905,0.6859602328508468,0.39887088417839883,0.7269884462157972,0.7999999999984001,0.8749999999978125,0.11111111109876541,0.8285714285595918,0.022448979591836712,0.42105263157850414,0.009999999999999001,-0.5,0.0,0.002,0.068,42.0,-0.5,0.1
314,False,0.3750752345391017,0.45882161476224503,0.3891381987701017,0.7269884462157972,0.7999999999984001,0.8749999999978125,0.0,0.571428571420408,0.1612244897959182,0.42105263157850414,0.009999999999999001,-0.5,0.0,0.001,0.05,178.0,-0.5,0.1
315,False,0.33822586427583223,0.179777269758515,0.338434459491887,0.7269884462157972,0.7999999999984001,0.8749999999978125,0.11111111109876541,0.25714285713918367,0.1795918367346937,0.42105263157850414,0.009999999999999001,-0.5,0.0,0.002,0.028,196.0,-0.5,0.1
316,False,0.5053371993238532,0.3494164231017212,0.5186199326244164,0.7269884462157972,0.7999999999984001,0.8749999999978125,0.0,0.71428571427551,0.662244897959183,0.42105263157850414,0.009999999999999001,-0.5,0.0,0.001,0.06,669.0,-0.5,0.1
317,False,0.33797106469388405,0.2760296699250858,0.3402580398974337,0.7269884462157972,0.7999999999984001,0.8749999999978125,0.3333333332962963,0.11428571428408159,0.2020408163265304,0.42105263157850414,0.009999999999999001,-0.5,0.0,0.004,0.018,218.0,-0.5,0.1
318,False,0.3727068781630117,0.43680144445064073,0.38506563813027506,0.7269884462157972,0.7999999999984001,0.8749999999978125,0.11111111109876541,0.09999999999857143,0.47551020408163214,0.42105263157850414,0.009999999999999001,-0.5,0.0,0.002,0.017,486.0,-0.5,0.1
319,False,0.32324722986238696,0.49978508701911356,0.3375437026656696,0.7269884462157972,0.7999999999984001,0.8749999999978125,0.5555555554938271,0.3714285714232652,0.04387755102040812,0.42105263157850414,0.009999999999999001,-0.5,0.0,0.006,0.036,63.0,-0.5,0.1
320,False,0.3744084484183497,0.43696827627296364,0.38686522551104946,0.7269884462157972,0.7999999999984001,0.8749999999978125,0.11111111109876541,0.1285714285695918,0.4775510204081628,0.42105263157850414,0.009999999999999001,-0.5,0.0,0.002,0.019,488.0,-0.5,0.1
321,False,0.393048274588921,0.6855617849152308,0.42685938078531144,0.7269884462157972,0.7999999999984001,0.8749999999978125,0.22222222219753082,0.8571428571306121,0.2836734693877548,0.42105263157850414,0.009999999999999001,-0.5,0.0,0.003,0.07,298.0,-0.5,0.1
322,False,0.38776564759786836,0.5567511892275688,0.4102197129375861,0.7269884462157972,0.7999999999984001,0.8749999999978125,0.11111111109876541,0.6571428571334693,0.25408163265306094,0.42105263157850414,0.009999999999999001,-0.5,0.0,0.002,0.056,269.0,-0.5,0.1
323,False,0.3682445790237433,0.3672179478742883,0.3758329807966099,0.7269884462157972,0.7999999999984001,0.8749999999978125,0.11111111109876541,0.21428571428265303,0.4010204081632649,0.42105263157850414,0.009999999999999001,-0.5,0.0,0.002,0.025,413.0,-0.5,0.1
324,False,0.33390354259508076,0.16261602438777253,0.3339905463732896,0.7269884462157972,0.7999999999984001,0.8749999999978125,0.0,0.08571428571306121,0.14489795918367332,0.42105263157850414,0.009999999999999001,-0.5,0.0,0.001,0.016,162.0,-0.5,0.1
325,False,0.29085974580080315,0.5401476325266565,0.3063631724181318,0.7269884462157972,0.7999999999984001,0.8749999999978125,0.8888888887901233,0.42857142856530606,0.06428571428571422,0.42105263157850414,0.009999999999999001,-0.5,0.0,0.009,0.04,83.0,-0.5,0.1
326,False,0.32306326024069126,0.1249814235289981,0.3230670609206855,0.7269884462157972,0.7999999999984001,0.8749999999978125,0.22222222219753082,0.08571428571306121,0.03775510204081629,0.42105263157850414,0.009999999999999001,-0.5,0.0,0.003,0.016,57.0,-0.5,0.1
327,False,0.31187963930212054,0.6818384178224084,0.33954969558787673,0.7269884462157972,0.7999999999984001,0.8749999999978125,0.7777777776913579,0.28571428571020396,0.03367346938775507,0.42105263157850414,0.009999999999999001,-0.5,0.0,0.008,0.03,53.0,-0.5,0.1
328,False,0.3399528500486472,0.24805950376871833,0.34139227558963825,0.7269884462157972,0.7999999999984001,0.8749999999978125,0.22222222219753082,0.04285714285653059,0.2387755102040814,0.42105263157850414,0.009999999999999001,-0.5,0.0,0.003,0.013,254.0,-0.5,0.1
329,False,0.4385163338664092,0.7888626294940493,0.4854502795447573,0.7269884462157972,0.7999999999984001,0.8749999999978125,0.0,0.15714285714061224,0.996938775510203,0.42105263157850414,0.009999999999999001,-0.5,0.0,0.001,0.021,997.0,-0.5,0.1
330,False,0.34610976848713787,0.2504826660950161,0.3477062698242937,0.7269884462157972,0.7999999999984001,0.8749999999978125,0.11111111109876541,0.08571428571306121,0.2846938775510201,0.42105263157850414,0.009999999999999001,-0.5,0.0,0.002,0.016,299.0,-0.5,0.1
331,False,0.3422501833753436,0.28763347791351734,0.34505156977827695,0.7269884462157972,0.7999999999984001,0.8749999999978125,0.22222222219753082,0.3999999999942856,0.10612244897959172,0.42105263157850414,0.009999999999999001,-0.5,0.0,0.003,0.038,124.0,-0.5,0.1
332,False,0.3267669966401335,0.554445243831102,0.34526834462571293,0.7269884462157972,0.7999999999984001,0.8749999999978125,0.44444444439506164,0.5857142857059182,0.027551020408163235,0.42105263157850414,0.009999999999999001,-0.5,0.0,0.005,0.051,47.0,-0.5,0.1
333,False,0.4097886030055582,0.6881281916640904,0.44513502575029684,0.7269884462157972,0.7999999999984001,0.8749999999978125,0.0,0.8285714285595918,0.24795918367346914,0.42105263157850414,0.009999999999999001,-0.5,0.0,0.001,0.068,263.0,-0.5,0.1
334,False,0.460242711173729,0.4637345799509122,0.47990025970657874,0.7269884462157972,0.7999999999984001,0.8749999999978125,0.11111111109876541,0.9285714285581631,0.47653061224489746,0.42105263157850414,0.009999999999999001,-0.5,0.0,0.002,0.075,487.0,-0.5,0.1
335,False,0.3610494452678311,0.49788159118072933,0.3772331086151368,0.7269884462157972,0.7999999999984001,0.8749999999978125,0.22222222219753082,0.6142857142769386,0.15612244897959168,0.42105263157850414,0.009999999999999001,-0.5,0.0,0.003,0.053,173.0,-0.5,0.1
336,False,0.34891242249794097,0.4429391795028203,0.36052843594266515,0.7269884462157972,0.7999999999984001,0.8749999999978125,0.22222222219753082,0.571428571420408,0.054081632653061165,0.42105263157850414,0.009999999999999001,-0.5,0.0,0.003,0.05,73.0,-0.5,0.1
337,False,0.32349964880402343,0.6209514882405501,0.34698938323719547,0.7269884462157972,0.7999999999984001,0.8749999999978125,0.44444444439506164,0.6857142857044897,0.01224489795918366,0.42105263157850414,0.009999999999999001,-0.5,0.0,0.005,0.058,32.0,-0.5,0.1
338,False,0.35212406300071725,0.453459974001495,0.3646195251095605,0.7269884462157972,0.7999999999984001,0.8749999999978125,0.3333333332962963,0.499999999992857,0.21020408163265283,0.42105263157850414,0.009999999999999001,-0.5,0.0,0.004,0.045,226.0,-0.5,0.1
339,False,0.3333834851382284,0.24385868017511414,0.33462638017416074,0.7269884462157972,0.7999999999984001,0.8749999999978125,0.3333333332962963,0.18571428571163262,0.13163265306122435,0.42105263157850414,0.009999999999999001,-0.5,0.0,0.004,0.023,149.0,-0.5,0.1
340,False,0.3296188154280471,0.4564871412584,0.3412406915817661,0.7269884462157972,0.7999999999984001,0.8749999999978125,0.5555555554938271,0.22857142856816323,0.0999999999999999,0.42105263157850414,0.009999999999999001,-0.5,0.0,0.006,0.026,118.0,-0.5,0.1
341,False,0.3854420173605847,0.671010508135661,0.41740239176116106,0.7269884462157972,0.7999999999984001,0.8749999999978125,0.11111111109876541,0.7999999999885713,0.17653061224489777,0.42105263157850414,0.009999999999999001,-0.5,0.0,0.002,0.066,193.0,-0.5,0.1
342,False,0.3268694006981315,0.6183848190925271,0.35036714560433346,0.7269884462157972,0.7999999999984001,0.8749999999978125,0.44444444439506164,0.6857142857044897,0.060204081632653,0.42105263157850414,0.009999999999999001,-0.5,0.0,0.005,0.058,79.0,-0.5,0.1
343,False,0.4238593071109224,0.8306824419900867,0.47338418978424784,0.7269884462157972,0.7999999999984001,0.8749999999978125,0.0,0.11428571428408159,0.8673469387755093,0.42105263157850414,0.009999999999999001,-0.5,0.0,0.001,0.018,870.0,-0.5,0.1
344,False,0.34925587724138557,0.5441820188451045,0.3682856359911181,0.7269884462157972,0.7999999999984001,0.8749999999978125,0.3333333332962963,0.6285714285624489,0.14489795918367332,0.42105263157850414,0.009999999999999001,-0.5,0.0,0.004,0.054,162.0,-0.5,0.1
345,False,0.3390546491045749,0.1882977959908307,0.33934812049001456,0.7269884462157972,0.7999999999984001,0.8749999999978125,0.11111111109876541,0.15714285714061224,0.22857142857142834,0.42105263157850414,0.009999999999999001,-0.5,0.0,0.002,0.021,244.0,-0.5,0.1
346,False,0.5086237175144233,0.34024301039277344,0.5213813844504829,0.7269884462157972,0.7999999999984001,0.8749999999978125,0.0,0.7285714285610202,0.662244897959183,0.42105263157850414,0.009999999999999001,-0.5,0.0,0.001,0.061,669.0,-0.5,0.1
347,False,0.2416250588578296,0.280307422786609,0.24271102907504497,0.7269884462157972,0.7999999999984001,0.8749999999978125,0.8888888887901233,0.6999999999899998,0.07959183673469379,0.42105263157850414,0.009999999999999001,-0.5,0.0,0.009,0.059,98.0,-0.5,0.1
348,False,0.3234120123305622,0.12138050034921834,0.3234145686550158,0.7269884462157972,0.7999999999984001,0.8749999999978125,0.22222222219753082,0.09999999999857143,0.06428571428571422,0.42105263157850414,0.009999999999999001,-0.5,0.0,0.003,0.017,83.0,-0.5,0.1
349,False,0.272573670245002,0.4310627178959002,0.2803053877985773,0.7269884462157972,0.7999999999984001,0.8749999999978125,0.8888888887901233,0.5428571428493877,0.02653061224489793,0.42105263157850414,0.009999999999999001,-0.5,0.0,0.009,0.048,46.0,-0.5,0.1
350,False,0.32707270229078894,0.5859486776075955,0.34801772360662653,0.7269884462157972,0.7999999999984001,0.8749999999978125,0.44444444439506164,0.7714285714175508,0.08367346938775501,0.42105263157850414,0.009999999999999001,-0.5,0.0,0.005,0.064,102.0,-0.5,0.1
351,False,0.3478756594575654,0.5418013367860232,0.366639733764903,0.7269884462157972,0.7999999999984001,0.8749999999978125,0.3333333332962963,0.6285714285624489,0.13163265306122435,0.42105263157850414,0.009999999999999001,-0.5,0.0,0.004,0.054,149.0,-0.5,0.1
352,False,0.59765450463742,0.150678736496497,0.6012694332857897,0.7269884462157972,0.7999999999984001,0.8749999999978125,0.0,0.8142857142740815,0.8479591836734685,0.42105263157850414,0.009999999999999001,-0.5,0.0,0.001,0.067,851.0,-0.5,0.1
353,False,0.33513702065978596,0.3980051785041544,0.3432755816370582,0.7269884462157972,0.7999999999984001,0.8749999999978125,0.3333333332962963,0.4714285714218366,0.008163265306122441,0.42105263157850414,0.009999999999999001,-0.5,0.0,0.004,0.043,28.0,-0.5,0.1
354,False,0.3777212203161502,0.39686635680419946,0.38758996322235223,0.7269884462157972,0.7999999999984001,0.8749999999978125,0.0,0.42857142856530606,0.29285714285714254,0.42105263157850414,0.009999999999999001,-0.5,0.0,0.001,0.04,307.0,-0.5,0.1
355,False,0.42248344451442704,0.5834636326458464,0.44961748235018884,0.7269884462157972,0.7999999999984001,0.8749999999978125,0.11111111109876541,0.7428571428465305,0.3897959183673465,0.42105263157850414,0.009999999999999001,-0.5,0.0,0.002,0.062,402.0,-0.5,0.1
356,False,0.32296856629678233,0.5576180535163378,0.3414926156132899,0.7269884462157972,0.7999999999984001,0.8749999999978125,0.6666666665925925,0.18571428571163262,0.019387755102040796,0.42105263157850414,0.009999999999999001,-0.5,0.0,0.007,0.023,39.0,-0.5,0.1
357,False,0.3738481884824281,0.426751224702433,0.38556099255679105,0.7269884462157972,0.7999999999984001,0.8749999999978125,0.0,0.5285714285638774,0.18571428571428553,0.42105263157850414,0.009999999999999001,-0.5,0.0,0.001,0.047,202.0,-0.5,0.1
358,False,0.36170283657980035,0.3616162985156836,0.3687081492280627,0.7269884462157972,0.7999999999984001,0.8749999999978125,0.11111111109876541,0.4714285714218366,0.19183673469387735,0.42105263157850414,0.009999999999999001,-0.5,0.0,0.002,0.043,208.0,-0.5,0.1
359,False,0.3957591847125885,0.6621434782794019,0.4277249553264995,0.7269884462157972,0.7999999999984001,0.8749999999978125,0.11111111109876541,0.7714285714175508,0.24897959183673443,0.42105263157850414,0.009999999999999001,-0.5,0.0,0.002,0.064,264.0,-0.5,0.1
360,False,0.4673385208837944,0.5098774464570752,0.49143537091434686,0.7269884462157972,0.7999999999984001,0.8749999999978125,0.0,0.45714285713632646,0.7714285714285706,0.42105263157850414,0.009999999999999001,-0.5,0.0,0.001,0.042,776.0,-0.5,0.1
361,False,0.36401579376305687,0.6436349360082415,0.3920736508493716,0.7269884462157972,0.7999999999984001,0.8749999999978125,0.11111111109876541,0.7857142857030611,0.009183673469387746,0.42105263157850414,0.009999999999999001,-0.5,0.0,0.002,0.065,29.0,-0.5,0.1
362,False,0.459885183615939,0.4776120665666571,0.480681940010092,0.7269884462157972,0.7999999999984001,0.8749999999978125,0.0,0.7857142857030611,0.47551020408163214,0.42105263157850414,0.009999999999999001,-0.5,0.0,0.001,0.065,486.0,-0.5,0.1
363,False,0.3256021470398001,0.5021700533960772,0.3401888315003505,0.7269884462157972,0.7999999999984001,0.8749999999978125,0.5555555554938271,0.3714285714232652,0.08979591836734685,0.42105263157850414,0.009999999999999001,-0.5,0.0,0.006,0.036,108.0,-0.5,0.1
364,False,0.35619870666653536,0.6180499964231745,0.38158454314520307,0.7269884462157972,0.7999999999984001,0.8749999999978125,0.3333333332962963,0.6999999999899998,0.18979591836734674,0.42105263157850414,0.009999999999999001,-0.5,0.0,0.004,0.059,206.0,-0.5,0.1
365,False,0.41866759760463435,0.6135341783120655,0.4481246873472229,0.7269884462157972,0.7999999999984001,0.8749999999978125,0.0,0.642857142847959,0.37857142857142817,0.42105263157850414,0.009999999999999001,-0.5,0.0,0.001,0.055,391.0,-0.5,0.1
366,False,0.3543825130650499,0.3865569566210358,0.36259199503005946,0.7269884462157972,0.7999999999984001,0.8749999999978125,0.11111111109876541,0.5285714285638774,0.06632653061224483,0.42105263157850414,0.009999999999999001,-0.5,0.0,0.002,0.047,85.0,-0.5,0.1
367,False,0.3476924792194715,0.36507487567001534,0.35438340490761755,0.7269884462157972,0.7999999999984001,0.8749999999978125,0.22222222219753082,0.4857142857073468,0.09897959183673459,0.42105263157850414,0.009999999999999001,-0.5,0.0,0.003,0.044,117.0,-0.5,0.1
368,False,0.3417318490468347,0.509154185557288,0.35768237563012695,0.7269884462157972,0.7999999999984001,0.8749999999978125,0.3333333332962963,0.5999999999914284,0.07040816326530605,0.42105263157850414,0.009999999999999001,-0.5,0.0,0.004,0.052,89.0,-0.5,0.1
369,False,0.3131449236467503,0.6789514390515015,0.3406622183848119,0.7269884462157972,0.7999999999984001,0.8749999999978125,0.7777777776913579,0.2714285714246939,0.0408163265306122,0.42105263157850414,0.009999999999999001,-0.5,0.0,0.008,0.029,60.0,-0.5,0.1
370,False,0.36456740052613046,0.5169531066625638,0.38240284134374053,0.7269884462157972,0.7999999999984001,0.8749999999978125,0.22222222219753082,0.6285714285624489,0.17857142857142838,0.42105263157850414,0.009999999999999001,-0.5,0.0,0.003,0.054,195.0,-0.5,0.1
371,False,0.30410524753030166,0.5876666604335242,0.3238255387940553,0.7269884462157972,0.7999999999984001,0.8749999999978125,0.7777777776913579,0.4142857142797958,0.10510204081632642,0.42105263157850414,0.009999999999999001,-0.5,0.0,0.008,0.039,123.0,-0.5,0.1
372,False,0.452310282410492,0.4995508083484052,0.47442647361455137,0.7269884462157972,0.7999999999984001,0.8749999999978125,0.11111111109876541,0.9999999999857142,0.4428571428571424,0.42105263157850414,0.009999999999999001,-0.5,0.0,0.002,0.08,454.0,-0.5,0.1
373,False,0.3553282906944322,0.7231359800726103,0.38956139860842715,0.7269884462157972,0.7999999999984001,0.8749999999978125,0.22222222219753082,0.8571428571306121,0.021428571428571404,0.42105263157850414,0.009999999999999001,-0.5,0.0,0.003,0.07,41.0,-0.5,0.1
374,False,0.35533652555422435,0.3307838430962507,0.3604332585570621,0.7269884462157972,0.7999999999984001,0.8749999999978125,0.11111111109876541,0.04285714285653059,0.35612244897959144,0.42105263157850414,0.009999999999999001,-0.5,0.0,0.002,0.013,369.0,-0.5,0.1
375,False,0.3618352670725816,0.6824698437121453,0.39304010896852903,0.7269884462157972,0.7999999999984001,0.8749999999978125,0.22222222219753082,0.8142857142740815,0.09183673469387746,0.42105263157850414,0.009999999999999001,-0.5,0.0,0.003,0.067,110.0,-0.5,0.1
376,False,0.28360909532116124,0.44524438918040515,0.29256483636816805,0.7269884462157972,0.7999999999984001,0.8749999999978125,0.7777777776913579,0.571428571420408,0.07857142857142849,0.42105263157850414,0.009999999999999001,-0.5,0.0,0.008,0.05,97.0,-0.5,0.1
377,False,0.41554302902904633,0.6135783014986648,0.444768790701219,0.7269884462157972,0.7999999999984001,0.8749999999978125,0.11111111109876541,0.7714285714175508,0.347959183673469,0.42105263157850414,0.009999999999999001,-0.5,0.0,0.002,0.064,361.0,-0.5,0.1
378,False,0.33171077212220923,0.27217015558051844,0.3337551416429794,0.7269884462157972,0.7999999999984001,0.8749999999978125,0.3333333332962963,0.2999999999957142,0.0408163265306122,0.42105263157850414,0.009999999999999001,-0.5,0.0,0.004,0.031,60.0,-0.5,0.1
379,False,0.33208608411878116,0.3362521451067827,0.33676209939316865,0.7269884462157972,0.7999999999984001,0.8749999999978125,0.44444444439506164,0.1285714285695918,0.0826530612244897,0.42105263157850414,0.009999999999999001,-0.5,0.0,0.005,0.019,101.0,-0.5,0.1
380,False,0.4102589507529468,0.6367230752799325,0.44110373063520625,0.7269884462157972,0.7999999999984001,0.8749999999978125,0.11111111109876541,0.7714285714175508,0.3234693877551017,0.42105263157850414,0.009999999999999001,-0.5,0.0,0.002,0.064,337.0,-0.5,0.1
381,False,0.33048755087853443,0.3333583219473218,0.33497997954295466,0.7269884462157972,0.7999999999984001,0.8749999999978125,0.44444444439506164,0.142857142855102,0.044897959183673425,0.42105263157850414,0.009999999999999001,-0.5,0.0,0.005,0.02,64.0,-0.5,0.1
382,True,0.6898134468516198,0.0,0.6898134468516198,0.7269884462157972,0.7999999999984001,0.8749999999978125,0.0,0.9428571428436734,0.926530612244897,0.42105263157850414,0.009999999999999001,-0.5,0.0,0.001,0.076,928.0,-0.5,0.1
383,False,0.21158570341959246,0.1894823779505423,0.2116251868956106,0.7269884462157972,0.7999999999984001,0.8749999999978125,0.8888888887901233,0.8142857142740815,0.013265306122448965,0.42105263157850414,0.009999999999999001,-0.5,0.0,0.009,0.067,33.0,-0.5,0.1
384,False,0.3945027789445055,0.5141943858419338,0.4139486103881237,0.7269884462157972,0.7999999999984001,0.8749999999978125,0.0,0.21428571428265303,0.5377551020408158,0.42105263157850414,0.009999999999999001,-0.5,0.0,0.001,0.025,547.0,-0.5,0.1
385,False,0.36823158286024943,0.4564656405519678,0.38176037690455183,0.7269884462157972,0.7999999999984001,0.8749999999978125,0.22222222219753082,0.5285714285638774,0.25816326530612216,0.42105263157850414,0.009999999999999001,-0.5,0.0,0.003,0.047,273.0,-0.5,0.1
386,False,0.33360744874564935,0.6050915036931557,0.3564685943483533,0.7269884462157972,0.7999999999984001,0.8749999999978125,0.44444444439506164,0.7285714285610202,0.1418367346938774,0.42105263157850414,0.009999999999999001,-0.5,0.0,0.005,0.061,159.0,-0.5,0.1
387,False,0.366164036441787,0.527163823993778,0.38488501600369285,0.7269884462157972,0.7999999999984001,0.8749999999978125,0.0,0.6571428571334693,0.008163265306122441,0.42105263157850414,0.009999999999999001,-0.5,0.0,0.001,0.056,28.0,-0.5,0.1
388,False,0.2686815863697211,0.35158371845996234,0.27241870734369666,0.7269884462157972,0.7999999999984001,0.8749999999978125,0.6666666665925925,0.8571428571306121,0.019387755102040796,0.42105263157850414,0.009999999999999001,-0.5,0.0,0.007,0.07,39.0,-0.5,0.1
389,False,0.34907015430620036,0.6675220112595681,0.3780918290622423,0.7269884462157972,0.7999999999984001,0.8749999999978125,0.3333333332962963,0.9714285714146937,0.0999999999999999,0.42105263157850414,0.009999999999999001,-0.5,0.0,0.004,0.078,118.0,-0.5,0.1
390,False,0.371272127243211,0.3699468651679409,0.379146969983533,0.7269884462157972,0.7999999999984001,0.8749999999978125,0.11111111109876541,0.34285714285224483,0.3520408163265302,0.42105263157850414,0.009999999999999001,-0.5,0.0,0.002,0.034,365.0,-0.5,0.1
391,False,0.3905398838890268,0.49140656744854566,0.4079442840753069,0.7269884462157972,0.7999999999984001,0.8749999999978125,0.0,0.5571428571348979,0.2806122448979589,0.42105263157850414,0.009999999999999001,-0.5,0.0,0.001,0.049,295.0,-0.5,0.1
392,False,0.30278266842370805,0.4473633268415903,0.31263443801922186,0.7269884462157972,0.7999999999984001,0.8749999999978125,0.5555555554938271,0.9428571428436734,0.11836734693877539,0.42105263157850414,0.009999999999999001,-0.5,0.0,0.006,0.076,136.0,-0.5,0.1
393,False,0.37339782214599776,0.6388258685486418,0.4017124525966145,0.7269884462157972,0.7999999999984001,0.8749999999978125,0.0,0.7714285714175508,0.015306122448979576,0.42105263157850414,0.009999999999999001,-0.5,0.0,0.001,0.064,35.0,-0.5,0.1
394,False,0.2118711305702493,0.20002342636359896,0.21193865328154915,0.7269884462157972,0.7999999999984001,0.8749999999978125,0.9999999998888889,0.7571428571320407,0.06632653061224483,0.42105263157850414,0.009999999999999001,-0.5,0.0,0.01,0.063,85.0,-0.5,0.1
395,False,0.3381531872278846,0.280123489233096,0.34058951434956997,0.7269884462157972,0.7999999999984001,0.8749999999978125,0.22222222219753082,0.3999999999942856,0.041836734693877504,0.42105263157850414,0.009999999999999001,-0.5,0.0,0.003,0.038,61.0,-0.5,0.1
396,False,0.48744312183719557,0.41214385506484436,0.5046681093179183,0.7269884462157972,0.7999999999984001,0.8749999999978125,0.0,0.9999999999857142,0.518367346938775,0.42105263157850414,0.009999999999999001,-0.5,0.0,0.001,0.08,528.0,-0.5,0.1
397,False,0.3112180356516153,0.5530881855110299,0.3287422455827616,0.7269884462157972,0.7999999999984001,0.8749999999978125,0.5555555554938271,0.6285714285624489,0.04897959183673464,0.42105263157850414,0.009999999999999001,-0.5,0.0,0.006,0.054,68.0,-0.5,0.1
398,False,0.44641017758957446,0.5005471705340849,0.4681937779368874,0.7269884462157972,0.7999999999984001,0.8749999999978125,0.11111111109876541,0.8285714285595918,0.45204081632653015,0.42105263157850414,0.009999999999999001,-0.5,0.0,0.002,0.068,463.0,-0.5,0.1
399,False,0.33922799759401623,0.47839637271404434,0.35282490547513096,0.7269884462157972,0.7999999999984001,0.8749999999978125,0.44444444439506164,0.45714285713632646,0.17857142857142838,0.42105263157850414,0.009999999999999001,-0.5,0.0,0.005,0.042,195.0,-0.5,0.1
400,False,0.3697306145676881,0.4091620432981836,0.3800493094798725,0.7269884462157972,0.7999999999984001,0.8749999999978125,0.11111111109876541,0.11428571428408159,0.44897959183673425,0.42105263157850414,0.009999999999999001,-0.5,0.0,0.002,0.018,460.0,-0.5,0.1
401,False,0.389281947983928,0.7414801377337908,0.4277558328595698,0.7269884462157972,0.7999999999984001,0.8749999999978125,0.11111111109876541,0.8714285714161222,0.17857142857142838,0.42105263157850414,0.009999999999999001,-0.5,0.0,0.002,0.071,195.0,-0.5,0.1
402,False,0.3346047636831025,0.1628726144765691,0.3346941341029839,0.7269884462157972,0.7999999999984001,0.8749999999978125,0.11111111109876541,0.1285714285695918,0.20306122448979572,0.42105263157850414,0.009999999999999001,-0.5,0.0,0.002,0.019,219.0,-0.5,0.1
403,False,0.27219732534200075,0.43356756223764026,0.2800559807868663,0.7269884462157972,0.7999999999984001,0.8749999999978125,0.8888888887901233,0.5428571428493877,0.00612244897959183,0.42105263157850414,0.009999999999999001,-0.5,0.0,0.009,0.048,26.0,-0.5,0.1
404,False,0.331893126638248,0.4316110756962298,0.34198509184950987,0.7269884462157972,0.7999999999984001,0.8749999999978125,0.44444444439506164,0.4142857142797958,0.07959183673469379,0.42105263157850414,0.009999999999999001,-0.5,0.0,0.005,0.039,98.0,-0.5,0.1
405,False,0.4038304237308359,0.6222455255657952,0.43293438849527627,0.7269884462157972,0.7999999999984001,0.8749999999978125,0.0,0.142857142855102,0.6530612244897952,0.42105263157850414,0.009999999999999001,-0.5,0.0,0.001,0.02,660.0,-0.5,0.1
406,False,0.5359039819629742,0.2729892220736679,0.5450648410635145,0.7269884462157972,0.7999999999984001,0.8749999999978125,0.0,0.8571428571306121,0.6673469387755095,0.42105263157850414,0.009999999999999001,-0.5,0.0,0.001,0.07,674.0,-0.5,0.1
407,False,0.3607918925089954,0.32403027101418774,0.3657123845371709,0.7269884462157972,0.7999999999984001,0.8749999999978125,0.0,0.4142857142797958,0.17857142857142838,0.42105263157850414,0.009999999999999001,-0.5,0.0,0.001,0.039,195.0,-0.5,0.1
408,False,0.3698486414869752,0.36329540118303677,0.3772644157390823,0.7269884462157972,0.7999999999984001,0.8749999999978125,0.11111111109876541,0.2999999999957142,0.36836734693877515,0.42105263157850414,0.009999999999999001,-0.5,0.0,0.002,0.031,381.0,-0.5,0.1
409,False,0.3303228818029669,0.4761848611662779,0.343320558459639,0.7269884462157972,0.7999999999984001,0.8749999999978125,0.5555555554938271,0.28571428571020396,0.13469387755102027,0.42105263157850414,0.009999999999999001,-0.5,0.0,0.006,0.03,152.0,-0.5,0.1
410,False,0.26446810107816526,0.3412668278333554,0.26770408861277695,0.7269884462157972,0.7999999999984001,0.8749999999978125,0.6666666665925925,0.985714285700204,0.0020408163265306103,0.42105263157850414,0.009999999999999001,-0.5,0.0,0.007,0.079,22.0,-0.5,0.1
411,False,0.3750826811120882,0.5042600590133505,0.39256110602454675,0.7269884462157972,0.7999999999984001,0.8749999999978125,0.0,0.6285714285624489,0.11836734693877539,0.42105263157850414,0.009999999999999001,-0.5,0.0,0.001,0.054,136.0,-0.5,0.1
412,False,0.3230109496778491,0.4829330442313325,0.3361168821077004,0.7269884462157972,0.7999999999984001,0.8749999999978125,0.5555555554938271,0.32857142856673466,0.00612244897959183,0.42105263157850414,0.009999999999999001,-0.5,0.0,0.006,0.033,26.0,-0.5,0.1
413,False,0.2997976893442414,0.6724892372728684,0.32591456453040824,0.7269884462157972,0.7999999999984001,0.8749999999978125,0.9999999998888889,0.28571428571020396,0.03163265306122446,0.42105263157850414,0.009999999999999001,-0.5,0.0,0.01,0.03,51.0,-0.5,0.1
414,False,0.28765474266855784,0.5280637287859028,0.3021490810368714,0.7269884462157972,0.7999999999984001,0.8749999999978125,0.8888888887901233,0.44285714285081623,0.02448979591836732,0.42105263157850414,0.009999999999999001,-0.5,0.0,0.009,0.041,44.0,-0.5,0.1
415,False,0.4380152991914948,0.5260011478486231,0.4613578814666474,0.7269884462157972,0.7999999999984001,0.8749999999978125,0.11111111109876541,0.7285714285610202,0.45918367346938727,0.42105263157850414,0.009999999999999001,-0.5,0.0,0.002,0.061,470.0,-0.5,0.1
416,False,0.3008325671859662,0.5468541579783848,0.3173369470854579,0.7269884462157972,0.7999999999984001,0.8749999999978125,0.6666666665925925,0.5285714285638774,0.0040816326530612205,0.42105263157850414,0.009999999999999001,-0.5,0.0,0.007,0.047,24.0,-0.5,0.1
417,False,0.34822829433373714,0.32861103829737104,0.35299989882987587,0.7269884462157972,0.7999999999984001,0.8749999999978125,0.11111111109876541,0.4714285714218366,0.04591836734693873,0.42105263157850414,0.009999999999999001,-0.5,0.0,0.002,0.043,65.0,-0.5,0.1
418,False,0.3412961512053287,0.3811032020941522,0.34867211700459444,0.7269884462157972,0.7999999999984001,0.8749999999978125,0.3333333332962963,0.44285714285081623,0.11734693877551008,0.42105263157850414,0.009999999999999001,-0.5,0.0,0.004,0.041,135.0,-0.5,0.1
419,False,0.3269206982092358,0.1310777736945216,0.32692859635313776,0.7269884462157972,0.7999999999984001,0.8749999999978125,0.11111111109876541,0.2714285714246939,0.015306122448979576,0.42105263157850414,0.009999999999999001,-0.5,0.0,0.002,0.029,35.0,-0.5,0.1
420,False,0.33809827760015393,0.2982877704584662,0.3412331071979616,0.7269884462157972,0.7999999999984001,0.8749999999978125,0.3333333332962963,0.3142857142812244,0.1418367346938774,0.42105263157850414,0.009999999999999001,-0.5,0.0,0.004,0.032,159.0,-0.5,0.1
421,False,0.3985358840597414,0.5576957710868837,0.42179105142184514,0.7269884462157972,0.7999999999984001,0.8749999999978125,0.11111111109876541,0.6142857142769386,0.33877551020408125,0.42105263157850414,0.009999999999999001,-0.5,0.0,0.002,0.053,352.0,-0.5,0.1
422,False,0.32731390006634126,0.5573640446605811,0.34606855459521446,0.7269884462157972,0.7999999999984001,0.8749999999978125,0.6666666665925925,0.09999999999857143,0.054081632653061165,0.42105263157850414,0.009999999999999001,-0.5,0.0,0.007,0.017,73.0,-0.5,0.1
423,False,0.3463532104051622,0.4061431648913222,0.35544595439915094,0.7269884462157972,0.7999999999984001,0.8749999999978125,0.3333333332962963,0.45714285713632646,0.17040816326530595,0.42105263157850414,0.009999999999999001,-0.5,0.0,0.004,0.042,187.0,-0.5,0.1
424,False,0.36273045560947553,0.777777777691358,0.40233159246674866,0.7269884462157972,0.7999999999984001,0.8749999999978125,0.22222222219753082,0.9571428571291836,0.06938775510204075,0.42105263157850414,0.009999999999999001,-0.5,0.0,0.003,0.077,88.0,-0.5,0.1
425,False,0.2532661053376764,0.3404935385127925,0.25624815542110885,0.7269884462157972,0.7999999999984001,0.8749999999978125,0.8888888887901233,0.642857142847959,0.0,0.42105263157850414,0.009999999999999001,-0.5,0.0,0.009,0.055,20.0,-0.5,0.1
426,False,0.33936895353397234,0.4577473687088416,0.35153754563610906,0.7269884462157972,0.7999999999984001,0.8749999999978125,0.3333333332962963,0.5428571428493877,0.05306122448979586,0.42105263157850414,0.009999999999999001,-0.5,0.0,0.004,0.048,72.0,-0.5,0.1
427,False,0.3189067143750727,0.07584728952617426,0.31890671443256563,0.7269884462157972,0.7999999999984001,0.8749999999978125,0.11111111109876541,0.07142857142755099,0.015306122448979576,0.42105263157850414,0.009999999999999001,-0.5,0.0,0.002,0.015,35.0,-0.5,0.1
428,False,0.31046849289642403,0.6803782607865148,0.3379249555856735,0.7269884462157972,0.7999999999984001,0.8749999999978125,0.7777777776913579,0.3142857142812244,0.05306122448979586,0.42105263157850414,0.009999999999999001,-0.5,0.0,0.008,0.032,72.0,-0.5,0.1
429,False,0.35911609541718603,0.3528311152878707,0.36552442088277665,0.7269884462157972,0.7999999999984001,0.8749999999978125,0.11111111109876541,0.4714285714218366,0.16938775510204063,0.42105263157850414,0.009999999999999001,-0.5,0.0,0.002,0.043,186.0,-0.5,0.1
430,False,0.6121298522169121,0.12492813427650466,0.6147347231947599,0.7269884462157972,0.7999999999984001,0.8749999999978125,0.0,0.985714285700204,0.8091836734693869,0.42105263157850414,0.009999999999999001,-0.5,0.0,0.001,0.079,813.0,-0.5,0.1
431,False,0.32108786568079023,0.575152545742974,0.3408399991930651,0.7269884462157972,0.7999999999984001,0.8749999999978125,0.6666666665925925,0.28571428571020396,0.0826530612244897,0.42105263157850414,0.009999999999999001,-0.5,0.0,0.007,0.03,101.0,-0.5,0.1
432,False,0.33699517576115734,0.17615505090218156,0.337170818597,0.7269884462157972,0.7999999999984001,0.8749999999978125,0.0,0.11428571428408159,0.17448979591836716,0.42105263157850414,0.009999999999999001,-0.5,0.0,0.001,0.018,191.0,-0.5,0.1
433,False,0.3338332177047763,0.25195437764899264,0.3352968099742592,0.7269884462157972,0.7999999999984001,0.8749999999978125,0.3333333332962963,0.08571428571306121,0.14489795918367332,0.42105263157850414,0.009999999999999001,-0.5,0.0,0.004,0.016,162.0,-0.5,0.1
434,False,0.35456885346744776,0.6027729554429366,0.37859316948403654,0.7269884462157972,0.7999999999984001,0.8749999999978125,0.3333333332962963,0.6857142857044897,0.1795918367346937,0.42105263157850414,0.009999999999999001,-0.5,0.0,0.004,0.058,196.0,-0.5,0.1
435,False,0.32970069921052775,0.13485144664479662,0.3297126903507312,0.7269884462157972,0.7999999999984001,0.8749999999978125,0.0,0.09999999999857143,0.10408163265306111,0.42105263157850414,0.009999999999999001,-0.5,0.0,0.001,0.017,122.0,-0.5,0.1
436,False,0.327938794331731,0.16736184017920902,0.32803837180336937,0.7269884462157972,0.7999999999984001,0.8749999999978125,0.22222222219753082,0.028571428571020404,0.09183673469387746,0.42105263157850414,0.009999999999999001,-0.5,0.0,0.003,0.012,110.0,-0.5,0.1
437,False,0.38124922687629254,0.7197813368170022,0.4171630687192529,0.7269884462157972,0.7999999999984001,0.8749999999978125,0.11111111109876541,0.8571428571306121,0.12959183673469374,0.42105263157850414,0.009999999999999001,-0.5,0.0,0.002,0.07,147.0,-0.5,0.1
438,False,0.3298608540696426,0.22521256672677942,0.3306490727511956,0.7269884462157972,0.7999999999984001,0.8749999999978125,0.3333333332962963,0.15714285714061224,0.07448979591836727,0.42105263157850414,0.009999999999999001,-0.5,0.0,0.004,0.021,93.0,-0.5,0.1
439,False,0.4081563974348619,0.6716532330862542,0.4419118045796974,0.7269884462157972,0.7999999999984001,0.8749999999978125,0.11111111109876541,0.9571428571291836,0.264285714285714,0.42105263157850414,0.009999999999999001,-0.5,0.0,0.002,0.077,279.0,-0.5,0.1
440,False,0.39046426959960245,0.6531664455963868,0.42125130887791684,0.7269884462157972,0.7999999999984001,0.8749999999978125,0.11111111109876541,0.7714285714175508,0.21836734693877527,0.42105263157850414,0.009999999999999001,-0.5,0.0,0.002,0.064,234.0,-0.5,0.1
441,False,0.3242419522644885,0.5562907000871607,0.34273838489890235,0.7269884462157972,0.7999999999984001,0.8749999999978125,0.6666666665925925,0.1714285714261224,0.039795918367346896,0.42105263157850414,0.009999999999999001,-0.5,0.0,0.007,0.022,59.0,-0.5,0.1
442,False,0.3197672161518355,0.5617702744388976,0.33842242694748065,0.7269884462157972,0.7999999999984001,0.8749999999978125,0.5555555554938271,0.4857142857073468,0.06326530612244892,0.42105263157850414,0.009999999999999001,-0.5,0.0,0.006,0.044,82.0,-0.5,0.1
443,False,0.4110081749883917,0.7600066790137996,0.45292782984712143,0.7269884462157972,0.7999999999984001,0.8749999999978125,0.0,0.05714285714204081,0.7877551020408156,0.42105263157850414,0.009999999999999001,-0.5,0.0,0.001,0.014,792.0,-0.5,0.1
444,False,0.4183084099964808,0.7748666705055715,0.46220044574503943,0.7269884462157972,0.7999999999984001,0.8749999999978125,0.0,0.11428571428408159,0.8071428571428563,0.42105263157850414,0.009999999999999001,-0.5,0.0,0.001,0.018,811.0,-0.5,0.1
445,False,0.38216457409213916,0.5751670620102256,0.40575846365861473,0.7269884462157972,0.7999999999984001,0.8749999999978125,0.0,0.6999999999899998,0.13061224489795906,0.42105263157850414,0.009999999999999001,-0.5,0.0,0.001,0.059,148.0,-0.5,0.1
446,False,0.34749777372566115,0.30541037951790595,0.3511605222738231,0.7269884462157972,0.7999999999984001,0.8749999999978125,0.22222222219753082,0.04285714285653059,0.30714285714285683,0.42105263157850414,0.009999999999999001,-0.5,0.0,0.003,0.013,321.0,-0.5,0.1
447,False,0.30502687900610403,0.4682824629992411,0.31630870684143086,0.7269884462157972,0.7999999999984001,0.8749999999978125,0.5555555554938271,0.8142857142740815,0.10612244897959172,0.42105263157850414,0.009999999999999001,-0.5,0.0,0.006,0.067,124.0,-0.5,0.1
448,False,0.32852754778276017,0.488216673768747,0.34227544701975976,0.7269884462157972,0.7999999999984001,0.8749999999978125,0.5555555554938271,0.32857142856673466,0.120408163265306,0.42105263157850414,0.009999999999999001,-0.5,0.0,0.006,0.033,138.0,-0.5,0.1
449,False,0.42055743586475425,0.8148716564295758,0.46832697435575804,0.7269884462157972,0.7999999999984001,0.8749999999978125,0.0,0.09999999999857143,0.8469387755102032,0.42105263157850414,0.009999999999999001,-0.5,0.0,0.001,0.017,850.0,-0.5,0.1
450,False,0.2759808225995603,0.38539036053620024,0.2814283168384679,0.7269884462157972,0.7999999999984001,0.8749999999978125,0.6666666665925925,0.7714285714175508,0.015306122448979576,0.42105263157850414,0.009999999999999001,-0.5,0.0,0.007,0.064,35.0,-0.5,0.1
451,False,0.3385169429478611,0.3883013218926068,0.34620941805413596,0.7269884462157972,0.7999999999984001,0.8749999999978125,0.44444444439506164,0.0,0.1795918367346937,0.42105263157850414,0.009999999999999001,-0.5,0.0,0.005,0.01,196.0,-0.5,0.1
452,False,0.3064578748384338,0.6565017474709863,0.33171408505432753,0.7269884462157972,0.7999999999984001,0.8749999999978125,0.7777777776913579,0.34285714285224483,0.0040816326530612205,0.42105263157850414,0.009999999999999001,-0.5,0.0,0.008,0.034,24.0,-0.5,0.1
453,False,0.40054339907546876,0.5672935209344198,0.42473579906616815,0.7269884462157972,0.7999999999984001,0.8749999999978125,0.0,0.642857142847959,0.2846938775510201,0.42105263157850414,0.009999999999999001,-0.5,0.0,0.001,0.055,299.0,-0.5,0.1
454,False,0.31130829298656704,0.667308836577232,0.33775282826006114,0.7269884462157972,0.7999999999984001,0.8749999999978125,0.7777777776913579,0.32857142856673466,0.09795918367346929,0.42105263157850414,0.009999999999999001,-0.5,0.0,0.008,0.033,116.0,-0.5,0.1
455,False,0.3355990578958125,0.4234277224225777,0.34532799773636425,0.7269884462157972,0.7999999999984001,0.8749999999978125,0.44444444439506164,0.38571428570877536,0.13673469387755088,0.42105263157850414,0.009999999999999001,-0.5,0.0,0.005,0.037,154.0,-0.5,0.1
456,False,0.3847582526844137,0.8501499182423242,0.43269474809212993,0.7269884462157972,0.7999999999984001,0.8749999999978125,0.0,0.985714285700204,0.039795918367346896,0.42105263157850414,0.009999999999999001,-0.5,0.0,0.001,0.079,59.0,-0.5,0.1
457,False,0.3229545788740013,0.5868622337154764,0.3437224955301636,0.7269884462157972,0.7999999999984001,0.8749999999978125,0.44444444439506164,0.7714285714175508,0.03367346938775507,0.42105263157850414,0.009999999999999001,-0.5,0.0,0.005,0.064,53.0,-0.5,0.1
458,False,0.27094659300126456,0.34801171290482985,0.2745891295240894,0.7269884462157972,0.7999999999984001,0.8749999999978125,0.6666666665925925,0.8571428571306121,0.07040816326530605,0.42105263157850414,0.009999999999999001,-0.5,0.0,0.007,0.07,89.0,-0.5,0.1
459,False,0.3010974178660162,0.639372471685259,0.3246499626394345,0.7269884462157972,0.7999999999984001,0.8749999999978125,0.8888888887901233,0.32857142856673466,0.032653061224489764,0.42105263157850414,0.009999999999999001,-0.5,0.0,0.009,0.033,52.0,-0.5,0.1
460,False,0.5469802669531432,0.2520408163265303,0.5551898779462882,0.7269884462157972,0.7999999999984001,0.8749999999978125,0.0,0.9428571428436734,0.6744897959183667,0.42105263157850414,0.009999999999999001,-0.5,0.0,0.001,0.076,681.0,-0.5,0.1
461,False,0.388650574195928,0.7240348963381575,0.4255200520818894,0.7269884462157972,0.7999999999984001,0.8749999999978125,0.22222222219753082,0.985714285700204,0.2387755102040814,0.42105263157850414,0.009999999999999001,-0.5,0.0,0.003,0.079,254.0,-0.5,0.1
462,False,0.38256375199352005,0.6025635832320938,0.4084639914458974,0.7269884462157972,0.7999999999984001,0.8749999999978125,0.22222222219753082,0.6857142857044897,0.277551020408163,0.42105263157850414,0.009999999999999001,-0.5,0.0,0.003,0.058,292.0,-0.5,0.1
463,False,0.39359928388316034,0.48871585848651994,0.410978354622179,0.7269884462157972,0.7999999999984001,0.8749999999978125,0.11111111109876541,0.34285714285224483,0.48673469387755053,0.42105263157850414,0.009999999999999001,-0.5,0.0,0.002,0.034,497.0,-0.5,0.1
464,False,0.2291120471815555,0.22271833646148353,0.22932796330896382,0.7269884462157972,0.7999999999984001,0.8749999999978125,0.7777777776913579,0.9428571428436734,0.06530612244897953,0.42105263157850414,0.009999999999999001,-0.5,0.0,0.008,0.076,84.0,-0.5,0.1
465,False,0.287727784641959,0.5123198885204809,0.3011443769003734,0.7269884462157972,0.7999999999984001,0.8749999999978125,0.8888888887901233,0.45714285713632646,0.0806122448979591,0.42105263157850414,0.009999999999999001,-0.5,0.0,0.009,0.042,99.0,-0.5,0.1
466,False,0.3985859686295413,0.7063382869672725,0.43466643946775335,0.7269884462157972,0.7999999999984001,0.8749999999978125,0.11111111109876541,0.8714285714161222,0.23265306122448956,0.42105263157850414,0.009999999999999001,-0.5,0.0,0.002,0.071,248.0,-0.5,0.1
467,False,0.33475516017983964,0.3795426113116277,0.3418008174655076,0.7269884462157972,0.7999999999984001,0.8749999999978125,0.44444444439506164,0.2999999999957142,0.13163265306122435,0.42105263157850414,0.009999999999999001,-0.5,0.0,0.005,0.031,149.0,-0.5,0.1
468,False,0.3964593152308598,0.48035738955369,0.4133602529043435,0.7269884462157972,0.7999999999984001,0.8749999999978125,0.0,0.35714285713775507,0.45612244897959137,0.42105263157850414,0.009999999999999001,-0.5,0.0,0.001,0.035,467.0,-0.5,0.1
469,False,0.3485423795809285,0.3134510353506895,0.3525962858566259,0.7269884462157972,0.7999999999984001,0.8749999999978125,0.22222222219753082,0.04285714285653059,0.3163265306122446,0.42105263157850414,0.009999999999999001,-0.5,0.0,0.003,0.013,330.0,-0.5,0.1
470,False,0.33890285630702294,0.18374431740070998,0.33914966558904747,0.7269884462157972,0.7999999999984001,0.8749999999978125,0.11111111109876541,0.25714285713918367,0.1846938775510202,0.42105263157850414,0.009999999999999001,-0.5,0.0,0.002,0.028,201.0,-0.5,0.1
471,False,0.3363698974432134,0.49949486258285514,0.3513265332224694,0.7269884462157972,0.7999999999984001,0.8749999999978125,0.44444444439506164,0.499999999992857,0.14489795918367332,0.42105263157850414,0.009999999999999001,-0.5,0.0,0.005,0.045,162.0,-0.5,0.1
472,False,0.32842572787091356,0.37662754004705795,0.33508337175500436,0.7269884462157972,0.7999999999984001,0.8749999999978125,0.44444444439506164,0.3142857142812244,0.0040816326530612205,0.42105263157850414,0.009999999999999001,-0.5,0.0,0.005,0.032,24.0,-0.5,0.1
473,False,0.33147215283512504,0.338497413345255,0.33623939887148346,0.7269884462157972,0.7999999999984001,0.8749999999978125,0.44444444439506164,0.08571428571306121,0.05510204081632647,0.42105263157850414,0.009999999999999001,-0.5,0.0,0.005,0.016,74.0,-0.5,0.1
474,False,0.30607303387315277,0.6962420622708873,0.33453964372185074,0.7269884462157972,0.7999999999984001,0.8749999999978125,0.8888888887901233,0.2714285714246939,0.022448979591836712,0.42105263157850414,0.009999999999999001,-0.5,0.0,0.009,0.029,42.0,-0.5,0.1
475,False,0.36626108243599964,0.40211979955053256,0.3759579794338271,0.7269884462157972,0.7999999999984001,0.8749999999978125,0.11111111109876541,0.5142857142783672,0.19489795918367325,0.42105263157850414,0.009999999999999001,-0.5,0.0,0.002,0.046,211.0,-0.5,0.1
476,False,0.33161427016009903,0.5629072666228466,0.3510441914268334,0.7269884462157972,0.7999999999984001,0.8749999999978125,0.44444444439506164,0.8999999999871428,0.13979591836734678,0.42105263157850414,0.009999999999999001,-0.5,0.0,0.005,0.073,157.0,-0.5,0.1
477,False,0.33885228730560407,0.47012382446282075,0.3518501250003046,0.7269884462157972,0.7999999999984001,0.8749999999978125,0.3333333332962963,0.5571428571348979,0.041836734693877504,0.42105263157850414,0.009999999999999001,-0.5,0.0,0.004,0.049,61.0,-0.5,0.1
478,False,0.3191255532518146,0.5445277366558544,0.3364513527346807,0.7269884462157972,0.7999999999984001,0.8749999999978125,0.5555555554938271,0.45714285713632646,0.02653061224489793,0.42105263157850414,0.009999999999999001,-0.5,0.0,0.006,0.042,46.0,-0.5,0.1
479,False,0.4496171499904169,0.6863525030336463,0.4880634710110131,0.7269884462157972,0.7999999999984001,0.8749999999978125,0.0,0.25714285713918367,0.9561224489795909,0.42105263157850414,0.009999999999999001,-0.5,0.0,0.001,0.028,957.0,-0.5,0.1
480,False,0.3247935352915666,0.5699258237942235,0.3443618361436573,0.7269884462157972,0.7999999999984001,0.8749999999978125,0.6666666665925925,0.24285714285367344,0.1193877551020407,0.42105263157850414,0.009999999999999001,-0.5,0.0,0.007,0.027,137.0,-0.5,0.1
481,False,0.36326273971288836,0.7789636559299218,0.40301123312090914,0.7269884462157972,0.7999999999984001,0.8749999999978125,0.22222222219753082,0.9999999999857142,0.06632653061224483,0.42105263157850414,0.009999999999999001,-0.5,0.0,0.003,0.08,85.0,-0.5,0.1
482,False,0.3456993702424396,0.23207276358252105,0.346796967098002,0.7269884462157972,0.7999999999984001,0.8749999999978125,0.11111111109876541,0.15714285714061224,0.27244897959183645,0.42105263157850414,0.009999999999999001,-0.5,0.0,0.002,0.021,287.0,-0.5,0.1
483,False,0.40145640541995153,0.5108453012616968,0.4210756826525096,0.7269884462157972,0.7999999999984001,0.8749999999978125,0.0,0.5142857142783672,0.37346938775510163,0.42105263157850414,0.009999999999999001,-0.5,0.0,0.001,0.046,386.0,-0.5,0.1
484,False,0.3379681587277389,0.18117633576084805,0.3381880130749211,0.7269884462157972,0.7999999999984001,0.8749999999978125,0.11111111109876541,0.15714285714061224,0.2214285714285712,0.42105263157850414,0.009999999999999001,-0.5,0.0,0.002,0.021,237.0,-0.5,0.1
485,False,0.30860473372960456,0.4894350732133438,0.32146054359146864,0.7269884462157972,0.7999999999984001,0.8749999999978125,0.5555555554938271,0.7571428571320407,0.11428571428571417,0.42105263157850414,0.009999999999999001,-0.5,0.0,0.006,0.063,132.0,-0.5,0.1
486,False,0.3696744921385423,0.7300425253533267,0.4055979380663969,0.7269884462157972,0.7999999999984001,0.8749999999978125,0.22222222219753082,0.8571428571306121,0.1428571428571427,0.42105263157850414,0.009999999999999001,-0.5,0.0,0.003,0.07,160.0,-0.5,0.1
487,False,0.32767719638649134,0.14357251686059083,0.32770019693596697,0.7269884462157972,0.7999999999984001,0.8749999999978125,0.22222222219753082,0.1285714285695918,0.13061224489795906,0.42105263157850414,0.009999999999999001,-0.5,0.0,0.003,0.019,148.0,-0.5,0.1
488,False,0.41689476786935137,0.7607413456367838,0.45937507625569585,0.7269884462157972,0.7999999999984001,0.8749999999978125,0.0,0.11428571428408159,0.792857142857142,0.42105263157850414,0.009999999999999001,-0.5,0.0,0.001,0.018,797.0,-0.5,0.1
489,False,0.33379301705477343,0.45940316968507133,0.3458077520367793,0.7269884462157972,0.7999999999984001,0.8749999999978125,0.5555555554938271,0.05714285714204081,0.1193877551020407,0.42105263157850414,0.009999999999999001,-0.5,0.0,0.006,0.014,137.0,-0.5,0.1
490,False,0.3771787830828756,0.775590866161733,0.4177344527477444,0.7269884462157972,0.7999999999984001,0.8749999999978125,0.22222222219753082,0.8999999999871428,0.1846938775510202,0.42105263157850414,0.009999999999999001,-0.5,0.0,0.003,0.073,201.0,-0.5,0.1
491,False,0.35275534917735174,0.44654463810819606,0.364803083643749,0.7269884462157972,0.7999999999984001,0.8749999999978125,0.22222222219753082,0.571428571420408,0.09897959183673459,0.42105263157850414,0.009999999999999001,-0.5,0.0,0.003,0.05,117.0,-0.5,0.1
492,False,0.30081496469676505,0.4456575171447411,0.31047982706988286,0.7269884462157972,0.7999999999984001,0.8749999999978125,0.5555555554938271,0.9714285714146937,0.09897959183673459,0.42105263157850414,0.009999999999999001,-0.5,0.0,0.006,0.078,117.0,-0.5,0.1
493,False,0.3418645991923261,0.29892240255981506,0.3451120540226371,0.7269884462157972,0.7999999999984001,0.8749999999978125,0.3333333332962963,0.21428571428265303,0.22755102040816302,0.42105263157850414,0.009999999999999001,-0.5,0.0,0.004,0.025,243.0,-0.5,0.1
494,False,0.3847771330358653,0.811843423316637,0.4292230693907758,0.7269884462157972,0.7999999999984001,0.8749999999978125,0.11111111109876541,0.985714285700204,0.12346938775510191,0.42105263157850414,0.009999999999999001,-0.5,0.0,0.002,0.079,141.0,-0.5,0.1
495,False,0.2996323745479865,0.5214666217625636,0.314262425622556,0.7269884462157972,0.7999999999984001,0.8749999999978125,0.6666666665925925,0.5571428571348979,0.0408163265306122,0.42105263157850414,0.009999999999999001,-0.5,0.0,0.007,0.049,60.0,-0.5,0.1
496,False,0.3142415825390322,0.7793893249262052,0.35029349486309275,0.7269884462157972,0.7999999999984001,0.8749999999978125,0.8888888887901233,0.18571428571163262,0.06938775510204075,0.42105263157850414,0.009999999999999001,-0.5,0.0,0.009,0.023,88.0,-0.5,0.1
497,False,0.36420809618875893,0.3602040816326527,0.3712250429303559,0.7269884462157972,0.7999999999984001,0.8749999999978125,0.11111111109876541,0.142857142855102,0.4010204081632649,0.42105263157850414,0.009999999999999001,-0.5,0.0,0.002,0.02,413.0,-0.5,0.1
498,False,0.33436448151940457,0.5965253330850311,0.3565909326819408,0.7269884462157972,0.7999999999984001,0.8749999999978125,0.44444444439506164,0.6285714285624489,0.13469387755102027,0.42105263157850414,0.009999999999999001,-0.5,0.0,0.005,0.054,152.0,-0.5,0.1
499,False,0.32145579299396293,0.09003331328364693,0.3214558018252847,0.7269884462157972,0.7999999999984001,0.8749999999978125,0.11111111109876541,0.05714285714204081,0.06836734693877544,0.42105263157850414,0.009999999999999001,-0.5,0.0,0.002,0.014,87.0,-0.5,0.1
500,False,0.3361223127465144,0.3849998248572671,0.3435316103704939,0.7269884462157972,0.7999999999984001,0.8749999999978125,0.3333333332962963,0.45714285713632646,0.032653061224489764,0.42105263157850414,0.009999999999999001,-0.5,0.0,0.004,0.042,52.0,-0.5,0.1
501,False,0.3098238836451371,0.5787397724003027,0.3291952394972526,0.7269884462157972,0.7999999999984001,0.8749999999978125,0.6666666665925925,0.4857142857073468,0.10918367346938763,0.42105263157850414,0.009999999999999001,-0.5,0.0,0.007,0.044,127.0,-0.5,0.1
502,False,0.29678356637269754,0.6441515959943707,0.3204468544736985,0.7269884462157972,0.7999999999984001,0.8749999999978125,0.9999999998888889,0.3142857142812244,0.028571428571428543,0.42105263157850414,0.009999999999999001,-0.5,0.0,0.01,0.032,48.0,-0.5,0.1
503,False,0.4320934899393373,0.5861443347625431,0.46017633840123606,0.7269884462157972,0.7999999999984001,0.8749999999978125,0.0,0.8428571428451019,0.3489795918367343,0.42105263157850414,0.009999999999999001,-0.5,0.0,0.001,0.069,362.0,-0.5,0.1
504,False,0.4038199357761484,0.6052706513823,0.4314620937674866,0.7269884462157972,0.7999999999984001,0.8749999999978125,0.11111111109876541,0.6714285714189795,0.33571428571428535,0.42105263157850414,0.009999999999999001,-0.5,0.0,0.002,0.057,349.0,-0.5,0.1
505,False,0.4529790444797523,0.5275934534704214,0.4775428523293682,0.7269884462157972,0.7999999999984001,0.8749999999978125,0.0,0.9999999999857142,0.4020408163265302,0.42105263157850414,0.009999999999999001,-0.5,0.0,0.001,0.08,414.0,-0.5,0.1
506,False,0.35953951330852646,0.6123305978378532,0.3846781304317082,0.7269884462157972,0.7999999999984001,0.8749999999978125,0.22222222219753082,0.7428571428465305,0.09183673469387746,0.42105263157850414,0.009999999999999001,-0.5,0.0,0.003,0.062,110.0,-0.5,0.1
507,False,0.4503622330870226,0.4859765949653165,0.4711971520883506,0.7269884462157972,0.7999999999984001,0.8749999999978125,0.11111111109876541,0.7999999999885713,0.47551020408163214,0.42105263157850414,0.009999999999999001,-0.5,0.0,0.002,0.066,486.0,-0.5,0.1
508,False,0.34284541556563825,0.2095318158200493,0.34345358137535836,0.7269884462157972,0.7999999999984001,0.8749999999978125,0.11111111109876541,0.18571428571163262,0.24591836734693853,0.42105263157850414,0.009999999999999001,-0.5,0.0,0.002,0.023,261.0,-0.5,0.1
509,False,0.32612827694616037,0.6009390741201568,0.3481926255468393,0.7269884462157972,0.7999999999984001,0.8749999999978125,0.44444444439506164,0.642857142847959,0.03673469387755098,0.42105263157850414,0.009999999999999001,-0.5,0.0,0.005,0.055,56.0,-0.5,0.1
510,False,0.3431155299055191,0.21734693877550995,0.3438677449805957,0.7269884462157972,0.7999999999984001,0.8749999999978125,0.11111111109876541,0.142857142855102,0.25816326530612216,0.42105263157850414,0.009999999999999001,-0.5,0.0,0.002,0.02,273.0,-0.5,0.1
511,False,0.38549199278554686,0.7241453551059728,0.4221229621627323,0.7269884462157972,0.7999999999984001,0.8749999999978125,0.0,0.8571428571306121,0.08367346938775501,0.42105263157850414,0.009999999999999001,-0.5,0.0,0.001,0.07,102.0,-0.5,0.1
512,False,0.33694354912477487,0.35951849985244005,0.34295746992021997,0.7269884462157972,0.7999999999984001,0.8749999999978125,0.44444444439506164,0.142857142855102,0.17551020408163248,0.42105263157850414,0.009999999999999001,-0.5,0.0,0.005,0.02,192.0,-0.5,0.1
513,False,0.3780685362067621,0.505963798081325,0.39585617292011827,0.7269884462157972,0.7999999999984001,0.8749999999978125,0.22222222219753082,0.5571428571348979,0.3091836734693874,0.42105263157850414,0.009999999999999001,-0.5,0.0,0.003,0.049,323.0,-0.5,0.1
514,False,0.6101254042250618,0.1253940062742908,0.6126794703420201,0.7269884462157972,0.7999999999984001,0.8749999999978125,0.0,0.8714285714161222,0.8234693877551011,0.42105263157850414,0.009999999999999001,-0.5,0.0,0.001,0.071,827.0,-0.5,0.1
515,False,0.39565284701516207,0.6171856680235209,0.4237223098022378,0.7269884462157972,0.7999999999984001,0.8749999999978125,0.0,0.05714285714204081,0.6418367346938769,0.42105263157850414,0.009999999999999001,-0.5,0.0,0.001,0.014,649.0,-0.5,0.1
516,False,0.3321233242189723,0.3556296091082238,0.337774494289375,0.7269884462157972,0.7999999999984001,0.8749999999978125,0.44444444439506164,0.25714285713918367,0.08877551020408155,0.42105263157850414,0.009999999999999001,-0.5,0.0,0.005,0.028,107.0,-0.5,0.1
517,False,0.35076407706703544,0.6685421522065396,0.379990836211194,0.7269884462157972,0.7999999999984001,0.8749999999978125,0.3333333332962963,0.9428571428436734,0.11734693877551008,0.42105263157850414,0.009999999999999001,-0.5,0.0,0.004,0.076,135.0,-0.5,0.1
518,False,0.33215597861366586,0.6266367597862738,0.3566568445696907,0.7269884462157972,0.7999999999984001,0.8749999999978125,0.44444444439506164,0.6714285714189795,0.11836734693877539,0.42105263157850414,0.009999999999999001,-0.5,0.0,0.005,0.057,136.0,-0.5,0.1
519,False,0.3363932865097205,0.4425279872006137,0.34739783409569874,0.7269884462157972,0.7999999999984001,0.8749999999978125,0.44444444439506164,0.4142857142797958,0.1459183673469386,0.42105263157850414,0.009999999999999001,-0.5,0.0,0.005,0.039,163.0,-0.5,0.1
520,False,0.33590433024709004,0.3691397734062765,0.3424072614554272,0.7269884462157972,0.7999999999984001,0.8749999999978125,0.44444444439506164,0.01428571428551019,0.13367346938775496,0.42105263157850414,0.009999999999999001,-0.5,0.0,0.005,0.011,151.0,-0.5,0.1
521,False,0.3232036181547582,0.12049802129909273,0.32320590468998267,0.7269884462157972,0.7999999999984001,0.8749999999978125,0.22222222219753082,0.09999999999857143,0.059183673469387695,0.42105263157850414,0.009999999999999001,-0.5,0.0,0.003,0.017,78.0,-0.5,0.1
522,False,0.30409382057141243,0.49396360560355185,0.31704250741027873,0.7269884462157972,0.7999999999984001,0.8749999999978125,0.5555555554938271,0.7428571428465305,0.04591836734693873,0.42105263157850414,0.009999999999999001,-0.5,0.0,0.006,0.062,65.0,-0.5,0.1
523,False,0.38151232286056197,0.550298837934057,0.4030309787054132,0.7269884462157972,0.7999999999984001,0.8749999999978125,0.22222222219753082,0.6142857142769386,0.3020408163265303,0.42105263157850414,0.009999999999999001,-0.5,0.0,0.003,0.053,316.0,-0.5,0.1
524,False,0.31353901768757825,0.02873495477577524,0.31353901768757825,0.7269884462157972,0.7999999999984001,0.8749999999978125,0.11111111109876541,0.11428571428408159,0.04387755102040812,0.42105263157850414,0.009999999999999001,-0.5,0.0,0.002,0.018,63.0,-0.5,0.1
525,False,0.34226356742507325,0.2654744170311509,0.34426759965997406,0.7269884462157972,0.7999999999984001,0.8749999999978125,0.22222222219753082,0.04285714285653059,0.2602040816326528,0.42105263157850414,0.009999999999999001,-0.5,0.0,0.003,0.013,275.0,-0.5,0.1
526,False,0.38961182363599794,0.741861998829712,0.4281461973541302,0.7269884462157972,0.7999999999984001,0.8749999999978125,0.11111111109876541,0.8714285714161222,0.180612244897959,0.42105263157850414,0.009999999999999001,-0.5,0.0,0.002,0.071,197.0,-0.5,0.1
527,False,0.36909279137702367,0.45161770187107514,0.38231856020602434,0.7269884462157972,0.7999999999984001,0.8749999999978125,0.22222222219753082,0.5142857142783672,0.27244897959183645,0.42105263157850414,0.009999999999999001,-0.5,0.0,0.003,0.046,287.0,-0.5,0.1
528,False,0.26709614953169236,0.34371265816979896,0.2704822899276271,0.7269884462157972,0.7999999999984001,0.8749999999978125,0.6666666665925925,0.8857142857016324,0.025510204081632626,0.42105263157850414,0.009999999999999001,-0.5,0.0,0.007,0.072,45.0,-0.5,0.1
529,False,0.3276515538714115,0.45022166081861714,0.3387665008538171,0.7269884462157972,0.7999999999984001,0.8749999999978125,0.5555555554938271,0.21428571428265303,0.04897959183673464,0.42105263157850414,0.009999999999999001,-0.5,0.0,0.006,0.025,68.0,-0.5,0.1
530,False,0.3176163313347998,0.5859486776075955,0.3379949512359611,0.7269884462157972,0.7999999999984001,0.8749999999978125,0.6666666665925925,0.32857142856673466,0.05510204081632647,0.42105263157850414,0.009999999999999001,-0.5,0.0,0.007,0.033,74.0,-0.5,0.1
531,False,0.434813278067857,0.5562944782799674,0.4605135208668373,0.7269884462157972,0.7999999999984001,0.8749999999978125,0.11111111109876541,0.9571428571291836,0.38163265306122407,0.42105263157850414,0.009999999999999001,-0.5,0.0,0.002,0.077,394.0,-0.5,0.1
532,False,0.40344144268586474,0.6700701086919303,0.4366907582310845,0.7269884462157972,0.7999999999984001,0.8749999999978125,0.11111111109876541,0.7857142857030611,0.2846938775510201,0.42105263157850414,0.009999999999999001,-0.5,0.0,0.002,0.065,299.0,-0.5,0.1
533,False,0.34898415628184665,0.5935690345238067,0.37189972921085485,0.7269884462157972,0.7999999999984001,0.8749999999978125,0.3333333332962963,0.6857142857044897,0.13163265306122435,0.42105263157850414,0.009999999999999001,-0.5,0.0,0.004,0.058,149.0,-0.5,0.1
534,False,0.32555145940324137,0.47146130499979866,0.33799319431094005,0.7269884462157972,0.7999999999984001,0.8749999999978125,0.5555555554938271,0.2999999999957142,0.04795918367346934,0.42105263157850414,0.009999999999999001,-0.5,0.0,0.006,0.031,67.0,-0.5,0.1
535,False,0.32563363118712835,0.1199967027162469,0.32563596146838564,0.7269884462157972,0.7999999999984001,0.8749999999978125,0.11111111109876541,0.04285714285653059,0.10714285714285703,0.42105263157850414,0.009999999999999001,-0.5,0.0,0.002,0.013,125.0,-0.5,0.1
536,False,0.3561644400652295,0.3646214082327427,0.3631378888889383,0.7269884462157972,0.7999999999984001,0.8749999999978125,0.11111111109876541,0.499999999992857,0.11428571428571417,0.42105263157850414,0.009999999999999001,-0.5,0.0,0.002,0.045,132.0,-0.5,0.1
537,False,0.33662225440828875,0.17384350450182354,0.33677998513924784,0.7269884462157972,0.7999999999984001,0.8749999999978125,0.0,0.11428571428408159,0.17142857142857124,0.42105263157850414,0.009999999999999001,-0.5,0.0,0.001,0.018,188.0,-0.5,0.1
538,False,0.32785340378664213,0.22425581610550288,0.32860587342551056,0.7269884462157972,0.7999999999984001,0.8749999999978125,0.3333333332962963,0.1285714285695918,0.014285714285714271,0.42105263157850414,0.009999999999999001,-0.5,0.0,0.004,0.019,34.0,-0.5,0.1
539,False,0.32824387446395115,0.46845082965525975,0.34060928511335964,0.7269884462157972,0.7999999999984001,0.8749999999978125,0.44444444439506164,0.4714285714218366,0.021428571428571404,0.42105263157850414,0.009999999999999001,-0.5,0.0,0.005,0.043,41.0,-0.5,0.1
540,False,0.32011915038693395,0.7831675635859403,0.3569314612680537,0.7269884462157972,0.7999999999984001,0.8749999999978125,0.8888888887901233,0.05714285714204081,0.008163265306122441,0.42105263157850414,0.009999999999999001,-0.5,0.0,0.009,0.014,28.0,-0.5,0.1
541,False,0.3487843059593511,0.23571382215755698,0.3500093912896021,0.7269884462157972,0.7999999999984001,0.8749999999978125,0.0,0.28571428571020396,0.19183673469387735,0.42105263157850414,0.009999999999999001,-0.5,0.0,0.001,0.03,208.0,-0.5,0.1
542,False,0.3415200136635559,0.2976867647641558,0.34470827582937624,0.7269884462157972,0.7999999999984001,0.8749999999978125,0.3333333332962963,0.22857142856816323,0.2193877551020406,0.42105263157850414,0.009999999999999001,-0.5,0.0,0.004,0.026,235.0,-0.5,0.1
543,False,0.41529404445777074,0.8568158937370863,0.46649058998300225,0.7269884462157972,0.7999999999984001,0.8749999999978125,0.0,0.01428571428551019,0.8806122448979583,0.42105263157850414,0.009999999999999001,-0.5,0.0,0.001,0.011,883.0,-0.5,0.1
544,False,0.32316859736197234,0.786449904726706,0.3604929236002801,0.7269884462157972,0.7999999999984001,0.8749999999978125,0.8888888887901233,0.028571428571020404,0.06326530612244892,0.42105263157850414,0.009999999999999001,-0.5,0.0,0.009,0.012,82.0,-0.5,0.1
545,False,0.3332441877604714,0.5828300519997708,0.354320277135923,0.7269884462157972,0.7999999999984001,0.8749999999978125,0.44444444439506164,0.6142857142769386,0.120408163265306,0.42105263157850414,0.009999999999999001,-0.5,0.0,0.005,0.053,138.0,-0.5,0.1
546,False,0.32759446992392055,0.6771832081546454,0.35593918723748097,0.7269884462157972,0.7999999999984001,0.8749999999978125,0.7777777776913579,0.04285714285653059,0.10510204081632642,0.42105263157850414,0.009999999999999001,-0.5,0.0,0.008,0.013,123.0,-0.5,0.1
547,False,0.38038253103722525,0.4257059208281635,0.3923478285654865,0.7269884462157972,0.7999999999984001,0.8749999999978125,0.11111111109876541,0.28571428571020396,0.4418367346938771,0.42105263157850414,0.009999999999999001,-0.5,0.0,0.002,0.03,453.0,-0.5,0.1
548,False,0.30883000055435383,0.5006510150920089,0.32246610292765143,0.7269884462157972,0.7999999999984001,0.8749999999978125,0.5555555554938271,0.7285714285610202,0.09897959183673459,0.42105263157850414,0.009999999999999001,-0.5,0.0,0.006,0.061,117.0,-0.5,0.1
549,False,0.34071646496493785,0.4230243056631456,0.3506409315052654,0.7269884462157972,0.7999999999984001,0.8749999999978125,0.3333333332962963,0.499999999992857,0.08571428571428562,0.42105263157850414,0.009999999999999001,-0.5,0.0,0.004,0.045,104.0,-0.5,0.1
550,False,0.3255323261081473,0.11525098067823465,0.32553359830939654,0.7269884462157972,0.7999999999984001,0.8749999999978125,0.0,0.142857142855102,0.01020408163265305,0.42105263157850414,0.009999999999999001,-0.5,0.0,0.001,0.02,30.0,-0.5,0.1
551,False,0.23017205630603854,0.2232063508403809,0.23039465918856827,0.7269884462157972,0.7999999999984001,0.8749999999978125,0.7777777776913579,0.9428571428436734,0.08469387755102031,0.42105263157850414,0.009999999999999001,-0.5,0.0,0.008,0.076,103.0,-0.5,0.1
552,False,0.35768675458742205,0.673992873503492,0.38786754187759914,0.7269884462157972,0.7999999999984001,0.8749999999978125,0.3333333332962963,0.985714285700204,0.16428571428571412,0.42105263157850414,0.009999999999999001,-0.5,0.0,0.004,0.079,181.0,-0.5,0.1
553,False,0.26774107832588273,0.33838204204708344,0.27093475799204375,0.7269884462157972,0.7999999999984001,0.8749999999978125,0.6666666665925925,0.8999999999871428,0.05816326530612239,0.42105263157850414,0.009999999999999001,-0.5,0.0,0.007,0.073,77.0,-0.5,0.1
554,False,0.23040603208479804,0.23445231686422807,0.23072614901985128,0.7269884462157972,0.7999999999984001,0.8749999999978125,0.7777777776913579,0.9142857142726529,0.008163265306122441,0.42105263157850414,0.009999999999999001,-0.5,0.0,0.008,0.074,28.0,-0.5,0.1
555,False,0.4364823371680698,0.6463405783817495,0.47022668629189734,0.7269884462157972,0.7999999999984001,0.8749999999978125,0.0,0.32857142856673466,0.7255102040816319,0.42105263157850414,0.009999999999999001,-0.5,0.0,0.001,0.033,731.0,-0.5,0.1
556,False,0.4989022383914891,0.3629685212769614,0.512862554330928,0.7269884462157972,0.7999999999984001,0.8749999999978125,0.0,0.7999999999885713,0.5928571428571422,0.42105263157850414,0.009999999999999001,-0.5,0.0,0.001,0.066,601.0,-0.5,0.1
557,False,0.3146226922012181,0.8429071734796192,0.3562334104539654,0.7269884462157972,0.7999999999984001,0.8749999999978125,0.9999999998888889,0.11428571428408159,0.060204081632653,0.42105263157850414,0.009999999999999001,-0.5,0.0,0.01,0.018,79.0,-0.5,0.1
558,False,0.37811493115451394,0.5327632911526433,0.3980102761055111,0.7269884462157972,0.7999999999984001,0.8749999999978125,0.0,0.6571428571334693,0.12448979591836722,0.42105263157850414,0.009999999999999001,-0.5,0.0,0.001,0.056,142.0,-0.5,0.1
559,False,0.30897167343799903,0.6404678310100635,0.33310302315360657,0.7269884462157972,0.7999999999984001,0.8749999999978125,0.7777777776913579,0.35714285713775507,0.09795918367346929,0.42105263157850414,0.009999999999999001,-0.5,0.0,0.008,0.035,116.0,-0.5,0.1
560,False,0.27388652640809874,0.35747959502169663,0.27799475543911734,0.7269884462157972,0.7999999999984001,0.8749999999978125,0.6666666665925925,0.8285714285595918,0.0816326530612244,0.42105263157850414,0.009999999999999001,-0.5,0.0,0.007,0.068,100.0,-0.5,0.1
561,False,0.45789061632934136,0.4670235380919868,0.4776607982755215,0.7269884462157972,0.7999999999984001,0.8749999999978125,0.11111111109876541,0.8857142857016324,0.47653061224489746,0.42105263157850414,0.009999999999999001,-0.5,0.0,0.002,0.072,487.0,-0.5,0.1
562,False,0.3738840623263234,0.578283411008446,0.39718164490727204,0.7269884462157972,0.7999999999984001,0.8749999999978125,0.11111111109876541,0.71428571427551,0.12959183673469374,0.42105263157850414,0.009999999999999001,-0.5,0.0,0.002,0.06,147.0,-0.5,0.1
563,False,0.2748108129259682,0.3514400539247443,0.2786842095611121,0.7269884462157972,0.7999999999984001,0.8749999999978125,0.6666666665925925,0.8571428571306121,0.11836734693877539,0.42105263157850414,0.009999999999999001,-0.5,0.0,0.007,0.07,136.0,-0.5,0.1
564,False,0.32608971667436204,0.5268198876410108,0.34248845770310526,0.7269884462157972,0.7999999999984001,0.8749999999978125,0.5555555554938271,0.4142857142797958,0.120408163265306,0.42105263157850414,0.009999999999999001,-0.5,0.0,0.006,0.039,138.0,-0.5,0.1
565,False,0.33279101996624494,0.5858998079750107,0.3540804785854089,0.7269884462157972,0.7999999999984001,0.8749999999978125,0.44444444439506164,0.7857142857030611,0.1418367346938774,0.42105263157850414,0.009999999999999001,-0.5,0.0,0.005,0.065,159.0,-0.5,0.1
566,False,0.3045953375698161,0.523484416264963,0.3196191032161425,0.7269884462157972,0.7999999999984001,0.8749999999978125,0.6666666665925925,0.5571428571348979,0.12346938775510191,0.42105263157850414,0.009999999999999001,-0.5,0.0,0.007,0.049,141.0,-0.5,0.1
567,False,0.3922110730506707,0.7551577407206285,0.432146245344855,0.7269884462157972,0.7999999999984001,0.8749999999978125,0.11111111109876541,0.9428571428436734,0.1795918367346937,0.42105263157850414,0.009999999999999001,-0.5,0.0,0.002,0.076,196.0,-0.5,0.1
568,False,0.4062305236454639,0.6835644065533126,0.44089039171223376,0.7269884462157972,0.7999999999984001,0.8749999999978125,0.0,0.7857142857030611,0.24489795918367321,0.42105263157850414,0.009999999999999001,-0.5,0.0,0.001,0.065,260.0,-0.5,0.1
569,False,0.37826786211511826,0.7230841423462135,0.4142418691234203,0.7269884462157972,0.7999999999984001,0.8749999999978125,0.0,0.8571428571306121,0.023469387755102017,0.42105263157850414,0.009999999999999001,-0.5,0.0,0.001,0.07,43.0,-0.5,0.1
570,False,0.33411675373002764,0.26046437657564814,0.33583075166422993,0.7269884462157972,0.7999999999984001,0.8749999999978125,0.3333333332962963,0.25714285713918367,0.11428571428571417,0.42105263157850414,0.009999999999999001,-0.5,0.0,0.004,0.028,132.0,-0.5,0.1
571,False,0.3266435638531024,0.1069483170691573,0.3266439528097218,0.7269884462157972,0.7999999999984001,0.8749999999978125,0.11111111109876541,0.1714285714261224,0.143877551020408,0.42105263157850414,0.009999999999999001,-0.5,0.0,0.002,0.022,161.0,-0.5,0.1
572,False,0.3476375478227999,0.2941781875665032,0.35082188512361223,0.7269884462157972,0.7999999999984001,0.8749999999978125,0.22222222219753082,0.08571428571306121,0.30714285714285683,0.42105263157850414,0.009999999999999001,-0.5,0.0,0.003,0.016,321.0,-0.5,0.1
573,False,0.33065735508123395,0.25048923492380426,0.33203849376545885,0.7269884462157972,0.7999999999984001,0.8749999999978125,0.3333333332962963,0.028571428571020404,0.05816326530612239,0.42105263157850414,0.009999999999999001,-0.5,0.0,0.004,0.012,77.0,-0.5,0.1
574,False,0.32925620686456625,0.22488870050959517,0.33003284357568896,0.7269884462157972,0.7999999999984001,0.8749999999978125,0.3333333332962963,0.11428571428408159,0.060204081632653,0.42105263157850414,0.009999999999999001,-0.5,0.0,0.004,0.018,79.0,-0.5,0.1
575,False,0.3374143461967801,0.3425520394188143,0.34255881660345866,0.7269884462157972,0.7999999999984001,0.8749999999978125,0.3333333332962963,0.3999999999942856,0.08367346938775501,0.42105263157850414,0.009999999999999001,-0.5,0.0,0.004,0.038,102.0,-0.5,0.1
576,False,0.47409070330185665,0.44410737657972066,0.49306364298476146,0.7269884462157972,0.7999999999984001,0.8749999999978125,0.0,0.9285714285581631,0.4826530612244893,0.42105263157850414,0.009999999999999001,-0.5,0.0,0.001,0.075,493.0,-0.5,0.1
577,False,0.49423891256133573,0.3798605588191306,0.5092638654695941,0.7269884462157972,0.7999999999984001,0.8749999999978125,0.0,0.6857142857044897,0.6469387755102034,0.42105263157850414,0.009999999999999001,-0.5,0.0,0.001,0.058,654.0,-0.5,0.1
578,False,0.4869047572172956,0.47211827804600026,0.5091870670650338,0.7269884462157972,0.7999999999984001,0.8749999999978125,0.0,0.4714285714218366,0.9010204081632643,0.42105263157850414,0.009999999999999001,-0.5,0.0,0.001,0.043,903.0,-0.5,0.1
579,False,0.27248761609695293,0.3849998248572673,0.2778159194020477,0.7269884462157972,0.7999999999984001,0.8749999999978125,0.7777777776913579,0.642857142847959,0.07755102040816318,0.42105263157850414,0.009999999999999001,-0.5,0.0,0.008,0.055,96.0,-0.5,0.1
580,False,0.5328887576019643,0.27953224450513275,0.542373687840246,0.7269884462157972,0.7999999999984001,0.8749999999978125,0.0,0.8285714285595918,0.6714285714285707,0.42105263157850414,0.009999999999999001,-0.5,0.0,0.001,0.068,678.0,-0.5,0.1
581,False,0.26063696148496707,0.3453311500094974,0.26394898018064183,0.7269884462157972,0.7999999999984001,0.8749999999978125,0.7777777776913579,0.6999999999899998,0.008163265306122441,0.42105263157850414,0.009999999999999001,-0.5,0.0,0.008,0.059,28.0,-0.5,0.1
582,False,0.34492564894350886,0.2947351257955627,0.3480704585733158,0.7269884462157972,0.7999999999984001,0.8749999999978125,0.22222222219753082,0.01428571428551019,0.2816326530612242,0.42105263157850414,0.009999999999999001,-0.5,0.0,0.003,0.011,296.0,-0.5,0.1
583,False,0.30029969054450983,0.6105425227837777,0.32155058525226765,0.7269884462157972,0.7999999999984001,0.8749999999978125,0.8888888887901233,0.35714285713775507,0.08979591836734685,0.42105263157850414,0.009999999999999001,-0.5,0.0,0.009,0.035,108.0,-0.5,0.1
584,False,0.3138557644522397,0.028351926508978387,0.3138557644522397,0.7269884462157972,0.7999999999984001,0.8749999999978125,0.11111111109876541,0.1285714285695918,0.06530612244897953,0.42105263157850414,0.009999999999999001,-0.5,0.0,0.002,0.019,84.0,-0.5,0.1
585,False,0.36725134749694516,0.48050909907061284,0.38248485439057145,0.7269884462157972,0.7999999999984001,0.8749999999978125,0.22222222219753082,0.571428571420408,0.22755102040816302,0.42105263157850414,0.009999999999999001,-0.5,0.0,0.003,0.05,243.0,-0.5,0.1
586,False,0.3301785160649252,0.13144184129648911,0.3301874589534253,0.7269884462157972,0.7999999999984001,0.8749999999978125,0.0,0.19999999999714282,0.0816326530612244,0.42105263157850414,0.009999999999999001,-0.5,0.0,0.001,0.024,100.0,-0.5,0.1
587,False,0.284227380369825,0.5285960517394637,0.2985901157410246,0.7269884462157972,0.7999999999984001,0.8749999999978125,0.9999999998888889,0.42857142856530606,0.07448979591836727,0.42105263157850414,0.009999999999999001,-0.5,0.0,0.01,0.04,93.0,-0.5,0.1
588,False,0.35007828316932715,0.29373896626206647,0.35330126422149993,0.7269884462157972,0.7999999999984001,0.8749999999978125,0.22222222219753082,0.1714285714261224,0.31122448979591805,0.42105263157850414,0.009999999999999001,-0.5,0.0,0.003,0.022,325.0,-0.5,0.1
589,False,0.3337377713599226,0.2588040778084144,0.3353964318909423,0.7269884462157972,0.7999999999984001,0.8749999999978125,0.3333333332962963,0.25714285713918367,0.10816326530612233,0.42105263157850414,0.009999999999999001,-0.5,0.0,0.004,0.028,126.0,-0.5,0.1
590,False,0.3346441207074153,0.22917601828066916,0.3355579778004441,0.7269884462157972,0.7999999999984001,0.8749999999978125,0.22222222219753082,0.34285714285224483,0.054081632653061165,0.42105263157850414,0.009999999999999001,-0.5,0.0,0.003,0.034,73.0,-0.5,0.1
591,False,0.29924937778088123,0.4993364100061001,0.31233243932061006,0.7269884462157972,0.7999999999984001,0.8749999999978125,0.6666666665925925,0.5857142857059182,0.08571428571428562,0.42105263157850414,0.009999999999999001,-0.5,0.0,0.007,0.051,104.0,-0.5,0.1
592,False,0.3498926584376477,0.29544825430192617,0.3531831866392141,0.7269884462157972,0.7999999999984001,0.8749999999978125,0.11111111109876541,0.028571428571020404,0.31326530612244863,0.42105263157850414,0.009999999999999001,-0.5,0.0,0.002,0.012,327.0,-0.5,0.1
593,False,0.39193252668611617,0.6435435273101097,0.42199603923842666,0.7269884462157972,0.7999999999984001,0.8749999999978125,0.11111111109876541,0.7571428571320407,0.23265306122448956,0.42105263157850414,0.009999999999999001,-0.5,0.0,0.002,0.063,248.0,-0.5,0.1
594,False,0.3073370840222527,0.5394752740917742,0.3236517013020455,0.7269884462157972,0.7999999999984001,0.8749999999978125,0.5555555554938271,0.6571428571334693,0.01020408163265305,0.42105263157850414,0.009999999999999001,-0.5,0.0,0.006,0.056,30.0,-0.5,0.1
595,False,0.3873487597626299,0.6608275452438079,0.41856762954259435,0.7269884462157972,0.7999999999984001,0.8749999999978125,0.11111111109876541,0.7857142857030611,0.19387755102040796,0.42105263157850414,0.009999999999999001,-0.5,0.0,0.002,0.065,210.0,-0.5,0.1
596,False,0.3578832769818809,0.6667520519196309,0.38746270964279156,0.7269884462157972,0.7999999999984001,0.8749999999978125,0.22222222219753082,0.7999999999885713,0.060204081632653,0.42105263157850414,0.009999999999999001,-0.5,0.0,0.003,0.066,79.0,-0.5,0.1
597,False,0.3325823146227615,0.32045879049174164,0.33653487812482574,0.7269884462157972,0.7999999999984001,0.8749999999978125,0.3333333332962963,0.3714285714232652,0.008163265306122441,0.42105263157850414,0.009999999999999001,-0.5,0.0,0.004,0.036,28.0,-0.5,0.1
598,False,0.309120998200923,0.5285011397703492,0.32473682429219536,0.7269884462157972,0.7999999999984001,0.8749999999978125,0.5555555554938271,0.6714285714189795,0.057142857142857086,0.42105263157850414,0.009999999999999001,-0.5,0.0,0.006,0.057,76.0,-0.5,0.1
599,False,0.3287370571489343,0.13710272630425818,0.3287512259471663,0.7269884462157972,0.7999999999984001,0.8749999999978125,0.0,0.21428571428265303,0.0040816326530612205,0.42105263157850414,0.009999999999999001,-0.5,0.0,0.001,0.025,24.0,-0.5,0.1
600,False,0.35926235646221594,0.6605849770820483,0.3884170039720153,0.7269884462157972,0.7999999999984001,0.8749999999978125,0.3333333332962963,0.7428571428465305,0.20510204081632633,0.42105263157850414,0.009999999999999001,-0.5,0.0,0.004,0.062,221.0,-0.5,0.1
601,False,0.32749095273479445,0.13641830590277368,0.3275039043213173,0.7269884462157972,0.7999999999984001,0.8749999999978125,0.11111111109876541,0.028571428571020404,0.11530612244897948,0.42105263157850414,0.009999999999999001,-0.5,0.0,0.002,0.012,133.0,-0.5,0.1
602,False,0.32503477946177484,0.674218387109527,0.35295981994202535,0.7269884462157972,0.7999999999984001,0.8749999999978125,0.7777777776913579,0.04285714285653059,0.029591836734693847,0.42105263157850414,0.009999999999999001,-0.5,0.0,0.008,0.013,49.0,-0.5,0.1
603,False,0.3481326354864116,0.68381673831769,0.3784657049562155,0.7269884462157972,0.7999999999984001,0.8749999999978125,0.3333333332962963,0.7857142857030611,0.11122448979591826,0.42105263157850414,0.009999999999999001,-0.5,0.0,0.004,0.065,129.0,-0.5,0.1
604,False,0.30424928047697636,0.7146711787806159,0.33411667120726685,0.7269884462157972,0.7999999999984001,0.8749999999978125,0.9999999998888889,0.24285714285367344,0.04591836734693873,0.42105263157850414,0.009999999999999001,-0.5,0.0,0.01,0.027,65.0,-0.5,0.1
605,False,0.3093438556890024,0.6668967779538894,0.33562660592420135,0.7269884462157972,0.7999999999984001,0.8749999999978125,0.7777777776913579,0.32857142856673466,0.05306122448979586,0.42105263157850414,0.009999999999999001,-0.5,0.0,0.008,0.033,72.0,-0.5,0.1
606,False,0.36800004382634843,0.40810203622368624,0.37816874829592906,0.7269884462157972,0.7999999999984001,0.8749999999978125,0.11111111109876541,0.08571428571306121,0.44489795918367303,0.42105263157850414,0.009999999999999001,-0.5,0.0,0.002,0.016,456.0,-0.5,0.1
607,False,0.3417151892438641,0.29734378803542233,0.3448937915014546,0.7269884462157972,0.7999999999984001,0.8749999999978125,0.3333333332962963,0.18571428571163262,0.23367346938775485,0.42105263157850414,0.009999999999999001,-0.5,0.0,0.004,0.023,249.0,-0.5,0.1
608,False,0.3172686113544173,0.5969176282834404,0.338477074973444,0.7269884462157972,0.7999999999984001,0.8749999999978125,0.6666666665925925,0.35714285713775507,0.0826530612244897,0.42105263157850414,0.009999999999999001,-0.5,0.0,0.007,0.035,101.0,-0.5,0.1
609,False,0.23176945093173276,0.2258658210079825,0.23201782506010188,0.7269884462157972,0.7999999999984001,0.8749999999978125,0.7777777776913579,0.9285714285581631,0.09795918367346929,0.42105263157850414,0.009999999999999001,-0.5,0.0,0.008,0.075,116.0,-0.5,0.1
610,False,0.33562724822456286,0.18798787699988234,0.33590306076564336,0.7269884462157972,0.7999999999984001,0.8749999999978125,0.11111111109876541,0.04285714285653059,0.1999999999999998,0.42105263157850414,0.009999999999999001,-0.5,0.0,0.002,0.013,216.0,-0.5,0.1
611,False,0.3581491113981485,0.34001156073375893,0.3638201220981108,0.7269884462157972,0.7999999999984001,0.8749999999978125,0.22222222219753082,0.32857142856673466,0.3030612244897956,0.42105263157850414,0.009999999999999001,-0.5,0.0,0.003,0.033,317.0,-0.5,0.1
612,False,0.44420673871820365,0.6512282951211259,0.47901537391729737,0.7269884462157972,0.7999999999984001,0.8749999999978125,0.0,0.2999999999957142,0.8224489795918358,0.42105263157850414,0.009999999999999001,-0.5,0.0,0.001,0.031,826.0,-0.5,0.1
613,False,0.31207960078947744,0.4938276264318294,0.3254034787739084,0.7269884462157972,0.7999999999984001,0.8749999999978125,0.5555555554938271,0.7571428571320407,0.14897959183673454,0.42105263157850414,0.009999999999999001,-0.5,0.0,0.006,0.063,166.0,-0.5,0.1
614,False,0.5934157154766736,0.158001892658472,0.597320099710393,0.7269884462157972,0.7999999999984001,0.8749999999978125,0.0,0.8142857142740815,0.8346938775510195,0.42105263157850414,0.009999999999999001,-0.5,0.0,0.001,0.067,838.0,-0.5,0.1
615,False,0.3264045600351472,0.5589795108266581,0.3452296478383649,0.7269884462157972,0.7999999999984001,0.8749999999978125,0.44444444439506164,0.8999999999871428,0.09285714285714276,0.42105263157850414,0.009999999999999001,-0.5,0.0,0.005,0.073,111.0,-0.5,0.1
616,False,0.353795268993711,0.41438749126236063,0.3637365838237579,0.7269884462157972,0.7999999999984001,0.8749999999978125,0.11111111109876541,0.5571428571348979,0.03163265306122446,0.42105263157850414,0.009999999999999001,-0.5,0.0,0.002,0.049,51.0,-0.5,0.1
617,False,0.4121260972055152,0.6525450687613059,0.4445027971864818,0.7269884462157972,0.7999999999984001,0.8749999999978125,0.11111111109876541,0.9571428571291836,0.2836734693877548,0.42105263157850414,0.009999999999999001,-0.5,0.0,0.002,0.077,298.0,-0.5,0.1
618,False,0.35411155471221106,0.526983065877591,0.3721035192287203,0.7269884462157972,0.7999999999984001,0.8749999999978125,0.22222222219753082,0.6571428571334693,0.07040816326530605,0.42105263157850414,0.009999999999999001,-0.5,0.0,0.003,0.056,89.0,-0.5,0.1
619,False,0.3634486702767008,0.3937241955821512,0.37248192294143245,0.7269884462157972,0.7999999999984001,0.8749999999978125,0.11111111109876541,0.5142857142783672,0.17142857142857124,0.42105263157850414,0.009999999999999001,-0.5,0.0,0.002,0.046,188.0,-0.5,0.1
620,False,0.4177568604748082,0.592983582705452,0.4453634958365531,0.7269884462157972,0.7999999999984001,0.8749999999978125,0.11111111109876541,0.5428571428493877,0.4785714285714281,0.42105263157850414,0.009999999999999001,-0.5,0.0,0.002,0.048,489.0,-0.5,0.1
621,False,0.37213052901253807,0.395981480347144,0.3816887819718155,0.7269884462157972,0.7999999999984001,0.8749999999978125,0.11111111109876541,0.19999999999714282,0.4326530612244893,0.42105263157850414,0.009999999999999001,-0.5,0.0,0.002,0.024,444.0,-0.5,0.1
622,False,0.31874733355578677,0.5712324308239936,0.3380628450838949,0.7269884462157972,0.7999999999984001,0.8749999999978125,0.6666666665925925,0.2714285714246939,0.007142857142857136,0.42105263157850414,0.009999999999999001,-0.5,0.0,0.007,0.029,27.0,-0.5,0.1
623,False,0.36109238932860277,0.3682768841375248,0.3684657092366909,0.7269884462157972,0.7999999999984001,0.8749999999978125,0.11111111109876541,0.05714285714204081,0.39897959183673426,0.42105263157850414,0.009999999999999001,-0.5,0.0,0.002,0.014,411.0,-0.5,0.1
624,False,0.3809228835199417,0.5579205065815851,0.4030217226057539,0.7269884462157972,0.7999999999984001,0.8749999999978125,0.22222222219753082,0.6285714285624489,0.2918367346938772,0.42105263157850414,0.009999999999999001,-0.5,0.0,0.003,0.054,306.0,-0.5,0.1
625,False,0.29907211153074575,0.44656311900516765,0.3087215768214777,0.7269884462157972,0.7999999999984001,0.8749999999978125,0.5555555554938271,0.9999999999857142,0.07653061224489788,0.42105263157850414,0.009999999999999001,-0.5,0.0,0.006,0.08,95.0,-0.5,0.1
626,False,0.4106893634025862,0.6347904891690963,0.4413978978957894,0.7269884462157972,0.7999999999984001,0.8749999999978125,0.11111111109876541,0.7714285714175508,0.32551020408163234,0.42105263157850414,0.009999999999999001,-0.5,0.0,0.002,0.064,339.0,-0.5,0.1
627,False,0.2926985590303827,0.571083888493722,0.31053688994445694,0.7269884462157972,0.7999999999984001,0.8749999999978125,0.8888888887901233,0.3999999999942856,0.011224489795918356,0.42105263157850414,0.009999999999999001,-0.5,0.0,0.009,0.038,31.0,-0.5,0.1
628,False,0.42007252665592887,0.6098676552966976,0.44931605194536123,0.7269884462157972,0.7999999999984001,0.8749999999978125,0.11111111109876541,0.9142857142726529,0.3275510204081629,0.42105263157850414,0.009999999999999001,-0.5,0.0,0.002,0.074,341.0,-0.5,0.1
629,False,0.2944476624045572,0.52118006027098,0.30879928739148604,0.7269884462157972,0.7999999999984001,0.8749999999978125,0.7777777776913579,0.4857142857073468,0.06836734693877544,0.42105263157850414,0.009999999999999001,-0.5,0.0,0.008,0.044,87.0,-0.5,0.1
630,False,0.32921339859045007,0.1802798455159616,0.3293977951369061,0.7269884462157972,0.7999999999984001,0.8749999999978125,0.22222222219753082,0.01428571428551019,0.1010204081632652,0.42105263157850414,0.009999999999999001,-0.5,0.0,0.003,0.011,119.0,-0.5,0.1
631,False,0.35290964953253257,0.27698772370342173,0.3555245197122317,0.7269884462157972,0.7999999999984001,0.8749999999978125,0.11111111109876541,0.35714285713775507,0.21632653061224466,0.42105263157850414,0.009999999999999001,-0.5,0.0,0.002,0.035,232.0,-0.5,0.1
632,False,0.3919839073634868,0.5679236443752247,0.4156421204620322,0.7269884462157972,0.7999999999984001,0.8749999999978125,0.0,0.6714285714189795,0.21632653061224466,0.42105263157850414,0.009999999999999001,-0.5,0.0,0.001,0.057,232.0,-0.5,0.1
633,False,0.33044120642529756,0.37499980714501646,0.3370787598936179,0.7269884462157972,0.7999999999984001,0.8749999999978125,0.44444444439506164,0.3142857142812244,0.052040816326530556,0.42105263157850414,0.009999999999999001,-0.5,0.0,0.005,0.032,71.0,-0.5,0.1
634,False,0.5551454793375553,0.2339384470334233,0.5624612609462025,0.7269884462157972,0.7999999999984001,0.8749999999978125,0.0,0.7714285714175508,0.7673469387755094,0.42105263157850414,0.009999999999999001,-0.5,0.0,0.001,0.064,772.0,-0.5,0.1
635,False,0.30299704964285273,0.447591362556773,0.312871922742381,0.7269884462157972,0.7999999999984001,0.8749999999978125,0.5555555554938271,0.9428571428436734,0.120408163265306,0.42105263157850414,0.009999999999999001,-0.5,0.0,0.006,0.076,138.0,-0.5,0.1
636,False,0.3447903227468798,0.2754285406552074,0.3471848999445337,0.7269884462157972,0.7999999999984001,0.8749999999978125,0.22222222219753082,0.35714285713775507,0.17346938775510187,0.42105263157850414,0.009999999999999001,-0.5,0.0,0.003,0.035,190.0,-0.5,0.1
637,False,0.3156579068044413,0.6013241609846015,0.33711270697421536,0.7269884462157972,0.7999999999984001,0.8749999999978125,0.6666666665925925,0.3714285714232652,0.06734693877551014,0.42105263157850414,0.009999999999999001,-0.5,0.0,0.007,0.036,86.0,-0.5,0.1
638,False,0.33850387120734404,0.27612018733571964,0.34080392694419565,0.7269884462157972,0.7999999999984001,0.8749999999978125,0.3333333332962963,0.15714285714061224,0.204081632653061,0.42105263157850414,0.009999999999999001,-0.5,0.0,0.004,0.021,220.0,-0.5,0.1
639,False,0.5144517073822058,0.32888184094917183,0.5266709580005087,0.7269884462157972,0.7999999999984001,0.8749999999978125,0.0,0.9285714285581631,0.5979591836734688,0.42105263157850414,0.009999999999999001,-0.5,0.0,0.001,0.075,606.0,-0.5,0.1
640,False,0.3844421308496626,0.7375891012795543,0.42218438391876945,0.7269884462157972,0.7999999999984001,0.8749999999978125,0.0,0.8714285714161222,0.07040816326530605,0.42105263157850414,0.009999999999999001,-0.5,0.0,0.001,0.071,89.0,-0.5,0.1
641,False,0.36019053796179223,0.5083986321925671,0.3771183278818364,0.7269884462157972,0.7999999999984001,0.8749999999978125,0.22222222219753082,0.6285714285624489,0.1418367346938774,0.42105263157850414,0.009999999999999001,-0.5,0.0,0.003,0.054,159.0,-0.5,0.1
642,False,0.40423945917963466,0.6451215383480157,0.4353613642593206,0.7269884462157972,0.7999999999984001,0.8749999999978125,0.11111111109876541,0.7285714285610202,0.31122448979591805,0.42105263157850414,0.009999999999999001,-0.5,0.0,0.002,0.061,325.0,-0.5,0.1
643,False,0.4394674020540346,0.5408786930932216,0.46418362468609453,0.7269884462157972,0.7999999999984001,0.8749999999978125,0.11111111109876541,0.9714285714146937,0.397959183673469,0.42105263157850414,0.009999999999999001,-0.5,0.0,0.002,0.078,410.0,-0.5,0.1
644,False,0.3418981374848616,0.5092768722501192,0.3578668172638617,0.7269884462157972,0.7999999999984001,0.8749999999978125,0.3333333332962963,0.5999999999914284,0.07244897959183666,0.42105263157850414,0.009999999999999001,-0.5,0.0,0.004,0.052,91.0,-0.5,0.1
645,False,0.35756654116330633,0.34787987604945,0.3636452970100945,0.7269884462157972,0.7999999999984001,0.8749999999978125,0.11111111109876541,0.4714285714218366,0.15510204081632636,0.42105263157850414,0.009999999999999001,-0.5,0.0,0.002,0.043,172.0,-0.5,0.1
646,False,0.353007990388904,0.5064424190993796,0.36938134090746033,0.7269884462157972,0.7999999999984001,0.8749999999978125,0.3333333332962963,0.571428571420408,0.19387755102040796,0.42105263157850414,0.009999999999999001,-0.5,0.0,0.004,0.05,210.0,-0.5,0.1
647,False,0.5147219383678207,0.32264266980314815,0.5264650024415798,0.7269884462157972,0.7999999999984001,0.8749999999978125,0.0,0.8142857142740815,0.6306122448979585,0.42105263157850414,0.009999999999999001,-0.5,0.0,0.001,0.067,638.0,-0.5,0.1
648,False,0.19569073651298607,0.15793597888750793,0.1956938122991656,0.7269884462157972,0.7999999999984001,0.8749999999978125,0.9999999998888889,0.8142857142740815,0.0020408163265306103,0.42105263157850414,0.009999999999999001,-0.5,0.0,0.01,0.067,22.0,-0.5,0.1
649,False,0.3572663440792258,0.6200683485276977,0.38289081220065174,0.7269884462157972,0.7999999999984001,0.8749999999978125,0.3333333332962963,0.6999999999899998,0.19795918367346918,0.42105263157850414,0.009999999999999001,-0.5,0.0,0.004,0.059,214.0,-0.5,0.1
650,False,0.3191461518609918,0.668295247980317,0.34618825642163303,0.7269884462157972,0.7999999999984001,0.8749999999978125,0.7777777776913579,0.18571428571163262,0.059183673469387695,0.42105263157850414,0.009999999999999001,-0.5,0.0,0.008,0.023,78.0,-0.5,0.1
651,False,0.38371041219986574,0.6613447784502501,0.41470347834881527,0.7269884462157972,0.7999999999984001,0.8749999999978125,0.22222222219753082,0.7571428571320407,0.2591836734693875,0.42105263157850414,0.009999999999999001,-0.5,0.0,0.003,0.063,274.0,-0.5,0.1
652,False,0.3275711350181731,0.5575797728233542,0.34635708975714385,0.7269884462157972,0.7999999999984001,0.8749999999978125,0.6666666665925925,0.09999999999857143,0.061224489795918303,0.42105263157850414,0.009999999999999001,-0.5,0.0,0.007,0.017,80.0,-0.5,0.1
653,False,0.5278816821420464,0.348102789201747,0.5425437472556361,0.7269884462157972,0.7999999999984001,0.8749999999978125,0.0,0.5999999999914284,0.98673469387755,0.42105263157850414,0.009999999999999001,-0.5,0.0,0.001,0.052,987.0,-0.5,0.1
654,False,0.36930610931780594,0.36041648359640915,0.3765293857166082,0.7269884462157972,0.7999999999984001,0.8749999999978125,0.11111111109876541,0.35714285713775507,0.3306122448979588,0.42105263157850414,0.009999999999999001,-0.5,0.0,0.002,0.035,344.0,-0.5,0.1
655,False,0.194131516161194,0.152393099611103,0.19413325268970916,0.7269884462157972,0.7999999999984001,0.8749999999978125,0.9999999998888889,0.8142857142740815,0.016326530612244882,0.42105263157850414,0.009999999999999001,-0.5,0.0,0.01,0.067,36.0,-0.5,0.1
656,False,0.329992758386926,0.5788108339956215,0.3505574327150738,0.7269884462157972,0.7999999999984001,0.8749999999978125,0.44444444439506164,0.6142857142769386,0.0816326530612244,0.42105263157850414,0.009999999999999001,-0.5,0.0,0.005,0.053,100.0,-0.5,0.1
657,False,0.33279923904626063,0.46733094386294116,0.34530729167685187,0.7269884462157972,0.7999999999984001,0.8749999999978125,0.5555555554938271,0.0,0.06224489795918361,0.42105263157850414,0.009999999999999001,-0.5,0.0,0.006,0.01,81.0,-0.5,0.1
658,False,0.3521756080120625,0.6694666488083545,0.38158005714845744,0.7269884462157972,0.7999999999984001,0.8749999999978125,0.3333333332962963,0.985714285700204,0.12346938775510191,0.42105263157850414,0.009999999999999001,-0.5,0.0,0.004,0.079,141.0,-0.5,0.1
659,False,0.2616345737164458,0.34025243660838644,0.2647739148253325,0.7269884462157972,0.7999999999984001,0.8749999999978125,0.7777777776913579,0.6999999999899998,0.05306122448979586,0.42105263157850414,0.009999999999999001,-0.5,0.0,0.008,0.059,72.0,-0.5,0.1
660,False,0.35686337931722745,0.6192996276568223,0.3823971239941521,0.7269884462157972,0.7999999999984001,0.8749999999978125,0.3333333332962963,0.6999999999899998,0.19489795918367325,0.42105263157850414,0.009999999999999001,-0.5,0.0,0.004,0.059,211.0,-0.5,0.1
661,False,0.33957586414814506,0.28444170032959076,0.3421996625401222,0.7269884462157972,0.7999999999984001,0.8749999999978125,0.3333333332962963,0.142857142855102,0.21836734693877527,0.42105263157850414,0.009999999999999001,-0.5,0.0,0.004,0.02,234.0,-0.5,0.1
662,False,0.2557836942454751,0.32442587048712834,0.25825290920096183,0.7269884462157972,0.7999999999984001,0.8749999999978125,0.7777777776913579,0.7285714285610202,0.009183673469387746,0.42105263157850414,0.009999999999999001,-0.5,0.0,0.008,0.061,29.0,-0.5,0.1
663,False,0.39310736809895613,0.7556980480991551,0.43316377047179594,0.7269884462157972,0.7999999999984001,0.8749999999978125,0.11111111109876541,0.9714285714146937,0.1795918367346937,0.42105263157850414,0.009999999999999001,-0.5,0.0,0.002,0.078,196.0,-0.5,0.1
664,False,0.5365218318362424,0.2798319392105965,0.5462429992707328,0.7269884462157972,0.7999999999984001,0.8749999999978125,0.0,0.985714285700204,0.6499999999999994,0.42105263157850414,0.009999999999999001,-0.5,0.0,0.001,0.079,657.0,-0.5,0.1
665,False,0.31846599054306385,0.6059882289884416,0.34045681180024695,0.7269884462157972,0.7999999999984001,0.8749999999978125,0.6666666665925925,0.3714285714232652,0.120408163265306,0.42105263157850414,0.009999999999999001,-0.5,0.0,0.007,0.036,138.0,-0.5,0.1
666,False,0.4410558250455848,0.5483761192609266,0.466532989493678,0.7269884462157972,0.7999999999984001,0.8749999999978125,0.0,0.5571428571348979,0.5367346938775505,0.42105263157850414,0.009999999999999001,-0.5,0.0,0.001,0.049,546.0,-0.5,0.1
667,False,0.33506252410439097,0.16592225815653608,0.33516798973180983,0.7269884462157972,0.7999999999984001,0.8749999999978125,0.11111111109876541,0.1285714285695918,0.20612244897959162,0.42105263157850414,0.009999999999999001,-0.5,0.0,0.002,0.019,222.0,-0.5,0.1
668,False,0.4833430157427173,0.4225869832755535,0.5011563489943339,0.7269884462157972,0.7999999999984001,0.8749999999978125,0.0,0.985714285700204,0.5061224489795914,0.42105263157850414,0.009999999999999001,-0.5,0.0,0.001,0.079,516.0,-0.5,0.1
669,False,0.3538356191944536,0.4879292239785871,0.368883466351565,0.7269884462157972,0.7999999999984001,0.8749999999978125,0.3333333332962963,0.5428571428493877,0.21020408163265283,0.42105263157850414,0.009999999999999001,-0.5,0.0,0.004,0.048,226.0,-0.5,0.1
670,False,0.39627596961319544,0.6994285761831737,0.43156156940204415,0.7269884462157972,0.7999999999984001,0.8749999999978125,0.11111111109876541,0.8142857142740815,0.23673469387755078,0.42105263157850414,0.009999999999999001,-0.5,0.0,0.002,0.067,252.0,-0.5,0.1
671,False,0.36834824767191715,0.3594676521180222,0.3754787527814068,0.7269884462157972,0.7999999999984001,0.8749999999978125,0.11111111109876541,0.25714285713918367,0.38163265306122407,0.42105263157850414,0.009999999999999001,-0.5,0.0,0.002,0.028,394.0,-0.5,0.1
672,False,0.29520806786203485,0.5682938710726103,0.3129777544209835,0.7269884462157972,0.7999999999984001,0.8749999999978125,0.8888888887901233,0.3999999999942856,0.08367346938775501,0.42105263157850414,0.009999999999999001,-0.5,0.0,0.009,0.038,102.0,-0.5,0.1
673,False,0.282725132715817,0.5303894744219636,0.29713825705031666,0.7269884462157972,0.7999999999984001,0.8749999999978125,0.9999999998888889,0.42857142856530606,0.025510204081632626,0.42105263157850414,0.009999999999999001,-0.5,0.0,0.01,0.04,45.0,-0.5,0.1
674,False,0.3337414631788094,0.4578582252719715,0.3456490614732835,0.7269884462157972,0.7999999999984001,0.8749999999978125,0.5555555554938271,0.07142857142755099,0.12448979591836722,0.42105263157850414,0.009999999999999001,-0.5,0.0,0.006,0.015,142.0,-0.5,0.1
675,False,0.3554879493511307,0.4008126376596865,0.36463101221712996,0.7269884462157972,0.7999999999984001,0.8749999999978125,0.11111111109876541,0.5428571428493877,0.06632653061224483,0.42105263157850414,0.009999999999999001,-0.5,0.0,0.002,0.048,85.0,-0.5,0.1
676,False,0.38297151168365695,0.7388601826570298,0.4207105949172336,0.7269884462157972,0.7999999999984001,0.8749999999978125,0.22222222219753082,0.8714285714161222,0.22551020408163241,0.42105263157850414,0.009999999999999001,-0.5,0.0,0.003,0.071,241.0,-0.5,0.1
677,False,0.47028403833147175,0.5729580478581433,0.500171828951443,0.7269884462157972,0.7999999999984001,0.8749999999978125,0.0,0.3714285714232652,0.9683673469387745,0.42105263157850414,0.009999999999999001,-0.5,0.0,0.001,0.036,969.0,-0.5,0.1
678,False,0.39041889389546114,0.6525291120697291,0.4211473436658733,0.7269884462157972,0.7999999999984001,0.8749999999978125,0.22222222219753082,0.7285714285610202,0.3061224489795915,0.42105263157850414,0.009999999999999001,-0.5,0.0,0.003,0.061,320.0,-0.5,0.1
679,False,0.36036540157296015,0.3380570818475029,0.366005094066995,0.7269884462157972,0.7999999999984001,0.8749999999978125,0.11111111109876541,0.1285714285695918,0.37857142857142817,0.42105263157850414,0.009999999999999001,-0.5,0.0,0.002,0.019,391.0,-0.5,0.1
680,False,0.33030788402242756,0.2327048825279592,0.3312543664408322,0.7269884462157972,0.7999999999984001,0.8749999999978125,0.3333333332962963,0.08571428571306121,0.07959183673469379,0.42105263157850414,0.009999999999999001,-0.5,0.0,0.004,0.016,98.0,-0.5,0.1
681,False,0.33831795058349456,0.32691966695198693,0.3427230265026563,0.7269884462157972,0.7999999999984001,0.8749999999978125,0.3333333332962963,0.3714285714232652,0.11326530612244887,0.42105263157850414,0.009999999999999001,-0.5,0.0,0.004,0.036,131.0,-0.5,0.1
682,False,0.440328363922957,0.5757715790834269,0.46812884273703503,0.7269884462157972,0.7999999999984001,0.8749999999978125,0.0,0.45714285713632646,0.6173469387755096,0.42105263157850414,0.009999999999999001,-0.5,0.0,0.001,0.042,625.0,-0.5,0.1
683,False,0.33205098749896655,0.3107677486292894,0.3355654705723014,0.7269884462157972,0.7999999999984001,0.8749999999978125,0.3333333332962963,0.35714285713775507,0.005102040816326525,0.42105263157850414,0.009999999999999001,-0.5,0.0,0.004,0.035,25.0,-0.5,0.1
684,False,0.35231220023243304,0.3456533811325344,0.35809221584900064,0.7269884462157972,0.7999999999984001,0.8749999999978125,0.11111111109876541,0.4857142857073468,0.08469387755102031,0.42105263157850414,0.009999999999999001,-0.5,0.0,0.002,0.044,103.0,-0.5,0.1
685,False,0.33211211454651623,0.4522902545004276,0.34356901037018733,0.7269884462157972,0.7999999999984001,0.8749999999978125,0.5555555554938271,0.15714285714061224,0.12346938775510191,0.42105263157850414,0.009999999999999001,-0.5,0.0,0.006,0.021,141.0,-0.5,0.1
686,False,0.36330328055927597,0.380941464717119,0.3715298796063618,0.7269884462157972,0.7999999999984001,0.8749999999978125,0.22222222219753082,0.3999999999942856,0.2989795918367344,0.42105263157850414,0.009999999999999001,-0.5,0.0,0.003,0.038,313.0,-0.5,0.1
687,False,0.3861566368123945,0.4474987173607362,0.3999885576025188,0.7269884462157972,0.7999999999984001,0.8749999999978125,0.11111111109876541,0.35714285713775507,0.43367346938775464,0.42105263157850414,0.009999999999999001,-0.5,0.0,0.002,0.035,445.0,-0.5,0.1
688,False,0.36076736442789886,0.684340555108257,0.39205486010336965,0.7269884462157972,0.7999999999984001,0.8749999999978125,0.3333333332962963,0.8714285714161222,0.19795918367346918,0.42105263157850414,0.009999999999999001,-0.5,0.0,0.004,0.071,214.0,-0.5,0.1
689,False,0.31404426031985055,0.034528416970455375,0.31404426031985055,0.7269884462157972,0.7999999999984001,0.8749999999978125,0.11111111109876541,0.11428571428408159,0.021428571428571404,0.42105263157850414,0.009999999999999001,-0.5,0.0,0.002,0.018,41.0,-0.5,0.1
690,False,0.322070177018524,0.11204430183426578,0.3220708936103009,0.7269884462157972,0.7999999999984001,0.8749999999978125,0.22222222219753082,0.1285714285695918,0.03877551020408159,0.42105263157850414,0.009999999999999001,-0.5,0.0,0.003,0.019,58.0,-0.5,0.1
691,False,0.3276821059091198,0.5585798104518068,0.34655069968328367,0.7269884462157972,0.7999999999984001,0.8749999999978125,0.6666666665925925,0.08571428571306121,0.05102040816326525,0.42105263157850414,0.009999999999999001,-0.5,0.0,0.007,0.016,70.0,-0.5,0.1
692,False,0.33025190133437254,0.37489983541712063,0.3368773357219786,0.7269884462157972,0.7999999999984001,0.8749999999978125,0.44444444439506164,0.3142857142812244,0.04795918367346934,0.42105263157850414,0.009999999999999001,-0.5,0.0,0.005,0.032,67.0,-0.5,0.1
693,False,0.4067934084820521,0.7179300545487017,0.44456465861260597,0.7269884462157972,0.7999999999984001,0.8749999999978125,0.0,0.05714285714204081,0.7448979591836727,0.42105263157850414,0.009999999999999001,-0.5,0.0,0.001,0.014,750.0,-0.5,0.1
694,False,0.33454592868246574,0.2778962447896526,0.3368349274390107,0.7269884462157972,0.7999999999984001,0.8749999999978125,0.3333333332962963,0.2999999999957142,0.09693877551020398,0.42105263157850414,0.009999999999999001,-0.5,0.0,0.004,0.031,115.0,-0.5,0.1
695,False,0.5054664112936633,0.39103473408516465,0.5221691243005524,0.7269884462157972,0.7999999999984001,0.8749999999978125,0.0,0.5571428571348979,0.8622448979591828,0.42105263157850414,0.009999999999999001,-0.5,0.0,0.001,0.049,865.0,-0.5,0.1
696,False,0.353690717578715,0.5821388686048609,0.37598811856093267,0.7269884462157972,0.7999999999984001,0.8749999999978125,0.22222222219753082,0.71428571427551,0.04387755102040812,0.42105263157850414,0.009999999999999001,-0.5,0.0,0.003,0.06,63.0,-0.5,0.1
697,False,0.3695635053991947,0.4781151714341104,0.38474708569549115,0.7269884462157972,0.7999999999984001,0.8749999999978125,0.22222222219753082,0.5571428571348979,0.25204081632653036,0.42105263157850414,0.009999999999999001,-0.5,0.0,0.003,0.049,267.0,-0.5,0.1
698,False,0.2676831553061988,0.3360833389377157,0.27078858194539024,0.7269884462157972,0.7999999999984001,0.8749999999978125,0.6666666665925925,0.9142857142726529,0.06734693877551014,0.42105263157850414,0.009999999999999001,-0.5,0.0,0.007,0.074,86.0,-0.5,0.1
699,False,0.48688792882004744,0.4126298970021621,0.5041154671204743,0.7269884462157972,0.7999999999984001,0.8749999999978125,0.0,0.5999999999914284,0.6969387755102033,0.42105263157850414,0.009999999999999001,-0.5,0.0,0.001,0.052,703.0,-0.5,0.1
700,False,0.33187687647520475,0.16862932654711074,0.3319907436208506,0.7269884462157972,0.7999999999984001,0.8749999999978125,0.22222222219753082,0.18571428571163262,0.1602040816326529,0.42105263157850414,0.009999999999999001,-0.5,0.0,0.003,0.023,177.0,-0.5,0.1
701,False,0.3316047320436138,0.14949864193562132,0.33164287329252723,0.7269884462157972,0.7999999999984001,0.8749999999978125,0.0,0.24285714285367344,0.03877551020408159,0.42105263157850414,0.009999999999999001,-0.5,0.0,0.001,0.027,58.0,-0.5,0.1
702,False,0.42002245603159,0.6089039713743025,0.44917825245423,0.7269884462157972,0.7999999999984001,0.8749999999978125,0.0,0.34285714285224483,0.6051020408163259,0.42105263157850414,0.009999999999999001,-0.5,0.0,0.001,0.034,613.0,-0.5,0.1
703,False,0.3177058125151393,0.586001985286116,0.3380938524719977,0.7269884462157972,0.7999999999984001,0.8749999999978125,0.6666666665925925,0.32857142856673466,0.057142857142857086,0.42105263157850414,0.009999999999999001,-0.5,0.0,0.007,0.033,76.0,-0.5,0.1
704,False,0.37645155960534543,0.7378629145451052,0.4135899666193733,0.7269884462157972,0.7999999999984001,0.8749999999978125,0.22222222219753082,0.8571428571306121,0.18877551020408143,0.42105263157850414,0.009999999999999001,-0.5,0.0,0.003,0.07,205.0,-0.5,0.1
705,False,0.33811209003992965,0.1767657691750215,0.33829572746720166,0.7269884462157972,0.7999999999984001,0.8749999999978125,0.0,0.15714285714061224,0.1775510204081631,0.42105263157850414,0.009999999999999001,-0.5,0.0,0.001,0.021,194.0,-0.5,0.1
706,False,0.3290550729456952,0.5780764098022558,0.3495061943121602,0.7269884462157972,0.7999999999984001,0.8749999999978125,0.44444444439506164,0.6142857142769386,0.06938775510204075,0.42105263157850414,0.009999999999999001,-0.5,0.0,0.005,0.053,88.0,-0.5,0.1
707,False,0.27099140274981637,0.3857576917599374,0.2763136603375621,0.7269884462157972,0.7999999999984001,0.8749999999978125,0.7777777776913579,0.642857142847959,0.04387755102040812,0.42105263157850414,0.009999999999999001,-0.5,0.0,0.008,0.055,63.0,-0.5,0.1
708,False,0.3293522345593001,0.1613174303308313,0.3294265690187717,0.7269884462157972,0.7999999999984001,0.8749999999978125,0.22222222219753082,0.08571428571306121,0.1428571428571427,0.42105263157850414,0.009999999999999001,-0.5,0.0,0.003,0.016,160.0,-0.5,0.1
709,False,0.3581633682085418,0.6339610905914742,0.385002894942286,0.7269884462157972,0.7999999999984001,0.8749999999978125,0.3333333332962963,0.71428571427551,0.2020408163265304,0.42105263157850414,0.009999999999999001,-0.5,0.0,0.004,0.06,218.0,-0.5,0.1
710,False,0.3425809543544718,0.21752890724773563,0.3433320100191986,0.7269884462157972,0.7999999999984001,0.8749999999978125,0.11111111109876541,0.32857142856673466,0.15408163265306107,0.42105263157850414,0.009999999999999001,-0.5,0.0,0.002,0.033,171.0,-0.5,0.1
711,False,0.37641478895453323,0.6885335931827639,0.4092212912925093,0.7269884462157972,0.7999999999984001,0.8749999999978125,0.11111111109876541,0.8285714285595918,0.10306122448979581,0.42105263157850414,0.009999999999999001,-0.5,0.0,0.002,0.068,121.0,-0.5,0.1
712,False,0.37006547205930834,0.7716013195952661,0.4096970193518361,0.7269884462157972,0.7999999999984001,0.8749999999978125,0.11111111109876541,0.9142857142726529,0.02448979591836732,0.42105263157850414,0.009999999999999001,-0.5,0.0,0.002,0.074,44.0,-0.5,0.1
713,False,0.3253506032812316,0.13004016183841674,0.3253574450504585,0.7269884462157972,0.7999999999984001,0.8749999999978125,0.22222222219753082,0.11428571428408159,0.1020408163265305,0.42105263157850414,0.009999999999999001,-0.5,0.0,0.003,0.018,120.0,-0.5,0.1
714,False,0.3973963392515083,0.589598159056824,0.42324419013967857,0.7269884462157972,0.7999999999984001,0.8749999999978125,0.11111111109876541,0.6714285714189795,0.3020408163265303,0.42105263157850414,0.009999999999999001,-0.5,0.0,0.002,0.057,316.0,-0.5,0.1
715,False,0.31046430880366543,0.6541661256459729,0.3357894124675315,0.7269884462157972,0.7999999999984001,0.8749999999978125,0.7777777776913579,0.34285714285224483,0.10408163265306111,0.42105263157850414,0.009999999999999001,-0.5,0.0,0.008,0.034,122.0,-0.5,0.1
716,False,0.2602097784705617,0.3292617929271808,0.2629227948852983,0.7269884462157972,0.7999999999984001,0.8749999999978125,0.7777777776913579,0.71428571427551,0.07653061224489788,0.42105263157850414,0.009999999999999001,-0.5,0.0,0.008,0.06,95.0,-0.5,0.1
717,False,0.3979184523077506,0.7776822429311484,0.4403548737248353,0.7269884462157972,0.7999999999984001,0.8749999999978125,0.0,0.9285714285581631,0.14897959183673454,0.42105263157850414,0.009999999999999001,-0.5,0.0,0.001,0.075,166.0,-0.5,0.1
718,False,0.36497750407773755,0.3859110152107323,0.373582248509275,0.7269884462157972,0.7999999999984001,0.8749999999978125,0.22222222219753082,0.38571428570877536,0.3193877551020405,0.42105263157850414,0.009999999999999001,-0.5,0.0,0.003,0.037,333.0,-0.5,0.1
719,False,0.3824974009048854,0.8646330832793935,0.4315685279490801,0.7269884462157972,0.7999999999984001,0.8749999999978125,0.0,0.9999999999857142,0.017346938775510187,0.42105263157850414,0.009999999999999001,-0.5,0.0,0.001,0.08,37.0,-0.5,0.1
720,False,0.3138747248646501,0.6009084413039967,0.33518959403937315,0.7269884462157972,0.7999999999984001,0.8749999999978125,0.6666666665925925,0.3714285714232652,0.02653061224489793,0.42105263157850414,0.009999999999999001,-0.5,0.0,0.007,0.036,46.0,-0.5,0.1
721,False,0.36996324835495425,0.7429139078900749,0.40704270709092233,0.7269884462157972,0.7999999999984001,0.8749999999978125,0.11111111109876541,0.8857142857016324,0.03163265306122446,0.42105263157850414,0.009999999999999001,-0.5,0.0,0.002,0.072,51.0,-0.5,0.1
722,False,0.2905507701602606,0.5116104702801175,0.30405379485702266,0.7269884462157972,0.7999999999984001,0.8749999999978125,0.7777777776913579,0.499999999992857,0.011224489795918356,0.42105263157850414,0.009999999999999001,-0.5,0.0,0.008,0.045,31.0,-0.5,0.1
723,False,0.3462375852046904,0.37315722495637704,0.3533368922462575,0.7269884462157972,0.7999999999984001,0.8749999999978125,0.3333333332962963,0.3999999999942856,0.19489795918367325,0.42105263157850414,0.009999999999999001,-0.5,0.0,0.004,0.038,211.0,-0.5,0.1
724,False,0.4035542819310449,0.5588185907822044,0.4272462251092223,0.7269884462157972,0.7999999999984001,0.8749999999978125,0.11111111109876541,0.5857142857059182,0.38163265306122407,0.42105263157850414,0.009999999999999001,-0.5,0.0,0.002,0.051,394.0,-0.5,0.1
725,False,0.3526459366381488,0.4855146542618914,0.3674532890194308,0.7269884462157972,0.7999999999984001,0.8749999999978125,0.22222222219753082,0.6142857142769386,0.07448979591836727,0.42105263157850414,0.009999999999999001,-0.5,0.0,0.003,0.053,93.0,-0.5,0.1
726,False,0.3502627144564009,0.2757991681902938,0.35277874751065785,0.7269884462157972,0.7999999999984001,0.8749999999978125,0.11111111109876541,0.09999999999857143,0.31326530612244863,0.42105263157850414,0.009999999999999001,-0.5,0.0,0.002,0.017,327.0,-0.5,0.1
727,False,0.3362520725543419,0.2681541802642047,0.338241860132092,0.7269884462157972,0.7999999999984001,0.8749999999978125,0.3333333332962963,0.08571428571306121,0.1795918367346937,0.42105263157850414,0.009999999999999001,-0.5,0.0,0.004,0.016,196.0,-0.5,0.1
728,False,0.44608076918193723,0.5324546115578481,0.4705564353754109,0.7269884462157972,0.7999999999984001,0.8749999999978125,0.0,0.8571428571306121,0.4010204081632649,0.42105263157850414,0.009999999999999001,-0.5,0.0,0.001,0.07,413.0,-0.5,0.1
729,False,0.3530993153933324,0.6813429591143245,0.38357690598067007,0.7269884462157972,0.7999999999984001,0.8749999999978125,0.22222222219753082,0.8142857142740815,0.008163265306122441,0.42105263157850414,0.009999999999999001,-0.5,0.0,0.003,0.067,28.0,-0.5,0.1
730,False,0.3351443512023314,0.26958897958251576,0.33716234955838453,0.7269884462157972,0.7999999999984001,0.8749999999978125,0.3333333332962963,0.04285714285653059,0.15612244897959168,0.42105263157850414,0.009999999999999001,-0.5,0.0,0.004,0.013,173.0,-0.5,0.1
731,False,0.4137449105414079,0.5803331258677851,0.43997267496871584,0.7269884462157972,0.7999999999984001,0.8749999999978125,0.0,0.5999999999914284,0.3806122448979588,0.42105263157850414,0.009999999999999001,-0.5,0.0,0.001,0.052,393.0,-0.5,0.1
732,False,0.3283409744316098,0.5592169595899456,0.3472964288880342,0.7269884462157972,0.7999999999984001,0.8749999999978125,0.6666666665925925,0.08571428571306121,0.06938775510204075,0.42105263157850414,0.009999999999999001,-0.5,0.0,0.007,0.016,88.0,-0.5,0.1
733,False,0.3623718977431043,0.6966046275992951,0.39483213048528676,0.7269884462157972,0.7999999999984001,0.8749999999978125,0.22222222219753082,0.8285714285595918,0.09285714285714276,0.42105263157850414,0.009999999999999001,-0.5,0.0,0.003,0.068,111.0,-0.5,0.1
734,False,0.3822606803849234,0.428154559159971,0.39449362278817524,0.7269884462157972,0.7999999999984001,0.8749999999978125,0.11111111109876541,0.34285714285224483,0.4193877551020404,0.42105263157850414,0.009999999999999001,-0.5,0.0,0.002,0.034,431.0,-0.5,0.1
735,False,0.3362123947161994,0.6249504378670518,0.36084010412358875,0.7269884462157972,0.7999999999984001,0.8749999999978125,0.44444444439506164,0.6857142857044897,0.1602040816326529,0.42105263157850414,0.009999999999999001,-0.5,0.0,0.005,0.058,177.0,-0.5,0.1
736,False,0.3795554106081401,0.7321647226952034,0.41643199188984265,0.7269884462157972,0.7999999999984001,0.8749999999978125,0.11111111109876541,0.8714285714161222,0.11326530612244887,0.42105263157850414,0.009999999999999001,-0.5,0.0,0.002,0.071,131.0,-0.5,0.1
737,False,0.4759366111261146,0.49470330696871995,0.49935912805373667,0.7269884462157972,0.7999999999984001,0.8749999999978125,0.0,0.45714285713632646,0.8326530612244889,0.42105263157850414,0.009999999999999001,-0.5,0.0,0.001,0.042,836.0,-0.5,0.1
738,False,0.3381329109434724,0.535596790888875,0.35585764645945295,0.7269884462157972,0.7999999999984001,0.8749999999978125,0.44444444439506164,0.5428571428493877,0.16632653061224473,0.42105263157850414,0.009999999999999001,-0.5,0.0,0.005,0.048,183.0,-0.5,0.1
739,False,0.25861307190011595,0.3896302671789693,0.26377385021962474,0.7269884462157972,0.7999999999984001,0.8749999999978125,0.9999999998888889,0.571428571420408,0.014285714285714271,0.42105263157850414,0.009999999999999001,-0.5,0.0,0.01,0.05,34.0,-0.5,0.1
740,False,0.3828241730221291,0.4205280071409554,0.39454892123018964,0.7269884462157972,0.7999999999984001,0.8749999999978125,0.0,0.28571428571020396,0.42040816326530567,0.42105263157850414,0.009999999999999001,-0.5,0.0,0.001,0.03,432.0,-0.5,0.1
741,False,0.348907876090858,0.35679982085109085,0.3551794237073584,0.7269884462157972,0.7999999999984001,0.8749999999978125,0.22222222219753082,0.4714285714218366,0.12448979591836722,0.42105263157850414,0.009999999999999001,-0.5,0.0,0.003,0.043,142.0,-0.5,0.1
742,False,0.36160150751602854,0.3129739889223548,0.36599639332619477,0.7269884462157972,0.7999999999984001,0.8749999999978125,0.0,0.3714285714232652,0.2234693877551018,0.42105263157850414,0.009999999999999001,-0.5,0.0,0.001,0.036,239.0,-0.5,0.1
743,False,0.36608799179558066,0.3519769094919585,0.37269891354043067,0.7269884462157972,0.7999999999984001,0.8749999999978125,0.0,0.15714285714061224,0.37448979591836695,0.42105263157850414,0.009999999999999001,-0.5,0.0,0.001,0.021,387.0,-0.5,0.1
744,False,0.38039896718367844,0.7671217649450847,0.42045487478664584,0.7269884462157972,0.7999999999984001,0.8749999999978125,0.22222222219753082,0.9714285714146937,0.19285714285714264,0.42105263157850414,0.009999999999999001,-0.5,0.0,0.003,0.078,209.0,-0.5,0.1
745,False,0.3237717664244886,0.539475274091774,0.3409794177766041,0.7269884462157972,0.7999999999984001,0.8749999999978125,0.5555555554938271,0.44285714285081623,0.0999999999999999,0.42105263157850414,0.009999999999999001,-0.5,0.0,0.006,0.041,118.0,-0.5,0.1
746,False,0.2947481050466993,0.49031871661276066,0.3070151080857784,0.7269884462157972,0.7999999999984001,0.8749999999978125,0.6666666665925925,0.5999999999914284,0.027551020408163235,0.42105263157850414,0.009999999999999001,-0.5,0.0,0.007,0.052,47.0,-0.5,0.1
747,False,0.26841721128203966,0.3362025961212036,0.2715420891952449,0.7269884462157972,0.7999999999984001,0.8749999999978125,0.6666666665925925,0.9142857142726529,0.07857142857142849,0.42105263157850414,0.009999999999999001,-0.5,0.0,0.007,0.074,97.0,-0.5,0.1
748,False,0.34977948871776077,0.6461006291465426,0.3770553422971943,0.7269884462157972,0.7999999999984001,0.8749999999978125,0.3333333332962963,0.7428571428465305,0.13061224489795906,0.42105263157850414,0.009999999999999001,-0.5,0.0,0.004,0.062,148.0,-0.5,0.1
749,False,0.39737615585157166,0.6690331319263632,0.43006791871951233,0.7269884462157972,0.7999999999984001,0.8749999999978125,0.22222222219753082,0.8999999999871428,0.29693877551020376,0.42105263157850414,0.009999999999999001,-0.5,0.0,0.003,0.073,311.0,-0.5,0.1
750,False,0.30039186652247474,0.5002041556170396,0.31358847359378417,0.7269884462157972,0.7999999999984001,0.8749999999978125,0.6666666665925925,0.5857142857059182,0.10306122448979581,0.42105263157850414,0.009999999999999001,-0.5,0.0,0.007,0.051,121.0,-0.5,0.1
751,False,0.33229914746082917,0.5696401597326513,0.352289630096717,0.7269884462157972,0.7999999999984001,0.8749999999978125,0.44444444439506164,0.5999999999914284,0.10714285714285703,0.42105263157850414,0.009999999999999001,-0.5,0.0,0.005,0.052,125.0,-0.5,0.1
752,False,0.3473061842917976,0.6695226378768937,0.37637268198061496,0.7269884462157972,0.7999999999984001,0.8749999999978125,0.3333333332962963,0.8999999999871428,0.09285714285714276,0.42105263157850414,0.009999999999999001,-0.5,0.0,0.004,0.073,111.0,-0.5,0.1
753,False,0.3281277882870307,0.47853891265475335,0.341180645826889,0.7269884462157972,0.7999999999984001,0.8749999999978125,0.44444444439506164,0.4857142857073468,0.022448979591836712,0.42105263157850414,0.009999999999999001,-0.5,0.0,0.005,0.044,42.0,-0.5,0.1
754,False,0.377549207510649,0.8150685459977786,0.42168952044541447,0.7269884462157972,0.7999999999984001,0.8749999999978125,0.11111111109876541,0.9571428571291836,0.07653061224489788,0.42105263157850414,0.009999999999999001,-0.5,0.0,0.002,0.077,95.0,-0.5,0.1
755,False,0.39621350911717645,0.5398304357244169,0.41784189573593467,0.7269884462157972,0.7999999999984001,0.8749999999978125,0.0,0.18571428571163262,0.5673469387755096,0.42105263157850414,0.009999999999999001,-0.5,0.0,0.001,0.023,576.0,-0.5,0.1
756,False,0.31293256451307006,0.7790385069658053,0.348858261137012,0.7269884462157972,0.7999999999984001,0.8749999999978125,0.8888888887901233,0.18571428571163262,0.029591836734693847,0.42105263157850414,0.009999999999999001,-0.5,0.0,0.009,0.023,49.0,-0.5,0.1
757,False,0.3683942816817957,0.40333081931522685,0.3782660771556196,0.7269884462157972,0.7999999999984001,0.8749999999978125,0.0,0.5142857142783672,0.15204081632653046,0.42105263157850414,0.009999999999999001,-0.5,0.0,0.001,0.046,169.0,-0.5,0.1
758,False,0.3138409728212893,0.029450754468301567,0.3138409728212893,0.7269884462157972,0.7999999999984001,0.8749999999978125,0.11111111109876541,0.1714285714261224,0.03367346938775507,0.42105263157850414,0.009999999999999001,-0.5,0.0,0.002,0.022,53.0,-0.5,0.1
759,False,0.3369632100567344,0.2858366364905567,0.33958643482538375,0.7269884462157972,0.7999999999984001,0.8749999999978125,0.3333333332962963,0.028571428571020404,0.1795918367346937,0.42105263157850414,0.009999999999999001,-0.5,0.0,0.004,0.012,196.0,-0.5,0.1
760,False,0.40977828403137967,0.6119395497001617,0.43843205892130277,0.7269884462157972,0.7999999999984001,0.8749999999978125,0.11111111109876541,0.6571428571334693,0.37244897959183637,0.42105263157850414,0.009999999999999001,-0.5,0.0,0.002,0.056,385.0,-0.5,0.1
761,False,0.3947137074984237,0.47647356880083175,0.41121061779481066,0.7269884462157972,0.7999999999984001,0.8749999999978125,0.0,0.32857142856673466,0.4653061224489791,0.42105263157850414,0.009999999999999001,-0.5,0.0,0.001,0.033,476.0,-0.5,0.1
762,False,0.19931347462103563,0.1495717547861493,0.19931496857150127,0.7269884462157972,0.7999999999984001,0.8749999999978125,0.8888888887901233,0.8571428571306121,0.07448979591836727,0.42105263157850414,0.009999999999999001,-0.5,0.0,0.009,0.07,93.0,-0.5,0.1
763,False,0.3426591261537957,0.32116147062652944,0.3469125273028406,0.7269884462157972,0.7999999999984001,0.8749999999978125,0.3333333332962963,0.3142857142812244,0.1969387755102039,0.42105263157850414,0.009999999999999001,-0.5,0.0,0.004,0.032,213.0,-0.5,0.1
764,False,0.33672602749613806,0.35829422439714453,0.3426671614414215,0.7269884462157972,0.7999999999984001,0.8749999999978125,0.44444444439506164,0.1285714285695918,0.17142857142857124,0.42105263157850414,0.009999999999999001,-0.5,0.0,0.005,0.019,188.0,-0.5,0.1
765,False,0.3284994759063696,0.15258698682066274,0.32854305203924977,0.7269884462157972,0.7999999999984001,0.8749999999978125,0.0,0.04285714285653059,0.01020408163265305,0.42105263157850414,0.009999999999999001,-0.5,0.0,0.001,0.013,30.0,-0.5,0.1
766,False,0.36325964998527377,0.656177029904764,0.39232464770596237,0.7269884462157972,0.7999999999984001,0.8749999999978125,0.22222222219753082,0.7857142857030611,0.11122448979591826,0.42105263157850414,0.009999999999999001,-0.5,0.0,0.003,0.065,129.0,-0.5,0.1
767,False,0.36182076270315383,0.6531123708239142,0.3905241899230427,0.7269884462157972,0.7999999999984001,0.8749999999978125,0.3333333332962963,0.7285714285610202,0.22551020408163241,0.42105263157850414,0.009999999999999001,-0.5,0.0,0.004,0.061,241.0,-0.5,0.1
768,False,0.33284582304694443,0.19695143799871817,0.33320911898989625,0.7269884462157972,0.7999999999984001,0.8749999999978125,0.22222222219753082,0.2999999999957142,0.0826530612244897,0.42105263157850414,0.009999999999999001,-0.5,0.0,0.003,0.031,101.0,-0.5,0.1
769,False,0.31904397347993635,0.6701187866358561,0.34622893296465557,0.7269884462157972,0.7999999999984001,0.8749999999978125,0.7777777776913579,0.19999999999714282,0.07755102040816318,0.42105263157850414,0.009999999999999001,-0.5,0.0,0.008,0.024,96.0,-0.5,0.1
770,False,0.3169225150376394,0.8934368775215022,0.36319318659700284,0.7269884462157972,0.7999999999984001,0.8749999999978125,0.9999999998888889,0.05714285714204081,0.013265306122448965,0.42105263157850414,0.009999999999999001,-0.5,0.0,0.01,0.014,33.0,-0.5,0.1
771,False,0.37473907350009744,0.696242062271285,0.40809043731017186,0.7269884462157972,0.7999999999984001,0.8749999999978125,0.22222222219753082,0.8142857142740815,0.18775510204081614,0.42105263157850414,0.009999999999999001,-0.5,0.0,0.003,0.067,204.0,-0.5,0.1
772,False,0.34486654897906505,0.401232171953696,0.3535914129965406,0.7269884462157972,0.7999999999984001,0.8749999999978125,0.3333333332962963,0.45714285713632646,0.15408163265306107,0.42105263157850414,0.009999999999999001,-0.5,0.0,0.004,0.042,171.0,-0.5,0.1
773,False,0.31290177446141915,0.7790538772706053,0.3488265368037989,0.7269884462157972,0.7999999999984001,0.8749999999978125,0.8888888887901233,0.18571428571163262,0.028571428571428543,0.42105263157850414,0.009999999999999001,-0.5,0.0,0.009,0.023,48.0,-0.5,0.1
774,False,0.33767787532662913,0.17928077804515694,0.33788048550951527,0.7269884462157972,0.7999999999984001,0.8749999999978125,0.0,0.2714285714246939,0.09795918367346929,0.42105263157850414,0.009999999999999001,-0.5,0.0,0.001,0.029,116.0,-0.5,0.1
775,False,0.32430412151140264,0.1404231056678136,0.32432074383339604,0.7269884462157972,0.7999999999984001,0.8749999999978125,0.22222222219753082,0.05714285714204081,0.03571428571428568,0.42105263157850414,0.009999999999999001,-0.5,0.0,0.003,0.014,55.0,-0.5,0.1
776,False,0.3264602564819458,0.1451628439753579,0.32648538571127544,0.7269884462157972,0.7999999999984001,0.8749999999978125,0.22222222219753082,0.07142857142755099,0.1010204081632652,0.42105263157850414,0.009999999999999001,-0.5,0.0,0.003,0.015,119.0,-0.5,0.1
777,False,0.3084056363933769,0.5003753713118277,0.3220018803680155,0.7269884462157972,0.7999999999984001,0.8749999999978125,0.5555555554938271,0.7285714285610202,0.09387755102040807,0.42105263157850414,0.009999999999999001,-0.5,0.0,0.006,0.061,112.0,-0.5,0.1
778,False,0.33697031522348336,0.2758183471109702,0.33923143348628026,0.7269884462157972,0.7999999999984001,0.8749999999978125,0.3333333332962963,0.07142857142755099,0.18775510204081614,0.42105263157850414,0.009999999999999001,-0.5,0.0,0.004,0.015,204.0,-0.5,0.1
779,False,0.3152781080232844,0.7783023821119396,0.35131257876852506,0.7269884462157972,0.7999999999984001,0.8749999999978125,0.8888888887901233,0.142857142855102,0.01224489795918366,0.42105263157850414,0.009999999999999001,-0.5,0.0,0.009,0.02,32.0,-0.5,0.1
780,False,0.33816418366320455,0.4053360130972687,0.346868335756628,0.7269884462157972,0.7999999999984001,0.8749999999978125,0.44444444439506164,0.32857142856673466,0.1775510204081631,0.42105263157850414,0.009999999999999001,-0.5,0.0,0.005,0.033,194.0,-0.5,0.1
781,False,0.3246684919486421,0.12313071328453637,0.32467174535799054,0.7269884462157972,0.7999999999984001,0.8749999999978125,0.22222222219753082,0.142857142855102,0.09387755102040807,0.42105263157850414,0.009999999999999001,-0.5,0.0,0.003,0.02,112.0,-0.5,0.1
782,False,0.3286083170210102,0.40511117951698355,0.3369174608438417,0.7269884462157972,0.7999999999984001,0.8749999999978125,0.44444444439506164,0.3714285714232652,0.013265306122448965,0.42105263157850414,0.009999999999999001,-0.5,0.0,0.005,0.036,33.0,-0.5,0.1
783,False,0.2971287316935873,0.6434917502511229,0.3207612448970385,0.7269884462157972,0.7999999999984001,0.8749999999978125,0.9999999998888889,0.3142857142812244,0.0408163265306122,0.42105263157850414,0.009999999999999001,-0.5,0.0,0.01,0.032,60.0,-0.5,0.1
784,False,0.3265428952730009,0.6789514390515015,0.3549628126354913,0.7269884462157972,0.7999999999984001,0.8749999999978125,0.7777777776913579,0.01428571428551019,0.0408163265306122,0.42105263157850414,0.009999999999999001,-0.5,0.0,0.008,0.011,60.0,-0.5,0.1
785,False,0.3403639727373479,0.5084409949986363,0.35618732382290436,0.7269884462157972,0.7999999999984001,0.8749999999978125,0.3333333332962963,0.5999999999914284,0.05306122448979586,0.42105263157850414,0.009999999999999001,-0.5,0.0,0.004,0.052,72.0,-0.5,0.1
786,False,0.3690932044971837,0.34785262315965043,0.37557787245966157,0.7269884462157972,0.7999999999984001,0.8749999999978125,0.0,0.25714285713918367,0.34999999999999964,0.42105263157850414,0.009999999999999001,-0.5,0.0,0.001,0.028,363.0,-0.5,0.1
787,False,0.32168380065752616,0.6683295240502136,0.34889781435388595,0.7269884462157972,0.7999999999984001,0.8749999999978125,0.7777777776913579,0.15714285714061224,0.08571428571428562,0.42105263157850414,0.009999999999999001,-0.5,0.0,0.008,0.021,104.0,-0.5,0.1
788,False,0.38171146143819856,0.7648217245807467,0.4216668035212654,0.7269884462157972,0.7999999999984001,0.8749999999978125,0.22222222219753082,0.9999999999857142,0.1969387755102039,0.42105263157850414,0.009999999999999001,-0.5,0.0,0.003,0.08,213.0,-0.5,0.1
789,False,0.35595457540299363,0.2851305991270675,0.35895706016306855,0.7269884462157972,0.7999999999984001,0.8749999999978125,0.11111111109876541,0.25714285713918367,0.3020408163265303,0.42105263157850414,0.009999999999999001,-0.5,0.0,0.002,0.028,316.0,-0.5,0.1
790,False,0.3290484172537538,0.4300703998400635,0.3389191060024534,0.7269884462157972,0.7999999999984001,0.8749999999978125,0.44444444439506164,0.4142857142797958,0.027551020408163235,0.42105263157850414,0.009999999999999001,-0.5,0.0,0.005,0.039,47.0,-0.5,0.1
791,False,0.35204252924579715,0.3972754331709454,0.36081805573900383,0.7269884462157972,0.7999999999984001,0.8749999999978125,0.22222222219753082,0.5142857142783672,0.12755102040816313,0.42105263157850414,0.009999999999999001,-0.5,0.0,0.003,0.046,145.0,-0.5,0.1
792,False,0.6049172665235045,0.13870421337636923,0.6080791567112978,0.7269884462157972,0.7999999999984001,0.8749999999978125,0.0,0.8142857142740815,0.8744897959183664,0.42105263157850414,0.009999999999999001,-0.5,0.0,0.001,0.067,877.0,-0.5,0.1
793,False,0.3319064924562932,0.3444737021811288,0.3369812132501678,0.7269884462157972,0.7999999999984001,0.8749999999978125,0.44444444439506164,0.05714285714204081,0.05510204081632647,0.42105263157850414,0.009999999999999001,-0.5,0.0,0.005,0.014,74.0,-0.5,0.1
794,False,0.386817746504186,0.46338666036115667,0.4018645104956639,0.7269884462157972,0.7999999999984001,0.8749999999978125,0.11111111109876541,0.28571428571020396,0.481632653061224,0.42105263157850414,0.009999999999999001,-0.5,0.0,0.002,0.03,492.0,-0.5,0.1
795,False,0.2804665737212377,0.39660564044637486,0.28661093833464374,0.7269884462157972,0.7999999999984001,0.8749999999978125,0.6666666665925925,0.7428571428465305,0.05306122448979586,0.42105263157850414,0.009999999999999001,-0.5,0.0,0.007,0.062,72.0,-0.5,0.1
796,False,0.32505225770757545,0.5577851506468215,0.3437085271855074,0.7269884462157972,0.7999999999984001,0.8749999999978125,0.6666666665925925,0.11428571428408159,0.0,0.42105263157850414,0.009999999999999001,-0.5,0.0,0.007,0.018,20.0,-0.5,0.1
797,False,0.3316937354360179,0.448884082992136,0.34290456989709706,0.7269884462157972,0.7999999999984001,0.8749999999978125,0.5555555554938271,0.11428571428408159,0.09693877551020398,0.42105263157850414,0.009999999999999001,-0.5,0.0,0.006,0.018,115.0,-0.5,0.1
798,False,0.33463586380255333,0.35349170271621444,0.34025556797589995,0.7269884462157972,0.7999999999984001,0.8749999999978125,0.44444444439506164,0.05714285714204081,0.1214285714285713,0.42105263157850414,0.009999999999999001,-0.5,0.0,0.005,0.014,139.0,-0.5,0.1
799,False,0.6544047978849243,0.056446190554389576,0.6548544668462218,0.7269884462157972,0.7999999999984001,0.8749999999978125,0.0,0.8999999999871428,0.963265306122448,0.42105263157850414,0.009999999999999001,-0.5,0.0,0.001,0.073,964.0,-0.5,0.1
800,False,0.39623122918784187,0.7325029620752412,0.43445862702253213,0.7269884462157972,0.7999999999984001,0.8749999999978125,0.0,0.8571428571306121,0.15918367346938758,0.42105263157850414,0.009999999999999001,-0.5,0.0,0.001,0.07,176.0,-0.5,0.1
801,False,0.3021081728735144,0.5866026119968278,0.3216328868431245,0.7269884462157972,0.7999999999984001,0.8749999999978125,0.7777777776913579,0.4142857142797958,0.06428571428571422,0.42105263157850414,0.009999999999999001,-0.5,0.0,0.008,0.039,83.0,-0.5,0.1
802,False,0.32989419497533196,0.4452355977903431,0.3407824263490839,0.7269884462157972,0.7999999999984001,0.8749999999978125,0.5555555554938271,0.142857142855102,0.06734693877551014,0.42105263157850414,0.009999999999999001,-0.5,0.0,0.006,0.02,86.0,-0.5,0.1
803,False,0.33140365206424766,0.4052550873776212,0.33983158732564034,0.7269884462157972,0.7999999999984001,0.8749999999978125,0.44444444439506164,0.3714285714232652,0.07040816326530605,0.42105263157850414,0.009999999999999001,-0.5,0.0,0.005,0.036,89.0,-0.5,0.1
804,False,0.40607870117980877,0.6573747769547009,0.4384142284727606,0.7269884462157972,0.7999999999984001,0.8749999999978125,0.11111111109876541,0.7857142857030611,0.2979591836734691,0.42105263157850414,0.009999999999999001,-0.5,0.0,0.002,0.065,312.0,-0.5,0.1
805,False,0.37075883273007404,0.5615741025998539,0.3924944452046521,0.7269884462157972,0.7999999999984001,0.8749999999978125,0.11111111109876541,0.6999999999899998,0.11122448979591826,0.42105263157850414,0.009999999999999001,-0.5,0.0,0.002,0.059,129.0,-0.5,0.1
806,False,0.36371938956774685,0.3176876413120993,0.36840891524127106,0.7269884462157972,0.7999999999984001,0.8749999999978125,0.0,0.34285714285224483,0.2612244897959181,0.42105263157850414,0.009999999999999001,-0.5,0.0,0.001,0.034,276.0,-0.5,0.1
807,False,0.35127450677714783,0.6740042406718322,0.38099909613746563,0.7269884462157972,0.7999999999984001,0.8749999999978125,0.3333333332962963,0.7714285714175508,0.13979591836734678,0.42105263157850414,0.009999999999999001,-0.5,0.0,0.004,0.064,157.0,-0.5,0.1
808,False,0.27669087950640897,0.3830597989144904,0.2820455497990669,0.7269884462157972,0.7999999999984001,0.8749999999978125,0.6666666665925925,0.7714285714175508,0.03571428571428568,0.42105263157850414,0.009999999999999001,-0.5,0.0,0.007,0.064,55.0,-0.5,0.1
809,False,0.30148242666056124,0.6862675428320573,0.3288269969668009,0.7269884462157972,0.7999999999984001,0.8749999999978125,0.9999999998888889,0.2714285714246939,0.041836734693877504,0.42105263157850414,0.009999999999999001,-0.5,0.0,0.01,0.029,61.0,-0.5,0.1
810,False,0.4575696072463512,0.5100418109244038,0.48095976056074835,0.7269884462157972,0.7999999999984001,0.8749999999978125,0.0,0.5142857142783672,0.6499999999999994,0.42105263157850414,0.009999999999999001,-0.5,0.0,0.001,0.046,657.0,-0.5,0.1
811,False,0.3196900218909374,0.8963195650752115,0.36643975247973953,0.7269884462157972,0.7999999999984001,0.8749999999978125,0.9999999998888889,0.028571428571020404,0.05510204081632647,0.42105263157850414,0.009999999999999001,-0.5,0.0,0.01,0.012,74.0,-0.5,0.1
812,False,0.32358086824321025,0.5672263874364926,0.34287140257191484,0.7269884462157972,0.7999999999984001,0.8749999999978125,0.5555555554938271,0.4857142857073468,0.12244897959183661,0.42105263157850414,0.009999999999999001,-0.5,0.0,0.006,0.044,140.0,-0.5,0.1
813,False,0.30550978997555167,0.5659725967762104,0.3236757053285782,0.7269884462157972,0.7999999999984001,0.8749999999978125,0.6666666665925925,0.499999999992857,0.054081632653061165,0.42105263157850414,0.009999999999999001,-0.5,0.0,0.007,0.045,73.0,-0.5,0.1
814,False,0.33401106059994223,0.2486932957585844,0.33538807530160486,0.7269884462157972,0.7999999999984001,0.8749999999978125,0.3333333332962963,0.19999999999714282,0.13673469387755088,0.42105263157850414,0.009999999999999001,-0.5,0.0,0.004,0.024,154.0,-0.5,0.1
815,False,0.3123705089149767,0.6026001475424111,0.33372655524617245,0.7269884462157972,0.7999999999984001,0.8749999999978125,0.6666666665925925,0.45714285713632646,0.11428571428571417,0.42105263157850414,0.009999999999999001,-0.5,0.0,0.007,0.042,132.0,-0.5,0.1
816,False,0.34567137990483976,0.6791239459587093,0.37543268767376753,0.7269884462157972,0.7999999999984001,0.8749999999978125,0.3333333332962963,0.8285714285595918,0.08469387755102031,0.42105263157850414,0.009999999999999001,-0.5,0.0,0.004,0.068,103.0,-0.5,0.1
817,False,0.29537609067208664,0.5826457254192242,0.314221221379145,0.7269884462157972,0.7999999999984001,0.8749999999978125,0.8888888887901233,0.38571428570877536,0.044897959183673425,0.42105263157850414,0.009999999999999001,-0.5,0.0,0.009,0.037,64.0,-0.5,0.1
818,False,0.40412930699987976,0.5367131505338782,0.4260279671162752,0.7269884462157972,0.7999999999984001,0.8749999999978125,0.0,0.2999999999957142,0.5418367346938769,0.42105263157850414,0.009999999999999001,-0.5,0.0,0.001,0.031,551.0,-0.5,0.1
819,False,0.36115773471047,0.34811325812601346,0.3673741404539927,0.7269884462157972,0.7999999999984001,0.8749999999978125,0.11111111109876541,0.11428571428408159,0.3877551020408159,0.42105263157850414,0.009999999999999001,-0.5,0.0,0.002,0.018,400.0,-0.5,0.1
820,False,0.3908415679392395,0.512266240708071,0.409903971241807,0.7269884462157972,0.7999999999984001,0.8749999999978125,0.11111111109876541,0.571428571420408,0.3214285714285711,0.42105263157850414,0.009999999999999001,-0.5,0.0,0.002,0.05,335.0,-0.5,0.1
821,False,0.4101530585809295,0.6594282970949922,0.44298382525481617,0.7269884462157972,0.7999999999984001,0.8749999999978125,0.11111111109876541,0.9428571428436734,0.27653061224489767,0.42105263157850414,0.009999999999999001,-0.5,0.0,0.002,0.076,291.0,-0.5,0.1
822,False,0.3259178096397284,0.476937555049333,0.3387521881867625,0.7269884462157972,0.7999999999984001,0.8749999999978125,0.5555555554938271,0.3142857142812244,0.06428571428571422,0.42105263157850414,0.009999999999999001,-0.5,0.0,0.006,0.032,83.0,-0.5,0.1
823,False,0.38754633719242726,0.680447605848118,0.4204883207592284,0.7269884462157972,0.7999999999984001,0.8749999999978125,0.22222222219753082,0.7714285714175508,0.27653061224489767,0.42105263157850414,0.009999999999999001,-0.5,0.0,0.003,0.064,291.0,-0.5,0.1
824,False,0.35908796984001873,0.4715180143019204,0.373221638391141,0.7269884462157972,0.7999999999984001,0.8749999999978125,0.11111111109876541,0.6142857142769386,0.04999999999999995,0.42105263157850414,0.009999999999999001,-0.5,0.0,0.002,0.053,69.0,-0.5,0.1
825,False,0.2652141610854602,0.38866942432440066,0.27051277042039057,0.7269884462157972,0.7999999999984001,0.8749999999978125,0.8888888887901233,0.5857142857059182,0.041836734693877504,0.42105263157850414,0.009999999999999001,-0.5,0.0,0.009,0.051,61.0,-0.5,0.1
826,False,0.32578687375700344,0.4887538254446399,0.33943491151395605,0.7269884462157972,0.7999999999984001,0.8749999999978125,0.5555555554938271,0.34285714285224483,0.07755102040816318,0.42105263157850414,0.009999999999999001,-0.5,0.0,0.006,0.034,96.0,-0.5,0.1
827,False,0.3557807799856394,0.6947059806344544,0.3875940384508141,0.7269884462157972,0.7999999999984001,0.8749999999978125,0.22222222219753082,0.8285714285595918,0.032653061224489764,0.42105263157850414,0.009999999999999001,-0.5,0.0,0.003,0.068,52.0,-0.5,0.1
828,False,0.27568028496211905,0.4431213240475783,0.28421090914596947,0.7269884462157972,0.7999999999984001,0.8749999999978125,0.8888888887901233,0.5285714285638774,0.05102040816326525,0.42105263157850414,0.009999999999999001,-0.5,0.0,0.009,0.047,70.0,-0.5,0.1
829,False,0.39421191223782254,0.67891441422615,0.4275283250929455,0.7269884462157972,0.7999999999984001,0.8749999999978125,0.22222222219753082,0.8428571428451019,0.29285714285714254,0.42105263157850414,0.009999999999999001,-0.5,0.0,0.003,0.069,307.0,-0.5,0.1
830,False,0.3063170999166049,0.4660592297954496,0.3175115321258089,0.7269884462157972,0.7999999999984001,0.8749999999978125,0.5555555554938271,0.8285714285595918,0.12551020408163252,0.42105263157850414,0.009999999999999001,-0.5,0.0,0.006,0.068,143.0,-0.5,0.1
831,False,0.3341840515602797,0.2836131937182463,0.33667009663971587,0.7269884462157972,0.7999999999984001,0.8749999999978125,0.3333333332962963,0.3142857142812244,0.0816326530612244,0.42105263157850414,0.009999999999999001,-0.5,0.0,0.004,0.032,100.0,-0.5,0.1
832,False,0.32126288527458446,0.666857965676717,0.34832789765907096,0.7269884462157972,0.7999999999984001,0.8749999999978125,0.7777777776913579,0.1285714285695918,0.03367346938775507,0.42105263157850414,0.009999999999999001,-0.5,0.0,0.008,0.019,53.0,-0.5,0.1
833,False,0.3114332219262738,0.5089306986110042,0.3257762936908746,0.7269884462157972,0.7999999999984001,0.8749999999978125,0.5555555554938271,0.71428571427551,0.1193877551020407,0.42105263157850414,0.009999999999999001,-0.5,0.0,0.006,0.06,137.0,-0.5,0.1
834,False,0.26590414195086837,0.3369682416554535,0.26900671854715696,0.7269884462157972,0.7999999999984001,0.8749999999978125,0.6666666665925925,0.9999999999857142,0.044897959183673425,0.42105263157850414,0.009999999999999001,-0.5,0.0,0.007,0.08,64.0,-0.5,0.1
835,False,0.34371043556071906,0.4076210179742733,0.3527850621792173,0.7269884462157972,0.7999999999984001,0.8749999999978125,0.3333333332962963,0.4714285714218366,0.13469387755102027,0.42105263157850414,0.009999999999999001,-0.5,0.0,0.004,0.043,152.0,-0.5,0.1
836,False,0.30066520148436104,0.4455266597093977,0.3103158498300251,0.7269884462157972,0.7999999999984001,0.8749999999978125,0.5555555554938271,0.9428571428436734,0.09693877551020398,0.42105263157850414,0.009999999999999001,-0.5,0.0,0.006,0.076,115.0,-0.5,0.1
837,False,0.334214849201749,0.16254945103281757,0.33430205875294283,0.7269884462157972,0.7999999999984001,0.8749999999978125,0.11111111109876541,0.28571428571020396,0.11836734693877539,0.42105263157850414,0.009999999999999001,-0.5,0.0,0.002,0.03,136.0,-0.5,0.1
838,False,0.37723861507878537,0.6948266244274495,0.4106552343697745,0.7269884462157972,0.7999999999984001,0.8749999999978125,0.0,0.8285714285595918,0.025510204081632626,0.42105263157850414,0.009999999999999001,-0.5,0.0,0.001,0.068,45.0,-0.5,0.1
839,False,0.36567449149230946,0.35362375576628763,0.3723647337395225,0.7269884462157972,0.7999999999984001,0.8749999999978125,0.0,0.142857142855102,0.3765306122448976,0.42105263157850414,0.009999999999999001,-0.5,0.0,0.001,0.02,389.0,-0.5,0.1
840,False,0.38657289195296834,0.53394341918051,0.40709766005944237,0.7269884462157972,0.7999999999984001,0.8749999999978125,0.0,0.07142857142755099,0.5581632653061218,0.42105263157850414,0.009999999999999001,-0.5,0.0,0.001,0.015,567.0,-0.5,0.1
841,False,0.3468305492428937,0.2710173924871874,0.3491060840655581,0.7269884462157972,0.7999999999984001,0.8749999999978125,0.22222222219753082,0.2999999999957142,0.23163265306122424,0.42105263157850414,0.009999999999999001,-0.5,0.0,0.003,0.031,247.0,-0.5,0.1
842,False,0.34688040718566093,0.5653090330692311,0.3674145846790787,0.7269884462157972,0.7999999999984001,0.8749999999978125,0.3333333332962963,0.6571428571334693,0.11632653061224478,0.42105263157850414,0.009999999999999001,-0.5,0.0,0.004,0.056,134.0,-0.5,0.1
843,False,0.3337051209159169,0.38176919837975304,0.3408395907929706,0.7269884462157972,0.7999999999984001,0.8749999999978125,0.44444444439506164,0.3142857142812244,0.11326530612244887,0.42105263157850414,0.009999999999999001,-0.5,0.0,0.005,0.032,131.0,-0.5,0.1
844,False,0.3979834508121952,0.6660944371776599,0.43046403962497065,0.7269884462157972,0.7999999999984001,0.8749999999978125,0.11111111109876541,0.7714285714175508,0.2612244897959181,0.42105263157850414,0.009999999999999001,-0.5,0.0,0.002,0.064,276.0,-0.5,0.1
845,False,0.2285445588876048,0.22521256672677956,0.22877778795837378,0.7269884462157972,0.7999999999984001,0.8749999999978125,0.7777777776913579,0.9428571428436734,0.03571428571428568,0.42105263157850414,0.009999999999999001,-0.5,0.0,0.008,0.076,55.0,-0.5,0.1
846,False,0.3915144031259112,0.8099963685980863,0.43635417801760223,0.7269884462157972,0.7999999999984001,0.8749999999978125,0.0,0.9428571428436734,0.1020408163265305,0.42105263157850414,0.009999999999999001,-0.5,0.0,0.001,0.076,120.0,-0.5,0.1
847,False,0.3374288816849395,0.4921320891950715,0.35191080971624644,0.7269884462157972,0.7999999999984001,0.8749999999978125,0.44444444439506164,0.4857142857073468,0.15714285714285697,0.42105263157850414,0.009999999999999001,-0.5,0.0,0.005,0.044,174.0,-0.5,0.1
848,False,0.33351225175317756,0.18896512848620273,0.33378938130888636,0.7269884462157972,0.7999999999984001,0.8749999999978125,0.22222222219753082,0.2714285714246939,0.12346938775510191,0.42105263157850414,0.009999999999999001,-0.5,0.0,0.003,0.029,141.0,-0.5,0.1
849,False,0.31488841491457326,0.6803677653105364,0.34263841725306515,0.7269884462157972,0.7999999999984001,0.8749999999978125,0.7777777776913579,0.2714285714246939,0.08469387755102031,0.42105263157850414,0.009999999999999001,-0.5,0.0,0.008,0.029,103.0,-0.5,0.1
850,False,0.34888182433857734,0.23494616014698713,0.3500884718753248,0.7269884462157972,0.7999999999984001,0.8749999999978125,0.0,0.2714285714246939,0.20306122448979572,0.42105263157850414,0.009999999999999001,-0.5,0.0,0.001,0.029,219.0,-0.5,0.1
851,False,0.3257749167263946,0.4561597048347746,0.3371972882414397,0.7269884462157972,0.7999999999984001,0.8749999999978125,0.5555555554938271,0.24285714285367344,0.017346938775510187,0.42105263157850414,0.009999999999999001,-0.5,0.0,0.006,0.027,37.0,-0.5,0.1
852,False,0.33505467295705454,0.3623758186628996,0.34115939596822265,0.7269884462157972,0.7999999999984001,0.8749999999978125,0.44444444439506164,0.24285714285367344,0.1418367346938774,0.42105263157850414,0.009999999999999001,-0.5,0.0,0.005,0.027,159.0,-0.5,0.1
853,False,0.38060110553762755,0.612986795386595,0.40724046205497183,0.7269884462157972,0.7999999999984001,0.8749999999978125,0.11111111109876541,0.7428571428465305,0.16632653061224473,0.42105263157850414,0.009999999999999001,-0.5,0.0,0.002,0.062,183.0,-0.5,0.1
854,False,0.3215435259691745,0.556581679909063,0.33990789327978,0.7269884462157972,0.7999999999984001,0.8749999999978125,0.44444444439506164,0.9714285714146937,0.03877551020408159,0.42105263157850414,0.009999999999999001,-0.5,0.0,0.005,0.078,58.0,-0.5,0.1
855,False,0.3253800296934147,0.48211736454817755,0.33854570879019075,0.7269884462157972,0.7999999999984001,0.8749999999978125,0.5555555554938271,0.32857142856673466,0.061224489795918303,0.42105263157850414,0.009999999999999001,-0.5,0.0,0.006,0.033,80.0,-0.5,0.1
856,False,0.311382995839674,0.5362811790949986,0.32768111551588974,0.7269884462157972,0.7999999999984001,0.8749999999978125,0.5555555554938271,0.6571428571334693,0.07755102040816318,0.42105263157850414,0.009999999999999001,-0.5,0.0,0.006,0.056,96.0,-0.5,0.1
857,False,0.3981768416776032,0.6325147972602801,0.4277496291406788,0.7269884462157972,0.7999999999984001,0.8749999999978125,0.11111111109876541,0.7285714285610202,0.27959183673469357,0.42105263157850414,0.009999999999999001,-0.5,0.0,0.002,0.061,294.0,-0.5,0.1
858,False,0.3429679107043576,0.6693359894349893,0.37171596005684987,0.7269884462157972,0.7999999999984001,0.8749999999978125,0.3333333332962963,0.8999999999871428,0.052040816326530556,0.42105263157850414,0.009999999999999001,-0.5,0.0,0.004,0.073,71.0,-0.5,0.1
859,False,0.34320308237375796,0.4275402566466771,0.3535298359105146,0.7269884462157972,0.7999999999984001,0.8749999999978125,0.3333333332962963,0.499999999992857,0.11734693877551008,0.42105263157850414,0.009999999999999001,-0.5,0.0,0.004,0.045,135.0,-0.5,0.1
860,False,0.3999515822792752,0.49563041749360526,0.41826231273635445,0.7269884462157972,0.7999999999984001,0.8749999999978125,0.0,0.3714285714232652,0.46632653061224444,0.42105263157850414,0.009999999999999001,-0.5,0.0,0.001,0.036,477.0,-0.5,0.1
861,False,0.42043258256654675,0.5807528165600868,0.4471825120203513,0.7269884462157972,0.7999999999984001,0.8749999999978125,0.0,0.44285714285081623,0.5255102040816321,0.42105263157850414,0.009999999999999001,-0.5,0.0,0.001,0.041,535.0,-0.5,0.1
862,False,0.3418578381480144,0.21106616890245547,0.3424848344593781,0.7269884462157972,0.7999999999984001,0.8749999999978125,0.0,0.3142857142812244,0.09387755102040807,0.42105263157850414,0.009999999999999001,-0.5,0.0,0.001,0.032,112.0,-0.5,0.1
863,False,0.32500407047461277,0.6742361469629347,0.35292850321640706,0.7269884462157972,0.7999999999984001,0.8749999999978125,0.7777777776913579,0.04285714285653059,0.028571428571428543,0.42105263157850414,0.009999999999999001,-0.5,0.0,0.008,0.013,48.0,-0.5,0.1
864,False,0.6098722073777534,0.12717495581862565,0.6125234474599662,0.7269884462157972,0.7999999999984001,0.8749999999978125,0.0,0.8428571428451019,0.8479591836734685,0.42105263157850414,0.009999999999999001,-0.5,0.0,0.001,0.069,851.0,-0.5,0.1
865,False,0.3075888654692058,0.4999798433376882,0.32111787448404056,0.7269884462157972,0.7999999999984001,0.8749999999978125,0.5555555554938271,0.7285714285610202,0.08367346938775501,0.42105263157850414,0.009999999999999001,-0.5,0.0,0.006,0.061,102.0,-0.5,0.1
866,False,0.3497033044438706,0.2961255258718995,0.35301799938909967,0.7269884462157972,0.7999999999984001,0.8749999999978125,0.22222222219753082,0.142857142855102,0.31530612244897926,0.42105263157850414,0.009999999999999001,-0.5,0.0,0.003,0.02,329.0,-0.5,0.1
867,False,0.2714273236431153,0.35875889638889197,0.275530730539025,0.7269884462157972,0.7999999999984001,0.8749999999978125,0.6666666665925925,0.8285714285595918,0.03673469387755098,0.42105263157850414,0.009999999999999001,-0.5,0.0,0.007,0.068,56.0,-0.5,0.1
868,False,0.34208663515670695,0.34697147222556973,0.3476036165059824,0.7269884462157972,0.7999999999984001,0.8749999999978125,0.22222222219753082,0.4714285714218366,0.03163265306122446,0.42105263157850414,0.009999999999999001,-0.5,0.0,0.003,0.043,51.0,-0.5,0.1
869,False,0.3775577738695321,0.5345857890367145,0.39756316375466333,0.7269884462157972,0.7999999999984001,0.8749999999978125,0.11111111109876541,0.6571428571334693,0.18673469387755082,0.42105263157850414,0.009999999999999001,-0.5,0.0,0.002,0.056,203.0,-0.5,0.1
870,False,0.4017730958272469,0.5532654566755587,0.42488084485285155,0.7269884462157972,0.7999999999984001,0.8749999999978125,0.11111111109876541,0.5857142857059182,0.37244897959183637,0.42105263157850414,0.009999999999999001,-0.5,0.0,0.002,0.051,385.0,-0.5,0.1
871,False,0.3387354121283321,0.49553626044978816,0.353530808382519,0.7269884462157972,0.7999999999984001,0.8749999999978125,0.3333333332962963,0.5857142857059182,0.03367346938775507,0.42105263157850414,0.009999999999999001,-0.5,0.0,0.004,0.051,53.0,-0.5,0.1
872,False,0.3826514210799385,0.41519051457012446,0.39399597348366977,0.7269884462157972,0.7999999999984001,0.8749999999978125,0.0,0.4142857142797958,0.33469387755102004,0.42105263157850414,0.009999999999999001,-0.5,0.0,0.001,0.039,348.0,-0.5,0.1
873,False,0.3484012032760622,0.42230003348849854,0.3586179805278089,0.7269884462157972,0.7999999999984001,0.8749999999978125,0.3333333332962963,0.4714285714218366,0.18571428571428553,0.42105263157850414,0.009999999999999001,-0.5,0.0,0.004,0.043,202.0,-0.5,0.1
874,False,0.4574404127419035,0.4876622317865759,0.4789135680991794,0.7269884462157972,0.7999999999984001,0.8749999999978125,0.0,0.8142857142740815,0.45612244897959137,0.42105263157850414,0.009999999999999001,-0.5,0.0,0.001,0.067,467.0,-0.5,0.1
875,False,0.499695862931863,0.42859086447055994,0.5191692508226574,0.7269884462157972,0.7999999999984001,0.8749999999978125,0.0,0.5142857142783672,0.9224489795918358,0.42105263157850414,0.009999999999999001,-0.5,0.0,0.001,0.046,924.0,-0.5,0.1
876,False,0.42838349179319757,0.801202371105617,0.475571699186665,0.7269884462157972,0.7999999999984001,0.8749999999978125,0.0,0.142857142855102,0.8826530612244888,0.42105263157850414,0.009999999999999001,-0.5,0.0,0.001,0.02,885.0,-0.5,0.1
877,False,0.34021924012923277,0.23929124078891148,0.34143002641099734,0.7269884462157972,0.7999999999984001,0.8749999999978125,0.22222222219753082,0.08571428571306121,0.24489795918367321,0.42105263157850414,0.009999999999999001,-0.5,0.0,0.003,0.016,260.0,-0.5,0.1
878,False,0.331438781779642,0.4221026766105788,0.3409071487656303,0.7269884462157972,0.7999999999984001,0.8749999999978125,0.44444444439506164,0.3999999999942856,0.07142857142857136,0.42105263157850414,0.009999999999999001,-0.5,0.0,0.005,0.038,90.0,-0.5,0.1
879,False,0.3406771944109349,0.6826831422775337,0.37038733238404514,0.7269884462157972,0.7999999999984001,0.8749999999978125,0.3333333332962963,0.8142857142740815,0.03469387755102037,0.42105263157850414,0.009999999999999001,-0.5,0.0,0.004,0.067,54.0,-0.5,0.1
880,False,0.3687024728663844,0.5461853247642522,0.38907582555745235,0.7269884462157972,0.7999999999984001,0.8749999999978125,0.11111111109876541,0.6857142857044897,0.1010204081632652,0.42105263157850414,0.009999999999999001,-0.5,0.0,0.002,0.058,119.0,-0.5,0.1
881,False,0.21532557443368086,0.20076071000662973,0.2153994147280958,0.7269884462157972,0.7999999999984001,0.8749999999978125,0.8888888887901233,0.7999999999885713,0.01224489795918366,0.42105263157850414,0.009999999999999001,-0.5,0.0,0.009,0.066,32.0,-0.5,0.1
882,False,0.2969151024331953,0.5475392307032706,0.31326177198650945,0.7269884462157972,0.7999999999984001,0.8749999999978125,0.7777777776913579,0.45714285713632646,0.04897959183673464,0.42105263157850414,0.009999999999999001,-0.5,0.0,0.008,0.042,68.0,-0.5,0.1
883,False,0.3582743124931818,0.34267000195102276,0.3640927507891446,0.7269884462157972,0.7999999999984001,0.8749999999978125,0.22222222219753082,0.34285714285224483,0.2959183673469385,0.42105263157850414,0.009999999999999001,-0.5,0.0,0.003,0.034,310.0,-0.5,0.1
884,False,0.40360389694207804,0.6447306600606361,0.434643576870198,0.7269884462157972,0.7999999999984001,0.8749999999978125,0.0,0.7428571428465305,0.24897959183673443,0.42105263157850414,0.009999999999999001,-0.5,0.0,0.001,0.062,264.0,-0.5,0.1
885,False,0.3217798270935822,0.5455106640194819,0.3393263797653705,0.7269884462157972,0.7999999999984001,0.8749999999978125,0.5555555554938271,0.45714285713632646,0.07653061224489788,0.42105263157850414,0.009999999999999001,-0.5,0.0,0.006,0.042,95.0,-0.5,0.1
886,False,0.29902234353811247,0.5753031546748761,0.31752264471694014,0.7269884462157972,0.7999999999984001,0.8749999999978125,0.7777777776913579,0.42857142856530606,0.022448979591836712,0.42105263157850414,0.009999999999999001,-0.5,0.0,0.008,0.04,42.0,-0.5,0.1
887,False,0.34517863788162756,0.22453617331693088,0.34609790133868873,0.7269884462157972,0.7999999999984001,0.8749999999978125,0.11111111109876541,0.18571428571163262,0.2612244897959181,0.42105263157850414,0.009999999999999001,-0.5,0.0,0.002,0.023,276.0,-0.5,0.1
888,False,0.3556664426640651,0.3064314598849917,0.3595873735397454,0.7269884462157972,0.7999999999984001,0.8749999999978125,0.0,0.4142857142797958,0.12959183673469374,0.42105263157850414,0.009999999999999001,-0.5,0.0,0.001,0.039,147.0,-0.5,0.1
889,False,0.32866110091700856,0.2344967239415174,0.3296299185086423,0.7269884462157972,0.7999999999984001,0.8749999999978125,0.3333333332962963,0.21428571428265303,0.01836734693877549,0.42105263157850414,0.009999999999999001,-0.5,0.0,0.004,0.025,38.0,-0.5,0.1
890,False,0.32035036091015384,0.5672475990517155,0.339454991660696,0.7269884462157972,0.7999999999984001,0.8749999999978125,0.6666666665925925,0.25714285713918367,0.032653061224489764,0.42105263157850414,0.009999999999999001,-0.5,0.0,0.007,0.028,52.0,-0.5,0.1
891,False,0.33936632618676843,0.5734949522913395,0.3600838117086054,0.7269884462157972,0.7999999999984001,0.8749999999978125,0.3333333332962963,0.6714285714189795,0.029591836734693847,0.42105263157850414,0.009999999999999001,-0.5,0.0,0.004,0.057,49.0,-0.5,0.1
892,False,0.3206127168132111,0.5590949887037876,0.33911387673378074,0.7269884462157972,0.7999999999984001,0.8749999999978125,0.44444444439506164,0.9999999999857142,0.023469387755102017,0.42105263157850414,0.009999999999999001,-0.5,0.0,0.005,0.08,43.0,-0.5,0.1
893,False,0.3697205274429865,0.781440614177611,0.41020220699143817,0.7269884462157972,0.7999999999984001,0.8749999999978125,0.22222222219753082,0.9142857142726529,0.13163265306122435,0.42105263157850414,0.009999999999999001,-0.5,0.0,0.003,0.074,149.0,-0.5,0.1
894,False,0.30300178898475544,0.4597294284343661,0.3136429018736515,0.7269884462157972,0.7999999999984001,0.8749999999978125,0.5555555554938271,0.8428571428451019,0.09693877551020398,0.42105263157850414,0.009999999999999001,-0.5,0.0,0.006,0.069,115.0,-0.5,0.1
895,False,0.3372807559236198,0.31554076283953664,0.34113381153850614,0.7269884462157972,0.7999999999984001,0.8749999999978125,0.3333333332962963,0.35714285713775507,0.10612244897959172,0.42105263157850414,0.009999999999999001,-0.5,0.0,0.004,0.035,124.0,-0.5,0.1
896,False,0.34654437350740147,0.4067989449243998,0.35568638579696593,0.7269884462157972,0.7999999999984001,0.8749999999978125,0.3333333332962963,0.45714285713632646,0.17244897959183655,0.42105263157850414,0.009999999999999001,-0.5,0.0,0.004,0.042,189.0,-0.5,0.1
897,False,0.32205150502467916,0.554968510659857,0.34032305082474906,0.7269884462157972,0.7999999999984001,0.8749999999978125,0.5555555554938271,0.4714285714218366,0.09081632653061215,0.42105263157850414,0.009999999999999001,-0.5,0.0,0.006,0.043,109.0,-0.5,0.1
898,False,0.39569942153524706,0.5418059870539668,0.4174553657164087,0.7269884462157972,0.7999999999984001,0.8749999999978125,0.11111111109876541,0.5999999999914284,0.33163265306122414,0.42105263157850414,0.009999999999999001,-0.5,0.0,0.002,0.052,345.0,-0.5,0.1
899,False,0.32062735408110804,0.9003323046407485,0.36781174785285126,0.7269884462157972,0.7999999999984001,0.8749999999978125,0.9999999998888889,0.0,0.032653061224489764,0.42105263157850414,0.009999999999999001,-0.5,0.0,0.01,0.01,52.0,-0.5,0.1
900,False,0.3618347768699489,0.5876858219088318,0.38510659143548137,0.7269884462157972,0.7999999999984001,0.8749999999978125,0.22222222219753082,0.71428571427551,0.1214285714285713,0.42105263157850414,0.009999999999999001,-0.5,0.0,0.003,0.06,139.0,-0.5,0.1
901,False,0.46618571128770786,0.4989785484675306,0.48925554513509323,0.7269884462157972,0.7999999999984001,0.8749999999978125,0.0,0.4857142857073468,0.7265306122448972,0.42105263157850414,0.009999999999999001,-0.5,0.0,0.001,0.044,732.0,-0.5,0.1
902,False,0.3437266395957856,0.22142857142857117,0.3445658639310344,0.7269884462157972,0.7999999999984001,0.8749999999978125,0.11111111109876541,0.142857142855102,0.2622448979591834,0.42105263157850414,0.009999999999999001,-0.5,0.0,0.002,0.02,277.0,-0.5,0.1
903,False,0.3632046982389932,0.5011326197060666,0.37975506137083936,0.7269884462157972,0.7999999999984001,0.8749999999978125,0.11111111109876541,0.642857142847959,0.07448979591836727,0.42105263157850414,0.009999999999999001,-0.5,0.0,0.002,0.055,93.0,-0.5,0.1
904,False,0.3119700376095639,0.4936641910653916,0.32527732777778,0.7269884462157972,0.7999999999984001,0.8749999999978125,0.5555555554938271,0.7571428571320407,0.14795918367346925,0.42105263157850414,0.009999999999999001,-0.5,0.0,0.006,0.063,165.0,-0.5,0.1
905,False,0.42906292684124175,0.5608391906693216,0.4547331628873027,0.7269884462157972,0.7999999999984001,0.8749999999978125,0.11111111109876541,0.6285714285624489,0.47551020408163214,0.42105263157850414,0.009999999999999001,-0.5,0.0,0.002,0.054,486.0,-0.5,0.1
906,False,0.3389635089953323,0.5473195450354282,0.3576280213938774,0.7269884462157972,0.7999999999984001,0.8749999999978125,0.3333333332962963,0.642857142847959,0.027551020408163235,0.42105263157850414,0.009999999999999001,-0.5,0.0,0.004,0.055,47.0,-0.5,0.1
907,False,0.34197652060434636,0.2562053490516511,0.34368197552797614,0.7269884462157972,0.7999999999984001,0.8749999999978125,0.22222222219753082,0.34285714285224483,0.15612244897959168,0.42105263157850414,0.009999999999999001,-0.5,0.0,0.003,0.034,173.0,-0.5,0.1
908,False,0.4363319630057899,0.5836734693877546,0.4645196581035596,0.7269884462157972,0.7999999999984001,0.8749999999978125,0.0,0.9428571428436734,0.34285714285714247,0.42105263157850414,0.009999999999999001,-0.5,0.0,0.001,0.076,356.0,-0.5,0.1
909,False,0.33540102859527426,0.18759975827135558,0.3356719824426241,0.7269884462157972,0.7999999999984001,0.8749999999978125,0.11111111109876541,0.32857142856673466,0.06734693877551014,0.42105263157850414,0.009999999999999001,-0.5,0.0,0.002,0.033,86.0,-0.5,0.1
910,False,0.18346340720547594,0.11280837286643107,0.18346340968084898,0.7269884462157972,0.7999999999984001,0.8749999999978125,0.8888888887901233,0.9714285714146937,0.05612244897959178,0.42105263157850414,0.009999999999999001,-0.5,0.0,0.009,0.078,75.0,-0.5,0.1
911,False,0.4545787776810404,0.4981985456796969,0.4767417856881572,0.7269884462157972,0.7999999999984001,0.8749999999978125,0.0,0.6142857142769386,0.55204081632653,0.42105263157850414,0.009999999999999001,-0.5,0.0,0.001,0.053,561.0,-0.5,0.1
912,False,0.32410056661740305,0.12246934405829346,0.3241035313730839,0.7269884462157972,0.7999999999984001,0.8749999999978125,0.22222222219753082,0.11428571428408159,0.08367346938775501,0.42105263157850414,0.009999999999999001,-0.5,0.0,0.003,0.018,102.0,-0.5,0.1
913,False,0.3636365888587664,0.4503247360346355,0.37648993080810594,0.7269884462157972,0.7999999999984001,0.8749999999978125,0.22222222219753082,0.5428571428493877,0.21530612244897937,0.42105263157850414,0.009999999999999001,-0.5,0.0,0.003,0.048,231.0,-0.5,0.1
914,False,0.3067847908753014,0.6049179875300268,0.3279863260200792,0.7269884462157972,0.7999999999984001,0.8749999999978125,0.6666666665925925,0.45714285713632646,0.0,0.42105263157850414,0.009999999999999001,-0.5,0.0,0.007,0.042,20.0,-0.5,0.1
915,False,0.3727888901075521,0.38920379216344,0.38193695511540077,0.7269884462157972,0.7999999999984001,0.8749999999978125,0.11111111109876541,0.42857142856530606,0.3051020408163262,0.42105263157850414,0.009999999999999001,-0.5,0.0,0.002,0.04,319.0,-0.5,0.1
916,False,0.3428489647726607,0.44948042622586887,0.35462070014220304,0.7269884462157972,0.7999999999984001,0.8749999999978125,0.3333333332962963,0.5285714285638774,0.10306122448979581,0.42105263157850414,0.009999999999999001,-0.5,0.0,0.004,0.047,121.0,-0.5,0.1
917,False,0.20792617378636735,0.19232731453795623,0.20796928897842518,0.7269884462157972,0.7999999999984001,0.8749999999978125,0.9999999998888889,0.7714285714175508,0.019387755102040796,0.42105263157850414,0.009999999999999001,-0.5,0.0,0.01,0.064,39.0,-0.5,0.1
918,False,0.3221372251801403,0.5562345449846687,0.3405091934544813,0.7269884462157972,0.7999999999984001,0.8749999999978125,0.44444444439506164,0.9714285714146937,0.04591836734693873,0.42105263157850414,0.009999999999999001,-0.5,0.0,0.005,0.078,65.0,-0.5,0.1
919,False,0.349694089804819,0.2585582201094494,0.35159755503178025,0.7269884462157972,0.7999999999984001,0.8749999999978125,0.11111111109876541,0.15714285714061224,0.2989795918367344,0.42105263157850414,0.009999999999999001,-0.5,0.0,0.002,0.021,313.0,-0.5,0.1
920,False,0.32483281339973147,0.46724181369635015,0.33695400190636215,0.7269884462157972,0.7999999999984001,0.8749999999978125,0.5555555554938271,0.28571428571020396,0.021428571428571404,0.42105263157850414,0.009999999999999001,-0.5,0.0,0.006,0.03,41.0,-0.5,0.1
921,False,0.3526809146244754,0.6104478645094908,0.37720766265555106,0.7269884462157972,0.7999999999984001,0.8749999999978125,0.22222222219753082,0.7428571428465305,0.023469387755102017,0.42105263157850414,0.009999999999999001,-0.5,0.0,0.003,0.062,43.0,-0.5,0.1
922,False,0.3860253671790199,0.4469574127112894,0.3998105042266916,0.7269884462157972,0.7999999999984001,0.8749999999978125,0.11111111109876541,0.4142857142797958,0.39591836734693836,0.42105263157850414,0.009999999999999001,-0.5,0.0,0.002,0.039,408.0,-0.5,0.1
923,False,0.2770554838336973,0.4596559817167042,0.2866186163777522,0.7269884462157972,0.7999999999984001,0.8749999999978125,0.8888888887901233,0.5142857142783672,0.016326530612244882,0.42105263157850414,0.009999999999999001,-0.5,0.0,0.009,0.046,36.0,-0.5,0.1
924,False,0.40172563429882285,0.5825708509080396,0.42728530184320573,0.7269884462157972,0.7999999999984001,0.8749999999978125,0.11111111109876541,0.642857142847959,0.33979591836734657,0.42105263157850414,0.009999999999999001,-0.5,0.0,0.002,0.055,353.0,-0.5,0.1
925,False,0.37646512161148915,0.6950206596307303,0.40984023437443334,0.7269884462157972,0.7999999999984001,0.8749999999978125,0.0,0.8285714285595918,0.01836734693877549,0.42105263157850414,0.009999999999999001,-0.5,0.0,0.001,0.068,38.0,-0.5,0.1
926,False,0.36033678803219954,0.3763809642869492,0.3681656464569791,0.7269884462157972,0.7999999999984001,0.8749999999978125,0.22222222219753082,0.42857142856530606,0.2591836734693875,0.42105263157850414,0.009999999999999001,-0.5,0.0,0.003,0.04,274.0,-0.5,0.1
927,False,0.3229324400628751,0.11994371736810697,0.3229345596813205,0.7269884462157972,0.7999999999984001,0.8749999999978125,0.22222222219753082,0.18571428571163262,0.02653061224489793,0.42105263157850414,0.009999999999999001,-0.5,0.0,0.003,0.023,46.0,-0.5,0.1
928,False,0.34057737627650436,0.29167999302130926,0.3435016195319695,0.7269884462157972,0.7999999999984001,0.8749999999978125,0.3333333332962963,0.22857142856816323,0.20918367346938754,0.42105263157850414,0.009999999999999001,-0.5,0.0,0.004,0.026,225.0,-0.5,0.1
929,False,0.4480128271113821,0.5010918837174476,0.469955138617155,0.7269884462157972,0.7999999999984001,0.8749999999978125,0.11111111109876541,0.8999999999871428,0.4397959183673465,0.42105263157850414,0.009999999999999001,-0.5,0.0,0.002,0.073,451.0,-0.5,0.1
930,False,0.3464108948655548,0.6822048224485089,0.3764850463924296,0.7269884462157972,0.7999999999984001,0.8749999999978125,0.3333333332962963,0.8142857142740815,0.09285714285714276,0.42105263157850414,0.009999999999999001,-0.5,0.0,0.004,0.067,111.0,-0.5,0.1
931,False,0.37517879806212817,0.619420535048307,0.40198001771865915,0.7269884462157972,0.7999999999984001,0.8749999999978125,0.11111111109876541,0.7571428571320407,0.120408163265306,0.42105263157850414,0.009999999999999001,-0.5,0.0,0.002,0.063,138.0,-0.5,0.1
932,False,0.34479243210142707,0.31608450253352743,0.3488673272395874,0.7269884462157972,0.7999999999984001,0.8749999999978125,0.11111111109876541,0.45714285713632646,0.007142857142857136,0.42105263157850414,0.009999999999999001,-0.5,0.0,0.002,0.042,27.0,-0.5,0.1
933,False,0.33673550520746043,0.35866746168422303,0.34269691058638024,0.7269884462157972,0.7999999999984001,0.8749999999978125,0.44444444439506164,0.15714285714061224,0.17244897959183655,0.42105263157850414,0.009999999999999001,-0.5,0.0,0.005,0.021,189.0,-0.5,0.1
934,False,0.34117418149218476,0.6713792894492538,0.3699689396734995,0.7269884462157972,0.7999999999984001,0.8749999999978125,0.3333333332962963,0.8857142857016324,0.03469387755102037,0.42105263157850414,0.009999999999999001,-0.5,0.0,0.004,0.072,54.0,-0.5,0.1
935,False,0.18705501453188852,0.12118733592311536,0.1870550319935708,0.7269884462157972,0.7999999999984001,0.8749999999978125,0.8888888887901233,0.9142857142726529,0.046938775510204034,0.42105263157850414,0.009999999999999001,-0.5,0.0,0.009,0.074,66.0,-0.5,0.1
936,False,0.3831667425816177,0.8229481382160249,0.42848756296341195,0.7269884462157972,0.7999999999984001,0.8749999999978125,0.11111111109876541,0.985714285700204,0.11224489795918356,0.42105263157850414,0.009999999999999001,-0.5,0.0,0.002,0.079,130.0,-0.5,0.1
937,False,0.33018251835561757,0.1591502781580288,0.33024944272520473,0.7269884462157972,0.7999999999984001,0.8749999999978125,0.22222222219753082,0.21428571428265303,0.12959183673469374,0.42105263157850414,0.009999999999999001,-0.5,0.0,0.003,0.025,147.0,-0.5,0.1
938,False,0.3116199116490307,0.7371146273623734,0.3438776455384175,0.7269884462157972,0.7999999999984001,0.8749999999978125,0.8888888887901233,0.22857142856816323,0.0826530612244897,0.42105263157850414,0.009999999999999001,-0.5,0.0,0.009,0.026,101.0,-0.5,0.1
939,False,0.33643677283441314,0.16747444122292332,0.33655354888208494,0.7269884462157972,0.7999999999984001,0.8749999999978125,0.11111111109876541,0.22857142856816323,0.1846938775510202,0.42105263157850414,0.009999999999999001,-0.5,0.0,0.002,0.026,201.0,-0.5,0.1
940,False,0.33805525038095097,0.2899596413108959,0.34085806094053894,0.7269884462157972,0.7999999999984001,0.8749999999978125,0.3333333332962963,0.04285714285653059,0.19795918367346918,0.42105263157850414,0.009999999999999001,-0.5,0.0,0.004,0.013,214.0,-0.5,0.1
941,False,0.321972254315842,0.11134046621855621,0.32197289777325067,0.7269884462157972,0.7999999999984001,0.8749999999978125,0.22222222219753082,0.142857142855102,0.03367346938775507,0.42105263157850414,0.009999999999999001,-0.5,0.0,0.003,0.02,53.0,-0.5,0.1
942,False,0.3256444437829706,0.5564479042256931,0.3442332517672011,0.7269884462157972,0.7999999999984001,0.8749999999978125,0.44444444439506164,0.985714285700204,0.0826530612244897,0.42105263157850414,0.009999999999999001,-0.5,0.0,0.005,0.079,101.0,-0.5,0.1
943,False,0.30939174526882746,0.7389029023284486,0.3416435037947828,0.7269884462157972,0.7999999999984001,0.8749999999978125,0.8888888887901233,0.22857142856816323,0.016326530612244882,0.42105263157850414,0.009999999999999001,-0.5,0.0,0.009,0.026,36.0,-0.5,0.1
944,False,0.3682446621858995,0.8010405560851259,0.4103623239731239,0.7269884462157972,0.7999999999984001,0.8749999999978125,0.11111111109876541,0.9428571428436734,0.0,0.42105263157850414,0.009999999999999001,-0.5,0.0,0.002,0.076,20.0,-0.5,0.1
945,False,0.3783910237370154,0.5070492153888408,0.3962821973119943,0.7269884462157972,0.7999999999984001,0.8749999999978125,0.22222222219753082,0.5571428571348979,0.31122448979591805,0.42105263157850414,0.009999999999999001,-0.5,0.0,0.003,0.049,325.0,-0.5,0.1
946,False,0.3507085014220005,0.29033615926884854,0.3538047982703755,0.7269884462157972,0.7999999999984001,0.8749999999978125,0.11111111109876541,0.4142857142797958,0.143877551020408,0.42105263157850414,0.009999999999999001,-0.5,0.0,0.002,0.039,161.0,-0.5,0.1
947,False,0.3678499319937489,0.7556546448064034,0.4058910148229947,0.7269884462157972,0.7999999999984001,0.8749999999978125,0.22222222219753082,0.8857142857016324,0.12346938775510191,0.42105263157850414,0.009999999999999001,-0.5,0.0,0.003,0.072,141.0,-0.5,0.1
948,False,0.35529585880887377,0.29373896626206647,0.3586432622828654,0.7269884462157972,0.7999999999984001,0.8749999999978125,0.0,0.11428571428408159,0.31122448979591805,0.42105263157850414,0.009999999999999001,-0.5,0.0,0.001,0.018,325.0,-0.5,0.1
949,False,0.4281163892241106,0.5641268091183458,0.45399972055718446,0.7269884462157972,0.7999999999984001,0.8749999999978125,0.11111111109876541,0.6285714285624489,0.4714285714285709,0.42105263157850414,0.009999999999999001,-0.5,0.0,0.002,0.054,482.0,-0.5,0.1
950,False,0.3225062208104684,0.5833841806817813,0.3429773081244861,0.7269884462157972,0.7999999999984001,0.8749999999978125,0.6666666665925925,0.2999999999957142,0.12448979591836722,0.42105263157850414,0.009999999999999001,-0.5,0.0,0.007,0.031,142.0,-0.5,0.1
951,False,0.29784871016272985,0.547159718239643,0.31421719815470556,0.7269884462157972,0.7999999999984001,0.8749999999978125,0.7777777776913579,0.45714285713632646,0.07040816326530605,0.42105263157850414,0.009999999999999001,-0.5,0.0,0.008,0.042,89.0,-0.5,0.1
952,False,0.18521384977265168,0.11549014627540063,0.18521385474036609,0.7269884462157972,0.7999999999984001,0.8749999999978125,0.8888888887901233,0.985714285700204,0.0826530612244897,0.42105263157850414,0.009999999999999001,-0.5,0.0,0.009,0.079,101.0,-0.5,0.1
953,False,0.396514453925923,0.6875007099221281,0.4307641802358835,0.7269884462157972,0.7999999999984001,0.8749999999978125,0.11111111109876541,0.7999999999885713,0.2428571428571426,0.42105263157850414,0.009999999999999001,-0.5,0.0,0.002,0.066,258.0,-0.5,0.1
