Potential (V),Current (uA)
-0.199853,-0.069999688
-0.19877799999999998,-0.05599975200000001
-0.197704,-0.04199981600000001
-0.19663,-0.027999876000000003
-0.19555499999999998,-0.020999908000000005
-0.194481,-0.020999908000000005
-0.193406,-0.013999938000000002
-0.192332,-0.010499954000000002
-0.19125699999999998,-0.010499954000000002
-0.190183,-0.008749961
-0.189108,-0.005249977000000001
-0.18803399999999998,-0.005249977000000001
-0.186959,-0.0043749800000000005
-0.185885,-0.0026249880000000004
-0.18481,-0.0026249880000000004
-0.18373599999999998,-0.0021874900000000003
-0.182661,-0.0017499920000000001
-0.181587,-0.0013124940000000002
-0.18051199999999998,-0.0006562470000000001
-0.179438,-0.00021874900000000002
-0.178363,0.0
-0.177289,0.000546872
-0.17621399999999998,0.00032812300000000004
-0.17514,0.0006562470000000001
-0.174065,0.0033711850000000005
-0.172991,0.0045303800000000005
-0.17191599999999999,0.005028778
-0.170842,0.005342376000000001
-0.169768,0.005499176000000001
-0.16869299999999998,0.005667175000000001
-0.167619,0.005767974
-0.166544,0.005868774
-0.16547,0.006025573000000001
-0.16439499999999999,0.006120773
-0.163321,0.0062103720000000005
-0.162246,0.006333572000000001
-0.16117199999999998,0.0064063720000000005
-0.160097,0.006490371000000001
-0.159023,0.006579971
-0.157948,0.006641571000000001
-0.15687399999999999,0.00670877
-0.155799,0.00680397
-0.154725,0.00682077
-0.15364999999999998,0.006915969000000001
-0.152576,0.006966369
-0.151501,0.006960769
-0.150427,0.0070391690000000005
-0.14935199999999998,0.007111968000000001
-0.148278,0.007111968000000001
-0.147203,0.007184768000000001
-0.14612899999999998,0.0072127680000000005
-0.145054,0.007207168
-0.14398,0.007279968
-0.142905,0.007279968
-0.14183099999999998,0.007324768000000001
-0.140757,0.007358367000000001
-0.139682,0.007347167000000001
-0.13860799999999998,0.007397567000000001
-0.137533,0.007403167
-0.136459,0.007447967000000001
-0.135384,0.007503966000000002
-0.13430999999999998,0.007515165999999999
-0.133235,0.007509566000000001
-0.132161,0.007587967000000001
-0.13108599999999998,0.007599167000000001
-0.130012,0.007632766000000001
-0.128937,0.007699966
-0.127863,0.007711166
-0.12678799999999998,0.007744766000000001
-0.125714,0.007789565000000001
-0.124639,0.007800765000000001
-0.123565,0.007823165000000002
-0.12248999999999999,0.007867965
-0.121416,0.007867965
-0.12034099999999999,0.007912765
-0.119267,0.007946364000000001
-0.11819199999999999,0.007935165000000001
-0.117118,0.008002364000000001
-0.116043,0.007991164000000002
-0.11496899999999999,0.007985564
-0.113894,0.008069565
-0.11281999999999999,0.008063965000000001
-0.111746,0.008063965000000001
-0.11067099999999999,0.008114364
-0.109597,0.008103164000000001
-0.108522,0.008114364
-0.107448,0.008175964
-0.106373,0.008170364
-0.10529899999999999,0.008198364
-0.104224,0.008237563
-0.10314999999999999,0.008203964000000001
-0.102075,0.008327163000000002
-0.101001,0.008349563
-0.099926736,0.008321563
-0.098852256,0.008399963
-0.09777777600000001,0.008411163000000001
-0.09670329600000001,0.008455962000000001
-0.095628816,0.008483962000000001
-0.094554336,0.008517563
-0.093479848,0.008551163
-0.092405368,0.008556763
-0.09133089600000001,0.008489563
-0.09025640800000001,0.008500763
-0.08918192800000001,0.008523163
-0.088107448,0.008528763
-0.087032968,0.008691162
-0.08595848,0.008763961
-0.084884,0.008814361000000001
-0.08380952800000001,0.008881561
-0.08273504000000001,0.008898360000000001
-0.08166056000000001,0.008926360000000001
-0.08058607200000001,0.008993561
-0.0795116,0.009004761
-0.07843712,0.00904956
-0.077362632,0.00909996
-0.07628816000000001,0.00909996
-0.07521367200000001,0.009150360000000001
-0.074139192,0.009189559
-0.073064712,0.009211959
-0.071990232,0.009262359000000001
-0.070915752,0.009284759000000002
-0.069841264,0.009273559
-0.068766784,0.009368758
-0.067692312,0.009407959
-0.066617824,0.009424759000000001
-0.065543348,0.009475159000000002
-0.06446886,0.009514358
-0.063394384,0.009581558
-0.062319900000000004,0.009637558000000001
-0.06124542,0.009676757000000001
-0.060170940000000006,0.009732757
-0.05909646,0.009816756000000001
-0.058021976,0.009833556000000002
-0.056947496,0.009917557
-0.055873016000000005,0.009967956000000002
-0.054798532000000004,0.010007156
-0.053724056000000006,0.010085556
-0.052649572000000006,0.010119155000000001
-0.051575092,0.010158355
-0.050500608,0.010242355
-0.049426128,0.010275954
-0.048351648000000004,0.010326355000000002
-0.047277168,0.010387955
-0.046202684,0.010427154000000001
-0.045128204000000005,0.010499954000000002
-0.044053724,0.010544754
-0.04297924,0.010567153000000001
-0.041904764000000004,0.010662353000000001
-0.040830280000000004,0.010718352
-0.0397558,0.010718352
-0.038681316,0.010824753000000001
-0.037606836000000005,0.010858352
-0.036532356,0.010875152
-0.035457876,0.010975952
-0.034383392,0.011020751000000002
-0.033308912,0.011099151000000002
-0.03223443,0.011171950000000002
-0.031159950000000002,0.01122795
-0.030085470000000003,0.011283951
-0.029010988,0.01137355
-0.027936508000000002,0.01140155
-0.026862028000000003,0.011507949000000002
-0.025787546,0.011597549
-0.024713064,0.011603149
-0.023638584,0.011737549000000002
-0.022564102000000003,0.011771148
-0.02148962,0.011810348000000002
-0.020415140000000002,0.011911148000000002
-0.019340658,0.011983947000000002
-0.018266178,0.012023147000000001
-0.017191696,0.012140746000000001
-0.016117215,0.012157547000000001
-0.015042735000000002,0.012230346
-0.013968254000000001,0.012297546000000001
-0.012893773,0.012331146000000001
-0.011819292,0.012420745
-0.01074481,0.012482345
-0.009670329,0.012515945000000002
-0.008595848,0.012622345000000002
-0.007521367,0.012650345000000002
-0.006446886000000001,0.012683944
-0.005372405,0.012795944000000002
-0.004297924,0.012823944000000002
-0.0032234430000000003,0.012857543
-0.002148962,0.012941543000000002
-0.001074481,0.012980743000000001
0.0,0.013098343000000002
0.001074481,0.013120743
0.002148962,0.013165542000000002
0.0032234430000000003,0.013260742
0.004297924,0.013322341000000001
0.005372405,0.013372741000000002
0.006446886000000001,0.013484740000000002
0.007521367,0.013563141
0.008595848,0.01358554
0.009670329,0.01371434
0.01074481,0.013770339000000001
0.011819292,0.013815139
0.012893773,0.013915938000000001
0.013968254000000001,0.013983138
0.015042735000000002,0.014027939
0.016117215,0.014106338000000001
0.017191696,0.014162338000000002
0.018266178,0.014229537
0.019340658,0.014324737
0.020415140000000002,0.014352737000000003
0.02148962,0.014431136
0.022564102000000003,0.014503936000000002
0.023638584,0.014520736000000001
0.024713064,0.014649536000000001
0.025787546,0.014677535000000002
0.026862028000000003,0.014744735
0.027936508000000002,0.014823134000000002
0.029010988,0.014862334000000001
0.030085470000000003,0.014929534000000003
0.031159950000000002,0.014985533000000002
0.03223443,0.015024734000000001
0.033308912,0.015119933
0.034383392,0.015226333
0.035457876,0.015231934000000003
0.036532356,0.015349532
0.037606836000000005,0.015411132000000001
0.038681316,0.015450331000000003
0.0397558,0.01558473
0.040830280000000004,0.015629532
0.041904764000000004,0.015679931
0.04297924,0.015791930000000003
0.044053724,0.015859130000000003
0.045128204000000005,0.015937529000000002
0.046202684,0.016015928999999998
0.047277168,0.01607193
0.048351648000000004,0.016178328
0.049426128,0.016262329000000002
0.050500608,0.016307129
0.051575092,0.016424727000000004
0.052649572000000006,0.016480727000000004
0.053724056000000006,0.016519927
0.054798532000000004,0.016643126
0.055873016000000005,0.016693527000000003
0.056947496,0.016749527000000004
0.058021976,0.016867126000000003
0.05909646,0.016906326
0.060170940000000006,0.016979126
0.06124542,0.017079926000000002
0.062319900000000004,0.017135926000000003
0.063394384,0.017214324000000003
0.06446886,0.017275924
0.065543348,0.017343122000000002
0.066617824,0.017443924000000003
0.067692312,0.017499924
0.068766784,0.017600724
0.069841264,0.017701522
0.070915752,0.017757522
0.071990232,0.01781912
0.073064712,0.01794792
0.074139192,0.01803752
0.07521367200000001,0.018138320000000003
0.07628816000000001,0.018278320000000004
0.077362632,0.018306318000000002
0.07843712,0.018451920000000004
0.0795116,0.018569518000000004
0.08058607200000001,0.018619918000000003
0.08166056000000001,0.018748716
0.08273504000000001,0.018866316000000004
0.08380952800000001,0.018922316
0.084884,0.019062316
0.08595848,0.019168714000000003
0.087032968,0.019258314
0.088107448,0.019415116000000003
0.08918192800000001,0.019510314
0.09025640800000001,0.019588714000000004
0.09133089600000001,0.019728714
0.092405368,0.019818312
0.093479848,0.019952712
0.094554336,0.020087110000000002
0.095628816,0.020171112
0.09670329600000001,0.020294310000000003
0.09777777600000001,0.020434310000000004
0.098852256,0.02053511
0.099926736,0.02067511
0.101001,0.020815108000000002
0.102075,0.020915908
0.10314999999999999,0.021134306000000002
0.104224,0.021251906
0.10529899999999999,0.021397506000000004
0.106373,0.021559904
0.107448,0.021705504000000004
0.108522,0.021901502000000003
0.109597,0.022058304
0.11067099999999999,0.022209502000000002
0.111746,0.022416702000000004
0.11281999999999999,0.022601502000000002
0.113894,0.0227415
0.11496899999999999,0.0229655
0.116043,0.023150298
0.117118,0.023312698
0.11819199999999999,0.023547896000000002
0.119267,0.023743896
0.12034099999999999,0.023934294000000002
0.121416,0.024152694000000002
0.12248999999999999,0.024337494000000005
0.123565,0.024555892
0.124639,0.024779892
0.125714,0.02499269
0.12678799999999998,0.02523349
0.127863,0.025457488
0.128937,0.025647888000000004
0.130012,0.025927886
0.13108599999999998,0.026135084000000003
0.132161,0.026375884000000002
0.133235,0.026633482000000003
0.13430999999999998,0.026846282000000003
0.135384,0.027075880000000004
0.136459,0.027367078
0.137533,0.027630278
0.13860799999999998,0.027859878000000005
0.139682,0.028151076000000004
0.140757,0.028380676000000004
0.14183099999999998,0.028671874000000003
0.142905,0.028951874000000002
0.14398,0.029198272
0.145054,0.029517470000000004
0.14612899999999998,0.029775068000000002
0.147203,0.030021470000000005
0.148278,0.030346266000000004
0.14935199999999998,0.030620665999999998
0.150427,0.030855862000000005
0.151501,0.03116946
0.152576,0.031404662
0.15364999999999998,0.03165106
0.154725,0.03195346
0.155799,0.03218866
0.15687399999999999,0.032496656
0.157948,0.03277665600000001
0.159023,0.032950254000000005
0.160097,0.033275054000000005
0.16117199999999998,0.033504652
0.162246,0.033728652000000005
0.163321,0.034053452000000005
0.16439499999999999,0.034316648000000005
0.16547,0.034512648
0.166544,0.034820644000000005
0.167619,0.03507264400000001
0.16869299999999998,0.035307844000000005
0.169768,0.035599044
0.170842,0.03585104
0.17191599999999999,0.036187040000000004
0.172991,0.036478236
0.174065,0.03669104
0.17514,0.037043836000000004
0.17621399999999998,0.037340635999999996
0.177289,0.03759823600000001
0.178363,0.037973432
0.179438,0.038242232
0.18051199999999998,0.038550232000000004
0.181587,0.038936628
0.182661,0.039272628000000004
0.18373599999999998,0.039591824000000005
0.18481,0.039978224
0.185885,0.040291824000000004
0.186959,0.04068382
0.18803399999999998,0.04109262
0.189108,0.041434216
0.190183,0.04183741600000001
0.19125699999999998,0.04223501600000001
0.192332,0.042610212
0.193406,0.043063812
0.194481,0.043483808000000006
0.19555499999999998,0.043881408000000004
0.19663,0.04434620400000001
0.197704,0.04479980000000001
0.19877799999999998,0.0452142
0.199853,0.045712600000000006
0.200927,0.046143796
0.202002,0.046625396
0.20307599999999998,0.047101392000000006
0.204151,0.047482192
0.205225,0.047980588000000005
0.20629999999999998,0.048484588
0.207374,0.048854188
0.208449,0.049386184
0.209523,0.046593544
0.21059799999999998,0.04703104
0.211672,0.048124784000000004
0.212747,0.048781032
0.21382099999999998,0.049437284000000005
0.214896,0.05053102400000001
0.21597,0.05129664800000001
0.217045,0.05206226800000001
0.21811899999999998,0.053265388000000004
0.219194,0.054359132000000004
0.220268,0.055343504
0.22134299999999998,0.05676537200000001
0.222417,0.05753099600000001
0.223492,0.059171612000000005
0.224566,0.06026536
0.22564099999999998,0.06146848
0.226715,0.06321846800000001
0.227789,0.06464034
0.22886399999999998,0.06595283600000001
0.22993799999999998,0.0678122
0.231013,0.06956219200000001
0.232087,0.071202808
0.23316199999999998,0.073171552
0.234236,0.07503092
0.235311,0.07689028
0.23638499999999998,0.07907777600000002
0.23745999999999998,0.081046512
0.238534,0.08323400800000001
0.239609,0.085640248
0.24068299999999998,0.08760899200000001
0.241758,0.09023397600000001
0.242832,0.09274958400000001
0.24390699999999998,0.09493708000000001
0.24498099999999998,0.097562064
0.246056,0.100296
0.24713,0.102593
0.24820499999999998,0.105765
0.249279,0.10838999999999999
0.25035399999999997,0.11101499999999999
0.251428,0.114077
0.252503,0.116921
0.253577,0.11987400000000001
0.254652,0.123046
0.255726,0.125999
0.2568,0.12928
0.25787499999999997,0.13245200000000001
0.258949,0.135624
0.260024,0.139015
0.261098,0.142405
0.262173,0.145468
0.263247,0.14929599999999998
0.264322,0.152905
0.26539599999999997,0.15640500000000002
0.266471,0.16023300000000001
0.267545,0.163733
0.26861999999999997,0.167561
0.269694,0.171717
0.270769,0.17543599999999998
0.271843,0.179483
0.272918,0.18353
0.273992,0.187577
0.275067,0.19238899999999998
0.27614099999999997,0.196545
0.27721599999999996,0.200702
0.27829,0.20529499999999998
0.279365,0.20967
0.280439,0.21437399999999998
0.281514,0.219186
0.282588,0.223889
0.283663,0.228483
0.28473699999999996,0.233842
0.285811,0.238436
0.286886,0.24368599999999999
0.28796,0.248717
0.289035,0.25374800000000003
0.290109,0.259217
0.291184,0.264248
0.29225799999999996,0.26949799999999996
0.293333,0.27540499999999996
0.294407,0.280983
0.29548199999999997,0.286233
0.296556,0.292029
0.297631,0.297936
0.298705,0.303842
0.29978,0.30974799999999997
0.300854,0.315873
0.301929,0.322107
0.30300299999999997,0.32834199999999997
0.30407799999999996,0.33446699999999996
0.305152,0.341248
0.30622699999999997,0.347482
0.307301,0.353717
0.308376,0.360826
0.30945,0.36771699999999996
0.310525,0.374388
0.31159899999999996,0.38149799999999995
0.312673,0.388498
0.31374799999999997,0.395388
0.314822,0.402826
0.315897,0.409607
0.316971,0.417373
0.318046,0.424701
0.31911999999999996,0.432029
0.320195,0.439685
0.32126899999999997,0.447232
0.32234399999999996,0.45456
0.323418,0.462763
0.324493,0.470419
0.325567,0.478185
0.326642,0.486388
0.327716,0.4943719999999999
0.328791,0.502466
0.32986499999999996,0.510778
0.33094,0.518872
0.332014,0.5272939999999999
0.33308899999999997,0.535935
0.334163,0.5440280000000001
0.335238,0.552997
0.336312,0.5615279999999999
0.337387,0.5701689999999999
0.338461,0.5792470000000001
0.339536,0.588216
0.34060999999999997,0.596966
0.341684,0.6061529999999999
0.342759,0.6151220000000001
0.343833,0.624528
0.344908,0.634044
0.345982,0.643231
0.347057,0.652637
0.34813099999999997,0.662481
0.34920599999999996,0.671778
0.35028,0.68184
0.351355,0.691793
0.352429,0.701309
0.353504,0.7118089999999999
0.354578,0.721653
0.355653,0.7318239999999999
0.35672699999999996,0.742652
0.357802,0.7530429999999999
0.358876,0.7636519999999999
0.35995099999999997,0.7744800000000001
0.361025,0.785199
0.3621,0.7963549999999999
0.363174,0.807512
0.364249,0.818449
0.365323,0.830261
0.366398,0.8418549999999999
0.36747199999999997,0.853121
0.368546,0.86548
0.369621,0.877292
0.370695,0.889324
0.37177,0.901902
0.372844,0.914261
0.373919,0.9267299999999999
0.37499299999999997,0.939855
0.37606799999999996,0.952761
0.377142,0.9661049999999999
0.37821699999999997,0.9797759999999999
0.379291,0.99312
0.380366,1.0066819999999999
0.38144,1.0206819999999999
0.382515,1.0342449999999999
0.38358899999999996,1.048901
0.384664,1.0631199999999998
0.38573799999999997,1.077339
0.38681299999999996,1.0924319999999998
0.387887,1.107307
0.388962,1.121963
0.390036,1.137057
0.391111,1.152369
0.392185,1.1676819999999999
0.39326,1.183432
0.39433399999999996,1.1985249999999998
0.39540899999999995,1.214494
0.396483,1.230025
0.397557,1.2457749999999999
0.398632,1.261963
0.399706,1.277931
0.400781,1.2936809999999999
0.40185499999999996,1.310087
0.40292999999999995,1.326056
0.404004,1.3420249999999998
0.40507899999999997,1.358212
0.406153,1.374181
0.407228,1.390587
0.408302,1.4065560000000001
0.409377,1.4223059999999998
0.41045099999999995,1.4384929999999998
0.411526,1.454681
0.41259999999999997,1.47043
0.41367499999999996,1.486618
0.414749,1.502587
0.41582399999999997,1.5174610000000002
0.416898,1.53343
0.417973,1.5489609999999998
0.419047,1.563836
0.420122,1.579149
0.42119599999999996,1.5940239999999999
0.422271,1.60868
0.42334499999999997,1.6237739999999998
0.42441999999999996,1.6379920000000001
0.425494,1.65243
0.426568,1.666648
0.427643,1.679773
0.42871699999999996,1.693773
0.429792,1.707117
0.43086599999999997,1.720023
0.43194099999999996,1.7333669999999999
0.433015,1.745835
0.43409,1.758085
0.435164,1.770335
0.436239,1.781929
0.437313,1.793523
0.438388,1.8048980000000001
0.43946199999999996,1.815398
0.44053699999999996,1.8263349999999998
0.441611,1.836835
0.44268599999999997,1.846897
0.44376,1.856741
0.444835,1.866366
0.445909,1.875335
0.446984,1.885397
0.44805799999999996,1.894147
0.449133,1.902241
0.45020699999999997,1.9107720000000001
0.45128199999999996,1.918866
0.452356,1.9263029999999999
0.45343,1.933303
0.454505,1.940303
0.45557899999999996,1.9473029999999998
0.456654,1.954303
0.45772799999999997,1.9604279999999998
0.45880299999999996,1.967428
0.459877,1.973553
0.460952,1.9783659999999998
0.462026,1.9844909999999998
0.463101,1.9906160000000002
0.464175,1.994991
0.46525,2.000241
0.46632399999999996,2.0050529999999998
0.46739899999999995,2.009428
0.468473,2.013803
0.46954799999999997,2.017741
0.470622,2.021678
0.471697,2.0256149999999997
0.472771,2.029115
0.473846,2.032178
0.47491999999999995,2.035678
0.475995,2.0387399999999998
0.47706899999999997,2.0413650000000003
0.47814399999999996,2.043553
0.479218,2.04574
0.48029299999999997,2.048365
0.481367,2.050115
0.48244099999999995,2.051865
0.483516,2.0536149999999997
0.48458999999999997,2.054928
0.48566499999999996,2.0562400000000003
0.486739,2.057115
0.48781399999999997,2.0579899999999998
0.488888,2.059303
0.489963,2.0597399999999997
0.491037,2.0597399999999997
0.492112,2.060178
0.49318599999999996,2.060178
0.49426099999999995,2.0597399999999997
0.49533499999999997,2.0597399999999997
0.49640999999999996,2.058865
0.497484,2.0579899999999998
0.498559,2.057115
0.499633,2.055803
0.5007079999999999,2.05449
0.501782,2.053178
0.502857,2.0505530000000003
0.503931,2.048803
0.505006,2.047053
0.50608,2.044428
0.507155,2.041803
0.5082289999999999,2.0387399999999998
0.509304,2.035678
0.510378,2.032615
0.511452,2.029553
0.512527,2.025178
0.513601,2.021678
0.514676,2.017303
0.5157499999999999,2.0133650000000003
0.516825,2.008553
0.517899,2.0037399999999996
0.5189739999999999,1.998928
0.520048,1.9932409999999998
0.521123,1.9879909999999998
0.522197,1.982303
0.523272,1.976178
0.524346,1.9700529999999998
0.525421,1.9634909999999999
0.5264949999999999,1.957366
0.52757,1.949928
0.528644,1.942928
0.5297189999999999,1.9354909999999999
0.530793,1.928053
0.531868,1.9206159999999999
0.532942,1.9118659999999998
0.534017,1.9039909999999998
0.535091,1.895241
0.5361659999999999,1.885616
0.5372399999999999,1.876866
0.538314,1.867679
0.539389,1.857616
0.540463,1.847991
0.541538,1.837929
0.542612,1.827429
0.5436869999999999,1.8169289999999998
0.5447609999999999,1.8055539999999999
0.545836,1.794179
0.54691,1.783242
0.5479849999999999,1.7709920000000001
0.549059,1.7591789999999998
0.550134,1.746929
0.5512079999999999,1.7346789999999999
0.552283,1.722429
0.553357,1.709304
0.5544319999999999,1.695742
0.5555059999999999,1.682617
0.556581,1.669055
0.557655,1.6550550000000002
0.55873,1.641055
0.559804,1.627492
0.560879,1.612617
0.5619529999999999,1.59818
0.563028,1.583305
0.564102,1.568867
0.5651769999999999,1.553993
0.566251,1.538243
0.567326,1.5229300000000001
0.5684,1.5080550000000001
0.5694739999999999,1.492305
0.570549,1.476993
0.571623,1.461243
0.5726979999999999,1.445493
0.573772,1.429743
0.574847,1.413993
0.575921,1.3986809999999998
0.576996,1.382931
0.57807,1.367181
0.579145,1.3514309999999998
0.5802189999999999,1.3365559999999999
0.581294,1.320806
0.582368,1.305494
0.5834429999999999,1.2906190000000002
0.584517,1.275744
0.585592,1.261306
0.586666,1.246869
0.587741,1.231994
0.588815,1.218432
0.58989,1.203994
0.5909639999999999,1.1899939999999998
0.592039,1.176869
0.593113,1.1633069999999999
0.5941879999999999,1.150182
0.595262,1.137494
0.596336,1.124807
0.597411,1.112557
0.5984849999999999,1.1003070000000001
0.59956,1.088495
0.600634,1.0771199999999999
0.6017089999999999,1.066182
0.602783,1.054807
0.603858,1.0438699999999999
0.604932,1.03337
0.606007,1.02287
0.607081,1.0132450000000002
0.6081559999999999,1.00362
0.6092299999999999,0.994433
0.610305,0.985245
0.611379,0.976495
0.6124539999999999,0.9677450000000001
0.613528,0.9589949999999999
0.614603,0.9506830000000001
0.6156769999999999,0.942808
0.616752,0.934495
0.617826,0.9270579999999999
0.6189009999999999,0.920058
0.6199749999999999,0.91262
0.62105,0.90562
0.622124,0.899058
0.6231979999999999,0.8924960000000001
0.624273,0.8863709999999999
0.625347,0.880246
0.6264219999999999,0.8741209999999999
0.6274959999999999,0.868433
0.628571,0.862746
0.629645,0.8574959999999999
0.63072,0.852246
0.631794,0.846996
0.632869,0.841746
0.6339429999999999,0.8369329999999999
0.635018,0.832558
0.636092,0.827746
0.6371669999999999,0.823808
0.638241,0.819871
0.639316,0.8159329999999999
0.64039,0.811558
0.641465,0.8076209999999999
0.642539,0.804121
0.643614,0.8006209999999999
0.6446879999999999,0.797121
0.645763,0.7940579999999999
0.646837,0.790996
0.6479119999999999,0.787496
0.648986,0.784871
0.650061,0.781809
0.651135,0.7783089999999999
0.6522089999999999,0.7761210000000001
0.653284,0.773496
0.654358,0.770871
0.6554329999999999,0.768246
0.656507,0.765621
0.657582,0.763434
0.658656,0.761246
0.659731,0.759059
0.660805,0.756871
0.66188,0.754684
0.6629539999999999,0.7524959999999999
0.664029,0.750309
0.665103,0.748121
0.6661779999999999,0.746371
0.667252,0.744621
0.668327,0.7424339999999999
0.669401,0.7406839999999999
0.670476,0.738934
0.67155,0.737184
0.6726249999999999,0.7354339999999999
0.6736989999999999,0.7336839999999999
0.674774,0.731496
0.675848,0.7301839999999999
0.6769229999999999,0.7284339999999999
0.677997,0.726684
0.679072,0.725371
0.6801459999999999,0.723621
0.6812199999999999,0.722309
0.682295,0.720559
0.683369,0.7188089999999999
0.6844439999999999,0.717496
0.685518,0.715746
0.686593,0.714434
0.6876669999999999,0.7131209999999999
0.688742,0.7118089999999999
0.689816,0.710059
0.6908909999999999,0.708746
0.6919649999999999,0.707434
0.69304,0.705684
0.694114,0.7043710000000001
0.695189,0.703059
0.696263,0.701746
0.697338,0.700434
0.6984119999999999,0.699121
0.699487,0.6973710000000001
0.700561,0.696496
0.7016359999999999,0.695184
0.70271,0.693871
0.703785,0.6925589999999999
0.704859,0.6912459999999999
0.705934,0.6903710000000001
0.707008,0.689059
0.708083,0.6873090000000001
0.7091569999999999,0.686871
0.710231,0.685559
0.711306,0.683809
0.71238,0.6829339999999999
0.713455,0.681621
0.714529,0.680309
0.715604,0.679434
0.7166779999999999,0.678121
0.717753,0.6772459999999999
0.718827,0.6763709999999999
0.7199019999999999,0.6750590000000001
0.720976,0.673747
0.722051,0.672872
0.723125,0.671559
0.7242,0.671121
0.725274,0.669809
0.726349,0.668497
0.7274229999999999,0.668059
0.728498,0.667184
0.729572,0.665434
0.7306469999999999,0.6649970000000001
0.731721,0.6636839999999999
0.732796,0.662809
0.7338699999999999,0.6619339999999999
0.734945,0.661059
0.736019,0.660184
0.737093,0.659309
0.7381679999999999,0.657997
0.739242,0.657559
0.740317,0.6566839999999999
0.7413909999999999,0.655809
0.742466,0.6549339999999999
0.74354,0.6549339999999999
0.7446149999999999,0.653184
0.7456889999999999,0.653184
0.746764,0.652309
0.747838,0.651434
0.7489129999999999,0.650997
0.749987,0.650559
0.751062,0.650122
0.7521359999999999,0.649247
0.753211,0.648809
0.754285,0.648809
0.7553599999999999,0.648372
0.7564339999999999,0.647934
0.757509,0.647934
0.758583,0.647497
0.7596579999999999,0.6470589999999999
0.760732,0.6470589999999999
0.761807,0.647497
0.7628809999999999,0.6470589999999999
0.7639549999999999,0.6470589999999999
0.76503,0.647497
0.766104,0.647497
0.7671789999999999,0.647497
0.768253,0.647934
0.769328,0.647934
0.7704019999999999,0.648372
0.771477,0.648809
0.772551,0.6496839999999999
0.7736259999999999,0.6496839999999999
0.7746999999999999,0.650122
0.775775,0.650997
0.776849,0.651434
0.777924,0.652309
0.778998,0.652747
0.780073,0.6536219999999999
0.7811469999999999,0.654497
0.782222,0.655372
0.783296,0.656247
0.7843709999999999,0.657559
0.785445,0.658434
0.78652,0.658872
0.787594,0.6606219999999999
0.788669,0.661497
0.789743,0.662372
0.7908179999999999,0.6636839999999999
0.7918919999999999,0.6649970000000001
0.792967,0.665872
0.794041,0.667184
0.795115,0.668059
0.79619,0.669372
0.797264,0.670684
0.7983389999999999,0.671559
0.7994129999999999,0.672872
0.800488,0.674184
0.801562,0.6750590000000001
0.8026369999999999,0.6759339999999999
0.803711,0.6772459999999999
0.804786,0.678121
0.8058599999999999,0.679434
0.806935,0.680746
0.808009,0.681184
0.8090839999999999,0.682496
0.8101579999999999,0.683809
0.811233,0.684684
0.812307,0.6859959999999999
0.8133819999999999,0.686871
0.814456,0.688184
0.815531,0.689496
0.8166049999999999,0.6908089999999999
0.81768,0.691684
0.818754,0.693434
0.8198289999999999,0.694309
0.8209029999999999,0.696496
0.821978,0.6978089999999999
0.823052,0.699121
0.8241259999999999,0.700871
0.825201,0.702621
0.826275,0.7043710000000001
0.8273499999999999,0.706121
0.8284239999999999,0.707871
0.829499,0.710059
0.830573,0.7118089999999999
0.8316479999999999,0.714434
0.832722,0.716621
0.833797,0.719246
0.8348709999999999,0.720996
0.835946,0.724059
0.83702,0.726684
0.8380949999999999,0.729309
0.8391689999999999,0.732371
0.840244,0.7354339999999999
0.841318,0.738059
0.842393,0.741559
0.843467,0.745059
0.844542,0.748559
0.8456159999999999,0.752059
0.846691,0.7559959999999999
0.847765,0.759934
0.8488399999999999,0.764309
0.849914,0.768246
0.850988,0.772621
0.852063,0.777434
0.8531369999999999,0.781809
0.854212,0.787059
0.855286,0.792308
0.8563609999999999,0.797558
0.857435,0.803246
0.85851,0.8089329999999999
0.859584,0.815058
0.860659,0.821183
0.861733,0.827746
0.8628079999999999,0.834308
0.8638819999999999,0.8413080000000001
0.864957,0.848308
0.866031,0.855746
0.8671059999999999,0.8636210000000001
0.86818,0.871058
0.869255,0.8789330000000001
0.8703289999999999,0.8881209999999999
0.871404,0.895996
0.872478,0.90562
0.8735529999999999,0.91437
0.8746269999999999,0.9239949999999999
0.875702,0.9340579999999999
0.876776,0.943683
0.8778499999999999,0.9541830000000001
0.878925,0.96512
0.879999,0.976058
0.8810739999999999,0.9869949999999998
0.8821479999999999,0.9988080000000001
0.883223,1.011495
0.884297,1.023745
0.8853719999999999,1.036432
0.886446,1.0495569999999999
0.887521,1.0631199999999998
0.8885949999999999,1.076682
0.88967,1.0911199999999999
0.890744,1.1059949999999998
0.8918189999999999,1.1204319999999999
0.8928929999999999,1.1357439999999999
0.893968,1.151932
0.895042,1.1676819999999999
0.8961169999999999,1.184744
0.897191,1.201807
0.898266,1.218432
0.8993399999999999,1.237244
0.900415,1.254744
0.901489,1.2735560000000001
0.9025639999999999,1.2923689999999999
0.9036379999999999,1.312056
0.904713,1.331744
0.905787,1.352306
0.9068609999999999,1.373306
0.907936,1.3947429999999998
0.90901,1.416618
0.9100849999999999,1.438931
0.9111589999999999,1.46168
0.912234,1.4848679999999999
0.913308,1.508493
0.914383,1.532993
0.915457,1.5570549999999999
0.916532,1.5819929999999998
0.9176059999999999,1.58068
0.918681,1.5658050000000001
0.919755,1.55968
0.9208299999999999,1.553993
0.921904,1.549618
0.922979,1.546555
0.924053,1.5421799999999999
0.925128,1.53868
0.926202,1.535618
0.9272769999999999,1.53168
0.9283509999999999,1.528618
0.929426,1.5255549999999998
0.9305,1.52118
0.9315749999999999,1.5185549999999999
0.932649,1.515493
0.933724,1.511118
0.9347979999999999,1.50893
0.9358719999999999,1.50543
0.936947,1.501493
0.938021,1.4993049999999999
0.9390959999999999,1.49493
0.94017,1.491868
0.941245,1.48968
0.9423189999999999,1.4853049999999999
0.943394,1.483118
0.944468,1.48093
0.9455429999999999,1.476555
0.9466169999999999,1.474368
0.947692,1.471743
0.948766,1.4678049999999998
0.9498409999999999,1.466055
0.950915,1.462993
0.95199,1.459493
0.9530639999999999,1.457743
0.954139,1.454243
0.955213,1.451618
0.9562879999999999,1.4498680000000002
0.9573619999999999,1.445931
0.958437,1.443743
0.959511,1.442431
0.9605859999999999,1.4384929999999998
0.96166,1.436743
0.962735,1.434556
0.9638089999999999,1.431056
0.9648829999999999,1.429743
0.965958,1.4266809999999999
0.967032,1.424056
0.9681069999999999,1.422743
0.969181,1.419681
0.970256,1.417493
0.9713299999999999,1.416181
0.972405,1.4126809999999999
0.973479,1.410931
0.9745539999999999,1.4087429999999999
0.9756279999999999,1.405681
0.976703,1.404368
0.977777,1.402181
0.9788519999999999,1.3991179999999999
0.979926,1.398243
0.9810009999999999,1.3956179999999998
0.9820749999999999,1.3929930000000001
0.98315,1.3925560000000001
0.984224,1.389493
0.9852989999999999,1.387306
0.9863729999999999,1.385993
0.987448,1.383368
0.9885219999999999,1.3816179999999998
0.989597,1.3803059999999998
0.990671,1.377243
0.991745,1.376368
0.9928199999999999,1.3746180000000001
0.9938939999999999,1.371556
0.994969,1.370681
0.9960429999999999,1.368493
0.997118,1.3663059999999998
0.998192,1.3654309999999998
0.9992669999999999,1.363243
1.000341,1.361056
1.0014159999999999,1.360181
1.0024899999999999,1.357556
1.003565,1.3562429999999999
1.004639,1.3549309999999999
1.005714,1.352306
1.006788,1.3514309999999998
1.007863,1.3501180000000002
1.008937,1.347056
1.010012,1.346618
1.011086,1.344869
1.0121609999999999,1.342681
1.0132349999999999,1.341806
1.01431,1.339619
1.015384,1.337869
1.016459,1.3374309999999998
1.017533,1.3348060000000002
1.018608,1.3334940000000002
1.019682,1.333056
1.020756,1.330431
1.021831,1.329119
1.022905,1.328244
1.02398,1.3256189999999999
1.025054,1.325181
1.0261289999999998,1.3234309999999998
1.0272029999999999,1.3216809999999999
1.028278,1.3212439999999999
1.029352,1.319056
1.030427,1.317306
1.031501,1.317306
1.032576,1.314681
1.03365,1.313369
1.034725,1.312931
1.035799,1.310306
1.0368739999999999,1.309431
1.0379479999999999,1.308994
1.039023,1.306369
1.040097,1.3059310000000002
1.041172,1.305056
1.042246,1.302869
1.043321,1.3024310000000001
1.044395,1.300681
1.04547,1.298931
1.046544,1.298931
1.047618,1.296744
1.0486929999999999,1.295431
1.049767,1.294994
1.050842,1.292806
1.0519159999999999,1.291931
1.052991,1.291494
1.054065,1.289306
1.05514,1.289306
1.056214,1.287994
1.057289,1.285806
1.058363,1.285369
1.0594379999999999,1.284494
1.060512,1.282306
1.061587,1.2827439999999999
1.0626609999999999,1.2805559999999998
1.063736,1.2796809999999998
1.06481,1.2792439999999998
1.065885,1.277056
1.066959,1.276181
1.068034,1.275744
1.069108,1.2735560000000001
1.0701829999999999,1.2735560000000001
1.071257,1.272681
1.0723319999999998,1.270494
1.0734059999999999,1.270494
1.074481,1.269181
1.075555,1.267431
1.076629,1.267869
1.077704,1.2656809999999998
1.078778,1.2648059999999999
1.079853,1.2652439999999998
1.080927,1.263056
1.082002,1.262181
1.083076,1.262181
1.0841509999999999,1.2595560000000001
1.0852249999999999,1.2595560000000001
1.0863,1.258681
1.0873739999999998,1.256931
1.088449,1.256931
1.089523,1.255619
1.090598,1.253869
1.091672,1.253869
1.092747,1.252556
1.093821,1.251244
1.0948959999999999,1.251244
1.0959699999999999,1.2494939999999999
1.097045,1.249056
1.0981189999999998,1.248619
1.099194,1.246869
1.100268,1.246869
1.101343,1.245994
1.102417,1.2442440000000001
1.103492,1.2442440000000001
1.104566,1.243369
1.1056409999999999,1.242057
1.106715,1.242057
1.107789,1.240744
1.1088639999999998,1.239431
1.1099379999999999,1.2398689999999999
1.111013,1.238119
1.112087,1.237244
1.113162,1.237244
1.114236,1.2354939999999999
1.115311,1.235056
1.116385,1.234619
1.11746,1.232869
1.118534,1.232869
1.1196089999999999,1.232432
1.1206829999999999,1.230682
1.121758,1.231119
1.122832,1.229369
1.123907,1.228494
1.124981,1.228494
1.126056,1.227182
1.12713,1.226744
1.128205,1.226744
1.129279,1.224557
1.1303539999999999,1.224557
1.1314279999999999,1.224119
1.132503,1.2223689999999998
1.133577,1.222807
1.134652,1.2223689999999998
1.135726,1.220619
1.1368,1.2210569999999998
1.137875,1.219307
1.138949,1.218432
1.140024,1.218869
1.141098,1.217119
1.1421729999999999,1.216682
1.143247,1.216682
1.1443219999999998,1.2149320000000001
1.1453959999999999,1.2149320000000001
1.146471,1.214494
1.147545,1.212744
1.14862,1.212744
1.149694,1.212744
1.150769,1.210994
1.151843,1.210994
1.1529179999999999,1.210119
1.153992,1.208807
1.1550669999999998,1.209682
1.1561409999999999,1.207932
1.157216,1.2074939999999998
1.15829,1.2074939999999998
1.159365,1.205744
1.160439,1.205744
1.161514,1.205744
1.162588,1.2035569999999998
1.163663,1.203994
1.164737,1.2035569999999998
1.165811,1.202244
1.1668859999999999,1.202244
1.1679599999999999,1.2013690000000001
1.169035,1.200057
1.1701089999999998,1.200932
1.171184,1.199619
1.172258,1.198744
1.173333,1.199182
1.174407,1.197432
1.175482,1.197432
1.176556,1.196994
1.1776309999999999,1.196119
1.178705,1.196119
1.17978,1.195244
1.1808539999999998,1.193932
1.181929,1.194369
1.183003,1.193057
1.184078,1.1921819999999999
1.185152,1.193057
1.186227,1.191307
1.187301,1.190869
1.1883759999999999,1.190869
1.18945,1.189557
1.190525,1.189119
1.1915989999999999,1.189119
1.1926729999999999,1.187807
1.193748,1.187807
1.194822,1.187807
1.195897,1.186494
1.196971,1.186494
1.198046,1.1860570000000001
1.19912,1.184744
1.200195,1.184744
1.201269,1.183869
1.2023439999999999,1.183432
1.2034179999999999,1.183432
1.204493,1.182119
1.205567,1.182119
1.206642,1.181682
1.207716,1.180369
1.208791,1.180369
1.209865,1.180369
1.21094,1.179057
1.212014,1.179494
1.2130889999999999,1.1786189999999999
1.2141629999999999,1.177744
1.215238,1.177744
1.2163119999999998,1.176869
1.217387,1.175994
1.218461,1.176869
1.219535,1.175119
1.22061,1.1746819999999998
1.221684,1.175119
1.222759,1.173807
1.223833,1.173807
1.2249079999999999,1.173369
1.225982,1.1720570000000001
1.2270569999999998,1.1724940000000001
1.2281309999999999,1.171619
1.229206,1.170744
1.23028,1.171182
1.231355,1.169869
1.232429,1.169432
1.233504,1.169869
1.234578,1.168557
1.235653,1.168119
1.236727,1.168557
1.2378019999999998,1.166807
1.2388759999999999,1.167244
1.239951,1.166807
1.241025,1.165494
1.2421,1.165932
1.243174,1.165057
1.244249,1.1641819999999998
1.245323,1.1646189999999998
1.246397,1.1633069999999999
1.247472,1.1633069999999999
1.248546,1.1633069999999999
1.2496209999999999,1.161994
1.250695,1.161557
1.25177,1.161994
1.2528439999999998,1.160682
1.253919,1.160682
1.254993,1.160682
1.256068,1.159369
1.257142,1.1598069999999998
1.258217,1.158932
1.259291,1.1580570000000001
1.2603659999999999,1.158932
1.26144,1.157619
1.262515,1.156744
1.2635889999999999,1.1571820000000002
1.264664,1.155869
1.265738,1.155869
1.266813,1.156307
1.267887,1.154557
1.268962,1.154994
1.270036,1.154994
1.2711109999999999,1.153244
1.272185,1.153682
1.273259,1.153244
1.2743339999999999,1.151932
1.2754079999999999,1.152807
1.276483,1.151932
1.2775569999999998,1.151057
1.278632,1.151932
1.279706,1.150182
1.280781,1.150182
1.281855,1.1506189999999998
1.28293,1.1493069999999999
1.284004,1.148869
1.2850789999999999,1.1493069999999999
1.2861529999999999,1.147557
1.287228,1.147994
1.2883019999999998,1.147557
1.289377,1.146682
1.290451,1.1471189999999998
1.291526,1.1462439999999998
1.2926,1.145369
1.293675,1.1462439999999998
1.294749,1.144932
1.2958239999999999,1.1444940000000001
1.2968979999999999,1.144932
1.297973,1.143619
1.2990469999999998,1.143619
1.300122,1.143619
1.301196,1.142307
1.30227,1.142744
1.303345,1.142744
1.304419,1.140994
1.305494,1.141869
1.306568,1.140557
1.3076429999999999,1.139682
1.308717,1.140994
1.3097919999999998,1.139682
1.3108659999999999,1.138807
1.311941,1.139682
1.313015,1.138369
1.31409,1.138369
1.315164,1.138369
1.316239,1.137057
1.317313,1.137057
1.318388,1.137057
1.319462,1.136182
1.3205369999999998,1.136619
1.3216109999999999,1.136182
1.322686,1.13487
1.32376,1.1357439999999999
1.324835,1.1344319999999999
1.325909,1.133994
1.326984,1.1344319999999999
1.328058,1.133557
1.329133,1.133119
1.330207,1.133557
1.331281,1.1318069999999998
1.3323559999999999,1.1322439999999998
1.33343,1.1322439999999998
1.3345049999999998,1.1309319999999998
1.3355789999999998,1.1318069999999998
1.336654,1.1309319999999998
1.337728,1.130057
1.338803,1.1304949999999998
1.339877,1.1296190000000002
1.340952,1.1291820000000001
1.342026,1.1296190000000002
1.3431009999999999,1.128307
1.344175,1.128307
1.3452499999999998,1.128307
1.3463239999999999,1.126995
1.347399,1.127432
1.348473,1.127432
1.349548,1.126557
1.350622,1.126995
1.351697,1.126119
1.352771,1.125245
1.3538459999999999,1.126119
1.35492,1.124807
1.3559949999999998,1.12437
1.3570689999999999,1.125245
1.358144,1.123932
1.359218,1.123932
1.360293,1.123932
1.361367,1.12262
1.362441,1.123057
1.363516,1.123057
1.36459,1.121307
1.365665,1.1217439999999999
1.366739,1.1217439999999999
1.3678139999999999,1.1204319999999999
1.3688879999999999,1.121307
1.369963,1.1204319999999999
1.3710369999999998,1.1199949999999999
1.372112,1.1204319999999999
1.373186,1.119557
1.374261,1.11912
1.375335,1.119557
1.37641,1.118245
1.377484,1.118245
1.3785589999999999,1.118245
1.3796329999999999,1.1169319999999998
1.380708,1.11737
1.3817819999999998,1.1169319999999998
1.382857,1.116057
1.383931,1.1169319999999998
1.385006,1.1156199999999998
1.38608,1.1151820000000001
1.387155,1.1156199999999998
1.388229,1.114745
1.3893039999999999,1.114745
1.390378,1.114745
1.3914529999999998,1.1138700000000001
1.3925269999999998,1.1138700000000001
1.3936009999999999,1.1138700000000001
1.394676,1.112557
1.39575,1.112995
1.396825,1.112995
1.397899,1.111682
1.398974,1.112557
1.400048,1.111682
1.401123,1.110807
1.402197,1.111682
1.4032719999999999,1.11037
1.4043459999999999,1.11037
1.405421,1.110807
1.4064949999999998,1.109057
1.40757,1.109495
1.408644,1.109495
1.409719,1.108182
1.410793,1.10862
1.411868,1.10862
1.412942,1.107745
1.4140169999999999,1.108182
1.4150909999999999,1.107307
1.416166,1.10687
1.4172399999999998,1.107745
1.418315,1.1064319999999999
1.419389,1.1059949999999998
1.420463,1.10687
1.421538,1.105557
1.422612,1.1051199999999999
1.423687,1.105557
1.424761,1.104245
1.4258359999999999,1.104682
1.42691,1.104682
1.4279849999999998,1.10337
1.4290589999999999,1.103807
1.430134,1.10337
1.431208,1.102495
1.432283,1.10337
1.433357,1.1020569999999998
1.434432,1.1016199999999998
1.435506,1.1029319999999998
1.4365809999999999,1.1016199999999998
1.437655,1.101182
1.4387299999999998,1.1016199999999998
1.4398039999999999,1.100745
1.440879,1.1003070000000001
1.441953,1.1003070000000001
1.443028,1.098995
1.444102,1.1003070000000001
1.445177,1.099432
1.446251,1.098557
1.447325,1.0998700000000001
1.4484,1.098557
1.449474,1.09812
1.4505489999999999,1.098557
1.4516229999999999,1.097245
1.452698,1.097245
1.4537719999999998,1.097682
1.454847,1.09637
1.455921,1.096807
1.456996,1.096807
1.45807,1.095495
1.459145,1.095932
1.460219,1.095495
1.4612939999999999,1.09462
1.462368,1.095495
1.4634429999999998,1.09462
1.4645169999999998,1.094182
1.465592,1.09462
1.466666,1.093307
1.467741,1.093307
1.468815,1.093745
1.46989,1.0924319999999998
1.470964,1.09287
1.4720389999999999,1.09287
1.473113,1.0915569999999999
1.474187,1.091995
1.4752619999999999,1.091995
1.4763359999999999,1.090682
1.477411,1.0915569999999999
1.4784849999999998,1.090682
1.47956,1.090245
1.480634,1.0911199999999999
1.481709,1.089807
1.482783,1.08937
1.483858,1.090245
1.484932,1.0889319999999998
1.4860069999999999,1.08937
1.4870809999999999,1.0889319999999998
1.488156,1.0880569999999998
1.4892299999999998,1.088495
1.490305,1.088495
1.491379,1.087182
1.492454,1.0880569999999998
1.493528,1.087182
1.494603,1.0863070000000001
1.495677,1.087182
1.4967519999999999,1.0858700000000001
1.4978259999999999,1.0863070000000001
1.498901,1.0863070000000001
1.4999749999999998,1.085432
1.498901,1.085432
1.4978259999999999,1.085432
1.4967519999999999,1.084557
1.495677,1.0849950000000002
1.494603,1.084557
1.493528,1.083245
1.492454,1.084557
1.491379,1.083682
1.490305,1.083245
1.4892299999999998,1.083682
1.488156,1.08237
1.4870809999999999,1.08237
1.4860069999999999,1.082807
1.484932,1.081495
1.483858,1.081495
1.482783,1.081932
1.481709,1.08062
1.480634,1.081057
1.47956,1.081057
1.4784849999999998,1.08062
1.477411,1.081057
1.4763359999999999,1.080182
1.4752619999999999,1.079307
1.474187,1.080182
1.473113,1.079307
1.4720389999999999,1.07887
1.470964,1.079745
1.46989,1.078432
1.468815,1.078432
1.467741,1.07887
1.466666,1.0775569999999999
1.465592,1.077995
1.4645169999999998,1.077995
1.4634429999999998,1.076682
1.462368,1.0775569999999999
1.4612939999999999,1.076682
1.460219,1.075807
1.459145,1.0771199999999999
1.45807,1.075807
1.456996,1.07537
1.455921,1.075807
1.454847,1.074932
1.4537719999999998,1.074932
1.452698,1.07537
1.4516229999999999,1.0740569999999998
1.4505489999999999,1.074495
1.449474,1.074495
1.4484,1.0736199999999998
1.447325,1.0740569999999998
1.446251,1.0731819999999999
1.445177,1.0723070000000001
1.444102,1.0736199999999998
1.443028,1.0723070000000001
1.441953,1.07187
1.440879,1.0727449999999998
1.4398039999999999,1.07187
1.4387299999999998,1.0714320000000002
1.437655,1.07187
1.4365809999999999,1.070557
1.435506,1.0709950000000001
1.434432,1.0709950000000001
1.433357,1.07012
1.432283,1.070557
1.431208,1.070557
1.430134,1.069245
1.4290589999999999,1.070557
1.4279849999999998,1.069245
1.42691,1.068807
1.4258359999999999,1.069682
1.424761,1.06837
1.423687,1.06837
1.422612,1.068807
1.421538,1.067495
1.420463,1.067932
1.419389,1.067932
1.418315,1.067057
1.4172399999999998,1.067495
1.416166,1.067057
1.4150909999999999,1.066182
1.4140169999999999,1.067057
1.412942,1.066182
1.411868,1.065745
1.410793,1.066182
1.409719,1.06487
1.408644,1.06487
1.40757,1.065307
1.4064949999999998,1.064432
1.405421,1.064432
1.4043459999999999,1.06487
1.4032719999999999,1.0635569999999999
1.402197,1.063995
1.401123,1.063995
1.400048,1.0631199999999998
1.398974,1.063995
1.397899,1.0631199999999998
1.396825,1.0622449999999999
1.39575,1.0631199999999998
1.394676,1.0622449999999999
1.3936009999999999,1.0622449999999999
1.3925269999999998,1.062682
1.3914529999999998,1.06137
1.390378,1.06137
1.3893039999999999,1.061807
1.388229,1.060495
1.387155,1.06137
1.38608,1.060932
1.385006,1.0600569999999998
1.383931,1.060932
1.382857,1.0600569999999998
1.3817819999999998,1.0591819999999998
1.380708,1.0600569999999998
1.3796329999999999,1.0587449999999998
1.3785589999999999,1.0587449999999998
1.377484,1.05962
1.37641,1.058307
1.375335,1.0587449999999998
1.374261,1.0587449999999998
1.373186,1.0574320000000001
1.372112,1.058307
1.3710369999999998,1.0578699999999999
1.369963,1.0569950000000001
1.3688879999999999,1.0578699999999999
1.3678139999999999,1.0569950000000001
1.366739,1.0561200000000002
1.365665,1.0574320000000001
1.36459,1.0561200000000002
1.363516,1.055682
1.362441,1.056557
1.361367,1.055245
1.360293,1.055682
1.359218,1.055682
1.358144,1.05437
1.3570689999999999,1.055245
1.3559949999999998,1.054807
1.35492,1.053932
1.3538459999999999,1.05437
1.352771,1.05437
1.351697,1.053495
1.350622,1.05437
1.349548,1.053057
1.348473,1.053057
1.347399,1.053495
1.3463239999999999,1.052182
1.3452499999999998,1.0526200000000001
1.344175,1.053057
1.3431009999999999,1.051745
1.342026,1.052182
1.340952,1.051745
1.339877,1.051307
1.338803,1.051745
1.337728,1.05087
1.336654,1.050432
1.3355789999999998,1.051307
1.3345049999999998,1.050432
1.33343,1.0495569999999999
1.3323559999999999,1.050432
1.331281,1.0495569999999999
1.330207,1.0495569999999999
1.329133,1.0495569999999999
1.328058,1.048682
1.326984,1.04912
1.325909,1.04912
1.324835,1.0482449999999999
1.32376,1.04912
1.322686,1.0482449999999999
1.3216109999999999,1.047807
1.3205369999999998,1.048682
1.319462,1.047807
1.318388,1.04737
1.317313,1.0482449999999999
1.316239,1.046932
1.315164,1.046932
1.31409,1.04737
1.313015,1.04562
1.311941,1.046495
1.3108659999999999,1.046495
1.3097919999999998,1.0451819999999998
1.308717,1.0460569999999998
1.3076429999999999,1.04562
1.306568,1.0447449999999998
1.305494,1.04562
1.304419,1.0447449999999998
1.303345,1.0447449999999998
1.30227,1.0451819999999998
1.301196,1.0438699999999999
1.300122,1.0438699999999999
1.2990469999999998,1.0447449999999998
1.297973,1.0429950000000001
1.2968979999999999,1.0438699999999999
1.2958239999999999,1.0438699999999999
1.294749,1.042557
1.293675,1.0429950000000001
1.2926,1.0429950000000001
1.291526,1.0421200000000002
1.290451,1.0429950000000001
1.289377,1.0421200000000002
1.2883019999999998,1.041682
1.287228,1.0421200000000002
1.2861529999999999,1.041245
1.2850789999999999,1.041245
1.284004,1.041682
1.28293,1.040807
1.281855,1.040807
1.280781,1.040807
1.279706,1.039932
1.278632,1.04037
1.2775569999999998,1.04037
1.276483,1.039495
1.2754079999999999,1.04037
1.2743339999999999,1.039495
1.273259,1.03862
1.272185,1.039495
1.2711109999999999,1.03862
1.270036,1.03862
1.268962,1.0390570000000001
1.267887,1.037745
1.266813,1.038182
1.265738,1.03862
1.264664,1.037307
1.2635889999999999,1.037745
1.262515,1.037307
1.26144,1.03687
1.2603659999999999,1.037745
1.259291,1.03687
1.258217,1.036432
1.257142,1.037307
1.256068,1.035995
1.254993,1.035557
1.253919,1.036432
1.2528439999999998,1.03512
1.25177,1.035557
1.250695,1.035557
1.2496209999999999,1.0346819999999999
1.248546,1.035557
1.247472,1.03512
1.246397,1.0342449999999999
1.245323,1.0346819999999999
1.244249,1.0346819999999999
1.243174,1.033807
1.2421,1.0346819999999999
1.241025,1.03337
1.239951,1.03337
1.2388759999999999,1.0342449999999999
1.2378019999999998,1.032932
1.236727,1.032932
1.235653,1.03337
1.234578,1.032057
1.233504,1.032932
1.232429,1.032495
1.231355,1.03162
1.23028,1.032495
1.229206,1.032057
1.2281309999999999,1.0311819999999998
1.2270569999999998,1.032057
1.225982,1.0311819999999998
1.2249079999999999,1.0307449999999998
1.223833,1.0311819999999998
1.222759,1.0303069999999999
1.221684,1.0303069999999999
1.22061,1.0307449999999998
1.219535,1.0298699999999998
1.218461,1.0303069999999999
1.217387,1.0298699999999998
1.2163119999999998,1.0289949999999999
1.215238,1.0298699999999998
1.2141629999999999,1.0289949999999999
1.2130889999999999,1.0285570000000002
1.212014,1.0294320000000001
1.21094,1.0289949999999999
1.209865,1.0281200000000001
1.208791,1.0289949999999999
1.207716,1.027682
1.206642,1.027682
1.205567,1.0285570000000002
1.204493,1.027245
1.2034179999999999,1.027682
1.2023439999999999,1.027682
1.201269,1.02637
1.200195,1.027245
1.19912,1.026807
1.198046,1.025932
1.196971,1.027245
1.195897,1.025932
1.194822,1.025495
1.193748,1.02637
1.1926729999999999,1.025495
1.1915989999999999,1.025495
1.190525,1.025932
1.18945,1.02462
1.1883759999999999,1.025057
1.187301,1.025495
1.186227,1.024182
1.185152,1.025057
1.184078,1.02462
1.183003,1.024182
1.181929,1.02462
1.1808539999999998,1.023745
1.17978,1.023307
1.178705,1.024182
1.1776309999999999,1.02287
1.176556,1.02287
1.175482,1.023307
1.174407,1.022432
1.173333,1.022432
1.172258,1.022432
1.171184,1.021557
1.1701089999999998,1.022432
1.169035,1.021995
1.1679599999999999,1.02112
1.1668859999999999,1.021995
1.165811,1.02112
1.164737,1.02112
1.163663,1.021557
1.162588,1.0206819999999999
1.161514,1.0206819999999999
1.160439,1.02112
1.159365,1.019808
1.15829,1.020245
1.157216,1.0206819999999999
1.1561409999999999,1.0193699999999999
1.1550669999999998,1.020245
1.153992,1.019808
1.1529179999999999,1.018932
1.151843,1.019808
1.150769,1.018495
1.149694,1.018495
1.14862,1.0193699999999999
1.147545,1.018057
1.146471,1.018495
1.1453959999999999,1.018932
1.1443219999999998,1.01762
1.143247,1.018057
1.1421729999999999,1.018057
1.141098,1.0171819999999998
1.140024,1.01762
1.138949,1.01762
1.137875,1.016745
1.1368,1.0171819999999998
1.135726,1.016745
1.134652,1.0163069999999998
1.133577,1.0171819999999998
1.132503,1.0163069999999998
1.1314279999999999,1.0158699999999998
1.1303539999999999,1.0163069999999998
1.129279,1.015432
1.128205,1.015432
1.12713,1.0158699999999998
1.126056,1.0145570000000002
1.124981,1.015432
1.123907,1.0149949999999999
1.122832,1.0141200000000001
1.121758,1.0149949999999999
1.1206829999999999,1.0145570000000002
1.1196089999999999,1.0141200000000001
1.118534,1.0149949999999999
1.11746,1.013683
1.116385,1.013683
1.115311,1.0145570000000002
1.114236,1.0132450000000002
1.113162,1.0132450000000002
1.112087,1.013683
1.111013,1.01237
1.1099379999999999,1.012807
1.1088639999999998,1.012807
1.107789,1.011933
1.106715,1.012807
1.1056409999999999,1.01237
1.104566,1.011495
1.103492,1.01237
1.102417,1.011495
1.101343,1.011057
1.100268,1.011933
1.099194,1.011057
1.0981189999999998,1.011057
1.097045,1.011495
1.0959699999999999,1.010182
1.0948959999999999,1.01062
1.093821,1.01062
1.092747,1.0097450000000001
1.091672,1.01062
1.090598,1.010182
1.089523,1.009308
1.088449,1.010182
1.0873739999999998,1.009308
1.0863,1.00887
1.0852249999999999,1.0097450000000001
1.0841509999999999,1.00887
1.083076,1.008432
1.082002,1.009308
1.080927,1.007995
1.079853,1.008432
1.078778,1.008432
1.077704,1.007558
1.076629,1.007995
1.075555,1.007995
1.074481,1.00712
1.0734059999999999,1.007995
1.0723319999999998,1.00712
1.071257,1.0066819999999999
1.0701829999999999,1.007558
1.069108,1.006245
1.068034,1.006245
1.066959,1.00712
1.065885,1.005808
1.06481,1.006245
1.063736,1.0066819999999999
1.0626609999999999,1.005808
1.061587,1.006245
1.060512,1.0053699999999999
1.0594379999999999,1.004932
1.058363,1.005808
1.057289,1.004932
1.056214,1.004495
1.05514,1.004932
1.054065,1.004058
1.052991,1.004058
1.0519159999999999,1.004495
1.050842,1.00362
1.049767,1.004058
1.0486929999999999,1.004058
1.047618,1.003183
1.046544,1.00362
1.04547,1.003183
1.044395,1.002745
1.043321,1.003183
1.042246,1.002745
1.041172,1.002308
1.040097,1.003183
1.039023,1.002308
1.0379479999999999,1.0018699999999998
1.0368739999999999,1.002308
1.035799,1.001433
1.034725,1.0018699999999998
1.03365,1.0018699999999998
1.032576,1.0009949999999999
1.031501,1.0018699999999998
1.030427,1.001433
1.029352,1.0005570000000001
1.028278,1.001433
1.0272029999999999,1.0009949999999999
1.0261289999999998,1.00012
1.025054,1.0009949999999999
1.02398,1.00012
1.022905,0.9996829999999999
1.021831,1.0005570000000001
1.020756,0.999245
1.019682,0.9996829999999999
1.018608,1.00012
1.017533,0.9988080000000001
1.016459,0.999245
1.015384,0.999245
1.01431,0.9983700000000001
1.0132349999999999,0.999245
1.0121609999999999,0.9988080000000001
1.011086,0.9979330000000001
1.010012,0.9988080000000001
1.008937,0.9979330000000001
1.007863,0.9979330000000001
1.006788,0.9983700000000001
1.005714,0.997495
1.004639,0.997495
1.003565,0.9979330000000001
1.0024899999999999,0.9966200000000001
1.0014159999999999,0.9970580000000001
1.000341,0.9970580000000001
0.9992669999999999,0.996183
0.998192,0.9970580000000001
0.997118,0.9966200000000001
0.9960429999999999,0.996183
0.994969,0.9966200000000001
0.9938939999999999,0.995745
0.9928199999999999,0.995745
0.991745,0.996183
0.990671,0.9953080000000001
0.989597,0.995745
0.9885219999999999,0.995745
0.987448,0.99487
0.9863729999999999,0.99487
0.9852989999999999,0.9953080000000001
0.984224,0.994433
0.98315,0.99487
0.9820749999999999,0.99487
0.9810009999999999,0.994433
0.979926,0.99487
0.9788519999999999,0.993995
0.977777,0.993558
0.976703,0.994433
0.9756279999999999,0.99312
0.9745539999999999,0.993558
0.973479,0.993995
0.972405,0.992683
0.9713299999999999,0.993558
0.970256,0.99312
0.969181,0.9922449999999999
0.9681069999999999,0.99312
0.967032,0.992683
0.965958,0.991808
0.9648829999999999,0.992683
0.9638089999999999,0.991808
0.962735,0.991808
0.96166,0.9922449999999999
0.9605859999999999,0.99137
0.959511,0.99137
0.958437,0.991808
0.9573619999999999,0.990933
0.9562879999999999,0.99137
0.955213,0.99137
0.954139,0.990058
0.9530639999999999,0.990933
0.95199,0.990933
0.950915,0.990058
0.9498409999999999,0.990933
0.948766,0.990058
0.947692,0.9896199999999999
0.9466169999999999,0.9904949999999999
0.9455429999999999,0.9891829999999999
0.944468,0.9891829999999999
0.943394,0.990058
0.9423189999999999,0.9887449999999999
0.941245,0.9891829999999999
0.94017,0.9891829999999999
0.9390959999999999,0.988308
0.938021,0.9887449999999999
0.936947,0.9887449999999999
0.9358719999999999,0.9878699999999999
0.9347979999999999,0.9887449999999999
0.933724,0.9878699999999999
0.932649,0.9874329999999999
0.9315749999999999,0.988308
0.9305,0.9874329999999999
0.929426,0.9869949999999998
0.9283509999999999,0.9878699999999999
0.9272769999999999,0.9869949999999998
0.926202,0.9869949999999998
0.925128,0.9874329999999999
0.924053,0.9865579999999999
0.922979,0.9869949999999998
0.921904,0.96337
0.9208299999999999,0.941058
0.919755,0.919183
0.918681,0.897308
0.9176059999999999,0.875871
0.916532,0.855308
0.915457,0.834746
0.914383,0.8146209999999999
0.913308,0.794933
0.912234,0.775684
0.9111589999999999,0.7564339999999999
0.9100849999999999,0.738496
0.90901,0.7201209999999999
0.907936,0.702184
0.9068609999999999,0.685559
0.905787,0.668059
0.904713,0.651434
0.9036379999999999,0.635247
0.9025639999999999,0.618622
0.901489,0.6037469999999999
0.900415,0.588434
0.8993399999999999,0.5731219999999999
0.898266,0.558685
0.897191,0.5442469999999999
0.8961169999999999,0.5302469999999999
0.895042,0.516685
0.893968,0.503122
0.8928929999999999,0.48956
0.8918189999999999,0.476872
0.890744,0.464622
0.88967,0.451935
0.8885949999999999,0.440123
0.887521,0.42831
0.886446,0.416935
0.8853719999999999,0.405998
0.884297,0.394623
0.883223,0.384123
0.8821479999999999,0.373185
0.8810739999999999,0.36312300000000003
0.879999,0.35306000000000004
0.878925,0.343435
0.8778499999999999,0.33381099999999997
0.876776,0.324623
0.875702,0.315873
0.8746269999999999,0.30624799999999996
0.8735529999999999,0.297936
0.872478,0.289623
0.871404,0.281311
0.8703289999999999,0.273436
0.869255,0.265561
0.86818,0.258123
0.8671059999999999,0.25068599999999996
0.866031,0.24324800000000002
0.864957,0.236686
0.8638819999999999,0.22968599999999997
0.8628079999999999,0.222249
0.861733,0.21612399999999998
0.860659,0.209999
0.859584,0.203874
0.85851,0.197749
0.857435,0.191624
0.8563609999999999,0.186374
0.855286,0.180686
0.854212,0.174999
0.8531369999999999,0.16974899999999998
0.852063,0.16537400000000002
0.850988,0.159686
0.849914,0.155311
0.8488399999999999,0.150499
0.847765,0.145686
0.846691,0.141749
0.8456159999999999,0.137374
0.844542,0.13256099999999998
0.843467,0.12906099999999998
0.842393,0.125124
0.841318,0.12162400000000001
0.840244,0.117686
0.8391689999999999,0.114186
0.8380949999999999,0.11068700000000001
0.83702,0.10718699999999999
0.835946,0.10368699999999999
0.8348709999999999,0.100624
0.833797,0.097562064
0.832722,0.09449958400000001
0.8316479999999999,0.091874592
0.830573,0.08924960000000001
0.829499,0.08640587200000001
0.8284239999999999,0.083562128
0.8273499999999999,0.08115588800000001
0.826275,0.078749648
0.825201,0.07634341600000001
0.8241259999999999,0.07393717600000001
0.823052,0.07174968000000001
0.821978,0.06956219200000001
0.8209029999999999,0.06737470400000001
0.8198289999999999,0.065624704
0.818754,0.06343722
0.81768,0.061249732
0.8166049999999999,0.059718484
0.815531,0.057749744
0.814456,0.056218500000000005
0.8133819999999999,0.054468508000000006
0.812307,0.052718516
0.811233,0.050749776
0.8101579999999999,0.049656028000000005
0.8090839999999999,0.047906036000000006
0.808009,0.046374792000000005
0.806935,0.045281048000000004
0.8058599999999999,0.043531056000000005
0.804786,0.04265606
0.803711,0.041452944000000005
0.8026369999999999,0.039812324
0.801562,0.03893732800000001
0.800488,0.03784358
0.7994129999999999,0.03664046000000001
0.7983389999999999,0.035656092
0.797264,0.03456234400000001
0.79619,0.03346860200000001
0.795115,0.032593606000000004
0.794041,0.03149986
0.792967,0.03073424
0.7918919999999999,0.029859242
0.7908179999999999,0.028874872
0.789743,0.028109250000000002
0.788669,0.027453004000000003
0.787594,0.026249884000000005
0.78652,0.025812384000000004
0.785445,0.025265512000000004
0.7843709999999999,0.024281142000000002
0.783296,0.023624896000000003
0.782222,0.022968648
0.7811469999999999,0.022312400000000003
0.780073,0.010466354
0.778998,0.015187134000000001
0.777924,0.016340728
0.776849,0.016301528000000003
0.775775,0.01588713
0.7746999999999999,0.015422332
0.7736259999999999,0.014907134000000002
0.772551,0.014391936000000001
0.771477,0.013966338000000002
0.7704019999999999,0.01347914
0.769328,0.012997542
0.768253,0.012594344
0.7671789999999999,0.012140746000000001
0.766104,0.011771148
0.76503,0.011351150000000003
0.7639549999999999,0.010942352
0.7628809999999999,0.010645553000000002
0.761807,0.010270354
0.760732,0.009861556
0.7596579999999999,0.009587158
0.758583,0.009279159
0.757509,0.00891516
0.7564339999999999,0.008635162000000002
0.7553599999999999,0.008332763000000002
0.754285,0.008019164
0.753211,0.0077391660000000004
0.7521359999999999,0.007442367000000001
0.751062,0.0071623680000000006
0.749987,0.006893569
0.7489129999999999,0.006574371000000001
0.747838,0.006383972000000001
0.746764,0.006109573
0.7456889999999999,0.0058295740000000006
0.7446149999999999,0.005639175000000001
0.74354,0.005426376000000001
0.742466,0.005146377000000001
0.7413909999999999,0.004972778000000001
0.740317,0.004765579
0.739242,0.004541580000000001
0.7381679999999999,0.00440158
0.737093,0.004166381
0.736019,0.003970382000000001
0.734945,0.0038135830000000006
0.7338699999999999,0.003639984
0.732796,0.0035111840000000005
0.731721,0.0032927850000000003
0.7306469999999999,0.0031135860000000002
0.729572,0.003035186
0.728498,0.0028503870000000002
0.7274229999999999,0.002682388
0.726349,0.002609588
0.725274,0.0024583890000000005
0.7242,0.00229599
0.723125,0.00218959
0.722051,0.002049591
0.720976,0.0019151910000000001
0.7199019999999999,0.0018031920000000001
0.718827,0.0016127920000000003
0.717753,0.001534393
0.7166779999999999,0.001377593
0.715604,0.0012263940000000002
0.714529,0.001147995
0.713455,0.000991195
0.71238,0.000834396
0.711306,0.0007783960000000001
0.710231,0.000643997
0.7091569999999999,0.000537597
0.708083,0.000436798
0.707008,0.00030799800000000003
0.705934,0.00024079800000000002
0.704859,0.00013439900000000003
0.703785,-5.5999750000000005e-06
0.70271,-2.2399902000000004e-05
0.7016359999999999,-0.000139999
0.700561,-0.00026879800000000005
0.699487,-0.00030799800000000003
0.6984119999999999,-0.000414398
0.697338,-0.000531997
0.696263,-0.000543197
0.695189,-0.0006159970000000001
0.694114,-0.000739196
0.69304,-0.0007503960000000001
0.6919649999999999,-0.0008567960000000001
0.6908909999999999,-0.0009071960000000001
0.689816,-0.0009575950000000001
0.688742,-0.001075195
0.6876669999999999,-0.001108795
0.686593,-0.001181594
0.685518,-0.0012935940000000001
0.6844439999999999,-0.0013327940000000002
0.683369,-0.0014055930000000001
0.682295,-0.0015455930000000003
0.6812199999999999,-0.0015623930000000002
0.6801459999999999,-0.001668792
0.679072,-0.0017807920000000002
0.677997,-0.001819992
0.6769229999999999,-0.0019319909999999999
0.675848,-0.0019991910000000004
0.674774,-0.0020383910000000005
0.6736989999999999,-0.0021391900000000004
0.6726249999999999,-0.0021783900000000005
0.67155,-0.00226239
0.670476,-0.002329589
0.669401,-0.002368789
0.668327,-0.002435989
0.667252,-0.002531188
0.6661779999999999,-0.002508789
0.665103,-0.0025983880000000005
0.664029,-0.0026655880000000004
0.6629539999999999,-0.0027047880000000005
0.66188,-0.002788787
0.660805,-0.002794387
0.659731,-0.0028391870000000004
0.658656,-0.0029063870000000003
0.657582,-0.0029119870000000004
0.656507,-0.0029455870000000004
0.6554329999999999,-0.0030631860000000003
0.654358,-0.003035186
0.653284,-0.0030855860000000004
0.6522089999999999,-0.0032311850000000006
0.651135,-0.0031919860000000004
0.650061,-0.0032983850000000005
0.648986,-0.0033711850000000005
0.6479119999999999,-0.003387985
0.646837,-0.0034719840000000004
0.645763,-0.0035615840000000005
0.6446879999999999,-0.0035783840000000004
0.643614,-0.0036735830000000002
0.642539,-0.003723983
0.641465,-0.003763183
0.64039,-0.0038695830000000002
0.639316,-0.0038751830000000004
0.638241,-0.003919982000000001
0.6371669999999999,-0.004059982
0.636092,-0.004009582
0.635018,-0.004099182
0.6339429999999999,-0.004183181
0.632869,-0.004183181
0.631794,-0.004244781
0.63072,-0.004311981
0.629645,-0.004306381000000001
0.628571,-0.004429580000000001
0.6274959999999999,-0.00439038
0.6264219999999999,-0.00444078
0.625347,-0.004541580000000001
0.624273,-0.00452478
0.6231979999999999,-0.004569580000000001
0.622124,-0.004653579000000001
0.62105,-0.004625579
0.6199749999999999,-0.0046703790000000005
0.6189009999999999,-0.004759979
0.617826,-0.004771179
0.616752,-0.004866378
0.6156769999999999,-0.004922378000000001
0.614603,-0.004950378
0.613528,-0.005079177000000001
0.6124539999999999,-0.005073577
0.611379,-0.005157577000000001
0.610305,-0.005252777
0.6092299999999999,-0.005275177000000001
0.6081559999999999,-0.005325576
0.607081,-0.005487976
0.606007,-0.005443176
0.604932,-0.0055271750000000005
0.603858,-0.005599975000000001
0.602783,-0.005599975000000001
0.6017089999999999,-0.005678375
0.600634,-0.005790374
0.59956,-0.005784774
0.5984849999999999,-0.005885574
0.597411,-0.005935974
0.596336,-0.005952774
0.595262,-0.006075973000000001
0.5941879999999999,-0.006081573000000001
0.593113,-0.006115173
0.592039,-0.0061935720000000005
0.5909639999999999,-0.0062103720000000005
0.58989,-0.006283172
0.588815,-0.006378372
0.587741,-0.0063391720000000006
0.586666,-0.006411972000000001
0.585592,-0.006490371000000001
0.584517,-0.006473571
0.5834429999999999,-0.006624771000000001
0.582368,-0.00667517
0.581294,-0.006697570000000001
0.5802189999999999,-0.00680397
0.579145,-0.0068655700000000005
0.57807,-0.006943969000000001
0.576996,-0.007067169000000001
0.575921,-0.007089569000000001
0.574847,-0.007139968
0.573772,-0.007257568000000001
0.5726979999999999,-0.007274368
0.571623,-0.007380767
0.570549,-0.0074815670000000015
0.5694739999999999,-0.007475967000000001
0.5684,-0.007627166000000001
0.567326,-0.0076551660000000014
0.566251,-0.007694366
0.5651769999999999,-0.007778366000000001
0.564102,-0.007828765000000001
0.563028,-0.007862365
0.5619529999999999,-0.008013563999999999
0.560879,-0.008024764
0.559804,-0.008097564000000002
0.55873,-0.008198364
0.557655,-0.008187164
0.556581,-0.008282363000000001
0.5555059999999999,-0.008405563000000001
0.5544319999999999,-0.008383163
0.553357,-0.008461562
0.552283,-0.008539963000000001
0.5512079999999999,-0.008551163
0.550134,-0.008651962000000001
0.549059,-0.008724762
0.5479849999999999,-0.008775161
0.54691,-0.00889276
0.545836,-0.00894316
0.5447609999999999,-0.009027161
0.5436869999999999,-0.009150360000000001
0.542612,-0.009206359
0.541538,-0.009335158999999999
0.540463,-0.009441559
0.539389,-0.009463959000000001
0.538314,-0.009603958000000001
0.5372399999999999,-0.009710357000000001
0.5361659999999999,-0.009721557
0.535091,-0.009850356000000001
0.534017,-0.009951156000000001
0.532942,-0.009990356
0.531868,-0.010147155000000001
0.530793,-0.010169555000000002
0.5297189999999999,-0.010247955000000001
0.528644,-0.010371155
0.52757,-0.010399154
0.5264949999999999,-0.010505554
0.525421,-0.010651153000000002
0.524346,-0.010667953
0.523272,-0.010796753000000001
0.522197,-0.010863952
0.521123,-0.010903152000000001
0.520048,-0.011048751
0.5189739999999999,-0.011104751000000001
0.517899,-0.011160751000000002
0.516825,-0.011351150000000003
0.5157499999999999,-0.011328750000000002
0.514676,-0.011479949000000001
0.513601,-0.011636748
0.512527,-0.011675948000000002
0.511452,-0.011793548000000001
0.510378,-0.011978347000000002
0.509304,-0.012034347
0.5082289999999999,-0.012151946000000002
0.507155,-0.012308746
0.50608,-0.012392745
0.505006,-0.012521545000000002
0.503931,-0.012644745
0.502857,-0.012723144
0.501782,-0.012902343
0.5007079999999999,-0.012975143000000001
0.499633,-0.013103943000000002
0.498559,-0.013299941000000001
0.497484,-0.013322341000000001
0.49640999999999996,-0.013484740000000002
0.49533499999999997,-0.013658340000000001
0.49426099999999995,-0.013658340000000001
0.49318599999999996,-0.013837539000000001
0.492112,-0.013999939000000001
0.491037,-0.014083938
0.489963,-0.014268737
0.488888,-0.014324737
0.48781399999999997,-0.014442336
0.486739,-0.014627136
0.48566499999999996,-0.014722335
0.48458999999999997,-0.014839934
0.483516,-0.015013534000000002
0.48244099999999995,-0.015075133000000001
0.481367,-0.015215133
0.48029299999999997,-0.015450331000000003
0.479218,-0.015483931000000003
0.47814399999999996,-0.015696732
0.47706899999999997,-0.015898330000000002
0.475995,-0.016038328
0.47491999999999995,-0.016245528000000002
0.473846,-0.016368727000000003
0.472771,-0.016575927
0.471697,-0.016794326000000002
0.470622,-0.016906326
0.46954799999999997,-0.017107924000000004
0.468473,-0.017337524
0.46739899999999995,-0.017449524
0.46632399999999996,-0.017651122
0.46525,-0.017914322
0.464175,-0.01804872
0.463101,-0.018255920000000002
0.462026,-0.018502318
0.460952,-0.018625518000000004
0.459877,-0.018855116
0.45880299999999996,-0.019011916
0.45772799999999997,-0.019235914
0.456654,-0.019510314
0.45557899999999996,-0.019633512000000002
0.454505,-0.019829512000000004
0.45343,-0.020131910000000003
0.452356,-0.020266312
0.45128199999999996,-0.020529508000000002
0.45020699999999997,-0.020809508
0.449133,-0.020938308
0.44805799999999996,-0.021218308
0.446984,-0.021464706000000004
0.445909,-0.021688704000000003
0.444835,-0.021985504000000003
0.44376,-0.022220702000000002
0.44268599999999997,-0.022500702
0.441611,-0.022831098
0.44053699999999996,-0.023043900000000003
0.43946199999999996,-0.023329496
0.438388,-0.023699096000000003
0.437313,-0.023883896
0.436239,-0.024197494000000003
0.435164,-0.024589492
0.43409,-0.024824692000000002
0.433015,-0.025166288000000002
0.43194099999999996,-0.025496688000000003
0.43086599999999997,-0.025793486
0.429792,-0.026140684
0.42871699999999996,-0.026448682
0.427643,-0.026728682
0.426568,-0.027154280000000003
0.425494,-0.027456678
0.42441999999999996,-0.027798278000000003
0.42334499999999997,-0.028229476000000003
0.422271,-0.028475876000000004
0.42119599999999996,-0.028867872000000003
0.420122,-0.029287872000000003
0.419047,-0.029584670000000004
0.417973,-0.029987868
0.416898,-0.030407866
0.41582399999999997,-0.030760664000000007
0.414749,-0.031203062000000004
0.41367499999999996,-0.03158946
0.41259999999999997,-0.031936658
0.411526,-0.032496656
0.41045099999999995,-0.032871854000000006
0.409377,-0.033353452
0.408302,-0.033885448000000006
0.407228,-0.034283048
0.406153,-0.034775844
0.40507899999999997,-0.035335844000000005
0.404004,-0.035761444
0.40292999999999995,-0.036299040000000005
0.40185499999999996,-0.036853436
0.400781,-0.037323836000000006
0.399706,-0.037889432
0.398632,-0.038488628000000004
0.397557,-0.038975828000000004
0.396483,-0.039552624
0.39540899999999995,-0.040017424
0.39433399999999996,-0.04058302
0.39326,-0.04126061600000001
0.392185,-0.04169741600000001
0.391111,-0.042257416000000006
0.390036,-0.042845412000000006
0.388962,-0.043332608
0.387887,-0.043864608000000006
0.38681299999999996,-0.044413404000000004
0.38573799999999997,-0.04480540400000001
0.384664,-0.0453318
0.38358899999999996,-0.045774196
0.382515,-0.046149396
0.38144,-0.046614192000000006
0.380366,-0.046972596000000005
0.379291,-0.047336592000000004
0.37821699999999997,-0.047784588
0.377142,-0.048103788
0.37606799999999996,-0.048434188
0.37499299999999997,-0.048898984
0.373919,-0.049156584
0.372844,-0.05085914800000001
0.37177,-0.05173414800000001
0.370695,-0.052171644
0.369621,-0.05315601200000001
0.368546,-0.05424976
0.36747199999999997,-0.054906008000000006
0.366398,-0.05599975200000001
0.365323,-0.057202872
0.364249,-0.057968492
0.363174,-0.059171612000000005
0.3621,-0.06015598400000001
0.361025,-0.06114035200000001
0.35995099999999997,-0.062452852
0.358876,-0.06354659600000001
0.357802,-0.06474971600000001
0.35672699999999996,-0.066062208
0.355653,-0.06693720400000001
0.354578,-0.068249696
0.353504,-0.06989031200000001
0.352429,-0.070655936
0.351355,-0.07207780800000001
0.35028,-0.07382780000000001
0.34920599999999996,-0.07481216800000001
0.34813099999999997,-0.07634341600000001
0.347057,-0.07776528
0.345982,-0.07929652000000001
0.344908,-0.080718392
0.343833,-0.082140264
0.342759,-0.083562128
0.341684,-0.08553087200000001
0.34060999999999997,-0.08706211200000001
0.339536,-0.088483976
0.338461,-0.09056209600000001
0.337387,-0.09220272000000002
0.336312,-0.093843336
0.335238,-0.095921448
0.334163,-0.097562064
0.33308899999999997,-0.09931205600000001
0.332014,-0.101499
0.33094,-0.103577
0.32986499999999996,-0.10543699999999999
0.328791,-0.107843
0.327716,-0.109593
0.326642,-0.111999
0.325567,-0.114077
0.324493,-0.11626500000000001
0.323418,-0.11910799999999999
0.32234399999999996,-0.12118600000000002
0.32126899999999997,-0.12359299999999998
0.320195,-0.12643600000000002
0.31911999999999996,-0.128624
0.318046,-0.13124899999999998
0.316971,-0.13409300000000002
0.315897,-0.136718
0.314822,-0.139343
0.31374799999999997,-0.142405
0.312673,-0.145139
0.31159899999999996,-0.148421
0.310525,-0.15137399999999998
0.30945,-0.154436
0.308376,-0.158155
0.307301,-0.161108
0.30622699999999997,-0.164389
0.305152,-0.16799899999999998
0.30407799999999996,-0.17149899999999998
0.30300299999999997,-0.175108
0.301929,-0.178936
0.300854,-0.18254599999999999
0.29978,-0.186592
0.298705,-0.190639
0.297631,-0.194467
0.296556,-0.198952
0.29548199999999997,-0.20288899999999999
0.294407,-0.207483
0.293333,-0.21229499999999998
0.29225799999999996,-0.21667
0.291184,-0.221264
0.290109,-0.226405
0.289035,-0.231217
0.28796,-0.236139
0.286886,-0.241498
0.285811,-0.24663900000000002
0.28473699999999996,-0.252436
0.283663,-0.257905
0.282588,-0.263592
0.281514,-0.26949799999999996
0.280439,-0.27540499999999996
0.279365,-0.281639
0.27829,-0.288201
0.27721599999999996,-0.294654
0.27614099999999997,-0.301108
0.275067,-0.308326
0.273992,-0.315326
0.272918,-0.322326
0.271843,-0.330092
0.270769,-0.33742
0.269694,-0.345404
0.26861999999999997,-0.353389
0.267545,-0.36148199999999997
0.266471,-0.370232
0.26539599999999997,-0.378763
0.264322,-0.387732
0.263247,-0.397248
0.262173,-0.40621599999999997
0.261098,-0.41617
0.260024,-0.42634099999999997
0.258949,-0.43640399999999996
0.25787499999999997,-0.446794
0.2568,-0.457951
0.255726,-0.468888
0.254652,-0.480482
0.253577,-0.491966
0.252503,-0.504435
0.251428,-0.516794
0.25035399999999997,-0.5297
0.249279,-0.542825
0.24820499999999998,-0.5566059999999999
0.24713,-0.570278
0.246056,-0.5846060000000001
0.24498099999999998,-0.5996999999999999
0.24390699999999998,-0.614575
0.242832,-0.630215
0.241758,-0.646731
0.24068299999999998,-0.6633560000000001
0.239609,-0.680746
0.238534,-0.6985750000000001
0.23745999999999998,-0.71684
0.23638499999999998,-0.7354339999999999
0.235311,-0.7547929999999999
0.234236,-0.7746989999999999
0.23316199999999998,-0.79559
0.232087,-0.81648
0.231013,-0.8383550000000001
0.22993799999999998,-0.8612139999999999
0.22886399999999998,-0.883855
0.227789,-0.9080269999999999
0.226715,-0.9327449999999999
0.22564099999999998,-0.957902
0.224566,-0.985464
0.223492,-1.012807
0.222417,-1.040807
0.22134299999999998,-1.07012
0.220268,-1.099651
0.219194,-1.1309319999999998
0.21811899999999998,-1.163963
0.217045,-1.196994
0.21597,-1.2308999999999999
0.214896,-1.26765
0.21382099999999998,-1.303744
0.212747,-1.3420249999999998
0.211672,-1.382056
0.21059799999999998,-1.4223059999999998
0.209523,-1.4647430000000001
0.208449,-1.5080550000000001
0.207374,-1.55268
0.20629999999999998,-1.598836
0.205225,-1.646523
0.204151,-1.695304
0.20307599999999998,-1.745398
0.202002,-1.795273
0.200927,-1.846897
0.199853,-1.899835
0.19877799999999998,-1.951897
0.197704,-2.00724
0.19663,-2.060615
0.19555499999999998,-2.1122400000000003
0.194481,-2.165615
0.193406,-2.216802
0.192332,-2.2666769999999996
0.19125699999999998,-2.315677
0.190183,-2.360739
0.189108,-2.404051
0.18803399999999998,-2.444739
0.186959,-2.481051
0.185885,-2.5138629999999997
0.18481,-2.543176
0.18373599999999998,-2.566363
0.182661,-2.5847379999999998
0.181587,-2.599176
0.18051199999999998,-2.60705
0.179438,-2.610113
0.178363,-2.607488
0.177289,-2.598738
0.17621399999999998,-2.585613
0.17514,-2.566363
0.174065,-2.5418629999999998
0.172991,-2.513426
0.17191599999999999,-2.479301
0.170842,-2.442551
0.169768,-2.401426
0.16869299999999998,-2.355927
0.167619,-2.306927
0.166544,-2.256177
0.16547,-2.202365
0.16439499999999999,-2.146802
0.163321,-2.090365
0.162246,-2.032615
0.16117199999999998,-1.974428
0.160097,-1.915366
0.159023,-1.8571790000000001
0.157948,-1.799429
0.15687399999999999,-1.740804
0.155799,-1.685242
0.154725,-1.6301169999999998
0.15364999999999998,-1.574992
0.152576,-1.5229300000000001
0.151501,-1.47218
0.150427,-1.4223059999999998
0.14935199999999998,-1.374181
0.148278,-1.328681
0.147203,-1.283619
0.14612899999999998,-1.2411809999999999
0.145054,-1.200494
0.14398,-1.1611189999999998
0.142905,-1.123932
0.14183099999999998,-1.0876199999999998
0.140757,-1.053495
0.139682,-1.021557
0.13860799999999998,-0.9896199999999999
0.137533,-0.9598699999999999
0.136459,-0.9327449999999999
0.135384,-0.90562
0.13430999999999998,-0.8798079999999999
0.133235,-0.8566210000000001
0.132161,-0.833871
0.13108599999999998,-0.812433
0.130012,-0.792746
0.128937,-0.773496
0.127863,-0.7559959999999999
0.12678799999999998,-0.738496
0.125714,-0.723184
0.124639,-0.709184
0.123565,-0.695184
0.12248999999999999,-0.682496
0.121416,-0.671121
0.12034099999999999,-0.6597470000000001
0.119267,-0.6496839999999999
0.11819199999999999,-0.640934
0.117118,-0.631747
0.116043,-0.624309
0.11496899999999999,-0.616872
0.113894,-0.610309
0.11281999999999999,-0.605059
0.111746,-0.599372
0.11067099999999999,-0.5945590000000001
0.109597,-0.590622
0.108522,-0.586684
0.107448,-0.5831839999999999
0.106373,-0.580997
0.10529899999999999,-0.578372
0.104224,-0.5761839999999999
0.10314999999999999,-0.5748719999999999
0.102075,-0.573559
0.101001,-0.572684
0.099926736,-0.572684
0.098852256,-0.5722470000000001
0.09777777600000001,-0.572684
0.09670329600000001,-0.5722470000000001
0.095628816,-0.5731219999999999
0.094554336,-0.5744339999999999
0.093479848,-0.5748719999999999
0.092405368,-0.575747
0.09133089600000001,-0.578372
0.09025640800000001,-0.5792470000000001
0.08918192800000001,-0.580559
0.088107448,-0.5831839999999999
0.087032968,-0.585372
0.08595848,-0.587122
0.084884,-0.589747
0.08380952800000001,-0.5914969999999999
0.08273504000000001,-0.594122
0.08166056000000001,-0.596309
0.08058607200000001,-0.598059
0.0795116,-0.601122
0.07843712,-0.602872
0.077362632,-0.605497
0.07628816000000001,-0.608122
0.07521367200000001,-0.609872
0.074139192,-0.6120589999999999
0.073064712,-0.614684
0.071990232,-0.616434
0.070915752,-0.618184
0.069841264,-0.6208089999999999
0.068766784,-0.622559
0.067692312,-0.624309
0.066617824,-0.6260589999999999
0.065543348,-0.627372
0.06446886,-0.628247
0.063394384,-0.629997
0.062319900000000004,-0.630872
0.06124542,-0.6326219999999999
0.060170940000000006,-0.632184
0.05909646,-0.6330589999999999
0.058021976,-0.6343719999999999
0.056947496,-0.633934
0.055873016000000005,-0.6343719999999999
0.054798532000000004,-0.6343719999999999
0.053724056000000006,-0.633497
0.052649572000000006,-0.633497
0.051575092,-0.632184
0.050500608,-0.631747
0.049426128,-0.630872
0.048351648000000004,-0.629559
0.047277168,-0.627372
0.046202684,-0.626497
0.045128204000000005,-0.624309
0.044053724,-0.6221220000000001
0.04297924,-0.6208089999999999
0.041904764000000004,-0.6177469999999999
0.040830280000000004,-0.615559
0.0397558,-0.612934
0.038681316,-0.609434
0.037606836000000005,-0.606372
0.036532356,-0.602872
0.035457876,-0.599809
0.034383392,-0.595872
0.033308912,-0.592372
0.03223443,-0.588872
0.031159950000000002,-0.584934
0.030085470000000003,-0.580559
0.029010988,-0.5761839999999999
0.027936508000000002,-0.5731219999999999
0.026862028000000003,-0.5678719999999999
0.025787546,-0.563497
0.024713064,-0.5591219999999999
0.023638584,-0.55431
0.022564102000000003,-0.5499350000000001
0.02148962,-0.5455599999999999
0.020415140000000002,-0.540747
0.019340658,-0.5363720000000001
0.018266178,-0.531122
0.017191696,-0.526747
0.016117215,-0.5223720000000001
0.015042735000000002,-0.51756
0.013968254000000001,-0.512747
0.012893773,-0.50881
0.011819292,-0.50356
0.01074481,-0.49831000000000003
0.009670329,-0.49524699999999994
0.008595848,-0.489997
0.007521367,-0.48562200000000005
0.006446886000000001,-0.481247
0.005372405,-0.476872
0.004297924,-0.472497
0.0032234430000000003,-0.46856000000000003
0.002148962,-0.464185
0.001074481,-0.46024699999999996
0.0,-0.45631
-0.001074481,-0.452372
-0.002148962,-0.448435
-0.0032234430000000003,-0.444498
-0.004297924,-0.440998
-0.005372405,-0.437498
-0.006446886000000001,-0.433123
-0.007521367,-0.429623
-0.008595848,-0.42656
-0.009670329,-0.42262299999999997
-0.01074481,-0.41956
-0.011819292,-0.41562299999999996
-0.012893773,-0.41256
-0.013968254000000001,-0.40949800000000003
-0.015042735000000002,-0.40556
-0.016117215,-0.402498
-0.017191696,-0.400748
-0.018266178,-0.396373
-0.019340658,-0.39331
-0.020415140000000002,-0.391123
-0.02148962,-0.387623
-0.022564102000000003,-0.384998
-0.023638584,-0.381935
-0.024713064,-0.37931
-0.025787546,-0.37624799999999997
-0.026862028000000003,-0.37449799999999994
-0.027936508000000002,-0.370998
-0.029010988,-0.369248
-0.030085470000000003,-0.365748
-0.031159950000000002,-0.36312300000000003
-0.03223443,-0.362248
-0.033308912,-0.359185
-0.034383392,-0.356123
-0.035457876,-0.35480999999999996
-0.036532356,-0.351748
-0.037606836000000005,-0.34956000000000004
-0.038681316,-0.347373
-0.0397558,-0.344748
-0.040830280000000004,-0.343435
-0.041904764000000004,-0.341248
-0.04297924,-0.33906
-0.044053724,-0.337748
-0.045128204000000005,-0.33512299999999995
-0.046202684,-0.33337300000000003
-0.047277168,-0.332061
-0.048351648000000004,-0.329436
-0.049426128,-0.32681099999999996
-0.050500608,-0.326373
-0.051575092,-0.323748
-0.052649572000000006,-0.321561
-0.053724056000000006,-0.321123
-0.054798532000000004,-0.318061
-0.055873016000000005,-0.31718599999999997
-0.056947496,-0.314998
-0.058021976,-0.31324799999999997
-0.05909646,-0.312373
-0.060170940000000006,-0.30974799999999997
-0.06124542,-0.307998
-0.062319900000000004,-0.30756100000000003
-0.063394384,-0.304936
-0.06446886,-0.303623
-0.065543348,-0.30274799999999996
-0.066617824,-0.301436
-0.067692312,-0.29837299999999994
-0.068766784,-0.29837299999999994
-0.069841264,-0.29662299999999997
-0.070915752,-0.295311
-0.071990232,-0.29399800000000004
-0.073064712,-0.291811
-0.074139192,-0.291811
-0.07521367200000001,-0.290061
-0.07628816000000001,-0.288311
-0.077362632,-0.28743599999999997
-0.07843712,-0.285686
-0.0795116,-0.283498
-0.08058607200000001,-0.284373
-0.08166056000000001,-0.282186
-0.08273504000000001,-0.28043599999999996
-0.08380952800000001,-0.28043599999999996
-0.084884,-0.277811
-0.08595848,-0.27693599999999996
-0.087032968,-0.27606099999999995
-0.088107448,-0.275186
-0.08918192800000001,-0.273873
-0.09025640800000001,-0.272998
-0.09133089600000001,-0.271248
-0.092405368,-0.270811
-0.093479848,-0.269061
-0.094554336,-0.267311
-0.095628816,-0.267748
-0.09670329600000001,-0.26599799999999996
-0.09777777600000001,-0.26468600000000003
-0.098852256,-0.26468600000000003
-0.099926736,-0.26249799999999995
-0.101001,-0.261623
-0.102075,-0.261623
-0.10314999999999999,-0.25987299999999997
-0.104224,-0.25899799999999995
-0.10529899999999999,-0.257248
-0.106373,-0.257248
-0.107448,-0.25768599999999997
-0.108522,-0.255936
-0.109597,-0.25374800000000003
-0.11067099999999999,-0.25418599999999997
-0.111746,-0.25374800000000003
-0.11281999999999999,-0.251561
-0.113894,-0.251561
-0.11496899999999999,-0.24937299999999998
-0.116043,-0.24937299999999998
-0.117118,-0.24849799999999997
-0.11819199999999999,-0.24718599999999996
-0.119267,-0.24718599999999996
-0.12034099999999999,-0.24587299999999998
-0.121416,-0.244998
-0.12248999999999999,-0.24543600000000002
-0.123565,-0.24412300000000003
-0.124639,-0.24281100000000003
-0.125714,-0.24281100000000003
-0.12678799999999998,-0.241498
-0.127863,-0.24018599999999998
-0.128937,-0.24062299999999998
-0.130012,-0.238873
-0.13108599999999998,-0.237561
-0.132161,-0.237123
-0.133235,-0.235811
-0.13430999999999998,-0.23624799999999999
-0.135384,-0.23449799999999998
-0.136459,-0.234061
-0.137533,-0.234061
-0.13860799999999998,-0.233186
-0.139682,-0.231436
-0.140757,-0.232311
-0.14183099999999998,-0.230561
-0.142905,-0.230123
-0.14398,-0.22924799999999998
-0.145054,-0.22924799999999998
-0.14612899999999998,-0.22793599999999997
-0.147203,-0.22749799999999998
-0.148278,-0.22706099999999999
-0.14935199999999998,-0.225748
-0.150427,-0.225748
-0.151501,-0.224436
-0.152576,-0.224436
-0.15364999999999998,-0.223561
-0.154725,-0.222249
-0.155799,-0.22312400000000002
-0.15687399999999999,-0.221811
-0.157948,-0.220936
-0.159023,-0.221811
-0.160097,-0.220061
-0.16117199999999998,-0.218749
-0.162246,-0.219186
-0.163321,-0.216999
-0.16439499999999999,-0.218311
-0.16547,-0.217436
-0.166544,-0.21612399999999998
-0.167619,-0.21612399999999998
-0.16869299999999998,-0.214811
-0.169768,-0.214811
-0.170842,-0.214811
-0.17191599999999999,-0.21218599999999999
-0.172991,-0.211311
-0.174065,-0.21262399999999998
-0.17514,-0.211311
-0.17621399999999998,-0.209999
-0.177289,-0.21043599999999998
-0.178363,-0.20912399999999998
-0.179438,-0.20912399999999998
-0.18051199999999998,-0.20868599999999998
-0.181587,-0.20693599999999998
-0.182661,-0.207811
-0.18373599999999998,-0.20737399999999998
-0.18481,-0.206061
-0.185885,-0.20693599999999998
-0.186959,-0.203874
-0.18803399999999998,-0.203874
-0.189108,-0.20474900000000001
-0.190183,-0.203436
-0.19125699999999998,-0.202124
-0.192332,-0.203436
-0.193406,-0.201686
-0.194481,-0.201249
-0.19555499999999998,-0.199936
-0.19663,-0.199499
-0.197704,-0.199499
-0.19877799999999998,-0.197749
-0.199853,-0.198186
-0.19877799999999998,-0.19206099999999998
-0.197704,-0.18812399999999999
-0.19663,-0.18593600000000002
-0.19555499999999998,-0.185061
-0.194481,-0.182874
-0.193406,-0.179374
-0.192332,-0.179374
-0.19125699999999998,-0.178499
-0.190183,-0.176749
-0.189108,-0.176311
-0.18803399999999998,-0.174124
-0.186959,-0.173249
-0.185885,-0.172374
-0.18481,-0.17193599999999998
-0.18373599999999998,-0.171061
-0.182661,-0.169311
-0.181587,-0.167561
-0.18051199999999998,-0.16799899999999998
-0.179438,-0.166249
-0.178363,-0.164936
-0.177289,-0.16581100000000001
-0.17621399999999998,-0.164936
-0.17514,-0.162311
-0.174065,-0.162749
-0.172991,-0.160999
-0.17191599999999999,-0.160561
-0.170842,-0.160124
-0.169768,-0.158811
-0.16869299999999998,-0.158811
-0.167619,-0.157061
-0.166544,-0.156186
-0.16547,-0.157061
-0.16439499999999999,-0.154436
-0.163321,-0.154436
-0.162246,-0.15487399999999998
-0.16117199999999998,-0.15312399999999998
-0.160097,-0.152686
-0.159023,-0.15312399999999998
-0.157948,-0.151811
-0.15687399999999999,-0.15137399999999998
-0.155799,-0.150061
-0.154725,-0.14831099999999997
-0.15364999999999998,-0.14918599999999999
-0.152576,-0.14787399999999998
-0.151501,-0.146124
-0.150427,-0.14743599999999998
-0.14935199999999998,-0.146124
-0.148278,-0.14524900000000002
-0.147203,-0.145686
-0.14612899999999998,-0.14524900000000002
-0.145054,-0.14349900000000002
-0.14398,-0.143936
-0.142905,-0.142624
-0.14183099999999998,-0.142186
-0.140757,-0.141749
-0.139682,-0.141311
-0.13860799999999998,-0.141749
-0.137533,-0.140874
-0.136459,-0.139124
-0.135384,-0.140436
-0.13430999999999998,-0.138686
-0.133235,-0.137811
-0.132161,-0.139561
-0.13108599999999998,-0.136936
-0.130012,-0.136061
-0.128937,-0.136936
-0.127863,-0.135624
-0.12678799999999998,-0.135186
-0.125714,-0.13474899999999998
-0.124639,-0.133874
-0.123565,-0.13474899999999998
-0.12248999999999999,-0.13256099999999998
-0.121416,-0.132124
-0.12034099999999999,-0.13299899999999998
-0.119267,-0.13256099999999998
-0.11819199999999999,-0.13081099999999998
-0.117118,-0.132124
-0.116043,-0.130374
-0.11496899999999999,-0.12949899999999998
-0.113894,-0.130374
-0.11281999999999999,-0.12949899999999998
-0.111746,-0.12949899999999998
-0.11067099999999999,-0.128624
-0.109597,-0.128186
-0.108522,-0.128186
-0.107448,-0.127749
-0.106373,-0.125999
-0.10529899999999999,-0.127311
-0.104224,-0.125999
-0.10314999999999999,-0.125561
-0.102075,-0.12643600000000002
-0.101001,-0.125124
-0.099926736,-0.12424899999999998
-0.098852256,-0.12424899999999998
-0.09777777600000001,-0.12381099999999999
-0.09670329600000001,-0.123374
-0.095628816,-0.122936
-0.094554336,-0.122499
-0.093479848,-0.122499
-0.092405368,-0.122061
-0.09133089600000001,-0.12162400000000001
-0.09025640800000001,-0.12118600000000002
-0.08918192800000001,-0.120311
-0.088107448,-0.11943599999999999
-0.087032968,-0.12118600000000002
-0.08595848,-0.11987400000000001
-0.084884,-0.118999
-0.08380952800000001,-0.11943599999999999
-0.08273504000000001,-0.118561
-0.08166056000000001,-0.11812399999999999
-0.08058607200000001,-0.117686
-0.0795116,-0.117686
-0.07843712,-0.116811
-0.077362632,-0.116811
-0.07628816000000001,-0.115936
-0.07521367200000001,-0.11637399999999999
-0.074139192,-0.115061
-0.073064712,-0.115061
-0.071990232,-0.11549899999999999
-0.070915752,-0.11462399999999999
-0.069841264,-0.114186
-0.068766784,-0.113311
-0.067692312,-0.112874
-0.066617824,-0.112874
-0.065543348,-0.112874
-0.06446886,-0.11243600000000001
-0.063394384,-0.11243600000000001
-0.062319900000000004,-0.11156200000000001
-0.06124542,-0.11068700000000001
-0.060170940000000006,-0.11068700000000001
-0.05909646,-0.109812
-0.058021976,-0.109812
-0.056947496,-0.110249
-0.055873016000000005,-0.10893699999999999
-0.054798532000000004,-0.108499
-0.053724056000000006,-0.10893699999999999
-0.052649572000000006,-0.108499
-0.051575092,-0.107624
-0.050500608,-0.10806199999999999
-0.049426128,-0.106749
-0.048351648000000004,-0.10718699999999999
-0.047277168,-0.105874
-0.046202684,-0.105874
-0.045128204000000005,-0.105874
-0.044053724,-0.10543699999999999
-0.04297924,-0.10456199999999999
-0.041904764000000004,-0.104999
-0.040830280000000004,-0.104124
-0.0397558,-0.102812
-0.038681316,-0.10368699999999999
-0.037606836000000005,-0.102812
-0.036532356,-0.102374
-0.035457876,-0.102812
-0.034383392,-0.101499
-0.033308912,-0.101499
-0.03223443,-0.101062
-0.031159950000000002,-0.100187
-0.030085470000000003,-0.100624
-0.029010988,-0.099749552
-0.027936508000000002,-0.09931205600000001
-0.026862028000000003,-0.09931205600000001
-0.025787546,-0.098437064
-0.024713064,-0.09799956800000001
-0.023638584,-0.098437064
-0.022564102000000003,-0.09712456800000001
-0.02148962,-0.09624956800000001
-0.020415140000000002,-0.09668707200000001
-0.019340658,-0.09624956800000001
-0.018266178,-0.095374576
-0.017191696,-0.09493708000000001
-0.016117215,-0.095374576
-0.015042735000000002,-0.09449958400000001
-0.013968254000000001,-0.093187088
-0.012893773,-0.093187088
-0.011819292,-0.09340584000000002
-0.01074481,-0.092312088
-0.009670329,-0.091218344
-0.008595848,-0.09165584000000002
-0.007521367,-0.09056209600000001
-0.006446886000000001,-0.09012460000000001
-0.005372405,-0.09056209600000001
-0.004297924,-0.089030856
-0.0032234430000000003,-0.089030856
-0.002148962,-0.08859336000000001
-0.001074481,-0.08771836
0.0,-0.08793711200000001
0.001074481,-0.086843368
0.002148962,-0.085749616
0.0032234430000000003,-0.08640587200000001
0.004297924,-0.08487462400000001
0.005372405,-0.084437128
0.006446886000000001,-0.084437128
0.007521367,-0.083562128
0.008595848,-0.082249632
0.009670329,-0.082249632
0.01074481,-0.08137464
0.011819292,-0.08115588800000001
0.012893773,-0.08006214400000002
0.013968254000000001,-0.079405896
0.015042735000000002,-0.079405896
0.016117215,-0.07853090400000001
0.017191696,-0.07743716
0.018266178,-0.077218408
0.019340658,-0.075905912
0.020415140000000002,-0.07503092
0.02148962,-0.07546841600000001
0.022564102000000003,-0.07393717600000001
0.023638584,-0.073499672
0.024713064,-0.07262468000000001
0.025787546,-0.07174968000000001
0.026862028000000003,-0.07109343200000001
0.027936508000000002,-0.070655936
0.029010988,-0.06934344800000002
0.030085470000000003,-0.06912468800000002
0.031159950000000002,-0.067593448
0.03223443,-0.06737470400000001
0.033308912,-0.067155952
0.034383392,-0.065624704
0.035457876,-0.06453096000000001
0.036532356,-0.06431221200000001
0.037606836000000005,-0.06299972
0.038681316,-0.06234347600000001
0.0397558,-0.061905976
0.040830280000000004,-0.06081222800000001
0.041904764000000004,-0.059718484
0.04297924,-0.059280988
0.044053724,-0.058405992000000004
0.045128204000000005,-0.057312244000000005
0.046202684,-0.056874748
0.047277168,-0.055562252000000006
0.048351648000000004,-0.055562252000000006
0.049426128,-0.05424976
0.050500608,-0.05315601200000001
0.051575092,-0.05315601200000001
0.052649572000000006,-0.051843520000000004
0.053724056000000006,-0.05096852400000001
0.054798532000000004,-0.051187276000000004
0.055873016000000005,-0.049874776
0.056947496,-0.048999784000000005
0.058021976,-0.048124784000000004
0.05909646,-0.047468540000000004
0.060170940000000006,-0.046812292000000005
0.06124542,-0.045937296
0.062319900000000004,-0.04517167600000001
0.063394384,-0.044843548000000004
0.06446886,-0.043968556000000006
0.065543348,-0.042984184
0.066617824,-0.042984184
0.067692312,-0.041781064
0.068766784,-0.041015444000000005
0.069841264,-0.04068732
0.070915752,-0.039921700000000004
0.071990232,-0.039265452000000006
0.073064712,-0.038827952
0.074139192,-0.038171708000000006
0.07521367200000001,-0.03784358
0.07628816000000001,-0.03707796
0.077362632,-0.03664046000000001
0.07843712,-0.036202964000000004
0.0795116,-0.035218596000000005
0.08058607200000001,-0.034890468
0.08166056000000001,-0.034452972000000005
0.08273504000000001,-0.033796724
0.08380952800000001,-0.033031104
0.084884,-0.033031104
0.08595848,-0.032484232
0.087032968,-0.031827984000000004
0.088107448,-0.03171861
0.08918192800000001,-0.030843614000000005
0.09025640800000001,-0.030406114000000005
0.09133089600000001,-0.029859242
0.092405368,-0.029312370000000004
0.093479848,-0.029312370000000004
0.094554336,-0.028437374
0.095628816,-0.028218626000000004
0.09670329600000001,-0.028109250000000002
0.09777777600000001,-0.027562376000000003
0.098852256,-0.02690613
0.099926736,-0.02668738
0.101001,-0.026249884000000005
0.102075,-0.025921760000000002
0.10314999999999999,-0.025484262000000004
0.104224,-0.025046764000000003
0.10529899999999999,-0.024828014000000002
0.106373,-0.024171768000000003
0.107448,-0.02351552
0.108522,-0.02351552
0.109597,-0.022968648
0.11067099999999999,-0.006826370000000001
0.111746,-0.010903152000000001
0.11281999999999999,-0.011843948000000002
0.113894,-0.011899948
0.11496899999999999,-0.011647948000000002
0.116043,-0.011244751
0.117118,-0.010959152000000002
0.11819199999999999,-0.010477554000000002
0.119267,-0.010051956
0.12034099999999999,-0.009749557
0.121416,-0.009295959000000001
0.12248999999999999,-0.00893756
0.123565,-0.008595962
0.124639,-0.008103164000000001
0.125714,-0.0077223660000000005
0.12678799999999998,-0.007341567
0.127863,-0.006871169000000001
0.128937,-0.006501571
0.130012,-0.006109573
0.13108599999999998,-0.005611175
0.132161,-0.005258377
0.133235,-0.004776779
0.13430999999999998,-0.004300781
0.135384,-0.003964782
0.136459,-0.0034047850000000005
0.137533,-0.0028727870000000003
0.13860799999999998,-0.0025199890000000003
0.139682,-0.0018703910000000001
0.140757,-0.001377593
0.14183099999999998,-0.0009407950000000001
0.142905,-0.000285598
0.14398,0.000279998
0.145054,0.0008679960000000001
0.14612899999999998,0.001422393
0.147203,0.001987991
0.148278,0.0026263880000000003
0.14935199999999998,0.0032367850000000003
0.150427,0.003796783
0.151501,0.004502380000000001
0.152576,0.005129577000000001
0.15364999999999998,0.005650375000000001
0.154725,0.006451171000000001
0.155799,0.007139968
0.15687399999999999,0.007744766000000001
0.157948,0.008523163
0.159023,0.00913356
0.160097,0.009850356000000001
0.16117199999999998,0.010583953
0.162246,0.011311950000000001
0.163321,0.012073547
0.16439499999999999,0.012902343
0.16547,0.013563141
0.166544,0.014408736
0.167619,0.015164734000000001
0.16869299999999998,0.015926329000000003
0.169768,0.016833526
0.170842,0.017645522
0.17191599999999999,0.018491118
0.172991,0.019476714000000003
0.174065,0.020277512
0.17514,0.021145506
0.17621399999999998,0.022119902
0.177289,0.023038298000000002
0.178363,0.024007094
0.179438,0.024942290000000002
0.18051199999999998,0.025888686000000005
0.181587,0.026941482
0.182661,0.027865476
0.18373599999999998,0.028783872000000002
0.18481,0.029887070000000005
0.185885,0.030771866000000002
0.186959,0.031791062
0.18803399999999998,0.032832656
0.189108,0.033840652
0.190183,0.034792644000000005
0.19125699999999998,0.03583424
0.192332,0.036814240000000005
0.193406,0.037850232000000004
0.194481,0.03885262800000001
0.19555499999999998,0.039810224000000005
0.19663,0.04081262
0.197704,0.041759016
0.19877799999999998,0.042621412
0.199853,0.043663008
0.200927,0.04448060400000001
0.202002,0.0452646
0.20307599999999998,0.046115796
0.204151,0.046759796000000006
0.205225,0.047364592000000004
0.20629999999999998,0.048103788
0.207374,0.048669384
0.208449,0.049178984
0.209523,0.04517167600000001
0.21059799999999998,0.045937296
0.211672,0.046921668
0.212747,0.048452912
0.21382099999999998,0.049218532
0.214896,0.050421652000000004
0.21597,0.051843520000000004
0.217045,0.052827888
0.21811899999999998,0.054468508000000006
0.219194,0.056109124
0.220268,0.05676537200000001
0.22134299999999998,0.05862474000000001
0.222417,0.06015598400000001
0.223492,0.06114035200000001
0.224566,0.06321846800000001
0.22564099999999998,0.06518721200000001
0.226715,0.066609076
0.227789,0.06879656800000002
0.22886399999999998,0.07054656000000001
0.22993799999999998,0.072187176
0.231013,0.07448404
0.232087,0.07667153600000001
0.23316199999999998,0.07907777600000002
0.234236,0.08148400800000001
0.235311,0.083890248
0.23638499999999998,0.08673399200000001
0.23745999999999998,0.08968709600000001
0.238534,0.092312088
0.239609,0.09581207200000001
0.24068299999999998,0.09898393600000001
0.241758,0.102374
0.242832,0.10609299999999999
0.24390699999999998,0.109593
0.24498099999999998,0.11374899999999999
0.246056,0.117905
0.24713,0.122061
0.24820499999999998,0.12698299999999998
0.249279,0.131796
0.25035399999999997,0.136061
0.251428,0.141749
0.252503,0.14743599999999998
0.253577,0.152796
0.254652,0.158811
0.255726,0.16537400000000002
0.2568,0.17193599999999998
0.25787499999999997,0.178499
0.258949,0.18517099999999997
0.260024,0.192936
0.261098,0.200483
0.262173,0.207811
0.263247,0.21645199999999998
0.264322,0.224764
0.26539599999999997,0.232967
0.266471,0.242264
0.267545,0.251561
0.26861999999999997,0.26042
0.269694,0.270483
0.270769,0.280655
0.271843,0.291154
0.272918,0.30209199999999997
0.273992,0.313029
0.275067,0.32517
0.27614099999999997,0.336982
0.27721599999999996,0.349014
0.27829,0.362576
0.279365,0.375701
0.280439,0.38937299999999997
0.281514,0.40402899999999997
0.282588,0.41945099999999996
0.283663,0.433669
0.28473699999999996,0.450185
0.285811,0.46681
0.286886,0.48398199999999997
0.28796,0.501591
0.289035,0.519528
0.290109,0.5386690000000001
0.291184,0.5578099999999999
0.29225799999999996,0.577716
0.293333,0.599153
0.294407,0.6208089999999999
0.29548199999999997,0.6421370000000001
0.296556,0.66445
0.297631,0.686762
0.298705,0.708309
0.29978,0.731606
0.300854,0.7554489999999999
0.301929,0.77973
0.30300299999999997,0.805105
0.30407799999999996,0.8313550000000001
0.305152,0.8582609999999999
0.30622699999999997,0.885714
0.307301,0.913605
0.308376,0.943573
0.30945,0.974417
0.310525,1.004276
0.31159899999999996,1.035995
0.312673,1.069026
0.31374799999999997,1.1020569999999998
0.314822,1.137057
0.315897,1.171838
0.316971,1.207713
0.318046,1.244681
0.31911999999999996,1.282306
0.320195,1.320587
0.32126899999999997,1.359306
0.32234399999999996,1.3986809999999998
0.323418,1.439149
0.324493,1.4800550000000001
0.325567,1.521399
0.326642,1.564274
0.327716,1.606274
0.328791,1.6487109999999998
0.32986499999999996,1.692679
0.33094,1.735992
0.332014,1.780179
0.33308899999999997,1.8250229999999998
0.334163,1.869429
0.335238,1.9138350000000002
0.336312,1.9586779999999997
0.337387,2.002428
0.338461,2.0479279999999997
0.339536,2.0925529999999997
0.34060999999999997,2.1363030000000003
0.341684,2.181365
0.342759,2.22599
0.343833,2.26974
0.344908,2.313927
0.345982,2.356802
0.347057,2.398364
0.34813099999999997,2.441239
0.34920599999999996,2.482801
0.35028,2.523926
0.351355,2.5641760000000002
0.352429,2.60355
0.353504,2.642925
0.354578,2.68055
0.355653,2.716863
0.35672699999999996,2.754487
0.357802,2.78905
0.358876,2.822737
0.35995099999999997,2.856862
0.361025,2.888799
0.3621,2.9198609999999996
0.363174,2.950486
0.364249,2.979799
0.365323,3.007799
0.366398,3.0353609999999995
0.36747199999999997,3.060298
0.368546,3.085673
0.369621,3.109298
0.370695,3.131173
0.37177,3.153485
0.372844,3.17361
0.373919,3.19111
0.37499299999999997,3.2086099999999997
0.37606799999999996,3.224798
0.377142,3.239235
0.37821699999999997,3.25411
0.379291,3.2663599999999997
0.380366,3.277735
0.38144,3.286485
0.382515,3.2952350000000004
0.38358899999999996,3.30311
0.384664,3.308797
0.38573799999999997,3.312735
0.38681299999999996,3.31711
0.387887,3.319735
0.388962,3.321047
0.390036,3.3223599999999998
0.391111,3.321485
0.392185,3.3192969999999997
0.39326,3.318422
0.39433399999999996,3.315797
0.39540899999999995,3.31186
0.396483,3.307922
0.397557,3.302235
0.398632,3.296985
0.399706,3.29086
0.400781,3.283422
0.40185499999999996,3.2764219999999997
0.40292999999999995,3.26811
0.404004,3.25936
0.40507899999999997,3.25061
0.406153,3.240985
0.407228,3.23136
0.408302,3.22086
0.409377,3.209923
0.41045099999999995,3.198985
0.411526,3.1880479999999998
0.41259999999999997,3.176235
0.41367499999999996,3.165298
0.414749,3.15261
0.41582399999999997,3.14036
0.416898,3.1281109999999996
0.417973,3.116298
0.419047,3.102736
0.420122,3.090923
0.42119599999999996,3.077798
0.422271,3.065111
0.42334499999999997,3.052861
0.42441999999999996,3.039736
0.425494,3.026611
0.426568,3.013924
0.427643,3.001236
0.42871699999999996,2.988111
0.429792,2.975424
0.43086599999999997,2.962299
0.43194099999999996,2.950049
0.433015,2.9377989999999996
0.43409,2.924236
0.435164,2.912862
0.436239,2.900174
0.437313,2.8874869999999997
0.438388,2.875674
0.43946199999999996,2.864299
0.44053699999999996,2.852487
0.441611,2.8411120000000003
0.44268599999999997,2.830174
0.44376,2.818799
0.444835,2.807862
0.445909,2.7978
0.446984,2.787737
0.44805799999999996,2.777237
0.449133,2.767175
0.45020699999999997,2.757987
0.45128199999999996,2.7487999999999997
0.452356,2.739175
0.45343,2.730425
0.454505,2.7216750000000003
0.45557899999999996,2.712925
0.456654,2.70505
0.45772799999999997,2.6967369999999997
0.45880299999999996,2.688863
0.459877,2.6818630000000003
0.460952,2.67355
0.462026,2.6669880000000004
0.463101,2.6599880000000002
0.464175,2.653425
0.46525,2.646863
0.46632399999999996,2.6403
0.46739899999999995,2.634175
0.468473,2.6280499999999996
0.46954799999999997,2.621925
0.470622,2.6158
0.471697,2.610113
0.472771,2.604863
0.473846,2.5996129999999997
0.47491999999999995,2.594363
0.475995,2.589113
0.47706899999999997,2.584301
0.47814399999999996,2.578613
0.479218,2.572925
0.48029299999999997,2.568113
0.481367,2.563301
0.48244099999999995,2.557613
0.483516,2.552363
0.48458999999999997,2.5462380000000002
0.48566499999999996,2.5396759999999996
0.486739,2.533551
0.48781399999999997,2.526113
0.488888,2.5186759999999997
0.489963,2.510801
0.491037,2.502051
0.492112,2.492863
0.49318599999999996,2.482801
0.49426099999999995,2.471426
0.49533499999999997,2.459614
0.49640999999999996,2.446926
0.497484,2.432489
0.498559,2.417614
0.499633,2.400551
0.5007079999999999,2.383051
0.501782,2.3638019999999997
0.502857,2.342801
0.503931,2.320052
0.505006,2.295989
0.50608,2.269302
0.507155,2.24174
0.5082289999999999,2.212427
0.509304,2.180052
0.510378,2.1472399999999996
0.511452,2.112678
0.512527,2.0759279999999998
0.513601,2.038303
0.514676,2.000241
0.5157499999999999,1.960866
0.516825,1.9206159999999999
0.517899,1.880804
0.5189739999999999,1.840991
0.520048,1.801616
0.521123,1.7622419999999999
0.522197,1.723742
0.523272,1.6861169999999999
0.524346,1.649367
0.525421,1.6139299999999999
0.5264949999999999,1.57893
0.52757,1.544805
0.528644,1.511993
0.5297189999999999,1.4800550000000001
0.530793,1.448993
0.531868,1.419243
0.532942,1.390368
0.534017,1.362368
0.535091,1.3348060000000002
0.5361659999999999,1.308994
0.5372399999999999,1.283619
0.538314,1.2595560000000001
0.539389,1.235056
0.540463,1.212307
0.541538,1.190432
0.542612,1.168557
0.5436869999999999,1.148432
0.5447609999999999,1.128307
0.545836,1.10862
0.54691,1.089807
0.5479849999999999,1.07187
0.549059,1.053932
0.550134,1.037307
0.5512079999999999,1.0206819999999999
0.552283,1.004932
0.553357,0.9896199999999999
0.5544319999999999,0.974308
0.5555059999999999,0.9598699999999999
0.556581,0.9458699999999999
0.557655,0.9323079999999999
0.55873,0.919183
0.559804,0.9064949999999999
0.560879,0.894246
0.5619529999999999,0.881996
0.563028,0.870621
0.564102,0.8588079999999999
0.5651769999999999,0.848308
0.566251,0.837371
0.567326,0.827308
0.5684,0.8176829999999999
0.5694739999999999,0.8080579999999999
0.570549,0.798871
0.571623,0.789683
0.5726979999999999,0.780496
0.573772,0.772184
0.574847,0.763871
0.575921,0.7559959999999999
0.576996,0.748559
0.57807,0.7406839999999999
0.579145,0.7332460000000001
0.5802189999999999,0.726684
0.581294,0.719684
0.582368,0.7131209999999999
0.5834429999999999,0.7065589999999999
0.584517,0.700871
0.585592,0.694746
0.586666,0.689059
0.587741,0.6833710000000001
0.588815,0.678559
0.58989,0.673309
0.5909639999999999,0.668059
0.592039,0.663247
0.593113,0.658872
0.5941879999999999,0.654497
0.595262,0.650122
0.596336,0.6461840000000001
0.597411,0.642247
0.5984849999999999,0.638309
0.59956,0.634809
0.600634,0.631309
0.6017089999999999,0.628247
0.602783,0.6247469999999999
0.603858,0.621684
0.604932,0.618622
0.606007,0.615559
0.607081,0.613372
0.6081559999999999,0.610309
0.6092299999999999,0.607684
0.610305,0.605059
0.611379,0.603309
0.6124539999999999,0.600684
0.613528,0.598497
0.614603,0.596309
0.6156769999999999,0.594122
0.616752,0.592372
0.617826,0.5901839999999999
0.6189009999999999,0.588434
0.6199749999999999,0.586684
0.62105,0.584497
0.622124,0.5831839999999999
0.6231979999999999,0.581872
0.624273,0.579684
0.625347,0.578372
0.6264219999999999,0.577059
0.6274959999999999,0.575309
0.628571,0.573997
0.629645,0.572684
0.63072,0.571372
0.631794,0.570059
0.632869,0.568747
0.6339429999999999,0.567435
0.635018,0.566559
0.636092,0.564809
0.6371669999999999,0.564372
0.638241,0.563059
0.639316,0.561747
0.64039,0.5608719999999999
0.641465,0.559997
0.642539,0.5591219999999999
0.643614,0.5578099999999999
0.6446879999999999,0.5569350000000001
0.645763,0.55606
0.646837,0.555185
0.6479119999999999,0.5538719999999999
0.648986,0.553435
0.650061,0.5521219999999999
0.651135,0.551247
0.6522089999999999,0.5508099999999999
0.653284,0.5499350000000001
0.654358,0.54906
0.6554329999999999,0.548185
0.656507,0.547747
0.657582,0.546872
0.658656,0.545997
0.659731,0.5455599999999999
0.660805,0.544685
0.66188,0.5442469999999999
0.6629539999999999,0.5438099999999999
0.664029,0.5429350000000001
0.665103,0.542497
0.6661779999999999,0.541622
0.667252,0.541622
0.668327,0.541185
0.669401,0.540747
0.670476,0.54031
0.67155,0.539872
0.6726249999999999,0.539435
0.6736989999999999,0.538997
0.674774,0.5385599999999999
0.675848,0.5385599999999999
0.6769229999999999,0.5385599999999999
0.677997,0.538122
0.679072,0.538122
0.6801459999999999,0.538122
0.6812199999999999,0.538122
0.682295,0.538122
0.683369,0.538122
0.6844439999999999,0.5385599999999999
0.685518,0.538997
0.686593,0.539435
0.6876669999999999,0.539435
0.688742,0.54031
0.689816,0.540747
0.6908909999999999,0.541622
0.6919649999999999,0.542497
0.69304,0.5429350000000001
0.694114,0.5442469999999999
0.695189,0.5455599999999999
0.696263,0.546435
0.697338,0.548185
0.6984119999999999,0.549497
0.699487,0.5508099999999999
0.700561,0.552997
0.7016359999999999,0.555185
0.70271,0.5569350000000001
0.703785,0.5591219999999999
0.704859,0.56131
0.705934,0.563934
0.707008,0.566559
0.708083,0.569184
0.7091569999999999,0.5722470000000001
0.710231,0.575309
0.711306,0.578809
0.71238,0.582747
0.713455,0.5862470000000001
0.714529,0.5901839999999999
0.715604,0.5945590000000001
0.7166779999999999,0.598934
0.717753,0.603309
0.718827,0.6085590000000001
0.7199019999999999,0.6138089999999999
0.720976,0.6190589999999999
0.722051,0.625184
0.723125,0.631309
0.7242,0.6374340000000001
0.725274,0.643997
0.726349,0.650559
0.7274229999999999,0.657559
0.728498,0.6649970000000001
0.729572,0.672872
0.7306469999999999,0.680746
0.731721,0.689059
0.732796,0.6973710000000001
0.7338699999999999,0.7065589999999999
0.734945,0.715746
0.736019,0.7249340000000001
0.737093,0.734559
0.7381679999999999,0.745059
0.739242,0.754684
0.740317,0.765621
0.7413909999999999,0.7761210000000001
0.742466,0.787059
0.74354,0.797558
0.7446149999999999,0.808496
0.7456889999999999,0.819871
0.746764,0.830808
0.747838,0.8413080000000001
0.7489129999999999,0.852246
0.749987,0.862746
0.751062,0.8728079999999999
0.7521359999999999,0.881996
0.753211,0.891183
0.754285,0.899495
0.7553599999999999,0.9078080000000001
0.7564339999999999,0.91437
0.757509,0.920495
0.758583,0.9257449999999999
0.7596579999999999,0.929245
0.760732,0.9323079999999999
0.761807,0.934495
0.7628809999999999,0.934495
0.7639549999999999,0.9340579999999999
0.76503,0.9323079999999999
0.766104,0.929245
0.7671789999999999,0.926183
0.768253,0.92137
0.769328,0.916558
0.7704019999999999,0.9104329999999999
0.771477,0.904308
0.772551,0.898183
0.7736259999999999,0.892058
0.7746999999999999,0.885058
0.775775,0.878496
0.776849,0.8723709999999999
0.777924,0.866683
0.778998,0.861433
0.780073,0.8566210000000001
0.7811469999999999,0.852246
0.782222,0.848746
0.783296,0.845683
0.7843709999999999,0.8434959999999999
0.785445,0.8413080000000001
0.78652,0.839558
0.787594,0.8382459999999999
0.788669,0.837808
0.789743,0.837371
0.7908179999999999,0.837808
0.7918919999999999,0.838683
0.792967,0.839121
0.794041,0.840433
0.795115,0.841746
0.79619,0.8434959999999999
0.797264,0.844808
0.7983389999999999,0.847433
0.7994129999999999,0.850058
0.800488,0.852683
0.801562,0.855308
0.8026369999999999,0.858371
0.803711,0.860996
0.804786,0.864058
0.8058599999999999,0.867996
0.806935,0.8714959999999999
0.808009,0.874996
0.8090839999999999,0.8793709999999999
0.8101579999999999,0.883308
0.811233,0.8876829999999999
0.812307,0.892058
0.8133819999999999,0.8964329999999999
0.814456,0.901246
0.815531,0.90562
0.8166049999999999,0.911308
0.81768,0.9169949999999999
0.818754,0.922245
0.8198289999999999,0.927933
0.8209029999999999,0.93362
0.821978,0.9393079999999999
0.823052,0.944558
0.8241259999999999,0.95112
0.825201,0.957683
0.826275,0.963808
0.8273499999999999,0.9708079999999999
0.8284239999999999,0.97737
0.829499,0.9839330000000001
0.830573,0.990933
0.8316479999999999,0.9983700000000001
0.832722,1.005808
0.833797,1.0132450000000002
0.8348709999999999,1.02112
0.835946,1.0294320000000001
0.83702,1.037745
0.8380949999999999,1.04562
0.8391689999999999,1.05437
0.840244,1.0631199999999998
0.841318,1.07187
0.842393,1.08062
0.843467,1.090245
0.844542,1.099432
0.8456159999999999,1.10862
0.846691,1.118245
0.847765,1.128745
0.8488399999999999,1.139244
0.849914,1.1493069999999999
0.850988,1.160244
0.852063,1.170744
0.8531369999999999,1.181682
0.854212,1.193057
0.855286,1.204432
0.8563609999999999,1.215807
0.857435,1.228057
0.85851,1.240307
0.859584,1.252994
0.860659,1.2656809999999998
0.861733,1.277931
0.8628079999999999,1.291056
0.8638819999999999,1.304181
0.864957,1.317306
0.866031,1.331744
0.8671059999999999,1.345744
0.86818,1.359306
0.869255,1.373743
0.8703289999999999,1.388618
0.871404,1.403493
0.872478,1.418368
0.8735529999999999,1.434118
0.8746269999999999,1.4494310000000001
0.875702,1.465618
0.876776,1.4813679999999998
0.8778499999999999,1.497555
0.878925,1.514618
0.879999,1.531243
0.8810739999999999,1.548743
0.8821479999999999,1.54393
0.883223,1.530368
0.884297,1.5216180000000001
0.8853719999999999,1.5137429999999998
0.886446,1.508493
0.887521,1.5032429999999999
0.8885949999999999,1.4966799999999998
0.88967,1.492743
0.890744,1.487493
0.8918189999999999,1.4818049999999998
0.8928929999999999,1.477868
0.893968,1.472618
0.895042,1.4678049999999998
0.8961169999999999,1.463868
0.897191,1.458181
0.898266,1.454243
0.8993399999999999,1.450306
0.900415,1.445056
0.901489,1.4415559999999998
0.9025639999999999,1.4371809999999998
0.9036379999999999,1.432368
0.904713,1.429306
0.905787,1.424931
0.9068609999999999,1.4205560000000002
0.907936,1.417056
0.90901,1.4126809999999999
0.9100849999999999,1.4087429999999999
0.9111589999999999,1.405681
0.912234,1.401306
0.913308,1.398243
0.914383,1.3947429999999998
0.915457,1.390368
0.916532,1.387743
0.9176059999999999,1.384243
0.918681,1.3803059999999998
0.919755,1.3776810000000002
0.9208299999999999,1.374181
0.921904,1.3702429999999999
0.922979,1.368056
0.924053,1.3645559999999999
0.925128,1.361056
0.926202,1.358868
0.9272769999999999,1.3549309999999999
0.9283509999999999,1.352306
0.929426,1.3501180000000002
0.9305,1.346181
0.9315749999999999,1.343994
0.932649,1.341369
0.933724,1.337869
0.9347979999999999,1.3361189999999998
0.9358719999999999,1.333056
0.936947,1.3299940000000001
0.938021,1.328681
0.9390959999999999,1.325181
0.94017,1.3225559999999998
0.941245,1.320806
0.9423189999999999,1.317306
0.943394,1.315119
0.944468,1.313806
0.9455429999999999,1.310306
0.9466169999999999,1.3085559999999998
0.947692,1.306369
0.948766,1.303306
0.9498409999999999,1.301994
0.950915,1.299806
0.95199,1.296744
0.9530639999999999,1.295869
0.954139,1.2932439999999998
0.955213,1.291056
0.9562879999999999,1.289744
0.9573619999999999,1.2871190000000001
0.958437,1.284931
0.959511,1.2840559999999999
0.9605859999999999,1.281431
0.96166,1.2796809999999998
0.962735,1.2788059999999999
0.9638089999999999,1.275744
0.9648829999999999,1.274431
0.965958,1.2731190000000001
0.967032,1.270494
0.9681069999999999,1.269181
0.969181,1.267431
0.970256,1.2652439999999998
0.9713299999999999,1.2648059999999999
0.972405,1.262181
0.973479,1.260431
0.9745539999999999,1.259994
0.9756279999999999,1.257369
0.976703,1.256494
0.977777,1.255619
0.9788519999999999,1.252994
0.979926,1.252119
0.9810009999999999,1.2508059999999999
0.9820749999999999,1.248619
0.98315,1.247744
0.984224,1.245994
0.9852989999999999,1.2442440000000001
0.9863729999999999,1.243806
0.987448,1.242057
0.9885219999999999,1.240307
0.989597,1.2398689999999999
0.990671,1.237682
0.991745,1.2368059999999998
0.9928199999999999,1.2363689999999998
0.9938939999999999,1.234182
0.994969,1.233306
0.9960429999999999,1.232432
0.997118,1.2302440000000001
0.998192,1.2302440000000001
0.9992669999999999,1.228494
1.000341,1.227182
1.0014159999999999,1.226744
1.0024899999999999,1.225432
1.003565,1.223682
1.004639,1.223682
1.005714,1.2214939999999999
1.006788,1.2210569999999998
1.007863,1.220619
1.008937,1.217994
1.010012,1.217994
1.011086,1.217119
1.0121609999999999,1.2153690000000001
1.0132349999999999,1.2153690000000001
1.01431,1.214057
1.015384,1.212744
1.016459,1.212744
1.017533,1.210994
1.018608,1.210119
1.019682,1.210119
1.020756,1.208369
1.021831,1.2074939999999998
1.022905,1.2070569999999998
1.02398,1.205307
1.025054,1.204869
1.0261289999999998,1.203994
1.0272029999999999,1.202682
1.028278,1.202682
1.029352,1.2013690000000001
1.030427,1.200057
1.031501,1.200057
1.032576,1.198744
1.03365,1.197869
1.034725,1.197869
1.035799,1.196557
1.0368739999999999,1.196119
1.0379479999999999,1.195682
1.039023,1.194369
1.040097,1.1934939999999998
1.041172,1.193057
1.042246,1.191744
1.043321,1.191744
1.044395,1.190869
1.04547,1.189557
1.046544,1.189557
1.047618,1.1886819999999998
1.0486929999999999,1.187807
1.049767,1.187807
1.050842,1.186494
1.0519159999999999,1.185619
1.052991,1.1860570000000001
1.054065,1.183869
1.05514,1.184307
1.056214,1.183869
1.057289,1.181682
1.058363,1.182119
1.0594379999999999,1.181682
1.060512,1.180369
1.061587,1.180807
1.0626609999999999,1.179494
1.063736,1.1786189999999999
1.06481,1.1786189999999999
1.065885,1.1773069999999999
1.066959,1.1773069999999999
1.068034,1.176869
1.069108,1.175994
1.0701829999999999,1.175119
1.071257,1.175119
1.0723319999999998,1.173369
1.0734059999999999,1.173807
1.074481,1.172932
1.075555,1.1724940000000001
1.076629,1.1724940000000001
1.077704,1.171182
1.078778,1.170744
1.079853,1.170744
1.080927,1.169432
1.082002,1.168557
1.083076,1.168557
1.0841509999999999,1.1676819999999999
1.0852249999999999,1.1676819999999999
1.0863,1.167244
1.0873739999999998,1.165932
1.088449,1.165932
1.089523,1.165494
1.090598,1.1646189999999998
1.091672,1.165057
1.092747,1.163744
1.093821,1.162869
1.0948959999999999,1.163744
1.0959699999999999,1.161994
1.097045,1.161994
1.0981189999999998,1.161994
1.099194,1.160244
1.100268,1.160244
1.101343,1.160244
1.102417,1.158932
1.103492,1.159369
1.104566,1.1584940000000001
1.1056409999999999,1.157619
1.106715,1.1580570000000001
1.107789,1.1571820000000002
1.1088639999999998,1.156307
1.1099379999999999,1.156744
1.111013,1.155432
1.112087,1.155432
1.113162,1.155432
1.114236,1.154119
1.115311,1.154119
1.116385,1.154119
1.11746,1.152807
1.118534,1.152807
1.1196089999999999,1.152369
1.1206829999999999,1.151494
1.121758,1.152369
1.122832,1.151057
1.123907,1.1506189999999998
1.124981,1.151057
1.126056,1.1497439999999999
1.12713,1.1493069999999999
1.128205,1.1493069999999999
1.129279,1.147994
1.1303539999999999,1.147994
1.1314279999999999,1.147994
1.132503,1.146682
1.133577,1.147557
1.134652,1.146682
1.135726,1.1458069999999998
1.1368,1.146682
1.137875,1.145369
1.138949,1.1444940000000001
1.140024,1.144932
1.141098,1.143619
1.1421729999999999,1.143619
1.143247,1.144057
1.1443219999999998,1.142744
1.1453959999999999,1.142744
1.146471,1.142744
1.147545,1.141432
1.14862,1.141869
1.149694,1.141869
1.150769,1.140557
1.151843,1.140994
1.1529179999999999,1.1401189999999999
1.153992,1.139244
1.1550669999999998,1.1401189999999999
1.1561409999999999,1.138807
1.157216,1.138807
1.15829,1.138807
1.159365,1.137932
1.160439,1.137494
1.161514,1.137494
1.162588,1.136619
1.163663,1.136619
1.164737,1.136619
1.165811,1.1353069999999998
1.1668859999999999,1.136182
1.1679599999999999,1.1353069999999998
1.169035,1.1344319999999999
1.1701089999999998,1.1353069999999998
1.171184,1.133994
1.172258,1.133557
1.173333,1.133994
1.174407,1.133119
1.175482,1.133119
1.176556,1.133119
1.1776309999999999,1.1318069999999998
1.178705,1.1318069999999998
1.17978,1.1318069999999998
1.1808539999999998,1.1309319999999998
1.181929,1.1309319999999998
1.183003,1.1304949999999998
1.184078,1.1296190000000002
1.185152,1.130057
1.186227,1.1291820000000001
1.187301,1.128745
1.1883759999999999,1.1291820000000001
1.18945,1.127869
1.190525,1.127869
1.1915989999999999,1.128307
1.1926729999999999,1.126995
1.193748,1.126995
1.194822,1.126995
1.195897,1.126119
1.196971,1.126557
1.198046,1.126119
1.19912,1.125245
1.200195,1.125682
1.201269,1.124807
1.2023439999999999,1.12437
1.2034179999999999,1.124807
1.204493,1.123932
1.205567,1.123932
1.206642,1.12437
1.207716,1.12262
1.208791,1.123057
1.209865,1.12262
1.21094,1.1217439999999999
1.212014,1.122182
1.2130889999999999,1.1217439999999999
1.2141629999999999,1.12087
1.215238,1.1217439999999999
1.2163119999999998,1.12087
1.217387,1.1204319999999999
1.218461,1.12087
1.219535,1.1199949999999999
1.22061,1.119557
1.221684,1.1199949999999999
1.222759,1.118682
1.223833,1.11912
1.2249079999999999,1.11912
1.225982,1.117807
1.2270569999999998,1.118245
1.2281309999999999,1.117807
1.229206,1.1169319999999998
1.23028,1.117807
1.231355,1.1169319999999998
1.232429,1.1164949999999998
1.233504,1.11737
1.234578,1.116057
1.235653,1.1156199999999998
1.236727,1.1156199999999998
1.2378019999999998,1.114745
1.2388759999999999,1.114745
1.239951,1.1151820000000001
1.241025,1.1138700000000001
1.2421,1.114745
1.243174,1.1143070000000002
1.244249,1.112995
1.245323,1.1143070000000002
1.246397,1.113432
1.247472,1.112557
1.248546,1.113432
1.2496209999999999,1.112557
1.250695,1.11212
1.25177,1.112557
1.2528439999999998,1.111245
1.253919,1.111682
1.254993,1.111682
1.256068,1.110807
1.257142,1.111245
1.258217,1.110807
1.259291,1.109932
1.2603659999999999,1.11037
1.26144,1.109495
1.262515,1.109495
1.2635889999999999,1.109932
1.264664,1.10862
1.265738,1.10862
1.266813,1.109057
1.267887,1.107745
1.268962,1.107745
1.270036,1.108182
1.2711109999999999,1.10687
1.272185,1.107307
1.273259,1.10687
1.2743339999999999,1.1064319999999999
1.2754079999999999,1.10687
1.276483,1.1059949999999998
1.2775569999999998,1.105557
1.278632,1.1064319999999999
1.279706,1.1051199999999999
1.280781,1.104682
1.281855,1.1051199999999999
1.28293,1.104245
1.284004,1.104245
1.2850789999999999,1.104682
1.2861529999999999,1.103807
1.287228,1.10337
1.2883019999999998,1.103807
1.289377,1.1029319999999998
1.290451,1.103807
1.291526,1.1029319999999998
1.2926,1.1020569999999998
1.293675,1.1029319999999998
1.294749,1.1020569999999998
1.2958239999999999,1.1016199999999998
1.2968979999999999,1.1020569999999998
1.297973,1.101182
1.2990469999999998,1.101182
1.300122,1.1016199999999998
1.301196,1.1003070000000001
1.30227,1.100745
1.303345,1.100745
1.304419,1.0998700000000001
1.305494,1.1003070000000001
1.306568,1.099432
1.3076429999999999,1.098995
1.308717,1.0998700000000001
1.3097919999999998,1.098557
1.3108659999999999,1.098557
1.311941,1.098995
1.313015,1.09812
1.31409,1.09812
1.315164,1.09812
1.316239,1.097245
1.317313,1.097245
1.318388,1.097245
1.319462,1.09637
1.3205369999999998,1.097245
1.3216109999999999,1.096807
1.322686,1.095495
1.32376,1.096807
1.324835,1.095495
1.325909,1.095057
1.326984,1.09637
1.328058,1.095057
1.329133,1.095057
1.330207,1.095057
1.331281,1.094182
1.3323559999999999,1.09462
1.33343,1.09462
1.3345049999999998,1.093745
1.3355789999999998,1.09462
1.336654,1.093745
1.337728,1.09287
1.338803,1.093745
1.339877,1.09287
1.340952,1.091995
1.342026,1.09287
1.3431009999999999,1.091995
1.344175,1.0915569999999999
1.3452499999999998,1.0924319999999998
1.3463239999999999,1.0915569999999999
1.347399,1.091995
1.348473,1.0915569999999999
1.349548,1.090682
1.350622,1.0911199999999999
1.351697,1.090682
1.352771,1.089807
1.3538459999999999,1.090682
1.35492,1.089807
1.3559949999999998,1.08937
1.3570689999999999,1.089807
1.358144,1.0889319999999998
1.359218,1.088495
1.360293,1.08937
1.361367,1.0880569999999998
1.362441,1.088495
1.363516,1.088495
1.36459,1.0876199999999998
1.365665,1.0880569999999998
1.366739,1.0880569999999998
1.3678139999999999,1.087182
1.3688879999999999,1.0880569999999998
1.369963,1.087182
1.3710369999999998,1.0867449999999999
1.372112,1.087182
1.373186,1.0863070000000001
1.374261,1.0863070000000001
1.375335,1.0867449999999999
1.37641,1.085432
1.377484,1.0858700000000001
1.3785589999999999,1.085432
1.3796329999999999,1.084557
1.380708,1.085432
1.3817819999999998,1.085432
1.382857,1.084557
1.383931,1.0849950000000002
1.385006,1.08412
1.38608,1.083682
1.387155,1.084557
1.388229,1.083682
1.3893039999999999,1.083245
1.390378,1.08412
1.3914529999999998,1.082807
1.3925269999999998,1.082807
1.3936009999999999,1.083682
1.394676,1.08237
1.39575,1.082807
1.396825,1.08237
1.397899,1.081495
1.398974,1.08237
1.400048,1.081495
1.401123,1.081057
1.402197,1.081495
1.4032719999999999,1.081057
1.4043459999999999,1.08062
1.405421,1.081495
1.4064949999999998,1.080182
1.40757,1.08062
1.408644,1.08062
1.409719,1.079307
1.410793,1.080182
1.411868,1.080182
1.412942,1.07887
1.4140169999999999,1.079745
1.4150909999999999,1.079307
1.416166,1.078432
1.4172399999999998,1.079307
1.418315,1.078432
1.419389,1.078432
1.420463,1.07887
1.421538,1.0775569999999999
1.422612,1.077995
1.423687,1.077995
1.424761,1.0771199999999999
1.4258359999999999,1.0775569999999999
1.42691,1.0775569999999999
1.4279849999999998,1.076682
1.4290589999999999,1.0771199999999999
1.430134,1.076682
1.431208,1.075807
1.432283,1.076682
1.433357,1.075807
1.434432,1.075807
1.435506,1.076245
1.4365809999999999,1.07537
1.437655,1.07537
1.4387299999999998,1.075807
1.4398039999999999,1.074495
1.440879,1.074932
1.441953,1.074932
1.443028,1.0740569999999998
1.444102,1.074932
1.445177,1.0740569999999998
1.446251,1.0731819999999999
1.447325,1.0740569999999998
1.4484,1.0731819999999999
1.449474,1.0727449999999998
1.4505489999999999,1.0736199999999998
1.4516229999999999,1.0727449999999998
1.452698,1.0723070000000001
1.4537719999999998,1.0736199999999998
1.454847,1.0723070000000001
1.455921,1.07187
1.456996,1.0723070000000001
1.45807,1.07187
1.459145,1.0723070000000001
1.460219,1.07187
1.4612939999999999,1.0714320000000002
1.462368,1.07187
1.4634429999999998,1.0709950000000001
1.4645169999999998,1.070557
1.465592,1.0714320000000002
1.466666,1.070557
1.467741,1.070557
1.468815,1.0709950000000001
1.46989,1.069682
1.470964,1.07012
1.4720389999999999,1.07012
1.473113,1.069245
1.474187,1.07012
1.4752619999999999,1.069682
1.4763359999999999,1.068807
1.477411,1.069682
1.4784849999999998,1.068807
1.47956,1.068807
1.480634,1.069245
1.481709,1.06837
1.482783,1.067932
1.483858,1.06837
1.484932,1.067495
1.4860069999999999,1.067932
1.4870809999999999,1.067932
1.488156,1.067057
1.4892299999999998,1.067495
1.490305,1.067057
1.491379,1.066182
1.492454,1.067057
1.493528,1.06662
1.494603,1.066182
1.495677,1.067057
1.4967519999999999,1.065745
1.4978259999999999,1.065745
1.498901,1.066182
1.4999749999999998,1.065307
1.498901,1.065307
1.4978259999999999,1.065745
1.4967519999999999,1.064432
1.495677,1.065307
1.494603,1.065307
1.493528,1.063995
1.492454,1.06487
1.491379,1.064432
1.490305,1.063995
1.4892299999999998,1.06487
1.488156,1.063995
1.4870809999999999,1.0635569999999999
1.4860069999999999,1.064432
1.484932,1.0635569999999999
1.483858,1.0631199999999998
1.482783,1.0635569999999999
1.481709,1.0622449999999999
1.480634,1.0631199999999998
1.47956,1.062682
1.4784849999999998,1.061807
1.477411,1.062682
1.4763359999999999,1.0622449999999999
1.4752619999999999,1.06137
1.474187,1.0622449999999999
1.473113,1.06137
1.4720389999999999,1.06137
1.470964,1.061807
1.46989,1.060932
1.468815,1.060932
1.467741,1.06137
1.466666,1.060495
1.465592,1.060495
1.4645169999999998,1.060932
1.4634429999999998,1.0600569999999998
1.462368,1.060932
1.4612939999999999,1.0600569999999998
1.460219,1.05962
1.459145,1.0600569999999998
1.45807,1.05962
1.456996,1.0591819999999998
1.455921,1.0600569999999998
1.454847,1.0587449999999998
1.4537719999999998,1.0591819999999998
1.452698,1.0591819999999998
1.4516229999999999,1.0578699999999999
1.4505489999999999,1.058307
1.449474,1.058307
1.4484,1.0574320000000001
1.447325,1.058307
1.446251,1.0578699999999999
1.445177,1.0569950000000001
1.444102,1.058307
1.443028,1.0569950000000001
1.441953,1.0569950000000001
1.440879,1.0574320000000001
1.4398039999999999,1.056557
1.4387299999999998,1.056557
1.437655,1.0569950000000001
1.4365809999999999,1.0561200000000002
1.435506,1.056557
1.434432,1.056557
1.433357,1.055682
1.432283,1.056557
1.431208,1.0561200000000002
1.430134,1.055682
1.4290589999999999,1.0561200000000002
1.4279849999999998,1.055245
1.42691,1.054807
1.4258359999999999,1.055245
1.424761,1.054807
1.423687,1.054807
1.422612,1.055245
1.421538,1.05437
1.420463,1.054807
1.419389,1.054807
1.418315,1.053495
1.4172399999999998,1.05437
1.416166,1.053932
1.4150909999999999,1.053057
1.4140169999999999,1.053932
1.412942,1.053495
1.411868,1.0526200000000001
1.410793,1.053495
1.409719,1.0526200000000001
1.408644,1.0526200000000001
1.40757,1.053057
1.4064949999999998,1.052182
1.405421,1.0526200000000001
1.4043459999999999,1.052182
1.4032719999999999,1.051745
1.402197,1.052182
1.401123,1.052182
1.400048,1.051307
1.398974,1.051745
1.397899,1.051307
1.396825,1.05087
1.39575,1.051745
1.394676,1.05087
1.3936009999999999,1.050432
1.3925269999999998,1.051307
1.3914529999999998,1.049995
1.390378,1.050432
1.3893039999999999,1.05087
1.388229,1.0495569999999999
1.387155,1.050432
1.38608,1.049995
1.385006,1.0495569999999999
1.383931,1.049995
1.382857,1.0495569999999999
1.3817819999999998,1.04912
1.380708,1.0495569999999999
1.3796329999999999,1.048682
1.3785589999999999,1.048682
1.377484,1.04912
1.37641,1.048682
1.375335,1.0482449999999999
1.374261,1.04912
1.373186,1.047807
1.372112,1.048682
1.3710369999999998,1.0482449999999999
1.369963,1.047807
1.3688879999999999,1.0482449999999999
1.3678139999999999,1.04737
1.366739,1.046932
1.365665,1.047807
1.36459,1.046932
1.363516,1.046932
1.362441,1.047807
1.361367,1.046495
1.360293,1.046495
1.359218,1.046932
1.358144,1.0460569999999998
1.3570689999999999,1.046495
1.3559949999999998,1.0460569999999998
1.35492,1.04562
1.3538459999999999,1.0460569999999998
1.352771,1.04562
1.351697,1.0451819999999998
1.350622,1.0460569999999998
1.349548,1.0451819999999998
1.348473,1.0447449999999998
1.347399,1.0451819999999998
1.3463239999999999,1.0447449999999998
1.3452499999999998,1.0447449999999998
1.344175,1.0451819999999998
1.3431009999999999,1.0443069999999999
1.342026,1.0443069999999999
1.340952,1.0447449999999998
1.339877,1.0438699999999999
1.338803,1.0443069999999999
1.337728,1.0443069999999999
1.336654,1.0434320000000001
1.3355789999999998,1.0443069999999999
1.3345049999999998,1.0434320000000001
1.33343,1.0429950000000001
1.3323559999999999,1.0438699999999999
1.331281,1.042557
1.330207,1.0429950000000001
1.329133,1.0434320000000001
1.328058,1.0421200000000002
1.326984,1.042557
1.325909,1.042557
1.324835,1.041682
1.32376,1.042557
1.322686,1.0421200000000002
1.3216109999999999,1.041245
1.3205369999999998,1.0421200000000002
1.319462,1.041682
1.318388,1.041245
1.317313,1.0421200000000002
1.316239,1.040807
1.315164,1.041245
1.31409,1.041245
1.313015,1.040807
1.311941,1.041245
1.3108659999999999,1.040807
1.3097919999999998,1.04037
1.308717,1.040807
1.3076429999999999,1.04037
1.306568,1.039932
1.305494,1.04037
1.304419,1.039495
1.303345,1.0390570000000001
1.30227,1.04037
1.301196,1.0390570000000001
1.300122,1.039495
1.2990469999999998,1.039932
1.297973,1.0390570000000001
1.2968979999999999,1.0390570000000001
1.2958239999999999,1.0390570000000001
1.294749,1.03862
1.293675,1.0390570000000001
1.2926,1.0390570000000001
1.291526,1.037745
1.290451,1.03862
1.289377,1.037745
1.2883019999999998,1.037745
1.287228,1.03862
1.2861529999999999,1.037307
1.2850789999999999,1.037307
1.284004,1.038182
1.28293,1.03687
1.281855,1.037307
1.280781,1.037745
1.279706,1.03687
1.278632,1.037307
1.2775569999999998,1.03687
1.276483,1.036432
1.2754079999999999,1.037307
1.2743339999999999,1.036432
1.273259,1.035557
1.272185,1.03687
1.2711109999999999,1.035557
1.270036,1.035557
1.268962,1.036432
1.267887,1.035557
1.266813,1.035557
1.265738,1.035995
1.264664,1.0346819999999999
1.2635889999999999,1.03512
1.262515,1.03512
1.26144,1.0346819999999999
1.2603659999999999,1.03512
1.259291,1.0346819999999999
1.258217,1.0342449999999999
1.257142,1.0346819999999999
1.256068,1.0342449999999999
1.254993,1.0342449999999999
1.253919,1.0346819999999999
1.2528439999999998,1.03337
1.25177,1.033807
1.250695,1.0342449999999999
1.2496209999999999,1.032932
1.248546,1.033807
1.247472,1.033807
1.246397,1.032932
1.245323,1.033807
1.244249,1.032932
1.243174,1.032057
1.2421,1.03337
1.241025,1.032495
1.239951,1.032495
1.2388759999999999,1.032932
1.2378019999999998,1.032057
1.236727,1.032057
1.235653,1.032495
1.234578,1.0311819999999998
1.233504,1.032057
1.232429,1.032057
1.231355,1.0311819999999998
1.23028,1.032057
1.229206,1.03162
1.2281309999999999,1.0307449999999998
1.2270569999999998,1.03162
1.225982,1.0307449999999998
1.2249079999999999,1.0303069999999999
1.223833,1.0311819999999998
1.222759,1.0303069999999999
1.221684,1.0303069999999999
1.22061,1.0307449999999998
1.219535,1.0298699999999998
1.218461,1.0303069999999999
1.217387,1.0303069999999999
1.2163119999999998,1.0294320000000001
1.215238,1.0303069999999999
1.2141629999999999,1.0298699999999998
1.2130889999999999,1.0289949999999999
1.212014,1.0298699999999998
1.21094,1.0289949999999999
1.209865,1.0289949999999999
1.208791,1.0294320000000001
1.207716,1.0289949999999999
1.206642,1.0289949999999999
1.205567,1.0294320000000001
1.204493,1.0281200000000001
1.2034179999999999,1.0285570000000002
1.2023439999999999,1.0285570000000002
1.201269,1.0281200000000001
1.200195,1.0289949999999999
1.19912,1.0285570000000002
1.198046,1.027245
1.196971,1.0281200000000001
1.195897,1.027682
1.194822,1.027245
1.193748,1.0281200000000001
1.1926729999999999,1.026807
1.1915989999999999,1.027245
1.190525,1.027682
1.18945,1.026807
1.1883759999999999,1.026807
1.187301,1.027245
1.186227,1.02637
1.185152,1.027245
1.184078,1.02637
1.183003,1.025932
1.181929,1.026807
1.1808539999999998,1.025932
1.17978,1.025932
1.178705,1.02637
1.1776309999999999,1.025495
1.176556,1.025495
1.175482,1.025932
1.174407,1.025057
1.173333,1.025495
1.172258,1.025495
1.171184,1.025057
1.1701089999999998,1.025495
1.169035,1.025057
1.1679599999999999,1.02462
1.1668859999999999,1.025057
1.165811,1.02462
1.164737,1.024182
1.163663,1.025057
1.162588,1.024182
1.161514,1.02462
1.160439,1.02462
1.159365,1.023745
1.15829,1.023745
1.157216,1.024182
1.1561409999999999,1.023307
1.1550669999999998,1.023745
1.153992,1.023745
1.1529179999999999,1.02287
1.151843,1.023745
1.150769,1.02287
1.149694,1.022432
1.14862,1.023307
1.147545,1.022432
1.146471,1.022432
1.1453959999999999,1.023307
1.1443219999999998,1.021995
1.143247,1.022432
1.1421729999999999,1.022432
1.141098,1.021557
1.140024,1.022432
1.138949,1.021995
1.137875,1.02112
1.1368,1.021995
1.135726,1.021557
1.134652,1.02112
1.133577,1.021995
1.132503,1.02112
1.1314279999999999,1.02112
1.1303539999999999,1.021557
1.129279,1.0206819999999999
1.128205,1.0206819999999999
1.12713,1.02112
1.126056,1.020245
1.124981,1.0206819999999999
1.123907,1.020245
1.122832,1.019808
1.121758,1.0206819999999999
1.1206829999999999,1.019808
1.1196089999999999,1.0193699999999999
1.118534,1.020245
1.11746,1.0193699999999999
1.116385,1.018932
1.115311,1.019808
1.114236,1.018932
1.113162,1.018932
1.112087,1.0193699999999999
1.111013,1.018495
1.1099379999999999,1.0193699999999999
1.1088639999999998,1.018932
1.107789,1.018057
1.106715,1.018932
1.1056409999999999,1.018495
1.104566,1.018057
1.103492,1.018932
1.102417,1.018057
1.101343,1.01762
1.100268,1.018495
1.099194,1.01762
1.0981189999999998,1.01762
1.097045,1.018057
1.0959699999999999,1.0171819999999998
1.0948959999999999,1.01762
1.093821,1.01762
1.092747,1.0163069999999998
1.091672,1.01762
1.090598,1.0171819999999998
1.089523,1.0163069999999998
1.088449,1.0171819999999998
1.0873739999999998,1.016745
1.0863,1.0158699999999998
1.0852249999999999,1.0171819999999998
1.0841509999999999,1.0163069999999998
1.083076,1.0158699999999998
1.082002,1.016745
1.080927,1.015432
1.079853,1.0158699999999998
1.078778,1.0158699999999998
1.077704,1.0149949999999999
1.076629,1.0158699999999998
1.075555,1.015432
1.074481,1.0149949999999999
1.0734059999999999,1.0158699999999998
1.0723319999999998,1.015432
1.071257,1.0145570000000002
1.0701829999999999,1.015432
1.069108,1.0145570000000002
1.068034,1.0145570000000002
1.066959,1.015432
1.065885,1.0141200000000001
1.06481,1.0145570000000002
1.063736,1.0149949999999999
1.0626609999999999,1.013683
1.061587,1.0141200000000001
1.060512,1.0141200000000001
1.0594379999999999,1.013683
1.058363,1.0141200000000001
1.057289,1.013683
1.056214,1.0132450000000002
1.05514,1.0141200000000001
1.054065,1.0132450000000002
1.052991,1.0132450000000002
1.0519159999999999,1.013683
1.050842,1.012807
1.049767,1.012807
1.0486929999999999,1.0132450000000002
1.047618,1.01237
1.046544,1.012807
1.04547,1.012807
1.044395,1.011933
1.043321,1.012807
1.042246,1.01237
1.041172,1.011933
1.040097,1.01237
1.039023,1.011933
1.0379479999999999,1.011495
1.0368739999999999,1.01237
1.035799,1.011495
1.034725,1.011495
1.03365,1.011933
1.032576,1.011057
1.031501,1.011495
1.030427,1.011495
1.029352,1.01062
1.028278,1.011495
1.0272029999999999,1.01062
1.0261289999999998,1.01062
1.025054,1.011057
1.02398,1.01062
1.022905,1.010182
1.021831,1.01062
1.020756,1.010182
1.019682,1.010182
1.018608,1.01062
1.017533,1.0097450000000001
1.016459,1.0097450000000001
1.015384,1.0097450000000001
1.01431,1.00887
1.0132349999999999,1.0097450000000001
1.0121609999999999,1.0097450000000001
1.011086,1.00887
1.010012,1.0097450000000001
1.008937,1.00887
1.007863,1.00887
1.006788,1.009308
1.005714,1.008432
1.004639,1.00887
1.003565,1.009308
1.0024899999999999,1.007995
1.0014159999999999,1.008432
1.000341,1.00887
0.9992669999999999,1.007995
0.998192,1.008432
0.997118,1.007995
0.9960429999999999,1.007558
0.994969,1.008432
0.9938939999999999,1.007558
0.9928199999999999,1.00712
0.991745,1.007995
0.990671,1.007558
0.989597,1.007558
0.9885219999999999,1.007995
0.987448,1.00712
0.9863729999999999,1.007558
0.9852989999999999,1.00712
0.984224,1.0066819999999999
0.98315,1.00712
0.9820749999999999,1.00712
0.9810009999999999,1.006245
0.979926,1.00712
0.9788519999999999,1.006245
0.977777,1.006245
0.976703,1.0066819999999999
0.9756279999999999,1.006245
0.9745539999999999,1.005808
0.973479,1.0066819999999999
0.972405,1.005808
0.9713299999999999,1.005808
0.970256,1.005808
0.969181,1.0053699999999999
0.9681069999999999,1.005808
0.967032,1.0053699999999999
0.965958,1.004932
0.9648829999999999,1.005808
0.9638089999999999,1.0053699999999999
0.962735,1.004932
0.96166,1.0053699999999999
0.9605859999999999,1.004495
0.959511,1.004495
0.958437,1.004932
0.9573619999999999,1.004058
0.9562879999999999,1.004495
0.955213,1.004495
0.954139,1.00362
0.9530639999999999,1.004495
0.95199,1.004058
0.950915,1.00362
0.9498409999999999,1.004058
0.948766,1.00362
0.947692,1.003183
0.9466169999999999,1.004058
0.9455429999999999,1.003183
0.944468,1.003183
0.943394,1.00362
0.9423189999999999,1.002745
0.941245,1.003183
0.94017,1.003183
0.9390959999999999,1.002308
0.938021,1.003183
0.936947,1.002745
0.9358719999999999,1.0018699999999998
0.9347979999999999,1.003183
0.933724,1.002308
0.932649,1.0018699999999998
0.9315749999999999,1.002745
0.9305,1.0018699999999998
0.929426,1.0018699999999998
0.9283509999999999,1.002308
0.9272769999999999,1.0009949999999999
0.926202,1.0018699999999998
0.925128,1.0018699999999998
0.924053,1.0009949999999999
0.922979,1.0018699999999998
0.921904,1.001433
0.9208299999999999,1.0009949999999999
0.919755,1.001433
0.918681,1.0009949999999999
0.9176059999999999,1.0005570000000001
0.916532,1.001433
0.915457,1.0005570000000001
0.914383,1.0005570000000001
0.913308,1.0009949999999999
0.912234,1.00012
0.9111589999999999,1.00012
0.9100849999999999,1.0005570000000001
0.90901,0.9996829999999999
0.907936,1.00012
0.9068609999999999,1.00012
0.905787,0.999245
0.904713,1.00012
0.9036379999999999,0.9996829999999999
0.9025639999999999,0.999245
0.901489,1.00012
0.900415,0.999245
0.8993399999999999,0.9988080000000001
0.898266,0.9996829999999999
0.897191,0.9988080000000001
0.8961169999999999,0.999245
0.895042,0.999245
0.893968,0.9983700000000001
0.8928929999999999,0.9988080000000001
0.8918189999999999,0.9988080000000001
0.890744,0.9983700000000001
0.88967,0.9988080000000001
0.8885949999999999,0.9983700000000001
0.887521,0.9979330000000001
0.886446,0.9988080000000001
0.8853719999999999,0.9983700000000001
0.884297,0.997495
0.883223,0.9699329999999998
0.8821479999999999,0.948495
0.8810739999999999,0.927495
0.879999,0.90737
0.878925,0.887246
0.8778499999999999,0.867996
0.876776,0.848746
0.875702,0.8299329999999999
0.8746269999999999,0.811121
0.8735529999999999,0.793183
0.872478,0.775246
0.871404,0.7577459999999999
0.8703289999999999,0.7402460000000001
0.869255,0.723184
0.86818,0.706996
0.8671059999999999,0.6903710000000001
0.866031,0.6746219999999999
0.864957,0.658872
0.8638819999999999,0.643559
0.8628079999999999,0.628684
0.861733,0.6138089999999999
0.860659,0.599372
0.859584,0.585372
0.85851,0.571372
0.857435,0.5578099999999999
0.8563609999999999,0.544685
0.855286,0.5315599999999999
0.854212,0.518872
0.8531369999999999,0.506622
0.852063,0.4943719999999999
0.850988,0.482122
0.849914,0.47074699999999997
0.8488399999999999,0.45937199999999995
0.847765,0.447998
0.846691,0.437498
0.8456159999999999,0.426998
0.844542,0.416498
0.843467,0.406435
0.842393,0.396373
0.841318,0.387185
0.840244,0.37756
0.8391689999999999,0.368373
0.8380949999999999,0.359623
0.83702,0.350873
0.835946,0.341685
0.8348709999999999,0.33381099999999997
0.833797,0.325936
0.832722,0.317623
0.8316479999999999,0.30974799999999997
0.830573,0.302311
0.829499,0.294873
0.8284239999999999,0.287873
0.8273499999999999,0.280873
0.826275,0.273873
0.825201,0.267311
0.8241259999999999,0.260748
0.823052,0.25462300000000004
0.821978,0.24849799999999997
0.8209029999999999,0.242373
0.8198289999999999,0.23624799999999999
0.818754,0.230561
0.81768,0.22487300000000002
0.8166049999999999,0.219624
0.815531,0.21437399999999998
0.814456,0.20868599999999998
0.8133819999999999,0.20431100000000002
0.812307,0.199061
0.811233,0.194249
0.8101579999999999,0.189436
0.8090839999999999,0.185499
0.808009,0.180686
0.806935,0.176749
0.8058599999999999,0.172374
0.804786,0.16843599999999997
0.803711,0.164499
0.8026369999999999,0.160124
0.801562,0.15662399999999999
0.800488,0.15312399999999998
0.7994129999999999,0.14918599999999999
0.7983389999999999,0.145686
0.797264,0.142624
0.79619,0.139124
0.795115,0.136061
0.794041,0.13299899999999998
0.792967,0.129936
0.7918919999999999,0.12687400000000001
0.7908179999999999,0.12381099999999999
0.789743,0.12162400000000001
0.788669,0.118999
0.787594,0.115936
0.78652,0.11374899999999999
0.785445,0.111124
0.7843709999999999,0.108499
0.783296,0.10631199999999999
0.782222,0.10368699999999999
0.7811469999999999,0.101499
0.780073,0.09931205600000001
0.778998,0.09712456800000001
0.777924,0.095374576
0.776849,0.093187088
0.775775,0.09099960000000001
0.7746999999999999,0.08968709600000001
0.7736259999999999,0.088155856
0.772551,0.08618711200000001
0.771477,0.084437128
0.7704019999999999,0.08268712800000001
0.769328,0.080718392
0.768253,0.079624648
0.7671789999999999,0.07809340000000001
0.766104,0.07634341600000001
0.76503,0.07503092
0.7639549999999999,0.073718424
0.7628809999999999,0.072187176
0.761807,0.070874688
0.760732,0.06934344800000002
0.7596579999999999,0.068249696
0.758583,0.06693720400000001
0.757509,0.065624704
0.7564339999999999,0.06453096000000001
0.7553599999999999,0.06343722
0.754285,0.061905976
0.753211,0.061249732
0.7521359999999999,0.06015598400000001
0.751062,0.058843488000000006
0.749987,0.057968492
0.7489129999999999,0.056874748
0.747838,0.05599975200000001
0.746764,0.054906008000000006
0.7456889999999999,0.054031012
0.7446149999999999,0.05315601200000001
0.74354,0.05206226800000001
0.742466,0.051187276000000004
0.7413909999999999,0.050312276
0.740317,0.049656028000000005
0.739242,0.048562284000000004
0.7381679999999999,0.048124784000000004
0.737093,0.047249792000000006
0.736019,0.046374792000000005
0.734945,0.04549980000000001
0.7338699999999999,0.044952928
0.732796,0.044296680000000005
0.731721,0.043749808
0.7306469999999999,0.042984184
0.729572,0.042327936000000004
0.728498,0.041781064
0.7274229999999999,0.040796692
0.726349,0.04024982
0.725274,0.039702948
0.7242,0.038827952
0.723125,0.03849982800000001
0.722051,0.038062332
0.720976,0.03707796
0.7199019999999999,0.036859212
0.718827,0.036202964000000004
0.717753,0.035437344
0.7166779999999999,0.034999844
0.715604,0.034343596000000004
0.714529,0.0339061
0.713455,0.033359226
0.71238,0.032484232
0.711306,0.032265480000000006
0.710231,0.031827984000000004
0.7091569999999999,0.031171738000000004
0.708083,0.030624866
0.707008,0.030077992000000005
0.705934,0.029421744000000003
0.704859,0.029093622
0.703785,0.028874872
0.70271,0.028218626000000004
0.7016359999999999,0.027781126000000003
0.700561,0.02734363
0.699487,0.02690613
0.6984119999999999,0.026468634
0.697338,0.025812384000000004
0.696263,0.025593638000000002
0.695189,0.024937388
0.694114,0.024390516
0.69304,0.024281142000000002
0.6919649999999999,0.023843644
0.6908909999999999,0.023078022
0.689816,0.022859274000000002
0.688742,0.022421774000000002
0.6876669999999999,0.010511154
0.686593,0.015455932
0.685518,0.016643126
0.6844439999999999,0.016822326000000002
0.683369,0.016553527000000002
0.682295,0.016144729
0.6812199999999999,0.015775131
0.6801459999999999,0.015321533
0.679072,0.014856734000000002
0.677997,0.014453537
0.6769229999999999,0.014022339
0.675848,0.013579941000000002
0.674774,0.013193542000000003
0.6736989999999999,0.012734344
0.6726249999999999,0.012331146000000001
0.67155,0.011933547000000001
0.670476,0.011468749
0.669401,0.011110351000000001
0.668327,0.010701553
0.667252,0.010281554
0.6661779999999999,0.009945556000000001
0.665103,0.009503158000000001
0.664029,0.00913356
0.6629539999999999,0.008786361000000001
0.66188,0.008388763
0.660805,0.008024764
0.659731,0.007643966000000001
0.658656,0.007279968
0.657582,0.006966369
0.656507,0.006591171000000001
0.6554329999999999,0.006199172000000001
0.654358,0.005941574
0.653284,0.005599975000000001
0.6522089999999999,0.005191177
0.651135,0.004927978
0.650061,0.004558380000000001
0.648986,0.004166381
0.6479119999999999,0.003942382
0.646837,0.0036287840000000003
0.645763,0.003287185
0.6446879999999999,0.0030463860000000003
0.643614,0.002710388
0.642539,0.0024471890000000002
0.641465,0.00219519
0.64039,0.0018871910000000003
0.639316,0.0016855920000000003
0.638241,0.001444793
0.6371669999999999,0.001181594
0.636092,0.000979995
0.635018,0.000755996
0.6339429999999999,0.00046479700000000003
0.632869,0.00035279800000000003
0.631794,0.00013439900000000003
0.63072,-6.7199712e-05
0.629645,-0.00023519800000000002
0.628571,-0.00042559800000000007
0.6274959999999999,-0.0005935970000000001
0.6264219999999999,-0.0007111960000000001
0.625347,-0.000912796
0.624273,-0.0009967950000000002
0.6231979999999999,-0.0011591940000000001
0.622124,-0.001321594
0.62105,-0.001411193
0.6199749999999999,-0.001534393
0.6189009999999999,-0.001674392
0.617826,-0.001791992
0.616752,-0.0019263910000000004
0.6156769999999999,-0.0020271910000000002
0.614603,-0.00216159
0.613528,-0.00229039
0.6124539999999999,-0.002407989
0.611379,-0.002480789
0.610305,-0.002654388
0.6092299999999999,-0.002715988
0.6081559999999999,-0.0028055870000000004
0.607081,-0.0029623870000000004
0.606007,-0.003001586
0.604932,-0.003074386
0.603858,-0.003208785
0.602783,-0.0032199850000000003
0.6017089999999999,-0.0033487850000000004
0.600634,-0.003443984
0.59956,-0.0034663840000000003
0.5984849999999999,-0.0035615840000000005
0.597411,-0.0036119840000000004
0.596336,-0.003667983
0.595262,-0.0037575829999999997
0.5941879999999999,-0.0038079830000000005
0.593113,-0.0038751830000000004
0.592039,-0.003942382
0.5909639999999999,-0.003953582
0.58989,-0.004031982
0.588815,-0.004104782
0.587741,-0.004110382
0.586666,-0.004166381
0.585592,-0.0042279810000000004
0.584517,-0.004250381000000001
0.5834429999999999,-0.0043679800000000005
0.582368,-0.004412780000000001
0.581294,-0.004423980000000001
0.5802189999999999,-0.0045471800000000005
0.579145,-0.00458638
0.57807,-0.004642379
0.576996,-0.004765579
0.575921,-0.004771179
0.574847,-0.004866378
0.573772,-0.004939178
0.5726979999999999,-0.004955978000000001
0.571623,-0.0050399780000000005
0.570549,-0.005140777
0.5694739999999999,-0.005146377000000001
0.5684,-0.005275177000000001
0.567326,-0.005297576
0.566251,-0.005308776
0.5651769999999999,-0.0053871760000000005
0.564102,-0.005409576000000001
0.563028,-0.005482376000000001
0.5619529999999999,-0.005566375
0.560879,-0.005566375
0.559804,-0.005627975
0.55873,-0.005728775
0.557655,-0.005683975
0.556581,-0.005745574000000001
0.5555059999999999,-0.0058631740000000005
0.5544319999999999,-0.005851974
0.553357,-0.005930374
0.552283,-0.005969573000000001
0.5512079999999999,-0.005980773
0.550134,-0.006087173
0.549059,-0.006137573
0.5479849999999999,-0.006165573000000001
0.54691,-0.006288772000000001
0.545836,-0.006311172
0.5447609999999999,-0.0063895720000000005
0.5436869999999999,-0.006540771
0.542612,-0.006518371000000001
0.541538,-0.006602371
0.540463,-0.006747970000000001
0.539389,-0.00672557
0.538314,-0.0068487700000000006
0.5372399999999999,-0.006943969000000001
0.5361659999999999,-0.006988769000000001
0.535091,-0.007061569
0.534017,-0.007106368000000001
0.532942,-0.007173568000000001
0.531868,-0.007307968000000001
0.530793,-0.007313568
0.5297189999999999,-0.007375167
0.528644,-0.007453567000000001
0.52757,-0.0074815670000000015
0.5264949999999999,-0.007548766
0.525421,-0.007677566
0.524346,-0.007711166
0.523272,-0.007778366000000001
0.522197,-0.007862365
0.521123,-0.007845565
0.520048,-0.007951964
0.5189739999999999,-0.008019164
0.517899,-0.008075165
0.516825,-0.008153564000000002
0.5157499999999999,-0.008181564
0.514676,-0.008282363000000001
0.513601,-0.008383163
0.512527,-0.008433563000000002
0.511452,-0.008545563
0.510378,-0.008640762000000001
0.509304,-0.008674362
0.5082289999999999,-0.008786361000000001
0.507155,-0.00892076
0.50608,-0.008954361000000001
0.505006,-0.00906636
0.503931,-0.009150360000000001
0.502857,-0.009195159
0.501782,-0.009340759
0.5007079999999999,-0.009396758
0.499633,-0.009475159000000002
0.498559,-0.009598358000000001
0.497484,-0.009643157000000001
0.49640999999999996,-0.009710357000000001
0.49533499999999997,-0.009839156000000002
0.49426099999999995,-0.009844756000000001
0.49318599999999996,-0.009951156000000001
0.492112,-0.010085556
0.491037,-0.010130355
0.489963,-0.010225555
0.488888,-0.010270354
0.48781399999999997,-0.010348755
0.486739,-0.010499954000000002
0.48566499999999996,-0.010511154
0.48458999999999997,-0.010583953
0.483516,-0.010723952
0.48244099999999995,-0.010757552
0.481367,-0.010807953000000002
0.48029299999999997,-0.010992752000000001
0.479218,-0.010987152000000002
0.47814399999999996,-0.011149551
0.47706899999999997,-0.011250351
0.475995,-0.01137355
0.47491999999999995,-0.011496749
0.473846,-0.011608749000000002
0.472771,-0.011670348
0.471697,-0.011843948000000002
0.470622,-0.011916748000000001
0.46954799999999997,-0.012028747
0.468473,-0.012185547
0.46739899999999995,-0.012230346
0.46632399999999996,-0.012398345
0.46525,-0.012532745
0.464175,-0.012588744
0.463101,-0.012739944000000001
0.462026,-0.012874343000000002
0.460952,-0.012958343
0.459877,-0.013075943000000001
0.45880299999999996,-0.013204742
0.45772799999999997,-0.013294341000000001
0.456654,-0.01344554
0.45557899999999996,-0.013540741
0.454505,-0.013663940000000001
0.45343,-0.013837539000000001
0.452356,-0.013871139000000001
0.45128199999999996,-0.014011139000000002
0.45020699999999997,-0.014179138000000003
0.449133,-0.014246337000000001
0.44805799999999996,-0.014397536000000002
0.446984,-0.014571136
0.445909,-0.014666335
0.444835,-0.014839934
0.44376,-0.015002334
0.44268599999999997,-0.015108733000000001
0.441611,-0.015338332000000001
0.44053699999999996,-0.015478332000000001
0.43946199999999996,-0.015607132000000001
0.438388,-0.015859130000000003
0.437313,-0.015954330000000003
0.436239,-0.016133529000000004
0.435164,-0.016357527
0.43409,-0.016469527
0.433015,-0.016637527000000003
0.43194099999999996,-0.016895126
0.43086599999999997,-0.016967924000000002
0.429792,-0.017208724
0.42871699999999996,-0.017404724
0.427643,-0.017516722000000002
0.426568,-0.01778552
0.425494,-0.017891922
0.42441999999999996,-0.018082320000000002
0.42334499999999997,-0.01833432
0.422271,-0.018485520000000002
0.42119599999999996,-0.018659118000000002
0.420122,-0.018922316
0.419047,-0.019045516000000002
0.417973,-0.019291916000000003
0.416898,-0.019515914
0.41582399999999997,-0.019678312000000003
0.414749,-0.019891112000000002
0.41367499999999996,-0.020103912
0.41259999999999997,-0.02026071
0.411526,-0.020596708000000002
0.41045099999999995,-0.020798308
0.409377,-0.021033508
0.408302,-0.021352706000000003
0.407228,-0.021548704000000002
0.406153,-0.021817504
0.40507899999999997,-0.022125504000000004
0.404004,-0.022332702000000003
0.40292999999999995,-0.0226743
0.40185499999999996,-0.022993498
0.400781,-0.023178298000000003
0.399706,-0.023503096000000005
0.398632,-0.023850294000000005
0.397557,-0.024079894
0.396483,-0.024410292000000004
0.39540899999999995,-0.02469029
0.39433399999999996,-0.024981490000000002
0.39326,-0.025367888
0.392185,-0.025597486000000003
0.391111,-0.025911086
0.390036,-0.026297484000000003
0.388962,-0.026571882000000005
0.387887,-0.026919082
0.38681299999999996,-0.027305480000000003
0.38573799999999997,-0.027596678000000003
0.384664,-0.027966276
0.38358899999999996,-0.028335876000000003
0.382515,-0.028638274000000002
0.38144,-0.029047072
0.380366,-0.029433470000000003
0.379291,-0.029797468000000004
0.37821699999999997,-0.030211866000000004
0.377142,-0.030609464000000003
0.37606799999999996,-0.031029462
0.37499299999999997,-0.031505462000000005
0.373919,-0.031858262000000005
0.372844,-0.032306258000000004
0.37177,-0.03282145400000001
0.370695,-0.033202252
0.369621,-0.033706252000000006
0.368546,-0.034204652
0.36747199999999997,-0.03463024800000001
0.366398,-0.035145444000000005
0.365323,-0.035632644000000005
0.364249,-0.036114240000000006
0.363174,-0.036651836
0.3621,-0.037155836000000005
0.361025,-0.037631836
0.35995099999999997,-0.038236632
0.358876,-0.038679032
0.357802,-0.03922222400000001
0.35672699999999996,-0.039827024
0.355653,-0.040314224
0.354578,-0.04086862000000001
0.353504,-0.041428616
0.352429,-0.041915816
0.351355,-0.04247021200000001
0.35028,-0.042996612000000003
0.34920599999999996,-0.04346140800000001
0.34813099999999997,-0.044032608
0.347057,-0.04448060400000001
0.345982,-0.044923004
0.344908,-0.045415800000000006
0.343833,-0.04579659600000001
0.342759,-0.046233396
0.341684,-0.04672619200000001
0.34060999999999997,-0.04705099200000001
0.339536,-0.047454188
0.338461,-0.047896588000000004
0.337387,-0.04823258800000001
0.336312,-0.04857978400000001
0.335238,-0.048966184
0.334163,-0.050093528000000005
0.33308899999999997,-0.050421652000000004
0.332014,-0.05162476800000001
0.33094,-0.05206226800000001
0.32986499999999996,-0.05315601200000001
0.328791,-0.05414038400000001
0.327716,-0.054906008000000006
0.326642,-0.056109124
0.325567,-0.057202872
0.324493,-0.057968492
0.323418,-0.05939036000000001
0.32234399999999996,-0.05993723200000001
0.32126899999999997,-0.060921604
0.320195,-0.062562224
0.31911999999999996,-0.06332784
0.318046,-0.06453096000000001
0.316971,-0.06595283600000001
0.315897,-0.06682782400000001
0.314822,-0.068030952
0.31374799999999997,-0.06956219200000001
0.312673,-0.07054656000000001
0.31159899999999996,-0.072187176
0.310525,-0.07328092000000001
0.30945,-0.07448404
0.308376,-0.07623404
0.307301,-0.077327784
0.30622699999999997,-0.078749648
0.305152,-0.08049964
0.30407799999999996,-0.08181213600000001
0.30300299999999997,-0.08323400800000001
0.301929,-0.085093368
0.300854,-0.086624616
0.29978,-0.088155856
0.298705,-0.08979648000000001
0.297631,-0.09143709600000001
0.296556,-0.093515208
0.29548199999999997,-0.094827704
0.294407,-0.09668707200000001
0.293333,-0.09898393600000001
0.29225799999999996,-0.100624
0.291184,-0.10248299999999999
0.290109,-0.10456199999999999
0.289035,-0.10653
0.28796,-0.10838999999999999
0.286886,-0.110905
0.285811,-0.112874
0.28473699999999996,-0.115171
0.283663,-0.117468
0.282588,-0.119655
0.281514,-0.122061
0.280439,-0.12435800000000001
0.279365,-0.12676500000000002
0.27829,-0.12949899999999998
0.27721599999999996,-0.131686
0.27614099999999997,-0.13453
0.275067,-0.137483
0.273992,-0.13989
0.272918,-0.142733
0.271843,-0.145905
0.270769,-0.148421
0.269694,-0.151702
0.26861999999999997,-0.155093
0.267545,-0.157936
0.266471,-0.161108
0.26539599999999997,-0.164499
0.264322,-0.16810799999999998
0.263247,-0.17160799999999998
0.262173,-0.174999
0.261098,-0.178717
0.260024,-0.18265499999999998
0.258949,-0.186155
0.25787499999999997,-0.190202
0.2568,-0.194358
0.255726,-0.198295
0.254652,-0.202233
0.253577,-0.20693599999999998
0.252503,-0.211092
0.251428,-0.215577
0.25035399999999997,-0.22017
0.249279,-0.224983
0.24820499999999998,-0.230233
0.24713,-0.234717
0.246056,-0.24007699999999998
0.24498099999999998,-0.24554499999999999
0.24390699999999998,-0.25068599999999996
0.242832,-0.256155
0.241758,-0.26184199999999996
0.24068299999999998,-0.267639
0.239609,-0.273545
0.238534,-0.279998
0.23745999999999998,-0.285904
0.23638499999999998,-0.292248
0.235311,-0.299029
0.234236,-0.305592
0.23316199999999998,-0.312482
0.232087,-0.319373
0.231013,-0.326592
0.22993799999999998,-0.33457600000000004
0.22886399999999998,-0.341685
0.227789,-0.34956000000000004
0.226715,-0.35798199999999997
0.22564099999999998,-0.365748
0.224566,-0.37427900000000003
0.223492,-0.383138
0.222417,-0.391779
0.22134299999999998,-0.400966
0.220268,-0.41037300000000004
0.219194,-0.419779
0.21811899999999998,-0.42995099999999997
0.217045,-0.439794
0.21597,-0.450185
0.214896,-0.46145099999999994
0.21382099999999998,-0.471732
0.212747,-0.483216
0.211672,-0.495138
0.21059799999999998,-0.506732
0.209523,-0.518872
0.208449,-0.531778
0.207374,-0.544575
0.20629999999999998,-0.5579189999999999
0.205225,-0.571809
0.204151,-0.5857
0.20307599999999998,-0.600247
0.202002,-0.6151220000000001
0.200927,-0.630434
0.199853,-0.646512
0.19877799999999998,-0.6627000000000001
0.197704,-0.679106
0.19663,-0.6971529999999999
0.19555499999999998,-0.714106
0.194481,-0.7325900000000001
0.193406,-0.751621
0.192332,-0.770871
0.19125699999999998,-0.790558
0.190183,-0.811449
0.189108,-0.8320110000000001
0.18803399999999998,-0.854433
0.186959,-0.876636
0.185885,-0.899824
0.18481,-0.924105
0.18373599999999998,-0.948167
0.182661,-0.973214
0.181587,-1.001433
0.18051199999999998,-1.027682
0.179438,-1.055682
0.178363,-1.084776
0.177289,-1.114526
0.17621399999999998,-1.145369
0.17514,-1.177744
0.174065,-1.2105569999999999
0.172991,-1.244681
0.17191599999999999,-1.2799
0.170842,-1.317087
0.169768,-1.35515
0.16869299999999998,-1.393868
0.167619,-1.4338989999999998
0.166544,-1.476337
0.16547,-1.5185549999999999
0.16439499999999999,-1.5629609999999998
0.163321,-1.6093359999999999
0.162246,-1.65593
0.16117199999999998,-1.704054
0.160097,-1.753929
0.159023,-1.804679
0.157948,-1.856304
0.15687399999999999,-1.90946
0.155799,-1.9637099999999998
0.154725,-2.021241
0.15364999999999998,-2.07549
0.152576,-2.1306149999999997
0.151501,-2.186615
0.150427,-2.24174
0.14935199999999998,-2.296427
0.148278,-2.3506769999999997
0.147203,-2.402301
0.14612899999999998,-2.452614
0.145054,-2.500301
0.14398,-2.544926
0.142905,-2.5864879999999997
0.14183099999999998,-2.6241130000000004
0.140757,-2.6569249999999998
0.139682,-2.686238
0.13860799999999998,-2.709425
0.137533,-2.7278
0.136459,-2.7422370000000003
0.135384,-2.749675
0.13430999999999998,-2.750987
0.133235,-2.747925
0.132161,-2.737425
0.13108599999999998,-2.72255
0.130012,-2.7028619999999997
0.128937,-2.676613
0.127863,-2.6473
0.12678799999999998,-2.612738
0.125714,-2.5733629999999996
0.124639,-2.5313630000000003
0.123565,-2.484988
0.12248999999999999,-2.436864
0.121416,-2.385676
0.12034099999999999,-2.331864
0.119267,-2.277614
0.11819199999999999,-2.2220519999999997
0.117118,-2.165177
0.116043,-2.107865
0.11496899999999999,-2.05099
0.113894,-1.9932409999999998
0.11281999999999999,-1.936803
0.111746,-1.881241
0.11067099999999999,-1.825679
0.109597,-1.772304
0.108522,-1.718929
0.107448,-1.667305
0.106373,-1.61743
0.10529899999999999,-1.567993
0.104224,-1.520305
0.10314999999999999,-1.474368
0.102075,-1.429306
0.101001,-1.385993
0.099926736,-1.344431
0.098852256,-1.302869
0.09777777600000001,-1.263931
0.09670329600000001,-1.2258689999999999
0.095628816,-1.189557
0.094554336,-1.154119
0.093479848,-1.12087
0.092405368,-1.088495
0.09133089600000001,-1.0578699999999999
0.09025640800000001,-1.0289949999999999
0.08918192800000001,-1.0009949999999999
0.088107448,-0.9751829999999999
0.087032968,-0.950245
0.08595848,-0.9270579999999999
0.084884,-0.90562
0.08380952800000001,-0.884621
0.08273504000000001,-0.865371
0.08166056000000001,-0.847871
0.08058607200000001,-0.8312459999999999
0.0795116,-0.815496
0.07843712,-0.801496
0.077362632,-0.787934
0.07628816000000001,-0.7765589999999999
0.07521367200000001,-0.764309
0.074139192,-0.754246
0.073064712,-0.745496
0.071990232,-0.7358709999999999
0.070915752,-0.727996
0.069841264,-0.7218709999999999
0.068766784,-0.7148709999999999
0.067692312,-0.709621
0.066617824,-0.7052459999999999
0.065543348,-0.700434
0.06446886,-0.696934
0.063394384,-0.692996
0.062319900000000004,-0.6908089999999999
0.06124542,-0.688621
0.060170940000000006,-0.6873090000000001
0.05909646,-0.685559
0.058021976,-0.685121
0.056947496,-0.6842459999999999
0.055873016000000005,-0.6842459999999999
0.054798532000000004,-0.684684
0.053724056000000006,-0.685559
0.052649572000000006,-0.686434
0.051575092,-0.687746
0.050500608,-0.689496
0.049426128,-0.6908089999999999
0.048351648000000004,-0.693434
0.047277168,-0.695184
0.046202684,-0.6973710000000001
0.045128204000000005,-0.700434
0.044053724,-0.702621
0.04297924,-0.706121
0.041904764000000004,-0.708309
0.040830280000000004,-0.711371
0.0397558,-0.715309
0.038681316,-0.717496
0.037606836000000005,-0.720996
0.036532356,-0.725371
0.035457876,-0.727996
0.034383392,-0.731059
0.033308912,-0.734996
0.03223443,-0.738059
0.031159950000000002,-0.741559
0.030085470000000003,-0.744184
0.029010988,-0.7476839999999999
0.027936508000000002,-0.751621
0.026862028000000003,-0.7538090000000001
0.025787546,-0.7564339999999999
0.024713064,-0.760371
0.023638584,-0.762559
0.022564102000000003,-0.765184
0.02148962,-0.767809
0.020415140000000002,-0.769996
0.019340658,-0.772184
0.018266178,-0.774371
0.017191696,-0.7765589999999999
0.016117215,-0.7783089999999999
0.015042735000000002,-0.780059
0.013968254000000001,-0.780496
0.012893773,-0.782684
0.011819292,-0.7831210000000001
0.01074481,-0.783996
0.009670329,-0.785308
0.008595848,-0.784433
0.007521367,-0.784871
0.006446886000000001,-0.785308
0.005372405,-0.784871
0.004297924,-0.783996
0.0032234430000000003,-0.783558
0.002148962,-0.782246
0.001074481,-0.781371
0.0,-0.779621
-0.001074481,-0.7783089999999999
-0.002148962,-0.7761210000000001
-0.0032234430000000003,-0.773934
-0.004297924,-0.7713089999999999
-0.005372405,-0.769121
-0.006446886000000001,-0.765621
-0.007521367,-0.762121
-0.008595848,-0.759934
-0.009670329,-0.7559959999999999
-0.01074481,-0.751621
-0.011819292,-0.748559
-0.012893773,-0.744184
-0.013968254000000001,-0.739809
-0.015042735000000002,-0.7358709999999999
-0.016117215,-0.730621
-0.017191696,-0.726684
-0.018266178,-0.721434
-0.019340658,-0.716184
-0.020415140000000002,-0.712246
-0.02148962,-0.7065589999999999
-0.022564102000000003,-0.700871
-0.023638584,-0.696934
-0.024713064,-0.6903710000000001
-0.025787546,-0.685121
-0.026862028000000003,-0.680309
-0.027936508000000002,-0.6750590000000001
-0.029010988,-0.669372
-0.030085470000000003,-0.664559
-0.031159950000000002,-0.658434
-0.03223443,-0.653184
-0.033308912,-0.647934
-0.034383392,-0.643122
-0.035457876,-0.638309
-0.036532356,-0.631747
-0.037606836000000005,-0.626934
-0.038681316,-0.622997
-0.0397558,-0.616872
-0.040830280000000004,-0.6120589999999999
-0.041904764000000004,-0.608122
-0.04297924,-0.602872
-0.044053724,-0.597622
-0.045128204000000005,-0.593247
-0.046202684,-0.588434
-0.047277168,-0.583622
-0.048351648000000004,-0.578809
-0.049426128,-0.573997
-0.050500608,-0.570059
-0.051575092,-0.5656840000000001
-0.052649572000000006,-0.5608719999999999
-0.053724056000000006,-0.5578099999999999
-0.054798532000000004,-0.552997
-0.055873016000000005,-0.548622
-0.056947496,-0.5455599999999999
-0.058021976,-0.540747
-0.05909646,-0.5368099999999999
-0.060170940000000006,-0.532872
-0.06124542,-0.5289349999999999
-0.062319900000000004,-0.525435
-0.063394384,-0.521497
-0.06446886,-0.5179969999999999
-0.065543348,-0.514497
-0.066617824,-0.510997
-0.067692312,-0.5070600000000001
-0.068766784,-0.50531
-0.069841264,-0.5009349999999999
-0.070915752,-0.49831000000000003
-0.071990232,-0.49612199999999995
-0.073064712,-0.49131
-0.074139192,-0.488685
-0.07521367200000001,-0.48649699999999996
-0.07628816000000001,-0.48256
-0.077362632,-0.47993499999999994
-0.07843712,-0.47643499999999994
-0.0795116,-0.47468499999999997
-0.08058607200000001,-0.472497
-0.08166056000000001,-0.46856000000000003
-0.08273504000000001,-0.46681
-0.08380952800000001,-0.46374699999999996
-0.084884,-0.46156
-0.08595848,-0.45806
-0.087032968,-0.45674699999999996
-0.088107448,-0.45324699999999996
-0.08918192800000001,-0.45106
-0.09025640800000001,-0.44931
-0.09133089600000001,-0.447123
-0.092405368,-0.44405999999999995
-0.093479848,-0.44231
-0.094554336,-0.439248
-0.095628816,-0.438373
-0.09670329600000001,-0.43531
-0.09777777600000001,-0.432685
-0.098852256,-0.431373
-0.099926736,-0.42874799999999996
-0.101001,-0.426998
-0.102075,-0.426123
-0.10314999999999999,-0.42306
-0.104224,-0.420873
-0.10529899999999999,-0.41956
-0.106373,-0.417373
-0.107448,-0.41562299999999996
-0.108522,-0.413435
-0.109597,-0.41081
-0.11067099999999999,-0.41037300000000004
-0.111746,-0.40818499999999996
-0.11281999999999999,-0.406435
-0.113894,-0.405998
-0.11496899999999999,-0.402498
-0.116043,-0.40031
-0.117118,-0.399873
-0.11819199999999999,-0.39768499999999996
-0.119267,-0.39681
-0.12034099999999999,-0.39505999999999997
-0.121416,-0.39331
-0.12248999999999999,-0.39156
-0.123565,-0.38981
-0.124639,-0.388498
-0.125714,-0.387185
-0.12678799999999998,-0.384998
-0.127863,-0.383248
-0.128937,-0.38281
-0.130012,-0.38106
-0.13108599999999998,-0.37931
-0.132161,-0.379748
-0.133235,-0.37624799999999997
-0.13430999999999998,-0.374935
-0.135384,-0.374935
-0.136459,-0.37231
-0.137533,-0.370998
-0.13860799999999998,-0.370998
-0.139682,-0.368373
-0.140757,-0.36706
-0.14183099999999998,-0.366185
-0.142905,-0.363998
-0.14398,-0.363998
-0.145054,-0.362248
-0.14612899999999998,-0.360498
-0.147203,-0.36093499999999995
-0.148278,-0.359185
-0.14935199999999998,-0.356998
-0.150427,-0.35743499999999995
-0.151501,-0.356123
-0.152576,-0.353935
-0.15364999999999998,-0.353498
-0.154725,-0.352185
-0.155799,-0.35131
-0.15687399999999999,-0.349998
-0.157948,-0.34912299999999996
-0.159023,-0.348685
-0.160097,-0.346935
-0.16117199999999998,-0.34606000000000003
-0.162246,-0.34562299999999996
-0.163321,-0.34431
-0.16439499999999999,-0.341685
-0.16547,-0.34212299999999995
-0.166544,-0.340373
-0.167619,-0.33862299999999995
-0.16869299999999998,-0.33906
-0.169768,-0.337748
-0.170842,-0.336873
-0.17191599999999999,-0.336436
-0.172991,-0.33599799999999996
-0.174065,-0.33512299999999995
-0.17514,-0.334248
-0.17621399999999998,-0.332498
-0.177289,-0.332936
-0.178363,-0.329873
-0.179438,-0.329436
-0.18051199999999998,-0.33074800000000004
-0.181587,-0.327686
-0.182661,-0.325498
-0.18373599999999998,-0.328123
-0.18481,-0.324623
-0.185885,-0.323748
-0.186959,-0.32331099999999996
-0.18803399999999998,-0.322873
-0.189108,-0.322436
-0.190183,-0.321123
-0.19125699999999998,-0.32068599999999997
-0.192332,-0.320248
-0.193406,-0.318498
-0.194481,-0.318061
-0.19555499999999998,-0.318061
-0.19663,-0.316748
-0.197704,-0.314561
-0.19877799999999998,-0.315873
-0.199853,-0.31324799999999997
-0.19877799999999998,-0.307998
-0.197704,-0.304061
-0.19663,-0.301436
-0.19555499999999998,-0.29924799999999996
-0.194481,-0.296186
-0.193406,-0.293123
-0.192332,-0.293561
-0.19125699999999998,-0.290936
-0.190183,-0.288748
-0.189108,-0.28743599999999997
-0.18803399999999998,-0.285248
-0.186959,-0.28393599999999997
-0.185885,-0.282623
-0.18481,-0.28043599999999996
-0.18373599999999998,-0.27956099999999995
-0.182661,-0.278686
-0.181587,-0.277373
-0.18051199999999998,-0.276498
-0.179438,-0.274311
-0.178363,-0.272123
-0.177289,-0.272561
-0.17621399999999998,-0.26949799999999996
-0.17514,-0.269061
-0.174065,-0.268623
-0.172991,-0.267311
-0.17191599999999999,-0.265123
-0.170842,-0.265123
-0.169768,-0.263811
-0.16869299999999998,-0.26118600000000003
-0.167619,-0.260748
-0.166544,-0.260748
-0.16547,-0.258561
-0.16439499999999999,-0.257248
-0.163321,-0.256811
-0.162246,-0.255936
-0.16117199999999998,-0.25374800000000003
-0.160097,-0.253311
-0.159023,-0.252873
-0.157948,-0.252436
-0.15687399999999999,-0.251561
-0.155799,-0.25112300000000004
-0.154725,-0.24937299999999998
-0.15364999999999998,-0.247623
-0.152576,-0.24806099999999998
-0.151501,-0.24543600000000002
-0.150427,-0.24543600000000002
-0.14935199999999998,-0.24412300000000003
-0.148278,-0.24412300000000003
-0.147203,-0.24368599999999999
-0.14612899999999998,-0.242373
-0.145054,-0.241061
-0.14398,-0.241498
-0.142905,-0.23931100000000002
-0.14183099999999998,-0.237561
-0.140757,-0.238873
-0.139682,-0.237998
-0.13860799999999998,-0.23624799999999999
-0.137533,-0.23624799999999999
-0.136459,-0.234936
-0.135384,-0.234936
-0.13430999999999998,-0.234061
-0.133235,-0.23274799999999998
-0.132161,-0.231873
-0.13108599999999998,-0.23099799999999998
-0.130012,-0.230561
-0.128937,-0.231436
-0.127863,-0.230123
-0.12678799999999998,-0.228811
-0.125714,-0.228373
-0.124639,-0.22706099999999999
-0.123565,-0.225311
-0.12248999999999999,-0.226186
-0.121416,-0.225311
-0.12034099999999999,-0.224436
-0.119267,-0.223561
-0.11819199999999999,-0.222249
-0.117118,-0.222686
-0.116043,-0.22137400000000002
-0.11496899999999999,-0.220499
-0.113894,-0.220499
-0.11281999999999999,-0.220061
-0.111746,-0.218749
-0.11067099999999999,-0.218749
-0.109597,-0.217436
-0.108522,-0.21612399999999998
-0.107448,-0.216561
-0.106373,-0.215686
-0.10529899999999999,-0.215249
-0.104224,-0.214811
-0.10314999999999999,-0.213936
-0.102075,-0.213061
-0.101001,-0.21218599999999999
-0.099926736,-0.21218599999999999
-0.098852256,-0.211749
-0.09777777600000001,-0.21043599999999998
-0.09670329600000001,-0.209561
-0.095628816,-0.21043599999999998
-0.094554336,-0.208249
-0.093479848,-0.207811
-0.092405368,-0.208249
-0.09133089600000001,-0.206061
-0.09025640800000001,-0.206061
-0.08918192800000001,-0.205624
-0.088107448,-0.205624
-0.087032968,-0.20431100000000002
-0.08595848,-0.203874
-0.084884,-0.202561
-0.08380952800000001,-0.202999
-0.08273504000000001,-0.201686
-0.08166056000000001,-0.201249
-0.08058607200000001,-0.201686
-0.0795116,-0.199936
-0.07843712,-0.199061
-0.077362632,-0.198624
-0.07628816000000001,-0.198186
-0.07521367200000001,-0.197311
-0.074139192,-0.196874
-0.073064712,-0.195999
-0.071990232,-0.194686
-0.070915752,-0.194686
-0.069841264,-0.194249
-0.068766784,-0.19381099999999998
-0.067692312,-0.192499
-0.066617824,-0.191624
-0.065543348,-0.19206099999999998
-0.06446886,-0.19074899999999997
-0.063394384,-0.19031099999999998
-0.062319900000000004,-0.189874
-0.06124542,-0.18856099999999998
-0.060170940000000006,-0.187686
-0.05909646,-0.18812399999999999
-0.058021976,-0.186374
-0.056947496,-0.18593600000000002
-0.055873016000000005,-0.185061
-0.054798532000000004,-0.18418600000000002
-0.053724056000000006,-0.183749
-0.052649572000000006,-0.183311
-0.051575092,-0.18243600000000001
-0.050500608,-0.181999
-0.049426128,-0.180686
-0.048351648000000004,-0.180249
-0.047277168,-0.179811
-0.046202684,-0.178061
-0.045128204000000005,-0.177624
-0.044053724,-0.177186
-0.04297924,-0.175874
-0.041904764000000004,-0.174999
-0.040830280000000004,-0.174999
-0.0397558,-0.17368599999999998
-0.038681316,-0.173249
-0.037606836000000005,-0.17149899999999998
-0.036532356,-0.170624
-0.035457876,-0.17018599999999998
-0.034383392,-0.169311
-0.033308912,-0.16799899999999998
-0.03223443,-0.167124
-0.031159950000000002,-0.166249
-0.030085470000000003,-0.164936
-0.029010988,-0.164499
-0.027936508000000002,-0.163186
-0.026862028000000003,-0.161874
-0.025787546,-0.160999
-0.024713064,-0.159686
-0.023638584,-0.158811
-0.022564102000000003,-0.157499
-0.02148962,-0.156186
-0.020415140000000002,-0.155749
-0.019340658,-0.153561
-0.018266178,-0.152686
-0.017191696,-0.152249
-0.016117215,-0.150061
-0.015042735000000002,-0.148749
-0.013968254000000001,-0.148749
-0.012893773,-0.146561
-0.011819292,-0.14524900000000002
-0.01074481,-0.143936
-0.009670329,-0.142624
-0.008595848,-0.141749
-0.007521367,-0.139999
-0.006446886000000001,-0.138686
-0.005372405,-0.137374
-0.004297924,-0.136061
-0.0032234430000000003,-0.13474899999999998
-0.002148962,-0.133874
-0.001074481,-0.131686
0.0,-0.129936
0.001074481,-0.12949899999999998
0.002148962,-0.127311
0.0032234430000000003,-0.125561
0.004297924,-0.125124
0.005372405,-0.122936
0.006446886000000001,-0.122061
0.007521367,-0.120311
0.008595848,-0.118999
0.009670329,-0.11812399999999999
0.01074481,-0.115936
0.011819292,-0.11462399999999999
0.012893773,-0.11374899999999999
0.013968254000000001,-0.11156200000000001
0.015042735000000002,-0.110249
0.016117215,-0.109374
0.017191696,-0.107624
0.018266178,-0.105874
0.019340658,-0.104999
0.020415140000000002,-0.10368699999999999
0.02148962,-0.102374
0.022564102000000003,-0.100624
0.023638584,-0.09931205600000001
0.024713064,-0.09887456800000001
0.025787546,-0.09712456800000001
0.026862028000000003,-0.09581207200000001
0.027936508000000002,-0.09493708000000001
0.029010988,-0.093187088
0.030085470000000003,-0.092312088
0.031159950000000002,-0.09099960000000001
0.03223443,-0.08968709600000001
0.033308912,-0.08859336000000001
0.034383392,-0.087499616
0.035457876,-0.08618711200000001
0.036532356,-0.08531212
0.037606836000000005,-0.08421837600000001
0.038681316,-0.08290588800000001
0.0397558,-0.082249632
0.040830280000000004,-0.08115588800000001
0.041904764000000004,-0.08006214400000002
0.04297924,-0.07918714400000001
0.044053724,-0.077655904
0.045128204000000005,-0.07699965600000001
0.046202684,-0.07656216
0.047277168,-0.07524966400000001
0.048351648000000004,-0.074374672
0.049426128,-0.073718424
0.050500608,-0.072843432
0.051575092,-0.07174968000000001
0.052649572000000006,-0.07109343200000001
0.053724056000000006,-0.069780936
0.054798532000000004,-0.06912468800000002
0.055873016000000005,-0.068249696
0.056947496,-0.06737470400000001
0.058021976,-0.06693720400000001
0.05909646,-0.06584346
0.060170940000000006,-0.064968464
0.06124542,-0.06474971600000001
0.062319900000000004,-0.06343722
0.063394384,-0.062562224
0.06446886,-0.06234347600000001
0.065543348,-0.06146848
0.066617824,-0.060374732
0.067692312,-0.05993723200000001
0.068766784,-0.059062236000000004
0.069841264,-0.058843488000000006
0.070915752,-0.057749744
0.071990232,-0.05709349600000001
0.073064712,-0.056656
0.074139192,-0.055562252000000006
0.07521367200000001,-0.054906008000000006
0.07628816000000001,-0.054468508000000006
0.077362632,-0.05337476
0.07843712,-0.052937268
0.0795116,-0.05206226800000001
0.08058607200000001,-0.051187276000000004
0.08166056000000001,-0.05053102400000001
0.08273504000000001,-0.049874776
0.08380952800000001,-0.049218532
0.084884,-0.048562284000000004
0.08595848,-0.047687288
0.087032968,-0.04703104
0.088107448,-0.046593544
0.08918192800000001,-0.04549980000000001
0.09025640800000001,-0.04473417600000001
0.09133089600000001,-0.044296680000000005
0.092405368,-0.043093556000000005
0.093479848,-0.042327936000000004
0.094554336,-0.042218564
0.095628816,-0.041015444000000005
0.09670329600000001,-0.040140444000000004
0.09777777600000001,-0.03959357200000001
0.098852256,-0.038827952
0.099926736,-0.03784358
0.101001,-0.037187336
0.102075,-0.036312340000000005
0.10314999999999999,-0.035765468
0.104224,-0.03456234400000001
0.10529899999999999,-0.0339061
0.106373,-0.033249852
0.107448,-0.032046732
0.108522,-0.03106236
0.109597,-0.030843614000000005
0.11067099999999999,-0.029531118000000002
0.111746,-0.028656122000000003
0.11281999999999999,-0.027781126000000003
0.113894,-0.026796756000000005
0.11496899999999999,-0.026031134000000004
0.116043,-0.024718642000000002
0.117118,-0.024062392000000002
0.11819199999999999,-0.023078022
0.119267,-0.021874904
0.12034099999999999,-0.021109282
0.121416,-0.005650375000000001
0.12248999999999999,-0.008702362
0.123565,-0.00894316
0.124639,-0.008293563
0.125714,-0.007319168000000001
0.12678799999999998,-0.006361572
0.127863,-0.005252777
0.128937,-0.004171981000000001
0.130012,-0.003147186
0.13108599999999998,-0.0018759910000000002
0.132161,-0.0008063960000000001
0.133235,0.00026879800000000005
0.13430999999999998,0.001511993
0.135384,0.002721588
0.136459,0.003847183
0.137533,0.005269577
0.13860799999999998,0.006423171000000001
0.139682,0.0077055660000000005
0.140757,0.009127960000000001
0.14183099999999998,0.010359955
0.142905,0.011838348000000002
0.14398,0.013176742000000002
0.145054,0.014571136
0.14612899999999998,0.016088729000000003
0.147203,0.017527922
0.148278,0.018927918000000002
0.14935199999999998,0.020445510000000004
0.150427,0.021935102
0.151501,0.023391096
0.152576,0.02500389
0.15364999999999998,0.026476684
0.154725,0.028033478000000004
0.155799,0.029623868
0.15687399999999999,0.031186262000000003
0.157948,0.032827054
0.159023,0.034383848
0.160097,0.035974244
0.16117199999999998,0.037631836
0.162246,0.039188628
0.163321,0.04071182
0.16439499999999999,0.042386212
0.16547,0.043842208
0.166544,0.045163800000000004
0.167619,0.046530196
0.16869299999999998,0.047498988000000006
0.169768,0.048473384
0.170842,0.049313380000000004
0.17191599999999999,0.046374792000000005
0.172991,0.04735916400000001
0.174065,0.048999784000000005
0.17514,0.05085914800000001
0.17621399999999998,0.052281016
0.177289,0.053921636
0.178363,0.055234132000000005
0.179438,0.056874748
0.18051199999999998,0.058405992000000004
0.181587,0.059718484
0.182661,0.06146848
0.18373599999999998,0.063109092
0.18481,0.064093464
0.185885,0.06584346
0.186959,0.067484072
0.18803399999999998,0.06857782400000001
0.189108,0.07043719200000001
0.190183,0.071859056
0.19125699999999998,0.07306217599999999
0.192332,0.074702792
0.193406,0.07623404
0.194481,0.077984024
0.19555499999999998,0.07984340000000001
0.19663,0.08126526400000002
0.197704,0.08323400800000001
0.19877799999999998,0.085093368
0.199853,0.086624616
0.200927,0.089030856
0.202002,0.09110897600000001
0.20307599999999998,0.09274958400000001
0.204151,0.09526520000000001
0.205225,0.09767144000000001
0.20629999999999998,0.09996830400000001
0.207374,0.102702
0.208449,0.10510800000000001
0.209523,0.10806199999999999
0.21059799999999998,0.111233
0.211672,0.11364
0.212747,0.117358
0.21382099999999998,0.12064
0.214896,0.12359299999999998
0.21597,0.127858
0.217045,0.131796
0.21811899999999998,0.135405
0.219194,0.13967100000000002
0.220268,0.144155
0.22134299999999998,0.14853
0.222417,0.153889
0.223492,0.15870199999999998
0.224566,0.164061
0.22564099999999998,0.170077
0.226715,0.17543599999999998
0.227789,0.18243600000000001
0.22886399999999998,0.189217
0.22993799999999998,0.19578
0.231013,0.203764
0.232087,0.212077
0.23316199999999998,0.219186
0.234236,0.22793599999999997
0.235311,0.237014
0.23638499999999998,0.24543600000000002
0.23745999999999998,0.25484199999999996
0.238534,0.26403000000000004
0.239609,0.27442
0.24068299999999998,0.284592
0.241758,0.295311
0.242832,0.306139
0.24390699999999998,0.31740399999999996
0.24498099999999998,0.32834199999999997
0.246056,0.341029
0.24713,0.353389
0.24820499999999998,0.365748
0.249279,0.378982
0.25035399999999997,0.39342
0.251428,0.406873
0.252503,0.42185700000000004
0.253577,0.436951
0.254652,0.453138
0.255726,0.46932599999999997
0.2568,0.485841
0.25787499999999997,0.5033409999999999
0.258949,0.5209499999999999
0.260024,0.5385599999999999
0.261098,0.5580280000000001
0.262173,0.5771689999999999
0.263247,0.596419
0.264322,0.617528
0.26539599999999997,0.638419
0.266471,0.659965
0.267545,0.6827150000000001
0.26861999999999997,0.7055750000000001
0.269694,0.729309
0.270769,0.752277
0.271843,0.775137
0.272918,0.799199
0.273992,0.823152
0.275067,0.847871
0.27614099999999997,0.874011
0.27721599999999996,0.90037
0.27829,0.9267299999999999
0.279365,0.954948
0.280439,0.983605
0.281514,1.012589
0.282588,1.0429950000000001
0.283663,1.0736199999999998
0.28473699999999996,1.105776
0.285811,1.138807
0.286886,1.171619
0.28796,1.2059630000000001
0.289035,1.2413999999999998
0.290109,1.275963
0.291184,1.312712
0.29225799999999996,1.349462
0.293333,1.385993
0.294407,1.424931
0.29548199999999997,1.463649
0.296556,1.502149
0.297631,1.5417429999999999
0.298705,1.5819929999999998
0.29978,1.622461
0.300854,1.663148
0.301929,1.7038360000000001
0.30300299999999997,1.745398
0.30407799999999996,1.7867419999999998
0.305152,1.828304
0.30622699999999997,1.8705219999999998
0.307301,1.9118659999999998
0.308376,1.9529910000000001
0.30945,1.995428
0.310525,2.0374280000000002
0.31159899999999996,2.0776779999999997
0.312673,2.120115
0.31374799999999997,2.1603649999999996
0.314822,2.20149
0.315897,2.24174
0.316971,2.281552
0.318046,2.3209269999999997
0.31911999999999996,2.3594269999999997
0.320195,2.3974889999999998
0.32126899999999997,2.4355510000000002
0.32234399999999996,2.472301
0.323418,2.507738
0.324493,2.5436129999999997
0.325567,2.578613
0.326642,2.6123
0.327716,2.645113
0.328791,2.67705
0.32986499999999996,2.708113
0.33094,2.738737
0.332014,2.767175
0.33308899999999997,2.796049
0.334163,2.824049
0.335238,2.849424
0.336312,2.875237
0.337387,2.899299
0.338461,2.9229239999999996
0.339536,2.9456740000000003
0.34060999999999997,2.967111
0.341684,2.986799
0.342759,3.0069239999999997
0.343833,3.026173
0.344908,3.043673
0.345982,3.060736
0.347057,3.075611
0.34813099999999997,3.091361
0.34920599999999996,3.105798
0.35028,3.118923
0.351355,3.1316100000000002
0.352429,3.142986
0.353504,3.15261
0.354578,3.16311
0.355653,3.171423
0.35672699999999996,3.17886
0.357802,3.18586
0.358876,3.19111
0.35995099999999997,3.1959229999999996
0.361025,3.1998599999999997
0.3621,3.2029229999999997
0.363174,3.20511
0.364249,3.205985
0.365323,3.205985
0.366398,3.205985
0.36747199999999997,3.204673
0.368546,3.2024850000000002
0.369621,3.1998599999999997
0.370695,3.196798
0.37177,3.191985
0.372844,3.1880479999999998
0.373919,3.1827979999999996
0.37499299999999997,3.176235
0.37606799999999996,3.170548
0.377142,3.1626730000000003
0.37821699999999997,3.15611
0.379291,3.148236
0.380366,3.1394859999999998
0.38144,3.130736
0.382515,3.1215479999999998
0.38358899999999996,3.111923
0.384664,3.101861
0.38573799999999997,3.0917980000000003
0.38681299999999996,3.079986
0.387887,3.0703609999999997
0.388962,3.058986
0.390036,3.046736
0.391111,3.0357979999999998
0.392185,3.0235489999999996
0.39326,3.011736
0.39433399999999996,2.999924
0.39540899999999995,2.9872360000000002
0.396483,2.974549
0.397557,2.9627359999999996
0.398632,2.949611
0.399706,2.9377989999999996
0.400781,2.925112
0.40185499999999996,2.911549
0.40292999999999995,2.899299
0.404004,2.8870489999999998
0.40507899999999997,2.8743619999999996
0.406153,2.861674
0.407228,2.849862
0.408302,2.836737
0.409377,2.824924
0.41045099999999995,2.8131120000000003
0.411526,2.800862
0.41259999999999997,2.78905
0.41367499999999996,2.7767999999999997
0.414749,2.765862
0.41582399999999997,2.75405
0.416898,2.7417999999999996
0.417973,2.731737
0.419047,2.7207999999999997
0.420122,2.709425
0.42119599999999996,2.6989249999999996
0.422271,2.687988
0.42334499999999997,2.677488
0.42441999999999996,2.6669880000000004
0.425494,2.6569249999999998
0.426568,2.646863
0.427643,2.636363
0.42871699999999996,2.625863
0.429792,2.616675
0.43086599999999997,2.60705
0.43194099999999996,2.596988
0.433015,2.5878
0.43409,2.577738
0.435164,2.568113
0.436239,2.558926
0.437313,2.549738
0.438388,2.540113
0.43946199999999996,2.530926
0.44053699999999996,2.5213010000000002
0.441611,2.512113
0.44268599999999997,2.502488
0.44376,2.492863
0.444835,2.483676
0.445909,2.4736130000000003
0.446984,2.463114
0.44805799999999996,2.453489
0.449133,2.443426
0.45020699999999997,2.431614
0.45128199999999996,2.4206760000000003
0.452356,2.4093009999999997
0.45343,2.397051
0.454505,2.383926
0.45557899999999996,2.3712389999999997
0.456654,2.357239
0.45772799999999997,2.343239
0.45880299999999996,2.327489
0.459877,2.312177
0.460952,2.295114
0.462026,2.277614
0.463101,2.259677
0.464175,2.240427
0.46525,2.2203019999999998
0.46632399999999996,2.200177
0.46739899999999995,2.17874
0.468473,2.15599
0.46954799999999997,2.132803
0.470622,2.10874
0.471697,2.083803
0.472771,2.057553
0.473846,2.029991
0.47491999999999995,2.002428
0.475995,1.973553
0.47706899999999997,1.944241
0.47814399999999996,1.9140529999999998
0.479218,1.882554
0.48029299999999997,1.8506159999999998
0.481367,1.819116
0.48244099999999995,1.7867419999999998
0.483516,1.753929
0.48458999999999997,1.721117
0.48566499999999996,1.688742
0.486739,1.65593
0.48781399999999997,1.62443
0.488888,1.592492
0.489963,1.561868
0.491037,1.531243
0.492112,1.50193
0.49318599999999996,1.473493
0.49426099999999995,1.445931
0.49533499999999997,1.419243
0.49640999999999996,1.3934309999999999
0.497484,1.368931
0.498559,1.344869
0.499633,1.3225559999999998
0.5007079999999999,1.300244
0.501782,1.2792439999999998
0.502857,1.258681
0.503931,1.238994
0.505006,1.2201819999999999
0.50608,1.202244
0.507155,1.184744
0.5082289999999999,1.1676819999999999
0.509304,1.151494
0.510378,1.1353069999999998
0.511452,1.1199949999999999
0.512527,1.1051199999999999
0.513601,1.090682
0.514676,1.076682
0.5157499999999999,1.0631199999999998
0.516825,1.049995
0.517899,1.037307
0.5189739999999999,1.02462
0.520048,1.01237
0.521123,1.0005570000000001
0.522197,0.9887449999999999
0.523272,0.97737
0.524346,0.965995
0.525421,0.9550580000000001
0.5264949999999999,0.944558
0.52757,0.9340579999999999
0.528644,0.9239949999999999
0.5297189999999999,0.913933
0.530793,0.90387
0.531868,0.894246
0.532942,0.884621
0.534017,0.875433
0.535091,0.866246
0.5361659999999999,0.8574959999999999
0.5372399999999999,0.848308
0.538314,0.839996
0.539389,0.831683
0.540463,0.823371
0.541538,0.815496
0.542612,0.8076209999999999
0.5436869999999999,0.799746
0.5447609999999999,0.792746
0.545836,0.785308
0.54691,0.777871
0.5479849999999999,0.7713089999999999
0.549059,0.764309
0.550134,0.758184
0.5512079999999999,0.751621
0.552283,0.745496
0.553357,0.739809
0.5544319999999999,0.7341209999999999
0.5555059999999999,0.727996
0.556581,0.722746
0.557655,0.717496
0.55873,0.712246
0.559804,0.707434
0.560879,0.703059
0.5619529999999999,0.6978089999999999
0.563028,0.693871
0.564102,0.689496
0.5651769999999999,0.685121
0.566251,0.681184
0.567326,0.6772459999999999
0.5684,0.672872
0.5694739999999999,0.669809
0.570549,0.665872
0.571623,0.662372
0.5726979999999999,0.659309
0.573772,0.655809
0.574847,0.652747
0.575921,0.649247
0.576996,0.6461840000000001
0.57807,0.643122
0.579145,0.640497
0.5802189999999999,0.637872
0.581294,0.634809
0.582368,0.6326219999999999
0.5834429999999999,0.629559
0.584517,0.627372
0.585592,0.6247469999999999
0.586666,0.622559
0.587741,0.620372
0.588815,0.6177469999999999
0.58989,0.615997
0.5909639999999999,0.6138089999999999
0.592039,0.611184
0.593113,0.609434
0.5941879999999999,0.607247
0.595262,0.605059
0.596336,0.603309
0.597411,0.6015590000000001
0.5984849999999999,0.599372
0.59956,0.597622
0.600634,0.595872
0.6017089999999999,0.594122
0.602783,0.592372
0.603858,0.5901839999999999
0.604932,0.588872
0.606007,0.587559
0.607081,0.585809
0.6081559999999999,0.584059
0.6092299999999999,0.582747
0.610305,0.580997
0.611379,0.579684
0.6124539999999999,0.578372
0.613528,0.576622
0.614603,0.575309
0.6156769999999999,0.573997
0.616752,0.572684
0.617826,0.571372
0.6189009999999999,0.570059
0.6199749999999999,0.569184
0.62105,0.567435
0.622124,0.566559
0.6231979999999999,0.5656840000000001
0.624273,0.564372
0.625347,0.563059
0.6264219999999999,0.562185
0.6274959999999999,0.56131
0.628571,0.559997
0.629645,0.5591219999999999
0.63072,0.558247
0.631794,0.557372
0.632869,0.556497
0.6339429999999999,0.555622
0.635018,0.554747
0.636092,0.5538719999999999
0.6371669999999999,0.552997
0.638241,0.5525599999999999
0.639316,0.5521219999999999
0.64039,0.5508099999999999
0.641465,0.5508099999999999
0.642539,0.550372
0.643614,0.549497
0.6446879999999999,0.54906
0.645763,0.54906
0.646837,0.548622
0.6479119999999999,0.548185
0.648986,0.548185
0.650061,0.547747
0.651135,0.547747
0.6522089999999999,0.547747
0.653284,0.548185
0.654358,0.547747
0.6554329999999999,0.548185
0.656507,0.548622
0.657582,0.54906
0.658656,0.54906
0.659731,0.5499350000000001
0.660805,0.550372
0.66188,0.5508099999999999
0.6629539999999999,0.5521219999999999
0.664029,0.5525599999999999
0.665103,0.5538719999999999
0.6661779999999999,0.554747
0.667252,0.556497
0.668327,0.5578099999999999
0.669401,0.5591219999999999
0.670476,0.5608719999999999
0.67155,0.563059
0.6726249999999999,0.565247
0.6736989999999999,0.567435
0.674774,0.569622
0.675848,0.572684
0.6769229999999999,0.575309
0.677997,0.578809
0.679072,0.581872
0.6801459999999999,0.585372
0.6812199999999999,0.588872
0.682295,0.593247
0.683369,0.597622
0.6844439999999999,0.602434
0.685518,0.606809
0.686593,0.612497
0.6876669999999999,0.618184
0.688742,0.623872
0.689816,0.629997
0.6908909999999999,0.636997
0.6919649999999999,0.643997
0.69304,0.651872
0.694114,0.659309
0.695189,0.668059
0.696263,0.6763709999999999
0.697338,0.685559
0.6984119999999999,0.695621
0.699487,0.705684
0.700561,0.716184
0.7016359999999999,0.727996
0.70271,0.739371
0.703785,0.751184
0.704859,0.764309
0.705934,0.777871
0.707008,0.791433
0.708083,0.805433
0.7091569999999999,0.819871
0.710231,0.835183
0.711306,0.850058
0.71238,0.8649330000000001
0.713455,0.880683
0.714529,0.8964329999999999
0.715604,0.9117449999999999
0.7166779999999999,0.9270579999999999
0.717753,0.941933
0.718827,0.95637
0.7199019999999999,0.9703700000000001
0.720976,0.983495
0.722051,0.995745
0.723125,1.00712
0.7242,1.016745
0.725274,1.025495
0.726349,1.032932
0.7274229999999999,1.038182
0.728498,1.042557
0.729572,1.0447449999999998
0.7306469999999999,1.04562
0.731721,1.04562
0.732796,1.0429950000000001
0.7338699999999999,1.0390570000000001
0.734945,1.03512
0.736019,1.0294320000000001
0.737093,1.022432
0.7381679999999999,1.0149949999999999
0.739242,1.007558
0.740317,0.9988080000000001
0.7413909999999999,0.990058
0.742466,0.9813080000000001
0.74354,0.9729949999999999
0.7446149999999999,0.964683
0.7456889999999999,0.95637
0.746764,0.948933
0.747838,0.941933
0.7489129999999999,0.934495
0.749987,0.929245
0.751062,0.9239949999999999
0.7521359999999999,0.919183
0.753211,0.915683
0.754285,0.91262
0.7553599999999999,0.9099949999999999
0.7564339999999999,0.9086829999999999
0.757509,0.906933
0.758583,0.906933
0.7596579999999999,0.906933
0.760732,0.906933
0.761807,0.908245
0.7628809999999999,0.90912
0.7639549999999999,0.9104329999999999
0.76503,0.912183
0.766104,0.913933
0.7671789999999999,0.9169949999999999
0.768253,0.91962
0.769328,0.922245
0.7704019999999999,0.9253079999999999
0.771477,0.92837
0.772551,0.9323079999999999
0.7736259999999999,0.93537
0.7746999999999999,0.9393079999999999
0.775775,0.942808
0.776849,0.947183
0.777924,0.95112
0.778998,0.9554950000000001
0.780073,0.9598699999999999
0.7811469999999999,0.964683
0.782222,0.9690580000000001
0.783296,0.9738699999999999
0.7843709999999999,0.978683
0.785445,0.983495
0.78652,0.9887449999999999
0.787594,0.993558
0.788669,0.999245
0.789743,1.004495
0.7908179999999999,1.01062
0.7918919999999999,1.0163069999999998
0.792967,1.021995
0.794041,1.0281200000000001
0.795115,1.0342449999999999
0.79619,1.04037
0.797264,1.046495
0.7983389999999999,1.053057
0.7994129999999999,1.0600569999999998
0.800488,1.067057
0.801562,1.0740569999999998
0.8026369999999999,1.081057
0.803711,1.0880569999999998
0.804786,1.095932
0.8058599999999999,1.10337
0.806935,1.111245
0.808009,1.11912
0.8090839999999999,1.126557
0.8101579999999999,1.13487
0.811233,1.1431820000000001
0.812307,1.151494
0.8133819999999999,1.160244
0.814456,1.168994
0.815531,1.177744
0.8166049999999999,1.186932
0.81768,1.196119
0.818754,1.205744
0.8198289999999999,1.2153690000000001
0.8209029999999999,1.224557
0.821978,1.234619
0.823052,1.2442440000000001
0.8241259999999999,1.254744
0.825201,1.2652439999999998
0.826275,1.275306
0.8273499999999999,1.285806
0.8284239999999999,1.297181
0.829499,1.3085559999999998
0.830573,1.319931
0.8316479999999999,1.331744
0.832722,1.343119
0.833797,1.3549309999999999
0.8348709999999999,1.367618
0.835946,1.3794309999999999
0.83702,1.3916810000000002
0.8380949999999999,1.404368
0.8391689999999999,1.417493
0.840244,1.430181
0.841318,1.443306
0.842393,1.4568679999999998
0.843467,1.4708679999999998
0.844542,1.48443
0.8456159999999999,1.49843
0.846691,1.513305
0.847765,1.527305
0.8488399999999999,1.5417429999999999
0.849914,1.5570549999999999
0.850988,1.571493
0.852063,1.586805
0.8531369999999999,1.602992
0.854212,1.6183049999999999
0.855286,1.634492
0.8563609999999999,1.632742
0.857435,1.617867
0.85851,1.607805
0.859584,1.598617
0.860659,1.592492
0.861733,1.5850549999999999
0.8628079999999999,1.578492
0.8638819999999999,1.57368
0.864957,1.567117
0.866031,1.560993
0.8671059999999999,1.5566179999999998
0.86818,1.549618
0.869255,1.544368
0.8703289999999999,1.539993
0.871404,1.533868
0.872478,1.5290549999999998
0.8735529999999999,1.5242429999999998
0.8746269999999999,1.518118
0.875702,1.5137429999999998
0.876776,1.508493
0.8778499999999999,1.5032429999999999
0.878925,1.4997429999999998
0.879999,1.4940550000000001
0.8810739999999999,1.48968
0.8821479999999999,1.4861799999999998
0.883223,1.48093
0.884297,1.476555
0.8853719999999999,1.473055
0.886446,1.468243
0.887521,1.464306
0.8885949999999999,1.4603679999999999
0.88967,1.455555
0.890744,1.452931
0.8918189999999999,1.448556
0.8928929999999999,1.444181
0.893968,1.4415559999999998
0.895042,1.4376179999999998
0.8961169999999999,1.433243
0.897191,1.431056
0.898266,1.4266809999999999
0.8993399999999999,1.4231809999999998
0.900415,1.4205560000000002
0.901489,1.416181
0.9025639999999999,1.413993
0.9036379999999999,1.410931
0.904713,1.4069930000000002
0.905787,1.404368
0.9068609999999999,1.401743
0.907936,1.398243
0.90901,1.3956179999999998
0.9100849999999999,1.3925560000000001
0.9111589999999999,1.389493
0.912234,1.388181
0.913308,1.384681
0.914383,1.3816179999999998
0.915457,1.3798679999999999
0.916532,1.376806
0.9176059999999999,1.3746180000000001
0.918681,1.372431
0.919755,1.368931
0.9208299999999999,1.367181
0.921904,1.3654309999999998
0.922979,1.362368
0.924053,1.361056
0.925128,1.358431
0.926202,1.355369
0.9272769999999999,1.354493
0.9283509999999999,1.352306
0.929426,1.3501180000000002
0.9305,1.3488060000000002
0.9315749999999999,1.345744
0.932649,1.343994
0.933724,1.342681
0.9347979999999999,1.340056
0.9358719999999999,1.338744
0.936947,1.336994
0.938021,1.3348060000000002
0.9390959999999999,1.333931
0.94017,1.331744
0.941245,1.3299940000000001
0.9423189999999999,1.329119
0.943394,1.326494
0.944468,1.324744
0.9455429999999999,1.324744
0.9466169999999999,1.3216809999999999
0.947692,1.320369
0.948766,1.3194940000000002
0.9498409999999999,1.316869
0.950915,1.315994
0.95199,1.314681
0.9530639999999999,1.312494
0.954139,1.312056
0.955213,1.310306
0.9562879999999999,1.3085559999999998
0.9573619999999999,1.3081189999999998
0.958437,1.3059310000000002
0.959511,1.305056
0.9605859999999999,1.304181
0.96166,1.3024310000000001
0.962735,1.300681
0.9638089999999999,1.300681
0.9648829999999999,1.2980559999999999
0.965958,1.297619
0.967032,1.296744
0.9681069999999999,1.2945559999999998
0.969181,1.2945559999999998
0.970256,1.2932439999999998
0.9713299999999999,1.291494
0.972405,1.291494
0.973479,1.289744
0.9745539999999999,1.288431
0.9756279999999999,1.288431
0.976703,1.286681
0.977777,1.285806
0.9788519999999999,1.285369
0.979926,1.283181
0.9810009999999999,1.282306
0.9820749999999999,1.282306
0.98315,1.2805559999999998
0.984224,1.280119
0.9852989999999999,1.2792439999999998
0.9863729999999999,1.277494
0.987448,1.277494
0.9885219999999999,1.276181
0.989597,1.274869
0.990671,1.274431
0.991745,1.2731190000000001
0.9928199999999999,1.272244
0.9938939999999999,1.272244
0.994969,1.270931
0.9960429999999999,1.270056
0.997118,1.269619
0.998192,1.267869
0.9992669999999999,1.267869
1.000341,1.267431
1.0014159999999999,1.2656809999999998
1.0024899999999999,1.2656809999999998
1.003565,1.2643689999999999
1.004639,1.263494
1.005714,1.263494
1.006788,1.262181
1.007863,1.261306
1.008937,1.260869
1.010012,1.2595560000000001
1.011086,1.259119
1.0121609999999999,1.259119
1.0132349999999999,1.257369
1.01431,1.256931
1.015384,1.256494
1.016459,1.2551809999999999
1.017533,1.255619
1.018608,1.254306
1.019682,1.253431
1.020756,1.253869
1.021831,1.252119
1.022905,1.251244
1.02398,1.2516809999999998
1.025054,1.2503689999999998
1.0261289999999998,1.249931
1.0272029999999999,1.2494939999999999
1.028278,1.248182
1.029352,1.248182
1.030427,1.247744
1.031501,1.246431
1.032576,1.246431
1.03365,1.245994
1.034725,1.244681
1.035799,1.245119
1.0368739999999999,1.243806
1.0379479999999999,1.242931
1.039023,1.243369
1.040097,1.242057
1.041172,1.2411809999999999
1.042246,1.241619
1.043321,1.2398689999999999
1.044395,1.2398689999999999
1.04547,1.239431
1.046544,1.238119
1.047618,1.238556
1.0486929999999999,1.237682
1.049767,1.2368059999999998
1.050842,1.237244
1.0519159999999999,1.235932
1.052991,1.2354939999999999
1.054065,1.2354939999999999
1.05514,1.234182
1.056214,1.233744
1.057289,1.234182
1.058363,1.232432
1.0594379999999999,1.232432
1.060512,1.232432
1.061587,1.231119
1.0626609999999999,1.231119
1.063736,1.230682
1.06481,1.229807
1.065885,1.229807
1.066959,1.228494
1.068034,1.228057
1.069108,1.228494
1.0701829999999999,1.227182
1.071257,1.226744
1.0723319999999998,1.227182
1.0734059999999999,1.2258689999999999
1.074481,1.2258689999999999
1.075555,1.2258689999999999
1.076629,1.224119
1.077704,1.224994
1.078778,1.224119
1.079853,1.222807
1.080927,1.223244
1.082002,1.222807
1.083076,1.2214939999999999
1.0841509999999999,1.2223689999999998
1.0852249999999999,1.220619
1.0863,1.2201819999999999
1.0873739999999998,1.2210569999999998
1.088449,1.219307
1.089523,1.219307
1.090598,1.218869
1.091672,1.217994
1.092747,1.218432
1.093821,1.217994
1.0948959999999999,1.217119
1.0959699999999999,1.217119
1.097045,1.216244
1.0981189999999998,1.215807
1.099194,1.216244
1.100268,1.2149320000000001
1.101343,1.2149320000000001
1.102417,1.2153690000000001
1.103492,1.214057
1.104566,1.213619
1.1056409999999999,1.214057
1.106715,1.212744
1.107789,1.213182
1.1088639999999998,1.212307
1.1099379999999999,1.210994
1.111013,1.211432
1.112087,1.210994
1.113162,1.210119
1.114236,1.210994
1.115311,1.209682
1.116385,1.209244
1.11746,1.209682
1.118534,1.207932
1.1196089999999999,1.208369
1.1206829999999999,1.208369
1.121758,1.2070569999999998
1.122832,1.2074939999999998
1.123907,1.2074939999999998
1.124981,1.205744
1.126056,1.2066189999999999
1.12713,1.2061819999999999
1.128205,1.205307
1.129279,1.205307
1.1303539999999999,1.204432
1.1314279999999999,1.203994
1.132503,1.203994
1.133577,1.203119
1.134652,1.203119
1.135726,1.2035569999999998
1.1368,1.202244
1.137875,1.202244
1.138949,1.202244
1.140024,1.200932
1.141098,1.201807
1.1421729999999999,1.200932
1.143247,1.200057
1.1443219999999998,1.200494
1.1453959999999999,1.199619
1.146471,1.199182
1.147545,1.200057
1.14862,1.198307
1.149694,1.198307
1.150769,1.198307
1.151843,1.197432
1.1529179999999999,1.197432
1.153992,1.197432
1.1550669999999998,1.196994
1.1561409999999999,1.196994
1.157216,1.196557
1.15829,1.195682
1.159365,1.196119
1.160439,1.195682
1.161514,1.194807
1.162588,1.195682
1.163663,1.193932
1.164737,1.193932
1.165811,1.194369
1.1668859999999999,1.193057
1.1679599999999999,1.193057
1.169035,1.1934939999999998
1.1701089999999998,1.1926189999999999
1.171184,1.1926189999999999
1.172258,1.1921819999999999
1.173333,1.191307
1.174407,1.191744
1.175482,1.191307
1.176556,1.190432
1.1776309999999999,1.191307
1.178705,1.1899939999999998
1.17978,1.1899939999999998
1.1808539999999998,1.1899939999999998
1.181929,1.1886819999999998
1.183003,1.189119
1.184078,1.189119
1.185152,1.187807
1.186227,1.188244
1.187301,1.188244
1.1883759999999999,1.1873690000000001
1.18945,1.187807
1.190525,1.186932
1.1915989999999999,1.1860570000000001
1.1926729999999999,1.186932
1.193748,1.1860570000000001
1.194822,1.185619
1.195897,1.1860570000000001
1.196971,1.185182
1.198046,1.184744
1.19912,1.185182
1.200195,1.184307
1.201269,1.184307
1.2023439999999999,1.184307
1.2034179999999999,1.183432
1.204493,1.183869
1.205567,1.1829939999999999
1.206642,1.182557
1.207716,1.183432
1.208791,1.182119
1.209865,1.181682
1.21094,1.182119
1.212014,1.180807
1.2130889999999999,1.181244
1.2141629999999999,1.181244
1.215238,1.180369
1.2163119999999998,1.180807
1.217387,1.180369
1.218461,1.179494
1.219535,1.180369
1.22061,1.179494
1.221684,1.179057
1.222759,1.179494
1.223833,1.1786189999999999
1.2249079999999999,1.1781819999999998
1.225982,1.1786189999999999
1.2270569999999998,1.177744
1.2281309999999999,1.177744
1.229206,1.1781819999999998
1.23028,1.176869
1.231355,1.176869
1.232429,1.176869
1.233504,1.175994
1.234578,1.176432
1.235653,1.175994
1.236727,1.175119
1.2378019999999998,1.175994
1.2388759999999999,1.1746819999999998
1.239951,1.174244
1.241025,1.175119
1.2421,1.174244
1.243174,1.173807
1.244249,1.1746819999999998
1.245323,1.173369
1.246397,1.173807
1.247472,1.173807
1.248546,1.172932
1.2496209999999999,1.173369
1.250695,1.172932
1.25177,1.171619
1.2528439999999998,1.1724940000000001
1.253919,1.171619
1.254993,1.171619
1.256068,1.1720570000000001
1.257142,1.171182
1.258217,1.170744
1.259291,1.171182
1.2603659999999999,1.169869
1.26144,1.170307
1.262515,1.170307
1.2635889999999999,1.169432
1.264664,1.169432
1.265738,1.169869
1.266813,1.168557
1.267887,1.169432
1.268962,1.168557
1.270036,1.1676819999999999
1.2711109999999999,1.168557
1.272185,1.1676819999999999
1.273259,1.167244
1.2743339999999999,1.1676819999999999
1.2754079999999999,1.166807
1.276483,1.166807
1.2775569999999998,1.166807
1.278632,1.165932
1.279706,1.166369
1.280781,1.165932
1.281855,1.165494
1.28293,1.165494
1.284004,1.165494
1.2850789999999999,1.1646189999999998
1.2861529999999999,1.165057
1.287228,1.1646189999999998
1.2883019999999998,1.1641819999999998
1.289377,1.165057
1.290451,1.163744
1.291526,1.1641819999999998
1.2926,1.1646189999999998
1.293675,1.1633069999999999
1.294749,1.1633069999999999
1.2958239999999999,1.1633069999999999
1.2968979999999999,1.162432
1.297973,1.162869
1.2990469999999998,1.162432
1.300122,1.161557
1.301196,1.162432
1.30227,1.161557
1.303345,1.1611189999999998
1.304419,1.161994
1.305494,1.1611189999999998
1.306568,1.160682
1.3076429999999999,1.161557
1.308717,1.1598069999999998
1.3097919999999998,1.160244
1.3108659999999999,1.160682
1.311941,1.159369
1.313015,1.160244
1.31409,1.1598069999999998
1.315164,1.158932
1.316239,1.159369
1.317313,1.1584940000000001
1.318388,1.1580570000000001
1.319462,1.158932
1.3205369999999998,1.157619
1.3216109999999999,1.1580570000000001
1.322686,1.1584940000000001
1.32376,1.1571820000000002
1.324835,1.1571820000000002
1.325909,1.1571820000000002
1.326984,1.156744
1.328058,1.1571820000000002
1.329133,1.156744
1.330207,1.155869
1.331281,1.156744
1.3323559999999999,1.155869
1.33343,1.155432
1.3345049999999998,1.155869
1.3355789999999998,1.154994
1.336654,1.154994
1.337728,1.155432
1.338803,1.154557
1.339877,1.154557
1.340952,1.154557
1.342026,1.153682
1.3431009999999999,1.154119
1.344175,1.153682
1.3452499999999998,1.153244
1.3463239999999999,1.154119
1.347399,1.153244
1.348473,1.152807
1.349548,1.153244
1.350622,1.152369
1.351697,1.152369
1.352771,1.152369
1.3538459999999999,1.151494
1.35492,1.151932
1.3559949999999998,1.151932
1.3570689999999999,1.151494
1.358144,1.151494
1.359218,1.151057
1.360293,1.1506189999999998
1.361367,1.151494
1.362441,1.1506189999999998
1.363516,1.150182
1.36459,1.1506189999999998
1.365665,1.1497439999999999
1.366739,1.1497439999999999
1.3678139999999999,1.150182
1.3688879999999999,1.148869
1.369963,1.1493069999999999
1.3710369999999998,1.1497439999999999
1.372112,1.148432
1.373186,1.148869
1.374261,1.148869
1.375335,1.147994
1.37641,1.148432
1.377484,1.147557
1.3785589999999999,1.147557
1.3796329999999999,1.147994
1.380708,1.1471189999999998
1.3817819999999998,1.146682
1.382857,1.147557
1.383931,1.146682
1.385006,1.146682
1.38608,1.146682
1.387155,1.1458069999999998
1.388229,1.1462439999999998
1.3893039999999999,1.1462439999999998
1.390378,1.145369
1.3914529999999998,1.1462439999999998
1.3925269999999998,1.145369
1.3936009999999999,1.144932
1.394676,1.145369
1.39575,1.1444940000000001
1.396825,1.1444940000000001
1.397899,1.144932
1.398974,1.144057
1.400048,1.143619
1.401123,1.144057
1.402197,1.1431820000000001
1.4032719999999999,1.143619
1.4043459999999999,1.143619
1.405421,1.142744
1.4064949999999998,1.143619
1.40757,1.142744
1.408644,1.142744
1.409719,1.143619
1.410793,1.142744
1.411868,1.141869
1.412942,1.142744
1.4140169999999999,1.141869
1.4150909999999999,1.141432
1.416166,1.142307
1.4172399999999998,1.140994
1.418315,1.141432
1.419389,1.140994
1.420463,1.1401189999999999
1.421538,1.140994
1.422612,1.140557
1.423687,1.1401189999999999
1.424761,1.140557
1.4258359999999999,1.139682
1.42691,1.139682
1.4279849999999998,1.1401189999999999
1.4290589999999999,1.138807
1.430134,1.139244
1.431208,1.139682
1.432283,1.138807
1.433357,1.138807
1.434432,1.139244
1.435506,1.138369
1.4365809999999999,1.138807
1.437655,1.138369
1.4387299999999998,1.137494
1.4398039999999999,1.138369
1.440879,1.137494
1.441953,1.137057
1.443028,1.137932
1.444102,1.137057
1.445177,1.137057
1.446251,1.137057
1.447325,1.136182
1.4484,1.136619
1.449474,1.136619
1.4505489999999999,1.1357439999999999
1.4516229999999999,1.136619
1.452698,1.136182
1.4537719999999998,1.1353069999999998
1.454847,1.136182
1.455921,1.13487
1.456996,1.13487
1.45807,1.1357439999999999
1.459145,1.13487
1.460219,1.1344319999999999
1.4612939999999999,1.13487
1.462368,1.133994
1.4634429999999998,1.133994
1.4645169999999998,1.1344319999999999
1.465592,1.133557
1.466666,1.133994
1.467741,1.133557
1.468815,1.133119
1.46989,1.133994
1.470964,1.133119
1.4720389999999999,1.132682
1.473113,1.133557
1.474187,1.132682
1.4752619999999999,1.1322439999999998
1.4763359999999999,1.133119
1.477411,1.1318069999999998
1.4784849999999998,1.1322439999999998
1.47956,1.132682
1.480634,1.131369
1.481709,1.1318069999999998
1.482783,1.1318069999999998
1.483858,1.1309319999999998
1.484932,1.1318069999999998
1.4860069999999999,1.1309319999999998
1.4870809999999999,1.1304949999999998
1.488156,1.131369
1.4892299999999998,1.1304949999999998
1.490305,1.1304949999999998
1.491379,1.1309319999999998
1.492454,1.130057
1.493528,1.1296190000000002
1.494603,1.1304949999999998
1.495677,1.1296190000000002
1.4967519999999999,1.1296190000000002
1.4978259999999999,1.1296190000000002
1.498901,1.128745
1.4999749999999998,1.1296190000000002
1.498901,1.128745
1.4978259999999999,1.128307
1.4967519999999999,1.128745
1.495677,1.127869
1.494603,1.128307
1.493528,1.128745
1.492454,1.127432
1.491379,1.127869
1.490305,1.127869
1.4892299999999998,1.126995
1.488156,1.127432
1.4870809999999999,1.127869
1.4860069999999999,1.126557
1.484932,1.126995
1.483858,1.126557
1.482783,1.126119
1.481709,1.126995
1.480634,1.126119
1.47956,1.126119
1.4784849999999998,1.126557
1.477411,1.125682
1.4763359999999999,1.125682
1.4752619999999999,1.125682
1.474187,1.124807
1.473113,1.125245
1.4720389999999999,1.125245
1.470964,1.124807
1.46989,1.125245
1.468815,1.124807
1.467741,1.12437
1.466666,1.124807
1.465592,1.12437
1.4645169999999998,1.123932
1.4634429999999998,1.12437
1.462368,1.123932
1.4612939999999999,1.123494
1.460219,1.123932
1.459145,1.123057
1.45807,1.123494
1.456996,1.123494
1.455921,1.12262
1.454847,1.123494
1.4537719999999998,1.123057
1.452698,1.122182
1.4516229999999999,1.123057
1.4505489999999999,1.122182
1.449474,1.1217439999999999
1.4484,1.12262
1.447325,1.1217439999999999
1.446251,1.121307
1.445177,1.1217439999999999
1.444102,1.12087
1.443028,1.121307
1.441953,1.121307
1.440879,1.12087
1.4398039999999999,1.121307
1.4387299999999998,1.12087
1.437655,1.1204319999999999
1.4365809999999999,1.12087
1.435506,1.1204319999999999
1.434432,1.1199949999999999
1.433357,1.12087
1.432283,1.119557
1.431208,1.119557
1.430134,1.1199949999999999
1.4290589999999999,1.119557
1.4279849999999998,1.119557
1.42691,1.119557
1.4258359999999999,1.118682
1.424761,1.11912
1.423687,1.11912
1.422612,1.118245
1.421538,1.119557
1.420463,1.118245
1.419389,1.118245
1.418315,1.118682
1.4172399999999998,1.117807
1.416166,1.117807
1.4150909999999999,1.118245
1.4140169999999999,1.11737
1.412942,1.11737
1.411868,1.117807
1.410793,1.1169319999999998
1.409719,1.11737
1.408644,1.11737
1.40757,1.1164949999999998
1.4064949999999998,1.11737
1.405421,1.1164949999999998
1.4043459999999999,1.116057
1.4032719999999999,1.1169319999999998
1.402197,1.1156199999999998
1.401123,1.1156199999999998
1.400048,1.1164949999999998
1.398974,1.1156199999999998
1.397899,1.1156199999999998
1.396825,1.1156199999999998
1.39575,1.1151820000000001
1.394676,1.1151820000000001
1.3936009999999999,1.1151820000000001
1.3925269999999998,1.1143070000000002
1.3914529999999998,1.1156199999999998
1.390378,1.114745
1.3893039999999999,1.1138700000000001
1.388229,1.114745
1.387155,1.1138700000000001
1.38608,1.1138700000000001
1.385006,1.1143070000000002
1.383931,1.1138700000000001
1.382857,1.1138700000000001
1.3817819999999998,1.1138700000000001
1.380708,1.112995
1.3796329999999999,1.113432
1.3785589999999999,1.113432
1.377484,1.112557
1.37641,1.113432
1.375335,1.112995
1.374261,1.11212
1.373186,1.112995
1.372112,1.11212
1.3710369999999998,1.11212
1.369963,1.112557
1.3688879999999999,1.111682
1.3678139999999999,1.111682
1.366739,1.11212
1.365665,1.111245
1.36459,1.111682
1.363516,1.111682
1.362441,1.11037
1.361367,1.111245
1.360293,1.110807
1.359218,1.110807
1.358144,1.111245
1.3570689999999999,1.11037
1.3559949999999998,1.11037
1.35492,1.110807
1.3538459999999999,1.109932
1.352771,1.109932
1.351697,1.11037
1.350622,1.109057
1.349548,1.109932
1.348473,1.109932
1.347399,1.109057
1.3463239999999999,1.109495
1.3452499999999998,1.109057
1.344175,1.10862
1.3431009999999999,1.109495
1.342026,1.10862
1.340952,1.108182
1.339877,1.109057
1.338803,1.108182
1.337728,1.108182
1.336654,1.108182
1.3355789999999998,1.107307
1.3345049999999998,1.108182
1.33343,1.107745
1.3323559999999999,1.10687
1.331281,1.107745
1.330207,1.107307
1.329133,1.10687
1.328058,1.107745
1.326984,1.10687
1.325909,1.1064319999999999
1.324835,1.107307
1.32376,1.1064319999999999
1.322686,1.1059949999999998
1.3216109999999999,1.10687
1.3205369999999998,1.105557
1.319462,1.1064319999999999
1.318388,1.1064319999999999
1.317313,1.105557
1.316239,1.1059949999999998
1.315164,1.105557
1.31409,1.1051199999999999
1.313015,1.105557
1.311941,1.1051199999999999
1.3108659999999999,1.104682
1.3097919999999998,1.105557
1.308717,1.104245
1.3076429999999999,1.104682
1.306568,1.1051199999999999
1.305494,1.104245
1.304419,1.104245
1.303345,1.104682
1.30227,1.103807
1.301196,1.103807
1.300122,1.103807
1.2990469999999998,1.10337
1.297973,1.104245
1.2968979999999999,1.103807
1.2958239999999999,1.10337
1.294749,1.103807
1.293675,1.1029319999999998
1.2926,1.1029319999999998
1.291526,1.10337
1.290451,1.102495
1.289377,1.102495
1.2883019999999998,1.1029319999999998
1.287228,1.1020569999999998
1.2861529999999999,1.102495
1.2850789999999999,1.102495
1.284004,1.1016199999999998
1.28293,1.102495
1.281855,1.1020569999999998
1.280781,1.1016199999999998
1.279706,1.1020569999999998
1.278632,1.101182
1.2775569999999998,1.101182
1.276483,1.1020569999999998
1.2754079999999999,1.100745
1.2743339999999999,1.101182
1.273259,1.1016199999999998
1.272185,1.1003070000000001
1.2711109999999999,1.101182
1.270036,1.101182
1.268962,1.1003070000000001
1.267887,1.101182
1.266813,1.1003070000000001
1.265738,1.0998700000000001
1.264664,1.100745
1.2635889999999999,1.099432
1.262515,1.099432
1.26144,1.1003070000000001
1.2603659999999999,1.098995
1.259291,1.099432
1.258217,1.0998700000000001
1.257142,1.098557
1.256068,1.098995
1.254993,1.098995
1.253919,1.09812
1.2528439999999998,1.098995
1.25177,1.098995
1.250695,1.09812
1.2496209999999999,1.098557
1.248546,1.09812
1.247472,1.097682
1.246397,1.098557
1.245323,1.097682
1.244249,1.097682
1.243174,1.09812
1.2421,1.097245
1.241025,1.097682
1.239951,1.097682
1.2388759999999999,1.097245
1.2378019999999998,1.097245
1.236727,1.097245
1.235653,1.09637
1.234578,1.097245
1.233504,1.096807
1.232429,1.095932
1.231355,1.097245
1.23028,1.09637
1.229206,1.095932
1.2281309999999999,1.09637
1.2270569999999998,1.095495
1.225982,1.095932
1.2249079999999999,1.095932
1.223833,1.095057
1.222759,1.095495
1.221684,1.095495
1.22061,1.095057
1.219535,1.095495
1.218461,1.095057
1.217387,1.09462
1.2163119999999998,1.095495
1.215238,1.094182
1.2141629999999999,1.094182
1.2130889999999999,1.095057
1.212014,1.094182
1.21094,1.094182
1.209865,1.094182
1.208791,1.093745
1.207716,1.094182
1.206642,1.094182
1.205567,1.093307
1.204493,1.094182
1.2034179999999999,1.093307
1.2023439999999999,1.093307
1.201269,1.093745
1.200195,1.09287
1.19912,1.09287
1.198046,1.093745
1.196971,1.0924319999999998
1.195897,1.09287
1.194822,1.093307
1.193748,1.091995
1.1926729999999999,1.0924319999999998
1.1915989999999999,1.0924319999999998
1.190525,1.091995
1.18945,1.0924319999999998
1.1883759999999999,1.091995
1.187301,1.0915569999999999
1.186227,1.0924319999999998
1.185152,1.0911199999999999
1.184078,1.0911199999999999
1.183003,1.091995
1.181929,1.0911199999999999
1.1808539999999998,1.0915569999999999
1.17978,1.0915569999999999
1.178705,1.0911199999999999
1.1776309999999999,1.0911199999999999
1.176556,1.0911199999999999
1.175482,1.090245
1.174407,1.090682
1.173333,1.090682
1.172258,1.090245
1.171184,1.090682
1.1701089999999998,1.089807
1.169035,1.089807
1.1679599999999999,1.090682
1.1668859999999999,1.08937
1.165811,1.089807
1.164737,1.089807
1.163663,1.0889319999999998
1.162588,1.08937
1.161514,1.089807
1.160439,1.0889319999999998
1.159365,1.08937
1.15829,1.0889319999999998
1.157216,1.088495
1.1561409999999999,1.08937
1.1550669999999998,1.088495
1.153992,1.0880569999999998
1.1529179999999999,1.0889319999999998
1.151843,1.0880569999999998
1.150769,1.0880569999999998
1.149694,1.088495
1.14862,1.0876199999999998
1.147545,1.0880569999999998
1.146471,1.088495
1.1453959999999999,1.087182
1.1443219999999998,1.0880569999999998
1.143247,1.0876199999999998
1.1421729999999999,1.087182
1.141098,1.0876199999999998
1.140024,1.087182
1.138949,1.0867449999999999
1.137875,1.0876199999999998
1.1368,1.0863070000000001
1.135726,1.0867449999999999
1.134652,1.087182
1.133577,1.0867449999999999
1.132503,1.0867449999999999
1.1314279999999999,1.0867449999999999
1.1303539999999999,1.0858700000000001
1.129279,1.0863070000000001
1.128205,1.0863070000000001
1.12713,1.085432
1.126056,1.0863070000000001
1.124981,1.0858700000000001
1.123907,1.085432
1.122832,1.0858700000000001
1.121758,1.0849950000000002
1.1206829999999999,1.085432
1.1196089999999999,1.085432
1.118534,1.084557
1.11746,1.0849950000000002
1.116385,1.085432
1.115311,1.08412
1.114236,1.0849950000000002
1.113162,1.0849950000000002
1.112087,1.08412
1.111013,1.084557
1.1099379999999999,1.08412
1.1088639999999998,1.083682
1.107789,1.084557
1.106715,1.083682
1.1056409999999999,1.083682
1.104566,1.084557
1.103492,1.083682
1.102417,1.083245
1.101343,1.08412
1.100268,1.083245
1.099194,1.083682
1.0981189999999998,1.083245
1.097045,1.08237
1.0959699999999999,1.083245
1.0948959999999999,1.082807
1.093821,1.08237
1.092747,1.083245
1.091672,1.08237
1.090598,1.081932
1.089523,1.083245
1.088449,1.081932
1.0873739999999998,1.081932
1.0863,1.082807
1.0852249999999999,1.081495
1.0841509999999999,1.081932
1.083076,1.081932
1.082002,1.081057
1.080927,1.081932
1.079853,1.081495
1.078778,1.08062
1.077704,1.081495
1.076629,1.08062
1.075555,1.081057
1.074481,1.081495
1.0734059999999999,1.08062
1.0723319999999998,1.08062
1.071257,1.081057
1.0701829999999999,1.080182
1.069108,1.08062
1.068034,1.08062
1.066959,1.079745
1.065885,1.080182
1.06481,1.080182
1.063736,1.079745
1.0626609999999999,1.08062
1.061587,1.079745
1.060512,1.079307
1.0594379999999999,1.080182
1.058363,1.07887
1.057289,1.079307
1.056214,1.079307
1.05514,1.078432
1.054065,1.07887
1.052991,1.07887
1.0519159999999999,1.078432
1.050842,1.07887
1.049767,1.07887
1.0486929999999999,1.078432
1.047618,1.07887
1.046544,1.078432
1.04547,1.077995
1.044395,1.078432
1.043321,1.0775569999999999
1.042246,1.0775569999999999
1.041172,1.077995
1.040097,1.0771199999999999
1.039023,1.077995
1.0379479999999999,1.077995
1.0368739999999999,1.0771199999999999
1.035799,1.0775569999999999
1.034725,1.0775569999999999
1.03365,1.0771199999999999
1.032576,1.0775569999999999
1.031501,1.076682
1.030427,1.076245
1.029352,1.0771199999999999
1.028278,1.076682
1.0272029999999999,1.076245
1.0261289999999998,1.0771199999999999
1.025054,1.076245
1.02398,1.076245
1.022905,1.076682
1.021831,1.075807
1.020756,1.076245
1.019682,1.075807
1.018608,1.07537
1.017533,1.076245
1.016459,1.075807
1.015384,1.07537
1.01431,1.075807
1.0132349999999999,1.074932
1.0121609999999999,1.074932
1.011086,1.075807
1.010012,1.074932
1.008937,1.074932
1.007863,1.07537
1.006788,1.074495
1.005714,1.074932
1.004639,1.074495
1.003565,1.0740569999999998
1.0024899999999999,1.074932
1.0014159999999999,1.074495
1.000341,1.0736199999999998
0.9992669999999999,1.074495
0.998192,1.0740569999999998
0.997118,1.0736199999999998
0.9960429999999999,1.074495
0.994969,1.0736199999999998
0.9938939999999999,1.0736199999999998
0.9928199999999999,1.0740569999999998
0.991745,1.0731819999999999
0.990671,1.0736199999999998
0.989597,1.0736199999999998
0.9885219999999999,1.0731819999999999
0.987448,1.0736199999999998
0.9863729999999999,1.0727449999999998
0.9852989999999999,1.0723070000000001
0.984224,1.0731819999999999
0.98315,1.0723070000000001
0.9820749999999999,1.0723070000000001
0.9810009999999999,1.0731819999999999
0.979926,1.07187
0.9788519999999999,1.0723070000000001
0.977777,1.0727449999999998
0.976703,1.07187
0.9756279999999999,1.07187
0.9745539999999999,1.0723070000000001
0.973479,1.0714320000000002
0.972405,1.07187
0.9713299999999999,1.07187
0.970256,1.0709950000000001
0.969181,1.07187
0.9681069999999999,1.0714320000000002
0.967032,1.0709950000000001
0.965958,1.07187
0.9648829999999999,1.0709950000000001
0.9638089999999999,1.070557
0.962735,1.0714320000000002
0.96166,1.070557
0.9605859999999999,1.0709950000000001
0.959511,1.0709950000000001
0.958437,1.07012
0.9573619999999999,1.070557
0.9562879999999999,1.070557
0.955213,1.069682
0.954139,1.070557
0.9530639999999999,1.07012
0.95199,1.069682
0.950915,1.07012
0.9498409999999999,1.069682
0.948766,1.069245
0.947692,1.07012
0.9466169999999999,1.069245
0.9455429999999999,1.069682
0.944468,1.069682
0.943394,1.068807
0.9423189999999999,1.069245
0.941245,1.069245
0.94017,1.06837
0.9390959999999999,1.069245
0.938021,1.068807
0.936947,1.06837
0.9358719999999999,1.069245
0.9347979999999999,1.06837
0.933724,1.067932
0.932649,1.068807
0.9315749999999999,1.067932
0.9305,1.067932
0.929426,1.06837
0.9283509999999999,1.067495
0.9272769999999999,1.067932
0.926202,1.067932
0.925128,1.067057
0.924053,1.067932
0.922979,1.067495
0.921904,1.067057
0.9208299999999999,1.067932
0.919755,1.067057
0.918681,1.067057
0.9176059999999999,1.067495
0.916532,1.06662
0.915457,1.06662
0.914383,1.067057
0.913308,1.066182
0.912234,1.06662
0.9111589999999999,1.06662
0.9100849999999999,1.066182
0.90901,1.06662
0.907936,1.066182
0.9068609999999999,1.065307
0.905787,1.066182
0.904713,1.065745
0.9036379999999999,1.065745
0.9025639999999999,1.066182
0.901489,1.065307
0.900415,1.065307
0.8993399999999999,1.065745
0.898266,1.06487
0.897191,1.065307
0.8961169999999999,1.065307
0.895042,1.06487
0.893968,1.065307
0.8928929999999999,1.065307
0.8918189999999999,1.064432
0.890744,1.065307
0.88967,1.064432
0.8885949999999999,1.064432
0.887521,1.065307
0.886446,1.063995
0.8853719999999999,1.064432
0.884297,1.06487
0.883223,1.063995
0.8821479999999999,1.063995
0.8810739999999999,1.064432
0.879999,1.0635569999999999
0.878925,1.063995
0.8778499999999999,1.063995
0.876776,1.0631199999999998
0.875702,1.063995
0.8746269999999999,1.0635569999999999
0.8735529999999999,1.0631199999999998
0.872478,1.063995
0.871404,1.062682
0.8703289999999999,1.062682
0.869255,1.063995
0.86818,1.062682
0.8671059999999999,1.062682
0.866031,1.0631199999999998
0.864957,1.0622449999999999
0.8638819999999999,1.0631199999999998
0.8628079999999999,1.0622449999999999
0.861733,1.061807
0.860659,1.0631199999999998
0.859584,1.061807
0.85851,1.061807
0.857435,1.0622449999999999
0.8563609999999999,1.041682
0.855286,1.021995
0.854212,1.0005570000000001
0.8531369999999999,0.979558
0.852063,0.9585579999999999
0.850988,0.938433
0.849914,0.918308
0.8488399999999999,0.89862
0.847765,0.8793709999999999
0.846691,0.8605579999999999
0.8456159999999999,0.842183
0.844542,0.823371
0.843467,0.805433
0.842393,0.787496
0.841318,0.770434
0.840244,0.753371
0.8391689999999999,0.737184
0.8380949999999999,0.721434
0.83702,0.7043710000000001
0.835946,0.689059
0.8348709999999999,0.673747
0.833797,0.658872
0.832722,0.643997
0.8316479999999999,0.629997
0.830573,0.615997
0.829499,0.601997
0.8284239999999999,0.588872
0.8273499999999999,0.575747
0.826275,0.563059
0.825201,0.5499350000000001
0.8241259999999999,0.538122
0.823052,0.5263100000000001
0.821978,0.5140600000000001
0.8209029999999999,0.5026849999999999
0.8198289999999999,0.491747
0.818754,0.48037199999999997
0.81768,0.469435
0.8166049999999999,0.458935
0.815531,0.448872
0.814456,0.43881
0.8133819999999999,0.42874799999999996
0.812307,0.41956
0.811233,0.409935
0.8101579999999999,0.400748
0.8090839999999999,0.391998
0.808009,0.383248
0.806935,0.374935
0.8058599999999999,0.36662300000000003
0.804786,0.35830999999999996
0.803711,0.350435
0.8026369999999999,0.34256000000000003
0.801562,0.33555999999999997
0.800488,0.328123
0.7994129999999999,0.32068599999999997
0.7983389999999999,0.313686
0.797264,0.307123
0.79619,0.300561
0.795115,0.29399800000000004
0.794041,0.287873
0.792967,0.281748
0.7918919999999999,0.275623
0.7908179999999999,0.26949799999999996
0.789743,0.263811
0.788669,0.258123
0.787594,0.252436
0.78652,0.247623
0.785445,0.242373
0.7843709999999999,0.237561
0.783296,0.232311
0.782222,0.22749799999999998
0.7811469999999999,0.22312400000000002
0.780073,0.218311
0.778998,0.213936
0.777924,0.21043599999999998
0.776849,0.205624
0.775775,0.201686
0.7746999999999999,0.197749
0.7736259999999999,0.19381099999999998
0.772551,0.19031099999999998
0.771477,0.186811
0.7704019999999999,0.182874
0.769328,0.179811
0.768253,0.176311
0.7671789999999999,0.172811
0.766104,0.16974899999999998
0.76503,0.166686
0.7639549999999999,0.163186
0.7628809999999999,0.160561
0.761807,0.157936
0.760732,0.155311
0.7596579999999999,0.152686
0.758583,0.14962399999999998
0.757509,0.14699900000000002
0.7564339999999999,0.144811
0.7553599999999999,0.142186
0.754285,0.139561
0.753211,0.137374
0.7521359999999999,0.135186
0.751062,0.13299899999999998
0.749987,0.13081099999999998
0.7489129999999999,0.128624
0.747838,0.12687400000000001
0.746764,0.124686
0.7456889999999999,0.122499
0.7446149999999999,0.120749
0.74354,0.118561
0.742466,0.116811
0.7413909999999999,0.11549899999999999
0.740317,0.113311
0.739242,0.111999
0.7381679999999999,0.110249
0.737093,0.108499
0.736019,0.10718699999999999
0.734945,0.10543699999999999
0.7338699999999999,0.10368699999999999
0.732796,0.102374
0.731721,0.101062
0.7306469999999999,0.09931205600000001
0.729572,0.098437064
0.728498,0.09668707200000001
0.7274229999999999,0.095374576
0.726349,0.09449958400000001
0.725274,0.09274958400000001
0.7242,0.091874592
0.723125,0.09099960000000001
0.722051,0.08946835200000001
0.720976,0.08859336000000001
0.7199019999999999,0.087280856
0.718827,0.08618711200000001
0.717753,0.085093368
0.7166779999999999,0.083780872
0.715604,0.08290588800000001
0.714529,0.08181213600000001
0.713455,0.08049964
0.71238,0.079624648
0.711306,0.07896840000000001
0.710231,0.077655904
0.7091569999999999,0.076780904
0.708083,0.075905912
0.707008,0.07481216800000001
0.705934,0.073718424
0.704859,0.07306217599999999
0.703785,0.072187176
0.70271,0.07109343200000001
0.7016359999999999,0.07021843200000001
0.700561,0.06956219200000001
0.699487,0.06846844800000002
0.6984119999999999,0.0678122
0.697338,0.06693720400000001
0.696263,0.066062208
0.695189,0.064968464
0.694114,0.06431221200000001
0.69304,0.06365596800000001
0.6919649999999999,0.062562224
0.6908909999999999,0.06168722800000001
0.689816,0.06103097600000001
0.688742,0.06015598400000001
0.6876669999999999,0.059280988
0.686593,0.05862474000000001
0.685518,0.057749744
0.6844439999999999,0.056874748
0.683369,0.056218500000000005
0.682295,0.055562252000000006
0.6812199999999999,0.05468726
0.6801459999999999,0.05359351200000001
0.679072,0.052937268
0.677997,0.05249976800000001
0.6769229999999999,0.051187276000000004
0.675848,0.05053102400000001
0.674774,0.049874776
0.6736989999999999,0.048999784000000005
0.6726249999999999,0.047906036000000006
0.67155,0.047249792000000006
0.670476,0.046374792000000005
0.669401,0.045937296
0.668327,0.045062300000000007
0.667252,0.044077928
0.6661779999999999,0.043531056000000005
0.665103,0.042437312000000005
0.664029,0.041890436
0.6629539999999999,0.041015444000000005
0.66188,0.04003107200000001
0.660805,0.039484200000000004
0.659731,0.03871858
0.658656,0.03784358
0.657582,0.036859212
0.656507,0.035984216
0.6554329999999999,0.035218596000000005
0.654358,0.034452972000000005
0.653284,0.03346860200000001
0.6522089999999999,0.032702980000000006
0.651135,0.031827984000000004
0.650061,0.030843614000000005
0.648986,0.030406114000000005
0.6479119999999999,0.029531118000000002
0.646837,0.028437374
0.645763,0.027890502
0.6446879999999999,0.027015506
0.643614,0.026249884000000005
0.642539,0.025374888
0.641465,0.024499892000000002
0.64039,0.023953018000000003
0.639316,0.023078022
0.638241,0.022093652000000002
0.6371669999999999,0.021437404
0.636092,0.009654357
0.635018,0.014005539000000003
0.6339429999999999,0.014985533000000002
0.632869,0.014778335000000002
0.631794,0.014212737000000001
0.63072,0.013579941000000002
0.629645,0.012896743
0.628571,0.012275146
0.6274959999999999,0.011619949000000001
0.6264219999999999,0.010998352000000001
0.625347,0.010421554000000001
0.624273,0.009799957000000002
0.6231979999999999,0.00917836
0.622124,0.008668762
0.62105,0.008131164000000001
0.6199749999999999,0.007565566
0.6189009999999999,0.007083969000000001
0.617826,0.006540771
0.616752,0.006087173
0.6156769999999999,0.005599975000000001
0.614603,0.005140777
0.613528,0.0047039790000000005
0.6124539999999999,0.004283981
0.611379,0.0038079830000000005
0.610305,0.0034663840000000003
0.6092299999999999,0.0030967860000000002
0.6081559999999999,0.0026991880000000004
0.607081,0.002363189
0.606007,0.0020271910000000002
0.604932,0.001674392
0.603858,0.001427993
0.602783,0.0011031950000000002
0.6017089999999999,0.000873596
0.600634,0.0005935970000000001
0.59956,0.00031919800000000003
0.5984849999999999,8.3999632e-05
0.597411,-0.00011199900000000001
0.596336,-0.000330398
0.595262,-0.0004927970000000001
0.5941879999999999,-0.000688796
0.593113,-0.0009407950000000001
0.592039,-0.001052795
0.5909639999999999,-0.0012039940000000001
0.58989,-0.0014055930000000001
0.588815,-0.001511993
0.587741,-0.0016519920000000001
0.586666,-0.001791992
0.585592,-0.0018815910000000002
0.584517,-0.002004791
0.5834429999999999,-0.00215599
0.582368,-0.00229039
0.581294,-0.002407989
0.5802189999999999,-0.002514389
0.579145,-0.002609588
0.57807,-0.002777587
0.576996,-0.002822387
0.575921,-0.0029399870000000002
0.574847,-0.0031191860000000004
0.573772,-0.0030967860000000002
0.5726979999999999,-0.0032255850000000004
0.571623,-0.003337585
0.570549,-0.0033823850000000003
0.5694739999999999,-0.0034887840000000004
0.5684,-0.003567184
0.567326,-0.0036063840000000002
0.566251,-0.0037351830000000004
0.5651769999999999,-0.003723983
0.564102,-0.0037855830000000004
0.563028,-0.003897582
0.5619529999999999,-0.003931182000000001
0.560879,-0.004009582
0.559804,-0.004093582
0.55873,-0.004087982
0.557655,-0.004121581
0.556581,-0.0042279810000000004
0.5555059999999999,-0.004239181000000001
0.5544319999999999,-0.004311981
0.553357,-0.004339981
0.552283,-0.004351181
0.5512079999999999,-0.00441838
0.550134,-0.00444078
0.549059,-0.00450798
0.5479849999999999,-0.004625579
0.54691,-0.004625579
0.545836,-0.004692779
0.5447609999999999,-0.004804779
0.5436869999999999,-0.0048271780000000005
0.542612,-0.004899978
0.541538,-0.004983978000000001
0.540463,-0.005000778000000001
0.539389,-0.005079177000000001
0.538314,-0.0051631770000000006
0.5372399999999999,-0.005202377
0.5361659999999999,-0.005303176000000001
0.535091,-0.005280776
0.534017,-0.0053703760000000005
0.532942,-0.005471176
0.531868,-0.0055103750000000005
0.530793,-0.005555175000000001
0.5297189999999999,-0.0056727750000000006
0.528644,-0.005661575
0.52757,-0.0057231750000000005
0.5264949999999999,-0.005818374
0.525421,-0.005840774000000001
0.524346,-0.005891174000000001
0.523272,-0.005980773
0.522197,-0.005980773
0.521123,-0.006059173
0.520048,-0.006064773000000001
0.5189739999999999,-0.006137573
0.517899,-0.006232772
0.516825,-0.006204772
0.5157499999999999,-0.006283172
0.514676,-0.006439971000000001
0.513601,-0.006417571
0.512527,-0.0065295710000000005
0.511452,-0.006613571
0.510378,-0.0066695700000000005
0.509304,-0.00675357
0.5082289999999999,-0.006837570000000001
0.507155,-0.006910369
0.50608,-0.006994369
0.505006,-0.007050369000000001
0.503931,-0.007111968000000001
0.502857,-0.007240768000000001
0.501782,-0.007251968000000001
0.5007079999999999,-0.0073359670000000005
0.499633,-0.007475967000000001
0.498559,-0.007492766000000001
0.497484,-0.007576767000000001
0.49640999999999996,-0.007671966
0.49533499999999997,-0.007683166
0.49426099999999995,-0.007767166000000001
0.49318599999999996,-0.007839964999999999
0.492112,-0.007912765
0.491037,-0.007991164000000002
0.489963,-0.008052765
0.488888,-0.008080764
0.48781399999999997,-0.008192764
0.486739,-0.008215164
0.48566499999999996,-0.008276763000000001
0.48458999999999997,-0.008383163
0.483516,-0.008405563000000001
0.48244099999999995,-0.008472762000000002
0.481367,-0.008573563000000001
0.48029299999999997,-0.008601562
0.479218,-0.008713562000000001
0.47814399999999996,-0.008808761000000002
0.47706899999999997,-0.008870361
0.475995,-0.008965561000000002
0.47491999999999995,-0.00904956
0.473846,-0.009144760000000002
0.472771,-0.009284759000000002
0.471697,-0.009318359000000002
0.470622,-0.009430359000000001
0.46954799999999997,-0.009564758000000001
0.468473,-0.009620758000000002
0.46739899999999995,-0.009704757
0.46632399999999996,-0.009833556000000002
0.46525,-0.009878357
0.464175,-0.009951156000000001
0.463101,-0.010085556
0.462026,-0.010158355
0.460952,-0.010264754000000001
0.459877,-0.010354355
0.45880299999999996,-0.010410354
0.45772799999999997,-0.010550354000000001
0.456654,-0.010561553
0.45557899999999996,-0.010673553000000002
0.454505,-0.010796753000000001
0.45343,-0.010852752000000002
0.452356,-0.010947952
0.45128199999999996,-0.011093551
0.45020699999999997,-0.011099151000000002
0.449133,-0.011194350000000002
0.44805799999999996,-0.011328750000000002
0.446984,-0.011339950000000001
0.445909,-0.011541549
0.444835,-0.011636748
0.44376,-0.011731949
0.44268599999999997,-0.011866348
0.441611,-0.011967147000000001
0.44053699999999996,-0.012095946
0.43946199999999996,-0.012241546
0.438388,-0.012342346000000002
0.437313,-0.012431945000000002
0.436239,-0.012605544000000002
0.435164,-0.012700744
0.43409,-0.012807144000000001
0.433015,-0.012975143000000001
0.43194099999999996,-0.013064742
0.43086599999999997,-0.013221542000000001
0.429792,-0.013350341000000002
0.42871699999999996,-0.013439941
0.427643,-0.01358554
0.426568,-0.013686340000000002
0.425494,-0.013798339000000001
0.42441999999999996,-0.013999939000000001
0.42334499999999997,-0.014072738000000001
0.422271,-0.014212737000000001
0.42119599999999996,-0.014403136
0.420122,-0.014436736
0.419047,-0.014627136
0.417973,-0.014795135000000001
0.416898,-0.014867934000000001
0.41582399999999997,-0.015013534000000002
0.414749,-0.015153534000000001
0.41367499999999996,-0.015276733000000002
0.41259999999999997,-0.015433532000000002
0.411526,-0.015629532
0.41045099999999995,-0.015763931000000002
0.409377,-0.01597673
0.408302,-0.016122329
0.407228,-0.016267928
0.406153,-0.016547928
0.40507899999999997,-0.016671127
0.404004,-0.016839126
0.40292999999999995,-0.017107924000000004
0.40185499999999996,-0.017242324
0.400781,-0.017449524
0.399706,-0.017645522
0.398632,-0.017835922
0.397557,-0.018071120000000003
0.396483,-0.01821112
0.39540899999999995,-0.018418320000000002
0.39433399999999996,-0.018698318000000002
0.39326,-0.018866316000000004
0.392185,-0.019090316000000003
0.391111,-0.019325516
0.390036,-0.019465514
0.388962,-0.019700712000000002
0.387887,-0.019952712
0.38681299999999996,-0.02010951
0.38573799999999997,-0.02037271
0.384664,-0.020641508000000003
0.38358899999999996,-0.020831908
0.382515,-0.021083906000000003
0.38144,-0.021341506000000003
0.380366,-0.021520706
0.379291,-0.021817504
0.37821699999999997,-0.022030302
0.377142,-0.022332702000000003
0.37606799999999996,-0.0226183
0.37499299999999997,-0.022875898000000002
0.373919,-0.023195098
0.372844,-0.023503096000000005
0.37177,-0.023749494000000003
0.370695,-0.024102294
0.369621,-0.024415894
0.368546,-0.024656690000000002
0.36747199999999997,-0.02505429
0.366398,-0.025345490000000002
0.365323,-0.025631086
0.364249,-0.026000686000000002
0.363174,-0.026297484000000003
0.3621,-0.026644682000000003
0.361025,-0.027087080000000003
0.35995099999999997,-0.027361480000000004
0.358876,-0.027714278000000002
0.357802,-0.028106276000000003
0.35672699999999996,-0.028414274000000003
0.355653,-0.028795072000000005
0.354578,-0.029209472
0.353504,-0.029551070000000002
0.352429,-0.029993466000000007
0.351355,-0.030351868000000004
0.35028,-0.030721464000000004
0.34920599999999996,-0.031180662000000005
0.34813099999999997,-0.031522259999999996
0.347057,-0.03194225800000001
0.345982,-0.032412658000000004
0.344908,-0.03277665600000001
0.343833,-0.033219054000000005
0.342759,-0.033784652000000005
0.341684,-0.034159852000000004
0.34060999999999997,-0.034641448000000005
0.339536,-0.03518464400000001
0.338461,-0.035610244000000006
0.337387,-0.036187040000000004
0.336312,-0.036696636000000005
0.335238,-0.037178236
0.334163,-0.037738232000000003
0.33308899999999997,-0.038247832
0.332014,-0.038779828
0.33094,-0.039390228000000006
0.32986499999999996,-0.039883024
0.328791,-0.04043742
0.327716,-0.041036616000000005
0.326642,-0.041501416
0.325567,-0.042106216
0.324493,-0.042660612
0.323418,-0.043103012
0.32234399999999996,-0.043674208000000006
0.32126899999999997,-0.044211804
0.320195,-0.044654204
0.31911999999999996,-0.045147
0.318046,-0.0456062
0.316971,-0.046048596000000004
0.315897,-0.04647419600000001
0.314822,-0.046815796
0.31374799999999997,-0.047151792000000005
0.312673,-0.047627788000000004
0.31159899999999996,-0.047890988
0.310525,-0.04823818800000001
0.30945,-0.048663784
0.308376,-0.048966184
0.307301,-0.050093528000000005
0.30622699999999997,-0.051187276000000004
0.305152,-0.05173414800000001
0.30407799999999996,-0.05249976800000001
0.30300299999999997,-0.05359351200000001
0.301929,-0.054468508000000006
0.300854,-0.055234132000000005
0.29978,-0.05643725200000001
0.298705,-0.05742162000000001
0.297631,-0.058515364
0.296556,-0.05939036000000001
0.29548199999999997,-0.060374732
0.294407,-0.06168722800000001
0.293333,-0.062562224
0.29225799999999996,-0.063765344
0.291184,-0.06507783600000001
0.290109,-0.065734088
0.289035,-0.06693720400000001
0.28796,-0.06857782400000001
0.286886,-0.069452816
0.285811,-0.07043719200000001
0.28473699999999996,-0.072187176
0.283663,-0.073499672
0.282588,-0.074702792
0.281514,-0.07623404
0.280439,-0.07743716
0.279365,-0.07885902400000001
0.27829,-0.08017152000000001
0.27721599999999996,-0.08170276
0.27614099999999997,-0.083562128
0.275067,-0.08465587200000001
0.273992,-0.08618711200000001
0.272918,-0.088155856
0.271843,-0.08968709600000001
0.270769,-0.091218344
0.269694,-0.093187088
0.26861999999999997,-0.09471832800000002
0.267545,-0.09646832000000001
0.266471,-0.098437064
0.26539599999999997,-0.100187
0.264322,-0.102265
0.263247,-0.104124
0.262173,-0.10609299999999999
0.261098,-0.10817099999999999
0.260024,-0.110249
0.258949,-0.112218
0.25787499999999997,-0.114733
0.2568,-0.116811
0.255726,-0.118999
0.254652,-0.12151499999999998
0.253577,-0.123483
0.252503,-0.126108
0.251428,-0.12851500000000002
0.25035399999999997,-0.13092099999999998
0.249279,-0.133874
0.24820499999999998,-0.13617100000000001
0.24713,-0.13890499999999997
0.246056,-0.141858
0.24498099999999998,-0.144374
0.24390699999999998,-0.147327
0.242832,-0.150499
0.241758,-0.153343
0.24068299999999998,-0.15640500000000002
0.239609,-0.159796
0.238534,-0.162968
0.23745999999999998,-0.166249
0.23638499999999998,-0.169639
0.235311,-0.172921
0.234236,-0.17685800000000002
0.23316199999999998,-0.180139
0.232087,-0.183967
0.231013,-0.18801400000000001
0.22993799999999998,-0.191514
0.22886399999999998,-0.195452
0.227789,-0.19971699999999998
0.226715,-0.203655
0.22564099999999998,-0.20813900000000002
0.224566,-0.212405
0.223492,-0.21677999999999997
0.222417,-0.22148299999999999
0.22134299999999998,-0.226186
0.220268,-0.23099799999999998
0.219194,-0.235811
0.21811899999999998,-0.240733
0.217045,-0.245983
0.21597,-0.25134199999999995
0.214896,-0.256483
0.21382099999999998,-0.261951
0.212747,-0.267967
0.211672,-0.273545
0.21059799999999998,-0.27923299999999995
0.209523,-0.285686
0.208449,-0.291811
0.207374,-0.298045
0.20629999999999998,-0.304608
0.205225,-0.311279
0.204151,-0.318607
0.20307599999999998,-0.325389
0.202002,-0.332607
0.200927,-0.340264
0.199853,-0.347592
0.19877799999999998,-0.355357
0.197704,-0.36367
0.19663,-0.371654
0.19555499999999998,-0.38007599999999997
0.194481,-0.388826
0.193406,-0.397795
0.192332,-0.406873
0.19125699999999998,-0.416388
0.190183,-0.425466
0.189108,-0.435638
0.18803399999999998,-0.445482
0.186959,-0.455982
0.185885,-0.466919
0.18481,-0.47763799999999995
0.18373599999999998,-0.488794
0.182661,-0.500607
0.181587,-0.5119819999999999
0.18051199999999998,-0.524232
0.179438,-0.5370280000000001
0.178363,-0.549716
0.177289,-0.562841
0.17621399999999998,-0.576622
0.17514,-0.590403
0.174065,-0.604731
0.172991,-0.619497
0.17191599999999999,-0.63459
0.170842,-0.650887
0.169768,-0.666528
0.16869299999999998,-0.6829339999999999
0.167619,-0.7002149999999999
0.166544,-0.717496
0.16547,-0.7354339999999999
0.16439499999999999,-0.7538090000000001
0.163321,-0.77284
0.162246,-0.792527
0.16117199999999998,-0.812433
0.160097,-0.8328859999999999
0.159023,-0.854324
0.157948,-0.875761
0.15687399999999999,-0.898183
0.155799,-0.9216989999999999
0.154725,-0.944886
0.15364999999999998,-0.9692759999999999
0.152576,-0.995964
0.151501,-1.0213389999999998
0.150427,-1.0480260000000001
0.14935199999999998,-1.076245
0.148278,-1.104245
0.147203,-1.1337760000000001
0.14612899999999998,-1.164401
0.145054,-1.1954630000000002
0.14398,-1.228057
0.142905,-1.261306
0.14183099999999998,-1.295431
0.140757,-1.331306
0.139682,-1.367181
0.13860799999999998,-1.404806
0.137533,-1.444618
0.136459,-1.4848679999999999
0.135384,-1.526212
0.13430999999999998,-1.569524
0.133235,-1.613274
0.132161,-1.658336
0.13108599999999998,-1.705586
0.130012,-1.753492
0.128937,-1.803148
0.127863,-1.853241
0.12678799999999998,-1.904647
0.125714,-1.958022
0.124639,-2.0133650000000003
0.123565,-2.068053
0.12248999999999999,-2.124053
0.121416,-2.17874
0.12034099999999999,-2.2351769999999997
0.119267,-2.292052
0.11819199999999999,-2.347614
0.117118,-2.402739
0.116043,-2.456551
0.11496899999999999,-2.508176
0.113894,-2.5584879999999997
0.11281999999999999,-2.606613
0.111746,-2.6508000000000003
0.11067099999999999,-2.6928
0.109597,-2.729987
0.108522,-2.7628
0.107448,-2.791237
0.106373,-2.813987
0.10529899999999999,-2.831925
0.104224,-2.845049
0.10314999999999999,-2.851174
0.102075,-2.8533619999999997
0.101001,-2.8485489999999998
0.099926736,-2.837612
0.098852256,-2.821862
0.09777777600000001,-2.799112
0.09670329600000001,-2.772862
0.095628816,-2.7417999999999996
0.094554336,-2.705487
0.093479848,-2.665238
0.092405368,-2.622363
0.09133089600000001,-2.5742380000000002
0.09025640800000001,-2.5248009999999996
0.08918192800000001,-2.4736130000000003
0.088107448,-2.419364
0.087032968,-2.364239
0.08595848,-2.308239
0.084884,-2.251365
0.08380952800000001,-2.1940519999999997
0.08273504000000001,-2.137178
0.08166056000000001,-2.079865
0.08058607200000001,-2.023866
0.0795116,-1.967428
0.07843712,-1.912741
0.077362632,-1.8598039999999998
0.07628816000000001,-1.8064289999999998
0.07521367200000001,-1.755242
0.074139192,-1.7053669999999999
0.073064712,-1.655492
0.071990232,-1.607805
0.070915752,-1.561868
0.069841264,-1.516805
0.068766784,-1.47218
0.067692312,-1.430618
0.066617824,-1.389493
0.065543348,-1.349681
0.06446886,-1.311181
0.063394384,-1.2735560000000001
0.062319900000000004,-1.238556
0.06124542,-1.2035569999999998
0.060170940000000006,-1.170744
0.05909646,-1.1401189999999999
0.058021976,-1.109932
0.056947496,-1.08237
0.055873016000000005,-1.055682
0.054798532000000004,-1.0307449999999998
0.053724056000000006,-1.00712
0.052649572000000006,-0.985245
0.051575092,-0.964683
0.050500608,-0.9458699999999999
0.049426128,-0.927933
0.048351648000000004,-0.9117449999999999
0.047277168,-0.89687
0.046202684,-0.881558
0.045128204000000005,-0.868871
0.044053724,-0.857058
0.04297924,-0.845683
0.041904764000000004,-0.835621
0.040830280000000004,-0.826433
0.0397558,-0.818121
0.038681316,-0.809808
0.037606836000000005,-0.803246
0.036532356,-0.797121
0.035457876,-0.791433
0.034383392,-0.787059
0.033308912,-0.7831210000000001
0.03223443,-0.779621
0.031159950000000002,-0.7765589999999999
0.030085470000000003,-0.773496
0.029010988,-0.772184
0.027936508000000002,-0.769996
0.026862028000000003,-0.768684
0.025787546,-0.769121
0.024713064,-0.768684
0.023638584,-0.768684
0.022564102000000003,-0.7695589999999999
0.02148962,-0.769996
0.020415140000000002,-0.770871
0.019340658,-0.7730589999999999
0.018266178,-0.774809
0.017191696,-0.776996
0.016117215,-0.7787459999999999
0.015042735000000002,-0.781371
0.013968254000000001,-0.784871
0.012893773,-0.786621
0.011819292,-0.790121
0.01074481,-0.793183
0.009670329,-0.796246
0.008595848,-0.799308
0.007521367,-0.803246
0.006446886000000001,-0.806746
0.005372405,-0.8106829999999999
0.004297924,-0.813746
0.0032234430000000003,-0.817246
0.002148962,-0.8207460000000001
0.001074481,-0.8246829999999999
0.0,-0.828183
-0.001074481,-0.832996
-0.002148962,-0.8360580000000001
-0.0032234430000000003,-0.839996
-0.004297924,-0.8434959999999999
-0.005372405,-0.847433
-0.006446886000000001,-0.850058
-0.007521367,-0.854433
-0.008595848,-0.8574959999999999
-0.009670329,-0.860996
-0.01074481,-0.864058
-0.011819292,-0.866683
-0.012893773,-0.869746
-0.013968254000000001,-0.8723709999999999
-0.015042735000000002,-0.874558
-0.016117215,-0.878058
-0.017191696,-0.8793709999999999
-0.018266178,-0.881558
-0.019340658,-0.884621
-0.020415140000000002,-0.885933
-0.02148962,-0.887246
-0.022564102000000003,-0.888558
-0.023638584,-0.8894329999999999
-0.024713064,-0.889871
-0.025787546,-0.891183
-0.026862028000000003,-0.890746
-0.027936508000000002,-0.890308
-0.029010988,-0.890308
-0.030085470000000003,-0.8894329999999999
-0.031159950000000002,-0.8894329999999999
-0.03223443,-0.8876829999999999
-0.033308912,-0.8863709999999999
-0.034383392,-0.8854960000000001
-0.035457876,-0.882871
-0.036532356,-0.880246
-0.037606836000000005,-0.878496
-0.038681316,-0.875433
-0.0397558,-0.8719330000000001
-0.040830280000000004,-0.869746
-0.041904764000000004,-0.865371
-0.04297924,-0.861871
-0.044053724,-0.858371
-0.045128204000000005,-0.853996
-0.046202684,-0.850058
-0.047277168,-0.844808
-0.048351648000000004,-0.839996
-0.049426128,-0.835621
-0.050500608,-0.830371
-0.051575092,-0.825558
-0.052649572000000006,-0.8207460000000001
-0.053724056000000006,-0.814183
-0.054798532000000004,-0.8089329999999999
-0.055873016000000005,-0.804121
-0.056947496,-0.797558
-0.058021976,-0.792308
-0.05909646,-0.786621
-0.060170940000000006,-0.780934
-0.06124542,-0.775246
-0.062319900000000004,-0.768684
-0.063394384,-0.7629959999999999
-0.06446886,-0.758184
-0.065543348,-0.751184
-0.066617824,-0.745496
-0.067692312,-0.7406839999999999
-0.068766784,-0.7341209999999999
-0.069841264,-0.7288709999999999
-0.070915752,-0.724059
-0.071990232,-0.7179340000000001
-0.073064712,-0.712246
-0.074139192,-0.707434
-0.07521367200000001,-0.702184
-0.07628816000000001,-0.696934
-0.077362632,-0.691684
-0.07843712,-0.686434
-0.0795116,-0.6820590000000001
-0.08058607200000001,-0.6763709999999999
-0.08166056000000001,-0.671121
-0.08273504000000001,-0.6667470000000001
-0.08380952800000001,-0.6619339999999999
-0.084884,-0.6566839999999999
-0.08595848,-0.652747
-0.087032968,-0.647934
-0.088107448,-0.643122
-0.08918192800000001,-0.639184
-0.09025640800000001,-0.6343719999999999
-0.09133089600000001,-0.630434
-0.092405368,-0.625184
-0.093479848,-0.6221220000000001
-0.094554336,-0.618622
-0.095628816,-0.613372
-0.09670329600000001,-0.609434
-0.09777777600000001,-0.606809
-0.098852256,-0.601997
-0.099926736,-0.597622
-0.101001,-0.5945590000000001
-0.102075,-0.589747
-0.10314999999999999,-0.586684
-0.104224,-0.583622
-0.10529899999999999,-0.580122
-0.106373,-0.576622
-0.107448,-0.573559
-0.108522,-0.570059
-0.109597,-0.567435
-0.11067099999999999,-0.563497
-0.111746,-0.560435
-0.11281999999999999,-0.5578099999999999
-0.113894,-0.554747
-0.11496899999999999,-0.551685
-0.116043,-0.549497
-0.117118,-0.546435
-0.11819199999999999,-0.5429350000000001
-0.119267,-0.540747
-0.12034099999999999,-0.5385599999999999
-0.121416,-0.535497
-0.12248999999999999,-0.532435
-0.123565,-0.5293720000000001
-0.124639,-0.527622
-0.125714,-0.5249969999999999
-0.12678799999999998,-0.5223720000000001
-0.127863,-0.5210600000000001
-0.128937,-0.517122
-0.130012,-0.514497
-0.13108599999999998,-0.513185
-0.132161,-0.510122
-0.133235,-0.5070600000000001
-0.13430999999999998,-0.506185
-0.135384,-0.50356
-0.136459,-0.50181
-0.137533,-0.50006
-0.13860799999999998,-0.49656
-0.139682,-0.49524699999999994
-0.140757,-0.492622
-0.14183099999999998,-0.489997
-0.142905,-0.48956
-0.14398,-0.48649699999999996
-0.145054,-0.48562200000000005
-0.14612899999999998,-0.483435
-0.147203,-0.481685
-0.148278,-0.47862200000000005
-0.14935199999999998,-0.478185
-0.150427,-0.475997
-0.151501,-0.474247
-0.152576,-0.471622
-0.15364999999999998,-0.469872
-0.154725,-0.46856000000000003
-0.155799,-0.46724699999999997
-0.15687399999999999,-0.46506000000000003
-0.157948,-0.46331
-0.159023,-0.460685
-0.160097,-0.45981
-0.16117199999999998,-0.45937199999999995
-0.162246,-0.457185
-0.163321,-0.45456
-0.16439499999999999,-0.455435
-0.16547,-0.452372
-0.166544,-0.45106
-0.167619,-0.450623
-0.16869299999999998,-0.448872
-0.169768,-0.447998
-0.170842,-0.44493499999999997
-0.17191599999999999,-0.443185
-0.172991,-0.443185
-0.174065,-0.44143499999999997
-0.17514,-0.439248
-0.17621399999999998,-0.438373
-0.177289,-0.43705999999999995
-0.178363,-0.43531
-0.179438,-0.43531
-0.18051199999999998,-0.433123
-0.181587,-0.43181
-0.182661,-0.43181
-0.18373599999999998,-0.42831
-0.18481,-0.42874799999999996
-0.185885,-0.426998
-0.186959,-0.42524799999999996
-0.18803399999999998,-0.42524799999999996
-0.189108,-0.42306
-0.190183,-0.422185
-0.19125699999999998,-0.42306
-0.192332,-0.41956
-0.193406,-0.418685
-0.194481,-0.41824799999999995
-0.19555499999999998,-0.416498
-0.19663,-0.416935
-0.197704,-0.41474799999999995
-0.19877799999999998,-0.41431
-0.199853,-0.413435
