Potential (V),Current (uA)
-0.199853,-0.5179969999999999
-0.19877799999999998,-0.29399800000000004
-0.197704,-0.195999
-0.19663,-0.14699900000000002
-0.19555499999999998,-0.118999
-0.194481,-0.09799956800000001
-0.193406,-0.08049964
-0.192332,-0.069999688
-0.19125699999999998,-0.06299972
-0.190183,-0.05424976
-0.189108,-0.048999784000000005
-0.18803399999999998,-0.043749808
-0.186959,-0.03849982800000001
-0.185885,-0.034999844
-0.18481,-0.032374858000000006
-0.18373599999999998,-0.029749868000000002
-0.182661,-0.02712488
-0.181587,-0.024937388
-0.18051199999999998,-0.022968648
-0.179438,-0.021437404
-0.178363,-0.019687412
-0.177289,-0.018156170000000003
-0.17621399999999998,-0.017171798000000002
-0.17514,-0.01574993
-0.174065,-0.006579971
-0.172991,-0.009262359000000001
-0.17191599999999999,-0.009503158000000001
-0.170842,-0.008931960000000001
-0.169768,-0.008198364
-0.16869299999999998,-0.007436767000000001
-0.167619,-0.00677597
-0.166544,-0.0060367730000000005
-0.16547,-0.005375976
-0.16439499999999999,-0.004810379000000001
-0.163321,-0.004171981000000001
-0.162246,-0.0036287840000000003
-0.16117199999999998,-0.003147186
-0.160097,-0.0026655880000000004
-0.159023,-0.0022063900000000003
-0.157948,-0.0017695920000000002
-0.15687399999999999,-0.0013495940000000002
-0.155799,-0.000968795
-0.154725,-0.000599197
-0.15364999999999998,-0.00023519800000000002
-0.152576,4.479980400000001e-05
-0.151501,0.000408798
-0.150427,0.0007055960000000001
-0.14935199999999998,0.0009407950000000001
-0.148278,0.001237594
-0.147203,0.001500793
-0.14612899999999998,0.0017247920000000002
-0.145054,0.001987991
-0.14398,0.0022063900000000003
-0.142905,0.002402389
-0.14183099999999998,0.002603988
-0.140757,0.002788787
-0.139682,0.002973587
-0.13860799999999998,0.0031527860000000003
-0.137533,0.003281585
-0.136459,0.003533584
-0.135384,0.0036455840000000003
-0.13430999999999998,0.003779983
-0.133235,0.003959182
-0.132161,0.004110382
-0.13108599999999998,0.004216781
-0.130012,0.00440158
-0.128937,0.0045303800000000005
-0.127863,0.004647979
-0.12678799999999998,0.0047543789999999995
-0.125714,0.004883178
-0.124639,0.0050231780000000005
-0.123565,0.005112777
-0.12248999999999999,0.005179977
-0.121416,0.005342376000000001
-0.12034099999999999,0.005392776
-0.119267,0.005459976
-0.11819199999999999,0.005605575
-0.117118,0.005683975
-0.116043,0.005739974
-0.11496899999999999,0.005823974000000001
-0.113894,0.005874374
-0.11281999999999999,0.005952774
-0.111746,0.006025573000000001
-0.11067099999999999,0.006098373000000001
-0.109597,0.006143173000000001
-0.108522,0.006176773
-0.107448,0.006249572000000001
-0.106373,0.006327972
-0.10529899999999999,0.006361572
-0.104224,0.006378372
-0.10314999999999999,0.006456771
-0.102075,0.006540771
-0.101001,0.006568771
-0.099926736,0.006624771000000001
-0.098852256,0.0066527700000000006
-0.09777777600000001,0.006691970000000001
-0.09670329600000001,0.006764770000000001
-0.095628816,0.00679277
-0.094554336,0.0068487700000000006
-0.093479848,0.006887969
-0.092405368,0.006921569000000001
-0.09133089600000001,0.006983169000000001
-0.09025640800000001,0.006999969000000001
-0.08918192800000001,0.006994369
-0.088107448,0.007089569000000001
-0.087032968,0.007111968000000001
-0.08595848,0.007117568000000001
-0.084884,0.007173568000000001
-0.08380952800000001,0.0071791680000000005
-0.08273504000000001,0.0071959680000000005
-0.08166056000000001,0.007223968000000001
-0.08058607200000001,0.007246368
-0.0795116,0.007274368
-0.07843712,0.007279968
-0.077362632,0.007302368
-0.07628816000000001,0.007330367000000001
-0.07521367200000001,0.0073359670000000005
-0.074139192,0.007319168000000001
-0.073064712,0.007380767
-0.071990232,0.007363967000000001
-0.070915752,0.007347167000000001
-0.069841264,0.007397567000000001
-0.068766784,0.007403167
-0.067692312,0.007403167
-0.066617824,0.007403167
-0.065543348,0.007425567000000001
-0.06446886,0.007447967000000001
-0.063394384,0.0074647670000000015
-0.062319900000000004,0.007459167000000001
-0.06124542,0.007509566000000001
-0.060170940000000006,0.007526366
-0.05909646,0.0074815670000000015
-0.058021976,0.007554366
-0.056947496,0.007565566
-0.055873016000000005,0.007548766
-0.054798532000000004,0.007587967000000001
-0.053724056000000006,0.007599167000000001
-0.052649572000000006,0.0075823670000000004
-0.051575092,0.0076103670000000016
-0.050500608,0.007615967000000001
-0.049426128,0.007621567000000001
-0.048351648000000004,0.007632766000000001
-0.047277168,0.007615967000000001
-0.046202684,0.007643966000000001
-0.045128204000000005,0.0076383660000000015
-0.044053724,0.007621567000000001
-0.04297924,0.007671966
-0.041904764000000004,0.0076551660000000014
-0.040830280000000004,0.007621567000000001
-0.0397558,0.0076551660000000014
-0.038681316,0.007643966000000001
-0.037606836000000005,0.007615967000000001
-0.036532356,0.007643966000000001
-0.035457876,0.0076383660000000015
-0.034383392,0.0076383660000000015
-0.033308912,0.007660766000000001
-0.03223443,0.0076551660000000014
-0.031159950000000002,0.007666366
-0.030085470000000003,0.007666366
-0.029010988,0.007649566000000001
-0.027936508000000002,0.007694366
-0.026862028000000003,0.007699966
-0.025787546,0.007677566
-0.024713064,0.007727966
-0.023638584,0.007716766000000001
-0.022564102000000003,0.007699966
-0.02148962,0.0077223660000000005
-0.020415140000000002,0.0077223660000000005
-0.019340658,0.007711166
-0.018266178,0.007727966
-0.017191696,0.0077391660000000004
-0.016117215,0.007744766000000001
-0.015042735000000002,0.007733566000000001
-0.013968254000000001,0.007716766000000001
-0.012893773,0.007744766000000001
-0.011819292,0.007727966
-0.01074481,0.0077055660000000005
-0.009670329,0.007750366000000001
-0.008595848,0.0077391660000000004
-0.007521367,0.007699966
-0.006446886000000001,0.007716766000000001
-0.005372405,0.007733566000000001
-0.004297924,0.007711166
-0.0032234430000000003,0.007699966
-0.002148962,0.007699966
-0.001074481,0.007699966
0.0,0.007907165
0.001074481,0.007839964999999999
0.002148962,0.007800765000000001
0.0032234430000000003,0.007755966
0.004297924,0.007716766000000001
0.005372405,0.007761566000000001
0.006446886000000001,0.007761566000000001
0.007521367,0.007733566000000001
0.008595848,0.007755966
0.009670329,0.007783965000000001
0.01074481,0.007767166000000001
0.011819292,0.007789565000000001
0.012893773,0.007795165000000001
0.013968254000000001,0.0078119650000000014
0.015042735000000002,0.007789565000000001
0.016117215,0.007772766000000001
0.017191696,0.007817565000000002
0.018266178,0.007817565000000002
0.019340658,0.007800765000000001
0.020415140000000002,0.007839964999999999
0.02148962,0.007828765000000001
0.022564102000000003,0.0078119650000000014
0.023638584,0.007834365000000001
0.024713064,0.007834365000000001
0.025787546,0.007823165000000002
0.026862028000000003,0.007839964999999999
0.027936508000000002,0.007828765000000001
0.029010988,0.007839964999999999
0.030085470000000003,0.007828765000000001
0.031159950000000002,0.007823165000000002
0.03223443,0.007845565
0.033308912,0.007834365000000001
0.034383392,0.007839964999999999
0.035457876,0.007879165
0.036532356,0.007873565
0.037606836000000005,0.007845565
0.038681316,0.007890365
0.0397558,0.007912765
0.040830280000000004,0.007890365
0.041904764000000004,0.007918365
0.04297924,0.007935165000000001
0.044053724,0.007940764000000001
0.045128204000000005,0.007951964
0.046202684,0.007951964
0.047277168,0.007991164000000002
0.048351648000000004,0.007985564
0.049426128,0.007985564
0.050500608,0.008030365000000001
0.051575092,0.008024764
0.052649572000000006,0.008007964000000001
0.053724056000000006,0.008041565
0.054798532000000004,0.008052765
0.055873016000000005,0.008035965
0.056947496,0.008058365000000001
0.058021976,0.008069565
0.05909646,0.008075165
0.060170940000000006,0.008091964
0.06124542,0.008080764
0.062319900000000004,0.008103164000000001
0.063394384,0.008103164000000001
0.06446886,0.008075165
0.065543348,0.008131164000000001
0.066617824,0.008125564000000002
0.067692312,0.008091964
0.068766784,0.008159164000000002
0.069841264,0.008159164000000002
0.070915752,0.008142364000000001
0.071990232,0.008181564
0.073064712,0.008198364
0.074139192,0.008209564
0.07521367200000001,0.008243163000000001
0.07628816000000001,0.008254363
0.077362632,0.008282363000000001
0.07843712,0.008315963000000001
0.0795116,0.008321563
0.08058607200000001,0.008377563000000001
0.08166056000000001,0.008366363
0.08273504000000001,0.008371963
0.08380952800000001,0.008422363
0.084884,0.008433563000000002
0.08595848,0.008433563000000002
0.087032968,0.008489563
0.088107448,0.008517563
0.08918192800000001,0.008511963
0.09025640800000001,0.008528763
0.09133089600000001,0.008551163
0.092405368,0.008573563000000001
0.093479848,0.008590362
0.094554336,0.008607162000000002
0.095628816,0.008657562000000002
0.09670329600000001,0.008657562000000002
0.09777777600000001,0.008651962000000001
0.098852256,0.008713562000000001
0.099926736,0.008719162
0.101001,0.008719162
0.102075,0.008769561
0.10314999999999999,0.008814361000000001
0.104224,0.008831161000000002
0.10529899999999999,0.008853561
0.106373,0.008881561
0.107448,0.008931960000000001
0.108522,0.008965561000000002
0.109597,0.008987961
0.11067099999999999,0.009060760000000001
0.111746,0.009088760000000001
0.11281999999999999,0.009094360000000001
0.113894,0.00917836
0.11496899999999999,0.009200759
0.116043,0.009206359
0.117118,0.009290359000000002
0.11819199999999999,0.009335158999999999
0.119267,0.009351958000000002
0.12034099999999999,0.009407959
0.121416,0.009452759000000002
0.12248999999999999,0.009486358000000002
0.123565,0.009525558
0.124639,0.009547958
0.125714,0.009626358000000002
0.12678799999999998,0.009659957000000002
0.127863,0.009682357
0.128937,0.009766357000000002
0.130012,0.009794357000000002
0.13108599999999998,0.009811156000000001
0.132161,0.009900757000000001
0.133235,0.009939957000000001
0.13430999999999998,0.009967956000000002
0.135384,0.010035156
0.136459,0.010079956000000001
0.137533,0.010158355
0.13860799999999998,0.010203155
0.139682,0.010259154000000001
0.140757,0.010343155
0.14183099999999998,0.010410354
0.142905,0.010466354
0.14398,0.010578353
0.145054,0.010651153000000002
0.14612899999999998,0.010684753
0.147203,0.010796753000000001
0.148278,0.010880752
0.14935199999999998,0.010942352
0.150427,0.011043151
0.151501,0.011132751000000001
0.152576,0.01121115
0.15364999999999998,0.011283951
0.154725,0.01138475
0.155799,0.011485549000000001
0.15687399999999999,0.011569549
0.157948,0.011653548000000001
0.159023,0.011765548
0.160097,0.011866348
0.16117199999999998,0.011922347
0.162246,0.012067947
0.163321,0.012168747000000002
0.16439499999999999,0.012247146
0.16547,0.012370346
0.166544,0.012487945000000002
0.167619,0.012583144000000001
0.16869299999999998,0.012695144000000002
0.169768,0.012812744000000001
0.170842,0.012947143000000001
0.17191599999999999,0.013075943000000001
0.172991,0.013182342000000001
0.174065,0.013355941000000001
0.17514,0.01347354
0.17621399999999998,0.013579941000000002
0.177289,0.013764739000000002
0.178363,0.013915938000000001
0.179438,0.014033539000000001
0.18051199999999998,0.014207137000000002
0.181587,0.014369536000000002
0.182661,0.014520736000000001
0.18373599999999998,0.014677535000000002
0.18481,0.014845534000000002
0.185885,0.015013534000000002
0.186959,0.015175934000000002
0.18803399999999998,0.015338332000000001
0.189108,0.015551131
0.190183,0.015696732
0.19125699999999998,0.015859130000000003
0.192332,0.01608313
0.193406,0.016262329000000002
0.194481,0.016419128
0.19555499999999998,0.016643126
0.19663,0.016850326
0.197704,0.017018324
0.19877799999999998,0.017219924
0.199853,0.017432724000000004
0.200927,0.017651122
0.202002,0.01784152
0.20307599999999998,0.018054322
0.204151,0.018289520000000004
0.205225,0.018491118
0.20629999999999998,0.018709518
0.207374,0.018961518
0.208449,0.019196716000000003
0.209523,0.019415116000000003
0.21059799999999998,0.019689512000000003
0.211672,0.019952712
0.212747,0.020210312
0.21382099999999998,0.020479110000000002
0.214896,0.020747908000000002
0.21597,0.021039106000000002
0.217045,0.021313506000000003
0.21811899999999998,0.021587904
0.219194,0.021912702000000003
0.220268,0.022209502000000002
0.22134299999999998,0.0224839
0.222417,0.022831098
0.223492,0.023133498000000002
0.224566,0.023435896
0.22564099999999998,0.023811096
0.226715,0.024158292
0.227789,0.024455092
0.22886399999999998,0.024824692000000002
0.22993799999999998,0.025171890000000002
0.231013,0.025513488
0.232087,0.025883086000000003
0.23316199999999998,0.026241486
0.234236,0.026639084
0.235311,0.027025480000000004
0.23638499999999998,0.027378278000000002
0.23745999999999998,0.027803878000000004
0.238534,0.028201476000000003
0.239609,0.028587874000000003
0.24068299999999998,0.029069472000000002
0.241758,0.029517470000000004
0.242832,0.029920668
0.24390699999999998,0.030379866000000002
0.24498099999999998,0.030833464000000005
0.246056,0.031287062
0.24713,0.031740660000000004
0.24820499999999998,0.03221106
0.249279,0.032709456000000005
0.25035399999999997,0.033179852
0.251428,0.03363345200000001
0.252503,0.034148648000000004
0.253577,0.03463024800000001
0.254652,0.035067048
0.255726,0.03561584
0.2568,0.03611984000000001
0.25787499999999997,0.03659584
0.258949,0.037127836
0.260024,0.037626232
0.261098,0.038124632
0.262173,0.03863982800000001
0.263247,0.039160628
0.264322,0.039703824000000006
0.26539599999999997,0.04021902
0.266471,0.04074542
0.267545,0.04130542000000001
0.26861999999999997,0.04183741600000001
0.269694,0.042347016
0.270769,0.04292941200000001
0.271843,0.043478208
0.272918,0.043982204000000004
0.273992,0.044536604
0.275067,0.045119
0.27614099999999997,0.0456566
0.27721599999999996,0.046199796
0.27829,0.046731796000000006
0.279365,0.047280592
0.280439,0.047790192
0.281514,0.04828858800000001
0.282588,0.048814984000000006
0.283663,0.049302184000000006
0.28473699999999996,0.048452912
0.285811,0.048890408
0.286886,0.049327904000000006
0.28796,0.049984152000000004
0.289035,0.050749776
0.290109,0.051515396000000005
0.291184,0.051843520000000004
0.29225799999999996,0.052827888
0.293333,0.05359351200000001
0.294407,0.05414038400000001
0.29548199999999997,0.054906008000000006
0.296556,0.05567162800000001
0.297631,0.05643725200000001
0.298705,0.05709349600000001
0.29978,0.057968492
0.300854,0.058843488000000006
0.301929,0.05939036000000001
0.30300299999999997,0.06015598400000001
0.30407799999999996,0.06114035200000001
0.305152,0.062015348000000005
0.30622699999999997,0.062562224
0.307301,0.06354659600000001
0.308376,0.06453096000000001
0.30945,0.06518721200000001
0.310525,0.066171584
0.31159899999999996,0.06704658000000001
0.312673,0.067921568
0.31374799999999997,0.06868719200000001
0.314822,0.06967156800000002
0.315897,0.070655936
0.316971,0.071530936
0.318046,0.07240592800000001
0.31911999999999996,0.073499672
0.320195,0.07448404
0.32126899999999997,0.07514029600000001
0.32234399999999996,0.07634341600000001
0.323418,0.077327784
0.324493,0.077984024
0.325567,0.07907777600000002
0.326642,0.08017152000000001
0.327716,0.081046512
0.328791,0.08203088800000001
0.32986499999999996,0.08301525600000001
0.33094,0.084109008
0.332014,0.08498399200000001
0.33308899999999997,0.08585899200000001
0.334163,0.087171488
0.335238,0.088155856
0.336312,0.088812104
0.337387,0.09012460000000001
0.338461,0.091218344
0.339536,0.091874592
0.34060999999999997,0.092968336
0.341684,0.094171456
0.342759,0.09493708000000001
0.343833,0.095921448
0.344908,0.09701519200000001
0.345982,0.098218312
0.347057,0.099093312
0.34813099999999997,0.09985892800000001
0.34920599999999996,0.10128000000000001
0.35028,0.102265
0.351355,0.10303
0.352429,0.104233
0.353504,0.10543699999999999
0.354578,0.10609299999999999
0.355653,0.107296
0.35672699999999996,0.10838999999999999
0.357802,0.109155
0.358876,0.11013999999999999
0.35995099999999997,0.111233
0.361025,0.112218
0.3621,0.112983
0.363174,0.113858
0.364249,0.115171
0.365323,0.116046
0.366398,0.11637399999999999
0.36747199999999997,0.117686
0.368546,0.118561
0.369621,0.11910799999999999
0.370695,0.11998299999999999
0.37177,0.12107699999999999
0.372844,0.12151499999999998
0.373919,0.12217099999999999
0.37499299999999997,0.123046
0.37606799999999996,0.123702
0.377142,0.12424899999999998
0.37821699999999997,0.124796
0.379291,0.12578
0.380366,0.126218
0.38144,0.12643600000000002
0.382515,0.127202
0.38358899999999996,0.127749
0.384664,0.127749
0.38573799999999997,0.12851500000000002
0.38681299999999996,0.128952
0.387887,0.128952
0.388962,0.12928
0.390036,0.129608
0.391111,0.129827
0.392185,0.129827
0.39326,0.129827
0.39433399999999996,0.13026500000000002
0.39540899999999995,0.13026500000000002
0.396483,0.129936
0.397557,0.13026500000000002
0.398632,0.13026500000000002
0.399706,0.129718
0.400781,0.130046
0.40185499999999996,0.130046
0.40292999999999995,0.12949899999999998
0.404004,0.12949899999999998
0.40507899999999997,0.12939
0.406153,0.12917099999999998
0.407228,0.128733
0.408302,0.128296
0.409377,0.128296
0.41045099999999995,0.127968
0.411526,0.127311
0.41259999999999997,0.12742099999999998
0.41367499999999996,0.127202
0.414749,0.12643600000000002
0.41582399999999997,0.12643600000000002
0.416898,0.126218
0.417973,0.12567099999999998
0.419047,0.125452
0.420122,0.12523299999999998
0.42119599999999996,0.125015
0.422271,0.124577
0.42334499999999997,0.124577
0.42441999999999996,0.12435800000000001
0.425494,0.12414
0.426568,0.12381099999999999
0.427643,0.123702
0.42871699999999996,0.12359299999999998
0.429792,0.12326499999999999
0.43086599999999997,0.123374
0.43194099999999996,0.123483
0.433015,0.123046
0.43409,0.123046
0.435164,0.12326499999999999
0.436239,0.123046
0.437313,0.123046
0.438388,0.12315499999999999
0.43946199999999996,0.12326499999999999
0.44053699999999996,0.123374
0.441611,0.12326499999999999
0.44268599999999997,0.12381099999999999
0.44376,0.12403
0.444835,0.12392099999999999
0.445909,0.124577
0.446984,0.125015
0.44805799999999996,0.125015
0.449133,0.125561
0.45020699999999997,0.126108
0.45128199999999996,0.12643600000000002
0.452356,0.12687400000000001
0.45343,0.12742099999999998
0.454505,0.128077
0.45557899999999996,0.128405
0.456654,0.128952
0.45772799999999997,0.129827
0.45880299999999996,0.130374
0.459877,0.13081099999999998
0.460952,0.131686
0.462026,0.13256099999999998
0.463101,0.13299899999999998
0.464175,0.133874
0.46525,0.134968
0.46632399999999996,0.135515
0.46739899999999995,0.13638999999999998
0.468473,0.137483
0.46954799999999997,0.13846799999999998
0.470622,0.139233
0.471697,0.14021799999999998
0.472771,0.14153
0.473846,0.142624
0.47491999999999995,0.143389
0.475995,0.144921
0.47706899999999997,0.146233
0.47814399999999996,0.147218
0.479218,0.148639
0.48029299999999997,0.150171
0.481367,0.151483
0.48244099999999995,0.152905
0.483516,0.15465500000000001
0.48458999999999997,0.156186
0.48566499999999996,0.157827
0.486739,0.159358
0.48781399999999997,0.161327
0.488888,0.163186
0.489963,0.164718
0.491037,0.166796
0.492112,0.169092
0.49318599999999996,0.170733
0.49426099999999995,0.17303000000000002
0.49533499999999997,0.17543599999999998
0.49640999999999996,0.17740499999999998
0.497484,0.179702
0.498559,0.182108
0.499633,0.184624
0.5007079999999999,0.18703
0.501782,0.189655
0.502857,0.192608
0.503931,0.195124
0.505006,0.197749
0.50608,0.200811
0.507155,0.203874
0.5082289999999999,0.20660799999999999
0.509304,0.20988900000000002
0.510378,0.213389
0.511452,0.21634199999999998
0.512527,0.219733
0.513601,0.223452
0.514676,0.22695200000000001
0.5157499999999999,0.23067
0.516825,0.234389
0.517899,0.238436
0.5189739999999999,0.242483
0.520048,0.24620199999999998
0.521123,0.250795
0.522197,0.254952
0.523272,0.259108
0.524346,0.263811
0.525421,0.268623
0.5264949999999999,0.272998
0.52757,0.277811
0.528644,0.282951
0.5297189999999999,0.287983
0.530793,0.293123
0.531868,0.29837299999999994
0.532942,0.304061
0.534017,0.30942
0.535091,0.314998
0.5361659999999999,0.321123
0.5372399999999999,0.32713899999999996
0.538314,0.332826
0.539389,0.33949799999999997
0.540463,0.345842
0.541538,0.35196700000000003
0.542612,0.358748
0.5436869999999999,0.365748
0.5447609999999999,0.372529
0.545836,0.379638
0.54691,0.386857
0.5479849999999999,0.394295
0.549059,0.401732
0.550134,0.409279
0.5512079999999999,0.417482
0.552283,0.42535700000000004
0.553357,0.43323199999999995
0.5544319999999999,0.44176299999999996
0.5555059999999999,0.450513
0.556581,0.458607
0.557655,0.467685
0.55873,0.47665399999999997
0.559804,0.485513
0.560879,0.49459099999999995
0.5619529999999999,0.504107
0.563028,0.513622
0.564102,0.5232469999999999
0.5651769999999999,0.532435
0.566251,0.5426059999999999
0.567326,0.5525599999999999
0.5684,0.562294
0.5694739999999999,0.572794
0.570549,0.5832940000000001
0.571623,0.593028
0.5726979999999999,0.6037469999999999
0.573772,0.614247
0.574847,0.624637
0.575921,0.6351370000000001
0.576996,0.645747
0.57807,0.6566839999999999
0.579145,0.667184
0.5802189999999999,0.677684
0.581294,0.68895
0.582368,0.6996680000000001
0.5834429999999999,0.710059
0.584517,0.7212149999999999
0.585592,0.731934
0.586666,0.742106
0.587741,0.752934
0.588815,0.7636519999999999
0.58989,0.773934
0.5909639999999999,0.7841049999999999
0.592039,0.7943870000000001
0.593113,0.804777
0.5941879999999999,0.81473
0.595262,0.824246
0.596336,0.834418
0.597411,0.8441519999999999
0.5984849999999999,0.853011
0.59956,0.863074
0.600634,0.87248
0.6017089999999999,0.8811209999999999
0.602783,0.890199
0.603858,0.8991669999999999
0.604932,0.90737
0.606007,0.9157919999999999
0.607081,0.9239949999999999
0.6081559999999999,0.932089
0.6092299999999999,0.9397449999999999
0.610305,0.947183
0.611379,0.9550580000000001
0.6124539999999999,0.962386
0.613528,0.96862
0.614603,0.9754010000000001
0.6156769999999999,0.982183
0.616752,0.9878699999999999
0.617826,0.994433
0.6189009999999999,1.0009949999999999
0.6199749999999999,1.006026
0.62105,1.011714
0.622124,1.0171819999999998
0.6231979999999999,1.022214
0.624273,1.027026
0.625347,1.031401
0.6264219999999999,1.036214
0.6274959999999999,1.0401509999999998
0.628571,1.0438699999999999
0.629645,1.047807
0.63072,1.051745
0.631794,1.0541509999999998
0.632869,1.0578699999999999
0.6339429999999999,1.061151
0.635018,1.0631199999999998
0.636092,1.065745
0.6371669999999999,1.067932
0.638241,1.069901
0.639316,1.0714320000000002
0.64039,1.072964
0.641465,1.074713
0.642539,1.075588
0.643614,1.076026
0.6446879999999999,1.0775569999999999
0.645763,1.077995
0.646837,1.077339
0.6479119999999999,1.078213
0.648986,1.078213
0.650061,1.076901
0.651135,1.0771199999999999
0.6522089999999999,1.076463
0.653284,1.075588
0.654358,1.074276
0.6554329999999999,1.072964
0.656507,1.0714320000000002
0.657582,1.069682
0.658656,1.067495
0.659731,1.065963
0.660805,1.0635569999999999
0.66188,1.060495
0.6629539999999999,1.058307
0.664029,1.055464
0.665103,1.051745
0.6661779999999999,1.048901
0.667252,1.045839
0.668327,1.041682
0.669401,1.038401
0.670476,1.0346819999999999
0.67155,1.030964
0.6726249999999999,1.02637
0.6736989999999999,1.021995
0.674774,1.018057
0.675848,1.013683
0.6769229999999999,1.008651
0.677997,1.004495
0.679072,0.9999009999999999
0.6801459999999999,0.9942139999999999
0.6812199999999999,0.989839
0.682295,0.985026
0.683369,0.9793389999999998
0.6844439999999999,0.974308
0.685518,0.9692759999999999
0.686593,0.964026
0.6876669999999999,0.958776
0.688742,0.953089
0.689816,0.948058
0.6908909999999999,0.94237
0.6919649999999999,0.936245
0.69304,0.931433
0.694114,0.9257449999999999
0.695189,0.91962
0.696263,0.914152
0.697338,0.90912
0.6984119999999999,0.903214
0.699487,0.897527
0.700561,0.892058
0.7016359999999999,0.8865890000000001
0.70271,0.880902
0.703785,0.8752139999999999
0.704859,0.869964
0.705934,0.8644959999999999
0.707008,0.858371
0.708083,0.8535579999999999
0.7091569999999999,0.848308
0.710231,0.842183
0.711306,0.837371
0.71238,0.832121
0.713455,0.826871
0.714529,0.8218399999999999
0.715604,0.816808
0.7166779999999999,0.811777
0.717753,0.806527
0.718827,0.801496
0.7199019999999999,0.797121
0.720976,0.79209
0.722051,0.787059
0.723125,0.782902
0.7242,0.7783089999999999
0.725274,0.773277
0.726349,0.76934
0.7274229999999999,0.764965
0.728498,0.759715
0.729572,0.755777
0.7306469999999999,0.75184
0.731721,0.747465
0.732796,0.743309
0.7338699999999999,0.739371
0.734945,0.7358709999999999
0.736019,0.731496
0.737093,0.727559
0.7381679999999999,0.724715
0.739242,0.7212149999999999
0.740317,0.71684
0.7413909999999999,0.713778
0.742466,0.710496
0.74354,0.706996
0.7446149999999999,0.7039340000000001
0.7456889999999999,0.701309
0.746764,0.698028
0.747838,0.694965
0.7489129999999999,0.6919029999999999
0.749987,0.689496
0.751062,0.686653
0.7521359999999999,0.683809
0.753211,0.68184
0.754285,0.679215
0.7553599999999999,0.6765899999999999
0.7564339999999999,0.6746219999999999
0.757509,0.6726530000000001
0.758583,0.670028
0.7596579999999999,0.668059
0.760732,0.666309
0.761807,0.664122
0.7628809999999999,0.6625899999999999
0.7639549999999999,0.66084
0.76503,0.65909
0.766104,0.657559
0.7671789999999999,0.656028
0.768253,0.655153
0.769328,0.6536219999999999
0.7704019999999999,0.6520900000000001
0.771477,0.650997
0.772551,0.65034
0.7736259999999999,0.6490279999999999
0.7746999999999999,0.648372
0.775775,0.647934
0.776849,0.64684
0.777924,0.645965
0.778998,0.645528
0.780073,0.645309
0.7811469999999999,0.644653
0.782222,0.643997
0.783296,0.644215
0.7843709999999999,0.644215
0.785445,0.643559
0.78652,0.643997
0.787594,0.644215
0.788669,0.643778
0.789743,0.6444340000000001
0.7908179999999999,0.64509
0.7918919999999999,0.645309
0.792967,0.645747
0.794041,0.6466219999999999
0.795115,0.6470589999999999
0.79619,0.647934
0.797264,0.648372
0.7983389999999999,0.649903
0.7994129999999999,0.650559
0.800488,0.651434
0.801562,0.653184
0.8026369999999999,0.6542779999999999
0.803711,0.655153
0.804786,0.657122
0.8058599999999999,0.658872
0.806935,0.659965
0.808009,0.6617149999999999
0.8090839999999999,0.6636839999999999
0.8101579999999999,0.665653
0.811233,0.6674030000000001
0.812307,0.669372
0.8133819999999999,0.671997
0.814456,0.674184
0.815531,0.676153
0.8166049999999999,0.678778
0.81768,0.681621
0.818754,0.683809
0.8198289999999999,0.686871
0.8209029999999999,0.6901529999999999
0.821978,0.6925589999999999
0.823052,0.69584
0.8241259999999999,0.69934
0.825201,0.702621
0.826275,0.705903
0.8273499999999999,0.709403
0.8284239999999999,0.71334
0.829499,0.717059
0.830573,0.720559
0.8316479999999999,0.7249340000000001
0.832722,0.729309
0.833797,0.733027
0.8348709999999999,0.7378399999999999
0.835946,0.742652
0.83702,0.7468090000000001
0.8380949999999999,0.751621
0.8391689999999999,0.756871
0.840244,0.761684
0.841318,0.766496
0.842393,0.772184
0.843467,0.77809
0.844542,0.7837770000000001
0.8456159999999999,0.789465
0.846691,0.79559
0.847765,0.801933
0.8488399999999999,0.807402
0.849914,0.814183
0.850988,0.821183
0.852063,0.827308
0.8531369999999999,0.834308
0.854212,0.841746
0.855286,0.849183
0.8563609999999999,0.8566210000000001
0.857435,0.8642770000000001
0.85851,0.8725890000000001
0.859584,0.880246
0.860659,0.8881209999999999
0.861733,0.897308
0.8628079999999999,0.905839
0.8638819999999999,0.914152
0.864957,0.923558
0.866031,0.933183
0.8671059999999999,0.9417139999999999
0.86818,0.951777
0.869255,0.9618390000000001
0.8703289999999999,0.971464
0.871404,0.981964
0.872478,0.9924639999999999
0.8735529999999999,1.00362
0.8746269999999999,1.0143389999999999
0.875702,1.0252759999999999
0.876776,1.037526
0.8778499999999999,1.04912
0.878925,1.060276
0.879999,1.072964
0.8810739999999999,1.0858700000000001
0.8821479999999999,1.09812
0.883223,1.1114629999999999
0.884297,1.124807
0.8853719999999999,1.138151
0.886446,1.151932
0.887521,1.1661510000000002
0.8885949999999999,1.181025
0.88967,1.195682
0.890744,1.2103380000000001
0.8918189999999999,1.226307
0.8928929999999999,1.241838
0.893968,1.257369
0.895042,1.274213
0.8961169999999999,1.291275
0.897191,1.307462
0.898266,1.3254000000000001
0.8993399999999999,1.3433369999999998
0.900415,1.361712
0.901489,1.3803059999999998
0.9025639999999999,1.399337
0.9036379999999999,1.4190239999999998
0.904713,1.438274
0.905787,1.458181
0.9068609999999999,1.479837
0.907936,1.500837
0.90901,1.521399
0.9100849999999999,1.543274
0.9111589999999999,1.56668
0.912234,1.5887740000000001
0.913308,1.612836
0.914383,1.637117
0.915457,1.660742
0.916532,1.685242
0.9176059999999999,1.710617
0.918681,1.737086
0.919755,1.7635539999999998
0.9208299999999999,1.7902419999999999
0.921904,1.818898
0.922979,1.847554
0.924053,1.875335
0.925128,1.905522
0.926202,1.936366
0.9272769999999999,1.967428
0.9283509999999999,1.9993659999999998
0.929426,2.032178
0.9305,2.064553
0.9315749999999999,2.098678
0.932649,2.1336779999999997
0.933724,2.169552
0.9347979999999999,2.205865
0.9358719999999999,2.2426150000000002
0.936947,2.281552
0.938021,2.320489
0.9390959999999999,2.360739
0.94017,2.3681759999999996
0.941245,2.3506769999999997
0.9423189999999999,2.3414889999999997
0.943394,2.334927
0.944468,2.325739
0.9455429999999999,2.3174270000000003
0.9466169999999999,2.309114
0.947692,2.298177
0.948766,2.289864
0.9498409999999999,2.280677
0.950915,2.2706139999999997
0.95199,2.2631769999999998
0.9530639999999999,2.25399
0.954139,2.24524
0.955213,2.23824
0.9562879999999999,2.22949
0.9573619999999999,2.221177
0.958437,2.2146150000000002
0.959511,2.205427
0.9605859999999999,2.199302
0.96166,2.19274
0.962735,2.184427
0.9638089999999999,2.17874
0.9648829999999999,2.1717400000000002
0.965958,2.163865
0.967032,2.159052
0.9681069999999999,2.152053
0.969181,2.1454899999999997
0.970256,2.141115
0.9713299999999999,2.134552
0.972405,2.12799
0.973479,2.124053
0.9745539999999999,2.1174899999999997
0.9756279999999999,2.1122400000000003
0.976703,2.107865
0.977777,2.101303
0.9788519999999999,2.097365
0.979926,2.0925529999999997
0.9810009999999999,2.086428
0.9820749999999999,2.082928
0.98315,2.078115
0.984224,2.0728649999999997
0.9852989999999999,2.0693650000000003
0.9863729999999999,2.063678
0.987448,2.0597399999999997
0.9885219999999999,2.056678
0.989597,2.051428
0.990671,2.04749
0.991745,2.04399
0.9928199999999999,2.039616
0.9938939999999999,2.036553
0.994969,2.0330529999999998
0.9960429999999999,2.0282400000000003
0.997118,2.025178
0.998192,2.021678
0.9992669999999999,2.017303
1.000341,2.015553
1.0014159999999999,2.011178
1.0024899999999999,2.0076780000000003
1.003565,2.005491
1.004639,2.001553
1.005714,1.998053
1.006788,1.9963030000000002
1.007863,1.991491
1.008937,1.9897409999999998
1.010012,1.987116
1.011086,1.983178
1.0121609999999999,1.9814280000000002
1.0132349999999999,1.9783659999999998
1.01431,1.9748659999999998
1.015384,1.973553
1.016459,1.970491
1.017533,1.967428
1.018608,1.9665530000000002
1.019682,1.9626160000000001
1.020756,1.9604279999999998
1.021831,1.9586779999999997
1.022905,1.955178
1.02398,1.954303
1.025054,1.952116
1.0261289999999998,1.948616
1.0272029999999999,1.9477410000000002
1.028278,1.9451159999999998
1.029352,1.9420529999999998
1.030427,1.9416159999999998
1.031501,1.9385530000000002
1.032576,1.936366
1.03365,1.9354909999999999
1.034725,1.9324279999999998
1.035799,1.931116
1.0368739999999999,1.9302409999999999
1.0379479999999999,1.9271779999999998
1.039023,1.9254280000000001
1.040097,1.924553
1.041172,1.921053
1.042246,1.9206159999999999
1.043321,1.918866
1.044395,1.915804
1.04547,1.915804
1.046544,1.9140529999999998
1.047618,1.911428
1.0486929999999999,1.911428
1.049767,1.9083660000000002
1.050842,1.9074909999999998
1.0519159999999999,1.9070529999999999
1.052991,1.904428
1.054065,1.903116
1.05514,1.902678
1.056214,1.899616
1.057289,1.899179
1.058363,1.898304
1.0594379999999999,1.895679
1.060512,1.895679
1.061587,1.893929
1.0626609999999999,1.891741
1.063736,1.8921789999999998
1.06481,1.889554
1.065885,1.888241
1.066959,1.888241
1.068034,1.885179
1.069108,1.885616
1.0701829999999999,1.884741
1.071257,1.882116
1.0723319999999998,1.882116
1.0734059999999999,1.881241
1.074481,1.8786159999999998
1.075555,1.879054
1.076629,1.8773039999999999
1.077704,1.875554
1.078778,1.876429
1.079853,1.874241
1.080927,1.872929
1.082002,1.872929
1.083076,1.871179
1.0841509999999999,1.871179
1.0852249999999999,1.870304
1.0863,1.8681159999999999
1.0873739999999998,1.868554
1.088449,1.867241
1.089523,1.865491
1.090598,1.865929
1.091672,1.8646159999999998
1.092747,1.8633039999999998
1.093821,1.8633039999999998
1.0948959999999999,1.861991
1.0959699999999999,1.860679
1.097045,1.861554
1.0981189999999998,1.858929
1.099194,1.8584910000000001
1.100268,1.8584910000000001
1.101343,1.856741
1.102417,1.856741
1.103492,1.856304
1.104566,1.8541159999999999
1.1056409999999999,1.854554
1.106715,1.853679
1.107789,1.852366
1.1088639999999998,1.852804
1.1099379999999999,1.851491
1.111013,1.8506159999999998
1.112087,1.851054
1.113162,1.8493039999999998
1.114236,1.8493039999999998
1.115311,1.8493039999999998
1.116385,1.847554
1.11746,1.847116
1.118534,1.847116
1.1196089999999999,1.8458039999999998
1.1206829999999999,1.8458039999999998
1.121758,1.8449289999999998
1.122832,1.8436160000000001
1.123907,1.844491
1.124981,1.8431790000000001
1.126056,1.842304
1.12713,1.8431790000000001
1.128205,1.840991
1.129279,1.840991
1.1303539999999999,1.841429
1.1314279999999999,1.839241
1.132503,1.839241
1.133577,1.839241
1.134652,1.837491
1.135726,1.838366
1.1368,1.837491
1.137875,1.836179
1.138949,1.837054
1.140024,1.8357409999999998
1.141098,1.8357409999999998
1.1421729999999999,1.836179
1.143247,1.8344289999999999
1.1443219999999998,1.833991
1.1453959999999999,1.8348659999999999
1.146471,1.832679
1.147545,1.833116
1.14862,1.833116
1.149694,1.831804
1.150769,1.832679
1.151843,1.831804
1.1529179999999999,1.830491
1.153992,1.831366
1.1550669999999998,1.830054
1.1561409999999999,1.829179
1.157216,1.830491
1.15829,1.828741
1.159365,1.828741
1.160439,1.829179
1.161514,1.827429
1.162588,1.827866
1.163663,1.827866
1.164737,1.826554
1.165811,1.827429
1.1668859999999999,1.826554
1.1679599999999999,1.825241
1.169035,1.826554
1.1701089999999998,1.825679
1.171184,1.824804
1.172258,1.825679
1.173333,1.824366
1.174407,1.823929
1.175482,1.824804
1.176556,1.823054
1.1776309999999999,1.823491
1.178705,1.823491
1.17978,1.822179
1.1808539999999998,1.822616
1.181929,1.822179
1.183003,1.821304
1.184078,1.822179
1.185152,1.8217409999999998
1.186227,1.8204289999999999
1.187301,1.8217409999999998
1.1883759999999999,1.8204289999999999
1.18945,1.819991
1.190525,1.821304
1.1915989999999999,1.819554
1.1926729999999999,1.819554
1.193748,1.8204289999999999
1.194822,1.818679
1.195897,1.819116
1.196971,1.819116
1.198046,1.8182409999999998
1.19912,1.818679
1.200195,1.8182409999999998
1.201269,1.8173659999999998
1.2023439999999999,1.819116
1.2034179999999999,1.817804
1.204493,1.8173659999999998
1.205567,1.817804
1.206642,1.816491
1.207716,1.8169289999999998
1.208791,1.8173659999999998
1.209865,1.8160539999999998
1.21094,1.816491
1.212014,1.816491
1.2130889999999999,1.815179
1.2141629999999999,1.816491
1.215238,1.8160539999999998
1.2163119999999998,1.814741
1.217387,1.8160539999999998
1.218461,1.814741
1.219535,1.8143040000000001
1.22061,1.8156160000000001
1.221684,1.8143040000000001
1.222759,1.8143040000000001
1.223833,1.814741
1.2249079999999999,1.813429
1.225982,1.813866
1.2270569999999998,1.813866
1.2281309999999999,1.812991
1.229206,1.8143040000000001
1.23028,1.812991
1.231355,1.812554
1.232429,1.813866
1.233504,1.812991
1.234578,1.812554
1.235653,1.812991
1.236727,1.812116
1.2378019999999998,1.812116
1.2388759999999999,1.812991
1.239951,1.811679
1.241025,1.812116
1.2421,1.812116
1.243174,1.8112409999999999
1.244249,1.812116
1.245323,1.8112409999999999
1.246397,1.810366
1.247472,1.811679
1.248546,1.810366
1.2496209999999999,1.810804
1.250695,1.811679
1.25177,1.810366
1.2528439999999998,1.810804
1.253919,1.8112409999999999
1.254993,1.809929
1.256068,1.810366
1.257142,1.810804
1.258217,1.809054
1.259291,1.810366
1.2603659999999999,1.809929
1.26144,1.809054
1.262515,1.809929
1.2635889999999999,1.809054
1.264664,1.808616
1.265738,1.810366
1.266813,1.808616
1.267887,1.809054
1.268962,1.809491
1.270036,1.808179
1.2711109999999999,1.809054
1.272185,1.809491
1.273259,1.807741
1.2743339999999999,1.809054
1.2754079999999999,1.808616
1.276483,1.807741
1.2775569999999998,1.808616
1.278632,1.807741
1.279706,1.807741
1.280781,1.808616
1.281855,1.807304
1.28293,1.807304
1.284004,1.808616
1.2850789999999999,1.807304
1.2861529999999999,1.807741
1.287228,1.808179
1.2883019999999998,1.8068659999999999
1.289377,1.808179
1.290451,1.807741
1.291526,1.8064289999999998
1.2926,1.808179
1.293675,1.8068659999999999
1.294749,1.8064289999999998
1.2958239999999999,1.807741
1.2968979999999999,1.8064289999999998
1.297973,1.8064289999999998
1.2990469999999998,1.807741
1.300122,1.805991
1.301196,1.8064289999999998
1.30227,1.8068659999999999
1.303345,1.805991
1.304419,1.8068659999999999
1.305494,1.8064289999999998
1.306568,1.8055539999999999
1.3076429999999999,1.807304
1.308717,1.805991
1.3097919999999998,1.8055539999999999
1.3108659999999999,1.8068659999999999
1.311941,1.805116
1.313015,1.8055539999999999
1.31409,1.8064289999999998
1.315164,1.805116
1.316239,1.8055539999999999
1.317313,1.805991
1.318388,1.805116
1.319462,1.805991
1.3205369999999998,1.8055539999999999
1.3216109999999999,1.804679
1.322686,1.8055539999999999
1.32376,1.8055539999999999
1.324835,1.804679
1.325909,1.805991
1.326984,1.804679
1.328058,1.805116
1.329133,1.805991
1.330207,1.804679
1.331281,1.805116
1.3323559999999999,1.8055539999999999
1.33343,1.803804
1.3345049999999998,1.805116
1.3355789999999998,1.805116
1.336654,1.8033659999999998
1.337728,1.805116
1.338803,1.804679
1.339877,1.803804
1.340952,1.805116
1.342026,1.804679
1.3431009999999999,1.803804
1.344175,1.805116
1.3452499999999998,1.8033659999999998
1.3463239999999999,1.804241
1.347399,1.805116
1.348473,1.803804
1.349548,1.804241
1.350622,1.803804
1.351697,1.8033659999999998
1.352771,1.805116
1.3538459999999999,1.804241
1.35492,1.8033659999999998
1.3559949999999998,1.804679
1.3570689999999999,1.8033659999999998
1.358144,1.8033659999999998
1.359218,1.804679
1.360293,1.8029289999999998
1.361367,1.8033659999999998
1.362441,1.804241
1.363516,1.802492
1.36459,1.803804
1.365665,1.803804
1.366739,1.8029289999999998
1.3678139999999999,1.804241
1.3688879999999999,1.8033659999999998
1.369963,1.802492
1.3710369999999998,1.804241
1.372112,1.8029289999999998
1.373186,1.8029289999999998
1.374261,1.804241
1.375335,1.8029289999999998
1.37641,1.8033659999999998
1.377484,1.803804
1.3785589999999999,1.802492
1.3796329999999999,1.8029289999999998
1.380708,1.8033659999999998
1.3817819999999998,1.8020539999999998
1.382857,1.8033659999999998
1.383931,1.8029289999999998
1.385006,1.8020539999999998
1.38608,1.8033659999999998
1.387155,1.8029289999999998
1.388229,1.8020539999999998
1.3893039999999999,1.8033659999999998
1.390378,1.8020539999999998
1.3914529999999998,1.8020539999999998
1.3925269999999998,1.8029289999999998
1.3936009999999999,1.801616
1.394676,1.802492
1.39575,1.8029289999999998
1.396825,1.801616
1.397899,1.8029289999999998
1.398974,1.802492
1.400048,1.801179
1.401123,1.802492
1.402197,1.8020539999999998
1.4032719999999999,1.8020539999999998
1.4043459999999999,1.8029289999999998
1.405421,1.801616
1.4064949999999998,1.801616
1.40757,1.8029289999999998
1.408644,1.801616
1.409719,1.8020539999999998
1.410793,1.802492
1.411868,1.801179
1.412942,1.8020539999999998
1.4140169999999999,1.8020539999999998
1.4150909999999999,1.8007410000000001
1.416166,1.8020539999999998
1.4172399999999998,1.801179
1.418315,1.8007410000000001
1.419389,1.8020539999999998
1.420463,1.801179
1.421538,1.801179
1.422612,1.8020539999999998
1.423687,1.8007410000000001
1.424761,1.801179
1.4258359999999999,1.801616
1.42691,1.8007410000000001
1.4279849999999998,1.801616
1.4290589999999999,1.801616
1.430134,1.8003040000000001
1.431208,1.801616
1.432283,1.801179
1.433357,1.8003040000000001
1.434432,1.801616
1.435506,1.8003040000000001
1.4365809999999999,1.8007410000000001
1.437655,1.801616
1.4387299999999998,1.8003040000000001
1.4398039999999999,1.8007410000000001
1.440879,1.8007410000000001
1.441953,1.799429
1.443028,1.8007410000000001
1.444102,1.8007410000000001
1.445177,1.799866
1.446251,1.801179
1.447325,1.8003040000000001
1.4484,1.799429
1.449474,1.801179
1.4505489999999999,1.799866
1.4516229999999999,1.8003040000000001
1.452698,1.801179
1.4537719999999998,1.799429
1.454847,1.8003040000000001
1.455921,1.8007410000000001
1.456996,1.798991
1.45807,1.8007410000000001
1.459145,1.8003040000000001
1.460219,1.799429
1.4612939999999999,1.8003040000000001
1.462368,1.799866
1.4634429999999998,1.799429
1.4645169999999998,1.8003040000000001
1.465592,1.799429
1.466666,1.799429
1.467741,1.8007410000000001
1.468815,1.798991
1.46989,1.799429
1.470964,1.799866
1.4720389999999999,1.798554
1.473113,1.799429
1.474187,1.799429
1.4752619999999999,1.798554
1.4763359999999999,1.8003040000000001
1.477411,1.799866
1.4784849999999998,1.798554
1.47956,1.8003040000000001
1.480634,1.798554
1.481709,1.798554
1.482783,1.799866
1.483858,1.798554
1.484932,1.798554
1.4860069999999999,1.799429
1.4870809999999999,1.798554
1.488156,1.798991
1.4892299999999998,1.798991
1.490305,1.797679
1.491379,1.799429
1.492454,1.798991
1.493528,1.797679
1.494603,1.799866
1.495677,1.798554
1.4967519999999999,1.797679
1.4978259999999999,1.799429
1.498901,1.797679
1.4999749999999998,1.798117
1.498901,1.798991
1.4978259999999999,1.797241
1.4967519999999999,1.798554
1.495677,1.798554
1.494603,1.797241
1.493528,1.798554
1.492454,1.798117
1.491379,1.797241
1.490305,1.798554
1.4892299999999998,1.797679
1.488156,1.797241
1.4870809999999999,1.798991
1.4860069999999999,1.797241
1.484932,1.797241
1.483858,1.798117
1.482783,1.796804
1.481709,1.797241
1.480634,1.798117
1.47956,1.796804
1.4784849999999998,1.798117
1.477411,1.797679
1.4763359999999999,1.796804
1.4752619999999999,1.798117
1.474187,1.797241
1.473113,1.796804
1.4720389999999999,1.798117
1.470964,1.796367
1.46989,1.796367
1.468815,1.797679
1.467741,1.7959289999999999
1.466666,1.796804
1.465592,1.796804
1.4645169999999998,1.7959289999999999
1.4634429999999998,1.796804
1.462368,1.796804
1.4612939999999999,1.795491
1.460219,1.797241
1.459145,1.7959289999999999
1.45807,1.795491
1.456996,1.796804
1.455921,1.795491
1.454847,1.7959289999999999
1.4537719999999998,1.796804
1.452698,1.795491
1.4516229999999999,1.796367
1.4505489999999999,1.796367
1.449474,1.795054
1.4484,1.796367
1.447325,1.796367
1.446251,1.795054
1.445177,1.796367
1.444102,1.795491
1.443028,1.795054
1.441953,1.796367
1.440879,1.795054
1.4398039999999999,1.795054
1.4387299999999998,1.7959289999999999
1.437655,1.794617
1.4365809999999999,1.795491
1.435506,1.795491
1.434432,1.794617
1.433357,1.795491
1.432283,1.795491
1.431208,1.794179
1.430134,1.795491
1.4290589999999999,1.795054
1.4279849999999998,1.794179
1.42691,1.795491
1.4258359999999999,1.794617
1.424761,1.794179
1.423687,1.795491
1.422612,1.793741
1.421538,1.794617
1.420463,1.795054
1.419389,1.793741
1.418315,1.794617
1.4172399999999998,1.794617
1.416166,1.793741
1.4150909999999999,1.795054
1.4140169999999999,1.794179
1.412942,1.793741
1.411868,1.795054
1.410793,1.794179
1.409719,1.793304
1.408644,1.794617
1.40757,1.793304
1.4064949999999998,1.793741
1.405421,1.794617
1.4043459999999999,1.792867
1.4032719999999999,1.793741
1.402197,1.793741
1.401123,1.7924289999999998
1.400048,1.794179
1.398974,1.793304
1.397899,1.792867
1.396825,1.793741
1.39575,1.792867
1.394676,1.792867
1.3936009999999999,1.793741
1.3925269999999998,1.7924289999999998
1.3914529999999998,1.792867
1.390378,1.793304
1.3893039999999999,1.791992
1.388229,1.792867
1.387155,1.792867
1.38608,1.791116
1.385006,1.792867
1.383931,1.7924289999999998
1.382857,1.7915539999999999
1.3817819999999998,1.793304
1.380708,1.7915539999999999
1.3796329999999999,1.791992
1.3785589999999999,1.792867
1.377484,1.7915539999999999
1.37641,1.791992
1.375335,1.7924289999999998
1.374261,1.790679
1.373186,1.791992
1.372112,1.792867
1.3710369999999998,1.791116
1.369963,1.7924289999999998
1.3688879999999999,1.7915539999999999
1.3678139999999999,1.790679
1.366739,1.791992
1.365665,1.790679
1.36459,1.790679
1.363516,1.791992
1.362441,1.7902419999999999
1.361367,1.790679
1.360293,1.7915539999999999
1.359218,1.7902419999999999
1.358144,1.790679
1.3570689999999999,1.791116
1.3559949999999998,1.7902419999999999
1.35492,1.791116
1.3538459999999999,1.790679
1.352771,1.7893659999999998
1.351697,1.791116
1.350622,1.789804
1.349548,1.789804
1.348473,1.791116
1.347399,1.7902419999999999
1.3463239999999999,1.7902419999999999
1.3452499999999998,1.790679
1.344175,1.7893659999999998
1.3431009999999999,1.7902419999999999
1.342026,1.790679
1.340952,1.788929
1.339877,1.7902419999999999
1.338803,1.789804
1.337728,1.788929
1.336654,1.7902419999999999
1.3355789999999998,1.788929
1.3345049999999998,1.788492
1.33343,1.7902419999999999
1.3323559999999999,1.788492
1.331281,1.7893659999999998
1.330207,1.789804
1.329133,1.7880539999999998
1.328058,1.788929
1.326984,1.7893659999999998
1.325909,1.7880539999999998
1.324835,1.7893659999999998
1.32376,1.788929
1.322686,1.7876169999999998
1.3216109999999999,1.7893659999999998
1.3205369999999998,1.788492
1.319462,1.7880539999999998
1.318388,1.7893659999999998
1.317313,1.7876169999999998
1.316239,1.7880539999999998
1.315164,1.788929
1.31409,1.7876169999999998
1.313015,1.788492
1.311941,1.788492
1.3108659999999999,1.7867419999999998
1.3097919999999998,1.7880539999999998
1.308717,1.7876169999999998
1.3076429999999999,1.7871789999999999
1.306568,1.7880539999999998
1.305494,1.7871789999999999
1.304419,1.7871789999999999
1.303345,1.788492
1.30227,1.7871789999999999
1.301196,1.7871789999999999
1.300122,1.7880539999999998
1.2990469999999998,1.7867419999999998
1.297973,1.7871789999999999
1.2968979999999999,1.7876169999999998
1.2958239999999999,1.785867
1.294749,1.7871789999999999
1.293675,1.7867419999999998
1.2926,1.785867
1.291526,1.7871789999999999
1.290451,1.7863040000000001
1.289377,1.785867
1.2883019999999998,1.7871789999999999
1.287228,1.785867
1.2861529999999999,1.785867
1.2850789999999999,1.7867419999999998
1.284004,1.7849920000000001
1.28293,1.7863040000000001
1.281855,1.7863040000000001
1.280781,1.7849920000000001
1.279706,1.7863040000000001
1.278632,1.785867
1.2775569999999998,1.784117
1.276483,1.785867
1.2754079999999999,1.7854290000000002
1.2743339999999999,1.784554
1.273259,1.7863040000000001
1.272185,1.7849920000000001
1.2711109999999999,1.784554
1.270036,1.785867
1.268962,1.784554
1.267887,1.7849920000000001
1.266813,1.7854290000000002
1.265738,1.783679
1.264664,1.7849920000000001
1.2635889999999999,1.784554
1.262515,1.783679
1.26144,1.7854290000000002
1.2603659999999999,1.784554
1.259291,1.783679
1.258217,1.7854290000000002
1.257142,1.783679
1.256068,1.783242
1.254993,1.784554
1.253919,1.783242
1.2528439999999998,1.783679
1.25177,1.784554
1.250695,1.782804
1.2496209999999999,1.784117
1.248546,1.784117
1.247472,1.782367
1.246397,1.784117
1.245323,1.783679
1.244249,1.782367
1.243174,1.783679
1.2421,1.782804
1.241025,1.782804
1.239951,1.784117
1.2388759999999999,1.782367
1.2378019999999998,1.782367
1.236727,1.783242
1.235653,1.781492
1.234578,1.783242
1.233504,1.782804
1.232429,1.781492
1.231355,1.782367
1.23028,1.781929
1.229206,1.781492
1.2281309999999999,1.782804
1.2270569999999998,1.781929
1.225982,1.781492
1.2249079999999999,1.782367
1.223833,1.781054
1.222759,1.781492
1.221684,1.781929
1.22061,1.780179
1.219535,1.781492
1.218461,1.781492
1.217387,1.780617
1.2163119999999998,1.781929
1.215238,1.781054
1.2141629999999999,1.780179
1.2130889999999999,1.781492
1.212014,1.780617
1.21094,1.780179
1.209865,1.781492
1.208791,1.779742
1.207716,1.780179
1.206642,1.781054
1.205567,1.779742
1.204493,1.780617
1.2034179999999999,1.781054
1.2023439999999999,1.779304
1.201269,1.780179
1.200195,1.780179
1.19912,1.779304
1.198046,1.780179
1.196971,1.778867
1.195897,1.778867
1.194822,1.780179
1.193748,1.778867
1.1926729999999999,1.778867
1.1915989999999999,1.779742
1.190525,1.778429
1.18945,1.779304
1.1883759999999999,1.779304
1.187301,1.777992
1.186227,1.779304
1.185152,1.778867
1.184078,1.777992
1.183003,1.779304
1.181929,1.778429
1.1808539999999998,1.7775539999999999
1.17978,1.779304
1.178705,1.7775539999999999
1.1776309999999999,1.777992
1.176556,1.778867
1.175482,1.7775539999999999
1.174407,1.777992
1.173333,1.778429
1.172258,1.7771169999999998
1.171184,1.778429
1.1701089999999998,1.777992
1.169035,1.776679
1.1679599999999999,1.777992
1.1668859999999999,1.7771169999999998
1.165811,1.776679
1.164737,1.778429
1.163663,1.7762419999999999
1.162588,1.776679
1.161514,1.777992
1.160439,1.7762419999999999
1.159365,1.7771169999999998
1.15829,1.7771169999999998
1.157216,1.775804
1.1561409999999999,1.7775539999999999
1.1550669999999998,1.776679
1.153992,1.775804
1.1529179999999999,1.7771169999999998
1.151843,1.7762419999999999
1.150769,1.774929
1.149694,1.776679
1.14862,1.775804
1.147545,1.775804
1.146471,1.776679
1.1453959999999999,1.774929
1.1443219999999998,1.775804
1.143247,1.7762419999999999
1.1421729999999999,1.774492
1.141098,1.775804
1.140024,1.775804
1.138949,1.774492
1.137875,1.775804
1.1368,1.775367
1.135726,1.774492
1.134652,1.775804
1.133577,1.774492
1.132503,1.7740539999999998
1.1314279999999999,1.775367
1.1303539999999999,1.7736169999999998
1.129279,1.774929
1.128205,1.774929
1.12713,1.7736169999999998
1.126056,1.774492
1.124981,1.774492
1.123907,1.7731789999999998
1.122832,1.774929
1.121758,1.7736169999999998
1.1206829999999999,1.7731789999999998
1.1196089999999999,1.774492
1.118534,1.7736169999999998
1.11746,1.7731789999999998
1.116385,1.774492
1.115311,1.7727419999999998
1.114236,1.7731789999999998
1.113162,1.7736169999999998
1.112087,1.772304
1.111013,1.7736169999999998
1.1099379999999999,1.7736169999999998
1.1088639999999998,1.772304
1.107789,1.7736169999999998
1.106715,1.7731789999999998
1.1056409999999999,1.772304
1.104566,1.7736169999999998
1.103492,1.772304
1.102417,1.772304
1.101343,1.7731789999999998
1.100268,1.772304
1.099194,1.772304
1.0981189999999998,1.7727419999999998
1.097045,1.7709920000000001
1.0959699999999999,1.7718669999999999
1.0948959999999999,1.772304
1.093821,1.770554
1.092747,1.772304
1.091672,1.7709920000000001
1.090598,1.770554
1.089523,1.7718669999999999
1.088449,1.7709920000000001
1.0873739999999998,1.770554
1.0863,1.7718669999999999
1.0852249999999999,1.770117
1.0841509999999999,1.7709920000000001
1.083076,1.7714290000000001
1.082002,1.770117
1.080927,1.7709920000000001
1.079853,1.7714290000000001
1.078778,1.769679
1.077704,1.7709920000000001
1.076629,1.770554
1.075555,1.769679
1.074481,1.7709920000000001
1.0734059999999999,1.769679
1.0723319999999998,1.769679
1.071257,1.770554
1.0701829999999999,1.768804
1.069108,1.769242
1.068034,1.770117
1.066959,1.768804
1.065885,1.769242
1.06481,1.769679
1.063736,1.768367
1.0626609999999999,1.769679
1.061587,1.768804
1.060512,1.768367
1.0594379999999999,1.769679
1.058363,1.768804
1.057289,1.768367
1.056214,1.769679
1.05514,1.768367
1.054065,1.768367
1.052991,1.769242
1.0519159999999999,1.767492
1.050842,1.768367
1.049767,1.768804
1.0486929999999999,1.767054
1.047618,1.768804
1.046544,1.767929
1.04547,1.767054
1.044395,1.768367
1.043321,1.767054
1.042246,1.767054
1.041172,1.768367
1.040097,1.766617
1.039023,1.767054
1.0379479999999999,1.768367
1.0368739999999999,1.766179
1.035799,1.767054
1.034725,1.767492
1.03365,1.765742
1.032576,1.767054
1.031501,1.767054
1.030427,1.765742
1.029352,1.767492
1.028278,1.766179
1.0272029999999999,1.765742
1.0261289999999998,1.767054
1.025054,1.765742
1.02398,1.765742
1.022905,1.766617
1.021831,1.764867
1.020756,1.766179
1.019682,1.766179
1.018608,1.764867
1.017533,1.766179
1.016459,1.765742
1.015384,1.764429
1.01431,1.766179
1.0132349999999999,1.764867
1.0121609999999999,1.764429
1.011086,1.766179
1.010012,1.764867
1.008937,1.764867
1.007863,1.765304
1.006788,1.763992
1.005714,1.764867
1.004639,1.765304
1.003565,1.7635539999999998
1.0024899999999999,1.764867
1.0014159999999999,1.764429
1.000341,1.763117
0.9992669999999999,1.764867
0.998192,1.763992
0.997118,1.763117
0.9960429999999999,1.765304
0.994969,1.763117
0.9938939999999999,1.7635539999999998
0.9928199999999999,1.764867
0.991745,1.763117
0.990671,1.763117
0.989597,1.763992
0.9885219999999999,1.7626789999999999
0.987448,1.7635539999999998
0.9863729999999999,1.7635539999999998
0.9852989999999999,1.761804
0.984224,1.7635539999999998
0.98315,1.7626789999999999
0.9820749999999999,1.7622419999999999
0.9810009999999999,1.7635539999999998
0.979926,1.761804
0.9788519999999999,1.761804
0.977777,1.763117
0.976703,1.761804
0.9756279999999999,1.7622419999999999
0.9745539999999999,1.7626789999999999
0.973479,1.760929
0.972405,1.7622419999999999
0.9713299999999999,1.7622419999999999
0.970256,1.760492
0.969181,1.7626789999999999
0.9681069999999999,1.760929
0.967032,1.760492
0.965958,1.7622419999999999
0.9648829999999999,1.760492
0.9638089999999999,1.760929
0.962735,1.7622419999999999
0.96166,1.760492
0.9605859999999999,1.760492
0.959511,1.761367
0.958437,1.7600539999999998
0.9573619999999999,1.761367
0.9562879999999999,1.760929
0.955213,1.759617
0.954139,1.761367
0.9530639999999999,1.7600539999999998
0.95199,1.759617
0.950915,1.761367
0.9498409999999999,1.7600539999999998
0.948766,1.7600539999999998
0.947692,1.760929
0.9466169999999999,1.759617
0.9455429999999999,1.759617
0.944468,1.7600539999999998
0.943394,1.7591789999999998
0.9423189999999999,1.7600539999999998
0.941245,1.7600539999999998
0.94017,1.7583039999999999
0.9390959999999999,1.759617
0.938021,1.7591789999999998
0.936947,1.7583039999999999
0.9358719999999999,1.7600539999999998
0.9347979999999999,1.7149919999999998
0.933724,1.681742
0.932649,1.645867
0.9315749999999999,1.609555
0.9305,1.573242
0.929426,1.537805
0.9283509999999999,1.502368
0.9272769999999999,1.4673679999999998
0.926202,1.432368
0.925128,1.398243
0.924053,1.3658679999999999
0.922979,1.332619
0.921904,1.299369
0.9208299999999999,1.268306
0.919755,1.2363689999999998
0.918681,1.204432
0.9176059999999999,1.1746819999999998
0.916532,1.145369
0.915457,1.1151820000000001
0.914383,1.0863070000000001
0.913308,1.058307
0.912234,1.0303069999999999
0.9111589999999999,1.002745
0.9100849999999999,0.976058
0.90901,0.950245
0.907936,0.92487
0.9068609999999999,0.899058
0.905787,0.874996
0.904713,0.851371
0.9036379999999999,0.826871
0.9025639999999999,0.804558
0.901489,0.782684
0.900415,0.759496
0.8993399999999999,0.738059
0.898266,0.717496
0.897191,0.696496
0.8961169999999999,0.676809
0.895042,0.657559
0.893968,0.638747
0.8928929999999999,0.619934
0.8918189999999999,0.601122
0.890744,0.584497
0.88967,0.567435
0.8885949999999999,0.549497
0.887521,0.534185
0.886446,0.518435
0.8853719999999999,0.502247
0.884297,0.48737199999999997
0.883223,0.473372
0.8821479999999999,0.458497
0.8810739999999999,0.44405999999999995
0.879999,0.431373
0.878925,0.41824799999999995
0.8778499999999999,0.405998
0.876776,0.39243500000000003
0.875702,0.38149799999999995
0.8746269999999999,0.369685
0.8735529999999999,0.356998
0.872478,0.347373
0.871404,0.336436
0.8703289999999999,0.325498
0.869255,0.315873
0.86818,0.30624799999999996
0.8671059999999999,0.296186
0.866031,0.28699800000000003
0.864957,0.278248
0.8638819999999999,0.269936
0.8628079999999999,0.26118600000000003
0.861733,0.252436
0.860659,0.24543600000000002
0.859584,0.237561
0.85851,0.22924799999999998
0.857435,0.222686
0.8563609999999999,0.215686
0.855286,0.208249
0.854212,0.202124
0.8531369999999999,0.196436
0.852063,0.18899899999999997
0.850988,0.183311
0.849914,0.177624
0.8488399999999999,0.172374
0.847765,0.166686
0.846691,0.160999
0.8456159999999999,0.156186
0.844542,0.150936
0.843467,0.145686
0.842393,0.141749
0.841318,0.136936
0.840244,0.132124
0.8391689999999999,0.128186
0.8380949999999999,0.124686
0.83702,0.120311
0.835946,0.11637399999999999
0.8348709999999999,0.112874
0.833797,0.10893699999999999
0.832722,0.10543699999999999
0.8316479999999999,0.101499
0.830573,0.09887456800000001
0.829499,0.095374576
0.8284239999999999,0.091874592
0.8273499999999999,0.08968709600000001
0.826275,0.086624616
0.825201,0.083562128
0.8241259999999999,0.08137464
0.823052,0.07896840000000001
0.821978,0.07568716
0.8209029999999999,0.073499672
0.8198289999999999,0.071312184
0.818754,0.06890594400000001
0.81768,0.066280956
0.8166049999999999,0.064093464
0.815531,0.06234347600000001
0.814456,0.06015598400000001
0.8133819999999999,0.05753099600000001
0.812307,0.05643725200000001
0.811233,0.05468726
0.8101579999999999,0.05206226800000001
0.8090839999999999,0.050749776
0.808009,0.049437284000000005
0.806935,0.047249792000000006
0.8058599999999999,0.04549980000000001
0.804786,0.044406052
0.803711,0.042984184
0.8026369999999999,0.041234192
0.801562,0.03959357200000001
0.800488,0.039156076
0.7994129999999999,0.03751546
0.7983389999999999,0.035874840000000005
0.797264,0.034890468
0.79619,0.034015476
0.795115,0.032156106000000004
0.794041,0.031390486
0.792967,0.030624866
0.7918919999999999,0.028874872
0.7908179999999999,0.027999876000000003
0.789743,0.027234254000000003
0.788669,0.026140508
0.787594,0.025046764000000003
0.78652,0.024062392000000002
0.785445,0.023734270000000002
0.7843709999999999,0.022859274000000002
0.783296,0.02132803
0.782222,0.007587967000000001
0.7811469999999999,0.01142395
0.780073,0.012146346
0.778998,0.011927947000000001
0.777924,0.011339950000000001
0.776849,0.010863952
0.775775,0.010219955000000001
0.7746999999999999,0.009559158
0.7736259999999999,0.009094360000000001
0.772551,0.008539963000000001
0.771477,0.007912765
0.7704019999999999,0.007554366
0.769328,0.0070391690000000005
0.768253,0.006490371000000001
0.7671789999999999,0.006092773000000001
0.766104,0.005650375000000001
0.76503,0.0051631770000000006
0.7639549999999999,0.004810379000000001
0.7628809999999999,0.004412780000000001
0.761807,0.004076782000000001
0.760732,0.0036343840000000005
0.7596579999999999,0.003303985
0.758583,0.003040786
0.757509,0.0027383880000000005
0.7564339999999999,0.002335189
0.7553599999999999,0.00211119
0.754285,0.0018311920000000001
0.753211,0.001427993
0.7521359999999999,0.001237594
0.751062,0.000923995
0.749987,0.0006047970000000001
0.7489129999999999,0.00039759800000000004
0.747838,0.00017359900000000003
0.746764,-0.00010639900000000001
0.7456889999999999,-0.000330398
0.7446149999999999,-0.000587997
0.74354,-0.0007055960000000001
0.742466,-0.0009183950000000001
0.7413909999999999,-0.0012039940000000001
0.740317,-0.0012319940000000001
0.739242,-0.001427993
0.7381679999999999,-0.0016967920000000001
0.737093,-0.001707992
0.736019,-0.0019151910000000001
0.734945,-0.002015991
0.7338699999999999,-0.00211119
0.732796,-0.00222319
0.731721,-0.0023127890000000004
0.7306469999999999,-0.002363189
0.729572,-0.002463989
0.728498,-0.002435989
0.7274229999999999,-0.002514389
0.726349,-0.0026599880000000003
0.725274,-0.0026263880000000003
0.7242,-0.002648788
0.723125,-0.002822387
0.722051,-0.002777587
0.720976,-0.002900787
0.7199019999999999,-0.0030463860000000003
0.718827,-0.0031191860000000004
0.717753,-0.003163986
0.7166779999999999,-0.003281585
0.715604,-0.0033711850000000005
0.714529,-0.0034663840000000003
0.713455,-0.003550384
0.71238,-0.0036455840000000003
0.711306,-0.003751983000000001
0.710231,-0.0037127830000000003
0.7091569999999999,-0.0038191830000000007
0.708083,-0.003953582
0.707008,-0.003959182
0.705934,-0.004015182
0.704859,-0.004171981000000001
0.703785,-0.004149581
0.70271,-0.004143981000000001
0.7016359999999999,-0.004244781
0.700561,-0.004300781
0.699487,-0.00439038
0.6984119999999999,-0.004339981
0.697338,-0.004412780000000001
0.696263,-0.00450798
0.695189,-0.00445758
0.694114,-0.00447438
0.69304,-0.004642379
0.6919649999999999,-0.004575180000000001
0.6908909999999999,-0.004569580000000001
0.689816,-0.004647979
0.688742,-0.004619979
0.6876669999999999,-0.004619979
0.686593,-0.004743179000000001
0.685518,-0.004748779000000001
0.6844439999999999,-0.0048439780000000005
0.683369,-0.004815979000000001
0.682295,-0.004888778000000001
0.6812199999999999,-0.005011978
0.6801459999999999,-0.005006378
0.679072,-0.005045578
0.677997,-0.005168777000000001
0.6769229999999999,-0.005101577
0.675848,-0.005168777000000001
0.674774,-0.005325576
0.6736989999999999,-0.005269577
0.6726249999999999,-0.005286376
0.67155,-0.005392776
0.670476,-0.005381576
0.669401,-0.005426376000000001
0.668327,-0.005443176
0.667252,-0.005465576000000001
0.6661779999999999,-0.005577575
0.665103,-0.005471176
0.664029,-0.0055271750000000005
0.6629539999999999,-0.005627975
0.66188,-0.005566375
0.660805,-0.005611175
0.659731,-0.0057231750000000005
0.658656,-0.005655975000000001
0.657582,-0.005655975000000001
0.656507,-0.005728775
0.6554329999999999,-0.005717575000000001
0.654358,-0.005734374
0.653284,-0.005728775
0.6522089999999999,-0.005801574
0.651135,-0.005885574
0.650061,-0.005812774000000001
0.648986,-0.0058799740000000005
0.6479119999999999,-0.006064773000000001
0.646837,-0.005975173
0.645763,-0.005991973
0.6446879999999999,-0.006171173000000001
0.643614,-0.006115173
0.642539,-0.006165573000000001
0.641465,-0.006243972
0.64039,-0.0062271720000000004
0.639316,-0.006288772000000001
0.638241,-0.006316772000000001
0.6371669999999999,-0.0063559720000000005
0.636092,-0.006451171000000001
0.635018,-0.006400772000000001
0.6339429999999999,-0.006439971000000001
0.632869,-0.006535171
0.631794,-0.006479171000000001
0.63072,-0.006523971000000001
0.629645,-0.006641571000000001
0.628571,-0.006596771000000001
0.6274959999999999,-0.006624771000000001
0.6264219999999999,-0.00665837
0.625347,-0.00664717
0.624273,-0.0067031700000000005
0.6231979999999999,-0.006691970000000001
0.622124,-0.006697570000000001
0.62105,-0.006770370000000001
0.6199749999999999,-0.0067199700000000005
0.6189009999999999,-0.006770370000000001
0.617826,-0.006904769000000001
0.616752,-0.006843170000000001
0.6156769999999999,-0.006882369
0.614603,-0.0070391690000000005
0.613528,-0.006999969000000001
0.6124539999999999,-0.007067169000000001
0.611379,-0.007173568000000001
0.610305,-0.007173568000000001
0.6092299999999999,-0.007235168
0.6081559999999999,-0.007274368
0.607081,-0.007319168000000001
0.606007,-0.007419967
0.604932,-0.0073863670000000005
0.603858,-0.0074647670000000015
0.602783,-0.007587967000000001
0.6017089999999999,-0.007503966000000002
0.600634,-0.0075823670000000004
0.59956,-0.007744766000000001
0.5984849999999999,-0.007666366
0.597411,-0.007688766
0.596336,-0.007806365000000001
0.595262,-0.007806365000000001
0.5941879999999999,-0.007839964999999999
0.593113,-0.007867965
0.592039,-0.007912765
0.5909639999999999,-0.007974364000000001
0.58989,-0.007963164000000002
0.588815,-0.008024764
0.587741,-0.008103164000000001
0.586666,-0.008024764
0.585592,-0.008075165
0.584517,-0.008215164
0.5834429999999999,-0.008198364
0.582368,-0.008248763000000001
0.581294,-0.008411163000000001
0.5802189999999999,-0.008377563000000001
0.579145,-0.008450362000000001
0.57807,-0.008539963000000001
0.576996,-0.008562363
0.575921,-0.008668762
0.574847,-0.008663162
0.573772,-0.008758361000000001
0.5726979999999999,-0.00892076
0.571623,-0.008864761
0.570549,-0.00890956
0.5694739999999999,-0.009060760000000001
0.5684,-0.00907196
0.567326,-0.009094360000000001
0.566251,-0.009223159
0.5651769999999999,-0.009217559
0.564102,-0.009251159
0.563028,-0.009363158
0.5619529999999999,-0.009402358
0.560879,-0.009463959000000001
0.559804,-0.009497558000000001
0.55873,-0.009564758000000001
0.557655,-0.009671157000000001
0.556581,-0.009626358000000002
0.5555059999999999,-0.009682357
0.5544319999999999,-0.009827956
0.553357,-0.009760757
0.552283,-0.009799957000000002
0.5512079999999999,-0.009889557
0.550134,-0.009911957
0.549059,-0.010018356
0.5479849999999999,-0.010107955
0.54691,-0.010141555000000002
0.545836,-0.010270354
0.5447609999999999,-0.010315154000000002
0.5436869999999999,-0.010432754
0.542612,-0.010539154
0.541538,-0.010550354000000001
0.540463,-0.010651153000000002
0.539389,-0.010813553000000002
0.538314,-0.010819153000000001
0.5372399999999999,-0.010869552
0.5361659999999999,-0.011054351
0.535091,-0.011071151000000001
0.534017,-0.011149551
0.532942,-0.01123915
0.531868,-0.011317550000000001
0.530793,-0.01142395
0.5297189999999999,-0.011463150000000002
0.528644,-0.011547149
0.52757,-0.011703949
0.5264949999999999,-0.011675948000000002
0.525421,-0.011748749000000001
0.524346,-0.011950347
0.523272,-0.011933547000000001
0.522197,-0.012011947000000002
0.521123,-0.012146346
0.520048,-0.012140746000000001
0.5189739999999999,-0.012241546
0.517899,-0.012375945000000001
0.516825,-0.012415145
0.5157499999999999,-0.012510345
0.514676,-0.012639145000000001
0.513601,-0.012711944000000001
0.512527,-0.012885543000000001
0.511452,-0.012891143
0.510378,-0.013053542
0.509304,-0.013232742
0.5082289999999999,-0.013232742
0.507155,-0.013417541
0.50608,-0.013596740000000001
0.505006,-0.013624740000000002
0.503931,-0.01370874
0.502857,-0.013882339
0.501782,-0.013966338000000002
0.5007079999999999,-0.014111938000000001
0.499633,-0.014212737000000001
0.498559,-0.014358336000000001
0.497484,-0.014487137000000002
0.49640999999999996,-0.014509536000000002
0.49533499999999997,-0.014655135000000001
0.49426099999999995,-0.014901535
0.49318599999999996,-0.014879134000000002
0.492112,-0.015013534000000002
0.491037,-0.015231934000000003
0.489963,-0.015265533000000003
0.488888,-0.015366333000000001
0.48781399999999997,-0.015539931
0.486739,-0.015612731000000003
0.48566499999999996,-0.01574713
0.48458999999999997,-0.015842331
0.483516,-0.015959929
0.48244099999999995,-0.016161529
0.481367,-0.016200728
0.48029299999999997,-0.016368727000000003
0.479218,-0.016575927
0.47814399999999996,-0.016637527000000003
0.47706899999999997,-0.016816726000000004
0.475995,-0.017057526
0.47491999999999995,-0.017158324000000003
0.473846,-0.017326324
0.472771,-0.017539122
0.471697,-0.017673522
0.470622,-0.017880722
0.46954799999999997,-0.01803752
0.468473,-0.01822792
0.46739899999999995,-0.018446318
0.46632399999999996,-0.018558318
0.46525,-0.018731918000000004
0.464175,-0.018995116000000003
0.463101,-0.019067916
0.462026,-0.019263916000000002
0.460952,-0.019571914
0.459877,-0.019639114000000003
0.45880299999999996,-0.019823914
0.45772799999999997,-0.020075910000000002
0.456654,-0.020210312
0.45557899999999996,-0.02042311
0.454505,-0.02062471
0.45343,-0.020815108000000002
0.452356,-0.021022308
0.45128199999999996,-0.021156706
0.45020699999999997,-0.021391906
0.449133,-0.021671906
0.44805799999999996,-0.021800704000000004
0.446984,-0.021996704000000002
0.445909,-0.022383102000000002
0.444835,-0.022523102000000003
0.44376,-0.0227471
0.44268599999999997,-0.023071898
0.441611,-0.023267898000000002
0.44053699999999996,-0.023559096
0.43946199999999996,-0.023777496000000002
0.438388,-0.024113494
0.437313,-0.024382294000000002
0.436239,-0.024595092000000002
0.435164,-0.02490869
0.43409,-0.025227888000000004
0.433015,-0.025407088
0.43194099999999996,-0.025737486000000004
0.43086599999999997,-0.026123884000000003
0.429792,-0.026303084
0.42871699999999996,-0.026639084
0.427643,-0.026969480000000004
0.426568,-0.027238280000000004
0.425494,-0.02754628
0.42441999999999996,-0.027854276
0.42334499999999997,-0.028167876
0.422271,-0.028548674000000003
0.42119599999999996,-0.028783872000000002
0.420122,-0.029153472
0.419047,-0.029562270000000005
0.417973,-0.029769468000000004
0.416898,-0.030161468000000004
0.41582399999999997,-0.030559066000000003
0.414749,-0.030827864
0.41367499999999996,-0.031208662
0.41259999999999997,-0.03162306
0.411526,-0.03199826
0.41045099999999995,-0.032412658000000004
0.409377,-0.032855056
0.408302,-0.033247052000000006
0.407228,-0.033717452
0.406153,-0.034115052
0.40507899999999997,-0.034607848000000004
0.404004,-0.035111848
0.40292999999999995,-0.035492644000000004
0.40185499999999996,-0.035957444000000005
0.400781,-0.036567836
0.399706,-0.03692624
0.398632,-0.037424636000000004
0.397557,-0.038012632000000005
0.396483,-0.038443828
0.39540899999999995,-0.038947828000000004
0.39433399999999996,-0.039474228
0.39326,-0.039978224
0.392185,-0.040510224000000004
0.391111,-0.04097502
0.390036,-0.041540616
0.388962,-0.042100612
0.387887,-0.042520612
0.38681299999999996,-0.042996612000000003
0.38573799999999997,-0.043657408
0.384664,-0.043993408000000005
0.38358899999999996,-0.044447004000000005
0.382515,-0.04504060000000001
0.38144,-0.045359800000000006
0.380366,-0.045774196
0.379291,-0.04622219600000001
0.37821699999999997,-0.046558196
0.377142,-0.046983792
0.37606799999999996,-0.047325392
0.37499299999999997,-0.047683792
0.373919,-0.048148588000000006
0.372844,-0.04839498800000001
0.37177,-0.04872538800000001
0.370695,-0.049234984
0.369621,-0.048999784000000005
0.368546,-0.049765404000000006
0.36747199999999997,-0.051077896000000005
0.366398,-0.051515396000000005
0.365323,-0.052171644
0.364249,-0.05381226
0.363174,-0.054359132000000004
0.3621,-0.054906008000000006
0.361025,-0.05676537200000001
0.35995099999999997,-0.057749744
0.358876,-0.058405992000000004
0.357802,-0.059499736000000004
0.35672699999999996,-0.06081222800000001
0.355653,-0.062015348000000005
0.354578,-0.062780972
0.353504,-0.064093464
0.352429,-0.06584346
0.351355,-0.066390328
0.35028,-0.0678122
0.34920599999999996,-0.069780936
0.34813099999999997,-0.07076531200000001
0.347057,-0.07174968000000001
0.345982,-0.07360904800000001
0.344908,-0.07481216800000001
0.343833,-0.07601528800000001
0.342759,-0.07787465600000001
0.341684,-0.07973402400000001
0.34060999999999997,-0.08126526400000002
0.339536,-0.08257776
0.338461,-0.084327752
0.337387,-0.08651524000000001
0.336312,-0.08771836
0.335238,-0.08968709600000001
0.334163,-0.092312088
0.33308899999999997,-0.09362458400000001
0.332014,-0.095155824
0.33094,-0.098108944
0.32986499999999996,-0.099749552
0.328791,-0.101718
0.327716,-0.104233
0.326642,-0.10653
0.325567,-0.10893699999999999
0.324493,-0.11101499999999999
0.323418,-0.113858
0.32234399999999996,-0.116593
0.32126899999999997,-0.118561
0.320195,-0.12107699999999999
0.31911999999999996,-0.124796
0.318046,-0.12709299999999998
0.316971,-0.12949899999999998
0.315897,-0.13332699999999997
0.314822,-0.136061
0.31374799999999997,-0.13890499999999997
0.312673,-0.142405
0.31159899999999996,-0.146014
0.310525,-0.14918599999999999
0.30945,-0.152468
0.308376,-0.15640500000000002
0.307301,-0.16077999999999998
0.30622699999999997,-0.164061
0.305152,-0.16799899999999998
0.30407799999999996,-0.172811
0.30300299999999997,-0.17653000000000002
0.301929,-0.180577
0.300854,-0.18593600000000002
0.29978,-0.190202
0.298705,-0.194796
0.297631,-0.200155
0.296556,-0.205186
0.29548199999999997,-0.210655
0.294407,-0.215905
0.293333,-0.22170199999999998
0.29225799999999996,-0.228045
0.291184,-0.233623
0.290109,-0.23952999999999997
0.289035,-0.24696700000000002
0.28796,-0.253092
0.286886,-0.259655
0.285811,-0.26785800000000004
0.28473699999999996,-0.274858
0.283663,-0.282404
0.282588,-0.29071699999999995
0.281514,-0.29891999999999996
0.280439,-0.307451
0.279365,-0.316092
0.27829,-0.325607
0.27721599999999996,-0.33555999999999997
0.27614099999999997,-0.344639
0.275067,-0.355248
0.273992,-0.36706
0.272918,-0.37756
0.271843,-0.38893500000000003
0.270769,-0.401951
0.269694,-0.414529
0.26861999999999997,-0.427435
0.267545,-0.441654
0.266471,-0.456201
0.26539599999999997,-0.471076
0.264322,-0.4867159999999999
0.263247,-0.503779
0.262173,-0.521388
0.261098,-0.538778
0.260024,-0.5579189999999999
0.258949,-0.5784809999999999
0.25787499999999997,-0.5988249999999999
0.2568,-0.6208089999999999
0.255726,-0.644872
0.254652,-0.668825
0.253577,-0.693981
0.252503,-0.721324
0.251428,-0.749871
0.25035399999999997,-0.77984
0.249279,-0.810902
0.24820499999999998,-0.845027
0.24713,-0.8804639999999999
0.246056,-0.916449
0.24498099999999998,-0.9550580000000001
0.24390699999999998,-0.9966200000000001
0.242832,-1.04037
0.241758,-1.085432
0.24068299999999998,-1.1344319999999999
0.239609,-1.184744
0.238534,-1.237244
0.23745999999999998,-1.292806
0.23638499999999998,-1.350337
0.235311,-1.409837
0.234236,-1.472399
0.23316199999999998,-1.537805
0.232087,-1.606055
0.231013,-1.6749610000000001
0.22993799999999998,-1.7467110000000001
0.22886399999999998,-1.8217409999999998
0.227789,-1.896553
0.226715,-1.973553
0.22564099999999998,-2.057115
0.224566,-2.138052
0.223492,-2.219865
0.222417,-2.305614
0.22134299999999998,-2.3909260000000003
0.220268,-2.476238
0.219194,-2.562863
0.21811899999999998,-2.6512379999999998
0.217045,-2.738737
0.21597,-2.824924
0.214896,-2.912424
0.21382099999999998,-2.999924
0.212747,-3.0834859999999997
0.211672,-3.167048
0.21059799999999998,-3.251048
0.209523,-3.32936
0.208449,-3.406359
0.207374,-3.482046
0.20629999999999998,-3.553796
0.205225,-3.623358
0.204151,-3.68767
0.20307599999999998,-3.7493579999999995
0.202002,-3.8062329999999998
0.200927,-3.855232
0.199853,-3.905107
0.19877799999999998,-3.947107
0.197704,-3.9812320000000003
0.19663,-4.011856999999999
0.19555499999999998,-4.037232
0.194481,-4.055605999999999
0.193406,-4.066982
0.192332,-4.073981
0.19125699999999998,-4.073107
0.190183,-4.065231000000001
0.189108,-4.0512310000000005
0.18803399999999998,-4.031981
0.186959,-4.005732
0.185885,-3.971607
0.18481,-3.9322320000000004
0.18373599999999998,-3.885857
0.182661,-3.828982
0.181587,-3.768608
0.18051199999999998,-3.702108
0.179438,-3.626858
0.178363,-3.5437339999999997
0.177289,-3.4562340000000003
0.17621399999999998,-3.3608589999999996
0.17514,-3.258485
0.174065,-3.1508599999999998
0.172991,-3.037111
0.17191599999999999,-2.917236
0.170842,-2.791237
0.169768,-2.661738
0.16869299999999998,-2.526113
0.167619,-2.3843639999999997
0.166544,-2.240865
0.16547,-2.095615
0.16439499999999999,-1.9468659999999998
0.163321,-1.798117
0.162246,-1.653742
0.16117199999999998,-1.5102429999999998
0.160097,-1.373743
0.159023,-1.2442440000000001
0.157948,-1.12437
0.15687399999999999,-1.0149949999999999
0.155799,-0.9169949999999999
0.154725,-0.830371
0.15364999999999998,-0.754246
0.152576,-0.6859959999999999
0.151501,-0.629122
0.150427,-0.578372
0.14935199999999998,-0.533747
0.148278,-0.4943719999999999
0.147203,-0.46024699999999996
0.14612899999999998,-0.42874799999999996
0.145054,-0.399873
0.14398,-0.37537299999999996
0.142905,-0.351748
0.14183099999999998,-0.329873
0.140757,-0.30974799999999997
0.139682,-0.291373
0.13860799999999998,-0.274748
0.137533,-0.25899799999999995
0.136459,-0.244998
0.135384,-0.231873
0.13430999999999998,-0.21787399999999998
0.133235,-0.20737399999999998
0.132161,-0.196874
0.13108599999999998,-0.185499
0.130012,-0.176749
0.128937,-0.167124
0.127863,-0.157936
0.12678799999999998,-0.148749
0.125714,-0.139999
0.124639,-0.132124
0.123565,-0.12381099999999999
0.12248999999999999,-0.11549899999999999
0.121416,-0.10893699999999999
0.12034099999999999,-0.102374
0.119267,-0.095374576
0.11819199999999999,-0.08968709600000001
0.117118,-0.085749616
0.116043,-0.08137464
0.11496899999999999,-0.077218408
0.113894,-0.07503092
0.11281999999999999,-0.072843432
0.111746,-0.07043719200000001
0.11067099999999999,-0.06912468800000002
0.109597,-0.068030952
0.108522,-0.06693720400000001
0.107448,-0.06518721200000001
0.106373,-0.06453096000000001
0.10529899999999999,-0.06431221200000001
0.104224,-0.062780972
0.10314999999999999,-0.06212472
0.102075,-0.062562224
0.101001,-0.06146848
0.099926736,-0.060374732
0.098852256,-0.06081222800000001
0.09777777600000001,-0.06015598400000001
0.09670329600000001,-0.059280988
0.095628816,-0.059280988
0.094554336,-0.059062236000000004
0.093479848,-0.058843488000000006
0.092405368,-0.057968492
0.09133089600000001,-0.058187244
0.09025640800000001,-0.058405992000000004
0.08918192800000001,-0.05753099600000001
0.088107448,-0.056874748
0.087032968,-0.057968492
0.08595848,-0.05709349600000001
0.084884,-0.056656
0.08380952800000001,-0.05709349600000001
0.08273504000000001,-0.05709349600000001
0.08166056000000001,-0.056218500000000005
0.08058607200000001,-0.056218500000000005
0.0795116,-0.05643725200000001
0.07843712,-0.05599975200000001
0.077362632,-0.055562252000000006
0.07628816000000001,-0.05599975200000001
0.07521367200000001,-0.056218500000000005
0.074139192,-0.055124752000000006
0.073064712,-0.055124752000000006
0.071990232,-0.05599975200000001
0.070915752,-0.055124752000000006
0.069841264,-0.054468508000000006
0.068766784,-0.055343504
0.067692312,-0.054906008000000006
0.066617824,-0.054906008000000006
0.065543348,-0.054906008000000006
0.06446886,-0.054906008000000006
0.063394384,-0.05468726
0.062319900000000004,-0.05424976
0.06124542,-0.05468726
0.060170940000000006,-0.055124752000000006
0.05909646,-0.05424976
0.058021976,-0.05424976
0.056947496,-0.055124752000000006
0.055873016000000005,-0.05424976
0.054798532000000004,-0.054031012
0.053724056000000006,-0.054906008000000006
0.052649572000000006,-0.05468726
0.051575092,-0.05381226
0.050500608,-0.05424976
0.049426128,-0.05468726
0.048351648000000004,-0.05424976
0.047277168,-0.05381226
0.046202684,-0.054031012
0.045128204000000005,-0.05424976
0.044053724,-0.05337476
0.04297924,-0.05381226
0.041904764000000004,-0.054468508000000006
0.040830280000000004,-0.05337476
0.0397558,-0.05315601200000001
0.038681316,-0.054031012
0.037606836000000005,-0.05359351200000001
0.036532356,-0.052937268
0.035457876,-0.05337476
0.034383392,-0.05381226
0.033308912,-0.05337476
0.03223443,-0.052937268
0.031159950000000002,-0.05359351200000001
0.030085470000000003,-0.05359351200000001
0.029010988,-0.052718516
0.027936508000000002,-0.05315601200000001
0.026862028000000003,-0.05381226
0.025787546,-0.052937268
0.024713064,-0.052718516
0.023638584,-0.05381226
0.022564102000000003,-0.05337476
0.02148962,-0.05249976800000001
0.020415140000000002,-0.05315601200000001
0.019340658,-0.05315601200000001
0.018266178,-0.05249976800000001
0.017191696,-0.05249976800000001
0.016117215,-0.052937268
0.015042735000000002,-0.05315601200000001
0.013968254000000001,-0.051843520000000004
0.012893773,-0.052718516
0.011819292,-0.05315601200000001
0.01074481,-0.05206226800000001
0.009670329,-0.05206226800000001
0.008595848,-0.052937268
0.007521367,-0.052281016
0.006446886000000001,-0.05162476800000001
0.005372405,-0.052281016
0.004297924,-0.052281016
0.0032234430000000003,-0.051843520000000004
0.002148962,-0.05162476800000001
0.001074481,-0.052281016
0.0,-0.05206226800000001
-0.001074481,-0.05315601200000001
-0.002148962,-0.052718516
-0.0032234430000000003,-0.052718516
-0.004297924,-0.05162476800000001
-0.005372405,-0.051406020000000004
-0.006446886000000001,-0.05249976800000001
-0.007521367,-0.05162476800000001
-0.008595848,-0.051406020000000004
-0.009670329,-0.051843520000000004
-0.01074481,-0.05206226800000001
-0.011819292,-0.05162476800000001
-0.012893773,-0.05162476800000001
-0.013968254000000001,-0.052281016
-0.015042735000000002,-0.051843520000000004
-0.016117215,-0.05162476800000001
-0.017191696,-0.051406020000000004
-0.018266178,-0.052281016
-0.019340658,-0.051187276000000004
-0.020415140000000002,-0.050749776
-0.02148962,-0.05249976800000001
-0.022564102000000003,-0.051187276000000004
-0.023638584,-0.051187276000000004
-0.024713064,-0.05162476800000001
-0.025787546,-0.05162476800000001
-0.026862028000000003,-0.051187276000000004
-0.027936508000000002,-0.051187276000000004
-0.029010988,-0.051406020000000004
-0.030085470000000003,-0.051406020000000004
-0.031159950000000002,-0.050749776
-0.03223443,-0.05096852400000001
-0.033308912,-0.051843520000000004
-0.034383392,-0.050749776
-0.035457876,-0.05053102400000001
-0.036532356,-0.05206226800000001
-0.037606836000000005,-0.050749776
-0.038681316,-0.050312276
-0.0397558,-0.051406020000000004
-0.040830280000000004,-0.051406020000000004
-0.041904764000000004,-0.05096852400000001
-0.04297924,-0.050749776
-0.044053724,-0.05162476800000001
-0.045128204000000005,-0.051187276000000004
-0.046202684,-0.050749776
-0.047277168,-0.050749776
-0.048351648000000004,-0.05206226800000001
-0.049426128,-0.05096852400000001
-0.050500608,-0.050749776
-0.051575092,-0.051843520000000004
-0.052649572000000006,-0.051187276000000004
-0.053724056000000006,-0.05053102400000001
-0.054798532000000004,-0.050749776
-0.055873016000000005,-0.051187276000000004
-0.056947496,-0.05053102400000001
-0.058021976,-0.05096852400000001
-0.05909646,-0.051187276000000004
-0.060170940000000006,-0.050749776
-0.06124542,-0.050312276
-0.062319900000000004,-0.050749776
-0.063394384,-0.051406020000000004
-0.06446886,-0.050312276
-0.065543348,-0.050093528000000005
-0.066617824,-0.051406020000000004
-0.067692312,-0.050312276
-0.068766784,-0.050093528000000005
-0.069841264,-0.051187276000000004
-0.070915752,-0.050749776
-0.071990232,-0.050093528000000005
-0.073064712,-0.050312276
-0.074139192,-0.05096852400000001
-0.07521367200000001,-0.050749776
-0.07628816000000001,-0.05053102400000001
-0.077362632,-0.05096852400000001
-0.07843712,-0.051406020000000004
-0.0795116,-0.050093528000000005
-0.08058607200000001,-0.050312276
-0.08166056000000001,-0.05096852400000001
-0.08273504000000001,-0.05053102400000001
-0.08380952800000001,-0.050312276
-0.084884,-0.051187276000000004
-0.08595848,-0.05096852400000001
-0.087032968,-0.05053102400000001
-0.088107448,-0.05053102400000001
-0.08918192800000001,-0.051187276000000004
-0.09025640800000001,-0.05053102400000001
-0.09133089600000001,-0.050312276
-0.092405368,-0.05096852400000001
-0.093479848,-0.051187276000000004
-0.094554336,-0.050312276
-0.095628816,-0.050312276
-0.09670329600000001,-0.051843520000000004
-0.09777777600000001,-0.050749776
-0.098852256,-0.050093528000000005
-0.099926736,-0.051187276000000004
-0.101001,-0.050749776
-0.102075,-0.050093528000000005
-0.10314999999999999,-0.05053102400000001
-0.104224,-0.051406020000000004
-0.10529899999999999,-0.050312276
-0.106373,-0.05053102400000001
-0.107448,-0.05096852400000001
-0.108522,-0.051187276000000004
-0.109597,-0.050312276
-0.11067099999999999,-0.05053102400000001
-0.111746,-0.05162476800000001
-0.11281999999999999,-0.050093528000000005
-0.113894,-0.05053102400000001
-0.11496899999999999,-0.051187276000000004
-0.116043,-0.050749776
-0.117118,-0.050093528000000005
-0.11819199999999999,-0.050749776
-0.119267,-0.05096852400000001
-0.12034099999999999,-0.050749776
-0.121416,-0.050093528000000005
-0.12248999999999999,-0.05053102400000001
-0.123565,-0.050749776
-0.124639,-0.050093528000000005
-0.125714,-0.050749776
-0.12678799999999998,-0.05096852400000001
-0.127863,-0.050093528000000005
-0.128937,-0.050093528000000005
-0.130012,-0.050749776
-0.13108599999999998,-0.05053102400000001
-0.132161,-0.049437284000000005
-0.133235,-0.049656028000000005
-0.13430999999999998,-0.050312276
-0.135384,-0.050312276
-0.136459,-0.049437284000000005
-0.137533,-0.050312276
-0.13860799999999998,-0.050312276
-0.139682,-0.049874776
-0.140757,-0.049656028000000005
-0.14183099999999998,-0.050749776
-0.142905,-0.049656028000000005
-0.14398,-0.049656028000000005
-0.145054,-0.05053102400000001
-0.14612899999999998,-0.050312276
-0.147203,-0.049656028000000005
-0.148278,-0.049874776
-0.14935199999999998,-0.049874776
-0.150427,-0.050312276
-0.151501,-0.049437284000000005
-0.152576,-0.049874776
-0.15364999999999998,-0.049874776
-0.154725,-0.048999784000000005
-0.155799,-0.049218532
-0.15687399999999999,-0.050312276
-0.157948,-0.048781032
-0.159023,-0.049218532
-0.160097,-0.049437284000000005
-0.16117199999999998,-0.049218532
-0.162246,-0.048562284000000004
-0.163321,-0.049218532
-0.16439499999999999,-0.049218532
-0.16547,-0.048343536000000006
-0.166544,-0.048124784000000004
-0.167619,-0.048781032
-0.16869299999999998,-0.048343536000000006
-0.169768,-0.047249792000000006
-0.170842,-0.047906036000000006
-0.17191599999999999,-0.048343536000000006
-0.172991,-0.047468540000000004
-0.174065,-0.047468540000000004
-0.17514,-0.047687288
-0.17621399999999998,-0.047468540000000004
-0.177289,-0.046593544
-0.178363,-0.047468540000000004
-0.179438,-0.047687288
-0.18051199999999998,-0.04735916400000001
-0.181587,-0.046812292000000005
-0.182661,-0.047249792000000006
-0.18373599999999998,-0.04735916400000001
-0.18481,-0.04626542000000001
-0.185885,-0.046921668
-0.186959,-0.04735916400000001
-0.18803399999999998,-0.046374792000000005
-0.189108,-0.046484168
-0.190183,-0.047468540000000004
-0.19125699999999998,-0.046484168
-0.192332,-0.04549980000000001
-0.193406,-0.046593544
-0.194481,-0.046593544
-0.19555499999999998,-0.046484168
-0.19663,-0.04549980000000001
-0.197704,-0.04626542000000001
-0.19877799999999998,-0.046156044
-0.199853,-0.045609172
-0.19877799999999998,-0.035437344
-0.197704,-0.031390486
-0.19663,-0.026249884000000005
-0.19555499999999998,-0.023296772
-0.194481,-0.021765528000000003
-0.193406,-0.019031166
-0.192332,-0.00222879
-0.19125699999999998,-0.0035055840000000004
-0.190183,-0.002995986
-0.189108,-0.0020943900000000002
-0.18803399999999998,-0.0007055960000000001
-0.186959,0.000358398
-0.185885,0.001108795
-0.18481,0.0020943900000000002
-0.18373599999999998,0.0029791870000000003
-0.182661,0.0036119840000000004
-0.181587,0.004479980000000001
-0.18051199999999998,0.005101577
-0.179438,0.005655975000000001
-0.178363,0.006215972
-0.177289,0.00673677
-0.17621399999999998,0.007408767
-0.17514,0.007879165
-0.174065,0.008209564
-0.172991,0.008803161
-0.17191599999999999,0.009245559
-0.170842,0.009475159000000002
-0.169768,0.010147155000000001
-0.16869299999999998,0.010471954000000002
-0.167619,0.010723952
-0.166544,0.011255951
-0.16547,0.011547149
-0.16439499999999999,0.011871948
-0.163321,0.012235946000000001
-0.162246,0.012504745000000001
-0.16117199999999998,0.012902343
-0.160097,0.013210342
-0.159023,0.013400741
-0.157948,0.013820739000000002
-0.15687399999999999,0.014055938
-0.155799,0.014195938
-0.154725,0.014671935000000002
-0.15364999999999998,0.014856734000000002
-0.152576,0.014890334000000002
-0.151501,0.015254333000000002
-0.150427,0.015500732000000001
-0.14935199999999998,0.015719131
-0.148278,0.01587593
-0.147203,0.01609433
-0.14612899999999998,0.016351928
-0.145054,0.016514326000000003
-0.14398,0.016514326000000003
-0.142905,0.016878324
-0.14183099999999998,0.017040724
-0.140757,0.017018324
-0.139682,0.017326324
-0.13860799999999998,0.017533524
-0.137533,0.017494322
-0.136459,0.017914322
-0.135384,0.01808792
-0.13430999999999998,0.018233520000000003
-0.133235,0.018457518
-0.132161,0.018614318
-0.13108599999999998,0.018888716
-0.130012,0.019011916
-0.128937,0.019202314
-0.127863,0.019560714
-0.12678799999999998,0.019661514
-0.125714,0.019739914
-0.124639,0.02009831
-0.123565,0.02026071
-0.12248999999999999,0.020266312
-0.121416,0.02057991
-0.12034099999999999,0.02073111
-0.119267,0.020865508
-0.11819199999999999,0.021061506
-0.117118,0.021156706
-0.116043,0.021296706000000002
-0.11496899999999999,0.021436704
-0.113894,0.021526304
-0.11281999999999999,0.021750304
-0.111746,0.021901502000000003
-0.11067099999999999,0.021834304000000002
-0.109597,0.022187102
-0.108522,0.022243102
-0.107448,0.022226302
-0.106373,0.022416702000000004
-0.10529899999999999,0.022551100000000004
-0.104224,0.0225399
-0.10314999999999999,0.022707900000000003
-0.102075,0.022948698000000003
-0.101001,0.023032700000000003
-0.099926736,0.023116698
-0.098852256,0.023178298000000003
-0.09777777600000001,0.023469496000000003
-0.09670329600000001,0.023519898
-0.095628816,0.023553496
-0.094554336,0.023827894000000002
-0.093479848,0.023934294000000002
-0.092405368,0.023917496
-0.09133089600000001,0.024141494000000003
-0.09025640800000001,0.024219894
-0.08918192800000001,0.024309492000000002
-0.088107448,0.024460692
-0.087032968,0.024572692000000004
-0.08595848,0.024662292000000002
-0.084884,0.024701490000000003
-0.08380952800000001,0.024684692000000005
-0.08273504000000001,0.02485269
-0.08166056000000001,0.024970290000000003
-0.08058607200000001,0.024914290000000002
-0.0795116,0.02507109
-0.07843712,0.025222288000000002
-0.077362632,0.025132688
-0.07628816000000001,0.025272688
-0.07521367200000001,0.02528949
-0.074139192,0.025216688000000004
-0.073064712,0.025362288
-0.071990232,0.025373488000000003
-0.070915752,0.025401488
-0.069841264,0.025401488
-0.068766784,0.025407088
-0.067692312,0.025619886
-0.066617824,0.025591888000000004
-0.065543348,0.025563886000000004
-0.06446886,0.025782286
-0.063394384,0.025804686
-0.062319900000000004,0.025793486
-0.06124542,0.026028684000000003
-0.060170940000000006,0.026034286
-0.05909646,0.026062284
-0.058021976,0.026213484000000002
-0.056947496,0.026275084
-0.055873016000000005,0.026336684000000003
-0.054798532000000004,0.026381484
-0.053724056000000006,0.026409484
-0.052649572000000006,0.026482282000000003
-0.051575092,0.026532684
-0.050500608,0.026532684
-0.049426128,0.026695084
-0.048351648000000004,0.026773482
-0.047277168,0.026650284000000003
-0.046202684,0.026801482
-0.045128204000000005,0.026773482
-0.044053724,0.026751082000000002
-0.04297924,0.026840682000000005
-0.041904764000000004,0.026885482000000002
-0.040830280000000004,0.02690228
-0.0397558,0.026846282000000003
-0.038681316,0.026874282000000003
-0.037606836000000005,0.026991880000000003
-0.036532356,0.026924680000000003
-0.035457876,0.026896682
-0.034383392,0.027019882000000002
-0.033308912,0.02717108
-0.03223443,0.027047880000000003
-0.031159950000000002,0.027159882000000003
-0.030085470000000003,0.02717668
-0.029010988,0.02722708
-0.027936508000000002,0.027305480000000003
-0.026862028000000003,0.027305480000000003
-0.025787546,0.027367078
-0.024713064,0.02740628
-0.023638584,0.027372680000000003
-0.022564102000000003,0.027467878
-0.02148962,0.027462280000000002
-0.020415140000000002,0.027355878
-0.019340658,0.02754628
-0.018266178,0.02760228
-0.017191696,0.02742868
-0.016117215,0.027563078
-0.015042735000000002,0.027523878
-0.013968254000000001,0.02743988
-0.012893773,0.027495878
-0.011819292,0.027445478000000002
-0.01074481,0.027451080000000003
-0.009670329,0.027400678
-0.008595848,0.02742868
-0.007521367,0.02741748
-0.006446886000000001,0.02733348
-0.005372405,0.02721588
-0.004297924,0.027327880000000002
-0.0032234430000000003,0.02721588
-0.002148962,0.02706468
-0.001074481,0.027165480000000002
0.0,0.027988678000000003
0.001074481,0.027686278
0.002148962,0.027467878
0.0032234430000000003,0.027305480000000003
0.004297924,0.027165480000000002
0.005372405,0.027131880000000004
0.006446886000000001,0.027131880000000004
0.007521367,0.027143080000000003
0.008595848,0.027098280000000002
0.009670329,0.02705348
0.01074481,0.027165480000000002
0.011819292,0.02706468
0.012893773,0.026885482000000002
0.013968254000000001,0.027019882000000002
0.015042735000000002,0.027008682000000003
0.016117215,0.026874282000000003
0.017191696,0.026924680000000003
0.018266178,0.026935880000000002
0.019340658,0.026879882
0.020415140000000002,0.026840682000000005
0.02148962,0.026784682000000004
0.022564102000000003,0.026767882
0.023638584,0.026667082
0.024713064,0.026588682000000002
0.025787546,0.026650284000000003
0.026862028000000003,0.026583082000000004
0.027936508000000002,0.026415084000000002
0.029010988,0.026493482000000002
0.030085470000000003,0.026415084000000002
0.031159950000000002,0.026252686000000004
0.03223443,0.026297484000000003
0.033308912,0.026241486
0.034383392,0.026230286000000002
0.035457876,0.026163086000000002
0.036532356,0.026129484
0.037606836000000005,0.026095884000000003
0.038681316,0.026039884000000003
0.0397558,0.026011886
0.040830280000000004,0.026084684000000004
0.041904764000000004,0.026011886
0.04297924,0.025877486000000005
0.044053724,0.026039884000000003
0.045128204000000005,0.025989486000000003
0.046202684,0.025849486
0.047277168,0.025894286000000002
0.048351648000000004,0.025871886
0.049426128,0.025793486
0.050500608,0.025776688000000002
0.051575092,0.025754288000000004
0.052649572000000006,0.025743088000000004
0.053724056000000006,0.025619886
0.054798532000000004,0.025547088000000003
0.055873016000000005,0.025614288000000002
0.056947496,0.025496688000000003
0.058021976,0.025412688
0.05909646,0.025423888000000002
0.060170940000000006,0.025379088000000005
0.06124542,0.025199888
0.062319900000000004,0.025244690000000004
0.063394384,0.025250288000000003
0.06446886,0.025132688
0.065543348,0.02505429
0.066617824,0.025009490000000002
0.067692312,0.02495909
0.068766784,0.024942290000000002
0.069841264,0.024835892000000002
0.070915752,0.02483029
0.071990232,0.024802292000000004
0.073064712,0.024695892000000004
0.074139192,0.024802292000000004
0.07521367200000001,0.024802292000000004
0.07628816000000001,0.02467909
0.077362632,0.024740692
0.07843712,0.024779892
0.0795116,0.02467909
0.08058607200000001,0.024723890000000002
0.08166056000000001,0.024707092
0.08273504000000001,0.024695892000000004
0.08380952800000001,0.024639892000000004
0.084884,0.024578292
0.08595848,0.024639892000000004
0.087032968,0.024589492
0.088107448,0.024522292000000005
0.08918192800000001,0.024639892000000004
0.09025640800000001,0.024550292
0.09133089600000001,0.024432692000000002
0.092405368,0.024511092
0.093479848,0.024466292000000004
0.094554336,0.024371094
0.095628816,0.024421492000000003
0.09670329600000001,0.024371094
0.09777777600000001,0.024337494000000005
0.098852256,0.024337494000000005
0.099926736,0.024247892
0.101001,0.024303892000000004
0.102075,0.024247892
0.10314999999999999,0.024208694
0.104224,0.024343092
0.10529899999999999,0.024303892000000004
0.106373,0.024203092000000002
0.107448,0.024320692
0.108522,0.024348694
0.109597,0.024270292000000002
0.11067099999999999,0.024343092
0.111746,0.024393494
0.11281999999999999,0.024376692000000002
0.113894,0.024410292000000004
0.11496899999999999,0.024365492000000002
0.116043,0.024460692
0.117118,0.024421492000000003
0.11819199999999999,0.024432692000000002
0.119267,0.024561492
0.12034099999999999,0.024555892
0.121416,0.024449492
0.12248999999999999,0.024533492000000004
0.123565,0.024595092000000002
0.124639,0.024505492
0.125714,0.024583892000000003
0.12678799999999998,0.024617492
0.127863,0.024600692
0.128937,0.024578292
0.130012,0.024561492
0.13108599999999998,0.024639892000000004
0.132161,0.02464549
0.133235,0.024555892
0.13430999999999998,0.02469029
0.135384,0.024656690000000002
0.136459,0.024555892
0.137533,0.02477429
0.13860799999999998,0.02474629
0.139682,0.024712690000000002
0.140757,0.024751890000000002
0.14183099999999998,0.02485269
0.142905,0.02490869
0.14398,0.02495909
0.145054,0.02500389
0.14612899999999998,0.025087888000000003
0.147203,0.025143888
0.148278,0.02512709
0.14935199999999998,0.025311890000000004
0.150427,0.025306288
0.151501,0.025278290000000002
0.152576,0.025423888000000002
0.15364999999999998,0.025446288
0.154725,0.025395888000000002
0.155799,0.025513488
0.15687399999999999,0.025591888000000004
0.157948,0.025586286000000003
0.159023,0.025603088000000003
0.160097,0.025647888000000004
0.16117199999999998,0.025692686000000003
0.162246,0.025698288000000003
0.163321,0.025687086
0.16439499999999999,0.025855086000000003
0.16547,0.025838286000000002
0.166544,0.025731888
0.167619,0.025860686
0.16869299999999998,0.025894286000000002
0.169768,0.025838286000000002
0.170842,0.025939086000000004
0.17191599999999999,0.026056686000000003
0.172991,0.026023086
0.174065,0.026067886000000002
0.17514,0.026084684000000004
0.17621399999999998,0.026191084000000003
0.177289,0.026235884000000004
0.178363,0.026247084000000004
0.179438,0.026426284
0.18051199999999998,0.026476684
0.181587,0.026437482
0.182661,0.026627884
0.18373599999999998,0.026655882000000002
0.18481,0.026661484000000003
0.185885,0.026790282000000002
0.186959,0.026851882000000004
0.18803399999999998,0.02690228
0.189108,0.026997482000000003
0.190183,0.027042280000000002
0.19125699999999998,0.027154280000000003
0.192332,0.027154280000000003
0.193406,0.027193480000000003
0.194481,0.027372680000000003
0.19555499999999998,0.02743988
0.19663,0.027445478000000002
0.197704,0.027619078000000002
0.19877799999999998,0.027635878000000003
0.199853,0.027663878000000003
0.200927,0.027848678
0.202002,0.027921476
0.20307599999999998,0.027983076000000003
0.204151,0.028078278
0.205225,0.028173476000000003
0.20629999999999998,0.028391876
0.207374,0.028442274000000003
0.208449,0.028543074
0.209523,0.028800674000000002
0.21059799999999998,0.028907074
0.211672,0.028985474000000004
0.212747,0.029282270000000003
0.21382099999999998,0.02947827
0.214896,0.02954547
0.21597,0.02987027
0.217045,0.030083066
0.21811899999999998,0.030161468000000004
0.219194,0.030379866000000002
0.220268,0.030654264000000004
0.22134299999999998,0.030794266000000004
0.222417,0.030984664000000002
0.223492,0.03116946
0.224566,0.03149426
0.22564099999999998,0.031707062
0.226715,0.03180226
0.227789,0.032115858000000004
0.22886399999999998,0.032328658
0.22993799999999998,0.032435058
0.231013,0.032709456000000005
0.232087,0.033000654000000004
0.23316199999999998,0.03317425400000001
0.234236,0.033409454000000005
0.235311,0.033644652000000004
0.23638499999999998,0.033885448000000006
0.23745999999999998,0.034070252
0.238534,0.034255048
0.239609,0.034619048
0.24068299999999998,0.03489344800000001
0.241758,0.035111848
0.242832,0.035492644000000004
0.24390699999999998,0.035733444
0.24498099999999998,0.035929444
0.246056,0.03634384
0.24713,0.036651836
0.24820499999999998,0.036937436000000004
0.249279,0.037284636
0.25035399999999997,0.037648632
0.251428,0.038012632000000005
0.252503,0.03832063200000001
0.253577,0.038667828
0.254652,0.03912702800000001
0.255726,0.039440624
0.2568,0.039787824
0.25787499999999997,0.04035342000000001
0.258949,0.040689420000000004
0.260024,0.04101982
0.261098,0.04157422
0.262173,0.04207261600000001
0.263247,0.042481416
0.264322,0.043007808
0.26539599999999997,0.04348940800000001
0.266471,0.044027004
0.267545,0.044497404000000004
0.26861999999999997,0.045001404
0.269694,0.045628600000000005
0.270769,0.046126996
0.271843,0.046558196
0.272918,0.047207792
0.273992,0.047717388
0.275067,0.048137388
0.27614099999999997,0.048747784
0.27721599999999996,0.04939178400000001
0.27829,0.042874808
0.279365,0.044952928
0.280439,0.046374792000000005
0.281514,0.046812292000000005
0.282588,0.048452912
0.283663,0.050202904000000007
0.28473699999999996,0.051077896000000005
0.285811,0.05239039200000001
0.286886,0.054359132000000004
0.28796,0.056109124
0.289035,0.057640368000000004
0.290109,0.059171612000000005
0.291184,0.061359104000000005
0.29225799999999996,0.063109092
0.293333,0.06420284000000001
0.294407,0.06693720400000001
0.29548199999999997,0.06890594400000001
0.296556,0.070109064
0.297631,0.071968432
0.298705,0.07415592
0.29978,0.07514029600000001
0.300854,0.076452784
0.301929,0.07820277600000002
0.30300299999999997,0.079405896
0.30407799999999996,0.08017152000000001
0.305152,0.08093714400000002
0.30622699999999997,0.082468384
0.307301,0.082796504
0.308376,0.08268712800000001
0.30945,0.083562128
0.310525,0.083890248
0.31159899999999996,0.083124632
0.312673,0.083343384
0.31374799999999997,0.083343384
0.314822,0.08235900800000001
0.315897,0.081593384
0.316971,0.08137464
0.318046,0.08082776800000001
0.31911999999999996,0.07995276800000001
0.320195,0.07907777600000002
0.32126899999999997,0.07896840000000001
0.32234399999999996,0.07809340000000001
0.323418,0.07699965600000001
0.324493,0.07710903200000001
0.325567,0.07667153600000001
0.326642,0.07535904
0.327716,0.075577792
0.328791,0.07524966400000001
0.32986499999999996,0.07459341600000001
0.33094,0.074046544
0.332014,0.07415592
0.33308899999999997,0.074046544
0.334163,0.073171552
0.335238,0.07306217599999999
0.336312,0.073390296
0.337387,0.07306217599999999
0.338461,0.072296552
0.339536,0.07295280000000001
0.34060999999999997,0.07262468000000001
0.341684,0.071859056
0.342759,0.072187176
0.343833,0.07251529599999999
0.344908,0.071968432
0.345982,0.071859056
0.347057,0.072187176
0.34813099999999997,0.07207780800000001
0.34920599999999996,0.071859056
0.35028,0.07174968000000001
0.351355,0.072187176
0.352429,0.071859056
0.353504,0.071312184
0.354578,0.07207780800000001
0.355653,0.07207780800000001
0.35672699999999996,0.071421552
0.357802,0.071421552
0.358876,0.071859056
0.35995099999999997,0.071312184
0.361025,0.071312184
0.3621,0.071421552
0.363174,0.071530936
0.364249,0.071312184
0.365323,0.07109343200000001
0.366398,0.071530936
0.36747199999999997,0.07109343200000001
0.368546,0.07076531200000001
0.369621,0.071312184
0.370695,0.07109343200000001
0.37177,0.07043719200000001
0.372844,0.070655936
0.373919,0.070874688
0.37499299999999997,0.070109064
0.37606799999999996,0.07021843200000001
0.377142,0.07043719200000001
0.37821699999999997,0.07021843200000001
0.379291,0.069999688
0.380366,0.070109064
0.38144,0.069999688
0.382515,0.069999688
0.38358899999999996,0.069452816
0.384664,0.069999688
0.38573799999999997,0.070109064
0.38681299999999996,0.06934344800000002
0.387887,0.069780936
0.388962,0.070109064
0.390036,0.06956219200000001
0.391111,0.069452816
0.392185,0.06989031200000001
0.39326,0.069452816
0.39433399999999996,0.06967156800000002
0.39540899999999995,0.06967156800000002
0.396483,0.06989031200000001
0.397557,0.06989031200000001
0.398632,0.069780936
0.399706,0.07021843200000001
0.400781,0.070327816
0.40185499999999996,0.06989031200000001
0.40292999999999995,0.070655936
0.404004,0.07109343200000001
0.40507899999999997,0.070655936
0.406153,0.070984056
0.407228,0.07164031200000001
0.408302,0.071530936
0.409377,0.07164031200000001
0.41045099999999995,0.07207780800000001
0.411526,0.07251529599999999
0.41259999999999997,0.072734056
0.41367499999999996,0.072843432
0.414749,0.073718424
0.41582399999999997,0.074046544
0.416898,0.074046544
0.417973,0.074921544
0.419047,0.075905912
0.420122,0.07568716
0.42119599999999996,0.07634341600000001
0.422271,0.07710903200000001
0.42334499999999997,0.077655904
0.42441999999999996,0.078312152
0.425494,0.07896840000000001
0.426568,0.07984340000000001
0.427643,0.08028088800000001
0.42871699999999996,0.080718392
0.429792,0.082140264
0.43086599999999997,0.082796504
0.43194099999999996,0.083124632
0.433015,0.08454649600000001
0.43409,0.085202752
0.435164,0.085749616
0.436239,0.086843368
0.437313,0.08804648
0.438388,0.088812104
0.43946199999999996,0.08957772800000001
0.44053699999999996,0.09056209600000001
0.441611,0.09165584000000002
0.44268599999999997,0.09242146400000001
0.44376,0.09329646400000001
0.444835,0.09460896
0.445909,0.09581207200000001
0.446984,0.096358944
0.44805799999999996,0.097890192
0.449133,0.09898393600000001
0.45020699999999997,0.099640184
0.45128199999999996,0.100952
0.452356,0.102265
0.45343,0.103249
0.454505,0.10434299999999999
0.45557899999999996,0.105874
0.456654,0.107077
0.45772799999999997,0.10817099999999999
0.45880299999999996,0.109374
0.459877,0.11101499999999999
0.460952,0.11243600000000001
0.462026,0.113202
0.463101,0.11528
0.464175,0.11703
0.46525,0.117905
0.46632399999999996,0.11998299999999999
0.46739899999999995,0.121733
0.468473,0.12315499999999999
0.46954799999999997,0.12490499999999999
0.470622,0.12709299999999998
0.471697,0.12917099999999998
0.472771,0.130702
0.473846,0.13256099999999998
0.47491999999999995,0.135186
0.475995,0.137265
0.47706899999999997,0.139124
0.47814399999999996,0.14196799999999998
0.479218,0.144374
0.48029299999999997,0.146343
0.481367,0.14929599999999998
0.48244099999999995,0.151921
0.483516,0.154218
0.48458999999999997,0.157061
0.48566499999999996,0.159905
0.486739,0.16252999999999998
0.48781399999999997,0.165046
0.488888,0.16799899999999998
0.489963,0.171061
0.491037,0.17357699999999998
0.492112,0.176202
0.49318599999999996,0.17959199999999997
0.49426099999999995,0.18243600000000001
0.49533499999999997,0.184842
0.49640999999999996,0.18801400000000001
0.497484,0.191077
0.498559,0.193374
0.499633,0.196327
0.5007079999999999,0.199608
0.501782,0.202561
0.502857,0.205077
0.503931,0.20803
0.505006,0.211311
0.50608,0.213827
0.507155,0.21645199999999998
0.5082289999999999,0.219733
0.509304,0.222686
0.510378,0.225092
0.511452,0.228373
0.512527,0.231217
0.513601,0.233842
0.514676,0.236795
0.5157499999999999,0.239967
0.516825,0.24292
0.517899,0.24543600000000002
0.5189739999999999,0.24828
0.520048,0.25178
0.521123,0.25451399999999996
0.522197,0.25703000000000004
0.523272,0.26042
0.524346,0.263264
0.525421,0.26566999999999996
0.5264949999999999,0.269061
0.52757,0.272123
0.528644,0.274858
0.5297189999999999,0.277592
0.530793,0.280873
0.531868,0.283826
0.532942,0.286779
0.534017,0.289733
0.535091,0.293123
0.5361659999999999,0.295858
0.5372399999999999,0.29859199999999997
0.538314,0.30220099999999994
0.539389,0.305373
0.540463,0.307998
0.541538,0.311389
0.542612,0.314779
0.5436869999999999,0.317514
0.5447609999999999,0.320795
0.545836,0.324295
0.54691,0.32724800000000004
0.5479849999999999,0.330529
0.549059,0.33381099999999997
0.550134,0.33731099999999997
0.5512079999999999,0.340592
0.552283,0.343654
0.553357,0.347592
0.5544319999999999,0.350764
0.5555059999999999,0.353717
0.556581,0.357873
0.557655,0.36148199999999997
0.55873,0.364326
0.559804,0.36826299999999995
0.560879,0.371873
0.5619529999999999,0.375154
0.563028,0.378763
0.564102,0.382482
0.5651769999999999,0.38620099999999996
0.566251,0.38970099999999996
0.567326,0.393091
0.5684,0.397248
0.5694739999999999,0.401076
0.570549,0.404248
0.571623,0.40851299999999996
0.5726979999999999,0.41234099999999996
0.573772,0.41562299999999996
0.574847,0.419779
0.575921,0.423935
0.576996,0.427654
0.57807,0.431373
0.579145,0.43531
0.5802189999999999,0.43957599999999997
0.581294,0.44340399999999996
0.582368,0.447232
0.5834429999999999,0.451935
0.584517,0.455982
0.585592,0.45970099999999997
0.586666,0.464404
0.587741,0.468669
0.588815,0.472497
0.58989,0.47698199999999996
0.5909639999999999,0.48179400000000006
0.592039,0.485732
0.593113,0.48988799999999993
0.5941879999999999,0.49448200000000003
0.595262,0.49918500000000005
0.596336,0.503122
0.597411,0.507388
0.5984849999999999,0.512419
0.59956,0.517122
0.600634,0.521388
0.6017089999999999,0.5263100000000001
0.602783,0.531122
0.603858,0.535388
0.604932,0.54031
0.606007,0.545341
0.607081,0.549716
0.6081559999999999,0.554419
0.6092299999999999,0.55956
0.610305,0.5645910000000001
0.611379,0.569184
0.6124539999999999,0.573669
0.613528,0.579356
0.614603,0.5841689999999999
0.6156769999999999,0.588544
0.616752,0.594012
0.617826,0.5992620000000001
0.6189009999999999,0.6037469999999999
0.6199749999999999,0.608997
0.62105,0.614247
0.622124,0.61895
0.6231979999999999,0.624091
0.624273,0.629122
0.625347,0.6343719999999999
0.6264219999999999,0.6394029999999999
0.6274959999999999,0.644106
0.628571,0.6495749999999999
0.629645,0.654497
0.63072,0.658872
0.631794,0.66445
0.632869,0.669481
0.6339429999999999,0.673528
0.635018,0.6784499999999999
0.636092,0.6835899999999999
0.6371669999999999,0.6876369999999999
0.638241,0.692231
0.639316,0.696715
0.64039,0.700762
0.641465,0.7049179999999999
0.642539,0.708637
0.643614,0.71334
0.6446879999999999,0.717059
0.645763,0.72034
0.646837,0.7241679999999999
0.6479119999999999,0.7284339999999999
0.648986,0.7311679999999999
0.650061,0.734887
0.651135,0.738496
0.6522089999999999,0.7413399999999999
0.653284,0.744621
0.654358,0.7479020000000001
0.6554329999999999,0.7507459999999999
0.656507,0.753152
0.657582,0.755668
0.658656,0.7585120000000001
0.659731,0.7606989999999999
0.660805,0.762012
0.66188,0.764855
0.6629539999999999,0.766715
0.664029,0.76759
0.665103,0.769668
0.6661779999999999,0.771418
0.667252,0.772074
0.668327,0.7731680000000001
0.669401,0.774152
0.670476,0.774809
0.67155,0.775137
0.6726249999999999,0.775574
0.6736989999999999,0.775902
0.674774,0.775902
0.675848,0.7753549999999999
0.6769229999999999,0.7753549999999999
0.677997,0.775027
0.679072,0.773605
0.6801459999999999,0.7731680000000001
0.6812199999999999,0.772621
0.682295,0.77098
0.683369,0.7694489999999999
0.6844439999999999,0.768246
0.685518,0.766715
0.686593,0.764527
0.6876669999999999,0.762559
0.688742,0.761027
0.689816,0.7585120000000001
0.6908909999999999,0.755777
0.6919649999999999,0.753918
0.69304,0.751293
0.694114,0.748121
0.695189,0.745715
0.696263,0.742981
0.697338,0.739699
0.6984119999999999,0.7365269999999999
0.699487,0.734012
0.700561,0.730403
0.7016359999999999,0.727012
0.70271,0.72384
0.703785,0.720668
0.704859,0.71684
0.705934,0.7131209999999999
0.707008,0.710387
0.708083,0.706668
0.7091569999999999,0.702621
0.710231,0.69934
0.711306,0.696059
0.71238,0.691575
0.713455,0.688184
0.714529,0.684793
0.715604,0.680856
0.7166779999999999,0.676918
0.717753,0.673528
0.718827,0.670137
0.7199019999999999,0.6662
0.720976,0.662262
0.722051,0.65909
0.723125,0.655481
0.7242,0.651434
0.725274,0.648153
0.726349,0.644762
0.7274229999999999,0.640606
0.728498,0.636997
0.729572,0.633825
0.7306469999999999,0.6301059999999999
0.731721,0.626497
0.732796,0.6231059999999999
0.7338699999999999,0.6198250000000001
0.734945,0.616325
0.736019,0.6128250000000001
0.737093,0.609872
0.7381679999999999,0.606591
0.739242,0.602872
0.740317,0.6001369999999999
0.7413909999999999,0.597075
0.742466,0.593356
0.74354,0.590731
0.7446149999999999,0.588106
0.7456889999999999,0.5848249999999999
0.746764,0.581872
0.747838,0.579466
0.7489129999999999,0.576622
0.749987,0.5737779999999999
0.751062,0.571044
0.7521359999999999,0.568747
0.753211,0.5662309999999999
0.754285,0.5631689999999999
0.7553599999999999,0.561419
0.7564339999999999,0.559341
0.757509,0.556278
0.758583,0.55431
0.7596579999999999,0.552778
0.760732,0.550044
0.761807,0.548185
0.7628809999999999,0.546544
0.7639549999999999,0.544685
0.76503,0.5426059999999999
0.766104,0.540966
0.7671789999999999,0.539763
0.768253,0.537794
0.769328,0.535935
0.7704019999999999,0.5349499999999999
0.771477,0.533966
0.772551,0.5316690000000001
0.7736259999999999,0.530794
0.7746999999999999,0.5302469999999999
0.775775,0.528825
0.776849,0.527622
0.777924,0.526966
0.778998,0.5262
0.780073,0.525216
0.7811469999999999,0.524232
0.782222,0.5240130000000001
0.783296,0.523575
0.7843709999999999,0.522482
0.785445,0.522482
0.78652,0.5223720000000001
0.787594,0.521497
0.788669,0.521607
0.789743,0.522044
0.7908179999999999,0.521278
0.7918919999999999,0.521607
0.792967,0.521825
0.794041,0.522153
0.795115,0.5225909999999999
0.79619,0.52281
0.797264,0.523466
0.7983389999999999,0.5240130000000001
0.7994129999999999,0.524122
0.800488,0.525435
0.801562,0.5262
0.8026369999999999,0.526419
0.803711,0.527841
0.804786,0.529263
0.8058599999999999,0.530028
0.806935,0.531232
0.808009,0.532872
0.8090839999999999,0.534075
0.8101579999999999,0.535278
0.811233,0.5370280000000001
0.812307,0.538997
0.8133819999999999,0.540747
0.814456,0.54206
0.815531,0.544794
0.8166049999999999,0.546981
0.81768,0.548403
0.818754,0.551356
0.8198289999999999,0.5539810000000001
0.8209029999999999,0.55606
0.821978,0.558794
0.823052,0.561747
0.8241259999999999,0.564481
0.825201,0.567435
0.826275,0.570497
0.8273499999999999,0.574216
0.8284239999999999,0.577497
0.829499,0.58045
0.830573,0.584716
0.8316479999999999,0.588434
0.832722,0.591716
0.833797,0.5960909999999999
0.8348709999999999,0.600684
0.835946,0.6044029999999999
0.83702,0.608887
0.8380949999999999,0.614028
0.8391689999999999,0.618731
0.840244,0.623434
0.841318,0.628684
0.842393,0.634262
0.843467,0.639731
0.844542,0.644762
0.8456159999999999,0.651215
0.846691,0.65745
0.847765,0.662481
0.8488399999999999,0.669481
0.849914,0.6763709999999999
0.850988,0.682496
0.852063,0.6897150000000001
0.8531369999999999,0.6971529999999999
0.854212,0.7043710000000001
0.855286,0.7119179999999999
0.8563609999999999,0.719684
0.857435,0.728106
0.85851,0.7365269999999999
0.859584,0.744512
0.860659,0.753918
0.861733,0.763106
0.8628079999999999,0.771527
0.8638819999999999,0.78159
0.864957,0.791652
0.866031,0.80084
0.8671059999999999,0.8113400000000001
0.86818,0.822386
0.869255,0.832558
0.8703289999999999,0.843824
0.871404,0.8551989999999999
0.872478,0.8671209999999999
0.8735529999999999,0.879261
0.8746269999999999,0.8910739999999999
0.875702,0.904417
0.876776,0.9174329999999999
0.8778499999999999,0.9300109999999999
0.878925,0.94423
0.879999,0.9585579999999999
0.8810739999999999,0.972776
0.8821479999999999,0.9874329999999999
0.883223,1.002964
0.884297,1.018276
0.8853719999999999,1.0346819999999999
0.886446,1.051307
0.887521,1.06837
0.8885949999999999,1.085651
0.88967,1.103151
0.890744,1.122182
0.8918189999999999,1.140994
0.8928929999999999,1.159369
0.893968,1.180369
0.895042,1.200713
0.8961169999999999,1.220838
0.897191,1.242713
0.898266,1.2648059999999999
0.8993399999999999,1.2873379999999999
0.900415,1.310306
0.901489,1.334369
0.9025639999999999,1.359306
0.9036379999999999,1.384462
0.904713,1.409837
0.905787,1.436524
0.9068609999999999,1.463868
0.907936,1.490993
0.90901,1.520305
0.9100849999999999,1.549836
0.9111589999999999,1.579149
0.912234,1.610649
0.913308,1.6432419999999999
0.914383,1.676054
0.915457,1.709523
0.916532,1.7436479999999999
0.9176059999999999,1.77996
0.918681,1.816273
0.919755,1.852804
0.9208299999999999,1.8921789999999998
0.921904,1.931116
0.922979,1.9718029999999998
0.924053,2.013803
0.925128,2.056678
0.926202,2.099553
0.9272769999999999,2.145928
0.9283509999999999,2.193177
0.929426,2.240427
0.9305,2.2894270000000003
0.9315749999999999,2.340177
0.932649,2.3922389999999996
0.933724,2.445176
0.9347979999999999,2.4989879999999998
0.9358719999999999,2.5567379999999997
0.936947,2.61405
0.938021,2.673113
0.9390959999999999,2.7348
0.94017,2.7973619999999997
0.941245,2.8612369999999996
0.9423189999999999,2.901487
0.943394,2.877424
0.944468,2.8682369999999997
0.9455429999999999,2.8612369999999996
0.9466169999999999,2.852049
0.947692,2.847237
0.948766,2.839362
0.9498409999999999,2.831049
0.950915,2.8258
0.95199,2.8183619999999996
0.9530639999999999,2.810924
0.954139,2.805674
0.955213,2.7982370000000003
0.9562879999999999,2.791237
0.9573619999999999,2.7868619999999997
0.958437,2.7785499999999996
0.959511,2.772862
0.9605859999999999,2.7676119999999997
0.96166,2.760175
0.962735,2.7558
0.9638089999999999,2.75055
0.9648829999999999,2.74355
0.965958,2.74005
0.967032,2.7339249999999997
0.9681069999999999,2.7278
0.969181,2.7247369999999997
0.970256,2.718175
0.9713299999999999,2.712925
0.972405,2.7098619999999998
0.973479,2.703737
0.9745539999999999,2.6997999999999998
0.9756279999999999,2.6963
0.976703,2.689738
0.977777,2.68755
0.9788519999999999,2.683175
0.979926,2.67705
0.9810009999999999,2.6753
0.9820749999999999,2.67005
0.98315,2.665238
0.984224,2.6630499999999997
0.9852989999999999,2.658238
0.9863729999999999,2.654738
0.987448,2.652113
0.9885219999999999,2.647738
0.989597,2.644675
0.990671,2.641613
0.991745,2.6368
0.9928199999999999,2.634613
0.9938939999999999,2.63155
0.994969,2.626738
0.9960429999999999,2.625425
0.997118,2.621488
0.998192,2.61755
0.9992669999999999,2.6162379999999996
1.000341,2.612738
1.0014159999999999,2.609238
1.0024899999999999,2.6083629999999998
1.003565,2.60355
1.004639,2.600925
1.005714,2.60005
1.006788,2.5948
1.007863,2.593488
1.008937,2.591738
1.010012,2.586926
1.011086,2.586051
1.0121609999999999,2.583426
1.0132349999999999,2.579488
1.01431,2.57905
1.015384,2.57555
1.016459,2.572488
1.017533,2.572051
1.018608,2.568113
1.019682,2.565926
1.020756,2.565051
1.021831,2.561113
1.022905,2.5598009999999998
1.02398,2.557613
1.025054,2.554113
1.0261289999999998,2.553676
1.0272029999999999,2.551051
1.028278,2.547551
1.029352,2.547551
1.030427,2.544488
1.031501,2.5418629999999998
1.032576,2.5418629999999998
1.03365,2.538363
1.034725,2.536613
1.035799,2.535738
1.0368739999999999,2.532238
1.0379479999999999,2.530926
1.039023,2.529613
1.040097,2.526113
1.041172,2.525676
1.042246,2.523926
1.043321,2.519988
1.044395,2.520426
1.04547,2.517363
1.046544,2.5156129999999997
1.047618,2.515176
1.0486929999999999,2.512113
1.049767,2.5099259999999997
1.050842,2.509488
1.0519159999999999,2.505551
1.052991,2.505551
1.054065,2.504676
1.05514,2.501176
1.056214,2.501176
1.057289,2.4989879999999998
1.058363,2.495926
1.0594379999999999,2.495926
1.060512,2.493301
1.061587,2.491113
1.0626609999999999,2.491113
1.063736,2.488051
1.06481,2.4858629999999997
1.065885,2.486301
1.066959,2.482801
1.068034,2.482363
1.069108,2.481489
1.0701829999999999,2.477551
1.071257,2.477989
1.0723319999999998,2.4758009999999997
1.0734059999999999,2.473176
1.074481,2.4736130000000003
1.075555,2.471426
1.076629,2.468364
1.077704,2.4688009999999996
1.078778,2.465739
1.079853,2.463988
1.080927,2.464426
1.082002,2.4609259999999997
1.083076,2.460051
1.0841509999999999,2.459614
1.0852249999999999,2.4569889999999996
1.0863,2.456114
1.0873739999999998,2.4548010000000002
1.088449,2.451739
1.089523,2.4521759999999997
1.090598,2.4499889999999995
1.091672,2.447801
1.092747,2.448239
1.093821,2.445614
1.0948959999999999,2.443426
1.0959699999999999,2.443426
1.097045,2.440801
1.0981189999999998,2.4403639999999998
1.099194,2.439489
1.100268,2.435989
1.101343,2.436426
1.102417,2.434239
1.103492,2.432051
1.104566,2.432489
1.1056409999999999,2.430739
1.106715,2.427676
1.107789,2.428551
1.1088639999999998,2.4259259999999996
1.1099379999999999,2.4241759999999997
1.111013,2.424614
1.112087,2.4211139999999998
1.113162,2.4206760000000003
1.114236,2.420239
1.115311,2.416739
1.116385,2.417176
1.11746,2.416301
1.118534,2.413239
1.1196089999999999,2.413676
1.1206829999999999,2.411489
1.121758,2.408864
1.122832,2.409739
1.123907,2.4071139999999995
1.124981,2.4058010000000003
1.126056,2.406239
1.12713,2.4031759999999998
1.128205,2.402301
1.129279,2.402301
1.1303539999999999,2.3992389999999997
1.1314279999999999,2.398801
1.132503,2.398364
1.133577,2.395301
1.134652,2.395739
1.135726,2.393989
1.1368,2.391801
1.137875,2.391801
1.138949,2.3900509999999997
1.140024,2.388301
1.141098,2.388301
1.1421729999999999,2.385676
1.143247,2.384802
1.1443219999999998,2.384802
1.1453959999999999,2.382176
1.146471,2.381739
1.147545,2.381739
1.14862,2.3782389999999998
1.149694,2.379114
1.150769,2.3773639999999996
1.151843,2.3751770000000003
1.1529179999999999,2.376051
1.153992,2.374301
1.1550669999999998,2.371676
1.1561409999999999,2.3725519999999998
1.157216,2.369926
1.15829,2.368614
1.159365,2.369052
1.160439,2.365989
1.161514,2.3655519999999997
1.162588,2.3655519999999997
1.163663,2.361614
1.164737,2.362927
1.165811,2.361614
1.1668859999999999,2.358551
1.1679599999999999,2.359864
1.169035,2.358114
1.1701089999999998,2.356802
1.171184,2.356802
1.172258,2.354177
1.173333,2.353739
1.174407,2.354177
1.175482,2.3506769999999997
1.176556,2.3506769999999997
1.1776309999999999,2.350239
1.178705,2.347614
1.17978,2.348052
1.1808539999999998,2.346739
1.181929,2.3441140000000003
1.183003,2.344989
1.184078,2.343239
1.185152,2.341052
1.186227,2.342364
1.187301,2.339739
1.1883759999999999,2.338864
1.18945,2.339302
1.190525,2.336239
1.1915989999999999,2.336239
1.1926729999999999,2.3358019999999997
1.193748,2.333177
1.194822,2.333177
1.195897,2.332739
1.196971,2.330114
1.198046,2.330989
1.19912,2.330114
1.200195,2.327489
1.201269,2.3283639999999997
1.2023439999999999,2.326177
1.2034179999999999,2.324864
1.204493,2.325739
1.205567,2.323552
1.206642,2.323114
1.207716,2.3226769999999997
1.208791,2.320052
1.209865,2.320489
1.21094,2.3196139999999996
1.212014,2.316989
1.2130889999999999,2.317864
1.2141629999999999,2.3165519999999997
1.215238,2.315239
1.2163119999999998,2.315239
1.217387,2.3134889999999997
1.218461,2.312614
1.219535,2.313052
1.22061,2.309989
1.221684,2.309989
1.222759,2.309989
1.223833,2.307364
1.2249079999999999,2.307364
1.225982,2.306927
1.2270569999999998,2.304739
1.2281309999999999,2.305614
1.229206,2.303864
1.23028,2.302114
1.231355,2.302989
1.232429,2.300364
1.233504,2.299489
1.234578,2.300802
1.235653,2.297739
1.236727,2.297302
1.2378019999999998,2.297302
1.2388759999999999,2.2946769999999996
1.239951,2.2955520000000003
1.241025,2.2946769999999996
1.2421,2.292052
1.243174,2.2929269999999997
1.244249,2.292052
1.245323,2.290302
1.246397,2.291177
1.247472,2.288989
1.248546,2.288114
1.2496209999999999,2.288552
1.250695,2.2863640000000003
1.25177,2.285927
1.2528439999999998,2.2863640000000003
1.253919,2.2837389999999997
1.254993,2.2837389999999997
1.256068,2.2837389999999997
1.257142,2.281114
1.258217,2.281552
1.259291,2.280677
1.2603659999999999,2.278489
1.26144,2.2798019999999997
1.262515,2.2780519999999997
1.2635889999999999,2.2767389999999996
1.264664,2.277614
1.265738,2.275427
1.266813,2.2745520000000004
1.267887,2.275427
1.268962,2.271927
1.270036,2.272364
1.2711109999999999,2.271927
1.272185,2.270177
1.273259,2.2706139999999997
1.2743339999999999,2.26974
1.2754079999999999,2.2675520000000002
1.276483,2.268427
1.2775569999999998,2.2675520000000002
1.278632,2.265364
1.279706,2.267114
1.280781,2.264489
1.281855,2.263615
1.28293,2.264489
1.284004,2.2618639999999997
1.2850789999999999,2.262739
1.2861529999999999,2.262302
1.287228,2.259677
1.2883019999999998,2.260552
1.289377,2.259239
1.290451,2.25749
1.291526,2.2583640000000003
1.2926,2.257052
1.293675,2.2557389999999997
1.294749,2.256177
1.2958239999999999,2.254427
1.2968979999999999,2.253552
1.297973,2.254427
1.2990469999999998,2.252239
1.300122,2.2518019999999996
1.301196,2.2526770000000003
1.30227,2.249177
1.303345,2.25049
1.304419,2.249614
1.305494,2.247427
1.306568,2.24874
1.3076429999999999,2.246989
1.308717,2.245677
1.3097919999999998,2.246552
1.3108659999999999,2.244802
1.311941,2.243927
1.313015,2.244802
1.31409,2.242177
1.315164,2.242177
1.316239,2.2426150000000002
1.317313,2.2399899999999997
1.318388,2.240865
1.319462,2.2399899999999997
1.3205369999999998,2.23824
1.3216109999999999,2.239115
1.322686,2.237802
1.32376,2.236052
1.324835,2.237364
1.325909,2.2351769999999997
1.326984,2.234302
1.328058,2.235615
1.329133,2.2329899999999996
1.330207,2.2329899999999996
1.331281,2.2329899999999996
1.3323559999999999,2.2308019999999997
1.33343,2.2312399999999997
1.3345049999999998,2.2312399999999997
1.3355789999999998,2.229052
1.336654,2.229927
1.337728,2.228615
1.338803,2.227302
1.339877,2.228177
1.340952,2.226427
1.342026,2.22599
1.3431009999999999,2.226427
1.344175,2.22424
1.3452499999999998,2.22424
1.3463239999999999,2.2251149999999997
1.347399,2.22249
1.348473,2.222927
1.349548,2.22249
1.350622,2.219865
1.351697,2.221177
1.352771,2.219865
1.3538459999999999,2.218552
1.35492,2.219427
1.3559949999999998,2.2181149999999996
1.3570689999999999,2.21724
1.358144,2.218552
1.359218,2.21549
1.360293,2.21549
1.361367,2.216365
1.362441,2.213302
1.363516,2.214177
1.36459,2.214177
1.365665,2.211552
1.366739,2.2128650000000003
1.3678139999999999,2.211115
1.3688879999999999,2.2098020000000003
1.369963,2.211115
1.3710369999999998,2.209365
1.372112,2.20849
1.373186,2.209365
1.374261,2.2071769999999997
1.375335,2.20674
1.37641,2.208052
1.377484,2.205427
1.3785589999999999,2.205865
1.3796329999999999,2.205865
1.380708,2.203677
1.3817819999999998,2.20499
1.382857,2.203677
1.383931,2.202365
1.385006,2.203677
1.38608,2.20149
1.387155,2.200615
1.388229,2.201927
1.3893039999999999,2.199302
1.390378,2.199302
1.3914529999999998,2.1997400000000003
1.3925269999999998,2.197552
1.3936009999999999,2.19799
1.394676,2.19799
1.39575,2.195802
1.396825,2.1971149999999997
1.397899,2.19624
1.398974,2.1940519999999997
1.400048,2.194927
1.401123,2.1940519999999997
1.402197,2.1923019999999998
1.4032719999999999,2.193615
1.4043459999999999,2.191865
1.405421,2.191427
1.4064949999999998,2.19274
1.40757,2.1901149999999996
1.408644,2.1901149999999996
1.409719,2.1901149999999996
1.410793,2.1879269999999997
1.411868,2.18924
1.412942,2.1883649999999997
1.4140169999999999,2.18574
1.4150909999999999,2.18749
1.416166,2.186615
1.4172399999999998,2.185302
1.418315,2.18574
1.419389,2.184427
1.420463,2.18399
1.421538,2.185302
1.422612,2.182677
1.423687,2.182677
1.424761,2.182677
1.4258359999999999,2.18049
1.42691,2.1818020000000002
1.4279849999999998,2.181365
1.4290589999999999,2.1791769999999997
1.430134,2.18049
1.431208,2.17874
1.432283,2.177865
1.433357,2.1791769999999997
1.434432,2.17699
1.435506,2.176552
1.4365809999999999,2.177427
1.437655,2.175677
1.4387299999999998,2.175677
1.4398039999999999,2.176115
1.440879,2.1734899999999997
1.441953,2.174365
1.443028,2.1739270000000004
1.444102,2.172177
1.445177,2.1730519999999998
1.446251,2.172177
1.447325,2.170865
1.4484,2.172177
1.449474,2.170427
1.4505489999999999,2.169552
1.4516229999999999,2.170865
1.452698,2.168677
1.4537719999999998,2.1691149999999997
1.454847,2.169552
1.455921,2.1669270000000003
1.456996,2.167802
1.45807,2.1673649999999998
1.459145,2.165615
1.460219,2.1669270000000003
1.4612939999999999,2.165615
1.462368,2.164303
1.4634429999999998,2.165615
1.4645169999999998,2.163865
1.465592,2.16299
1.466666,2.164303
1.467741,2.162115
1.468815,2.162115
1.46989,2.16299
1.470964,2.159927
1.4720389999999999,2.16124
1.473113,2.16124
1.474187,2.159052
1.4752619999999999,2.159927
1.4763359999999999,2.1586149999999997
1.477411,2.15774
1.4784849999999998,2.15949
1.47956,2.15774
1.480634,2.156427
1.481709,2.15774
1.482783,2.155552
1.483858,2.1551150000000003
1.484932,2.15599
1.4860069999999999,2.1542399999999997
1.4870809999999999,2.1551150000000003
1.488156,2.154678
1.4892299999999998,2.152053
1.490305,2.153802
1.491379,2.152927
1.492454,2.1511769999999997
1.493528,2.152927
1.494603,2.150302
1.495677,2.150302
1.4967519999999999,2.151615
1.4978259999999999,2.1494269999999998
1.498901,2.14899
1.4999749999999998,2.149865
1.498901,2.147677
1.4978259999999999,2.14899
1.4967519999999999,2.1485529999999997
1.495677,2.146802
1.494603,2.1472399999999996
1.493528,2.146802
1.492454,2.1454899999999997
1.491379,2.146802
1.490305,2.145053
1.4892299999999998,2.144177
1.488156,2.1454899999999997
1.4870809999999999,2.143302
1.4860069999999999,2.142865
1.484932,2.14374
1.483858,2.1419900000000003
1.482783,2.1424279999999998
1.481709,2.1424279999999998
1.480634,2.14024
1.47956,2.141115
1.4784849999999998,2.141115
1.477411,2.138928
1.4763359999999999,2.140677
1.4752619999999999,2.1393649999999997
1.474187,2.138052
1.473113,2.1393649999999997
1.4720389999999999,2.137615
1.470964,2.137178
1.46989,2.13849
1.468815,2.1363030000000003
1.467741,2.1363030000000003
1.466666,2.1363030000000003
1.465592,2.134552
1.4645169999999998,2.1354279999999997
1.4634429999999998,2.1354279999999997
1.462368,2.1336779999999997
1.4612939999999999,2.13499
1.460219,2.1336779999999997
1.459145,2.1323649999999996
1.45807,2.1336779999999997
1.456996,2.131927
1.455921,2.13149
1.454847,2.1323649999999996
1.4537719999999998,2.130178
1.452698,2.1306149999999997
1.4516229999999999,2.13149
1.4505489999999999,2.1288650000000002
1.449474,2.130178
1.4484,2.130178
1.447325,2.127553
1.446251,2.129303
1.445177,2.127553
1.444102,2.1271150000000003
1.443028,2.128427
1.441953,2.126678
1.440879,2.1262399999999997
1.4398039999999999,2.127553
1.4387299999999998,2.124928
1.437655,2.125365
1.4365809999999999,2.125365
1.435506,2.123615
1.434432,2.1244899999999998
1.433357,2.124053
1.432283,2.12274
1.431208,2.123615
1.430134,2.12274
1.4290589999999999,2.121428
1.4279849999999998,2.12274
1.42691,2.12099
1.4258359999999999,2.1205529999999997
1.424761,2.122302
1.423687,2.119678
1.422612,2.119678
1.421538,2.1205529999999997
1.420463,2.1188029999999998
1.419389,2.119678
1.418315,2.11924
1.4172399999999998,2.117053
1.416166,2.1188029999999998
1.4150909999999999,2.117053
1.4140169999999999,2.116178
1.412942,2.117928
1.411868,2.1157399999999997
1.410793,2.115303
1.409719,2.116615
1.408644,2.114865
1.40757,2.114865
1.4064949999999998,2.115303
1.405421,2.113553
1.4043459999999999,2.1139900000000003
1.4032719999999999,2.113553
1.402197,2.1122400000000003
1.401123,2.113553
1.400048,2.112678
1.398974,2.1113649999999997
1.397899,2.112678
1.396825,2.1113649999999997
1.39575,2.11049
1.394676,2.1122400000000003
1.3936009999999999,2.109615
1.3925269999999998,2.110053
1.3914529999999998,2.110053
1.390378,2.107865
1.3893039999999999,2.10874
1.388229,2.10874
1.387155,2.106553
1.38608,2.1083030000000003
1.385006,2.107428
1.383931,2.1056779999999997
1.382857,2.1083030000000003
1.3817819999999998,2.106115
1.380708,2.1052400000000002
1.3796329999999999,2.10699
1.3785589999999999,2.1043649999999996
1.377484,2.104803
1.37641,2.1056779999999997
1.375335,2.10349
1.374261,2.1043649999999996
1.373186,2.103928
1.372112,2.10174
1.3710369999999998,2.10349
1.369963,2.103053
1.3688879999999999,2.1008649999999998
1.3678139999999999,2.1026149999999997
1.366739,2.1008649999999998
1.365665,2.100428
1.36459,2.10174
1.363516,2.09999
1.362441,2.09999
1.361367,2.100428
1.360293,2.098678
1.359218,2.0991150000000003
1.358144,2.099553
1.3570689999999999,2.097365
1.3559949999999998,2.098678
1.35492,2.097803
1.3538459999999999,2.0964899999999997
1.352771,2.097803
1.351697,2.0964899999999997
1.350622,2.096053
1.349548,2.097365
1.348473,2.095178
1.347399,2.095178
1.3463239999999999,2.0964899999999997
1.3452499999999998,2.094303
1.344175,2.09474
1.3431009999999999,2.095178
1.342026,2.09299
1.340952,2.094303
1.339877,2.0934280000000003
1.338803,2.092115
1.337728,2.0934280000000003
1.336654,2.092115
1.3355789999999998,2.091678
1.3345049999999998,2.092115
1.33343,2.0908029999999997
1.3323559999999999,2.090365
1.331281,2.091678
1.330207,2.0894899999999996
1.329133,2.090365
1.328058,2.0908029999999997
1.326984,2.088615
1.325909,2.0894899999999996
1.324835,2.0894899999999996
1.32376,2.087303
1.322686,2.089053
1.3216109999999999,2.088178
1.3205369999999998,2.086428
1.319462,2.088178
1.318388,2.086428
1.317313,2.086428
1.316239,2.0877399999999997
1.315164,2.0855529999999995
1.31409,2.0859900000000002
1.313015,2.086428
1.311941,2.0842400000000003
1.3108659999999999,2.0855529999999995
1.3097919999999998,2.0855529999999995
1.308717,2.082928
1.3076429999999999,2.084678
1.306568,2.083365
1.305494,2.08249
1.304419,2.083803
1.303345,2.08249
1.30227,2.082053
1.301196,2.083365
1.300122,2.08074
1.2990469999999998,2.081178
1.297973,2.0816149999999998
1.2968979999999999,2.079865
1.2958239999999999,2.081178
1.294749,2.08074
1.293675,2.079428
1.2926,2.0803030000000002
1.291526,2.079865
1.290451,2.078115
1.289377,2.079428
1.2883019999999998,2.078115
1.287228,2.0776779999999997
1.2861529999999999,2.078553
1.2850789999999999,2.076365
1.284004,2.076803
1.28293,2.078553
1.281855,2.0759279999999998
1.280781,2.076803
1.279706,2.076803
1.278632,2.0746149999999997
1.2775569999999998,2.076365
1.276483,2.0759279999999998
1.2754079999999999,2.07374
1.2743339999999999,2.07549
1.273259,2.074178
1.272185,2.073303
1.2711109999999999,2.075053
1.270036,2.072428
1.268962,2.0728649999999997
1.267887,2.074178
1.266813,2.0715529999999998
1.265738,2.0728649999999997
1.264664,2.072428
1.2635889999999999,2.070678
1.262515,2.07199
1.26144,2.0715529999999998
1.2603659999999999,2.069803
1.259291,2.0715529999999998
1.258217,2.07024
1.257142,2.0693650000000003
1.256068,2.0711150000000003
1.254993,2.068928
1.253919,2.068928
1.2528439999999998,2.069803
1.25177,2.068053
1.250695,2.0684899999999997
1.2496209999999999,2.068928
1.248546,2.06674
1.247472,2.068053
1.246397,2.067178
1.245323,2.066303
1.244249,2.067615
1.243174,2.066303
1.2421,2.0654280000000003
1.241025,2.067178
1.239951,2.06499
1.2388759999999999,2.06499
1.2378019999999998,2.065865
1.236727,2.063678
1.235653,2.06499
1.234578,2.06499
1.233504,2.0628029999999997
1.232429,2.064115
1.231355,2.063678
1.23028,2.061928
1.229206,2.063678
1.2281309999999999,2.0623650000000002
1.2270569999999998,2.0614899999999996
1.225982,2.06324
1.2249079999999999,2.0614899999999996
1.223833,2.0614899999999996
1.222759,2.0623650000000002
1.221684,2.060178
1.22061,2.061053
1.219535,2.061053
1.218461,2.059303
1.217387,2.060615
1.2163119999999998,2.060178
1.215238,2.058428
1.2141629999999999,2.0597399999999997
1.2130889999999999,2.058865
1.212014,2.057553
1.21094,2.0597399999999997
1.209865,2.057553
1.208791,2.057553
1.207716,2.058428
1.206642,2.0562400000000003
1.205567,2.056678
1.204493,2.057553
1.2034179999999999,2.055365
1.2023439999999999,2.0562400000000003
1.201269,2.0562400000000003
1.200195,2.05449
1.19912,2.0562400000000003
1.198046,2.055365
1.196971,2.054053
1.195897,2.055803
1.194822,2.0536149999999997
1.193748,2.0536149999999997
1.1926729999999999,2.055365
1.1915989999999999,2.05274
1.190525,2.0536149999999997
1.18945,2.054053
1.1883759999999999,2.051428
1.187301,2.05274
1.186227,2.053178
1.185152,2.051428
1.184078,2.052303
1.183003,2.051428
1.181929,2.0505530000000003
1.1808539999999998,2.052303
1.17978,2.0505530000000003
1.178705,2.0505530000000003
1.1776309999999999,2.051428
1.176556,2.04924
1.175482,2.0496779999999997
1.174407,2.050115
1.173333,2.048365
1.172258,2.0496779999999997
1.171184,2.04924
1.1701089999999998,2.04749
1.169035,2.04924
1.1679599999999999,2.048365
1.1668859999999999,2.04749
1.165811,2.048803
1.164737,2.047053
1.163663,2.0466149999999996
1.162588,2.0479279999999997
1.161514,2.046178
1.160439,2.046178
1.159365,2.047053
1.15829,2.0448649999999997
1.157216,2.04574
1.1561409999999999,2.046178
1.1550669999999998,2.04399
1.153992,2.04574
1.1529179999999999,2.044428
1.151843,2.043115
1.150769,2.0448649999999997
1.149694,2.043115
1.14862,2.0426779999999995
1.147545,2.044428
1.146471,2.04224
1.1453959999999999,2.0426779999999995
1.1443219999999998,2.043553
1.143247,2.040928
1.1421729999999999,2.04224
1.141098,2.0426779999999995
1.140024,2.04049
1.138949,2.04224
1.137875,2.0413650000000003
1.1368,2.040053
1.135726,2.04224
1.134652,2.040053
1.133577,2.039616
1.132503,2.0413650000000003
1.1314279999999999,2.039178
1.1303539999999999,2.0387399999999998
1.129279,2.040053
1.128205,2.037865
1.12713,2.039178
1.126056,2.039178
1.124981,2.0374280000000002
1.123907,2.0387399999999998
1.122832,2.037865
1.121758,2.036553
1.1206829999999999,2.038303
1.1196089999999999,2.03699
1.118534,2.035678
1.11746,2.0374280000000002
1.116385,2.035678
1.115311,2.035678
1.114236,2.03699
1.113162,2.0348029999999997
1.112087,2.035678
1.111013,2.035678
1.1099379999999999,2.033928
1.1088639999999998,2.03524
1.107789,2.034365
1.106715,2.033491
1.1056409999999999,2.03524
1.104566,2.033928
1.103492,2.032615
1.102417,2.034365
1.101343,2.032178
1.100268,2.032615
1.099194,2.033928
1.0981189999999998,2.031303
1.097045,2.032615
1.0959699999999999,2.032615
1.0948959999999999,2.030428
1.093821,2.032178
1.092747,2.031303
1.091672,2.029991
1.090598,2.0317399999999997
1.089523,2.030428
1.088449,2.029553
1.0873739999999998,2.031303
1.0863,2.029553
1.0852249999999999,2.029553
1.0841509999999999,2.030428
1.083076,2.0282400000000003
1.082002,2.029115
1.080927,2.029553
1.079853,2.027366
1.078778,2.029115
1.077704,2.0282400000000003
1.076629,2.026053
1.075555,2.0286779999999998
1.074481,2.027366
1.0734059999999999,2.026053
1.0723319999999998,2.0282400000000003
1.071257,2.0264900000000003
1.0701829999999999,2.026053
1.069108,2.026928
1.068034,2.02474
1.066959,2.0256149999999997
1.065885,2.0264900000000003
1.06481,2.024303
1.063736,2.0256149999999997
1.0626609999999999,2.025178
1.061587,2.023866
1.060512,2.025178
1.0594379999999999,2.024303
1.058363,2.02299
1.057289,2.025178
1.056214,2.023428
1.05514,2.02299
1.054065,2.023866
1.052991,2.021678
1.0519159999999999,2.0225530000000003
1.050842,2.023428
1.049767,2.021241
1.0486929999999999,2.022115
1.047618,2.021678
1.046544,2.020365
1.04547,2.022115
1.044395,2.020803
1.043321,2.0199279999999997
1.042246,2.021678
1.041172,2.020365
1.040097,2.0199279999999997
1.039023,2.020803
1.0379479999999999,2.0194900000000002
1.0368739999999999,2.0194900000000002
1.035799,2.020365
1.034725,2.018616
1.03365,2.019053
1.032576,2.0194900000000002
1.031501,2.017303
1.030427,2.019053
1.029352,2.018178
1.028278,2.0168649999999997
1.0272029999999999,2.018616
1.0261289999999998,2.0168649999999997
1.025054,2.016428
1.02398,2.017741
1.022905,2.01599
1.021831,2.016428
1.020756,2.017303
1.019682,2.015116
1.018608,2.01599
1.017533,2.016428
1.016459,2.0142409999999997
1.015384,2.01599
1.01431,2.015116
1.0132349999999999,2.0133650000000003
1.0121609999999999,2.015553
1.011086,2.014678
1.010012,2.0133650000000003
1.008937,2.015116
1.007863,2.012928
1.006788,2.0133650000000003
1.005714,2.0142409999999997
1.004639,2.012053
1.003565,2.012928
1.0024899999999999,2.0133650000000003
1.0014159999999999,2.011178
1.000341,2.012928
0.9992669999999999,2.012491
0.998192,2.0107399999999997
0.997118,2.012491
0.9960429999999999,2.011178
0.994969,2.010303
0.9938939999999999,2.012491
0.9928199999999999,2.009865
0.991745,2.009865
0.990671,2.011616
0.989597,2.009428
0.9885219999999999,2.009865
0.987448,2.0107399999999997
0.9863729999999999,2.008553
0.9852989999999999,2.009865
0.984224,2.009428
0.98315,2.008116
0.9820749999999999,2.009865
0.9810009999999999,2.008553
0.979926,2.0076780000000003
0.9788519999999999,2.008991
0.977777,2.00724
0.976703,2.00724
0.9756279999999999,2.008991
0.9745539999999999,2.0068029999999997
0.973479,2.0068029999999997
0.972405,2.0076780000000003
0.9713299999999999,2.005491
0.970256,2.0068029999999997
0.969181,2.0068029999999997
0.9681069999999999,2.0050529999999998
0.967032,2.0068029999999997
0.965958,2.005928
0.9648829999999999,2.004178
0.9638089999999999,2.006366
0.962735,2.004616
0.96166,2.004616
0.9605859999999999,2.005928
0.959511,2.003303
0.958437,2.004178
0.9573619999999999,2.0050529999999998
0.9562879999999999,2.002866
0.955213,2.004178
0.954139,2.004178
0.9530639999999999,2.002428
0.95199,2.0037399999999996
0.950915,2.002866
0.9498409999999999,2.001553
0.948766,2.003303
0.947692,2.001991
0.9466169999999999,2.001553
0.9455429999999999,2.002866
0.944468,2.000678
0.943394,2.001115
0.9423189999999999,2.001991
0.941245,1.9998029999999998
0.94017,2.001115
0.9390959999999999,2.001115
0.938021,1.998928
0.936947,2.000678
0.9358719999999999,1.9998029999999998
0.9347979999999999,1.998928
0.933724,2.000241
0.932649,1.9438029999999997
0.9315749999999999,1.904428
0.9305,1.8541159999999999
0.929426,1.8033659999999998
0.9283509999999999,1.751304
0.9272769999999999,1.7018669999999998
0.926202,1.652867
0.925128,1.60518
0.924053,1.558368
0.922979,1.511993
0.921904,1.4678049999999998
0.9208299999999999,1.424056
0.919755,1.3798679999999999
0.918681,1.339181
0.9176059999999999,1.298931
0.916532,1.257806
0.915457,1.2201819999999999
0.914383,1.183432
0.913308,1.144932
0.912234,1.11037
0.9111589999999999,1.07537
0.9100849999999999,1.0421200000000002
0.90901,1.009308
0.907936,0.977808
0.9068609999999999,0.947183
0.905787,0.916558
0.904713,0.8868079999999999
0.9036379999999999,0.859683
0.9025639999999999,0.832996
0.901489,0.804996
0.900415,0.780059
0.8993399999999999,0.755559
0.898266,0.7301839999999999
0.897191,0.707434
0.8961169999999999,0.685121
0.895042,0.662809
0.893968,0.6413719999999999
0.8928929999999999,0.6208089999999999
0.8918189999999999,0.601122
0.890744,0.5814339999999999
0.88967,0.562185
0.8885949999999999,0.544685
0.887521,0.526747
0.886446,0.50881
0.8853719999999999,0.49305999999999994
0.884297,0.47774700000000003
0.883223,0.461122
0.8821479999999999,0.446685
0.8810739999999999,0.432685
0.879999,0.41781
0.878925,0.40468499999999996
0.8778499999999999,0.391123
0.876776,0.37887299999999996
0.875702,0.36662300000000003
0.8746269999999999,0.354373
0.8735529999999999,0.34299799999999997
0.872478,0.332061
0.871404,0.32068599999999997
0.8703289999999999,0.310623
0.869255,0.300561
0.86818,0.290061
0.8671059999999999,0.280873
0.866031,0.272561
0.864957,0.262936
0.8638819999999999,0.25418599999999997
0.8628079999999999,0.246311
0.861733,0.237998
0.860659,0.230123
0.859584,0.222249
0.85851,0.215249
0.857435,0.208249
0.8563609999999999,0.200374
0.855286,0.194686
0.854212,0.18812399999999999
0.8531369999999999,0.181561
0.852063,0.175874
0.850988,0.17018599999999998
0.849914,0.16362400000000002
0.8488399999999999,0.158811
0.847765,0.153561
0.846691,0.14787399999999998
0.8456159999999999,0.143061
0.844542,0.138249
0.843467,0.13431099999999999
0.842393,0.12906099999999998
0.841318,0.12424899999999998
0.840244,0.12118600000000002
0.8391689999999999,0.116811
0.8380949999999999,0.11243600000000001
0.83702,0.10893699999999999
0.835946,0.10543699999999999
0.8348709999999999,0.101499
0.833797,0.097562064
0.832722,0.09493708000000001
0.8316479999999999,0.091874592
0.830573,0.08793711200000001
0.829499,0.08553087200000001
0.8284239999999999,0.08290588800000001
0.8273499999999999,0.08006214400000002
0.826275,0.076780904
0.825201,0.07481216800000001
0.8241259999999999,0.072187176
0.823052,0.06912468800000002
0.821978,0.06693720400000001
0.8209029999999999,0.06518721200000001
0.8198289999999999,0.06212472
0.818754,0.05993723200000001
0.81768,0.058405992000000004
0.8166049999999999,0.05599975200000001
0.815531,0.054031012
0.814456,0.052281016
0.8133819999999999,0.050749776
0.812307,0.048781032
0.811233,0.046374792000000005
0.8101579999999999,0.045718548000000005
0.8090839999999999,0.044187304000000004
0.808009,0.041890436
0.806935,0.040796692
0.8058599999999999,0.039702948
0.804786,0.037624832000000004
0.803711,0.036531087999999996
0.8026369999999999,0.035437344
0.801562,0.03423422400000001
0.800488,0.033031104
0.7994129999999999,0.031937358000000006
0.7983389999999999,0.03073424
0.797264,0.029421744000000003
0.79619,0.028328
0.795115,0.027671752
0.794041,0.02690613
0.792967,0.025156138
0.7918919999999999,0.024718642000000002
0.7908179999999999,0.024281142000000002
0.789743,0.022749900000000003
0.788669,0.021984278000000003
0.787594,0.021546778000000003
0.78652,0.007307968000000001
0.785445,0.011043151
0.7843709999999999,0.011670348
0.783296,0.011580749000000001
0.782222,0.011071151000000001
0.7811469999999999,0.010354355
0.780073,0.009917557
0.778998,0.009346358
0.777924,0.008707962
0.776849,0.008192764
0.775775,0.0077223660000000005
0.7746999999999999,0.007190368000000001
0.7736259999999999,0.006770370000000001
0.772551,0.006266372000000001
0.771477,0.005907974000000001
0.7704019999999999,0.005538375
0.769328,0.005017578
0.768253,0.004748779000000001
0.7671789999999999,0.00437918
0.766104,0.003919982000000001
0.76503,0.0037015830000000005
0.7639549999999999,0.0034327850000000003
0.7628809999999999,0.003029586
0.761807,0.002827987
0.760732,0.0025255880000000005
0.7596579999999999,0.00223439
0.758583,0.002015991
0.757509,0.001747192
0.7564339999999999,0.001590393
0.7553599999999999,0.001287994
0.754285,0.000963195
0.753211,0.000895996
0.7521359999999999,0.000582397
0.751062,0.00030799800000000003
0.749987,0.00020159900000000003
0.7489129999999999,-5.5999756000000005e-05
0.747838,-0.00030239800000000005
0.746764,-0.00041999800000000004
0.7456889999999999,-0.000627197
0.7446149999999999,-0.000800796
0.74354,-0.000968795
0.742466,-0.0011423950000000003
0.7413909999999999,-0.001271194
0.740317,-0.001444793
0.739242,-0.0015959930000000002
0.7381679999999999,-0.001635192
0.737093,-0.001808792
0.736019,-0.0020271910000000002
0.734945,-0.002004791
0.7338699999999999,-0.00210559
0.732796,-0.002301589
0.731721,-0.0023071890000000003
0.7306469999999999,-0.0024191890000000004
0.729572,-0.0025535880000000003
0.728498,-0.002615188
0.7274229999999999,-0.0027047880000000005
0.726349,-0.0027607870000000002
0.725274,-0.002827987
0.7242,-0.0029791870000000003
0.723125,-0.0029063870000000003
0.722051,-0.0030071860000000002
0.720976,-0.003214385
0.7199019999999999,-0.003208785
0.718827,-0.003242385
0.717753,-0.0034327850000000003
0.7166779999999999,-0.0034327850000000003
0.715604,-0.0035167840000000002
0.714529,-0.0036623840000000003
0.713455,-0.0036959830000000003
0.71238,-0.003768783
0.711306,-0.003796783
0.710231,-0.0038919820000000004
0.7091569999999999,-0.003998382000000001
0.708083,-0.003981582000000001
0.707008,-0.004015182
0.705934,-0.0041607810000000005
0.704859,-0.004143981000000001
0.703785,-0.004216781
0.70271,-0.004328781000000001
0.7016359999999999,-0.004289581000000001
0.700561,-0.004311981
0.699487,-0.00440718
0.6984119999999999,-0.004412780000000001
0.697338,-0.00444638
0.696263,-0.004491180000000001
0.695189,-0.00451918
0.694114,-0.00458078
0.69304,-0.00452478
0.6919649999999999,-0.004603179000000001
0.6908909999999999,-0.004664779000000001
0.689816,-0.004603179000000001
0.688742,-0.004603179000000001
0.6876669999999999,-0.0047543789999999995
0.686593,-0.004709579
0.685518,-0.0047375790000000004
0.6844439999999999,-0.004871978
0.683369,-0.004866378
0.682295,-0.004939178
0.6812199999999999,-0.004978378
0.6801459999999999,-0.0050399780000000005
0.679072,-0.005123977
0.677997,-0.005079177000000001
0.6769229999999999,-0.005179977
0.675848,-0.005291976
0.674774,-0.005235977000000001
0.6736989999999999,-0.005275177000000001
0.6726249999999999,-0.005415176000000001
0.67155,-0.005347976000000001
0.670476,-0.005364776
0.669401,-0.005521575000000001
0.668327,-0.005493576000000001
0.667252,-0.005515975000000001
0.6661779999999999,-0.005566375
0.665103,-0.005577575
0.664029,-0.005633575
0.6629539999999999,-0.005611175
0.66188,-0.005683975
0.660805,-0.005745574000000001
0.659731,-0.005683975
0.658656,-0.005700775
0.657582,-0.005818374
0.656507,-0.005751174
0.6554329999999999,-0.005751174
0.654358,-0.0058631740000000005
0.653284,-0.005818374
0.6522089999999999,-0.005885574
0.651135,-0.005952774
0.650061,-0.005975173
0.648986,-0.006025573000000001
0.6479119999999999,-0.006042373
0.646837,-0.006120773
0.645763,-0.006215972
0.6446879999999999,-0.006171173000000001
0.643614,-0.006260772
0.642539,-0.006367172
0.641465,-0.006277572
0.64039,-0.006367172
0.639316,-0.006473571
0.638241,-0.006462371000000001
0.6371669999999999,-0.006501571
0.636092,-0.006574371000000001
0.635018,-0.006591171000000001
0.6339429999999999,-0.006607971
0.632869,-0.006613571
0.631794,-0.006697570000000001
0.63072,-0.006770370000000001
0.629645,-0.00667517
0.628571,-0.006764770000000001
0.6274959999999999,-0.006876769000000001
0.6264219999999999,-0.00680397
0.625347,-0.006815170000000001
0.624273,-0.006938369000000001
0.6231979999999999,-0.006893569
0.622124,-0.006910369
0.62105,-0.006971969000000001
0.6199749999999999,-0.006971969000000001
0.6189009999999999,-0.006999969000000001
0.617826,-0.007050369000000001
0.616752,-0.007095169000000001
0.6156769999999999,-0.007207168
0.614603,-0.007190368000000001
0.613528,-0.007263168000000001
0.6124539999999999,-0.007391967
0.611379,-0.0073527670000000005
0.610305,-0.007380767
0.6092299999999999,-0.007571167000000001
0.6081559999999999,-0.007531966
0.607081,-0.007604767000000001
0.606007,-0.007688766
0.604932,-0.0077223660000000005
0.603858,-0.007727966
0.602783,-0.0078119650000000014
0.6017089999999999,-0.007879165
0.600634,-0.007957564
0.59956,-0.007940764000000001
0.5984849999999999,-0.007996764000000002
0.597411,-0.008119964
0.596336,-0.008035965
0.595262,-0.008080764
0.5941879999999999,-0.008265563
0.593113,-0.008203964000000001
0.592039,-0.008231964000000001
0.5909639999999999,-0.008349563
0.58989,-0.008349563
0.588815,-0.008388763
0.587741,-0.008399963
0.586666,-0.008433563000000002
0.585592,-0.008545563
0.584517,-0.008483962000000001
0.5834429999999999,-0.008612762000000001
0.582368,-0.008741561
0.581294,-0.008696762
0.5802189999999999,-0.008797561
0.579145,-0.00892076
0.57807,-0.00893756
0.576996,-0.008982361
0.575921,-0.009150360000000001
0.574847,-0.00916156
0.573772,-0.009206359
0.5726979999999999,-0.009290359000000002
0.571623,-0.009368758
0.570549,-0.009452759000000002
0.5694739999999999,-0.009469559
0.5684,-0.009570358000000001
0.567326,-0.009693557
0.566251,-0.009643157000000001
0.5651769999999999,-0.009704757
0.564102,-0.009839156000000002
0.563028,-0.009855956
0.5619529999999999,-0.009911957
0.560879,-0.010012756
0.559804,-0.010040756
0.55873,-0.010091156
0.557655,-0.010169555000000002
0.556581,-0.010197555
0.5555059999999999,-0.010326355000000002
0.5544319999999999,-0.010320754000000001
0.553357,-0.010354355
0.552283,-0.010483154000000001
0.5512079999999999,-0.010460754000000001
0.550134,-0.010522354
0.549059,-0.010723952
0.5479849999999999,-0.010690353
0.54691,-0.010785553000000002
0.545836,-0.010947952
0.5447609999999999,-0.010964752000000001
0.5436869999999999,-0.011065551
0.542612,-0.011199950000000002
0.541538,-0.011278351
0.540463,-0.01139595
0.539389,-0.01142395
0.538314,-0.011547149
0.5372399999999999,-0.011731949
0.5361659999999999,-0.011692748000000001
0.535091,-0.011810348000000002
0.534017,-0.011995147000000001
0.532942,-0.011961547000000001
0.531868,-0.012084746
0.530793,-0.012252746
0.5297189999999999,-0.012297546000000001
0.528644,-0.012375945000000001
0.52757,-0.012482345
0.5264949999999999,-0.012543944000000001
0.525421,-0.012667145000000001
0.524346,-0.012739944000000001
0.523272,-0.012818344000000002
0.522197,-0.012941543000000002
0.521123,-0.012958343
0.520048,-0.013070342
0.5189739999999999,-0.013238342
0.517899,-0.013249542000000001
0.516825,-0.013339141000000002
0.5157499999999999,-0.013535141
0.514676,-0.013557541000000001
0.513601,-0.013686340000000002
0.512527,-0.013859939000000002
0.511452,-0.013943938000000001
0.510378,-0.014078338000000001
0.509304,-0.014201537000000002
0.5082289999999999,-0.014335937000000002
0.507155,-0.014548736
0.50608,-0.014554336000000001
0.505006,-0.014711135000000002
0.503931,-0.014963134000000003
0.502857,-0.014968734000000001
0.501782,-0.015108733000000001
0.5007079999999999,-0.015332733
0.499633,-0.015405532000000001
0.498559,-0.015539931
0.497484,-0.015707931
0.49640999999999996,-0.01581433
0.49533499999999997,-0.015965530000000002
0.49426099999999995,-0.016038328
0.49318599999999996,-0.016183929000000003
0.492112,-0.016413527
0.491037,-0.016452728
0.489963,-0.016609527000000002
0.488888,-0.016839126
0.48781399999999997,-0.016872726
0.486739,-0.017018324
0.48566499999999996,-0.017242324
0.48458999999999997,-0.017298324
0.483516,-0.017438324
0.48244099999999995,-0.017639922000000002
0.481367,-0.017735122000000002
0.48029299999999997,-0.017959120000000002
0.479218,-0.01810472
0.47814399999999996,-0.018278320000000004
0.47706899999999997,-0.018519118
0.475995,-0.018619918000000003
0.47491999999999995,-0.018860718000000002
0.473846,-0.019140716000000002
0.472771,-0.019163116
0.471697,-0.019437514000000003
0.470622,-0.019728714
0.46954799999999997,-0.019840712000000003
0.468473,-0.020047912
0.46739899999999995,-0.020333512
0.46632399999999996,-0.020490310000000005
0.46525,-0.02068631
0.464175,-0.020854308000000002
0.463101,-0.021134306000000002
0.462026,-0.021414306
0.460952,-0.021520706
0.459877,-0.021767104000000002
0.45880299999999996,-0.022097502
0.45772799999999997,-0.022159102000000003
0.456654,-0.022416702000000004
0.45557899999999996,-0.0227527
0.454505,-0.022875898000000002
0.45343,-0.023133498000000002
0.452356,-0.023447096
0.45128199999999996,-0.023592696
0.45020699999999997,-0.023889494
0.449133,-0.024158292
0.44805799999999996,-0.024371094
0.446984,-0.02469029
0.445909,-0.024942290000000002
0.444835,-0.025239088000000003
0.44376,-0.025614288000000002
0.44268599999999997,-0.025771086000000002
0.441611,-0.026129484
0.44053699999999996,-0.026543884000000004
0.43946199999999996,-0.026717482
0.438388,-0.027081482
0.437313,-0.027495878
0.436239,-0.027742278000000002
0.435164,-0.028100676
0.43409,-0.028453476000000002
0.433015,-0.028772672000000003
0.43194099999999996,-0.029187072
0.43086599999999997,-0.029461470000000003
0.429792,-0.029847870000000002
0.42871699999999996,-0.030284668000000004
0.427643,-0.030531066000000006
0.426568,-0.030962264
0.425494,-0.03143266000000001
0.42441999999999996,-0.03167346
0.42334499999999997,-0.032093458000000005
0.422271,-0.032591858
0.42119599999999996,-0.032939054
0.420122,-0.033325454000000004
0.419047,-0.033751052000000004
0.417973,-0.034176648000000004
0.416898,-0.034624648
0.41582399999999997,-0.035011044000000005
0.414749,-0.035436644
0.41367499999999996,-0.03599104
0.41259999999999997,-0.03634384
0.411526,-0.036898236
0.41045099999999995,-0.037475032
0.409377,-0.037872632
0.408302,-0.038393432000000005
0.407228,-0.039003828000000004
0.406153,-0.039485424000000005
0.40507899999999997,-0.040028624
0.404004,-0.040622224000000005
0.40292999999999995,-0.041103816
0.40185499999999996,-0.041669416
0.400781,-0.042184612
0.399706,-0.042739012
0.398632,-0.043315808
0.397557,-0.043752608000000005
0.396483,-0.044239804
0.39540899999999995,-0.044855804000000006
0.39433399999999996,-0.0451862
0.39326,-0.0456454
0.392185,-0.04619419600000001
0.391111,-0.046513396
0.390036,-0.046888596
0.388962,-0.04735339200000001
0.387887,-0.047655788000000004
0.38681299999999996,-0.047974988
0.38573799999999997,-0.048305388000000005
0.384664,-0.048624584000000005
0.38358899999999996,-0.048994184
0.382515,-0.048781032
0.38144,-0.049437284000000005
0.380366,-0.050421652000000004
0.379291,-0.05096852400000001
0.37821699999999997,-0.051952896000000005
0.377142,-0.05348414
0.37606799999999996,-0.05381226
0.37499299999999997,-0.05468726
0.373919,-0.05643725200000001
0.372844,-0.05709349600000001
0.37177,-0.057968492
0.370695,-0.059718484
0.369621,-0.06059348
0.368546,-0.06146848
0.36747199999999997,-0.062890344
0.366398,-0.06420284000000001
0.365323,-0.065515332
0.364249,-0.066609076
0.363174,-0.067921568
0.3621,-0.06967156800000002
0.361025,-0.070655936
0.35995099999999997,-0.071968432
0.358876,-0.07393717600000001
0.357802,-0.07503092
0.35672699999999996,-0.07623404
0.355653,-0.07864028
0.354578,-0.07984340000000001
0.353504,-0.08137464
0.352429,-0.083343384
0.351355,-0.08498399200000001
0.35028,-0.08673399200000001
0.34920599999999996,-0.08837460800000001
0.34813099999999997,-0.09045272000000001
0.347057,-0.09253084000000002
0.345982,-0.093843336
0.344908,-0.09614020000000001
0.343833,-0.09898393600000001
0.342759,-0.100296
0.341684,-0.102593
0.34060999999999997,-0.105546
0.339536,-0.107296
0.338461,-0.109374
0.337387,-0.112108
0.336312,-0.114733
0.335238,-0.11724899999999999
0.334163,-0.11987400000000001
0.33308899999999997,-0.12282699999999999
0.332014,-0.126108
0.33094,-0.12851500000000002
0.32986499999999996,-0.131358
0.328791,-0.13507699999999997
0.327716,-0.137593
0.326642,-0.140874
0.325567,-0.144921
0.324493,-0.147983
0.323418,-0.151264
0.32234399999999996,-0.15520199999999998
0.32126899999999997,-0.159249
0.320195,-0.16285799999999998
0.31911999999999996,-0.166796
0.318046,-0.171061
0.316971,-0.175655
0.315897,-0.179483
0.314822,-0.18418600000000002
0.31374799999999997,-0.189546
0.312673,-0.19370199999999999
0.31159899999999996,-0.198624
0.310525,-0.20453
0.30945,-0.209452
0.308376,-0.21503
0.307301,-0.22137400000000002
0.30622699999999997,-0.22728
0.305152,-0.233186
0.30407799999999996,-0.23974800000000002
0.30300299999999997,-0.246311
0.301929,-0.25353000000000003
0.300854,-0.260201
0.29978,-0.26785800000000004
0.298705,-0.27584200000000003
0.297631,-0.28284200000000004
0.296556,-0.29104499999999994
0.29548199999999997,-0.300342
0.294407,-0.308654
0.293333,-0.317514
0.29225799999999996,-0.32746699999999995
0.291184,-0.33731099999999997
0.290109,-0.34682599999999997
0.289035,-0.35765399999999997
0.28796,-0.369029
0.286886,-0.380623
0.285811,-0.391888
0.28473699999999996,-0.40468499999999996
0.283663,-0.41824799999999995
0.282588,-0.430826
0.281514,-0.44493499999999997
0.280439,-0.460466
0.279365,-0.475341
0.27829,-0.491091
0.27721599999999996,-0.5083719999999999
0.27614099999999997,-0.525872
0.275067,-0.544138
0.273992,-0.563934
0.272918,-0.584497
0.271843,-0.6061529999999999
0.270769,-0.627809
0.269694,-0.651762
0.26861999999999997,-0.677465
0.267545,-0.7025119999999999
0.266471,-0.729965
0.26539599999999997,-0.759934
0.264322,-0.789683
0.263247,-0.821402
0.262173,-0.855964
0.261098,-0.891183
0.260024,-0.927933
0.258949,-0.96687
0.25787499999999997,-1.009089
0.2568,-1.052401
0.255726,-1.0974629999999999
0.254652,-1.145588
0.253577,-1.196557
0.252503,-1.247744
0.251428,-1.302212
0.25035399999999997,-1.3608369999999999
0.249279,-1.419243
0.24820499999999998,-1.480712
0.24713,-1.5463360000000002
0.246056,-1.612836
0.24498099999999998,-1.6810859999999999
0.24390699999999998,-1.752617
0.242832,-1.8263349999999998
0.241758,-1.901147
0.24068299999999998,-1.976834
0.239609,-2.058428
0.238534,-2.138928
0.23745999999999998,-2.2181149999999996
0.23638499999999998,-2.300364
0.235311,-2.3843639999999997
0.234236,-2.466613
0.23316199999999998,-2.5493010000000003
0.232087,-2.634613
0.231013,-2.7173
0.22993799999999998,-2.798675
0.22886399999999998,-2.8809240000000003
0.227789,-2.962299
0.226715,-3.041486
0.22564099999999998,-3.119361
0.224566,-3.196798
0.223492,-3.2724849999999996
0.222417,-3.3433599999999997
0.22134299999999998,-3.412047
0.220268,-3.479859
0.219194,-3.540234
0.21811899999999998,-3.598859
0.217045,-3.6557329999999997
0.21597,-3.7064829999999995
0.214896,-3.7515449999999997
0.21382099999999998,-3.7926699999999998
0.212747,-3.828982
0.211672,-3.8596070000000005
0.21059799999999998,-3.8823570000000003
0.209523,-3.9007319999999996
0.208449,-3.9129819999999995
0.207374,-3.915607
0.20629999999999998,-3.9138569999999997
0.205225,-3.908607
0.204151,-3.891107
0.20307599999999998,-3.8666069999999997
0.202002,-3.836858
0.200927,-3.7974829999999997
0.199853,-3.751108
0.19877799999999998,-3.695983
0.197704,-3.6338579999999996
0.19663,-3.562984
0.19555499999999998,-3.4842340000000003
0.194481,-3.3984840000000003
0.193406,-3.305735
0.192332,-3.204235
0.19125699999999998,-3.096611
0.190183,-2.9846109999999997
0.189108,-2.863862
0.18803399999999998,-2.7396119999999997
0.186959,-2.613613
0.185885,-2.4797379999999998
0.18481,-2.3441140000000003
0.18373599999999998,-2.20849
0.182661,-2.0693650000000003
0.181587,-1.9302409999999999
0.18051199999999998,-1.792867
0.179438,-1.6589919999999998
0.178363,-1.528618
0.177289,-1.402618
0.17621399999999998,-1.286244
0.17514,-1.176869
0.174065,-1.074495
0.172991,-0.981745
0.17191599999999999,-0.899495
0.170842,-0.825121
0.169768,-0.758621
0.16869299999999998,-0.701746
0.167619,-0.650997
0.166544,-0.606372
0.16547,-0.566997
0.16439499999999999,-0.532872
0.163321,-0.5013719999999999
0.162246,-0.473372
0.16117199999999998,-0.448872
0.160097,-0.426123
0.159023,-0.405998
0.157948,-0.386748
0.15687399999999999,-0.37012300000000004
0.155799,-0.35262299999999996
0.154725,-0.337748
0.15364999999999998,-0.324623
0.152576,-0.310623
0.151501,-0.297498
0.150427,-0.28699800000000003
0.14935199999999998,-0.275623
0.148278,-0.265123
0.147203,-0.255498
0.14612899999999998,-0.24587299999999998
0.145054,-0.237998
0.14398,-0.22924799999999998
0.142905,-0.222249
0.14183099999999998,-0.215249
0.140757,-0.20737399999999998
0.139682,-0.200374
0.13860799999999998,-0.195124
0.137533,-0.18724899999999997
0.136459,-0.181124
0.135384,-0.175874
0.13430999999999998,-0.169311
0.133235,-0.16362400000000002
0.132161,-0.157499
0.13108599999999998,-0.152686
0.130012,-0.14743599999999998
0.128937,-0.142186
0.127863,-0.136936
0.12678799999999998,-0.13299899999999998
0.125714,-0.127749
0.124639,-0.123374
0.123565,-0.120311
0.12248999999999999,-0.115936
0.121416,-0.111999
0.12034099999999999,-0.109374
0.119267,-0.10631199999999999
0.11819199999999999,-0.103249
0.117118,-0.101062
0.116043,-0.09931205600000001
0.11496899999999999,-0.09712456800000001
0.113894,-0.09493708000000001
0.11281999999999999,-0.09406208
0.111746,-0.093187088
0.11067099999999999,-0.09143709600000001
0.109597,-0.09034335200000002
0.108522,-0.09034335200000002
0.107448,-0.089030856
0.106373,-0.08771836
0.10529899999999999,-0.08793711200000001
0.104224,-0.08706211200000001
0.10314999999999999,-0.085968368
0.102075,-0.085749616
0.101001,-0.08553087200000001
0.099926736,-0.08487462400000001
0.098852256,-0.08399963200000002
0.09777777600000001,-0.08421837600000001
0.09670329600000001,-0.08421837600000001
0.095628816,-0.083124632
0.094554336,-0.083124632
0.093479848,-0.083343384
0.092405368,-0.08268712800000001
0.09133089600000001,-0.08203088800000001
0.09025640800000001,-0.082468384
0.08918192800000001,-0.08203088800000001
0.088107448,-0.081593384
0.087032968,-0.08181213600000001
0.08595848,-0.081593384
0.084884,-0.08115588800000001
0.08380952800000001,-0.08093714400000002
0.08273504000000001,-0.08115588800000001
0.08166056000000001,-0.08137464
0.08058607200000001,-0.08049964
0.0795116,-0.08028088800000001
0.07843712,-0.08093714400000002
0.077362632,-0.08028088800000001
0.07628816000000001,-0.079624648
0.07521367200000001,-0.080718392
0.074139192,-0.08006214400000002
0.073064712,-0.079405896
0.071990232,-0.079624648
0.070915752,-0.07984340000000001
0.069841264,-0.079624648
0.068766784,-0.07896840000000001
0.067692312,-0.079405896
0.066617824,-0.079405896
0.065543348,-0.078749648
0.06446886,-0.078749648
0.063394384,-0.079624648
0.062319900000000004,-0.078749648
0.06124542,-0.07853090400000001
0.060170940000000006,-0.07918714400000001
0.05909646,-0.07896840000000001
0.058021976,-0.078312152
0.056947496,-0.078749648
0.055873016000000005,-0.07896840000000001
0.054798532000000004,-0.078312152
0.053724056000000006,-0.078312152
0.052649572000000006,-0.07853090400000001
0.051575092,-0.07853090400000001
0.050500608,-0.07787465600000001
0.049426128,-0.077655904
0.048351648000000004,-0.07853090400000001
0.047277168,-0.07743716
0.046202684,-0.076780904
0.045128204000000005,-0.077655904
0.044053724,-0.077218408
0.04297924,-0.07699965600000001
0.041904764000000004,-0.076780904
0.040830280000000004,-0.076780904
0.0397558,-0.075905912
0.038681316,-0.076124664
0.037606836000000005,-0.07634341600000001
0.036532356,-0.07634341600000001
0.035457876,-0.07524966400000001
0.034383392,-0.07546841600000001
0.033308912,-0.076124664
0.03223443,-0.07503092
0.031159950000000002,-0.074374672
0.030085470000000003,-0.07524966400000001
0.029010988,-0.07459341600000001
0.027936508000000002,-0.07393717600000001
0.026862028000000003,-0.07459341600000001
0.025787546,-0.074374672
0.024713064,-0.073718424
0.023638584,-0.073718424
0.022564102000000003,-0.07415592
0.02148962,-0.073718424
0.020415140000000002,-0.072843432
0.019340658,-0.073499672
0.018266178,-0.073499672
0.017191696,-0.07262468000000001
0.016117215,-0.072187176
0.015042735000000002,-0.07306217599999999
0.013968254000000001,-0.072187176
0.012893773,-0.071312184
0.011819292,-0.072187176
0.01074481,-0.07174968000000001
0.009670329,-0.07109343200000001
0.008595848,-0.070655936
0.007521367,-0.07109343200000001
0.006446886000000001,-0.070874688
0.005372405,-0.07021843200000001
0.004297924,-0.07021843200000001
0.0032234430000000003,-0.070655936
0.002148962,-0.06956219200000001
0.001074481,-0.06934344800000002
0.0,-0.069999688
-0.001074481,-0.071530936
-0.002148962,-0.06956219200000001
-0.0032234430000000003,-0.069999688
-0.004297924,-0.06934344800000002
-0.005372405,-0.06846844800000002
-0.006446886000000001,-0.06890594400000001
-0.007521367,-0.06912468800000002
-0.008595848,-0.06890594400000001
-0.009670329,-0.068030952
-0.01074481,-0.068249696
-0.011819292,-0.06890594400000001
-0.012893773,-0.067593448
-0.013968254000000001,-0.067593448
-0.015042735000000002,-0.068249696
-0.016117215,-0.067593448
-0.017191696,-0.06693720400000001
-0.018266178,-0.0678122
-0.019340658,-0.067155952
-0.020415140000000002,-0.066499704
-0.02148962,-0.06693720400000001
-0.022564102000000003,-0.066718452
-0.023638584,-0.066718452
-0.024713064,-0.06584346
-0.025787546,-0.066280956
-0.026862028000000003,-0.066499704
-0.027936508000000002,-0.06518721200000001
-0.029010988,-0.06540596000000001
-0.030085470000000003,-0.066280956
-0.031159950000000002,-0.064968464
-0.03223443,-0.06474971600000001
-0.033308912,-0.06540596000000001
-0.034383392,-0.064968464
-0.035457876,-0.064093464
-0.036532356,-0.06453096000000001
-0.037606836000000005,-0.06474971600000001
-0.038681316,-0.06431221200000001
-0.0397558,-0.064093464
-0.040830280000000004,-0.064093464
-0.041904764000000004,-0.06431221200000001
-0.04297924,-0.06321846800000001
-0.044053724,-0.06365596800000001
-0.045128204000000005,-0.06453096000000001
-0.046202684,-0.06321846800000001
-0.047277168,-0.062562224
-0.048351648000000004,-0.064093464
-0.049426128,-0.064093464
-0.050500608,-0.062780972
-0.051575092,-0.06321846800000001
-0.052649572000000006,-0.06321846800000001
-0.053724056000000006,-0.06299972
-0.054798532000000004,-0.062562224
-0.055873016000000005,-0.062780972
-0.056947496,-0.062780972
-0.058021976,-0.061905976
-0.05909646,-0.06168722800000001
-0.060170940000000006,-0.06299972
-0.06124542,-0.06168722800000001
-0.062319900000000004,-0.06146848
-0.063394384,-0.062562224
-0.06446886,-0.06168722800000001
-0.065543348,-0.06103097600000001
-0.066617824,-0.06168722800000001
-0.067692312,-0.061249732
-0.068766784,-0.06081222800000001
-0.069841264,-0.06081222800000001
-0.070915752,-0.06146848
-0.071990232,-0.06103097600000001
-0.073064712,-0.060374732
-0.074139192,-0.06059348
-0.07521367200000001,-0.061249732
-0.07628816000000001,-0.06015598400000001
-0.077362632,-0.05993723200000001
-0.07843712,-0.061249732
-0.0795116,-0.06059348
-0.08058607200000001,-0.06015598400000001
-0.08166056000000001,-0.06081222800000001
-0.08273504000000001,-0.06059348
-0.08380952800000001,-0.059718484
-0.084884,-0.05993723200000001
-0.08595848,-0.06015598400000001
-0.087032968,-0.060374732
-0.088107448,-0.059062236000000004
-0.08918192800000001,-0.059718484
-0.09025640800000001,-0.05993723200000001
-0.09133089600000001,-0.059062236000000004
-0.092405368,-0.059062236000000004
-0.093479848,-0.05993723200000001
-0.094554336,-0.058843488000000006
-0.095628816,-0.058843488000000006
-0.09670329600000001,-0.059499736000000004
-0.09777777600000001,-0.059062236000000004
-0.098852256,-0.058187244
-0.099926736,-0.059062236000000004
-0.101001,-0.058405992000000004
-0.102075,-0.058405992000000004
-0.10314999999999999,-0.057749744
-0.104224,-0.058187244
-0.10529899999999999,-0.058187244
-0.106373,-0.057749744
-0.107448,-0.05753099600000001
-0.108522,-0.058405992000000004
-0.109597,-0.057749744
-0.11067099999999999,-0.05709349600000001
-0.111746,-0.058405992000000004
-0.11281999999999999,-0.057968492
-0.113894,-0.05643725200000001
-0.11496899999999999,-0.05753099600000001
-0.116043,-0.058187244
-0.117118,-0.05753099600000001
-0.11819199999999999,-0.05643725200000001
-0.119267,-0.05709349600000001
-0.12034099999999999,-0.05753099600000001
-0.121416,-0.056656
-0.12248999999999999,-0.056874748
-0.123565,-0.057312244000000005
-0.124639,-0.05643725200000001
-0.125714,-0.055781004
-0.12678799999999998,-0.056874748
-0.127863,-0.05643725200000001
-0.128937,-0.055781004
-0.130012,-0.055781004
-0.13108599999999998,-0.056218500000000005
-0.132161,-0.055562252000000006
-0.133235,-0.055124752000000006
-0.13430999999999998,-0.055343504
-0.135384,-0.055562252000000006
-0.136459,-0.05468726
-0.137533,-0.05468726
-0.13860799999999998,-0.055124752000000006
-0.139682,-0.054468508000000006
-0.140757,-0.054468508000000006
-0.14183099999999998,-0.054906008000000006
-0.142905,-0.054468508000000006
-0.14398,-0.05381226
-0.145054,-0.054031012
-0.14612899999999998,-0.05468726
-0.147203,-0.05337476
-0.148278,-0.05359351200000001
-0.14935199999999998,-0.05359351200000001
-0.150427,-0.05424976
-0.151501,-0.05337476
-0.152576,-0.05337476
-0.15364999999999998,-0.05359351200000001
-0.154725,-0.05337476
-0.155799,-0.052281016
-0.15687399999999999,-0.05315601200000001
-0.157948,-0.052718516
-0.159023,-0.05206226800000001
-0.160097,-0.052937268
-0.16117199999999998,-0.05249976800000001
-0.162246,-0.05206226800000001
-0.163321,-0.05162476800000001
-0.16439499999999999,-0.05206226800000001
-0.16547,-0.05162476800000001
-0.166544,-0.051406020000000004
-0.167619,-0.05096852400000001
-0.16869299999999998,-0.05206226800000001
-0.169768,-0.050312276
-0.170842,-0.050312276
-0.17191599999999999,-0.051187276000000004
-0.172991,-0.050312276
-0.174065,-0.049437284000000005
-0.17514,-0.050749776
-0.17621399999999998,-0.050749776
-0.177289,-0.050093528000000005
-0.178363,-0.049874776
-0.179438,-0.049874776
-0.18051199999999998,-0.05053102400000001
-0.181587,-0.049218532
-0.182661,-0.049874776
-0.18373599999999998,-0.049874776
-0.18481,-0.048781032
-0.185885,-0.049437284000000005
-0.186959,-0.050093528000000005
-0.18803399999999998,-0.049218532
-0.189108,-0.048562284000000004
-0.190183,-0.049437284000000005
-0.19125699999999998,-0.049437284000000005
-0.192332,-0.048562284000000004
-0.193406,-0.048562284000000004
-0.194481,-0.048999784000000005
-0.19555499999999998,-0.048343536000000006
-0.19663,-0.048124784000000004
-0.197704,-0.048562284000000004
-0.19877799999999998,-0.048999784000000005
-0.199853,-0.047687288
-0.19877799999999998,-0.036968588000000004
-0.197704,-0.033249852
-0.19663,-0.029531118000000002
-0.19555499999999998,-0.026468634
-0.194481,-0.025703010000000002
-0.193406,-0.023734270000000002
-0.192332,-0.022093652000000002
-0.19125699999999998,-0.021109282
-0.190183,-0.0028447870000000005
-0.189108,-0.005487976
-0.18803399999999998,-0.005409576000000001
-0.186959,-0.004922378000000001
-0.185885,-0.004272781
-0.18481,-0.003667983
-0.18373599999999998,-0.0030183860000000005
-0.182661,-0.0024863890000000003
-0.181587,-0.0017807920000000002
-0.18051199999999998,-0.0013327940000000002
-0.179438,-0.000722396
-0.178363,-0.00034159800000000003
-0.177289,5.5999750000000005e-06
-0.17621399999999998,0.0005095970000000001
-0.17514,0.0009015960000000001
-0.174065,0.0011703940000000002
-0.172991,0.001668792
-0.17191599999999999,0.0020943900000000002
-0.170842,0.0023407890000000002
-0.169768,0.0028111870000000006
-0.16869299999999998,0.0031695860000000003
-0.167619,0.0034047850000000005
-0.166544,0.003763183
-0.16547,0.004143981000000001
-0.16439499999999999,0.00441838
-0.163321,0.004748779000000001
-0.162246,0.005034378
-0.16117199999999998,0.005443176
-0.160097,0.005751174
-0.159023,0.005885574
-0.157948,0.006283172
-0.15687399999999999,0.006635971000000001
-0.155799,0.00667517
-0.154725,0.007083969000000001
-0.15364999999999998,0.007369567000000001
-0.152576,0.007425567000000001
-0.151501,0.007699966
-0.150427,0.007957564
-0.14935199999999998,0.008125564000000002
-0.148278,0.008366363
-0.147203,0.008556763
-0.14612899999999998,0.008814361000000001
-0.145054,0.008898360000000001
-0.14398,0.00910556
-0.142905,0.009368758
-0.14183099999999998,0.009497558000000001
-0.140757,0.009486358000000002
-0.139682,0.009855956
-0.13860799999999998,0.009923157
-0.137533,0.009984756000000001
-0.136459,0.010399154
-0.135384,0.010539154
-0.13430999999999998,0.010768752000000001
-0.133235,0.011048751
-0.132161,0.011082351
-0.13108599999999998,0.011468749
-0.130012,0.011586349000000001
-0.128937,0.011720749
-0.127863,0.012151946000000002
-0.12678799999999998,0.012336746
-0.125714,0.012437545000000001
-0.124639,0.012728744
-0.123565,0.012952743000000001
-0.12248999999999999,0.012991942000000001
-0.121416,0.013299941000000001
-0.12034099999999999,0.013467940000000001
-0.119267,0.013630340000000001
-0.11819199999999999,0.013876739
-0.117118,0.014016739000000002
-0.116043,0.014291137
-0.11496899999999999,0.014380736000000002
-0.113894,0.014363936
-0.11281999999999999,0.014744735
-0.111746,0.014940734000000002
-0.11067099999999999,0.014923935000000001
-0.109597,0.015164734000000001
-0.108522,0.015338332000000001
-0.107448,0.015388733
-0.106373,0.015551131
-0.10529899999999999,0.015685532000000002
-0.104224,0.01581433
-0.10314999999999999,0.015959929
-0.102075,0.016234328
-0.101001,0.016402327
-0.099926736,0.016581528
-0.098852256,0.016598327000000003
-0.09777777600000001,0.016956724000000003
-0.09670329600000001,0.017068726
-0.095628816,0.017091126
-0.094554336,0.017443924000000003
-0.093479848,0.017533524
-0.092405368,0.017578324
-0.09133089600000001,0.017880722
-0.09025640800000001,0.01797032
-0.08918192800000001,0.018031922
-0.088107448,0.01818312
-0.087032968,0.018295118
-0.08595848,0.018535918000000002
-0.084884,0.018603118000000002
-0.08380952800000001,0.018675918000000003
-0.08273504000000001,0.018793516
-0.08166056000000001,0.018922316
-0.08058607200000001,0.018933516
-0.0795116,0.019146314
-0.07843712,0.019247114
-0.077362632,0.019196716000000003
-0.07628816000000001,0.019336716
-0.07521367200000001,0.019437514000000003
-0.074139192,0.019499114
-0.073064712,0.019588714000000004
-0.071990232,0.019560714
-0.070915752,0.019723112
-0.069841264,0.019695114000000003
-0.068766784,0.019689512000000003
-0.067692312,0.020014312
-0.066617824,0.019952712
-0.065543348,0.019863112000000002
-0.06446886,0.020137512
-0.063394384,0.020249510000000002
-0.062319900000000004,0.02026071
-0.06124542,0.02048471
-0.060170940000000006,0.020574308000000003
-0.05909646,0.020607908
-0.058021976,0.020703108
-0.056947496,0.020876708
-0.055873016000000005,0.020999908000000005
-0.054798532000000004,0.020999908000000005
-0.053724056000000006,0.021100708000000003
-0.052649572000000006,0.021274306
-0.051575092,0.021240708
-0.050500608,0.021240708
-0.049426128,0.021537504000000002
-0.048351648000000004,0.021565504
-0.047277168,0.021487106000000002
-0.046202684,0.021604706
-0.045128204000000005,0.021727904
-0.044053724,0.021722304
-0.04297924,0.021862304000000003
-0.041904764000000004,0.021901502000000003
-0.040830280000000004,0.021951904
-0.0397558,0.021951904
-0.038681316,0.021979902
-0.037606836000000005,0.022097502
-0.036532356,0.022103104000000002
-0.035457876,0.022013502
-0.034383392,0.022226302
-0.033308912,0.022439102000000002
-0.03223443,0.022321502000000003
-0.031159950000000002,0.0225735
-0.030085470000000003,0.022556702
-0.029010988,0.022595900000000002
-0.027936508000000002,0.0226855
-0.026862028000000003,0.0227807
-0.025787546,0.022870300000000003
-0.024713064,0.022931898
-0.023638584,0.0229431
-0.022564102000000003,0.023083098
-0.02148962,0.023105498000000002
-0.020415140000000002,0.023049498000000005
-0.019340658,0.023267898000000002
-0.018266178,0.023262296000000002
-0.017191696,0.023206298
-0.016117215,0.023424696000000002
-0.015042735000000002,0.023385496000000002
-0.013968254000000001,0.023312698
-0.012893773,0.023391096
-0.011819292,0.023413496000000002
-0.01074481,0.023424696000000002
-0.009670329,0.023452698
-0.008595848,0.023435896
-0.007521367,0.023497498000000002
-0.006446886000000001,0.023391096
-0.005372405,0.023335098000000002
-0.004297924,0.023486298000000003
-0.0032234430000000003,0.023441498
-0.002148962,0.023284696
-0.001074481,0.023385496000000002
0.0,0.024359894
0.001074481,0.024158292
0.002148962,0.023951096
0.0032234430000000003,0.023743896
0.004297924,0.023587096000000002
0.005372405,0.023598296
0.006446886000000001,0.023620696000000004
0.007521367,0.023676696000000004
0.008595848,0.023620696000000004
0.009670329,0.023587096000000002
0.01074481,0.023693496
0.011819292,0.023704694000000002
0.012893773,0.023598296
0.013968254000000001,0.023760694000000002
0.015042735000000002,0.023721496
0.016117215,0.023581496
0.017191696,0.023687896000000003
0.018266178,0.023743896
0.019340658,0.023671096000000003
0.020415140000000002,0.023682296000000002
0.02148962,0.023626296
0.022564102000000003,0.023671096000000003
0.023638584,0.023592696
0.024713064,0.023542296
0.025787546,0.023615096000000002
0.026862028000000003,0.023598296
0.027936508000000002,0.023441498
0.029010988,0.023508698
0.030085470000000003,0.023497498000000002
0.031159950000000002,0.023318296000000002
0.03223443,0.023419098
0.033308912,0.023346298
0.034383392,0.023385496000000002
0.035457876,0.023357498
0.036532356,0.023312698
0.037606836000000005,0.023312698
0.038681316,0.023284696
0.0397558,0.023290298
0.040830280000000004,0.023335098000000002
0.041904764000000004,0.023318296000000002
0.04297924,0.023251096000000002
0.044053724,0.023379898000000003
0.045128204000000005,0.023363096000000003
0.046202684,0.023217498000000003
0.047277168,0.023346298
0.048351648000000004,0.023301498
0.049426128,0.023245498
0.050500608,0.023279098
0.051575092,0.023245498
0.052649572000000006,0.023211898
0.053724056000000006,0.023150298
0.054798532000000004,0.023094298
0.055873016000000005,0.023172698000000002
0.056947496,0.023133498000000002
0.058021976,0.022948698000000003
0.05909646,0.023077498000000002
0.060170940000000006,0.023060698
0.06124542,0.0228591
0.062319900000000004,0.022926300000000004
0.063394384,0.0229039
0.06446886,0.0227807
0.065543348,0.022758300000000002
0.066617824,0.022702300000000005
0.067692312,0.022657500000000004
0.068766784,0.0226855
0.069841264,0.022567902
0.070915752,0.0226183
0.071990232,0.022579102000000004
0.073064712,0.0224559
0.074139192,0.0226183
0.07521367200000001,0.0226183
0.07628816000000001,0.022528700000000002
0.077362632,0.0226071
0.07843712,0.022651900000000003
0.0795116,0.0225623
0.08058607200000001,0.022595900000000002
0.08166056000000001,0.022651900000000003
0.08273504000000001,0.022623900000000002
0.08380952800000001,0.022567902
0.084884,0.022545502000000002
0.08595848,0.022635100000000002
0.087032968,0.0225623
0.088107448,0.022511902
0.08918192800000001,0.0226463
0.09025640800000001,0.022534302000000003
0.09133089600000001,0.0224671
0.092405368,0.022517500000000003
0.093479848,0.022556702
0.094554336,0.022427902000000003
0.095628816,0.022534302000000003
0.09670329600000001,0.0224839
0.09777777600000001,0.022411100000000003
0.098852256,0.022383102000000002
0.099926736,0.022315902000000002
0.101001,0.022394302
0.102075,0.022332702000000003
0.10314999999999999,0.0223775
0.104224,0.022489502
0.10529899999999999,0.0224447
0.106373,0.022287902000000002
0.107448,0.0224783
0.108522,0.022495100000000004
0.109597,0.022411100000000003
0.11067099999999999,0.022534302000000003
0.111746,0.022579102000000004
0.11281999999999999,0.022590302000000003
0.113894,0.022623900000000002
0.11496899999999999,0.0225735
0.116043,0.022730300000000002
0.117118,0.022679900000000003
0.11819199999999999,0.022651900000000003
0.119267,0.022786300000000002
0.12034099999999999,0.0227695
0.121416,0.0226743
0.12248999999999999,0.022853498000000003
0.123565,0.022814300000000003
0.124639,0.022758300000000002
0.125714,0.022825500000000002
0.12678799999999998,0.022887098
0.127863,0.022842298000000004
0.128937,0.0229039
0.130012,0.0228591
0.13108599999999998,0.022909498000000004
0.132161,0.022909498000000004
0.133235,0.022775100000000003
0.13430999999999998,0.022948698000000003
0.135384,0.0229039
0.136459,0.022758300000000002
0.137533,0.023032700000000003
0.13860799999999998,0.022987900000000002
0.139682,0.0229151
0.140757,0.023055100000000002
0.14183099999999998,0.023111098000000004
0.142905,0.023105498000000002
0.14398,0.023234298
0.145054,0.023335098000000002
0.14612899999999998,0.023368698000000004
0.147203,0.023435896
0.148278,0.023441498
0.14935199999999998,0.023648696
0.150427,0.023643096000000002
0.151501,0.023603896
0.152576,0.023766296
0.15364999999999998,0.023771894000000002
0.154725,0.023743896
0.155799,0.023911894000000003
0.15687399999999999,0.024001494
0.157948,0.023928696000000003
0.159023,0.024012694000000005
0.160097,0.024029494000000002
0.16117199999999998,0.024102294
0.162246,0.024107894
0.163321,0.024147094
0.16439499999999999,0.024253494
0.16547,0.024247892
0.166544,0.024163894
0.167619,0.024387892
0.16869299999999998,0.024343092
0.169768,0.024264694
0.170842,0.024387892
0.17191599999999999,0.024550292
0.172991,0.024488692000000003
0.174065,0.024578292
0.17514,0.02461189
0.17621399999999998,0.024729492000000002
0.177289,0.024740692
0.178363,0.02478549
0.179438,0.024975890000000004
0.18051199999999998,0.02505429
0.181587,0.02499269
0.182661,0.025244690000000004
0.18373599999999998,0.025244690000000004
0.18481,0.025250288000000003
0.185885,0.025423888000000002
0.186959,0.025552686
0.18803399999999998,0.025502288
0.189108,0.025647888000000004
0.190183,0.025692686000000003
0.19125699999999998,0.025737486000000004
0.192332,0.025843886000000003
0.193406,0.025877486000000005
0.194481,0.026028684000000003
0.19555499999999998,0.026084684000000004
0.19663,0.025995084
0.197704,0.026241486
0.19877799999999998,0.026286284000000004
0.199853,0.026275084
0.200927,0.026482282000000003
0.202002,0.026549482000000003
0.20307599999999998,0.026448682
0.204151,0.026594282000000004
0.205225,0.026678282000000005
0.20629999999999998,0.026857482000000002
0.207374,0.026907882
0.208449,0.026986282
0.209523,0.02721588
0.21059799999999998,0.02728308
0.211672,0.027445478000000002
0.212747,0.027753478
0.21382099999999998,0.027871078000000004
0.214896,0.027904678000000002
0.21597,0.028184676000000002
0.217045,0.028358276000000005
0.21811899999999998,0.028431074
0.219194,0.028694274000000002
0.220268,0.028895872000000003
0.22134299999999998,0.029052672000000005
0.222417,0.029187072
0.223492,0.02933267
0.224566,0.029635068
0.22564099999999998,0.029786268
0.226715,0.029859068000000006
0.227789,0.030195066
0.22886399999999998,0.030335068000000003
0.22993799999999998,0.030413464000000005
0.231013,0.030710266
0.232087,0.030900662000000006
0.23316199999999998,0.031040664000000006
0.234236,0.031253462
0.235311,0.03145506000000001
0.23638499999999998,0.031606260000000004
0.23745999999999998,0.031785458
0.238534,0.03195346
0.239609,0.032233460000000005
0.24068299999999998,0.03247425600000001
0.241758,0.03263665600000001
0.242832,0.033028652000000006
0.24390699999999998,0.033241454000000004
0.24498099999999998,0.033353452
0.246056,0.033846248
0.24713,0.034109448
0.24820499999999998,0.034255048
0.249279,0.034669448
0.25035399999999997,0.034994244
0.251428,0.035246244
0.252503,0.035593440000000004
0.253577,0.03586224400000001
0.254652,0.03626544
0.255726,0.03657344
0.2568,0.036915036
0.25787499999999997,0.037402236000000005
0.258949,0.037687832000000004
0.260024,0.037939832
0.261098,0.03845503200000001
0.262173,0.038891828
0.263247,0.03922222400000001
0.264322,0.039715028000000006
0.26539599999999997,0.040174220000000004
0.266471,0.04059422
0.267545,0.041042220000000004
0.26861999999999997,0.041529420000000004
0.269694,0.042095012
0.270769,0.04255421200000001
0.271843,0.042974212000000005
0.272918,0.043674208000000006
0.273992,0.044167008
0.275067,0.044626204
0.27614099999999997,0.045354200000000004
0.27721599999999996,0.045992596000000004
0.27829,0.046373396000000004
0.279365,0.047112592
0.280439,0.047745392
0.281514,0.04818778800000001
0.282588,0.048730984000000005
0.283663,0.049296584000000004
0.28473699999999996,0.040906068000000004
0.285811,0.04265606
0.286886,0.04473417600000001
0.28796,0.04582792000000001
0.289035,0.047687288
0.290109,0.049437284000000005
0.291184,0.052171644
0.29225799999999996,0.05381226
0.293333,0.05545288
0.294407,0.059171612000000005
0.29548199999999997,0.062234096
0.296556,0.06387471600000001
0.297631,0.0678122
0.298705,0.071859056
0.29978,0.073718424
0.300854,0.07809340000000001
0.301929,0.08203088800000001
0.30300299999999997,0.085640248
0.30407799999999996,0.08968709600000001
0.305152,0.093843336
0.30622699999999997,0.098546432
0.307301,0.102265
0.308376,0.105655
0.30945,0.11079599999999999
0.310525,0.11364
0.31159899999999996,0.115171
0.312673,0.11845199999999999
0.31374799999999997,0.12053000000000001
0.314822,0.12064
0.315897,0.12151499999999998
0.316971,0.12228000000000001
0.318046,0.12107699999999999
0.31911999999999996,0.11987400000000001
0.320195,0.118999
0.32126899999999997,0.11724899999999999
0.32234399999999996,0.114733
0.323418,0.112218
0.324493,0.11068700000000001
0.325567,0.10838999999999999
0.326642,0.104671
0.327716,0.10314
0.328791,0.100952
0.32986499999999996,0.09799956800000001
0.33094,0.09624956800000001
0.332014,0.09504644800000002
0.33308899999999997,0.092640216
0.334163,0.091218344
0.335238,0.09034335200000002
0.336312,0.08946835200000001
0.337387,0.08771836
0.338461,0.086624616
0.339536,0.086624616
0.34060999999999997,0.08531212
0.341684,0.084109008
0.342759,0.08421837600000001
0.343833,0.084109008
0.344908,0.082796504
0.345982,0.08257776
0.347057,0.08301525600000001
0.34813099999999997,0.082140264
0.34920599999999996,0.08203088800000001
0.35028,0.082468384
0.351355,0.08203088800000001
0.352429,0.081593384
0.353504,0.081593384
0.354578,0.08181213600000001
0.355653,0.081593384
0.35672699999999996,0.08093714400000002
0.357802,0.081593384
0.358876,0.081593384
0.35995099999999997,0.080718392
0.361025,0.08137464
0.3621,0.08126526400000002
0.363174,0.08082776800000001
0.364249,0.08093714400000002
0.365323,0.081046512
0.366398,0.08093714400000002
0.36747199999999997,0.08049964
0.368546,0.08039026400000002
0.369621,0.08060902400000002
0.370695,0.08017152000000001
0.37177,0.079624648
0.372844,0.08039026400000002
0.373919,0.08006214400000002
0.37499299999999997,0.07907777600000002
0.37606799999999996,0.079405896
0.377142,0.079624648
0.37821699999999997,0.078749648
0.379291,0.07885902400000001
0.380366,0.07885902400000001
0.38144,0.07864028
0.382515,0.07820277600000002
0.38358899999999996,0.078312152
0.384664,0.078312152
0.38573799999999997,0.07809340000000001
0.38681299999999996,0.077327784
0.387887,0.07776528
0.388962,0.07776528
0.390036,0.07667153600000001
0.391111,0.07699965600000001
0.392185,0.07710903200000001
0.39326,0.076124664
0.39433399999999996,0.076452784
0.39540899999999995,0.07667153600000001
0.396483,0.07579653600000001
0.397557,0.07579653600000001
0.398632,0.075577792
0.399706,0.07579653600000001
0.400781,0.07546841600000001
0.40185499999999996,0.07481216800000001
0.40292999999999995,0.07546841600000001
0.404004,0.07503092
0.40507899999999997,0.07459341600000001
0.406153,0.07514029600000001
0.407228,0.07524966400000001
0.408302,0.07459341600000001
0.409377,0.07481216800000001
0.41045099999999995,0.07524966400000001
0.411526,0.074921544
0.41259999999999997,0.07514029600000001
0.41367499999999996,0.07535904
0.414749,0.07579653600000001
0.41582399999999997,0.07579653600000001
0.416898,0.07601528800000001
0.417973,0.07689028
0.419047,0.07710903200000001
0.420122,0.07699965600000001
0.42119599999999996,0.07809340000000001
0.422271,0.078749648
0.42334499999999997,0.078421528
0.42441999999999996,0.07973402400000001
0.425494,0.080718392
0.426568,0.081046512
0.427643,0.081593384
0.42871699999999996,0.08235900800000001
0.429792,0.083452752
0.43086599999999997,0.08421837600000001
0.43194099999999996,0.08487462400000001
0.433015,0.08640587200000001
0.43409,0.087280856
0.435164,0.08760899200000001
0.436239,0.089358976
0.437313,0.09067147200000002
0.438388,0.091218344
0.43946199999999996,0.09274958400000001
0.44053699999999996,0.09428083200000001
0.441611,0.09504644800000002
0.44268599999999997,0.09624956800000001
0.44376,0.097562064
0.444835,0.09920268800000001
0.445909,0.100296
0.446984,0.10128000000000001
0.44805799999999996,0.103249
0.449133,0.104452
0.45020699999999997,0.10510800000000001
0.45128199999999996,0.107296
0.452356,0.108827
0.45343,0.109702
0.454505,0.111452
0.45557899999999996,0.113311
0.456654,0.114077
0.45772799999999997,0.115608
0.45880299999999996,0.11724899999999999
0.459877,0.11878
0.460952,0.120202
0.462026,0.12162400000000001
0.463101,0.123483
0.464175,0.125124
0.46525,0.126108
0.46632399999999996,0.128296
0.46739899999999995,0.130155
0.468473,0.13103
0.46954799999999997,0.13332699999999997
0.470622,0.135405
0.471697,0.136718
0.472771,0.13857699999999998
0.473846,0.140764
0.47491999999999995,0.142624
0.475995,0.144593
0.47706899999999997,0.146561
0.47814399999999996,0.14907700000000002
0.479218,0.151155
0.48029299999999997,0.15312399999999998
0.481367,0.156077
0.48244099999999995,0.158483
0.483516,0.16045199999999998
0.48458999999999997,0.163405
0.48566499999999996,0.16635799999999998
0.486739,0.168655
0.48781399999999997,0.17149899999999998
0.488888,0.174561
0.489963,0.177186
0.491037,0.18035800000000002
0.492112,0.18298299999999998
0.49318599999999996,0.186374
0.49426099999999995,0.189436
0.49533499999999997,0.19206099999999998
0.49640999999999996,0.195671
0.497484,0.198952
0.498559,0.201358
0.499633,0.205186
0.5007079999999999,0.208358
0.501782,0.21087399999999998
0.502857,0.214155
0.503931,0.21754500000000002
0.505006,0.220499
0.50608,0.22334199999999998
0.507155,0.226623
0.5082289999999999,0.229905
0.509304,0.23263899999999998
0.510378,0.235592
0.511452,0.23898300000000003
0.512527,0.24204499999999998
0.513601,0.244452
0.514676,0.24784199999999998
0.5157499999999999,0.251233
0.516825,0.253639
0.517899,0.256701
0.5189739999999999,0.25987299999999997
0.520048,0.262608
0.521123,0.26566999999999996
0.522197,0.268623
0.523272,0.27168600000000004
0.524346,0.27453
0.525421,0.277264
0.5264949999999999,0.280655
0.52757,0.28338899999999995
0.528644,0.285795
0.5297189999999999,0.288967
0.530793,0.292358
0.531868,0.294873
0.532942,0.298045
0.534017,0.301108
0.535091,0.30373300000000003
0.5361659999999999,0.306686
0.5372399999999999,0.30974799999999997
0.538314,0.31292
0.539389,0.315654
0.540463,0.318607
0.541538,0.322107
0.542612,0.32484199999999996
0.5436869999999999,0.327576
0.5447609999999999,0.33107600000000004
0.545836,0.334248
0.54691,0.336982
0.5479849999999999,0.340264
0.549059,0.343435
0.550134,0.346607
0.5512079999999999,0.34967
0.552283,0.35295099999999996
0.553357,0.356123
0.5544319999999999,0.359404
0.5555059999999999,0.362357
0.556581,0.366076
0.557655,0.369248
0.55873,0.372092
0.559804,0.375701
0.560879,0.37920099999999995
0.5619529999999999,0.38182599999999994
0.563028,0.385326
0.564102,0.38893500000000003
0.5651769999999999,0.391888
0.566251,0.39517
0.567326,0.39867
0.5684,0.40206
0.5694739999999999,0.40534099999999995
0.570549,0.40829499999999996
0.571623,0.41201299999999996
0.5726979999999999,0.41529499999999997
0.573772,0.41802900000000004
0.574847,0.42174799999999996
0.575921,0.42524799999999996
0.576996,0.427982
0.57807,0.43181
0.579145,0.43531
0.5802189999999999,0.438373
0.581294,0.44176299999999996
0.582368,0.445154
0.5834429999999999,0.44876299999999997
0.584517,0.452154
0.585592,0.455654
0.586666,0.459482
0.587741,0.46265399999999995
0.588815,0.46582599999999996
0.58989,0.46998199999999996
0.5909639999999999,0.47348199999999996
0.592039,0.47643499999999994
0.593113,0.48037199999999997
0.5941879999999999,0.484419
0.595262,0.4877
0.596336,0.49163799999999996
0.597411,0.49546599999999996
0.5984849999999999,0.49918500000000005
0.59956,0.5027940000000001
0.600634,0.506732
0.6017089999999999,0.510997
0.602783,0.5147160000000001
0.603858,0.518435
0.604932,0.522919
0.606007,0.526747
0.607081,0.530466
0.6081559999999999,0.535169
0.6092299999999999,0.539544
0.610305,0.543044
0.611379,0.5472
0.6124539999999999,0.5519029999999999
0.613528,0.55606
0.614603,0.5602159999999999
0.6156769999999999,0.5647
0.616752,0.569403
0.617826,0.5737779999999999
0.6189009999999999,0.5778249999999999
0.6199749999999999,0.582638
0.62105,0.58745
0.622124,0.591278
0.6231979999999999,0.5962
0.624273,0.601341
0.625347,0.605497
0.6264219999999999,0.610309
0.6274959999999999,0.615012
0.628571,0.6198250000000001
0.629645,0.624309
0.63072,0.629231
0.631794,0.634153
0.632869,0.638747
0.6339429999999999,0.643559
0.635018,0.648372
0.636092,0.653293
0.6371669999999999,0.65734
0.638241,0.662809
0.639316,0.6676219999999999
0.64039,0.671778
0.641465,0.6765899999999999
0.642539,0.681403
0.643614,0.685231
0.6446879999999999,0.6897150000000001
0.645763,0.693762
0.646837,0.698028
0.6479119999999999,0.701965
0.648986,0.7052459999999999
0.650061,0.709731
0.651135,0.7131209999999999
0.6522089999999999,0.715965
0.653284,0.7201209999999999
0.654358,0.7237309999999999
0.6554329999999999,0.726356
0.656507,0.729965
0.657582,0.7332460000000001
0.658656,0.7358709999999999
0.659731,0.7388239999999999
0.660805,0.741449
0.66188,0.744184
0.6629539999999999,0.746481
0.664029,0.7489959999999999
0.665103,0.751621
0.6661779999999999,0.7536989999999999
0.667252,0.7549020000000001
0.668327,0.757418
0.669401,0.7596050000000001
0.670476,0.76059
0.67155,0.762559
0.6726249999999999,0.76398
0.6736989999999999,0.765074
0.674774,0.766059
0.675848,0.7670429999999999
0.6769229999999999,0.768137
0.677997,0.768574
0.679072,0.768902
0.6801459999999999,0.769996
0.6812199999999999,0.7701049999999999
0.682295,0.769668
0.683369,0.770215
0.6844439999999999,0.769996
0.685518,0.769012
0.686593,0.768902
0.6876669999999999,0.768684
0.688742,0.767262
0.689816,0.766277
0.6908909999999999,0.7655120000000001
0.6919649999999999,0.764527
0.69304,0.762777
0.694114,0.761027
0.695189,0.7598239999999999
0.696263,0.757965
0.697338,0.755777
0.6984119999999999,0.754246
0.699487,0.752277
0.700561,0.7494339999999999
0.7016359999999999,0.747246
0.70271,0.7451679999999999
0.703785,0.741996
0.704859,0.7394809999999999
0.705934,0.7372930000000001
0.707008,0.73434
0.708083,0.731278
0.7091569999999999,0.727996
0.710231,0.7254809999999999
0.711306,0.722309
0.71238,0.7185900000000001
0.713455,0.716074
0.714529,0.712684
0.715604,0.708746
0.7166779999999999,0.7055750000000001
0.717753,0.702621
0.718827,0.698684
0.7199019999999999,0.695075
0.720976,0.6920120000000001
0.722051,0.688512
0.723125,0.684684
0.7242,0.681184
0.725274,0.677793
0.726349,0.674075
0.7274229999999999,0.670028
0.728498,0.666965
0.729572,0.663247
0.7306469999999999,0.65909
0.731721,0.6557000000000001
0.732796,0.652309
0.7338699999999999,0.6480440000000001
0.734945,0.644762
0.736019,0.641262
0.737093,0.637653
0.7381679999999999,0.633934
0.739242,0.630434
0.740317,0.627372
0.7413909999999999,0.623544
0.742466,0.619715
0.74354,0.616981
0.7446149999999999,0.613481
0.7456889999999999,0.609653
0.746764,0.606919
0.747838,0.6038560000000001
0.7489129999999999,0.600247
0.749987,0.597294
0.751062,0.59445
0.7521359999999999,0.591278
0.753211,0.588325
0.754285,0.585372
0.7553599999999999,0.582966
0.7564339999999999,0.5799030000000001
0.757509,0.5769500000000001
0.758583,0.575091
0.7596579999999999,0.5722470000000001
0.760732,0.569403
0.761807,0.567653
0.7628809999999999,0.5654659999999999
0.7639549999999999,0.5625129999999999
0.76503,0.560763
0.766104,0.559013
0.7671789999999999,0.556716
0.768253,0.554528
0.769328,0.5532159999999999
0.7704019999999999,0.551575
0.771477,0.5496059999999999
0.772551,0.547747
0.7736259999999999,0.546872
0.7746999999999999,0.545341
0.775775,0.5437
0.776849,0.542716
0.777924,0.541841
0.778998,0.5402
0.780073,0.539544
0.7811469999999999,0.538888
0.782222,0.537685
0.783296,0.537138
0.7843709999999999,0.5367
0.785445,0.536044
0.78652,0.535278
0.787594,0.5349499999999999
0.788669,0.534841
0.789743,0.534732
0.7908179999999999,0.534185
0.7918919999999999,0.534513
0.792967,0.5349499999999999
0.794041,0.534513
0.795115,0.5349499999999999
0.79619,0.5357160000000001
0.797264,0.5357160000000001
0.7983389999999999,0.535935
0.7994129999999999,0.536919
0.800488,0.537575
0.801562,0.5379029999999999
0.8026369999999999,0.5386690000000001
0.803711,0.539981
0.804786,0.540747
0.8058599999999999,0.5412939999999999
0.806935,0.543044
0.808009,0.5444659999999999
0.8090839999999999,0.5449029999999999
0.8101579999999999,0.546763
0.811233,0.5485129999999999
0.812307,0.549388
0.8133819999999999,0.551138
0.814456,0.5532159999999999
0.815531,0.554747
0.8166049999999999,0.5566059999999999
0.81768,0.5584659999999999
0.818754,0.5608719999999999
0.8198289999999999,0.5627310000000001
0.8209029999999999,0.564481
0.821978,0.567325
0.823052,0.569731
0.8241259999999999,0.5715910000000001
0.825201,0.574763
0.826275,0.577606
0.8273499999999999,0.5799030000000001
0.8284239999999999,0.5825279999999999
0.829499,0.585919
0.830573,0.5890909999999999
0.8316479999999999,0.5920439999999999
0.832722,0.595216
0.833797,0.5990439999999999
0.8348709999999999,0.6026529999999999
0.835946,0.605934
0.83702,0.6100909999999999
0.8380949999999999,0.614575
0.8391689999999999,0.617856
0.840244,0.6231059999999999
0.841318,0.6276999999999999
0.842393,0.631637
0.843467,0.636887
0.844542,0.6425749999999999
0.8456159999999999,0.647825
0.846691,0.653184
0.847765,0.6592
0.8488399999999999,0.6655429999999999
0.849914,0.671778
0.850988,0.677903
0.852063,0.6854499999999999
0.8531369999999999,0.6926680000000001
0.854212,0.699012
0.855286,0.7073240000000001
0.8563609999999999,0.715309
0.857435,0.723074
0.85851,0.7318239999999999
0.859584,0.7409020000000001
0.860659,0.749652
0.861733,0.75884
0.8628079999999999,0.7684650000000001
0.8638819999999999,0.778855
0.864957,0.7889179999999999
0.866031,0.798871
0.8671059999999999,0.8106829999999999
0.86818,0.82173
0.869255,0.832668
0.8703289999999999,0.845136
0.871404,0.857605
0.872478,0.8698549999999999
0.8735529999999999,0.882871
0.8746269999999999,0.89698
0.875702,0.910542
0.876776,0.92498
0.8778499999999999,0.939527
0.878925,0.954839
0.879999,0.970151
0.8810739999999999,0.986339
0.8821479999999999,1.003183
0.883223,1.020245
0.884297,1.037307
0.8853719999999999,1.055682
0.886446,1.074713
0.887521,1.093088
0.8885949999999999,1.113213
0.88967,1.133994
0.890744,1.154557
0.8918189999999999,1.176432
0.8928929999999999,1.198963
0.893968,1.222588
0.895042,1.246213
0.8961169999999999,1.269619
0.897191,1.295869
0.898266,1.3216809999999999
0.8993399999999999,1.347712
0.900415,1.376587
0.901489,1.405025
0.9025639999999999,1.433243
0.9036379999999999,1.464087
0.904713,1.496243
0.905787,1.5277429999999999
0.9068609999999999,1.5614299999999999
0.907936,1.595774
0.90901,1.63143
0.9100849999999999,1.667961
0.9111589999999999,1.705586
0.912234,1.7451789999999998
0.913308,1.78521
0.914383,1.826116
0.915457,1.8696469999999998
0.916532,1.914928
0.9176059999999999,1.959553
0.918681,2.00724
0.919755,2.0562400000000003
0.9208299999999999,2.106115
0.921904,2.1586149999999997
0.922979,2.2128650000000003
0.924053,2.269302
0.925128,2.326177
0.926202,2.386114
0.9272769999999999,2.449551
0.9283509999999999,2.513426
0.929426,2.579488
0.9305,2.648613
0.9315749999999999,2.720362
0.932649,2.79255
0.933724,2.867799
0.9347979999999999,2.9478609999999996
0.9358719999999999,3.0274859999999997
0.936947,3.111923
0.938021,3.199423
0.9390959999999999,3.28911
0.94017,3.379234
0.941245,3.3709219999999998
0.9423189999999999,3.358234
0.943394,3.350797
0.944468,3.342485
0.9455429999999999,3.338547
0.9466169999999999,3.32936
0.947692,3.3223599999999998
0.948766,3.317985
0.9498409999999999,3.308797
0.950915,3.302235
0.95199,3.29611
0.9530639999999999,3.2873599999999996
0.954139,3.281235
0.955213,3.274672
0.9562879999999999,3.265922
0.9573619999999999,3.2606729999999997
0.958437,3.25411
0.959511,3.2457979999999997
0.9605859999999999,3.241423
0.96166,3.23311
0.962735,3.22611
0.9638089999999999,3.222173
0.9648829999999999,3.21386
0.965958,3.2086099999999997
0.967032,3.203798
0.9681069999999999,3.195048
0.969181,3.19111
0.970256,3.185423
0.9713299999999999,3.1775480000000003
0.972405,3.174048
0.973479,3.167485
0.9745539999999999,3.160485
0.9756279999999999,3.157423
0.976703,3.149985
0.977777,3.144298
0.9788519999999999,3.141235
0.979926,3.133798
0.9810009999999999,3.129423
0.9820749999999999,3.1250479999999996
0.98315,3.118486
0.984224,3.114986
0.9852989999999999,3.1101729999999996
0.9863729999999999,3.103611
0.987448,3.100548
0.9885219999999999,3.0952979999999997
0.989597,3.0891729999999997
0.990671,3.087423
0.991745,3.080861
0.9928199999999999,3.076048
0.9938939999999999,3.073861
0.994969,3.067736
0.9960429999999999,3.062486
0.997118,3.060298
0.998192,3.053298
0.9992669999999999,3.0506729999999997
1.000341,3.046736
1.0014159999999999,3.041048
1.0024899999999999,3.038423
1.003565,3.034049
1.004639,3.028798
1.005714,3.027049
1.006788,3.0217989999999997
1.007863,3.017424
1.008937,3.0156739999999997
1.010012,3.009549
1.011086,3.006049
1.0121609999999999,3.004299
1.0132349999999999,2.998174
1.01431,2.995549
1.015384,2.992924
1.016459,2.986799
1.017533,2.985486
1.018608,2.9815490000000002
1.019682,2.976736
1.020756,2.975424
1.021831,2.970611
1.022905,2.966236
1.02398,2.964924
1.025054,2.959236
1.0261289999999998,2.9566109999999997
1.0272029999999999,2.9548609999999997
1.028278,2.949611
1.029352,2.946986
1.030427,2.9447989999999997
1.031501,2.939549
1.032576,2.9377989999999996
1.03365,2.9347359999999996
1.034725,2.9299239999999998
1.035799,2.9294860000000003
1.0368739999999999,2.924674
1.0379479999999999,2.9211739999999997
1.039023,2.9198609999999996
1.040097,2.915049
1.041172,2.912862
1.042246,2.910674
1.043321,2.905862
1.044395,2.9041119999999996
1.04547,2.9023619999999997
1.046544,2.896674
1.047618,2.8957990000000002
1.0486929999999999,2.892737
1.049767,2.888799
1.050842,2.888362
1.0519159999999999,2.8839870000000003
1.052991,2.880487
1.054065,2.8800489999999996
1.05514,2.874799
1.056214,2.873049
1.057289,2.872174
1.058363,2.866924
1.0594379999999999,2.8651739999999997
1.060512,2.8634239999999997
1.061587,2.858174
1.0626609999999999,2.857299
1.063736,2.854674
1.06481,2.8502989999999997
1.065885,2.849424
1.066959,2.8463619999999996
1.068034,2.8428620000000002
1.069108,2.843299
1.0701829999999999,2.839362
1.071257,2.835862
1.0723319999999998,2.834987
1.0734059999999999,2.831049
1.074481,2.828424
1.075555,2.827549
1.076629,2.823174
1.077704,2.821862
1.078778,2.820112
1.079853,2.815737
1.080927,2.815737
1.082002,2.812675
1.083076,2.808737
1.0841509999999999,2.808737
1.0852249999999999,2.805237
1.0863,2.802612
1.0873739999999998,2.8017369999999997
1.088449,2.7973619999999997
1.089523,2.796487
1.090598,2.794737
1.091672,2.791237
1.092747,2.789924
1.093821,2.788175
1.0948959999999999,2.7838
1.0959699999999999,2.784675
1.097045,2.781175
1.0981189999999998,2.777237
1.099194,2.777675
1.100268,2.774175
1.101343,2.771112
1.102417,2.7719869999999998
1.103492,2.767175
1.104566,2.765862
1.1056409999999999,2.7645500000000003
1.106715,2.7606119999999996
1.107789,2.759737
1.1088639999999998,2.758425
1.1099379999999999,2.754487
1.111013,2.75405
1.112087,2.751862
1.113162,2.748362
1.114236,2.747925
1.115311,2.7453
1.116385,2.7426749999999998
1.11746,2.7426749999999998
1.118534,2.7383
1.1196089999999999,2.736987
1.1206829999999999,2.7365500000000003
1.121758,2.7326119999999996
1.122832,2.7313
1.123907,2.730425
1.124981,2.726487
1.126056,2.726487
1.12713,2.7243
1.128205,2.720362
1.129279,2.7207999999999997
1.1303539999999999,2.718175
1.1314279999999999,2.7159869999999997
1.132503,2.716425
1.133577,2.71205
1.134652,2.7098619999999998
1.135726,2.7103
1.1368,2.705487
1.137875,2.705487
1.138949,2.7041749999999998
1.140024,2.700675
1.141098,2.700675
1.1421729999999999,2.6984879999999998
1.143247,2.695425
1.1443219999999998,2.695863
1.1453959999999999,2.6928
1.146471,2.690175
1.147545,2.690175
1.14862,2.686675
1.149694,2.6853629999999997
1.150769,2.684925
1.151843,2.681425
1.1529179999999999,2.68055
1.153992,2.680113
1.1550669999999998,2.675738
1.1561409999999999,2.6761749999999997
1.157216,2.673988
1.15829,2.6709249999999995
1.159365,2.671363
1.160439,2.6683
1.161514,2.6661129999999997
1.162588,2.667425
1.163663,2.6630499999999997
1.164737,2.661738
1.165811,2.661738
1.1668859999999999,2.6578
1.1679599999999999,2.6569249999999998
1.169035,2.6569249999999998
1.1701089999999998,2.65255
1.171184,2.6538630000000003
1.172258,2.6512379999999998
1.173333,2.647738
1.174407,2.648613
1.175482,2.646425
1.176556,2.642925
1.1776309999999999,2.6442379999999996
1.178705,2.6411749999999996
1.17978,2.6389880000000003
1.1808539999999998,2.639863
1.181929,2.6359250000000003
1.183003,2.635488
1.184078,2.6350499999999997
1.185152,2.631113
1.186227,2.63155
1.187301,2.6298
1.1883759999999999,2.625863
1.18945,2.626738
1.190525,2.624988
1.1915989999999999,2.6228000000000002
1.1926729999999999,2.6228000000000002
1.193748,2.620613
1.194822,2.618425
1.195897,2.618863
1.196971,2.6144879999999997
1.198046,2.61405
1.19912,2.6144879999999997
1.200195,2.61055
1.201269,2.61055
1.2023439999999999,2.609238
1.2034179999999999,2.605738
1.204493,2.607488
1.205567,2.604863
1.206642,2.601801
1.207716,2.602675
1.208791,2.5996129999999997
1.209865,2.5982999999999996
1.21094,2.599176
1.212014,2.595238
1.2130889999999999,2.593925
1.2141629999999999,2.594363
1.215238,2.5913
1.2163119999999998,2.5913
1.217387,2.589988
1.218461,2.5864879999999997
1.219535,2.5878
1.22061,2.585613
1.221684,2.58255
1.222759,2.583426
1.223833,2.5812380000000004
1.2249079999999999,2.57905
1.225982,2.579926
1.2270569999999998,2.576426
1.2281309999999999,2.57555
1.229206,2.575988
1.23028,2.572488
1.231355,2.572488
1.232429,2.5716129999999997
1.233504,2.568551
1.234578,2.568988
1.235653,2.5676759999999996
1.236727,2.5641760000000002
1.2378019999999998,2.5654879999999998
1.2388759999999999,2.563301
1.239951,2.561113
1.241025,2.5624260000000003
1.2421,2.558926
1.243174,2.558051
1.244249,2.558051
1.245323,2.5545509999999996
1.246397,2.554988
1.247472,2.5545509999999996
1.248546,2.551051
1.2496209999999999,2.551488
1.250695,2.550176
1.25177,2.547551
1.2528439999999998,2.547988
1.253919,2.5466759999999997
1.254993,2.544051
1.256068,2.544926
1.257142,2.5418629999999998
1.258217,2.540988
1.259291,2.541426
1.2603659999999999,2.5374879999999997
1.26144,2.5374879999999997
1.262515,2.5374879999999997
1.2635889999999999,2.533551
1.264664,2.535301
1.265738,2.533551
1.266813,2.530926
1.267887,2.5318009999999997
1.268962,2.530051
1.270036,2.527426
1.2711109999999999,2.529176
1.272185,2.525676
1.273259,2.524363
1.2743339999999999,2.525238
1.2754079999999999,2.5230509999999997
1.276483,2.521738
1.2775569999999998,2.522176
1.278632,2.5186759999999997
1.279706,2.519113
1.280781,2.518238
1.281855,2.514738
1.28293,2.516051
1.284004,2.514301
1.2850789999999999,2.512113
1.2861529999999999,2.512551
1.287228,2.510801
1.2883019999999998,2.509488
1.289377,2.510363
1.290451,2.506863
1.291526,2.506863
1.2926,2.506863
1.293675,2.5033630000000002
1.294749,2.504676
1.2958239999999999,2.502926
1.2968979999999999,2.500301
1.297973,2.501613
1.2990469999999998,2.499863
1.300122,2.497238
1.301196,2.498113
1.30227,2.495926
1.303345,2.4946129999999997
1.304419,2.495488
1.305494,2.492863
1.306568,2.492426
1.3076429999999999,2.492426
1.308717,2.489363
1.3097919999999998,2.4889259999999997
1.3108659999999999,2.489363
1.311941,2.485426
1.313015,2.486301
1.31409,2.484988
1.315164,2.482801
1.316239,2.484551
1.317313,2.481489
1.318388,2.480614
1.319462,2.481051
1.3205369999999998,2.4784260000000002
1.3216109999999999,2.477989
1.322686,2.4784260000000002
1.32376,2.474926
1.324835,2.475364
1.325909,2.475364
1.326984,2.471864
1.328058,2.4727379999999997
1.329133,2.471864
1.330207,2.469239
1.331281,2.470551
1.3323559999999999,2.467488
1.33343,2.466176
1.3345049999999998,2.467488
1.3355789999999998,2.464864
1.336654,2.464864
1.337728,2.464864
1.338803,2.461364
1.339877,2.462239
1.340952,2.461364
1.342026,2.458301
1.3431009999999999,2.459176
1.344175,2.458301
1.3452499999999998,2.456551
1.3463239999999999,2.457426
1.347399,2.454364
1.348473,2.453051
1.349548,2.4548010000000002
1.350622,2.4521759999999997
1.351697,2.450864
1.352771,2.452614
1.3538459999999999,2.449114
1.35492,2.449114
1.3559949999999998,2.4486760000000003
1.3570689999999999,2.445614
1.358144,2.446489
1.359218,2.4460509999999998
1.360293,2.442989
1.361367,2.444739
1.362441,2.442989
1.363516,2.4403639999999998
1.36459,2.442551
1.365665,2.4390509999999996
1.366739,2.438176
1.3678139999999999,2.439489
1.3688879999999999,2.436426
1.369963,2.436426
1.3710369999999998,2.436864
1.372112,2.433364
1.373186,2.434676
1.374261,2.433364
1.375335,2.431176
1.37641,2.432489
1.377484,2.430301
1.3785589999999999,2.428551
1.3796329999999999,2.4298640000000002
1.380708,2.4272389999999997
1.3817819999999998,2.426364
1.382857,2.4272389999999997
1.383931,2.4241759999999997
1.385006,2.424614
1.38608,2.424614
1.387155,2.4206760000000003
1.388229,2.422864
1.3893039999999999,2.421551
1.390378,2.418926
1.3914529999999998,2.4206760000000003
1.3925269999999998,2.418489
1.3936009999999999,2.416739
1.394676,2.417614
1.39575,2.415864
1.396825,2.414551
1.397899,2.416301
1.398974,2.4123639999999997
1.400048,2.4123639999999997
1.401123,2.412801
1.402197,2.409739
1.4032719999999999,2.410614
1.4043459999999999,2.410176
1.405421,2.4075509999999998
1.4064949999999998,2.408426
1.40757,2.4071139999999995
1.408644,2.405364
1.409719,2.406676
1.410793,2.404051
1.411868,2.402739
1.412942,2.404489
1.4140169999999999,2.400989
1.4150909999999999,2.400989
1.416166,2.401864
1.4172399999999998,2.398801
1.418315,2.3992389999999997
1.419389,2.398801
1.420463,2.396614
1.421538,2.397051
1.422612,2.3961759999999996
1.423687,2.393989
1.424761,2.395739
1.4258359999999999,2.393114
1.42691,2.391801
1.4279849999999998,2.393551
1.4290589999999999,2.3900509999999997
1.430134,2.3900509999999997
1.431208,2.3909260000000003
1.432283,2.387426
1.433357,2.388301
1.434432,2.388301
1.435506,2.385239
1.4365809999999999,2.386551
1.437655,2.385239
1.4387299999999998,2.383489
1.4398039999999999,2.384802
1.440879,2.382614
1.441953,2.3813009999999997
1.443028,2.382614
1.444102,2.3795509999999997
1.445177,2.3795509999999997
1.446251,2.380426
1.447325,2.376926
1.4484,2.3778010000000003
1.449474,2.3773639999999996
1.4505489999999999,2.374739
1.4516229999999999,2.376051
1.452698,2.3751770000000003
1.4537719999999998,2.3725519999999998
1.454847,2.374739
1.455921,2.3721140000000003
1.456996,2.370364
1.45807,2.371676
1.459145,2.369052
1.460219,2.369052
1.4612939999999999,2.369926
1.462368,2.366864
1.4634429999999998,2.367301
1.4645169999999998,2.366864
1.465592,2.364239
1.466666,2.3655519999999997
1.467741,2.364239
1.468815,2.362489
1.46989,2.3638019999999997
1.470964,2.362051
1.4720389999999999,2.3603020000000003
1.473113,2.361614
1.474187,2.3589890000000002
1.4752619999999999,2.358551
1.4763359999999999,2.359864
1.477411,2.356802
1.4784849999999998,2.356802
1.47956,2.357239
1.480634,2.354177
1.481709,2.355489
1.482783,2.3546139999999998
1.483858,2.351552
1.484932,2.3533020000000002
1.4860069999999999,2.351989
1.4870809999999999,2.3506769999999997
1.488156,2.351989
1.4892299999999998,2.348926
1.490305,2.348052
1.491379,2.349802
1.492454,2.3471770000000003
1.493528,2.3471770000000003
1.494603,2.347614
1.495677,2.3445519999999997
1.4967519999999999,2.344989
1.4978259999999999,2.3445519999999997
1.498901,2.342364
1.4999749999999998,2.3441140000000003
1.498901,2.3414889999999997
1.4978259999999999,2.340177
1.4967519999999999,2.341927
1.495677,2.339739
1.494603,2.339302
1.493528,2.339302
1.492454,2.336677
1.491379,2.3375519999999996
1.490305,2.3375519999999996
1.4892299999999998,2.334927
1.488156,2.3358019999999997
1.4870809999999999,2.3353639999999998
1.4860069999999999,2.332739
1.484932,2.3344889999999996
1.483858,2.332739
1.482783,2.331427
1.481709,2.332739
1.480634,2.330114
1.47956,2.3292390000000003
1.4784849999999998,2.330552
1.477411,2.327927
1.4763359999999999,2.327927
1.4752619999999999,2.3283639999999997
1.474187,2.325302
1.473113,2.3266139999999997
1.4720389999999999,2.326177
1.470964,2.323989
1.46989,2.324864
1.468815,2.323552
1.467741,2.321364
1.466666,2.323114
1.465592,2.321364
1.4645169999999998,2.320052
1.4634429999999998,2.321802
1.462368,2.318739
1.4612939999999999,2.319177
1.460219,2.319177
1.459145,2.3165519999999997
1.45807,2.3174270000000003
1.456996,2.3165519999999997
1.455921,2.313927
1.454847,2.315677
1.4537719999999998,2.3143640000000003
1.452698,2.312614
1.4516229999999999,2.313927
1.4505489999999999,2.312177
1.449474,2.3104270000000002
1.4484,2.312614
1.447325,2.3095519999999996
1.446251,2.3095519999999996
1.445177,2.3104270000000002
1.444102,2.306927
1.443028,2.308239
1.441953,2.308239
1.440879,2.305177
1.4398039999999999,2.306927
1.4387299999999998,2.305177
1.437655,2.303864
1.4365809999999999,2.305177
1.435506,2.303427
1.434432,2.302114
1.433357,2.303427
1.432283,2.300802
1.431208,2.300802
1.430134,2.3016769999999998
1.4290589999999999,2.2986139999999997
1.4279849999999998,2.299052
1.42691,2.299052
1.4258359999999999,2.297302
1.424761,2.297739
1.423687,2.296864
1.422612,2.2946769999999996
1.421538,2.296427
1.420463,2.2946769999999996
1.419389,2.293364
1.418315,2.295114
1.4172399999999998,2.292052
1.416166,2.292052
1.4150909999999999,2.293364
1.4140169999999999,2.290739
1.412942,2.290739
1.411868,2.290739
1.410793,2.288114
1.409719,2.2894270000000003
1.408644,2.288989
1.40757,2.287239
1.4064949999999998,2.288552
1.405421,2.286802
1.4043459999999999,2.285052
1.4032719999999999,2.286802
1.402197,2.284177
1.401123,2.2837389999999997
1.400048,2.285052
1.398974,2.282427
1.397899,2.282427
1.396825,2.282864
1.39575,2.280239
1.394676,2.281552
1.3936009999999999,2.280677
1.3925269999999998,2.2780519999999997
1.3914529999999998,2.280239
1.390378,2.277614
1.3893039999999999,2.276302
1.388229,2.278489
1.387155,2.276302
1.38608,2.275427
1.385006,2.276302
1.383931,2.2736769999999997
1.382857,2.2745520000000004
1.3817819999999998,2.274989
1.380708,2.271927
1.3796329999999999,2.272802
1.3785589999999999,2.272364
1.377484,2.270177
1.37641,2.2714890000000003
1.375335,2.270177
1.374261,2.2688639999999998
1.373186,2.2706139999999997
1.372112,2.2675520000000002
1.3710369999999998,2.2675520000000002
1.369963,2.2688639999999998
1.3688879999999999,2.265802
1.3678139999999999,2.266239
1.366739,2.2666769999999996
1.365665,2.264052
1.36459,2.265364
1.363516,2.264052
1.362441,2.2618639999999997
1.361367,2.264052
1.360293,2.262739
1.359218,2.2609899999999996
1.358144,2.262302
1.3570689999999999,2.259677
1.3559949999999998,2.259239
1.35492,2.260552
1.3538459999999999,2.25749
1.352771,2.2583640000000003
1.351697,2.259239
1.350622,2.2557389999999997
1.349548,2.256614
1.348473,2.256177
1.347399,2.25399
1.3463239999999999,2.256177
1.3452499999999998,2.254427
1.344175,2.253114
1.3431009999999999,2.254427
1.342026,2.252239
1.340952,2.2518019999999996
1.339877,2.253114
1.338803,2.249614
1.337728,2.250927
1.336654,2.251365
1.3355789999999998,2.248302
1.3345049999999998,2.249614
1.33343,2.249177
1.3323559999999999,2.246552
1.331281,2.247865
1.330207,2.246552
1.329133,2.244365
1.328058,2.246552
1.326984,2.244802
1.325909,2.243927
1.324835,2.245677
1.32376,2.2426150000000002
1.322686,2.2426150000000002
1.3216109999999999,2.2434890000000003
1.3205369999999998,2.240427
1.319462,2.24174
1.318388,2.241302
1.317313,2.238677
1.316239,2.240427
1.315164,2.239552
1.31409,2.237364
1.313015,2.239115
1.311941,2.237364
1.3108659999999999,2.236052
1.3097919999999998,2.237802
1.308717,2.2351769999999997
1.3076429999999999,2.235615
1.306568,2.236052
1.305494,2.233427
1.304419,2.233865
1.303345,2.233865
1.30227,2.2312399999999997
1.301196,2.232552
1.300122,2.232115
1.2990469999999998,2.22949
1.297973,2.2312399999999997
1.2968979999999999,2.22949
1.2958239999999999,2.229052
1.294749,2.2308019999999997
1.293675,2.228177
1.2926,2.2277400000000003
1.291526,2.228615
1.290451,2.225552
1.289377,2.226865
1.2883019999999998,2.226865
1.287228,2.22424
1.2861529999999999,2.225552
1.2850789999999999,2.2251149999999997
1.284004,2.222927
1.28293,2.22424
1.281855,2.2220519999999997
1.280781,2.221177
1.279706,2.223365
1.278632,2.2203019999999998
1.2775569999999998,2.22074
1.276483,2.221615
1.2754079999999999,2.21899
1.2743339999999999,2.219427
1.273259,2.21899
1.272185,2.216802
1.2711109999999999,2.218552
1.270036,2.217677
1.268962,2.215052
1.267887,2.21724
1.266813,2.2159269999999998
1.265738,2.214177
1.264664,2.2159269999999998
1.2635889999999999,2.213302
1.262515,2.213302
1.26144,2.2146150000000002
1.2603659999999999,2.211552
1.259291,2.2119899999999997
1.258217,2.212427
1.257142,2.2098020000000003
1.256068,2.211115
1.254993,2.2102399999999998
1.253919,2.20849
1.2528439999999998,2.2102399999999998
1.25177,2.20849
1.250695,2.2071769999999997
1.2496209999999999,2.20849
1.248546,2.206302
1.247472,2.205865
1.246397,2.2071769999999997
1.245323,2.20499
1.244249,2.20499
1.243174,2.205427
1.2421,2.202802
1.241025,2.204552
1.239951,2.204115
1.2388759999999999,2.201052
1.2378019999999998,2.202802
1.236727,2.201927
1.235653,2.200615
1.234578,2.201927
1.233504,2.1997400000000003
1.232429,2.198865
1.231355,2.200615
1.23028,2.19799
1.229206,2.198865
1.2281309999999999,2.199302
1.2270569999999998,2.19624
1.225982,2.1971149999999997
1.2249079999999999,2.197552
1.223833,2.19449
1.222759,2.196677
1.221684,2.194927
1.22061,2.193177
1.219535,2.194927
1.218461,2.19274
1.217387,2.1923019999999998
1.2163119999999998,2.193615
1.215238,2.190552
1.2141629999999999,2.191427
1.2130889999999999,2.191865
1.212014,2.18924
1.21094,2.190552
1.209865,2.190552
1.208791,2.1879269999999997
1.207716,2.18924
1.206642,2.188802
1.205567,2.186177
1.204493,2.1883649999999997
1.2034179999999999,2.186177
1.2023439999999999,2.18574
1.201269,2.187052
1.200195,2.1848650000000003
1.19912,2.1848650000000003
1.198046,2.18574
1.196971,2.183115
1.195897,2.184427
1.194822,2.184427
1.193748,2.1818020000000002
1.1926729999999999,2.182677
1.1915989999999999,2.1822399999999997
1.190525,2.180052
1.18945,2.1818020000000002
1.1883759999999999,2.180052
1.187301,2.179615
1.186227,2.181365
1.185152,2.177865
1.184078,2.178302
1.183003,2.1791769999999997
1.181929,2.176115
1.1808539999999998,2.177865
1.17978,2.177427
1.178705,2.174802
1.1776309999999999,2.176115
1.176556,2.175677
1.175482,2.1739270000000004
1.174407,2.1752399999999996
1.173333,2.1734899999999997
1.172258,2.1730519999999998
1.171184,2.174365
1.1701089999999998,2.1717400000000002
1.169035,2.1717400000000002
1.1679599999999999,2.1730519999999998
1.1668859999999999,2.169552
1.165811,2.170865
1.164737,2.170865
1.163663,2.16824
1.162588,2.170427
1.161514,2.1691149999999997
1.160439,2.1669270000000003
1.159365,2.1691149999999997
1.15829,2.1673649999999998
1.157216,2.165615
1.1561409999999999,2.167802
1.1550669999999998,2.165177
1.153992,2.16474
1.1529179999999999,2.1660519999999996
1.151843,2.163427
1.150769,2.164303
1.149694,2.16474
1.14862,2.161677
1.147545,2.163427
1.146471,2.162552
1.1453959999999999,2.1603649999999996
1.1443219999999998,2.162552
1.143247,2.160802
1.1421729999999999,2.15949
1.141098,2.16124
1.140024,2.158178
1.138949,2.1586149999999997
1.137875,2.15949
1.1368,2.1568650000000003
1.135726,2.158178
1.134652,2.15774
1.133577,2.155552
1.132503,2.1568650000000003
1.1314279999999999,2.156427
1.1303539999999999,2.1542399999999997
1.129279,2.15599
1.128205,2.154678
1.12713,2.153365
1.126056,2.154678
1.124981,2.15249
1.123907,2.15249
1.122832,2.153802
1.121758,2.1511769999999997
1.1206829999999999,2.151615
1.1196089999999999,2.152053
1.118534,2.1494269999999998
1.11746,2.15074
1.116385,2.150302
1.115311,2.148115
1.114236,2.1494269999999998
1.113162,2.148115
1.112087,2.146802
1.111013,2.1494269999999998
1.1099379999999999,2.146365
1.1088639999999998,2.146365
1.107789,2.147677
1.106715,2.145053
1.1056409999999999,2.1454899999999997
1.104566,2.145928
1.103492,2.14374
1.102417,2.144615
1.101343,2.144177
1.100268,2.141552
1.099194,2.14374
1.0981189999999998,2.1419900000000003
1.097045,2.141552
1.0959699999999999,2.142865
1.0948959999999999,2.14024
1.093821,2.14024
1.092747,2.141552
1.091672,2.138928
1.090598,2.138928
1.089523,2.1393649999999997
1.088449,2.137178
1.0873739999999998,2.13849
1.0863,2.13849
1.0852249999999999,2.135865
1.0841509999999999,2.137178
1.083076,2.13674
1.082002,2.13499
1.080927,2.1363030000000003
1.079853,2.134115
1.078778,2.134115
1.077704,2.1354279999999997
1.076629,2.132803
1.075555,2.132803
1.074481,2.13324
1.0734059999999999,2.131053
1.0723319999999998,2.1323649999999996
1.071257,2.131927
1.0701829999999999,2.12974
1.069108,2.131927
1.068034,2.1306149999999997
1.066959,2.128427
1.065885,2.131053
1.06481,2.1288650000000002
1.063736,2.12799
1.0626609999999999,2.129303
1.061587,2.1262399999999997
1.060512,2.1262399999999997
1.0594379999999999,2.128427
1.058363,2.125365
1.057289,2.126678
1.056214,2.1262399999999997
1.05514,2.123615
1.054065,2.125365
1.052991,2.1244899999999998
1.0519159999999999,2.12274
1.050842,2.1244899999999998
1.049767,2.12274
1.0486929999999999,2.122302
1.047618,2.124053
1.046544,2.121428
1.04547,2.121865
1.044395,2.122302
1.043321,2.119678
1.042246,2.12099
1.041172,2.120115
1.040097,2.118365
1.039023,2.119678
1.0379479999999999,2.11924
1.0368739999999999,2.116615
1.035799,2.1188029999999998
1.034725,2.116615
1.03365,2.116178
1.032576,2.1174899999999997
1.031501,2.1157399999999997
1.030427,2.115303
1.029352,2.116178
1.028278,2.113553
1.0272029999999999,2.114865
1.0261289999999998,2.1144279999999998
1.025054,2.113115
1.02398,2.113553
1.022905,2.113553
1.021831,2.1113649999999997
1.020756,2.113115
1.019682,2.111803
1.018608,2.11049
1.017533,2.111803
1.016459,2.109615
1.015384,2.109178
1.01431,2.11049
1.0132349999999999,2.107865
1.0121609999999999,2.10874
1.011086,2.109178
1.010012,2.106553
1.008937,2.1083030000000003
1.007863,2.107428
1.006788,2.1052400000000002
1.005714,2.107428
1.004639,2.106115
1.003565,2.1043649999999996
1.0024899999999999,2.106115
1.0014159999999999,2.103928
1.000341,2.10349
0.9992669999999999,2.104803
0.998192,2.1026149999999997
0.997118,2.103053
0.9960429999999999,2.103928
0.994969,2.1008649999999998
0.9938939999999999,2.1026149999999997
0.9928199999999999,2.10174
0.991745,2.09999
0.990671,2.10174
0.989597,2.09999
0.9885219999999999,2.098678
0.987448,2.1008649999999998
0.9863729999999999,2.098678
0.9852989999999999,2.09824
0.984224,2.099553
0.98315,2.096928
0.9820749999999999,2.097365
0.9810009999999999,2.097803
0.979926,2.095615
0.9788519999999999,2.0964899999999997
0.977777,2.0964899999999997
0.976703,2.094303
0.9756279999999999,2.096053
0.9745539999999999,2.094303
0.973479,2.09299
0.972405,2.095178
0.9713299999999999,2.09299
0.970256,2.092115
0.969181,2.093865
0.9681069999999999,2.091678
0.967032,2.091678
0.965958,2.0925529999999997
0.9648829999999999,2.0894899999999996
0.9638089999999999,2.09124
0.962735,2.0908029999999997
0.96166,2.088615
0.9605859999999999,2.090365
0.959511,2.0894899999999996
0.958437,2.0877399999999997
0.9573619999999999,2.0894899999999996
0.9562879999999999,2.087303
0.955213,2.086865
0.954139,2.088615
0.9530639999999999,2.0859900000000002
0.95199,2.0859900000000002
0.950915,2.087303
0.9498409999999999,2.084678
0.948766,2.0855529999999995
0.947692,2.0855529999999995
0.9466169999999999,2.082928
0.9455429999999999,2.085115
0.944468,2.083803
0.943394,2.08249
0.9423189999999999,2.0842400000000003
0.941245,2.082053
0.94017,2.081178
0.9390959999999999,2.082928
0.938021,2.0803030000000002
0.936947,2.0803030000000002
0.9358719999999999,2.082053
0.9347979999999999,2.079428
0.933724,2.079428
0.932649,1.998491
0.9315749999999999,1.9381160000000002
0.9305,1.879929
0.929426,1.821304
0.9283509999999999,1.763117
0.9272769999999999,1.708429
0.926202,1.65418
0.925128,1.6003669999999999
0.924053,1.550055
0.922979,1.4997429999999998
0.921904,1.4511809999999998
0.9208299999999999,1.404368
0.919755,1.358431
0.918681,1.313369
0.9176059999999999,1.270056
0.916532,1.228057
0.915457,1.187807
0.914383,1.147994
0.913308,1.109057
0.912234,1.0736199999999998
0.9111589999999999,1.037745
0.9100849999999999,1.001433
0.90901,0.9699329999999998
0.907936,0.9375579999999999
0.9068609999999999,0.905183
0.905787,0.874996
0.904713,0.8465579999999999
0.9036379999999999,0.8176829999999999
0.9025639999999999,0.790121
0.901489,0.764309
0.900415,0.738934
0.8993399999999999,0.713996
0.898266,0.6899339999999999
0.897191,0.668059
0.8961169999999999,0.645747
0.895042,0.623434
0.893968,0.603309
0.8928929999999999,0.583622
0.8918189999999999,0.563059
0.890744,0.545122
0.88967,0.527622
0.8885949999999999,0.509247
0.887521,0.492622
0.886446,0.47643499999999994
0.8853719999999999,0.46024699999999996
0.884297,0.445373
0.883223,0.430498
0.8821479999999999,0.416498
0.8810739999999999,0.402935
0.879999,0.388498
0.878925,0.376685
0.8778499999999999,0.364873
0.876776,0.351748
0.875702,0.34081
0.8746269999999999,0.329873
0.8735529999999999,0.318498
0.872478,0.307998
0.871404,0.29837299999999994
0.8703289999999999,0.287873
0.869255,0.278248
0.86818,0.269061
0.8671059999999999,0.26118600000000003
0.866031,0.251998
0.864957,0.24324800000000002
0.8638819999999999,0.23624799999999999
0.8628079999999999,0.228373
0.861733,0.219624
0.860659,0.21262399999999998
0.859584,0.206061
0.85851,0.198186
0.857435,0.19206099999999998
0.8563609999999999,0.18593600000000002
0.855286,0.179811
0.854212,0.173249
0.8531369999999999,0.167561
0.852063,0.161874
0.850988,0.15662399999999999
0.849914,0.150936
0.8488399999999999,0.146124
0.847765,0.141311
0.846691,0.136061
0.8456159999999999,0.132124
0.844542,0.127749
0.843467,0.122499
0.842393,0.118561
0.841318,0.11462399999999999
0.840244,0.11068700000000001
0.8391689999999999,0.10631199999999999
0.8380949999999999,0.102812
0.83702,0.09931205600000001
0.835946,0.09624956800000001
0.8348709999999999,0.09274958400000001
0.833797,0.08968709600000001
0.832722,0.086624616
0.8316479999999999,0.083124632
0.830573,0.08093714400000002
0.829499,0.07853090400000001
0.8284239999999999,0.07481216800000001
0.8273499999999999,0.07240592800000001
0.826275,0.07021843200000001
0.825201,0.067593448
0.8241259999999999,0.064968464
0.823052,0.062780972
0.821978,0.06081222800000001
0.8209029999999999,0.058405992000000004
0.8198289999999999,0.05599975200000001
0.818754,0.054468508000000006
0.81768,0.05249976800000001
0.8166049999999999,0.049874776
0.815531,0.048781032
0.814456,0.047249792000000006
0.8133819999999999,0.044843548000000004
0.812307,0.043531056000000005
0.811233,0.042218564
0.8101579999999999,0.04068732
0.8090839999999999,0.039046700000000004
0.808009,0.037296708000000005
0.806935,0.036421716
0.8058599999999999,0.034999844
0.804786,0.03346860200000001
0.803711,0.03292173
0.8026369999999999,0.03149986
0.801562,0.029640494
0.800488,0.029202996000000002
0.7994129999999999,0.028437374
0.7983389999999999,0.026796756000000005
0.797264,0.025921760000000002
0.79619,0.025265512000000004
0.795115,0.024171768000000003
0.794041,0.023296772
0.792967,0.022531150000000003
0.7918919999999999,0.021765528000000003
0.7908179999999999,0.007268768000000001
0.789743,0.010880752
0.788669,0.011675948000000002
0.787594,0.01145755
0.78652,0.010886352
0.785445,0.010326355000000002
0.7843709999999999,0.009704757
0.783296,0.00916156
0.782222,0.008556763
0.7811469999999999,0.007935165000000001
0.780073,0.007531966
0.778998,0.006988769000000001
0.777924,0.006439971000000001
0.776849,0.006131973000000001
0.775775,0.005639175000000001
0.7746999999999999,0.005140777
0.7736259999999999,0.004821578
0.772551,0.00440718
0.771477,0.004026382
0.7704019999999999,0.0037127830000000003
0.769328,0.003376785
0.768253,0.0029903860000000003
0.7671789999999999,0.002710388
0.766104,0.002407989
0.76503,0.0021671900000000003
0.7639549999999999,0.001898391
0.7628809999999999,0.001573593
0.761807,0.001483993
0.760732,0.001164794
0.7596579999999999,0.0008791960000000001
0.758583,0.000811996
0.757509,0.000599197
0.7564339999999999,0.00030239800000000005
0.7553599999999999,0.00012319900000000002
0.754285,0.0
0.753211,-0.000263198
0.7521359999999999,-0.000408798
0.751062,-0.000643997
0.749987,-0.000811996
0.7489129999999999,-0.000979995
0.747838,-0.001237594
0.746764,-0.001271194
0.7456889999999999,-0.001461593
0.7446149999999999,-0.001668792
0.74354,-0.0017135920000000001
0.742466,-0.0018759910000000002
0.7413909999999999,-0.002055191
0.740317,-0.00212239
0.739242,-0.0022455900000000004
0.7381679999999999,-0.002402389
0.737093,-0.002463989
0.736019,-0.002603988
0.734945,-0.0026711880000000006
0.7338699999999999,-0.0027327880000000003
0.732796,-0.002855987
0.731721,-0.0028727870000000003
0.7306469999999999,-0.0029791870000000003
0.729572,-0.003163986
0.728498,-0.0030519860000000005
0.7274229999999999,-0.0031695860000000003
0.726349,-0.003315185
0.725274,-0.0032591850000000004
0.7242,-0.0033095850000000003
0.723125,-0.0034663840000000003
0.722051,-0.003494384
0.720976,-0.0035615840000000005
0.7199019999999999,-0.0036287840000000003
0.718827,-0.003723983
0.717753,-0.0038303830000000006
0.7166779999999999,-0.0038079830000000005
0.715604,-0.003914382
0.714529,-0.004043182
0.713455,-0.0040039820000000005
0.71238,-0.004076782000000001
0.711306,-0.004272781
0.710231,-0.004194381
0.7091569999999999,-0.004261581
0.708083,-0.0043567810000000005
0.707008,-0.004362381
0.705934,-0.00445198
0.704859,-0.004479980000000001
0.703785,-0.00452478
0.70271,-0.004614379
0.7016359999999999,-0.00458078
0.700561,-0.004608779
0.699487,-0.004759979
0.6984119999999999,-0.004681579
0.697338,-0.0047375790000000004
0.696263,-0.0048271780000000005
0.695189,-0.004782379000000001
0.694114,-0.004765579
0.69304,-0.004911178
0.6919649999999999,-0.004860778
0.6908909999999999,-0.004866378
0.689816,-0.004888778000000001
0.688742,-0.004911178
0.6876669999999999,-0.004967178
0.686593,-0.004972778000000001
0.685518,-0.0050231780000000005
0.6844439999999999,-0.005146377000000001
0.683369,-0.005095977000000001
0.682295,-0.005174377000000001
0.6812199999999999,-0.0053199760000000006
0.6801459999999999,-0.005286376
0.679072,-0.0053367760000000005
0.677997,-0.005415176000000001
0.6769229999999999,-0.005465576000000001
0.675848,-0.005487976
0.674774,-0.0055271750000000005
0.6736989999999999,-0.005577575
0.6726249999999999,-0.005667175000000001
0.67155,-0.005605575
0.670476,-0.005661575
0.669401,-0.005807174
0.668327,-0.005739974
0.667252,-0.005756774000000001
0.6661779999999999,-0.005868774
0.665103,-0.005784774
0.664029,-0.005868774
0.6629539999999999,-0.005963973
0.66188,-0.0059135740000000004
0.660805,-0.005947174
0.659731,-0.006014373000000001
0.658656,-0.005975173
0.657582,-0.006031173
0.656507,-0.0060031730000000005
0.6554329999999999,-0.006075973000000001
0.654358,-0.006154373
0.653284,-0.006059173
0.6522089999999999,-0.0061823730000000006
0.651135,-0.006283172
0.650061,-0.0062271720000000004
0.648986,-0.006266372000000001
0.6479119999999999,-0.0064063720000000005
0.646837,-0.006383972000000001
0.645763,-0.006451171000000001
0.6446879999999999,-0.006535171
0.643614,-0.006523971000000001
0.642539,-0.006619171
0.641465,-0.006624771000000001
0.64039,-0.006680770000000001
0.639316,-0.00677597
0.638241,-0.006731170000000001
0.6371669999999999,-0.006831970000000001
0.636092,-0.006943969000000001
0.635018,-0.00685997
0.6339429999999999,-0.006899169
0.632869,-0.0070055690000000006
0.631794,-0.006977569
0.63072,-0.0070223690000000005
0.629645,-0.007100768
0.628571,-0.007139968
0.6274959999999999,-0.007167968
0.6264219999999999,-0.007156768000000001
0.625347,-0.007184768000000001
0.624273,-0.007296768
0.6231979999999999,-0.007223968000000001
0.622124,-0.007251968000000001
0.62105,-0.007358367000000001
0.6199749999999999,-0.007279968
0.6189009999999999,-0.007324768000000001
0.617826,-0.0074815670000000015
0.616752,-0.007453567000000001
0.6156769999999999,-0.007503966000000002
0.614603,-0.007627166000000001
0.613528,-0.0076383660000000015
0.6124539999999999,-0.007711166
0.611379,-0.007767166000000001
0.610305,-0.007839964999999999
0.6092299999999999,-0.007923965000000002
0.6081559999999999,-0.007918365
0.607081,-0.008002364000000001
0.606007,-0.008119964
0.604932,-0.008086364
0.603858,-0.008164764
0.602783,-0.008287963
0.6017089999999999,-0.008248763000000001
0.600634,-0.008315963000000001
0.59956,-0.008405563000000001
0.5984849999999999,-0.008427963
0.597411,-0.008472762000000002
0.596336,-0.008539963000000001
0.595262,-0.008584762000000001
0.5941879999999999,-0.008635162000000002
0.593113,-0.008635162000000002
0.592039,-0.008713562000000001
0.5909639999999999,-0.008825561
0.58989,-0.008763961
0.588815,-0.008819961000000001
0.587741,-0.008982361
0.586666,-0.00890956
0.585592,-0.008971161000000002
0.584517,-0.00907196
0.5834429999999999,-0.009127960000000001
0.582368,-0.00917276
0.581294,-0.009256759000000002
0.5802189999999999,-0.009307159
0.579145,-0.009424759000000001
0.57807,-0.009463959000000001
0.576996,-0.009531158
0.575921,-0.009699157
0.574847,-0.009659957000000002
0.573772,-0.009755157
0.5726979999999999,-0.009917557
0.571623,-0.009906357000000001
0.570549,-0.009928757000000002
0.5694739999999999,-0.010091156
0.5684,-0.010119155000000001
0.567326,-0.010231155
0.566251,-0.010309554
0.5651769999999999,-0.010337555
0.564102,-0.010410354
0.563028,-0.010455154000000001
0.5619529999999999,-0.010550354000000001
0.560879,-0.010667953
0.559804,-0.010639953
0.55873,-0.010718352
0.557655,-0.010869552
0.556581,-0.010869552
0.5555059999999999,-0.010903152000000001
0.5544319999999999,-0.011071151000000001
0.553357,-0.011043151
0.552283,-0.011115951
0.5512079999999999,-0.011199950000000002
0.550134,-0.011244751
0.549059,-0.01137355
0.5479849999999999,-0.011407150000000001
0.54691,-0.011507949000000002
0.545836,-0.011687148000000001
0.5447609999999999,-0.011681548000000002
0.5436869999999999,-0.011804748000000002
0.542612,-0.012000747
0.541538,-0.011995147000000001
0.540463,-0.012107146000000001
0.539389,-0.012291946000000002
0.538314,-0.012331146000000001
0.5372399999999999,-0.012437545000000001
0.5361659999999999,-0.012571944
0.535091,-0.012644745
0.534017,-0.012767944000000002
0.532942,-0.012801544000000002
0.531868,-0.012958343
0.530793,-0.013115143000000001
0.5297189999999999,-0.013148742000000001
0.528644,-0.013221542000000001
0.52757,-0.013434341
0.5264949999999999,-0.013434341
0.525421,-0.013551941000000001
0.524346,-0.013764739000000002
0.523272,-0.013759139
0.522197,-0.013859939000000002
0.521123,-0.013994339000000001
0.520048,-0.014072738000000001
0.5189739999999999,-0.014179138000000003
0.517899,-0.014268737
0.516825,-0.014414336
0.5157499999999999,-0.014554336000000001
0.514676,-0.014632736000000002
0.513601,-0.014767135
0.512527,-0.015013534000000002
0.511452,-0.015002334
0.510378,-0.015153534000000001
0.509304,-0.015439131000000002
0.5082289999999999,-0.015478332000000001
0.507155,-0.015640732
0.50608,-0.01582553
0.505006,-0.015915129000000004
0.503931,-0.01609433
0.502857,-0.016262329000000002
0.501782,-0.016385528
0.5007079999999999,-0.016587127000000004
0.499633,-0.016671127
0.498559,-0.016855926
0.497484,-0.017091126
0.49640999999999996,-0.017119124000000003
0.49533499999999997,-0.017292724000000002
0.49426099999999995,-0.017567124
0.49318599999999996,-0.017623122
0.492112,-0.017763122
0.491037,-0.018026320000000002
0.489963,-0.01811032
0.488888,-0.018289520000000004
0.48781399999999997,-0.018423918
0.486739,-0.018586318
0.48566499999999996,-0.018815918
0.48458999999999997,-0.018866316000000004
0.483516,-0.019095916
0.48244099999999995,-0.019347916000000003
0.481367,-0.019409514
0.48029299999999997,-0.019644712
0.479218,-0.019907912
0.47814399999999996,-0.020014312
0.47706899999999997,-0.020238310000000002
0.475995,-0.020518308000000002
0.47491999999999995,-0.020725508
0.473846,-0.020943908000000004
0.472771,-0.021190306000000003
0.471697,-0.021425504
0.470622,-0.021699904000000002
0.46954799999999997,-0.021873504000000002
0.468473,-0.022119902
0.46739899999999995,-0.0224223
0.46632399999999996,-0.022590302000000003
0.46525,-0.022825500000000002
0.464175,-0.023144698000000002
0.463101,-0.023323898000000003
0.462026,-0.023626296
0.460952,-0.023962296
0.459877,-0.024113494
0.45880299999999996,-0.024427094
0.45772799999999997,-0.024673492
0.456654,-0.02494789
0.45557899999999996,-0.02523349
0.454505,-0.025485488000000004
0.45343,-0.025799088000000005
0.452356,-0.026135084000000003
0.45128199999999996,-0.026308684000000002
0.45020699999999997,-0.026616684
0.449133,-0.027019882000000002
0.44805799999999996,-0.027232680000000002
0.446984,-0.02754628
0.445909,-0.028011078000000005
0.444835,-0.028263074000000003
0.44376,-0.028638274000000002
0.44268599999999997,-0.028996672
0.441611,-0.029366270000000003
0.44053699999999996,-0.029758268000000004
0.43946199999999996,-0.030111067999999998
0.438388,-0.030519866000000003
0.437313,-0.030962264
0.436239,-0.03127026200000001
0.435164,-0.031679062
0.43409,-0.03218866
0.433015,-0.03247425600000001
0.43194099999999996,-0.032955854
0.43086599999999997,-0.033476654
0.429792,-0.033818252
0.42871699999999996,-0.034299848
0.427643,-0.034747848000000005
0.426568,-0.035151044
0.425494,-0.035666244
0.42441999999999996,-0.03613104
0.42334499999999997,-0.036545436
0.422271,-0.03711103600000001
0.42119599999999996,-0.037519832
0.420122,-0.038007032
0.419047,-0.038628632
0.417973,-0.039026228
0.416898,-0.039502224
0.41582399999999997,-0.04012382400000001
0.414749,-0.040560620000000006
0.41367499999999996,-0.041081416
0.41259999999999997,-0.041613416
0.411526,-0.042162212000000004
0.41045099999999995,-0.042688612
0.409377,-0.043203808
0.408302,-0.043769408
0.407228,-0.044312604
0.406153,-0.044727004
0.40507899999999997,-0.045219800000000004
0.404004,-0.04581899600000001
0.40292999999999995,-0.046121396
0.40185499999999996,-0.046502192000000005
0.400781,-0.047045392
0.399706,-0.04733099200000001
0.398632,-0.047678188
0.397557,-0.048131788
0.396483,-0.048434188
0.39540899999999995,-0.048730984000000005
0.39433399999999996,-0.049106184000000004
0.39326,-0.048999784000000005
0.392185,-0.049327904000000006
0.391111,-0.05053102400000001
0.390036,-0.051515396000000005
0.388962,-0.05249976800000001
0.387887,-0.05315601200000001
0.38681299999999996,-0.054359132000000004
0.38573799999999997,-0.05567162800000001
0.384664,-0.056109124
0.38358899999999996,-0.057202872
0.382515,-0.059171612000000005
0.38144,-0.059718484
0.380366,-0.060702856000000006
0.379291,-0.062562224
0.37821699999999997,-0.06332784
0.377142,-0.064421588
0.37606799999999996,-0.066062208
0.37499299999999997,-0.067265328
0.373919,-0.06857782400000001
0.372844,-0.06989031200000001
0.37177,-0.071421552
0.370695,-0.073171552
0.369621,-0.07415592
0.368546,-0.075905912
0.36747199999999997,-0.07787465600000001
0.366398,-0.07885902400000001
0.365323,-0.08060902400000002
0.364249,-0.08268712800000001
0.363174,-0.08421837600000001
0.3621,-0.085640248
0.361025,-0.08793711200000001
0.35995099999999997,-0.090015224
0.358876,-0.09165584000000002
0.357802,-0.093515208
0.35672699999999996,-0.09581207200000001
0.355653,-0.098108944
0.354578,-0.099749552
0.353504,-0.102046
0.352429,-0.10489
0.351355,-0.10631199999999999
0.35028,-0.108608
0.34920599999999996,-0.11188999999999999
0.34813099999999997,-0.114077
0.347057,-0.11626500000000001
0.345982,-0.11932699999999999
0.344908,-0.122061
0.343833,-0.124686
0.342759,-0.12753
0.341684,-0.13059300000000001
0.34060999999999997,-0.13409300000000002
0.339536,-0.136608
0.338461,-0.139999
0.337387,-0.143936
0.336312,-0.146889
0.335238,-0.150171
0.334163,-0.15465500000000001
0.33308899999999997,-0.158155
0.332014,-0.161874
0.33094,-0.16635799999999998
0.32986499999999996,-0.170296
0.328791,-0.174342
0.327716,-0.17882699999999999
0.326642,-0.183639
0.325567,-0.18856099999999998
0.324493,-0.193046
0.323418,-0.197858
0.32234399999999996,-0.203764
0.32126899999999997,-0.20868599999999998
0.320195,-0.214155
0.31911999999999996,-0.220717
0.318046,-0.225967
0.316971,-0.232202
0.315897,-0.239092
0.314822,-0.24543600000000002
0.31374799999999997,-0.252327
0.312673,-0.259436
0.31159899999999996,-0.266983
0.310525,-0.274967
0.30945,-0.282186
0.308376,-0.29071699999999995
0.307301,-0.300014
0.30622699999999997,-0.308108
0.305152,-0.316967
0.30407799999999996,-0.327686
0.30300299999999997,-0.336764
0.301929,-0.34682599999999997
0.300854,-0.358092
0.29978,-0.369248
0.298705,-0.380404
0.297631,-0.392326
0.296556,-0.40534099999999995
0.29548199999999997,-0.418357
0.294407,-0.431373
0.293333,-0.44581
0.29225799999999996,-0.461341
0.291184,-0.476107
0.290109,-0.49229399999999995
0.289035,-0.510122
0.28796,-0.527185
0.286886,-0.545997
0.285811,-0.565794
0.28473699999999996,-0.5861379999999999
0.283663,-0.6074660000000001
0.282588,-0.6301059999999999
0.281514,-0.6543869999999999
0.280439,-0.679325
0.279365,-0.705028
0.27829,-0.732699
0.27721599999999996,-0.76223
0.27614099999999997,-0.7918709999999999
0.275067,-0.823918
0.273992,-0.859246
0.272918,-0.8941359999999999
0.271843,-0.931323
0.270769,-0.971355
0.269694,-1.013901
0.26861999999999997,-1.0572139999999999
0.267545,-1.103588
0.266471,-1.152151
0.26539599999999997,-1.203119
0.264322,-1.2558379999999998
0.263247,-1.312056
0.262173,-1.371118
0.261098,-1.430618
0.260024,-1.4938369999999999
0.258949,-1.5598990000000001
0.25787499999999997,-1.62618
0.2568,-1.694429
0.255726,-1.766179
0.254652,-1.838585
0.253577,-1.911428
0.252503,-1.989303
0.251428,-2.06499
0.25035399999999997,-2.142865
0.249279,-2.221177
0.24820499999999998,-2.300802
0.24713,-2.382614
0.246056,-2.462239
0.24498099999999998,-2.5436129999999997
0.24390699999999998,-2.625863
0.242832,-2.7059249999999997
0.241758,-2.786425
0.24068299999999998,-2.8682369999999997
0.239609,-2.9478609999999996
0.238534,-3.026173
0.23745999999999998,-3.103173
0.23638499999999998,-3.177985
0.235311,-3.251048
0.234236,-3.32061
0.23316199999999998,-3.387984
0.232087,-3.454047
0.231013,-3.513109
0.22993799999999998,-3.569109
0.22886399999999998,-3.622483
0.227789,-3.667546
0.226715,-3.7077959999999996
0.22564099999999998,-3.744545
0.224566,-3.772983
0.223492,-3.794858
0.222417,-3.8110449999999996
0.22134299999999998,-3.81892
0.220268,-3.8193580000000003
0.219194,-3.8110449999999996
0.21811899999999998,-3.797045
0.217045,-3.776483
0.21597,-3.74367
0.214896,-3.7064829999999995
0.21382099999999998,-3.661421
0.212747,-3.6058579999999996
0.211672,-3.542859
0.21059799999999998,-3.4746089999999996
0.209523,-3.395422
0.208449,-3.3092349999999997
0.207374,-3.2177979999999997
0.20629999999999998,-3.119361
0.205225,-3.014799
0.204151,-2.904549
0.20307599999999998,-2.789487
0.202002,-2.671363
0.200927,-2.547113
0.199853,-2.423301
0.19877799999999998,-2.296864
0.197704,-2.167802
0.19663,-2.039616
0.19555499999999998,-1.913178
0.194481,-1.7867419999999998
0.193406,-1.663367
0.192332,-1.545243
0.19125699999999998,-1.430618
0.190183,-1.320369
0.189108,-1.216682
0.18803399999999998,-1.1199949999999999
0.186959,-1.0298699999999998
0.185885,-0.9463079999999999
0.18481,-0.870621
0.18373599999999998,-0.803683
0.182661,-0.741121
0.181587,-0.686871
0.18051199999999998,-0.638747
0.179438,-0.5949969999999999
0.178363,-0.555622
0.177289,-0.5223720000000001
0.17621399999999998,-0.491747
0.17514,-0.46374699999999996
0.174065,-0.439248
0.172991,-0.417373
0.17191599999999999,-0.39681
0.170842,-0.37887299999999996
0.169768,-0.362248
0.16869299999999998,-0.347373
0.167619,-0.332061
0.166544,-0.318936
0.16547,-0.30756100000000003
0.16439499999999999,-0.295311
0.163321,-0.284373
0.162246,-0.275623
0.16117199999999998,-0.26599799999999996
0.160097,-0.256811
0.159023,-0.249811
0.157948,-0.242373
0.15687399999999999,-0.235373
0.155799,-0.228373
0.154725,-0.222686
0.15364999999999998,-0.217436
0.152576,-0.21087399999999998
0.151501,-0.205186
0.150427,-0.200811
0.14935199999999998,-0.195124
0.148278,-0.189874
0.147203,-0.186374
0.14612899999999998,-0.180686
0.145054,-0.17543599999999998
0.14398,-0.17193599999999998
0.142905,-0.167561
0.14183099999999998,-0.162749
0.140757,-0.158811
0.139682,-0.155749
0.13860799999999998,-0.152249
0.137533,-0.14743599999999998
0.136459,-0.144811
0.135384,-0.142186
0.13430999999999998,-0.137811
0.133235,-0.135186
0.132161,-0.13256099999999998
0.13108599999999998,-0.12906099999999998
0.130012,-0.125561
0.128937,-0.12381099999999999
0.127863,-0.120749
0.12678799999999998,-0.117686
0.125714,-0.11549899999999999
0.124639,-0.112874
0.123565,-0.11068700000000001
0.12248999999999999,-0.10806199999999999
0.121416,-0.10631199999999999
0.12034099999999999,-0.104999
0.119267,-0.102812
0.11819199999999999,-0.100624
0.117118,-0.100624
0.116043,-0.098437064
0.11496899999999999,-0.09668707200000001
0.113894,-0.09668707200000001
0.11281999999999999,-0.09624956800000001
0.111746,-0.09449958400000001
0.11067099999999999,-0.09406208
0.109597,-0.09406208
0.108522,-0.09340584000000002
0.107448,-0.09209334400000001
0.106373,-0.09209334400000001
0.10529899999999999,-0.092312088
0.104224,-0.090780848
0.10314999999999999,-0.09056209600000001
0.102075,-0.09143709600000001
0.101001,-0.09056209600000001
0.099926736,-0.08968709600000001
0.098852256,-0.09034335200000002
0.09777777600000001,-0.089905856
0.09670329600000001,-0.08946835200000001
0.095628816,-0.08946835200000001
0.094554336,-0.08946835200000001
0.093479848,-0.089030856
0.092405368,-0.08859336000000001
0.09133089600000001,-0.088812104
0.09025640800000001,-0.089030856
0.08918192800000001,-0.088155856
0.088107448,-0.08793711200000001
0.087032968,-0.08859336000000001
0.08595848,-0.08793711200000001
0.084884,-0.08771836
0.08380952800000001,-0.08859336000000001
0.08273504000000001,-0.088155856
0.08166056000000001,-0.087280856
0.08058607200000001,-0.08771836
0.0795116,-0.08793711200000001
0.07843712,-0.087499616
0.077362632,-0.086843368
0.07628816000000001,-0.087280856
0.07521367200000001,-0.08771836
0.074139192,-0.08640587200000001
0.073064712,-0.08640587200000001
0.071990232,-0.087280856
0.070915752,-0.08618711200000001
0.069841264,-0.08553087200000001
0.068766784,-0.086624616
0.067692312,-0.085968368
0.066617824,-0.085093368
0.065543348,-0.08553087200000001
0.06446886,-0.08553087200000001
0.063394384,-0.08531212
0.062319900000000004,-0.08487462400000001
0.06124542,-0.085093368
0.060170940000000006,-0.08531212
0.05909646,-0.08421837600000001
0.058021976,-0.08421837600000001
0.056947496,-0.085093368
0.055873016000000005,-0.08421837600000001
0.054798532000000004,-0.083343384
0.053724056000000006,-0.084437128
0.052649572000000006,-0.083343384
0.051575092,-0.083124632
0.050500608,-0.083343384
0.049426128,-0.083124632
0.048351648000000004,-0.082468384
0.047277168,-0.08181213600000001
0.046202684,-0.08203088800000001
0.045128204000000005,-0.08203088800000001
0.044053724,-0.08093714400000002
0.04297924,-0.08093714400000002
0.041904764000000004,-0.08181213600000001
0.040830280000000004,-0.08049964
0.0397558,-0.079624648
0.038681316,-0.08093714400000002
0.037606836000000005,-0.079624648
0.036532356,-0.078749648
0.035457876,-0.079405896
0.034383392,-0.07896840000000001
0.033308912,-0.07853090400000001
0.03223443,-0.07787465600000001
0.031159950000000002,-0.07853090400000001
0.030085470000000003,-0.07809340000000001
0.029010988,-0.077218408
0.027936508000000002,-0.07699965600000001
0.026862028000000003,-0.07809340000000001
0.025787546,-0.076780904
0.024713064,-0.07634341600000001
0.023638584,-0.077218408
0.022564102000000003,-0.07634341600000001
0.02148962,-0.07546841600000001
0.020415140000000002,-0.076124664
0.019340658,-0.075905912
0.018266178,-0.07503092
0.017191696,-0.07503092
0.016117215,-0.07524966400000001
0.015042735000000002,-0.07524966400000001
0.013968254000000001,-0.07415592
0.012893773,-0.07393717600000001
0.011819292,-0.07481216800000001
0.01074481,-0.073718424
0.009670329,-0.073499672
0.008595848,-0.073718424
0.007521367,-0.07328092000000001
0.006446886000000001,-0.071968432
0.005372405,-0.072843432
0.004297924,-0.07240592800000001
0.0032234430000000003,-0.07174968000000001
0.002148962,-0.071530936
0.001074481,-0.07174968000000001
0.0,-0.071530936
-0.001074481,-0.07328092000000001
-0.002148962,-0.071968432
-0.0032234430000000003,-0.071968432
-0.004297924,-0.07043719200000001
-0.005372405,-0.07021843200000001
-0.006446886000000001,-0.07109343200000001
-0.007521367,-0.07021843200000001
-0.008595848,-0.06956219200000001
-0.009670329,-0.070655936
-0.01074481,-0.069999688
-0.011819292,-0.06912468800000002
-0.012893773,-0.06956219200000001
-0.013968254000000001,-0.06934344800000002
-0.015042735000000002,-0.06956219200000001
-0.016117215,-0.06846844800000002
-0.017191696,-0.06890594400000001
-0.018266178,-0.06956219200000001
-0.019340658,-0.068030952
-0.020415140000000002,-0.068030952
-0.02148962,-0.06912468800000002
-0.022564102000000003,-0.068030952
-0.023638584,-0.067155952
-0.024713064,-0.068249696
-0.025787546,-0.0678122
-0.026862028000000003,-0.066718452
-0.027936508000000002,-0.067155952
-0.029010988,-0.067155952
-0.030085470000000003,-0.06693720400000001
-0.031159950000000002,-0.066062208
-0.03223443,-0.066499704
-0.033308912,-0.066499704
-0.034383392,-0.065624704
-0.035457876,-0.065624704
-0.036532356,-0.066499704
-0.037606836000000005,-0.06540596000000001
-0.038681316,-0.064968464
-0.0397558,-0.066062208
-0.040830280000000004,-0.06540596000000001
-0.041904764000000004,-0.064968464
-0.04297924,-0.06518721200000001
-0.044053724,-0.06540596000000001
-0.045128204000000005,-0.064968464
-0.046202684,-0.06431221200000001
-0.047277168,-0.06474971600000001
-0.048351648000000004,-0.06474971600000001
-0.049426128,-0.064093464
-0.050500608,-0.06431221200000001
-0.051575092,-0.06518721200000001
-0.052649572000000006,-0.06387471600000001
-0.053724056000000006,-0.06343722
-0.054798532000000004,-0.06453096000000001
-0.055873016000000005,-0.06365596800000001
-0.056947496,-0.06321846800000001
-0.058021976,-0.06343722
-0.05909646,-0.06365596800000001
-0.060170940000000006,-0.06299972
-0.06124542,-0.062562224
-0.062319900000000004,-0.062562224
-0.063394384,-0.06299972
-0.06446886,-0.06168722800000001
-0.065543348,-0.061905976
-0.066617824,-0.062780972
-0.067692312,-0.06146848
-0.068766784,-0.06103097600000001
-0.069841264,-0.06234347600000001
-0.070915752,-0.06168722800000001
-0.071990232,-0.06059348
-0.073064712,-0.06168722800000001
-0.074139192,-0.06146848
-0.07521367200000001,-0.06103097600000001
-0.07628816000000001,-0.061249732
-0.077362632,-0.061249732
-0.07843712,-0.06146848
-0.0795116,-0.06015598400000001
-0.08058607200000001,-0.06015598400000001
-0.08166056000000001,-0.061249732
-0.08273504000000001,-0.06015598400000001
-0.08380952800000001,-0.06015598400000001
-0.084884,-0.061249732
-0.08595848,-0.06103097600000001
-0.087032968,-0.059499736000000004
-0.088107448,-0.06015598400000001
-0.08918192800000001,-0.060374732
-0.09025640800000001,-0.059499736000000004
-0.09133089600000001,-0.059718484
-0.092405368,-0.05993723200000001
-0.093479848,-0.059280988
-0.094554336,-0.058405992000000004
-0.095628816,-0.058843488000000006
-0.09670329600000001,-0.059499736000000004
-0.09777777600000001,-0.058405992000000004
-0.098852256,-0.057968492
-0.099926736,-0.059062236000000004
-0.101001,-0.058187244
-0.102075,-0.056874748
-0.10314999999999999,-0.058405992000000004
-0.104224,-0.058187244
-0.10529899999999999,-0.056874748
-0.106373,-0.057749744
-0.107448,-0.057749744
-0.108522,-0.05753099600000001
-0.109597,-0.056874748
-0.11067099999999999,-0.05753099600000001
-0.111746,-0.057749744
-0.11281999999999999,-0.056874748
-0.113894,-0.056656
-0.11496899999999999,-0.057749744
-0.116043,-0.05643725200000001
-0.117118,-0.055781004
-0.11819199999999999,-0.056656
-0.119267,-0.056874748
-0.12034099999999999,-0.055781004
-0.121416,-0.055781004
-0.12248999999999999,-0.05599975200000001
-0.123565,-0.056218500000000005
-0.124639,-0.055562252000000006
-0.125714,-0.055124752000000006
-0.12678799999999998,-0.05599975200000001
-0.127863,-0.054468508000000006
-0.128937,-0.054468508000000006
-0.130012,-0.055343504
-0.13108599999999998,-0.054468508000000006
-0.132161,-0.054031012
-0.133235,-0.055124752000000006
-0.13430999999999998,-0.054906008000000006
-0.135384,-0.05337476
-0.136459,-0.05359351200000001
-0.137533,-0.054468508000000006
-0.13860799999999998,-0.05337476
-0.139682,-0.05315601200000001
-0.140757,-0.05337476
-0.14183099999999998,-0.054031012
-0.142905,-0.05249976800000001
-0.14398,-0.052281016
-0.145054,-0.05359351200000001
-0.14612899999999998,-0.052281016
-0.147203,-0.052281016
-0.148278,-0.05359351200000001
-0.14935199999999998,-0.05315601200000001
-0.150427,-0.051843520000000004
-0.151501,-0.052281016
-0.152576,-0.051843520000000004
-0.15364999999999998,-0.05162476800000001
-0.154725,-0.051187276000000004
-0.155799,-0.051406020000000004
-0.15687399999999999,-0.051843520000000004
-0.157948,-0.050749776
-0.159023,-0.050312276
-0.160097,-0.051187276000000004
-0.16117199999999998,-0.050312276
-0.162246,-0.050093528000000005
-0.163321,-0.051187276000000004
-0.16439499999999999,-0.05096852400000001
-0.16547,-0.049656028000000005
-0.166544,-0.05053102400000001
-0.167619,-0.050093528000000005
-0.16869299999999998,-0.049656028000000005
-0.169768,-0.049218532
-0.170842,-0.049874776
-0.17191599999999999,-0.050093528000000005
-0.172991,-0.048999784000000005
-0.174065,-0.048999784000000005
-0.17514,-0.049874776
-0.17621399999999998,-0.048999784000000005
-0.177289,-0.048343536000000006
-0.178363,-0.049218532
-0.179438,-0.048124784000000004
-0.18051199999999998,-0.048781032
-0.181587,-0.048562284000000004
-0.182661,-0.048999784000000005
-0.18373599999999998,-0.048343536000000006
-0.18481,-0.047906036000000006
-0.185885,-0.048781032
-0.186959,-0.048562284000000004
-0.18803399999999998,-0.047906036000000006
-0.189108,-0.047468540000000004
-0.190183,-0.048781032
-0.19125699999999998,-0.047249792000000006
-0.192332,-0.046593544
-0.193406,-0.047687288
-0.194481,-0.04703104
-0.19555499999999998,-0.047249792000000006
-0.19663,-0.047468540000000004
-0.197704,-0.047249792000000006
-0.19877799999999998,-0.046812292000000005
-0.199853,-0.046593544
