Potential (V),Current (uA)
-0.199853,-0.027999876000000003
-0.19877799999999998,-0.013999938000000002
-0.197704,-0.013999938000000002
-0.19663,-0.013999938000000002
-0.19555499999999998,-0.013999938000000002
-0.194481,-0.013999938000000002
-0.193406,-0.006999969000000001
-0.192332,-0.006999969000000001
-0.19125699999999998,-0.006999969000000001
-0.190183,-0.0034999840000000003
-0.189108,-0.0034999840000000003
-0.18803399999999998,-0.0034999840000000003
-0.186959,-0.0026249880000000004
-0.185885,-0.0026249880000000004
-0.18481,-0.0026249880000000004
-0.18373599999999998,-0.0021874900000000003
-0.182661,-0.0021874900000000003
-0.181587,-0.0021874900000000003
-0.18051199999999998,-0.001531243
-0.179438,-0.001531243
-0.178363,-0.001531243
-0.177289,-0.001203119
-0.17621399999999998,-0.001203119
-0.17514,-0.0010937450000000001
-0.174065,-2.2399902000000004e-05
-0.172991,-6.7199712e-05
-0.17191599999999999,-3.3599856e-05
-0.170842,2.2399902000000004e-05
-0.169768,6.159973199999999e-05
-0.16869299999999998,0.000128799
-0.167619,0.00017359900000000003
-0.166544,0.00024079800000000002
-0.16547,0.000285598
-0.16439499999999999,0.00031919800000000003
-0.163321,0.00038079800000000006
-0.162246,0.00042559800000000007
-0.16117199999999998,0.00044239800000000004
-0.160097,0.000498397
-0.159023,0.000543197
-0.157948,0.000559997
-0.15687399999999999,0.000610397
-0.155799,0.000643997
-0.154725,0.000677597
-0.15364999999999998,0.0007111960000000001
-0.152576,0.0007279960000000001
-0.151501,0.000767196
-0.150427,0.0007951960000000001
-0.14935199999999998,0.0008063960000000001
-0.148278,0.0008511960000000001
-0.147203,0.0008791960000000001
-0.14612899999999998,0.000873596
-0.145054,0.000912796
-0.14398,0.0009407950000000001
-0.142905,0.0009519950000000001
-0.14183099999999998,0.0009743950000000001
-0.140757,0.0009967950000000002
-0.139682,0.0010135950000000002
-0.13860799999999998,0.0010303950000000001
-0.137533,0.001035995
-0.136459,0.001080795
-0.135384,0.0010919950000000001
-0.13430999999999998,0.0010919950000000001
-0.133235,0.001131195
-0.132161,0.001147995
-0.13108599999999998,0.0011423950000000003
-0.130012,0.001181594
-0.128937,0.001198394
-0.127863,0.001198394
-0.12678799999999998,0.0012319940000000001
-0.125714,0.0012487940000000001
-0.124639,0.0012599940000000002
-0.123565,0.001271194
-0.12248999999999999,0.001287994
-0.121416,0.001304794
-0.12034099999999999,0.001321594
-0.119267,0.001321594
-0.11819199999999999,0.001355194
-0.117118,0.001360794
-0.116043,0.0013495940000000002
-0.11496899999999999,0.0013831930000000002
-0.113894,0.001394393
-0.11281999999999999,0.0013887930000000001
-0.111746,0.0014055930000000001
-0.11067099999999999,0.001422393
-0.109597,0.001427993
-0.108522,0.0014391930000000003
-0.107448,0.001444793
-0.106373,0.0014559930000000003
-0.10529899999999999,0.001467193
-0.104224,0.001467193
-0.10314999999999999,0.001483993
-0.102075,0.0015063930000000002
-0.101001,0.0014951930000000001
-0.099926736,0.0015231930000000002
-0.098852256,0.001534393
-0.09777777600000001,0.001528793
-0.09670329600000001,0.001551193
-0.095628816,0.0015623930000000002
-0.094554336,0.001573593
-0.093479848,0.001590393
-0.092405368,0.001590393
-0.09133089600000001,0.0016071920000000001
-0.09025640800000001,0.0016127920000000003
-0.08918192800000001,0.0016127920000000003
-0.088107448,0.001640792
-0.087032968,0.0016519920000000001
-0.08595848,0.001640792
-0.084884,0.001668792
-0.08380952800000001,0.001674392
-0.08273504000000001,0.0016631920000000002
-0.08166056000000001,0.001691192
-0.08058607200000001,0.0016967920000000001
-0.0795116,0.0017023920000000003
-0.07843712,0.001707992
-0.077362632,0.0017191920000000002
-0.07628816000000001,0.001730392
-0.07521367200000001,0.0017359920000000002
-0.074139192,0.0017359920000000002
-0.073064712,0.0017583920000000001
-0.071990232,0.001763992
-0.070915752,0.0017527920000000002
-0.069841264,0.0017807920000000002
-0.068766784,0.0017863920000000001
-0.067692312,0.0017807920000000002
-0.066617824,0.0018031920000000001
-0.065543348,0.0018143920000000002
-0.06446886,0.0018143920000000002
-0.063394384,0.0018311920000000001
-0.062319900000000004,0.001847991
-0.06124542,0.0018591910000000003
-0.060170940000000006,0.0018703910000000001
-0.05909646,0.0018703910000000001
-0.058021976,0.001892791
-0.056947496,0.001903991
-0.055873016000000005,0.001903991
-0.054798532000000004,0.0019319909999999999
-0.053724056000000006,0.001948791
-0.052649572000000006,0.001937591
-0.051575092,0.0019599910000000003
-0.050500608,0.001982391
-0.049426128,0.001982391
-0.048351648000000004,0.002004791
-0.047277168,0.002004791
-0.046202684,0.002021591
-0.045128204000000005,0.0020327910000000004
-0.044053724,0.0020383910000000005
-0.04297924,0.0020607900000000003
-0.041904764000000004,0.00207199
-0.040830280000000004,0.00207199
-0.0397558,0.0020999900000000004
-0.038681316,0.00211119
-0.037606836000000005,0.00210559
-0.036532356,0.0021391900000000004
-0.035457876,0.00215039
-0.034383392,0.00214479
-0.033308912,0.0021839900000000002
-0.03223443,0.00218959
-0.031159950000000002,0.00220079
-0.030085470000000003,0.00221759
-0.029010988,0.00223439
-0.027936508000000002,0.0022511900000000006
-0.026862028000000003,0.0022791900000000004
-0.025787546,0.0022847900000000005
-0.024713064,0.0023127890000000004
-0.023638584,0.0023239890000000003
-0.022564102000000003,0.0023239890000000003
-0.02148962,0.002363189
-0.020415140000000002,0.0023799890000000003
-0.019340658,0.0023799890000000003
-0.018266178,0.0024135890000000003
-0.017191696,0.002435989
-0.016117215,0.002441589
-0.015042735000000002,0.002463989
-0.013968254000000001,0.002475189
-0.012893773,0.002497589
-0.011819292,0.0025199890000000003
-0.01074481,0.0025255880000000005
-0.009670329,0.0025535880000000003
-0.008595848,0.002575988
-0.007521367,0.002575988
-0.006446886000000001,0.002615188
-0.005372405,0.002637588
-0.004297924,0.0026319880000000005
-0.0032234430000000003,0.0026655880000000004
-0.002148962,0.002687988
-0.001074481,0.0026991880000000004
0.0,0.002727188
0.001074481,0.0027383880000000005
0.002148962,0.0027663870000000004
0.0032234430000000003,0.002794387
0.004297924,0.0028111870000000006
0.005372405,0.0028447870000000005
0.006446886000000001,0.0028727870000000003
0.007521367,0.002883987
0.008595848,0.002917587
0.009670329,0.0029511870000000005
0.01074481,0.0029623870000000004
0.011819292,0.003001586
0.012893773,0.003029586
0.013968254000000001,0.0030463860000000003
0.015042735000000002,0.0030799860000000003
0.016117215,0.0030967860000000002
0.017191696,0.003130386
0.018266178,0.0031695860000000003
0.019340658,0.003180786
0.020415140000000002,0.0032255850000000004
0.02148962,0.003247985
0.022564102000000003,0.0032591850000000004
0.023638584,0.003303985
0.024713064,0.003337585
0.025787546,0.0033431850000000003
0.026862028000000003,0.003393585
0.027936508000000002,0.0034215850000000004
0.029010988,0.0034383840000000005
0.030085470000000003,0.0034831840000000003
0.031159950000000002,0.0035055840000000004
0.03223443,0.003533584
0.033308912,0.0035727840000000003
0.034383392,0.003600784
0.035457876,0.0036455840000000003
0.036532356,0.0036735830000000002
0.037606836000000005,0.0037015830000000005
0.038681316,0.0037463830000000007
0.0397558,0.0037855830000000004
0.040830280000000004,0.0038079830000000005
0.041904764000000004,0.0038583830000000004
0.04297924,0.003897582
0.044053724,0.003925582
0.045128204000000005,0.003970382000000001
0.046202684,0.0040039820000000005
0.047277168,0.004048782000000001
0.048351648000000004,0.004082382
0.049426128,0.004115982000000001
0.050500608,0.004166381
0.051575092,0.0042111810000000005
0.052649572000000006,0.004233581
0.053724056000000006,0.004289581000000001
0.054798532000000004,0.004328781000000001
0.055873016000000005,0.0043567810000000005
0.056947496,0.004412780000000001
0.058021976,0.00445198
0.05909646,0.004479980000000001
0.060170940000000006,0.004541580000000001
0.06124542,0.004569580000000001
0.062319900000000004,0.004614379
0.063394384,0.004664779000000001
0.06446886,0.004698379
0.065543348,0.004748779000000001
0.066617824,0.004793579
0.067692312,0.0048271780000000005
0.068766784,0.0048943780000000004
0.069841264,0.004933578
0.070915752,0.004972778000000001
0.071990232,0.0050399780000000005
0.073064712,0.005084777
0.074139192,0.005123977
0.07521367200000001,0.005191177
0.07628816000000001,0.005241577000000001
0.077362632,0.005286376
0.07843712,0.005347976000000001
0.0795116,0.005398376000000001
0.08058607200000001,0.005454376
0.08166056000000001,0.005515975000000001
0.08273504000000001,0.0055607750000000004
0.08380952800000001,0.005622375000000001
0.084884,0.005683975
0.08595848,0.005728775
0.087032968,0.005801574
0.088107448,0.0058631740000000005
0.08918192800000001,0.005902374000000001
0.09025640800000001,0.005975173
0.09133089600000001,0.0060367730000000005
0.092405368,0.006087173
0.093479848,0.006154373
0.094554336,0.006204772
0.095628816,0.006277572
0.09670329600000001,0.0063391720000000006
0.09777777600000001,0.0063895720000000005
0.098852256,0.006473571
0.099926736,0.0065295710000000005
0.101001,0.006579971
0.102075,0.006663970000000001
0.10314999999999999,0.00673677
0.104224,0.00679277
0.10529899999999999,0.006876769000000001
0.106373,0.006943969000000001
0.107448,0.0070055690000000006
0.108522,0.007089569000000001
0.109597,0.007156768000000001
0.11067099999999999,0.0072295680000000005
0.111746,0.007313568
0.11281999999999999,0.007380767
0.113894,0.007470367000000001
0.11496899999999999,0.007548766
0.116043,0.007604767000000001
0.117118,0.007699966
0.11819199999999999,0.007783965000000001
0.119267,0.007851165
0.12034099999999999,0.007951964
0.121416,0.008030365000000001
0.12248999999999999,0.008097564000000002
0.123565,0.008192764
0.124639,0.008271163000000002
0.125714,0.008349563
0.12678799999999998,0.008444762000000001
0.127863,0.008517563
0.128937,0.008612762000000001
0.130012,0.008702362
0.13108599999999998,0.008775161
0.132161,0.008881561
0.133235,0.008971161000000002
0.13430999999999998,0.00904396
0.135384,0.009150360000000001
0.136459,0.009234359000000001
0.137533,0.009335158999999999
0.13860799999999998,0.009441559
0.139682,0.009531158
0.140757,0.009631958000000001
0.14183099999999998,0.009738357000000001
0.142905,0.009833556000000002
0.14398,0.009939957000000001
0.145054,0.010051956
0.14612899999999998,0.010141555000000002
0.147203,0.010264754000000001
0.148278,0.010382355000000001
0.14935199999999998,0.010466354
0.150427,0.010600753000000001
0.151501,0.010707153
0.152576,0.010813553000000002
0.15364999999999998,0.010931152000000001
0.154725,0.011048751
0.155799,0.011166351000000001
0.15687399999999999,0.011295151000000002
0.157948,0.01140155
0.159023,0.011524749000000003
0.160097,0.011647948000000002
0.16117199999999998,0.011754349
0.162246,0.011894348
0.163321,0.012023147000000001
0.16439499999999999,0.012135146000000001
0.16547,0.012275146
0.166544,0.012398345
0.167619,0.012515945000000002
0.16869299999999998,0.012667145000000001
0.169768,0.012790344
0.170842,0.012919143000000001
0.17191599999999999,0.013087143
0.172991,0.013215942
0.174065,0.013350341000000002
0.17514,0.01350714
0.17621399999999998,0.013630340000000001
0.177289,0.013792739000000002
0.178363,0.013938338000000002
0.179438,0.014078338000000001
0.18051199999999998,0.014257537
0.181587,0.014403136
0.182661,0.014543136000000002
0.18373599999999998,0.014716735000000002
0.18481,0.014867934000000001
0.185885,0.015024734000000001
0.186959,0.015198334000000003
0.18803399999999998,0.015360732000000002
0.189108,0.015528731
0.190183,0.015696732
0.19125699999999998,0.015847930000000003
0.192332,0.016027129
0.193406,0.016206329000000002
0.194481,0.016363128
0.19555499999999998,0.016559128
0.19663,0.016732726
0.197704,0.016900724000000002
0.19877799999999998,0.017091126
0.199853,0.017281524000000003
0.200927,0.017449524
0.202002,0.017651122
0.20307599999999998,0.017824722
0.204151,0.018020722
0.205225,0.018222320000000004
0.20629999999999998,0.018418320000000002
0.207374,0.018619918000000003
0.208449,0.018827118
0.209523,0.019006316000000002
0.21059799999999998,0.019230316
0.211672,0.019448714000000002
0.212747,0.019644712
0.21382099999999998,0.019879914000000002
0.214896,0.020092712000000002
0.21597,0.020305510000000002
0.217045,0.020551908
0.21811899999999998,0.020759108000000002
0.219194,0.020994306
0.220268,0.021240708
0.22134299999999998,0.021453506000000004
0.222417,0.021688704000000003
0.223492,0.021940704000000002
0.224566,0.022164702
0.22564099999999998,0.022427902000000003
0.226715,0.022668700000000003
0.227789,0.0229039
0.22886399999999998,0.023172698000000002
0.22993799999999998,0.023413496000000002
0.231013,0.023659896
0.232087,0.023939896000000002
0.23316199999999998,0.024186294000000004
0.234236,0.024443892000000002
0.235311,0.024718292
0.23638499999999998,0.024975890000000004
0.23745999999999998,0.025250288000000003
0.238534,0.025541486000000002
0.239609,0.025799088000000005
0.24068299999999998,0.026095884000000003
0.241758,0.026381484
0.242832,0.026661484000000003
0.24390699999999998,0.026969480000000004
0.24498099999999998,0.027260680000000002
0.246056,0.027540678000000002
0.24713,0.027859878000000005
0.24820499999999998,0.028145476000000003
0.249279,0.028447874
0.25035399999999997,0.028778274000000003
0.251428,0.029069472000000002
0.252503,0.029371872000000004
0.253577,0.02970787
0.254652,0.030004668
0.255726,0.030329468000000002
0.2568,0.030665466
0.25787499999999997,0.030973464000000006
0.258949,0.03129826200000001
0.260024,0.031617462
0.261098,0.031931060000000004
0.262173,0.032295056
0.263247,0.032614258
0.264322,0.032950254000000005
0.26539599999999997,0.03330865200000001
0.266471,0.033627852
0.267545,0.033958252
0.26861999999999997,0.03432784800000001
0.269694,0.034647048
0.270769,0.035011044000000005
0.271843,0.035363844
0.272918,0.035694244
0.273992,0.03605824
0.275067,0.03642784
0.27614099999999997,0.03676383600000001
0.27721599999999996,0.03713903600000001
0.27829,0.037497432
0.279365,0.037844632
0.280439,0.038253432000000004
0.281514,0.038595028
0.282588,0.03896462800000001
0.283663,0.039367828
0.28473699999999996,0.039726224000000004
0.285811,0.040118224
0.286886,0.040504620000000005
0.28796,0.04086302000000001
0.289035,0.04126061600000001
0.290109,0.041635816000000006
0.291184,0.042011012
0.29225799999999996,0.042408612
0.293333,0.042800612
0.294407,0.043181408000000004
0.29548199999999997,0.043590208000000005
0.296556,0.043937404
0.297631,0.044323804
0.298705,0.044727004
0.29978,0.045074204
0.300854,0.045455
0.301929,0.045858196000000004
0.30300299999999997,0.046199796
0.30407799999999996,0.046569392
0.305152,0.046933392000000004
0.30622699999999997,0.047252592
0.307301,0.047627788000000004
0.308376,0.04796378800000001
0.30945,0.048294188
0.310525,0.048652588000000004
0.31159899999999996,0.048949384000000006
0.312673,0.048015412
0.31374799999999997,0.048234160000000005
0.314822,0.048452912
0.315897,0.048781032
0.316971,0.049327904000000006
0.318046,0.049656028000000005
0.31911999999999996,0.049984152000000004
0.320195,0.05053102400000001
0.32126899999999997,0.05085914800000001
0.32234399999999996,0.05129664800000001
0.323418,0.05173414800000001
0.324493,0.05206226800000001
0.325567,0.05249976800000001
0.326642,0.052827888
0.327716,0.05315601200000001
0.328791,0.053702888000000004
0.32986499999999996,0.054031012
0.33094,0.054359132000000004
0.332014,0.054906008000000006
0.33308899999999997,0.055234132000000005
0.334163,0.055562252000000006
0.335238,0.056109124
0.336312,0.056546624000000004
0.337387,0.05676537200000001
0.338461,0.057202872
0.339536,0.057640368000000004
0.34060999999999997,0.05785911600000001
0.341684,0.058405992000000004
0.342759,0.058515364
0.343833,0.059171612000000005
0.344908,0.059499736000000004
0.345982,0.059827856000000006
0.347057,0.06026536
0.34813099999999997,0.06059348
0.34920599999999996,0.06081222800000001
0.35028,0.06146848
0.351355,0.06168722800000001
0.352429,0.062015348000000005
0.353504,0.06267159600000001
0.354578,0.062890344
0.355653,0.06321846800000001
0.35672699999999996,0.06365596800000001
0.357802,0.063984092
0.358876,0.06453096000000001
0.35995099999999997,0.064968464
0.361025,0.065296584
0.3621,0.06584346
0.363174,0.066280956
0.364249,0.066499704
0.365323,0.067265328
0.366398,0.06770282400000001
0.36747199999999997,0.068030952
0.368546,0.06868719200000001
0.369621,0.06912468800000002
0.370695,0.069780936
0.37177,0.07021843200000001
0.372844,0.07076531200000001
0.373919,0.071421552
0.37499299999999997,0.07207780800000001
0.37606799999999996,0.072734056
0.377142,0.073499672
0.37821699999999997,0.074046544
0.379291,0.074702792
0.380366,0.075577792
0.38144,0.07634341600000001
0.382515,0.07699965600000001
0.38358899999999996,0.077984024
0.384664,0.07864028
0.38573799999999997,0.079515272
0.38681299999999996,0.08060902400000002
0.387887,0.08148400800000001
0.388962,0.082468384
0.390036,0.083452752
0.391111,0.084327752
0.392185,0.085640248
0.39326,0.086624616
0.39433399999999996,0.08760899200000001
0.39540899999999995,0.08892148000000001
0.396483,0.09012460000000001
0.397557,0.09132772000000001
0.398632,0.09253084000000002
0.399706,0.093843336
0.400781,0.095155824
0.40185499999999996,0.096577696
0.40292999999999995,0.097890192
0.404004,0.099421432
0.40507899999999997,0.10073299999999999
0.406153,0.10215500000000001
0.407228,0.103796
0.408302,0.10543699999999999
0.409377,0.106749
0.41045099999999995,0.108608
0.411526,0.11003
0.41259999999999997,0.11156200000000001
0.41367499999999996,0.113421
0.414749,0.114952
0.41582399999999997,0.116593
0.416898,0.118343
0.417973,0.11998299999999999
0.419047,0.121733
0.420122,0.123483
0.42119599999999996,0.125124
0.422271,0.12687400000000001
0.42334499999999997,0.12851500000000002
0.42441999999999996,0.13026500000000002
0.425494,0.132124
0.426568,0.133655
0.427643,0.135186
0.42871699999999996,0.137046
0.429792,0.13857699999999998
0.43086599999999997,0.14021799999999998
0.43194099999999996,0.14196799999999998
0.433015,0.14349900000000002
0.43409,0.14503
0.435164,0.146671
0.436239,0.148202
0.437313,0.149733
0.438388,0.151155
0.43946199999999996,0.152577
0.44053699999999996,0.154108
0.441611,0.155639
0.44268599999999997,0.156843
0.44376,0.158374
0.444835,0.159686
0.445909,0.160889
0.446984,0.16252999999999998
0.44805799999999996,0.163733
0.449133,0.165046
0.45020699999999997,0.166468
0.45128199999999996,0.167561
0.452356,0.168983
0.45343,0.17018599999999998
0.454505,0.171171
0.45557899999999996,0.172592
0.456654,0.17357699999999998
0.45772799999999997,0.17478000000000002
0.45880299999999996,0.176092
0.459877,0.177296
0.460952,0.178171
0.462026,0.179374
0.463101,0.180577
0.464175,0.181561
0.46525,0.18265499999999998
0.46632399999999996,0.183639
0.46739899999999995,0.184842
0.468473,0.185827
0.46954799999999997,0.186702
0.470622,0.187905
0.471697,0.18878
0.472771,0.189655
0.473846,0.19074899999999997
0.47491999999999995,0.191624
0.475995,0.19238899999999998
0.47706899999999997,0.193483
0.47814399999999996,0.194358
0.479218,0.195124
0.48029299999999997,0.195999
0.481367,0.196874
0.48244099999999995,0.197749
0.483516,0.198405
0.48458999999999997,0.199061
0.48566499999999996,0.200045
0.486739,0.200702
0.48781399999999997,0.201249
0.488888,0.202124
0.489963,0.20278
0.491037,0.203327
0.492112,0.203983
0.49318599999999996,0.204639
0.49426099999999995,0.205186
0.49533499999999997,0.205733
0.49640999999999996,0.20628
0.497484,0.206827
0.498559,0.207264
0.499633,0.207592
0.5007079999999999,0.208249
0.501782,0.20868599999999998
0.502857,0.209014
0.503931,0.209561
0.505006,0.20988900000000002
0.50608,0.210108
0.507155,0.21054499999999998
0.5082289999999999,0.210983
0.509304,0.211311
0.510378,0.211639
0.511452,0.211858
0.512527,0.21218599999999999
0.513601,0.212405
0.514676,0.212733
0.5157499999999999,0.21317
0.516825,0.21317
0.517899,0.213389
0.5189739999999999,0.213827
0.520048,0.213936
0.521123,0.214045
0.522197,0.21437399999999998
0.523272,0.214483
0.524346,0.214592
0.525421,0.214811
0.5264949999999999,0.21503
0.52757,0.215139
0.528644,0.215249
0.5297189999999999,0.215249
0.530793,0.215577
0.531868,0.215577
0.532942,0.215686
0.534017,0.215905
0.535091,0.21601399999999998
0.5361659999999999,0.215905
0.5372399999999999,0.216233
0.538314,0.216233
0.539389,0.216233
0.540463,0.21645199999999998
0.541538,0.21667
0.542612,0.21667
0.5436869999999999,0.21677999999999997
0.5447609999999999,0.21677999999999997
0.545836,0.216999
0.54691,0.216999
0.5479849999999999,0.216999
0.549059,0.217327
0.550134,0.217436
0.5512079999999999,0.217327
0.552283,0.21776399999999999
0.553357,0.21776399999999999
0.5544319999999999,0.21776399999999999
0.5555059999999999,0.21809199999999998
0.556581,0.21820199999999998
0.557655,0.218311
0.55873,0.218311
0.559804,0.218639
0.560879,0.218858
0.5619529999999999,0.218858
0.563028,0.219077
0.564102,0.219405
0.5651769999999999,0.219514
0.566251,0.219514
0.567326,0.220061
0.5684,0.22017
0.5694739999999999,0.22017
0.570549,0.220608
0.571623,0.220936
0.5726979999999999,0.221045
0.573772,0.22137400000000002
0.574847,0.22159199999999998
0.575921,0.22191999999999998
0.576996,0.222139
0.57807,0.222467
0.579145,0.222905
0.5802189999999999,0.22312400000000002
0.581294,0.223452
0.582368,0.223999
0.5834429999999999,0.224327
0.584517,0.224655
0.585592,0.225202
0.586666,0.22553
0.587741,0.225967
0.588815,0.226405
0.58989,0.22695200000000001
0.5909639999999999,0.227389
0.592039,0.227827
0.593113,0.228264
0.5941879999999999,0.22903
0.595262,0.229467
0.596336,0.229795
0.597411,0.23067
0.5984849999999999,0.231217
0.59956,0.231655
0.600634,0.23253000000000001
0.6017089999999999,0.233186
0.602783,0.233623
0.603858,0.23449799999999998
0.604932,0.235045
0.606007,0.23592
0.607081,0.23657699999999998
0.6081559999999999,0.23734199999999997
0.6092299999999999,0.23821699999999998
0.610305,0.23898300000000003
0.611379,0.23963900000000002
0.6124539999999999,0.24084199999999997
0.613528,0.241498
0.614603,0.242373
0.6156769999999999,0.24346700000000002
0.616752,0.24434199999999998
0.617826,0.245217
0.6189009999999999,0.246311
0.6199749999999999,0.24729500000000001
0.62105,0.248389
0.622124,0.24937299999999998
0.6231979999999999,0.250467
0.624273,0.251889
0.625347,0.252873
0.6264219999999999,0.253967
0.6274959999999999,0.255389
0.628571,0.256701
0.629645,0.257795
0.63072,0.259326
0.631794,0.260639
0.632869,0.261951
0.6339429999999999,0.26337299999999997
0.635018,0.264905
0.636092,0.26632599999999995
0.6371669999999999,0.26785800000000004
0.638241,0.26949799999999996
0.639316,0.271139
0.64039,0.27277999999999997
0.641465,0.27442
0.642539,0.276389
0.643614,0.27803
0.6446879999999999,0.27978
0.645763,0.281748
0.646837,0.283717
0.6479119999999999,0.285576
0.648986,0.287654
0.650061,0.289733
0.651135,0.29191999999999996
0.6522089999999999,0.294108
0.653284,0.296404
0.654358,0.298811
0.6554329999999999,0.301108
0.656507,0.303404
0.657582,0.306139
0.658656,0.308545
0.659731,0.310951
0.660805,0.314014
0.66188,0.316529
0.6629539999999999,0.319264
0.664029,0.322326
0.665103,0.325279
0.6661779999999999,0.328123
0.667252,0.33129499999999995
0.668327,0.33446699999999996
0.669401,0.337857
0.670476,0.341029
0.67155,0.34442
0.6726249999999999,0.34813900000000003
0.6736989999999999,0.351529
0.674774,0.35513900000000004
0.675848,0.359185
0.6769229999999999,0.362904
0.677997,0.366732
0.679072,0.370888
0.6801459999999999,0.37504499999999996
0.6812199999999999,0.379092
0.682295,0.383576
0.683369,0.38806
0.6844439999999999,0.392545
0.685518,0.397138
0.686593,0.401841
0.6876669999999999,0.406982
0.688742,0.41168499999999997
0.689816,0.416607
0.6908909999999999,0.422185
0.6919649999999999,0.427435
0.69304,0.43257599999999996
0.694114,0.43826299999999996
0.695189,0.443841
0.696263,0.449529
0.697338,0.45554399999999995
0.6984119999999999,0.46156
0.699487,0.467685
0.700561,0.47380999999999995
0.7016359999999999,0.48037199999999997
0.70271,0.487044
0.703785,0.493388
0.704859,0.49994999999999995
0.705934,0.507278
0.707008,0.5140600000000001
0.708083,0.5210600000000001
0.7091569999999999,0.528388
0.710231,0.535825
0.711306,0.543153
0.71238,0.5508099999999999
0.713455,0.5585749999999999
0.714529,0.566341
0.715604,0.574216
0.7166779999999999,0.5822
0.717753,0.590622
0.718827,0.598716
0.7199019999999999,0.607028
0.720976,0.615887
0.722051,0.624309
0.723125,0.632731
0.7242,0.641809
0.725274,0.650559
0.726349,0.659309
0.7274229999999999,0.6682779999999999
0.728498,0.6773560000000001
0.729572,0.686215
0.7306469999999999,0.695403
0.731721,0.70459
0.732796,0.713887
0.7338699999999999,0.7228559999999999
0.734945,0.732153
0.736019,0.741559
0.737093,0.7505269999999999
0.7381679999999999,0.759715
0.739242,0.76923
0.740317,0.7783089999999999
0.7413909999999999,0.7873870000000001
0.742466,0.796793
0.74354,0.8059799999999999
0.7446149999999999,0.814949
0.7456889999999999,0.824027
0.746764,0.832996
0.747838,0.8418549999999999
0.7489129999999999,0.8506049999999999
0.749987,0.859246
0.751062,0.8682139999999999
0.7521359999999999,0.876308
0.753211,0.8845109999999999
0.754285,0.892933
0.7553599999999999,0.900808
0.7564339999999999,0.9087919999999999
0.757509,0.916667
0.758583,0.924214
0.7596579999999999,0.9316519999999999
0.760732,0.93887
0.761807,0.9458699999999999
0.7628809999999999,0.9528699999999999
0.7639549999999999,0.959323
0.76503,0.965995
0.766104,0.971901
0.7671789999999999,0.977808
0.768253,0.983495
0.769328,0.9891829999999999
0.7704019999999999,0.9942139999999999
0.771477,0.999245
0.772551,1.004276
0.7736259999999999,1.008651
0.7746999999999999,1.012807
0.775775,1.016964
0.776849,1.0206819999999999
0.777924,1.024182
0.778998,1.027245
0.780073,1.030089
0.7811469999999999,1.032932
0.782222,1.03512
0.783296,1.037089
0.7843709999999999,1.0392759999999999
0.785445,1.040589
0.78652,1.041682
0.787594,1.043214
0.788669,1.0436509999999999
0.789743,1.0438699999999999
0.7908179999999999,1.044526
0.7918919999999999,1.044526
0.792967,1.0443069999999999
0.794041,1.0436509999999999
0.795115,1.042557
0.79619,1.041682
0.797264,1.04037
0.7983389999999999,1.03862
0.7994129999999999,1.037089
0.800488,1.034901
0.801562,1.032495
0.8026369999999999,1.0303069999999999
0.803711,1.027245
0.804786,1.024182
0.8058599999999999,1.0213389999999998
0.806935,1.018057
0.808009,1.0145570000000002
0.8090839999999999,1.011057
0.8101579999999999,1.00712
0.811233,1.003401
0.812307,0.999026
0.8133819999999999,0.994651
0.814456,0.9907140000000001
0.815531,0.985901
0.8166049999999999,0.9810889999999999
0.81768,0.976495
0.818754,0.9716829999999999
0.8198289999999999,0.9662139999999999
0.8209029999999999,0.9616199999999999
0.821978,0.95637
0.823052,0.95112
0.8241259999999999,0.9458699999999999
0.825201,0.940402
0.826275,0.935152
0.8273499999999999,0.929683
0.8284239999999999,0.9239949999999999
0.829499,0.918527
0.830573,0.912839
0.8316479999999999,0.906933
0.832722,0.9016829999999999
0.833797,0.895996
0.8348709999999999,0.889871
0.835946,0.884402
0.83702,0.878714
0.8380949999999999,0.8728079999999999
0.8391689999999999,0.8671209999999999
0.840244,0.861652
0.841318,0.855746
0.842393,0.850058
0.843467,0.844371
0.844542,0.839121
0.8456159999999999,0.833433
0.846691,0.827527
0.847765,0.822496
0.8488399999999999,0.816808
0.849914,0.811121
0.850988,0.805871
0.852063,0.8006209999999999
0.8531369999999999,0.795152
0.854212,0.789902
0.855286,0.784871
0.8563609999999999,0.779621
0.857435,0.774371
0.85851,0.76934
0.859584,0.7647459999999999
0.860659,0.759496
0.861733,0.754465
0.8628079999999999,0.749871
0.8638819999999999,0.745059
0.864957,0.740027
0.866031,0.7354339999999999
0.8671059999999999,0.73084
0.86818,0.7260279999999999
0.869255,0.721653
0.8703289999999999,0.717496
0.871404,0.712903
0.872478,0.708528
0.8735529999999999,0.7041529999999999
0.8746269999999999,0.7002149999999999
0.875702,0.69584
0.876776,0.691465
0.8778499999999999,0.688184
0.878925,0.683809
0.879999,0.679871
0.8810739999999999,0.6763709999999999
0.8821479999999999,0.6726530000000001
0.883223,0.668715
0.884297,0.665215
0.8853719999999999,0.661497
0.886446,0.657997
0.887521,0.6547149999999999
0.8885949999999999,0.651215
0.88967,0.647934
0.890744,0.644872
0.8918189999999999,0.6413719999999999
0.8928929999999999,0.638528
0.893968,0.635247
0.895042,0.632184
0.8961169999999999,0.629559
0.897191,0.6267149999999999
0.898266,0.623434
0.8993399999999999,0.621028
0.900415,0.618622
0.901489,0.615559
0.9025639999999999,0.613153
0.9036379999999999,0.6107469999999999
0.904713,0.6085590000000001
0.905787,0.605934
0.9068609999999999,0.6037469999999999
0.907936,0.601778
0.90901,0.599372
0.9100849999999999,0.596966
0.9111589999999999,0.595434
0.912234,0.593466
0.913308,0.591278
0.914383,0.589747
0.915457,0.587997
0.916532,0.586028
0.9176059999999999,0.584497
0.918681,0.582966
0.919755,0.5814339999999999
0.9208299999999999,0.579684
0.921904,0.578372
0.922979,0.577497
0.924053,0.575966
0.925128,0.574653
0.926202,0.573997
0.9272769999999999,0.572684
0.9283509999999999,0.5715910000000001
0.929426,0.5709339999999999
0.9305,0.570278
0.9315749999999999,0.569184
0.932649,0.568309
0.933724,0.5678719999999999
0.9347979999999999,0.5672159999999999
0.9358719999999999,0.566559
0.936947,0.5661219999999999
0.938021,0.5661219999999999
0.9390959999999999,0.5654659999999999
0.94017,0.565028
0.941245,0.565247
0.9423189999999999,0.564809
0.943394,0.564372
0.944468,0.565028
0.9455429999999999,0.564809
0.9466169999999999,0.564809
0.947692,0.5654659999999999
0.948766,0.5654659999999999
0.9498409999999999,0.5656840000000001
0.950915,0.566341
0.95199,0.566997
0.9530639999999999,0.567653
0.954139,0.568309
0.955213,0.568747
0.9562879999999999,0.570059
0.9573619999999999,0.570716
0.958437,0.571809
0.959511,0.573341
0.9605859999999999,0.5744339999999999
0.96166,0.575309
0.962735,0.576841
0.9638089999999999,0.578153
0.9648829999999999,0.579684
0.965958,0.5814339999999999
0.967032,0.582966
0.9681069999999999,0.584934
0.969181,0.586684
0.970256,0.588653
0.9713299999999999,0.591059
0.972405,0.593028
0.973479,0.595216
0.9745539999999999,0.598059
0.9756279999999999,0.600466
0.976703,0.602872
0.977777,0.605934
0.9788519999999999,0.608778
0.979926,0.6114029999999999
0.9810009999999999,0.614684
0.9820749999999999,0.617966
0.98315,0.6214649999999999
0.984224,0.624528
0.9852989999999999,0.628247
0.9863729999999999,0.631965
0.987448,0.635903
0.9885219999999999,0.639184
0.989597,0.644215
0.990671,0.648153
0.991745,0.652309
0.9928199999999999,0.65734
0.9938939999999999,0.6619339999999999
0.994969,0.666965
0.9960429999999999,0.671997
0.997118,0.677028
0.998192,0.682496
0.9992669999999999,0.688184
1.000341,0.693653
1.0014159999999999,0.6995589999999999
1.0024899999999999,0.7052459999999999
1.003565,0.7111529999999999
1.004639,0.7179340000000001
1.005714,0.724278
1.006788,0.730621
1.007863,0.737621
1.008937,0.744402
1.010012,0.751621
1.011086,0.759059
1.0121609999999999,0.766715
1.0132349999999999,0.774371
1.01431,0.782246
1.015384,0.79034
1.016459,0.798871
1.017533,0.807402
1.018608,0.815715
1.019682,0.825121
1.020756,0.83409
1.021831,0.8430580000000001
1.022905,0.8529019999999999
1.02398,0.862746
1.025054,0.8725890000000001
1.0261289999999998,0.882871
1.0272029999999999,0.8931520000000001
1.028278,0.903652
1.029352,0.914152
1.030427,0.925527
1.031501,0.937339
1.032576,0.948714
1.03365,0.9598699999999999
1.034725,0.9723390000000001
1.035799,0.984151
1.0368739999999999,0.9964009999999999
1.0379479999999999,1.009526
1.039023,1.021995
1.040097,1.034901
1.041172,1.048682
1.042246,1.062464
1.043321,1.076026
1.044395,1.090245
1.04547,1.104245
1.046544,1.119338
1.047618,1.133338
1.0486929999999999,1.148432
1.049767,1.164401
1.050842,1.179494
1.0519159999999999,1.194807
1.052991,1.2112129999999999
1.054065,1.2273999999999998
1.05514,1.244025
1.056214,1.261088
1.057289,1.2783689999999999
1.058363,1.295212
1.0594379999999999,1.312712
1.060512,1.3306499999999999
1.061587,1.3492439999999999
1.0626609999999999,1.367181
1.063736,1.385993
1.06481,1.405462
1.065885,1.424712
1.066959,1.443306
1.068034,1.463649
1.069108,1.483337
1.0701829999999999,1.5032429999999999
1.071257,1.5242429999999998
1.0723319999999998,1.544805
1.0734059999999999,1.566243
1.074481,1.587461
1.075555,1.60868
1.076629,1.630773
1.077704,1.652867
1.078778,1.67518
1.079853,1.698367
1.080927,1.721117
1.082002,1.7443039999999999
1.083076,1.7685849999999999
1.0841509999999999,1.791992
1.0852249999999999,1.8160539999999998
1.0863,1.840991
1.0873739999999998,1.866147
1.088449,1.8913039999999999
1.089523,1.9083660000000002
1.090598,1.893054
1.091672,1.885616
1.092747,1.876866
1.093821,1.871616
1.0948959999999999,1.866804
1.0959699999999999,1.859585
1.097045,1.8547719999999999
1.0981189999999998,1.8497409999999999
1.099194,1.842741
1.100268,1.838585
1.101343,1.832898
1.102417,1.826554
1.103492,1.822616
1.104566,1.816491
1.1056409999999999,1.8112409999999999
1.106715,1.807523
1.107789,1.80096
1.1088639999999998,1.796367
1.1099379999999999,1.7924289999999998
1.111013,1.785648
1.112087,1.781929
1.113162,1.7775539999999999
1.114236,1.771648
1.115311,1.768367
1.116385,1.763992
1.11746,1.758085
1.118534,1.75546
1.1196089999999999,1.75021
1.1206829999999999,1.745617
1.121758,1.742773
1.122832,1.737086
1.123907,1.7331480000000001
1.124981,1.730523
1.126056,1.724617
1.12713,1.721554
1.128205,1.718929
1.129279,1.713461
1.1303539999999999,1.711054
1.1314279999999999,1.706898
1.132503,1.7023039999999998
1.133577,1.7001169999999999
1.134652,1.6959609999999998
1.135726,1.692242
1.1368,1.6898360000000001
1.137875,1.685023
1.138949,1.682179
1.140024,1.679992
1.141098,1.67518
1.1421729999999999,1.672773
1.143247,1.66993
1.1443219999999998,1.665336
1.1453959999999999,1.663367
1.146471,1.660523
1.147545,1.656586
1.14862,1.654836
1.149694,1.651336
1.150769,1.647836
1.151843,1.646523
1.1529179999999999,1.642367
1.153992,1.639742
1.1550669999999998,1.6382109999999999
1.1561409999999999,1.6336169999999999
1.157216,1.63143
1.15829,1.629899
1.159365,1.625742
1.160439,1.6242109999999998
1.161514,1.622024
1.162588,1.617867
1.163663,1.6167740000000002
1.164737,1.6139299999999999
1.165811,1.610867
1.1668859999999999,1.609555
1.1679599999999999,1.606274
1.169035,1.603867
1.1701089999999998,1.6027740000000001
1.171184,1.598836
1.172258,1.597524
1.173333,1.59643
1.174407,1.592274
1.175482,1.5909609999999998
1.176556,1.58943
1.1776309999999999,1.585711
1.178705,1.584836
1.17978,1.58243
1.1808539999999998,1.579586
1.181929,1.578711
1.183003,1.575868
1.184078,1.5738990000000002
1.185152,1.573242
1.186227,1.5697429999999999
1.187301,1.567993
1.1883759999999999,1.5673359999999998
1.18945,1.563618
1.190525,1.562742
1.1915989999999999,1.560993
1.1926729999999999,1.558149
1.193748,1.557274
1.194822,1.555524
1.195897,1.55268
1.196971,1.5524609999999999
1.198046,1.549836
1.19912,1.5476489999999998
1.200195,1.547211
1.201269,1.544149
1.2023439999999999,1.5426179999999998
1.2034179999999999,1.5421799999999999
1.204493,1.538899
1.205567,1.538243
1.206642,1.5371489999999999
1.207716,1.534305
1.208791,1.533868
1.209865,1.532118
1.21094,1.529711
1.212014,1.529493
1.2130889999999999,1.527086
1.2141629999999999,1.525336
1.215238,1.525336
1.2163119999999998,1.522274
1.217387,1.520961
1.218461,1.520743
1.219535,1.5174610000000002
1.22061,1.516805
1.221684,1.516149
1.222759,1.513524
1.223833,1.5128679999999999
1.2249079999999999,1.511555
1.225982,1.509368
1.2270569999999998,1.5091489999999999
1.2281309999999999,1.507399
1.229206,1.5052109999999999
1.23028,1.505649
1.231355,1.503024
1.232429,1.5017120000000002
1.233504,1.50193
1.234578,1.499087
1.235653,1.497993
1.236727,1.497993
1.2378019999999998,1.4953679999999998
1.2388759999999999,1.494712
1.239951,1.4940550000000001
1.241025,1.49143
1.2421,1.49143
1.243174,1.48968
1.244249,1.4881490000000002
1.245323,1.48793
1.246397,1.485962
1.247472,1.4848679999999999
1.248546,1.485087
1.2496209999999999,1.482243
1.250695,1.481587
1.25177,1.4813679999999998
1.2528439999999998,1.47918
1.253919,1.4787430000000001
1.254993,1.477868
1.256068,1.476118
1.257142,1.4754619999999998
1.258217,1.474368
1.259291,1.472618
1.2603659999999999,1.473055
1.26144,1.471087
1.262515,1.469774
1.2635889999999999,1.469774
1.264664,1.4678049999999998
1.265738,1.4664929999999998
1.266813,1.46693
1.267887,1.464306
1.268962,1.464306
1.270036,1.463868
1.2711109999999999,1.4614619999999998
1.272185,1.46168
1.273259,1.460806
1.2743339999999999,1.459056
1.2754079999999999,1.4592740000000002
1.276483,1.457524
1.2775569999999998,1.456212
1.278632,1.456649
1.279706,1.454243
1.280781,1.453806
1.281855,1.454243
1.28293,1.451618
1.284004,1.4513989999999999
1.2850789999999999,1.4511809999999998
1.2861529999999999,1.448774
1.287228,1.449212
1.2883019999999998,1.448118
1.289377,1.446368
1.290451,1.4465869999999998
1.291526,1.445493
1.2926,1.444399
1.293675,1.444399
1.294749,1.442649
1.2958239999999999,1.4419929999999999
1.2968979999999999,1.442431
1.297973,1.440243
1.2990469999999998,1.440024
1.300122,1.439806
1.301196,1.4373989999999999
1.30227,1.4376179999999998
1.303345,1.436962
1.304419,1.4354310000000001
1.305494,1.4354310000000001
1.306568,1.434774
1.3076429999999999,1.433681
1.308717,1.4338989999999998
1.3097919999999998,1.4317119999999999
1.3108659999999999,1.431274
1.311941,1.4317119999999999
1.313015,1.429524
1.31409,1.429524
1.315164,1.429743
1.316239,1.427337
1.317313,1.427337
1.318388,1.4271179999999999
1.319462,1.425368
1.3205369999999998,1.425806
1.3216109999999999,1.4244929999999998
1.322686,1.423399
1.32376,1.424056
1.324835,1.4220869999999999
1.325909,1.421649
1.326984,1.4220869999999999
1.328058,1.420118
1.329133,1.419681
1.330207,1.419899
1.331281,1.4181489999999999
1.3323559999999999,1.418368
1.33343,1.417931
1.3345049999999998,1.416181
1.3355789999999998,1.416618
1.336654,1.415743
1.337728,1.414431
1.338803,1.415087
1.339877,1.413337
1.340952,1.4129
1.342026,1.413337
1.3431009999999999,1.411368
1.344175,1.410931
1.3452499999999998,1.412024
1.3463239999999999,1.4096179999999998
1.347399,1.4096179999999998
1.348473,1.409399
1.349548,1.4078680000000001
1.350622,1.4085239999999999
1.351697,1.4074309999999999
1.352771,1.406337
1.3538459999999999,1.4067749999999999
1.35492,1.405462
1.3559949999999998,1.404806
1.3570689999999999,1.405462
1.358144,1.403931
1.359218,1.403493
1.360293,1.403931
1.361367,1.401962
1.362441,1.402181
1.363516,1.402181
1.36459,1.400431
1.365665,1.401087
1.366739,1.400431
1.3678139999999999,1.3989
1.3688879999999999,1.399556
1.369963,1.398462
1.3710369999999998,1.3975870000000001
1.372112,1.398243
1.373186,1.396493
1.374261,1.396493
1.375335,1.396931
1.37641,1.3947429999999998
1.377484,1.395181
1.3785589999999999,1.3956179999999998
1.3796329999999999,1.3934309999999999
1.380708,1.394087
1.3817819999999998,1.393868
1.382857,1.392337
1.383931,1.3927749999999999
1.385006,1.3919
1.38608,1.391243
1.387155,1.3916810000000002
1.388229,1.389931
1.3893039999999999,1.389931
1.390378,1.390587
1.3914529999999998,1.3888369999999999
1.3925269999999998,1.3888369999999999
1.3936009999999999,1.389056
1.394676,1.387306
1.39575,1.387962
1.396825,1.387525
1.397899,1.385993
1.398974,1.38665
1.400048,1.385993
1.401123,1.3849
1.402197,1.385775
1.4032719999999999,1.384462
1.4043459999999999,1.384025
1.405421,1.3849
1.4064949999999998,1.382712
1.40757,1.382931
1.408644,1.383368
1.409719,1.381837
1.410793,1.382056
1.411868,1.382056
1.412942,1.380525
1.4140169999999999,1.3814
1.4150909999999999,1.3803059999999998
1.416166,1.3794309999999999
1.4172399999999998,1.380525
1.418315,1.378775
1.419389,1.378556
1.420463,1.3792119999999999
1.421538,1.3776810000000002
1.422612,1.3776810000000002
1.423687,1.378337
1.424761,1.376587
1.4258359999999999,1.376806
1.42691,1.377243
1.4279849999999998,1.375493
1.4290589999999999,1.37615
1.430134,1.375493
1.431208,1.3748369999999999
1.432283,1.375493
1.433357,1.373962
1.434432,1.373743
1.435506,1.3746180000000001
1.4365809999999999,1.372868
1.437655,1.37265
1.4387299999999998,1.3735249999999999
1.4398039999999999,1.371775
1.440879,1.3722119999999998
1.441953,1.372431
1.443028,1.370681
1.444102,1.371556
1.445177,1.371118
1.446251,1.370025
1.447325,1.371118
1.4484,1.369587
1.449474,1.369368
1.4505489999999999,1.3702429999999999
1.4516229999999999,1.368493
1.452698,1.368493
1.4537719999999998,1.369587
1.454847,1.367837
1.455921,1.367837
1.456996,1.368056
1.45807,1.3667429999999998
1.459145,1.367181
1.460219,1.366962
1.4612939999999999,1.3658679999999999
1.462368,1.366962
1.4634429999999998,1.36565
1.4645169999999998,1.365212
1.465592,1.3658679999999999
1.466666,1.3645559999999999
1.467741,1.3645559999999999
1.468815,1.3654309999999998
1.46989,1.3636810000000001
1.470964,1.364337
1.4720389999999999,1.3645559999999999
1.473113,1.362587
1.474187,1.363462
1.4752619999999999,1.363462
1.4763359999999999,1.362368
1.477411,1.362806
1.4784849999999998,1.362368
1.47956,1.361931
1.480634,1.362587
1.481709,1.361056
1.482783,1.361056
1.483858,1.36215
1.484932,1.3603999999999998
1.4860069999999999,1.360618
1.4870809999999999,1.361056
1.488156,1.359306
1.4892299999999998,1.360181
1.490305,1.360181
1.491379,1.358868
1.492454,1.3595249999999999
1.493528,1.358868
1.494603,1.358431
1.495677,1.359087
1.4967519999999999,1.357993
1.4978259999999999,1.357775
1.498901,1.35865
1.4999749999999998,1.357118
1.498901,1.3573369999999998
1.4978259999999999,1.357993
1.4967519999999999,1.356462
1.495677,1.357118
1.494603,1.357118
1.493528,1.355806
1.492454,1.3568999999999998
1.491379,1.356025
1.490305,1.35515
1.4892299999999998,1.356462
1.488156,1.35515
1.4870809999999999,1.355369
1.4860069999999999,1.355806
1.484932,1.354056
1.483858,1.3542750000000001
1.482783,1.355369
1.481709,1.353837
1.480634,1.354493
1.47956,1.3542750000000001
1.4784849999999998,1.352962
1.477411,1.354056
1.4763359999999999,1.353837
1.4752619999999999,1.3527429999999998
1.474187,1.353619
1.473113,1.352525
1.4720389999999999,1.352306
1.470964,1.353181
1.46989,1.352087
1.468815,1.3518679999999998
1.467741,1.352525
1.466666,1.351212
1.465592,1.3518679999999998
1.4645169999999998,1.352087
1.4634429999999998,1.3505559999999999
1.462368,1.35165
1.4612939999999999,1.3514309999999998
1.460219,1.3501180000000002
1.459145,1.3514309999999998
1.45807,1.3505559999999999
1.456996,1.3501180000000002
1.455921,1.3509939999999998
1.454847,1.349681
1.4537719999999998,1.349681
1.452698,1.350775
1.4516229999999999,1.349025
1.4505489999999999,1.349681
1.449474,1.3498999999999999
1.4484,1.348587
1.447325,1.3492439999999999
1.446251,1.3492439999999999
1.445177,1.34815
1.444102,1.349462
1.443028,1.348368
1.441953,1.347931
1.440879,1.3492439999999999
1.4398039999999999,1.347931
1.4387299999999998,1.347494
1.437655,1.3488060000000002
1.4365809999999999,1.347056
1.435506,1.347275
1.434432,1.348368
1.433357,1.3468369999999998
1.432283,1.347494
1.431208,1.347712
1.430134,1.346618
1.4290589999999999,1.347494
1.4279849999999998,1.346618
1.42691,1.346181
1.4258359999999999,1.347712
1.424761,1.3459619999999999
1.423687,1.346181
1.422612,1.347056
1.421538,1.3455249999999999
1.420463,1.3459619999999999
1.419389,1.346618
1.418315,1.345087
1.4172399999999998,1.345744
1.416166,1.3459619999999999
1.4150909999999999,1.344869
1.4140169999999999,1.3459619999999999
1.412942,1.345087
1.411868,1.34465
1.410793,1.345744
1.409719,1.34465
1.408644,1.34465
1.40757,1.345744
1.4064949999999998,1.344431
1.405421,1.344431
1.4043459999999999,1.3455249999999999
1.4032719999999999,1.343994
1.402197,1.344869
1.401123,1.3453060000000001
1.400048,1.343556
1.398974,1.34465
1.397899,1.344431
1.396825,1.3433369999999998
1.39575,1.34465
1.394676,1.343775
1.3936009999999999,1.343775
1.3925269999999998,1.344869
1.3914529999999998,1.3433369999999998
1.390378,1.3433369999999998
1.3893039999999999,1.344212
1.388229,1.3429
1.387155,1.343556
1.38608,1.343775
1.385006,1.342462
1.383931,1.343556
1.382857,1.343556
1.3817819999999998,1.342462
1.380708,1.343556
1.3796329999999999,1.342681
1.3785589999999999,1.342462
1.377484,1.3433369999999998
1.37641,1.3422429999999999
1.375335,1.3422429999999999
1.374261,1.3433369999999998
1.373186,1.341806
1.372112,1.342681
1.3710369999999998,1.343119
1.369963,1.341587
1.3688879999999999,1.342681
1.3678139999999999,1.342681
1.366739,1.341369
1.365665,1.3429
1.36459,1.3420249999999998
1.363516,1.341806
1.362441,1.343119
1.361367,1.341587
1.360293,1.341587
1.359218,1.3429
1.358144,1.34115
1.3570689999999999,1.3420249999999998
1.3559949999999998,1.342681
1.35492,1.3409309999999999
1.3538459999999999,1.3420249999999998
1.352771,1.3422429999999999
1.351697,1.34115
1.350622,1.3420249999999998
1.349548,1.341587
1.348473,1.34115
1.347399,1.342462
1.3463239999999999,1.34115
1.3452499999999998,1.34115
1.344175,1.342462
1.3431009999999999,1.3407120000000001
1.342026,1.341369
1.340952,1.3420249999999998
1.339877,1.3407120000000001
1.338803,1.341587
1.337728,1.341806
1.336654,1.3404939999999999
1.3355789999999998,1.341806
1.3345049999999998,1.34115
1.33343,1.3407120000000001
1.3323559999999999,1.3422429999999999
1.331281,1.3407120000000001
1.330207,1.3409309999999999
1.329133,1.3420249999999998
1.328058,1.3407120000000001
1.326984,1.3409309999999999
1.325909,1.341806
1.324835,1.3407120000000001
1.32376,1.341369
1.322686,1.341806
1.3216109999999999,1.340275
1.3205369999999998,1.341806
1.319462,1.34115
1.318388,1.3407120000000001
1.317313,1.341806
1.316239,1.3407120000000001
1.315164,1.3407120000000001
1.31409,1.3422429999999999
1.313015,1.340275
1.311941,1.3409309999999999
1.3108659999999999,1.3420249999999998
1.3097919999999998,1.340275
1.308717,1.34115
1.3076429999999999,1.341587
1.306568,1.340275
1.305494,1.341587
1.304419,1.3409309999999999
1.303345,1.3404939999999999
1.30227,1.3420249999999998
1.301196,1.3409309999999999
1.300122,1.3407120000000001
1.2990469999999998,1.3420249999999998
1.297973,1.3407120000000001
1.2968979999999999,1.3409309999999999
1.2958239999999999,1.3420249999999998
1.294749,1.3407120000000001
1.293675,1.341587
1.2926,1.341806
1.291526,1.3407120000000001
1.290451,1.341587
1.289377,1.341587
1.2883019999999998,1.3409309999999999
1.287228,1.3422429999999999
1.2861529999999999,1.3409309999999999
1.2850789999999999,1.34115
1.284004,1.342681
1.28293,1.34115
1.281855,1.341369
1.280781,1.342462
1.279706,1.3407120000000001
1.278632,1.341587
1.2775569999999998,1.3422429999999999
1.276483,1.3409309999999999
1.2754079999999999,1.3420249999999998
1.2743339999999999,1.3420249999999998
1.273259,1.3409309999999999
1.272185,1.3422429999999999
1.2711109999999999,1.341587
1.270036,1.341369
1.268962,1.3429
1.267887,1.341369
1.266813,1.341806
1.265738,1.342681
1.264664,1.341369
1.2635889999999999,1.3422429999999999
1.262515,1.342681
1.26144,1.341369
1.2603659999999999,1.342462
1.259291,1.342681
1.258217,1.341587
1.257142,1.3429
1.256068,1.3422429999999999
1.254993,1.341806
1.253919,1.343119
1.2528439999999998,1.342462
1.25177,1.342462
1.250695,1.3433369999999998
1.2496209999999999,1.3420249999999998
1.248546,1.342681
1.247472,1.343556
1.246397,1.3420249999999998
1.245323,1.343119
1.244249,1.3433369999999998
1.243174,1.342462
1.2421,1.343775
1.241025,1.3433369999999998
1.239951,1.342681
1.2388759999999999,1.344212
1.2378019999999998,1.3429
1.236727,1.343119
1.235653,1.344431
1.234578,1.342681
1.233504,1.3433369999999998
1.232429,1.344431
1.231355,1.342681
1.23028,1.343775
1.229206,1.344212
1.2281309999999999,1.3433369999999998
1.2270569999999998,1.344212
1.225982,1.343775
1.2249079999999999,1.3433369999999998
1.223833,1.344869
1.222759,1.343556
1.221684,1.344212
1.22061,1.3453060000000001
1.219535,1.343775
1.218461,1.344431
1.217387,1.345087
1.2163119999999998,1.343775
1.215238,1.344869
1.2141629999999999,1.3453060000000001
1.2130889999999999,1.344212
1.212014,1.3453060000000001
1.21094,1.345087
1.209865,1.344431
1.208791,1.3459619999999999
1.207716,1.345087
1.206642,1.345087
1.205567,1.3464
1.204493,1.344869
1.2034179999999999,1.344869
1.2023439999999999,1.346181
1.201269,1.344869
1.200195,1.345744
1.19912,1.3464
1.198046,1.3453060000000001
1.196971,1.3464
1.195897,1.3459619999999999
1.194822,1.3453060000000001
1.193748,1.3468369999999998
1.1926729999999999,1.3459619999999999
1.1915989999999999,1.345744
1.190525,1.347275
1.18945,1.3459619999999999
1.1883759999999999,1.3464
1.187301,1.347494
1.186227,1.3459619999999999
1.185152,1.347056
1.184078,1.347712
1.183003,1.346181
1.181929,1.347712
1.1808539999999998,1.347275
1.17978,1.3468369999999998
1.178705,1.347931
1.1776309999999999,1.347275
1.176556,1.347056
1.175482,1.34815
1.174407,1.347275
1.173333,1.347494
1.172258,1.3488060000000002
1.171184,1.347056
1.1701089999999998,1.347931
1.169035,1.3488060000000002
1.1679599999999999,1.347712
1.1668859999999999,1.3488060000000002
1.165811,1.3488060000000002
1.164737,1.347931
1.163663,1.349025
1.162588,1.348587
1.161514,1.348368
1.160439,1.3498999999999999
1.159365,1.348368
1.15829,1.348587
1.157216,1.3501180000000002
1.1561409999999999,1.3488060000000002
1.1550669999999998,1.3492439999999999
1.153992,1.3501180000000002
1.1529179999999999,1.349025
1.151843,1.3498999999999999
1.150769,1.350337
1.149694,1.3492439999999999
1.14862,1.3505559999999999
1.147545,1.3498999999999999
1.146471,1.349462
1.1453959999999999,1.351212
1.1443219999999998,1.3498999999999999
1.143247,1.350337
1.1421729999999999,1.35165
1.141098,1.349681
1.140024,1.350775
1.138949,1.35165
1.137875,1.350337
1.1368,1.3514309999999998
1.135726,1.351212
1.134652,1.3505559999999999
1.133577,1.352087
1.132503,1.35165
1.1314279999999999,1.351212
1.1303539999999999,1.3527429999999998
1.129279,1.351212
1.128205,1.3514309999999998
1.12713,1.353181
1.126056,1.3514309999999998
1.124981,1.352306
1.123907,1.353181
1.122832,1.3518679999999998
1.121758,1.352962
1.1206829999999999,1.3534
1.1196089999999999,1.352306
1.118534,1.353619
1.11746,1.3534
1.116385,1.352525
1.115311,1.354056
1.114236,1.352962
1.113162,1.352962
1.112087,1.354493
1.111013,1.352962
1.1099379999999999,1.353837
1.1088639999999998,1.3547120000000001
1.107789,1.353181
1.106715,1.354493
1.1056409999999999,1.3547120000000001
1.104566,1.353619
1.103492,1.3549309999999999
1.102417,1.3549309999999999
1.101343,1.354493
1.100268,1.355587
1.099194,1.3549309999999999
1.0981189999999998,1.354493
1.097045,1.356025
1.0959699999999999,1.3549309999999999
1.0948959999999999,1.35515
1.093821,1.331306
1.092747,1.313587
1.091672,1.292587
1.090598,1.272463
1.089523,1.251244
1.088449,1.230025
1.0873739999999998,1.2105569999999999
1.0863,1.189775
1.0852249999999999,1.169651
1.0841509999999999,1.149963
1.083076,1.130276
1.082002,1.11037
1.080927,1.090682
1.079853,1.0712139999999999
1.078778,1.053057
1.077704,1.033589
1.076629,1.014776
1.075555,0.9966200000000001
1.074481,0.977589
1.0734059999999999,0.959433
1.0723319999999998,0.9417139999999999
1.071257,0.924214
1.0701829999999999,0.906277
1.069108,0.889214
1.068034,0.8719330000000001
1.066959,0.855308
1.065885,0.838683
1.06481,0.8218399999999999
1.063736,0.805652
1.0626609999999999,0.789683
1.061587,0.773496
1.060512,0.7584019999999999
1.0594379999999999,0.7430899999999999
1.058363,0.727559
1.057289,0.7131209999999999
1.056214,0.6982459999999999
1.05514,0.6835899999999999
1.054065,0.669809
1.052991,0.655809
1.0519159999999999,0.6420279999999999
1.050842,0.6284649999999999
1.049767,0.615341
1.0486929999999999,0.6026529999999999
1.047618,0.589747
1.046544,0.576841
1.04547,0.565028
1.044395,0.552778
1.043321,0.540747
1.042246,0.5295909999999999
1.041172,0.518216
1.040097,0.506622
1.039023,0.495685
1.0379479999999999,0.484966
1.0368739999999999,0.474466
1.035799,0.463966
1.034725,0.453685
1.03365,0.443841
1.032576,0.434216
1.031501,0.424154
1.030427,0.415404
1.029352,0.405998
1.028278,0.39681
1.0272029999999999,0.38806
1.0261289999999998,0.37931
1.025054,0.37056
1.02398,0.36246700000000004
1.022905,0.354373
1.021831,0.34606000000000003
1.020756,0.33840400000000004
1.019682,0.33074800000000004
1.018608,0.323529
1.017533,0.315654
1.016459,0.308217
1.015384,0.301873
1.01431,0.294654
1.0132349999999999,0.287654
1.0121609999999999,0.281311
1.011086,0.274748
1.010012,0.267967
1.008937,0.26228
1.007863,0.255936
1.006788,0.249811
1.005714,0.24412300000000003
1.004639,0.238436
1.003565,0.23274799999999998
1.0024899999999999,0.22728
1.0014159999999999,0.22159199999999998
1.000341,0.21677999999999997
0.9992669999999999,0.21153
0.998192,0.206061
0.997118,0.201686
0.9960429999999999,0.196655
0.994969,0.191624
0.9938939999999999,0.18724899999999997
0.9928199999999999,0.182874
0.991745,0.178061
0.990671,0.173905
0.989597,0.16953
0.9885219999999999,0.165155
0.987448,0.161655
0.9863729999999999,0.157061
0.9852989999999999,0.153561
0.984224,0.149843
0.98315,0.145686
0.9820749999999999,0.142405
0.9810009999999999,0.138686
0.979926,0.134968
0.9788519999999999,0.131686
0.977777,0.128624
0.976703,0.12534299999999998
0.9756279999999999,0.122061
0.9745539999999999,0.118999
0.973479,0.115718
0.972405,0.112874
0.9713299999999999,0.109812
0.970256,0.107405
0.969181,0.10434299999999999
0.9681069999999999,0.101499
0.967032,0.09931205600000001
0.965958,0.09668707200000001
0.9648829999999999,0.093843336
0.9638089999999999,0.09165584000000002
0.962735,0.08924960000000001
0.96166,0.086624616
0.9605859999999999,0.08465587200000001
0.959511,0.082249632
0.958437,0.08006214400000002
0.9573619999999999,0.07787465600000001
0.9562879999999999,0.07568716
0.955213,0.073718424
0.954139,0.07174968000000001
0.9530639999999999,0.069780936
0.95199,0.068249696
0.950915,0.066062208
0.9498409999999999,0.06387471600000001
0.948766,0.062562224
0.947692,0.06081222800000001
0.9466169999999999,0.059062236000000004
0.9455429999999999,0.057749744
0.944468,0.05599975200000001
0.943394,0.05424976
0.9423189999999999,0.052718516
0.941245,0.051187276000000004
0.94017,0.050093528000000005
0.9390959999999999,0.048562284000000004
0.938021,0.04703104
0.936947,0.046156044
0.9358719999999999,0.044406052
0.9347979999999999,0.043202936000000004
0.933724,0.042327936000000004
0.932649,0.041343564000000006
0.9315749999999999,0.039921700000000004
0.9305,0.03893732800000001
0.929426,0.037952956
0.9283509999999999,0.036749836
0.9272769999999999,0.035656092
0.926202,0.03456234400000001
0.925128,0.033796724
0.924053,0.032702980000000006
0.922979,0.03160923400000001
0.921904,0.031171738000000004
0.9208299999999999,0.030187366
0.919755,0.028984246
0.918681,0.028437374
0.9176059999999999,0.027562376000000003
0.916532,0.026578006000000005
0.915457,0.026249884000000005
0.914383,0.025484262000000004
0.913308,0.024390516
0.912234,0.023734270000000002
0.9111589999999999,0.023187396000000002
0.9100849999999999,0.022531150000000003
0.90901,0.010567153000000001
0.907936,0.015338332000000001
0.9068609999999999,0.016531127000000003
0.905787,0.016491927000000003
0.904713,0.01610553
0.9036379999999999,0.015618332
0.9025639999999999,0.015086333
0.901489,0.014649536000000001
0.900415,0.014139938000000001
0.8993399999999999,0.013619140000000002
0.898266,0.013176742000000002
0.897191,0.012745544000000001
0.8961169999999999,0.012303146000000001
0.895042,0.011939147
0.893968,0.011479949000000001
0.8928929999999999,0.011043151
0.8918189999999999,0.010701553
0.890744,0.010309554
0.88967,0.009906357000000001
0.8885949999999999,0.009564758000000001
0.887521,0.00917276
0.886446,0.008887161000000001
0.8853719999999999,0.008495163
0.884297,0.008181564
0.883223,0.007907165
0.8821479999999999,0.007548766
0.8810739999999999,0.007201568
0.879999,0.007044769
0.878925,0.0067199700000000005
0.8778499999999999,0.006434371
0.876776,0.006221572
0.875702,0.005919174000000001
0.8746269999999999,0.005650375000000001
0.8735529999999999,0.005465576000000001
0.872478,0.0052471770000000004
0.871404,0.005034378
0.8703289999999999,0.004832778
0.869255,0.004558380000000001
0.86818,0.00444078
0.8671059999999999,0.004244781
0.866031,0.003975982
0.864957,0.003897582
0.8638819999999999,0.0036735830000000002
0.8628079999999999,0.0034663840000000003
0.861733,0.0034159850000000003
0.860659,0.003208785
0.859584,0.0030127860000000004
0.85851,0.002883987
0.857435,0.002710388
0.8563609999999999,0.0025647880000000006
0.855286,0.0024135890000000003
0.854212,0.00225679
0.8531369999999999,0.0021391900000000004
0.852063,0.001987991
0.850988,0.0018031920000000001
0.849914,0.0017527920000000002
0.8488399999999999,0.0016071920000000001
0.847765,0.0014559930000000003
0.846691,0.0013999930000000002
0.8456159999999999,0.0012431940000000002
0.844542,0.0011031950000000002
0.843467,0.001035995
0.842393,0.000923995
0.841318,0.0008063960000000001
0.840244,0.000722396
0.8391689999999999,0.000655197
0.8380949999999999,0.000543197
0.83702,0.00045359800000000004
0.835946,0.00034719800000000006
0.8348709999999999,0.00030239800000000005
0.833797,0.000179199
0.832722,0.00010639900000000001
0.8316479999999999,0.00010079900000000001
0.830573,1.1199951000000002e-05
0.829499,-8.959960800000002e-05
0.8284239999999999,-8.3999632e-05
0.8273499999999999,-0.000179199
0.826275,-0.00026879800000000005
0.825201,-0.000279998
0.8241259999999999,-0.00038079800000000006
0.823052,-0.00044239800000000004
0.821978,-0.0005095970000000001
0.8209029999999999,-0.000599197
0.8198289999999999,-0.000627197
0.818754,-0.0007279960000000001
0.81768,-0.0008399960000000001
0.8166049999999999,-0.000828796
0.815531,-0.0009351950000000001
0.814456,-0.001024795
0.8133819999999999,-0.001019195
0.812307,-0.0011199950000000001
0.811233,-0.0012039940000000001
0.8101579999999999,-0.0012039940000000001
0.8090839999999999,-0.0012935940000000001
0.808009,-0.001327194
0.806935,-0.0013495940000000002
0.8058599999999999,-0.001461593
0.804786,-0.0014391930000000003
0.803711,-0.001517593
0.8026369999999999,-0.0015847930000000001
0.801562,-0.0015567930000000001
0.800488,-0.001640792
0.7994129999999999,-0.0017023920000000003
0.7983389999999999,-0.0017023920000000003
0.797264,-0.001763992
0.79619,-0.001808792
0.795115,-0.0017975920000000002
0.794041,-0.0018591910000000003
0.792967,-0.0018759910000000002
0.7918919999999999,-0.001898391
0.7908179999999999,-0.0019599910000000003
0.789743,-0.001987991
0.788669,-0.002043991
0.787594,-0.00211119
0.78652,-0.0020775900000000003
0.785445,-0.0021727900000000004
0.7843709999999999,-0.00226239
0.783296,-0.0022399900000000003
0.782222,-0.00229039
0.7811469999999999,-0.002363189
0.780073,-0.002357589
0.778998,-0.0024135890000000003
0.777924,-0.002463989
0.776849,-0.002463989
0.775775,-0.002542388
0.7746999999999999,-0.002536788
0.7736259999999999,-0.0026263880000000003
0.772551,-0.0026599880000000003
0.771477,-0.0026319880000000005
0.7704019999999999,-0.002682388
0.769328,-0.002755187
0.768253,-0.002710388
0.7671789999999999,-0.002777587
0.766104,-0.0028447870000000005
0.76503,-0.0028055870000000004
0.7639549999999999,-0.002861587
0.7628809999999999,-0.002889587
0.761807,-0.002895187
0.760732,-0.0029511870000000005
0.7596579999999999,-0.002934387
0.758583,-0.0029623870000000004
0.757509,-0.002995986
0.7564339999999999,-0.0029455870000000004
0.7553599999999999,-0.003057586
0.754285,-0.003102386
0.753211,-0.0030631860000000003
0.7521359999999999,-0.003141586
0.751062,-0.0032199850000000003
0.749987,-0.0031919860000000004
0.7489129999999999,-0.0032759850000000004
0.747838,-0.003320785
0.746764,-0.003337585
0.7456889999999999,-0.0033711850000000005
0.7446149999999999,-0.003387985
0.74354,-0.0034495840000000003
0.742466,-0.0034887840000000004
0.7413909999999999,-0.003460784
0.740317,-0.003533584
0.739242,-0.0036119840000000004
0.7381679999999999,-0.0035615840000000005
0.737093,-0.0036287840000000003
0.736019,-0.0036847830000000005
0.734945,-0.003623184
0.7338699999999999,-0.003690383
0.732796,-0.0037463830000000007
0.731721,-0.003723983
0.7306469999999999,-0.003796783
0.729572,-0.0038079830000000005
0.728498,-0.0038191830000000007
0.7274229999999999,-0.003841583
0.726349,-0.003847183
0.725274,-0.0038919820000000004
0.7242,-0.003919982000000001
0.723125,-0.0038807830000000005
0.722051,-0.003925582
0.720976,-0.004043182
0.7199019999999999,-0.003998382000000001
0.718827,-0.004059982
0.717753,-0.004104782
0.7166779999999999,-0.004115982000000001
0.715604,-0.004171981000000001
0.714529,-0.004205581
0.713455,-0.004244781
0.71238,-0.004306381000000001
0.711306,-0.004295181
0.710231,-0.004345581
0.7091569999999999,-0.00440158
0.708083,-0.00437358
0.707008,-0.00445198
0.705934,-0.004502380000000001
0.704859,-0.00448558
0.703785,-0.004541580000000001
0.70271,-0.00458638
0.7016359999999999,-0.004575180000000001
0.700561,-0.004636779000000001
0.699487,-0.004659179
0.6984119999999999,-0.004675979000000001
0.697338,-0.0047207790000000005
0.696263,-0.004715179000000001
0.695189,-0.004743179000000001
0.694114,-0.004810379000000001
0.69304,-0.004771179
0.6919649999999999,-0.004810379000000001
0.6908909999999999,-0.004888778000000001
0.689816,-0.004832778
0.688742,-0.004866378
0.6876669999999999,-0.004922378000000001
0.686593,-0.004939178
0.685518,-0.004972778000000001
0.6844439999999999,-0.005028778
0.683369,-0.005062377000000001
0.682295,-0.005112777
0.6812199999999999,-0.005135177
0.6801459999999999,-0.005157577000000001
0.679072,-0.005280776
0.677997,-0.005224777000000001
0.6769229999999999,-0.005291976
0.675848,-0.005392776
0.674774,-0.005347976000000001
0.6736989999999999,-0.005415176000000001
0.6726249999999999,-0.005487976
0.67155,-0.005471176
0.670476,-0.005532775
0.669401,-0.005588775000000001
0.668327,-0.005594375
0.667252,-0.005667175000000001
0.6661779999999999,-0.005655975000000001
0.665103,-0.005700775
0.664029,-0.005773574000000001
0.6629539999999999,-0.0057231750000000005
0.66188,-0.005801574
0.660805,-0.005851974
0.659731,-0.005823974000000001
0.658656,-0.0058631740000000005
0.657582,-0.005958374000000001
0.656507,-0.0059135740000000004
0.6554329999999999,-0.005980773
0.654358,-0.006008773
0.653284,-0.0060031730000000005
0.6522089999999999,-0.006081573000000001
0.651135,-0.006115173
0.650061,-0.006171173000000001
0.648986,-0.006243972
0.6479119999999999,-0.0062103720000000005
0.646837,-0.006299972
0.645763,-0.0063727720000000005
0.6446879999999999,-0.0063727720000000005
0.643614,-0.006428771000000001
0.642539,-0.0065127710000000005
0.641465,-0.006490371000000001
0.64039,-0.006585571000000001
0.639316,-0.006619171
0.638241,-0.006641571000000001
0.6371669999999999,-0.0067199700000000005
0.636092,-0.006747970000000001
0.635018,-0.006798370000000001
0.6339429999999999,-0.006837570000000001
0.632869,-0.006837570000000001
0.631794,-0.006910369
0.63072,-0.006994369
0.629645,-0.006955169
0.628571,-0.007033569
0.6274959999999999,-0.007095169000000001
0.6264219999999999,-0.007089569000000001
0.625347,-0.007151168
0.624273,-0.007207168
0.6231979999999999,-0.007207168
0.622124,-0.007240768000000001
0.62105,-0.007279968
0.6199749999999999,-0.007319168000000001
0.6189009999999999,-0.007380767
0.617826,-0.007391967
0.616752,-0.007459167000000001
0.6156769999999999,-0.007565566
0.614603,-0.007531966
0.613528,-0.007621567000000001
0.6124539999999999,-0.0077055660000000005
0.611379,-0.007727966
0.610305,-0.007823165000000002
0.6092299999999999,-0.007884765
0.6081559999999999,-0.007929565000000001
0.607081,-0.008007964000000001
0.606007,-0.008030365000000001
0.604932,-0.008108764000000001
0.603858,-0.008187164
0.602783,-0.008181564
0.6017089999999999,-0.008276763000000001
0.600634,-0.008343963
0.59956,-0.008366363
0.5984849999999999,-0.008450362000000001
0.597411,-0.008517563
0.596336,-0.008500763
0.595262,-0.008590362
0.5941879999999999,-0.008674362
0.593113,-0.008713562000000001
0.592039,-0.008758361000000001
0.5909639999999999,-0.008814361000000001
0.58989,-0.008847961
0.588815,-0.008931960000000001
0.587741,-0.008965561000000002
0.586666,-0.009021561
0.585592,-0.009111160000000002
0.584517,-0.00910556
0.5834429999999999,-0.009211959
0.582368,-0.009318359000000002
0.581294,-0.009312759000000002
0.5802189999999999,-0.009413559
0.579145,-0.009519958
0.57807,-0.009547958
0.576996,-0.009648757
0.575921,-0.009727157
0.574847,-0.009799957000000002
0.573772,-0.009889557
0.5726979999999999,-0.009923157
0.571623,-0.010023956
0.570549,-0.010124755000000001
0.5694739999999999,-0.010135955
0.5684,-0.010236755
0.567326,-0.010365555
0.566251,-0.010371155
0.5651769999999999,-0.010471954000000002
0.564102,-0.010561553
0.563028,-0.010589553
0.5619529999999999,-0.010701553
0.560879,-0.010768752000000001
0.559804,-0.010830353000000001
0.55873,-0.010953552000000002
0.557655,-0.010970352000000001
0.556581,-0.011059951
0.5555059999999999,-0.011166351000000001
0.5544319999999999,-0.011183150000000001
0.553357,-0.011272751000000001
0.552283,-0.01138475
0.5512079999999999,-0.01140155
0.550134,-0.011485549000000001
0.549059,-0.011659148000000001
0.5479849999999999,-0.011659148000000001
0.54691,-0.011787948000000001
0.545836,-0.011894348
0.5447609999999999,-0.011972747
0.5436869999999999,-0.012129546000000001
0.542612,-0.012185547
0.541538,-0.012291946000000002
0.540463,-0.012448745
0.539389,-0.012487945000000002
0.538314,-0.012633545000000001
0.5372399999999999,-0.012762344
0.5361659999999999,-0.012807144000000001
0.535091,-0.012924743
0.534017,-0.013087143
0.532942,-0.013103943000000002
0.531868,-0.013283142000000001
0.530793,-0.013406341
0.5297189999999999,-0.013462340000000001
0.528644,-0.01358554
0.52757,-0.013691940000000001
0.5264949999999999,-0.013803939000000001
0.525421,-0.013949538000000001
0.524346,-0.014005539000000003
0.523272,-0.014134338000000001
0.522197,-0.014291137
0.521123,-0.014324737
0.520048,-0.014498336
0.5189739999999999,-0.014632736000000002
0.517899,-0.014683135000000002
0.516825,-0.014834334000000001
0.5157499999999999,-0.014979934000000002
0.514676,-0.015091934000000003
0.513601,-0.015254333000000002
0.512527,-0.015360732000000002
0.511452,-0.015506331
0.510378,-0.015707931
0.509304,-0.01578073
0.5082289999999999,-0.015954330000000003
0.507155,-0.016161529
0.50608,-0.016251129000000003
0.505006,-0.016430328
0.503931,-0.016592728
0.502857,-0.016715927000000002
0.501782,-0.016883926
0.5007079999999999,-0.017063124000000002
0.499633,-0.017208724
0.498559,-0.017376722
0.497484,-0.017539122
0.49640999999999996,-0.017679122000000002
0.49533499999999997,-0.017891922
0.49426099999999995,-0.01800392
0.49318599999999996,-0.01819432
0.492112,-0.018418320000000002
0.491037,-0.01850792
0.489963,-0.018709518
0.488888,-0.018927918000000002
0.48781399999999997,-0.019023116000000003
0.486739,-0.019224714
0.48566499999999996,-0.019431914
0.48458999999999997,-0.019560714
0.483516,-0.019779114
0.48244099999999995,-0.019958312000000002
0.481367,-0.020126312
0.48029299999999997,-0.02038391
0.479218,-0.02053511
0.47814399999999996,-0.020753510000000003
0.47706899999999997,-0.021011108
0.475995,-0.021184708
0.47491999999999995,-0.021459104
0.473846,-0.021733504
0.472771,-0.021879102000000004
0.471697,-0.022153502000000002
0.470622,-0.022411100000000003
0.46954799999999997,-0.022590302000000003
0.468473,-0.0229039
0.46739899999999995,-0.023139098
0.46632399999999996,-0.023385496000000002
0.46525,-0.023637496
0.464175,-0.023833496000000003
0.463101,-0.024135894
0.462026,-0.024443892000000002
0.460952,-0.02464549
0.459877,-0.02494789
0.45880299999999996,-0.025267090000000002
0.45772799999999997,-0.025463088000000002
0.456654,-0.025776688000000002
0.45557899999999996,-0.026079086
0.454505,-0.026331084000000005
0.45343,-0.026655882000000002
0.452356,-0.02695828
0.45128199999999996,-0.027249480000000003
0.45020699999999997,-0.027585478000000004
0.449133,-0.027871078000000004
0.44805799999999996,-0.028184676000000002
0.446984,-0.028576674000000003
0.445909,-0.028845474000000003
0.444835,-0.029237470000000005
0.44376,-0.02960707
0.44268599999999997,-0.029892670000000003
0.441611,-0.030301466000000003
0.44053699999999996,-0.030704664000000003
0.43946199999999996,-0.031029462
0.438388,-0.031466262
0.437313,-0.031852658000000006
0.436239,-0.032239058
0.435164,-0.032692654
0.43409,-0.033067854
0.433015,-0.033454254
0.43194099999999996,-0.033941452000000004
0.43086599999999997,-0.034322248
0.429792,-0.034798244000000006
0.42871699999999996,-0.035285444000000006
0.427643,-0.03563824
0.426568,-0.036136640000000005
0.425494,-0.036629436
0.42441999999999996,-0.037049436000000005
0.42334499999999997,-0.037559032000000006
0.422271,-0.038029432
0.42119599999999996,-0.038505432000000006
0.420122,-0.039043028
0.419047,-0.039479828
0.417973,-0.040023024000000004
0.416898,-0.04056622000000001
0.41582399999999997,-0.04100302000000001
0.414749,-0.041529420000000004
0.41367499999999996,-0.042089416
0.41259999999999997,-0.042559812
0.411526,-0.043131008
0.41045099999999995,-0.043674208000000006
0.409377,-0.044150204
0.408302,-0.04468780000000001
0.407228,-0.045203004000000005
0.406153,-0.045639796
0.40507899999999997,-0.046154996000000004
0.404004,-0.046602996
0.40292999999999995,-0.047000592
0.40185499999999996,-0.047470992000000004
0.400781,-0.047829388
0.399706,-0.048226988
0.398632,-0.048624584000000005
0.397557,-0.048910184
0.396483,-0.04927978400000001
0.39540899999999995,-0.0506404
0.39433399999999996,-0.05085914800000001
0.39326,-0.051843520000000004
0.392185,-0.052937268
0.391111,-0.05359351200000001
0.390036,-0.054359132000000004
0.388962,-0.05545288
0.387887,-0.056218500000000005
0.38681299999999996,-0.057312244000000005
0.38573799999999997,-0.058296616
0.384664,-0.059171612000000005
0.38358899999999996,-0.06048410800000001
0.382515,-0.061249732
0.38144,-0.062452852
0.380366,-0.06365596800000001
0.379291,-0.06453096000000001
0.37821699999999997,-0.06584346
0.377142,-0.067265328
0.37606799999999996,-0.068140328
0.37499299999999997,-0.069452816
0.373919,-0.070874688
0.372844,-0.071968432
0.37177,-0.07328092000000001
0.370695,-0.074702792
0.369621,-0.07601528800000001
0.368546,-0.077546528
0.36747199999999997,-0.07885902400000001
0.366398,-0.08049964
0.365323,-0.081921512
0.364249,-0.083452752
0.363174,-0.08498399200000001
0.3621,-0.086843368
0.361025,-0.088155856
0.35995099999999997,-0.090015224
0.358876,-0.091874592
0.357802,-0.09340584000000002
0.35672699999999996,-0.095374576
0.355653,-0.09734332000000001
0.354578,-0.09898393600000001
0.353504,-0.101171
0.352429,-0.103249
0.351355,-0.10510800000000001
0.35028,-0.107515
0.34920599999999996,-0.109374
0.34813099999999997,-0.11188999999999999
0.347057,-0.114186
0.345982,-0.11637399999999999
0.344908,-0.11889
0.343833,-0.121405
0.342759,-0.12392099999999999
0.341684,-0.12643600000000002
0.34060999999999997,-0.12949899999999998
0.339536,-0.13201500000000002
0.338461,-0.134968
0.337387,-0.13802999999999999
0.336312,-0.140764
0.335238,-0.144264
0.334163,-0.147327
0.33308899999999997,-0.150718
0.332014,-0.154327
0.33094,-0.157608
0.32986499999999996,-0.161218
0.328791,-0.16537400000000002
0.327716,-0.168874
0.326642,-0.173139
0.325567,-0.17740499999999998
0.324493,-0.181452
0.323418,-0.18593600000000002
0.32234399999999996,-0.190639
0.32126899999999997,-0.195124
0.320195,-0.200155
0.31911999999999996,-0.205186
0.318046,-0.21032700000000001
0.316971,-0.215905
0.315897,-0.221264
0.314822,-0.22716999999999998
0.31374799999999997,-0.23351399999999997
0.312673,-0.23942000000000002
0.31159899999999996,-0.245983
0.310525,-0.252983
0.30945,-0.259764
0.308376,-0.267092
0.307301,-0.274748
0.30622699999999997,-0.282404
0.305152,-0.29082600000000003
0.30407799999999996,-0.299139
0.30300299999999997,-0.307998
0.301929,-0.31718599999999997
0.300854,-0.326592
0.29978,-0.336436
0.298705,-0.347045
0.297631,-0.357764
0.296556,-0.369029
0.29548199999999997,-0.38106
0.294407,-0.393091
0.293333,-0.406326
0.29225799999999996,-0.41967
0.291184,-0.433669
0.290109,-0.448872
0.289035,-0.463966
0.28796,-0.480263
0.286886,-0.49765400000000004
0.285811,-0.515482
0.28473699999999996,-0.534185
0.283663,-0.554638
0.282588,-0.5752
0.281514,-0.597403
0.280439,-0.6213559999999999
0.279365,-0.645965
0.27829,-0.672434
0.27721599999999996,-0.700106
0.27614099999999997,-0.729856
0.275067,-0.761574
0.273992,-0.7952619999999999
0.272918,-0.8312459999999999
0.271843,-0.8698549999999999
0.270769,-0.910105
0.269694,-0.953636
0.26861999999999997,-0.9996829999999999
0.267545,-1.05087
0.266471,-1.103151
0.26539599999999997,-1.1584940000000001
0.264322,-1.2164629999999998
0.263247,-1.277494
0.262173,-1.3409309999999999
0.261098,-1.405899
0.260024,-1.473055
0.258949,-1.541086
0.25787499999999997,-1.610867
0.2568,-1.683273
0.255726,-1.755679
0.254652,-1.8296160000000001
0.253577,-1.9053039999999999
0.252503,-1.9812089999999998
0.251428,-2.0628029999999997
0.25035399999999997,-2.1419900000000003
0.249279,-2.22249
0.24820499999999998,-2.3060519999999998
0.24713,-2.388739
0.246056,-2.473176
0.24498099999999998,-2.559363
0.24390699999999998,-2.6442379999999996
0.242832,-2.7308619999999997
0.241758,-2.817049
0.24068299999999998,-2.9023619999999997
0.239609,-2.988111
0.238534,-3.071236
0.23745999999999998,-3.1512979999999997
0.23638499999999998,-3.230048
0.235311,-3.305297
0.234236,-3.376172
0.23316199999999998,-3.442672
0.232087,-3.503484
0.231013,-3.557296
0.22993799999999998,-3.6041079999999996
0.22886399999999998,-3.6408579999999997
0.227789,-3.667983
0.226715,-3.684608
0.22564099999999998,-3.68767
0.224566,-3.678483
0.223492,-3.6557329999999997
0.222417,-3.617233
0.22134299999999998,-3.5660459999999996
0.220268,-3.5012959999999995
0.219194,-3.4225470000000002
0.21811899999999998,-3.3324219999999998
0.217045,-3.2309229999999998
0.21597,-3.118923
0.214896,-2.9977359999999997
0.21382099999999998,-2.869112
0.212747,-2.7339249999999997
0.211672,-2.5956759999999997
0.21059799999999998,-2.453051
0.209523,-2.309989
0.208449,-2.167802
0.207374,-2.0256149999999997
0.20629999999999998,-1.887804
0.205225,-1.755242
0.204151,-1.626617
0.20307599999999998,-1.50368
0.202002,-1.388181
0.200927,-1.2788059999999999
0.199853,-1.177744
0.19877799999999998,-1.083682
0.197704,-0.9966200000000001
0.19663,-0.9169949999999999
0.19555499999999998,-0.844371
0.194481,-0.7787459999999999
0.193406,-0.719246
0.192332,-0.6649970000000001
0.19125699999999998,-0.616872
0.190183,-0.573997
0.189108,-0.534622
0.18803399999999998,-0.5004970000000001
0.186959,-0.469872
0.185885,-0.44231
0.18481,-0.41781
0.18373599999999998,-0.396373
0.182661,-0.376685
0.181587,-0.360498
0.18051199999999998,-0.344748
0.179438,-0.33074800000000004
0.178363,-0.318936
0.177289,-0.307123
0.17621399999999998,-0.297061
0.17514,-0.287873
0.174065,-0.279123
0.172991,-0.271248
0.17191599999999999,-0.265123
0.170842,-0.258123
0.169768,-0.252436
0.16869299999999998,-0.246748
0.167619,-0.241061
0.166544,-0.23624799999999999
0.16547,-0.23099799999999998
0.16439499999999999,-0.226623
0.163321,-0.222686
0.162246,-0.218749
0.16117199999999998,-0.21437399999999998
0.160097,-0.21087399999999998
0.159023,-0.20693599999999998
0.157948,-0.202999
0.15687399999999999,-0.200374
0.155799,-0.196436
0.154725,-0.192936
0.15364999999999998,-0.189874
0.152576,-0.186374
0.151501,-0.183311
0.150427,-0.180249
0.14935199999999998,-0.177624
0.148278,-0.174561
0.147203,-0.17149899999999998
0.14612899999999998,-0.16843599999999997
0.145054,-0.166249
0.14398,-0.162749
0.142905,-0.160124
0.14183099999999998,-0.158374
0.140757,-0.155311
0.139682,-0.15312399999999998
0.13860799999999998,-0.150499
0.137533,-0.14787399999999998
0.136459,-0.146124
0.135384,-0.143936
0.13430999999999998,-0.141749
0.133235,-0.139999
0.132161,-0.137811
0.13108599999999998,-0.136061
0.130012,-0.13474899999999998
0.128937,-0.13299899999999998
0.127863,-0.13124899999999998
0.12678799999999998,-0.130374
0.125714,-0.128186
0.124639,-0.127311
0.123565,-0.125999
0.12248999999999999,-0.12424899999999998
0.121416,-0.123374
0.12034099999999999,-0.122499
0.119267,-0.120749
0.11819199999999999,-0.120311
0.117118,-0.118999
0.116043,-0.11812399999999999
0.11496899999999999,-0.11724899999999999
0.113894,-0.115936
0.11281999999999999,-0.11549899999999999
0.111746,-0.115061
0.11067099999999999,-0.11374899999999999
0.109597,-0.113311
0.108522,-0.112874
0.107448,-0.111999
0.106373,-0.11156200000000001
0.10529899999999999,-0.111124
0.104224,-0.110249
0.10314999999999999,-0.109812
0.102075,-0.109374
0.101001,-0.108499
0.099926736,-0.10893699999999999
0.098852256,-0.10806199999999999
0.09777777600000001,-0.10806199999999999
0.09670329600000001,-0.107624
0.095628816,-0.10718699999999999
0.094554336,-0.106749
0.093479848,-0.106749
0.092405368,-0.105874
0.09133089600000001,-0.105874
0.09025640800000001,-0.105874
0.08918192800000001,-0.10543699999999999
0.088107448,-0.104999
0.087032968,-0.104999
0.08595848,-0.10456199999999999
0.084884,-0.10456199999999999
0.08380952800000001,-0.10368699999999999
0.08273504000000001,-0.10368699999999999
0.08166056000000001,-0.104124
0.08058607200000001,-0.102812
0.0795116,-0.103249
0.07843712,-0.103249
0.077362632,-0.102374
0.07628816000000001,-0.101937
0.07521367200000001,-0.101937
0.074139192,-0.101499
0.073064712,-0.101937
0.071990232,-0.101499
0.070915752,-0.100624
0.069841264,-0.101062
0.068766784,-0.100624
0.067692312,-0.100187
0.066617824,-0.100187
0.065543348,-0.099749552
0.06446886,-0.099749552
0.063394384,-0.099749552
0.062319900000000004,-0.09931205600000001
0.06124542,-0.09931205600000001
0.060170940000000006,-0.09931205600000001
0.05909646,-0.09887456800000001
0.058021976,-0.09887456800000001
0.056947496,-0.09887456800000001
0.055873016000000005,-0.098437064
0.054798532000000004,-0.09887456800000001
0.053724056000000006,-0.09887456800000001
0.052649572000000006,-0.098437064
0.051575092,-0.098437064
0.050500608,-0.09799956800000001
0.049426128,-0.09799956800000001
0.048351648000000004,-0.098437064
0.047277168,-0.09799956800000001
0.046202684,-0.09799956800000001
0.045128204000000005,-0.09799956800000001
0.044053724,-0.097562064
0.04297924,-0.09799956800000001
0.041904764000000004,-0.09799956800000001
0.040830280000000004,-0.097562064
0.0397558,-0.09799956800000001
0.038681316,-0.097562064
0.037606836000000005,-0.09712456800000001
0.036532356,-0.09799956800000001
0.035457876,-0.09712456800000001
0.034383392,-0.09712456800000001
0.033308912,-0.097562064
0.03223443,-0.09712456800000001
0.031159950000000002,-0.09712456800000001
0.030085470000000003,-0.097562064
0.029010988,-0.09712456800000001
0.027936508000000002,-0.09712456800000001
0.026862028000000003,-0.09712456800000001
0.025787546,-0.09712456800000001
0.024713064,-0.097562064
0.023638584,-0.09668707200000001
0.022564102000000003,-0.09668707200000001
0.02148962,-0.097562064
0.020415140000000002,-0.09624956800000001
0.019340658,-0.09624956800000001
0.018266178,-0.09712456800000001
0.017191696,-0.09581207200000001
0.016117215,-0.09581207200000001
0.015042735000000002,-0.09624956800000001
0.013968254000000001,-0.09581207200000001
0.012893773,-0.09581207200000001
0.011819292,-0.095374576
0.01074481,-0.09493708000000001
0.009670329,-0.095374576
0.008595848,-0.09449958400000001
0.007521367,-0.09362458400000001
0.006446886000000001,-0.09449958400000001
0.005372405,-0.09362458400000001
0.004297924,-0.093187088
0.0032234430000000003,-0.093187088
0.002148962,-0.09253084000000002
0.001074481,-0.09253084000000002
0.0,-0.09253084000000002
-0.001074481,-0.091874592
-0.002148962,-0.09165584000000002
-0.0032234430000000003,-0.09143709600000001
-0.004297924,-0.09056209600000001
-0.005372405,-0.09099960000000001
-0.006446886000000001,-0.09012460000000001
-0.007521367,-0.089905856
-0.008595848,-0.09012460000000001
-0.009670329,-0.08924960000000001
-0.01074481,-0.08859336000000001
-0.011819292,-0.08924960000000001
-0.012893773,-0.088155856
-0.013968254000000001,-0.08793711200000001
-0.015042735000000002,-0.088155856
-0.016117215,-0.087280856
-0.017191696,-0.087280856
-0.018266178,-0.086624616
-0.019340658,-0.08618711200000001
-0.020415140000000002,-0.08618711200000001
-0.02148962,-0.08553087200000001
-0.022564102000000003,-0.08531212
-0.023638584,-0.08531212
-0.024713064,-0.08421837600000001
-0.025787546,-0.08421837600000001
-0.026862028000000003,-0.08421837600000001
-0.027936508000000002,-0.083343384
-0.029010988,-0.08290588800000001
-0.030085470000000003,-0.083124632
-0.031159950000000002,-0.082468384
-0.03223443,-0.08181213600000001
-0.033308912,-0.08203088800000001
-0.034383392,-0.08115588800000001
-0.035457876,-0.08137464
-0.036532356,-0.08049964
-0.037606836000000005,-0.08028088800000001
-0.038681316,-0.08049964
-0.0397558,-0.07918714400000001
-0.040830280000000004,-0.079405896
-0.041904764000000004,-0.07984340000000001
-0.04297924,-0.078749648
-0.044053724,-0.07853090400000001
-0.045128204000000005,-0.07853090400000001
-0.046202684,-0.07809340000000001
-0.047277168,-0.07787465600000001
-0.048351648000000004,-0.07787465600000001
-0.049426128,-0.07699965600000001
-0.050500608,-0.077218408
-0.051575092,-0.07699965600000001
-0.052649572000000006,-0.075905912
-0.053724056000000006,-0.076124664
-0.054798532000000004,-0.07568716
-0.055873016000000005,-0.07524966400000001
-0.056947496,-0.07546841600000001
-0.058021976,-0.074374672
-0.05909646,-0.07459341600000001
-0.060170940000000006,-0.07503092
-0.06124542,-0.073718424
-0.062319900000000004,-0.07328092000000001
-0.063394384,-0.073718424
-0.06446886,-0.07328092000000001
-0.065543348,-0.072843432
-0.066617824,-0.07262468000000001
-0.067692312,-0.071530936
-0.068766784,-0.07262468000000001
-0.069841264,-0.072187176
-0.070915752,-0.07174968000000001
-0.071990232,-0.07262468000000001
-0.073064712,-0.07109343200000001
-0.074139192,-0.07109343200000001
-0.07521367200000001,-0.071530936
-0.07628816000000001,-0.07043719200000001
-0.077362632,-0.07043719200000001
-0.07843712,-0.070874688
-0.0795116,-0.07043719200000001
-0.08058607200000001,-0.069780936
-0.08166056000000001,-0.069780936
-0.08273504000000001,-0.06912468800000002
-0.08380952800000001,-0.069780936
-0.084884,-0.06934344800000002
-0.08595848,-0.06890594400000001
-0.087032968,-0.06934344800000002
-0.088107448,-0.06868719200000001
-0.08918192800000001,-0.06868719200000001
-0.09025640800000001,-0.068249696
-0.09133089600000001,-0.068030952
-0.092405368,-0.067593448
-0.093479848,-0.06737470400000001
-0.094554336,-0.067155952
-0.095628816,-0.06693720400000001
-0.09670329600000001,-0.066718452
-0.09777777600000001,-0.066718452
-0.098852256,-0.066499704
-0.099926736,-0.066062208
-0.101001,-0.06540596000000001
-0.102075,-0.066499704
-0.10314999999999999,-0.06584346
-0.104224,-0.06540596000000001
-0.10529899999999999,-0.06584346
-0.106373,-0.064968464
-0.107448,-0.064968464
-0.108522,-0.06584346
-0.109597,-0.06518721200000001
-0.11067099999999999,-0.06540596000000001
-0.111746,-0.06474971600000001
-0.11281999999999999,-0.06431221200000001
-0.113894,-0.06453096000000001
-0.11496899999999999,-0.06431221200000001
-0.116043,-0.06387471600000001
-0.117118,-0.064093464
-0.11819199999999999,-0.064093464
-0.119267,-0.06321846800000001
-0.12034099999999999,-0.06387471600000001
-0.121416,-0.06343722
-0.12248999999999999,-0.062780972
-0.123565,-0.06321846800000001
-0.124639,-0.062562224
-0.125714,-0.06321846800000001
-0.12678799999999998,-0.06299972
-0.127863,-0.06212472
-0.128937,-0.06212472
-0.130012,-0.061905976
-0.13108599999999998,-0.06146848
-0.132161,-0.06212472
-0.133235,-0.061249732
-0.13430999999999998,-0.06146848
-0.135384,-0.06168722800000001
-0.136459,-0.06103097600000001
-0.137533,-0.06059348
-0.13860799999999998,-0.06059348
-0.139682,-0.06059348
-0.140757,-0.06103097600000001
-0.14183099999999998,-0.06168722800000001
-0.142905,-0.060374732
-0.14398,-0.060374732
-0.145054,-0.06059348
-0.14612899999999998,-0.059499736000000004
-0.147203,-0.060374732
-0.148278,-0.059280988
-0.14935199999999998,-0.059499736000000004
-0.150427,-0.05993723200000001
-0.151501,-0.059499736000000004
-0.152576,-0.058843488000000006
-0.15364999999999998,-0.06015598400000001
-0.154725,-0.059062236000000004
-0.155799,-0.059499736000000004
-0.15687399999999999,-0.059280988
-0.157948,-0.058843488000000006
-0.159023,-0.05862474000000001
-0.160097,-0.05862474000000001
-0.16117199999999998,-0.05862474000000001
-0.162246,-0.059280988
-0.163321,-0.058405992000000004
-0.16439499999999999,-0.057312244000000005
-0.16547,-0.057312244000000005
-0.166544,-0.057749744
-0.167619,-0.057312244000000005
-0.16869299999999998,-0.057968492
-0.169768,-0.057312244000000005
-0.170842,-0.056874748
-0.17191599999999999,-0.05709349600000001
-0.172991,-0.056218500000000005
-0.174065,-0.05643725200000001
-0.17514,-0.056656
-0.17621399999999998,-0.056218500000000005
-0.177289,-0.057312244000000005
-0.178363,-0.05643725200000001
-0.179438,-0.05599975200000001
-0.18051199999999998,-0.056874748
-0.181587,-0.056656
-0.182661,-0.055781004
-0.18373599999999998,-0.056656
-0.18481,-0.05599975200000001
-0.185885,-0.055562252000000006
-0.186959,-0.056218500000000005
-0.18803399999999998,-0.055124752000000006
-0.189108,-0.055781004
-0.190183,-0.055781004
-0.19125699999999998,-0.05468726
-0.192332,-0.055562252000000006
-0.193406,-0.054468508000000006
-0.194481,-0.05468726
-0.19555499999999998,-0.055124752000000006
-0.19663,-0.05468726
-0.197704,-0.05424976
-0.19877799999999998,-0.05468726
-0.199853,-0.05359351200000001
-0.19877799999999998,-0.046812292000000005
-0.197704,-0.043531056000000005
-0.19663,-0.041343564000000006
-0.19555499999999998,-0.040359196
-0.194481,-0.03871858
-0.193406,-0.037406084000000006
-0.192332,-0.03751546
-0.19125699999999998,-0.035327968
-0.190183,-0.034015476
-0.189108,-0.034890468
-0.18803399999999998,-0.033687352000000004
-0.186959,-0.03292173
-0.185885,-0.033359226
-0.18481,-0.031827984000000004
-0.18373599999999998,-0.032484232
-0.182661,-0.032046732
-0.181587,-0.030077992000000005
-0.18051199999999998,-0.030515488000000004
-0.179438,-0.03029674
-0.178363,-0.029968616000000003
-0.177289,-0.030077992000000005
-0.17621399999999998,-0.028984246
-0.17514,-0.029202996000000002
-0.174065,-0.028328
-0.172991,-0.028765498000000004
-0.17191599999999999,-0.028546748000000004
-0.170842,-0.027890502
-0.169768,-0.02712488
-0.16869299999999998,-0.027453004000000003
-0.167619,-0.027015506
-0.166544,-0.026359258
-0.16547,-0.026468634
-0.16439499999999999,-0.026031134000000004
-0.163321,-0.024718642000000002
-0.162246,-0.025921760000000002
-0.16117199999999998,-0.025156138
-0.160097,-0.024609266
-0.159023,-0.024828014000000002
-0.157948,-0.024062392000000002
-0.15687399999999999,-0.023843644
-0.155799,-0.024281142000000002
-0.154725,-0.023187396000000002
-0.15364999999999998,-0.023734270000000002
-0.152576,-0.023187396000000002
-0.151501,0.0004759970000000001
-0.150427,-0.00226239
-0.14935199999999998,-0.002710388
-0.148278,-0.002855987
-0.147203,-0.0027663870000000004
-0.14612899999999998,-0.002514389
-0.145054,-0.0024527890000000004
-0.14398,-0.0023463890000000004
-0.142905,-0.0020271910000000002
-0.14183099999999998,-0.00208319
-0.140757,-0.0019431910000000001
-0.139682,-0.001707992
-0.13860799999999998,-0.001763992
-0.137533,-0.0014391930000000003
-0.136459,-0.001164794
-0.135384,-0.0011535940000000002
-0.13430999999999998,-0.000755996
-0.133235,-0.0006383970000000001
-0.132161,-0.00041999800000000004
-0.13108599999999998,-1.1199951000000002e-05
-0.130012,0.00012319900000000002
-0.128937,0.000156799
-0.127863,0.0005543970000000001
-0.12678799999999998,0.000643997
-0.125714,0.000817596
-0.124639,0.0011423950000000003
-0.123565,0.001164794
-0.12248999999999999,0.001461593
-0.121416,0.0017247920000000002
-0.12034099999999999,0.0016463920000000002
-0.119267,0.002015991
-0.11819199999999999,0.00221759
-0.117118,0.0021671900000000003
-0.116043,0.002463989
-0.11496899999999999,0.002581588
-0.113894,0.002536788
-0.11281999999999999,0.002867187
-0.111746,0.0028727870000000003
-0.11067099999999999,0.002967987
-0.109597,0.0032031860000000002
-0.108522,0.0031583860000000004
-0.107448,0.003337585
-0.106373,0.003477584
-0.10529899999999999,0.003460784
-0.104224,0.0036735830000000002
-0.10314999999999999,0.003763183
-0.102075,0.004026382
-0.101001,0.004205581
-0.099926736,0.0043847800000000004
-0.098852256,0.0043679800000000005
-0.09777777600000001,0.004687179
-0.09670329600000001,0.004855178000000001
-0.095628816,0.004939178
-0.094554336,0.005241577000000001
-0.093479848,0.005269577
-0.092405368,0.005476776000000001
-0.09133089600000001,0.005695175
-0.09025640800000001,0.005717575000000001
-0.08918192800000001,0.005947174
-0.088107448,0.006120773
-0.087032968,0.006154373
-0.08595848,0.006535171
-0.084884,0.006467971
-0.08380952800000001,0.006473571
-0.08273504000000001,0.00670877
-0.08166056000000001,0.006680770000000001
-0.08058607200000001,0.00680397
-0.0795116,0.006999969000000001
-0.07843712,0.007033569
-0.077362632,0.007173568000000001
-0.07628816000000001,0.007251968000000001
-0.07521367200000001,0.007190368000000001
-0.074139192,0.007408767
-0.073064712,0.007447967000000001
-0.071990232,0.007363967000000001
-0.070915752,0.007515165999999999
-0.069841264,0.007531966
-0.068766784,0.007515165999999999
-0.067692312,0.007834365000000001
-0.066617824,0.007761566000000001
-0.065543348,0.007795165000000001
-0.06446886,0.008097564000000002
-0.063394384,0.008097564000000002
-0.062319900000000004,0.008276763000000001
-0.06124542,0.008528763
-0.060170940000000006,0.008517563
-0.05909646,0.008724762
-0.058021976,0.008831161000000002
-0.056947496,0.008864761
-0.055873016000000005,0.009083160000000002
-0.054798532000000004,0.00915596
-0.053724056000000006,0.00916716
-0.052649572000000006,0.009363158
-0.051575092,0.009363158
-0.050500608,0.009480759
-0.049426128,0.009727157
-0.048351648000000004,0.009637558000000001
-0.047277168,0.009682357
-0.046202684,0.009850356000000001
-0.045128204000000005,0.009738357000000001
-0.044053724,0.009923157
-0.04297924,0.010029556
-0.041904764000000004,0.009934357000000001
-0.040830280000000004,0.010152755000000001
-0.0397558,0.010113555000000002
-0.038681316,0.010040756
-0.037606836000000005,0.010169555000000002
-0.036532356,0.010119155000000001
-0.035457876,0.010107955
-0.034383392,0.010275954
-0.033308912,0.010438354
-0.03223443,0.010488754000000001
-0.031159950000000002,0.010645553000000002
-0.030085470000000003,0.010550354000000001
-0.029010988,0.010751952
-0.027936508000000002,0.010886352
-0.026862028000000003,0.010830353000000001
-0.025787546,0.011121551
-0.024713064,0.011110351000000001
-0.023638584,0.011149551
-0.022564102000000003,0.011339950000000001
-0.02148962,0.011351150000000003
-0.020415140000000002,0.011351150000000003
-0.019340658,0.011597549
-0.018266178,0.011535949
-0.017191696,0.011687148000000001
-0.016117215,0.011748749000000001
-0.015042735000000002,0.011647948000000002
-0.013968254000000001,0.011759949
-0.012893773,0.011838348000000002
-0.011819292,0.011782348000000002
-0.01074481,0.011944747
-0.009670329,0.011911148000000002
-0.008595848,0.011894348
-0.007521367,0.012017547000000002
-0.006446886000000001,0.012006347000000002
-0.005372405,0.011961547000000001
-0.004297924,0.012067947
-0.0032234430000000003,0.011989547000000001
-0.002148962,0.011944747
-0.001074481,0.012079146
0.0,0.012185547
0.001074481,0.012095946
0.002148962,0.012219146
0.0032234430000000003,0.012202347
0.004297924,0.012370346
0.005372405,0.012476745000000001
0.006446886000000001,0.012499145000000001
0.007521367,0.012756744
0.008595848,0.012723144
0.009670329,0.012739944000000001
0.01074481,0.012980743000000001
0.011819292,0.012980743000000001
0.012893773,0.013008742000000002
0.013968254000000001,0.013187942000000001
0.015042735000000002,0.013120743
0.016117215,0.013148742000000001
0.017191696,0.013322341000000001
0.018266178,0.013389541
0.019340658,0.013495940000000001
0.020415140000000002,0.013484740000000002
0.02148962,0.013411941
0.022564102000000003,0.013574341
0.023638584,0.013540741
0.024713064,0.013546341
0.025787546,0.01370314
0.026862028000000003,0.013635940000000001
0.027936508000000002,0.013630340000000001
0.029010988,0.013753539
0.030085470000000003,0.013697540000000001
0.031159950000000002,0.01370314
0.03223443,0.013742339000000001
0.033308912,0.013686340000000002
0.034383392,0.013921538
0.035457876,0.013932738
0.036532356,0.013876739
0.037606836000000005,0.014027939
0.038681316,0.014111938000000001
0.0397558,0.014139938000000001
0.040830280000000004,0.014246337000000001
0.041904764000000004,0.014313537000000001
0.04297924,0.014335937000000002
0.044053724,0.014531936000000002
0.045128204000000005,0.014492737000000002
0.046202684,0.014554336000000001
0.047277168,0.014772735
0.048351648000000004,0.014610336000000002
0.049426128,0.014783935000000002
0.050500608,0.014895934000000001
0.051575092,0.014907134000000002
0.052649572000000006,0.014957534000000001
0.053724056000000006,0.014940734000000002
0.054798532000000004,0.014923935000000001
0.055873016000000005,0.015080734000000002
0.056947496,0.015030333
0.058021976,0.015058334000000001
0.05909646,0.015198334000000003
0.060170940000000006,0.015198334000000003
0.06124542,0.015142334000000002
0.062319900000000004,0.015237533000000001
0.063394384,0.015147932999999999
0.06446886,0.015215133
0.065543348,0.015237533000000001
0.066617824,0.015142334000000002
0.067692312,0.015265533000000003
0.068766784,0.015377533
0.069841264,0.015327132000000002
0.070915752,0.015422332
0.071990232,0.015427931000000002
0.073064712,0.015467132000000001
0.074139192,0.015719131
0.07521367200000001,0.015752731000000002
0.07628816000000001,0.01582553
0.077362632,0.015959929
0.07843712,0.015982329000000003
0.0795116,0.016144729
0.08058607200000001,0.016273529000000002
0.08166056000000001,0.016267928
0.08273504000000001,0.016435927000000003
0.08380952800000001,0.016407928000000002
0.084884,0.016475127000000003
0.08595848,0.016682327
0.087032968,0.016704727000000003
0.088107448,0.016727127
0.08918192800000001,0.016906326
0.09025640800000001,0.016855926
0.09133089600000001,0.016928726
0.092405368,0.017023926
0.093479848,0.017051924000000003
0.094554336,0.017102326
0.095628816,0.017253524
0.09670329600000001,0.017175124
0.09777777600000001,0.017348724
0.098852256,0.017348724
0.099926736,0.017309524
0.101001,0.017460724
0.102075,0.017443924000000003
0.10314999999999999,0.017589524000000002
0.104224,0.017751922
0.10529899999999999,0.017712722
0.106373,0.01783032
0.107448,0.018009522
0.108522,0.018026320000000002
0.109597,0.018138320000000003
0.11067099999999999,0.018272718
0.111746,0.018255920000000002
0.11281999999999999,0.018519118
0.113894,0.018547118
0.11496899999999999,0.018513518000000003
0.116043,0.018703916000000004
0.117118,0.018698318000000002
0.11819199999999999,0.018793516
0.119267,0.018983916000000003
0.12034099999999999,0.018972716000000004
0.121416,0.018922316
0.12248999999999999,0.019039916
0.123565,0.018983916000000003
0.124639,0.019028716
0.125714,0.019185516000000003
0.12678799999999998,0.019107116
0.127863,0.019151916
0.128937,0.019191114000000002
0.130012,0.019045516000000002
0.13108599999999998,0.019146314
0.132161,0.019112716000000002
0.133235,0.018983916000000003
0.13430999999999998,0.019067916
0.135384,0.018950318000000004
0.136459,0.018855116
0.137533,0.019034316000000003
0.13860799999999998,0.018866316000000004
0.139682,0.018860718000000002
0.140757,0.018905518000000003
0.14183099999999998,0.018793516
0.142905,0.018933516
0.14398,0.018978316000000002
0.145054,0.018871918
0.14612899999999998,0.018922316
0.147203,0.018955916
0.148278,0.018838318000000003
0.14935199999999998,0.018922316
0.150427,0.018871918
0.151501,0.018720718
0.152576,0.018782316
0.15364999999999998,0.018670317999999998
0.154725,0.018636718000000004
0.155799,0.018664718
0.15687399999999999,0.018519118
0.157948,0.018535918000000002
0.159023,0.01835672
0.160097,0.01821112
0.16117199999999998,0.018233520000000003
0.162246,0.018149520000000002
0.163321,0.01794792
0.16439499999999999,0.017987122
0.16547,0.01780792
0.166544,0.017656722
0.167619,0.017651122
0.16869299999999998,0.017466324
0.169768,0.017359924
0.170842,0.017292724000000002
0.17191599999999999,0.017208724
0.172991,0.017197524
0.174065,0.017029524
0.17514,0.016906326
0.17621399999999998,0.016917526000000002
0.177289,0.016889524000000003
0.178363,0.016721526
0.179438,0.016788726
0.18051199999999998,0.016659927
0.181587,0.016570328000000002
0.182661,0.016626327
0.18373599999999998,0.016357527
0.18481,0.016363128
0.185885,0.016307129
0.186959,0.016167129
0.18803399999999998,0.016144729
0.189108,0.016055129
0.190183,0.015791930000000003
0.19125699999999998,0.015786331000000004
0.192332,0.01572473
0.193406,0.015500732000000001
0.194481,0.015523132000000002
0.19555499999999998,0.015383132000000002
0.19663,0.015131132
0.197704,0.015209534000000002
0.19877799999999998,0.014951934000000002
0.199853,0.014811934
0.200927,0.014800735
0.202002,0.014593536
0.20307599999999998,0.014447936000000001
0.204151,0.014363936
0.205225,0.014184738000000002
0.20629999999999998,0.014235137
0.207374,0.013999939000000001
0.208449,0.013932738
0.209523,0.013988738
0.21059799999999998,0.013876739
0.211672,0.013792739000000002
0.212747,0.013921538
0.21382099999999998,0.013775939000000001
0.214896,0.013691940000000001
0.21597,0.013759139
0.217045,0.013675140000000002
0.21811899999999998,0.013652740000000002
0.219194,0.01364154
0.220268,0.013546341
0.22134299999999998,0.013568741
0.222417,0.013439941
0.223492,0.013383941
0.224566,0.013529540000000001
0.22564099999999998,0.01344554
0.226715,0.013277542000000002
0.227789,0.013355941000000001
0.22886399999999998,0.013255142000000001
0.22993799999999998,0.013221542000000001
0.231013,0.013221542000000001
0.232087,0.013143142000000002
0.23316199999999998,0.013115143000000001
0.234236,0.013148742000000001
0.235311,0.013019942000000001
0.23638499999999998,0.013019942000000001
0.23745999999999998,0.012969543000000002
0.238534,0.012891143
0.239609,0.012924743
0.24068299999999998,0.013003142
0.241758,0.012902343
0.242832,0.013025542000000001
0.24390699999999998,0.013047942000000002
0.24498099999999998,0.013003142
0.246056,0.013103943000000002
0.24713,0.013087143
0.24820499999999998,0.013131942
0.249279,0.013255142000000001
0.25035399999999997,0.013171142000000002
0.251428,0.013288741000000001
0.252503,0.013305541
0.253577,0.013305541
0.254652,0.013423141000000001
0.255726,0.01344554
0.2568,0.01345114
0.25787499999999997,0.013579941000000002
0.258949,0.013535141
0.260024,0.01345674
0.261098,0.013647140000000002
0.262173,0.013557541000000001
0.263247,0.013630340000000001
0.264322,0.01371994
0.26539599999999997,0.013635940000000001
0.266471,0.01366954
0.267545,0.01371434
0.26861999999999997,0.01370314
0.269694,0.013803939000000001
0.270769,0.013803939000000001
0.271843,0.01371994
0.272918,0.013837539000000001
0.273992,0.013792739000000002
0.275067,0.013854339000000002
0.27614099999999997,0.013960738
0.27721599999999996,0.013955138
0.27829,0.013988738
0.279365,0.014151138
0.280439,0.014195938
0.281514,0.014268737
0.282588,0.014408736
0.283663,0.014369536000000002
0.28473699999999996,0.014554336000000001
0.285811,0.014632736000000002
0.286886,0.014610336000000002
0.28796,0.014800735
0.289035,0.014800735
0.290109,0.014789535000000001
0.291184,0.015002334
0.29225799999999996,0.014974333000000003
0.293333,0.015035934000000003
0.294407,0.015187134000000001
0.29548199999999997,0.015209534000000002
0.296556,0.015226333
0.297631,0.015310332999999999
0.298705,0.015299133
0.29978,0.015422332
0.300854,0.015444732000000001
0.301929,0.015439131000000002
0.30300299999999997,0.015545532000000003
0.30407799999999996,0.015601531000000002
0.305152,0.015573531
0.30622699999999997,0.015629532
0.307301,0.015668730999999998
0.308376,0.015691131
0.30945,0.015870330000000002
0.310525,0.015808731
0.31159899999999996,0.01586473
0.312673,0.016004729
0.31374799999999997,0.016055129
0.314822,0.016167129
0.315897,0.016273529000000002
0.316971,0.016239929000000004
0.318046,0.016435927000000003
0.31911999999999996,0.016497527
0.320195,0.016525528
0.32126899999999997,0.016671127
0.32234399999999996,0.016643126
0.323418,0.016704727000000003
0.324493,0.016867126000000003
0.325567,0.016895126
0.326642,0.016951126
0.327716,0.017029524
0.328791,0.017035126
0.32986499999999996,0.017163924000000004
0.33094,0.017203124
0.332014,0.017225524000000002
0.33308899999999997,0.017376722
0.334163,0.017382324
0.335238,0.017399122000000003
0.336312,0.017527922
0.337387,0.017555924
0.338461,0.017572722000000002
0.339536,0.017662322000000005
0.34060999999999997,0.017662322000000005
0.341684,0.017712722
0.342759,0.017813522
0.343833,0.017891922
0.344908,0.017998322
0.345982,0.018093520000000002
0.347057,0.01813272
0.34813099999999997,0.018317518
0.34920599999999996,0.018423918
0.35028,0.018541518
0.351355,0.018715116000000004
0.352429,0.018771116
0.353504,0.018916718000000003
0.354578,0.019084716
0.355653,0.019140716000000002
0.35672699999999996,0.019291916000000003
0.357802,0.019487914000000002
0.358876,0.019504714000000003
0.35995099999999997,0.019644712
0.361025,0.019835114
0.3621,0.019919112
0.363174,0.020131910000000003
0.364249,0.020193512
0.365323,0.020299912
0.366398,0.02051271
0.36747199999999997,0.020630308000000003
0.368546,0.020669508
0.369621,0.020943908000000004
0.370695,0.021050306
0.37177,0.021095106000000002
0.372844,0.021302306000000003
0.373919,0.021475906000000003
0.37499299999999997,0.021593506000000002
0.37606799999999996,0.021800704000000004
0.377142,0.021890302000000004
0.37821699999999997,0.022175902
0.379291,0.022371902000000003
0.380366,0.022500702
0.38144,0.0227919
0.382515,0.0230103
0.38358899999999996,0.023206298
0.384664,0.023469496000000003
0.38573799999999997,0.023704694000000002
0.38681299999999996,0.023923094000000002
0.387887,0.024281492000000002
0.388962,0.024505492
0.390036,0.02478549
0.391111,0.025110288
0.392185,0.025250288000000003
0.39326,0.025636688000000005
0.39433399999999996,0.025899886
0.39540899999999995,0.026202284000000003
0.396483,0.026605482
0.397557,0.026879882
0.398632,0.02717668
0.399706,0.02754628
0.400781,0.027932676000000004
0.40185499999999996,0.028285474000000005
0.40292999999999995,0.028767074000000004
0.404004,0.029097472
0.40507899999999997,0.02948947
0.406153,0.030010268000000003
0.407228,0.030424666000000003
0.408302,0.030923062000000005
0.409377,0.031438262
0.41045099999999995,0.031880660000000005
0.411526,0.032552656000000006
0.41259999999999997,0.033168654
0.41367499999999996,0.033672652000000004
0.414749,0.034490248
0.41582399999999997,0.035156648
0.416898,0.035839844
0.417973,0.03672464
0.419047,0.037497432
0.420122,0.038404628
0.42119599999999996,0.039328628000000004
0.422271,0.040258220000000004
0.42334499999999997,0.041283016000000006
0.42441999999999996,0.042296612
0.425494,0.043332608
0.426568,0.044536604
0.427643,0.04549980000000001
0.42871699999999996,0.046563796
0.429792,0.047694988
0.43086599999999997,0.04861338800000001
0.43194099999999996,0.049447780000000004
0.433015,0.04549980000000001
0.43409,0.047249792000000006
0.435164,0.048781032
0.436239,0.05085914800000001
0.437313,0.052718516
0.438388,0.054577884
0.43946199999999996,0.056984124000000004
0.44053699999999996,0.059171612000000005
0.441611,0.061249732
0.44268599999999997,0.063765344
0.44376,0.066171584
0.444835,0.06868719200000001
0.445909,0.071421552
0.446984,0.07382780000000001
0.44805799999999996,0.07699965600000001
0.449133,0.079624648
0.45020699999999997,0.082140264
0.45128199999999996,0.08553087200000001
0.452356,0.088702736
0.45343,0.09132772000000001
0.454505,0.094827704
0.45557899999999996,0.09799956800000001
0.456654,0.101062
0.45772799999999997,0.104671
0.45880299999999996,0.107952
0.459877,0.111452
0.460952,0.114733
0.462026,0.11867099999999998
0.463101,0.12228000000000001
0.464175,0.126218
0.46525,0.129608
0.46632399999999996,0.133765
0.46739899999999995,0.137593
0.468473,0.141202
0.46954799999999997,0.145468
0.470622,0.14918599999999999
0.471697,0.153233
0.472771,0.157171
0.473846,0.160889
0.47491999999999995,0.165046
0.475995,0.168874
0.47706899999999997,0.172592
0.47814399999999996,0.17696699999999999
0.479218,0.180686
0.48029299999999997,0.18418600000000002
0.481367,0.18823299999999998
0.48244099999999995,0.192171
0.483516,0.195452
0.48458999999999997,0.19938899999999998
0.48566499999999996,0.202999
0.486739,0.206061
0.48781399999999997,0.20967
0.488888,0.21295199999999997
0.489963,0.216233
0.491037,0.21929500000000002
0.492112,0.22235799999999997
0.49318599999999996,0.22553
0.49426099999999995,0.22793599999999997
0.49533499999999997,0.230561
0.49640999999999996,0.233733
0.497484,0.235702
0.498559,0.237889
0.499633,0.24040499999999998
0.5007079999999999,0.242592
0.501782,0.24434199999999998
0.502857,0.246311
0.503931,0.24806099999999998
0.505006,0.24970200000000004
0.50608,0.25112300000000004
0.507155,0.25254499999999996
0.5082289999999999,0.254076
0.509304,0.255061
0.510378,0.25604499999999997
0.511452,0.257467
0.512527,0.258233
0.513601,0.25878
0.514676,0.259764
0.5157499999999999,0.26042
0.516825,0.26085800000000003
0.517899,0.261623
0.5189739999999999,0.26184199999999996
0.520048,0.26228
0.521123,0.26249799999999995
0.522197,0.262608
0.523272,0.26315500000000003
0.524346,0.262936
0.525421,0.26282599999999995
0.5264949999999999,0.263483
0.52757,0.26337299999999997
0.528644,0.26282599999999995
0.5297189999999999,0.26337299999999997
0.530793,0.26282599999999995
0.531868,0.262717
0.532942,0.26282599999999995
0.534017,0.26228
0.535091,0.262061
0.5361659999999999,0.261951
0.5372399999999999,0.261733
0.538314,0.26151399999999997
0.539389,0.26151399999999997
0.540463,0.26118600000000003
0.541538,0.261295
0.542612,0.260967
0.5436869999999999,0.260967
0.5447609999999999,0.261295
0.545836,0.26118600000000003
0.54691,0.260967
0.5479849999999999,0.261405
0.549059,0.26151399999999997
0.550134,0.261623
0.5512079999999999,0.26228
0.552283,0.262717
0.553357,0.26337299999999997
0.5544319999999999,0.26403000000000004
0.5555059999999999,0.264795
0.556581,0.265889
0.557655,0.26687299999999997
0.55873,0.26785800000000004
0.559804,0.269608
0.560879,0.27092
0.5619529999999999,0.27234200000000003
0.563028,0.27442
0.564102,0.27627999999999997
0.5651769999999999,0.278248
0.566251,0.280655
0.567326,0.28284200000000004
0.5684,0.285686
0.5694739999999999,0.288311
0.570549,0.29082600000000003
0.571623,0.294217
0.5726979999999999,0.297279
0.573772,0.300342
0.574847,0.303842
0.575921,0.307342
0.576996,0.310842
0.57807,0.314998
0.579145,0.318498
0.5802189999999999,0.322326
0.581294,0.326373
0.582368,0.330529
0.5834429999999999,0.33457600000000004
0.584517,0.338842
0.585592,0.343107
0.586666,0.347264
0.587741,0.35163900000000003
0.588815,0.355576
0.58989,0.36006
0.5909639999999999,0.364326
0.592039,0.368482
0.593113,0.373076
0.5941879999999999,0.377232
0.595262,0.38149799999999995
0.596336,0.38587299999999997
0.597411,0.39035699999999995
0.5984849999999999,0.394623
0.59956,0.398998
0.600634,0.403373
0.6017089999999999,0.407748
0.602783,0.41201299999999996
0.603858,0.415951
0.604932,0.420544
0.606007,0.424701
0.607081,0.428419
0.6081559999999999,0.432685
0.6092299999999999,0.436623
0.610305,0.44034100000000004
0.611379,0.44438799999999995
0.6124539999999999,0.447998
0.613528,0.451607
0.614603,0.455107
0.6156769999999999,0.458497
0.616752,0.462107
0.617826,0.46527899999999994
0.6189009999999999,0.468232
0.6199749999999999,0.47206
0.62105,0.475341
0.622124,0.478294
0.6231979999999999,0.48179400000000006
0.624273,0.484857
0.625347,0.487919
0.6264219999999999,0.49152900000000005
0.6274959999999999,0.49470000000000003
0.628571,0.497982
0.629645,0.501154
0.63072,0.504544
0.631794,0.5079349999999999
0.632869,0.510997
0.6339429999999999,0.514169
0.635018,0.517669
0.636092,0.520622
0.6371669999999999,0.523794
0.638241,0.527403
0.639316,0.530357
0.64039,0.53331
0.641465,0.5363720000000001
0.642539,0.539435
0.643614,0.54206
0.6446879999999999,0.544794
0.645763,0.547528
0.646837,0.5499350000000001
0.6479119999999999,0.552231
0.648986,0.55431
0.650061,0.556716
0.651135,0.5585749999999999
0.6522089999999999,0.559997
0.653284,0.562075
0.654358,0.5636059999999999
0.6554329999999999,0.5647
0.656507,0.566013
0.657582,0.566669
0.658656,0.567435
0.659731,0.568091
0.660805,0.5682
0.66188,0.568419
0.6629539999999999,0.568419
0.664029,0.567981
0.665103,0.567763
0.6661779999999999,0.567106
0.667252,0.5662309999999999
0.668327,0.5656840000000001
0.669401,0.5645910000000001
0.670476,0.563278
0.67155,0.562294
0.6726249999999999,0.560763
0.6736989999999999,0.5591219999999999
0.674774,0.5577
0.675848,0.555841
0.6769229999999999,0.554091
0.677997,0.552341
0.679072,0.550372
0.6801459999999999,0.548622
0.6812199999999999,0.546544
0.682295,0.5444659999999999
0.683369,0.542716
0.6844439999999999,0.540638
0.685518,0.538341
0.686593,0.5367
0.6876669999999999,0.534622
0.688742,0.532544
0.689816,0.530794
0.6908909999999999,0.529044
0.6919649999999999,0.526966
0.69304,0.525216
0.694114,0.523466
0.695189,0.522044
0.696263,0.520185
0.697338,0.518435
0.6984119999999999,0.5173409999999999
0.699487,0.51581
0.700561,0.514278
0.7016359999999999,0.513185
0.70271,0.511763
0.703785,0.5104500000000001
0.704859,0.509466
0.705934,0.5083719999999999
0.707008,0.507388
0.708083,0.506403
0.7091569999999999,0.505528
0.710231,0.504872
0.711306,0.5038879999999999
0.71238,0.503013
0.713455,0.5027940000000001
0.714529,0.502029
0.715604,0.501263
0.7166779999999999,0.501044
0.717753,0.500607
0.718827,0.49994999999999995
0.7199019999999999,0.50006
0.720976,0.499732
0.722051,0.49918500000000005
0.723125,0.49918500000000005
0.7242,0.498966
0.725274,0.498966
0.726349,0.498966
0.7274229999999999,0.49863799999999997
0.728498,0.498857
0.729572,0.498857
0.7306469999999999,0.498747
0.731721,0.49918500000000005
0.732796,0.49929399999999996
0.7338699999999999,0.49907499999999994
0.734945,0.499622
0.736019,0.499732
0.737093,0.500169
0.7381679999999999,0.5004970000000001
0.739242,0.500607
0.740317,0.501154
0.7413909999999999,0.501263
0.742466,0.501591
0.74354,0.502247
0.7446149999999999,0.502575
0.7456889999999999,0.5027940000000001
0.746764,0.50356
0.747838,0.5038879999999999
0.7489129999999999,0.504216
0.749987,0.504872
0.751062,0.5052
0.7521359999999999,0.505528
0.753211,0.5060749999999999
0.754285,0.506513
0.7553599999999999,0.50695
0.7564339999999999,0.507388
0.757509,0.507825
0.758583,0.5085909999999999
0.7596579999999999,0.50881
0.760732,0.5090279999999999
0.761807,0.5096849999999999
0.7628809999999999,0.509904
0.7639549999999999,0.510232
0.76503,0.51056
0.766104,0.510888
0.7671789999999999,0.511107
0.768253,0.511435
0.769328,0.511653
0.7704019999999999,0.511872
0.771477,0.512091
0.772551,0.5122
0.7736259999999999,0.5126379999999999
0.7746999999999999,0.512528
0.775775,0.512528
0.776849,0.512857
0.777924,0.512857
0.778998,0.512419
0.780073,0.512747
0.7811469999999999,0.512528
0.782222,0.5122
0.783296,0.51231
0.7843709999999999,0.5122
0.785445,0.5119819999999999
0.78652,0.511653
0.787594,0.511216
0.788669,0.511216
0.789743,0.510669
0.7908179999999999,0.510232
0.7918919999999999,0.510122
0.792967,0.5093570000000001
0.794041,0.5087
0.795115,0.5083719999999999
0.79619,0.507716
0.797264,0.50695
0.7983389999999999,0.506513
0.7994129999999999,0.5057470000000001
0.800488,0.5049819999999999
0.801562,0.504107
0.8026369999999999,0.503232
0.803711,0.502466
0.804786,0.5013719999999999
0.8058599999999999,0.5004970000000001
0.806935,0.49984100000000004
0.808009,0.498747
0.8090839999999999,0.497325
0.8101579999999999,0.496669
0.811233,0.495685
0.812307,0.494154
0.8133819999999999,0.493388
0.814456,0.492075
0.815531,0.491091
0.8166049999999999,0.48988799999999993
0.81768,0.488685
0.818754,0.487482
0.8198289999999999,0.48627899999999996
0.8209029999999999,0.48474700000000004
0.821978,0.48376299999999994
0.823052,0.48234099999999996
0.8241259999999999,0.48080999999999996
0.825201,0.479825
0.826275,0.47851299999999997
0.8273499999999999,0.476872
0.8284239999999999,0.475779
0.829499,0.474357
0.830573,0.472716
0.8316479999999999,0.471622
0.832722,0.470201
0.833797,0.468888
0.8348709999999999,0.46735699999999997
0.835946,0.46582599999999996
0.83702,0.464841
0.8380949999999999,0.463201
0.8391689999999999,0.46156
0.840244,0.460576
0.841318,0.45904399999999995
0.842393,0.457185
0.843467,0.45631
0.844542,0.454888
0.8456159999999999,0.453357
0.846691,0.45204399999999995
0.847765,0.450732
0.8488399999999999,0.449201
0.849914,0.447669
0.850988,0.44624800000000003
0.852063,0.445373
0.8531369999999999,0.443513
0.854212,0.441982
0.855286,0.44088799999999995
0.8563609999999999,0.43957599999999997
0.857435,0.437826
0.85851,0.436951
0.859584,0.435529
0.860659,0.43377899999999997
0.861733,0.432685
0.8628079999999999,0.431154
0.8638819999999999,0.42984100000000003
0.864957,0.42831
0.866031,0.426998
0.8671059999999999,0.425794
0.86818,0.424373
0.869255,0.42251299999999997
0.8703289999999999,0.42185700000000004
0.871404,0.420107
0.872478,0.418466
0.8735529999999999,0.417373
0.8746269999999999,0.415951
0.875702,0.414638
0.876776,0.41321599999999997
0.8778499999999999,0.411904
0.878925,0.410482
0.879999,0.40917
0.8810739999999999,0.40785699999999997
0.8821479999999999,0.406763
0.883223,0.40556
0.884297,0.40392
0.8853719999999999,0.403154
0.886446,0.40151299999999995
0.887521,0.40009100000000003
0.8885949999999999,0.399326
0.88967,0.398013
0.890744,0.39681
0.8918189999999999,0.395716
0.8928929999999999,0.394513
0.893968,0.39342
0.895042,0.392326
0.8961169999999999,0.391451
0.897191,0.390576
0.898266,0.38937299999999997
0.8993399999999999,0.388388
0.900415,0.387732
0.901489,0.386857
0.9025639999999999,0.38565399999999994
0.9036379999999999,0.385326
0.904713,0.38456
0.905787,0.383467
0.9068609999999999,0.383029
0.907936,0.382592
0.90901,0.381717
0.9100849999999999,0.38149799999999995
0.9111589999999999,0.380951
0.912234,0.380623
0.913308,0.380404
0.914383,0.379748
0.915457,0.379748
0.916532,0.37942
0.9176059999999999,0.378982
0.918681,0.37920099999999995
0.919755,0.37942
0.9208299999999999,0.378982
0.921904,0.37942
0.922979,0.379529
0.924053,0.37942
0.925128,0.379857
0.926202,0.380185
0.9272769999999999,0.380623
0.9283509999999999,0.38106
0.929426,0.38149799999999995
0.9305,0.382482
0.9315749999999999,0.38281
0.932649,0.383357
0.933724,0.384342
0.9347979999999999,0.385217
0.9358719999999999,0.385982
0.936947,0.387076
0.938021,0.38806
0.9390959999999999,0.389045
0.94017,0.390467
0.941245,0.391888
0.9423189999999999,0.39320099999999997
0.943394,0.394404
0.944468,0.396045
0.9455429999999999,0.39768499999999996
0.9466169999999999,0.399216
0.947692,0.400638
0.948766,0.402826
0.9498409999999999,0.40468499999999996
0.950915,0.406435
0.95199,0.40884099999999995
0.9530639999999999,0.410701
0.954139,0.412888
0.955213,0.41551299999999997
0.9562879999999999,0.41802900000000004
0.9573619999999999,0.420544
0.958437,0.42295099999999997
0.959511,0.425466
0.9605859999999999,0.428529
0.96166,0.431373
0.962735,0.434216
0.9638089999999999,0.437716
0.9648829999999999,0.440779
0.965958,0.443841
0.967032,0.44755999999999996
0.9681069999999999,0.451169
0.969181,0.454451
0.970256,0.458497
0.9713299999999999,0.462435
0.972405,0.466591
0.973479,0.470419
0.9745539999999999,0.474794
0.9756279999999999,0.479388
0.976703,0.483872
0.977777,0.488247
0.9788519999999999,0.493497
0.979926,0.49831000000000003
0.9810009999999999,0.5034500000000001
0.9820749999999999,0.5090279999999999
0.98315,0.514278
0.984224,0.519857
0.9852989999999999,0.525982
0.9863729999999999,0.5315599999999999
0.987448,0.537575
0.9885219999999999,0.5437
0.989597,0.5499350000000001
0.990671,0.5568249999999999
0.991745,0.563278
0.9928199999999999,0.570059
0.9938939999999999,0.577278
0.994969,0.584497
0.9960429999999999,0.5913879999999999
0.997118,0.5994809999999999
0.998192,0.606919
0.9992669999999999,0.614465
1.000341,0.622669
1.0014159999999999,0.630981
1.0024899999999999,0.639184
1.003565,0.647387
1.004639,0.656247
1.005714,0.665215
1.006788,0.674184
1.007863,0.683043
1.008937,0.692778
1.010012,0.702074
1.011086,0.711262
1.0121609999999999,0.721762
1.0132349999999999,0.731278
1.01431,0.741449
1.015384,0.751949
1.016459,0.762559
1.017533,0.773277
1.018608,0.7842149999999999
1.019682,0.7953709999999999
1.020756,0.806855
1.021831,0.818121
1.022905,0.8294959999999999
1.02398,0.8416359999999999
1.025054,0.8535579999999999
1.0261289999999998,0.86548
1.0272029999999999,0.878386
1.028278,0.890527
1.029352,0.902995
1.030427,0.91612
1.031501,0.929245
1.032576,0.9429169999999999
1.03365,0.956261
1.034725,0.970151
1.035799,0.983714
1.0368739999999999,0.997714
1.0379479999999999,1.012151
1.039023,1.027464
1.040097,1.0421200000000002
1.041172,1.056557
1.042246,1.0725259999999999
1.043321,1.0880569999999998
1.044395,1.10337
1.04547,1.1199949999999999
1.046544,1.135526
1.047618,1.152369
1.0486929999999999,1.1692129999999998
1.049767,1.186494
1.050842,1.203994
1.0519159999999999,1.221713
1.052991,1.238775
1.054065,1.257806
1.05514,1.275744
1.056214,1.294337
1.057289,1.313806
1.058363,1.333056
1.0594379999999999,1.3518679999999998
1.060512,1.37265
1.061587,1.3925560000000001
1.0626609999999999,1.4131179999999999
1.063736,1.434118
1.06481,1.454899
1.065885,1.477212
1.066959,1.499087
1.068034,1.52118
1.069108,1.543711
1.0701829999999999,1.566899
1.071257,1.5892110000000002
1.0723319999999998,1.613274
1.0734059999999999,1.637117
1.074481,1.660523
1.075555,1.685898
1.076629,1.7103979999999999
1.077704,1.7346789999999999
1.078778,1.761585
1.079853,1.7869599999999999
1.080927,1.812991
1.082002,1.840116
1.083076,1.8665850000000002
1.0841509999999999,1.894804
1.0852249999999999,1.922147
1.0863,1.9508029999999998
1.0873739999999998,1.979241
1.088449,2.0076780000000003
1.089523,2.036553
1.090598,2.067615
1.091672,2.095178
1.092747,2.082053
1.093821,2.0715529999999998
1.0948959999999999,2.063678
1.0959699999999999,2.059303
1.097045,2.052303
1.0981189999999998,2.046178
1.099194,2.041803
1.100268,2.0348029999999997
1.101343,2.029553
1.102417,2.025178
1.103492,2.017741
1.104566,2.013803
1.1056409999999999,2.008553
1.106715,2.001553
1.107789,1.998053
1.1088639999999998,1.992803
1.1099379999999999,1.987116
1.111013,1.983616
1.112087,1.9779280000000001
1.113162,1.972241
1.114236,1.9696159999999998
1.115311,1.9630530000000002
1.116385,1.9586779999999997
1.11746,1.955616
1.118534,1.949491
1.1196089999999999,1.945991
1.1206829999999999,1.9420529999999998
1.121758,1.9359279999999999
1.122832,1.933303
1.123907,1.929803
1.124981,1.924553
1.126056,1.921491
1.12713,1.9171159999999998
1.128205,1.912741
1.129279,1.9105530000000002
1.1303539999999999,1.904866
1.1314279999999999,1.9013660000000001
1.132503,1.899179
1.133577,1.893929
1.134652,1.890866
1.135726,1.8886789999999998
1.1368,1.882991
1.137875,1.881241
1.138949,1.8777409999999999
1.140024,1.873804
1.141098,1.871616
1.1421729999999999,1.867679
1.143247,1.864179
1.1443219999999998,1.862429
1.1453959999999999,1.858054
1.146471,1.854991
1.147545,1.853241
1.14862,1.8484289999999999
1.149694,1.8462409999999998
1.150769,1.844054
1.151843,1.839679
1.1529179999999999,1.838366
1.153992,1.8357409999999998
1.1550669999999998,1.831366
1.1561409999999999,1.830054
1.157216,1.826554
1.15829,1.823491
1.159365,1.822179
1.160439,1.818679
1.161514,1.8160539999999998
1.162588,1.814741
1.163663,1.810366
1.164737,1.808616
1.165811,1.807304
1.1668859999999999,1.8029289999999998
1.1679599999999999,1.8020539999999998
1.169035,1.799866
1.1701089999999998,1.7959289999999999
1.171184,1.795054
1.172258,1.7924289999999998
1.173333,1.789804
1.174407,1.788929
1.175482,1.7854290000000002
1.176556,1.782804
1.1776309999999999,1.782367
1.178705,1.778429
1.17978,1.7771169999999998
1.1808539999999998,1.775367
1.181929,1.7718669999999999
1.183003,1.7709920000000001
1.184078,1.769242
1.185152,1.766179
1.186227,1.765304
1.187301,1.763117
1.1883759999999999,1.7600539999999998
1.18945,1.7600539999999998
1.190525,1.756992
1.1915989999999999,1.754804
1.1926729999999999,1.754804
1.193748,1.751304
1.194822,1.749554
1.195897,1.749117
1.196971,1.745617
1.198046,1.7443039999999999
1.19912,1.7434290000000001
1.200195,1.739929
1.201269,1.739492
1.2023439999999999,1.737742
1.2034179999999999,1.7346789999999999
1.204493,1.735117
1.205567,1.732492
1.206642,1.7303039999999998
1.207716,1.7298669999999998
1.208791,1.726804
1.209865,1.725929
1.21094,1.725492
1.212014,1.721992
1.2130889999999999,1.721117
1.2141629999999999,1.7198039999999999
1.215238,1.7171789999999998
1.2163119999999998,1.716742
1.217387,1.7154289999999999
1.218461,1.7132420000000002
1.219535,1.7132420000000002
1.22061,1.710179
1.221684,1.708429
1.222759,1.708867
1.223833,1.7053669999999999
1.2249079999999999,1.704492
1.225982,1.704054
1.2270569999999998,1.7009919999999998
1.2281309999999999,1.700554
1.229206,1.7001169999999999
1.23028,1.697054
1.231355,1.696617
1.232429,1.695742
1.233504,1.693117
1.234578,1.693117
1.235653,1.691367
1.236727,1.68918
1.2378019999999998,1.689617
1.2388759999999999,1.6865539999999999
1.239951,1.6856790000000001
1.241025,1.6856790000000001
1.2421,1.683055
1.243174,1.682179
1.244249,1.681742
1.245323,1.679117
1.246397,1.67868
1.247472,1.677805
1.248546,1.67518
1.2496209999999999,1.675617
1.250695,1.67343
1.25177,1.6716799999999998
1.2528439999999998,1.6721169999999999
1.253919,1.66993
1.254993,1.66818
1.256068,1.668617
1.257142,1.665992
1.258217,1.6655550000000001
1.259291,1.6655550000000001
1.2603659999999999,1.6624919999999999
1.26144,1.66293
1.262515,1.661617
1.2635889999999999,1.6589919999999998
1.264664,1.65943
1.265738,1.6576799999999998
1.266813,1.65593
1.267887,1.656367
1.268962,1.65418
1.270036,1.653305
1.2711109999999999,1.653305
1.272185,1.65068
1.273259,1.650242
1.2743339999999999,1.650242
1.2754079999999999,1.6476169999999999
1.276483,1.6476169999999999
1.2775569999999998,1.6471799999999999
1.278632,1.644555
1.279706,1.644992
1.280781,1.6436799999999998
1.281855,1.64193
1.28293,1.64193
1.284004,1.639742
1.2850789999999999,1.638867
1.2861529999999999,1.639742
1.287228,1.637117
1.2883019999999998,1.63668
1.289377,1.63668
1.290451,1.634055
1.291526,1.6336169999999999
1.2926,1.6336169999999999
1.293675,1.630992
1.294749,1.63143
1.2958239999999999,1.6301169999999998
1.2968979999999999,1.6279299999999999
1.297973,1.6288049999999998
1.2990469999999998,1.626617
1.300122,1.625742
1.301196,1.62618
1.30227,1.623992
1.303345,1.623555
1.304419,1.623992
1.305494,1.62093
1.306568,1.621367
1.3076429999999999,1.62093
1.308717,1.618742
1.3097919999999998,1.61918
1.3108659999999999,1.6183049999999999
1.311941,1.61568
1.313015,1.616992
1.31409,1.6152419999999998
1.315164,1.6139299999999999
1.316239,1.6143669999999999
1.317313,1.61218
1.318388,1.611305
1.319462,1.611742
1.3205369999999998,1.609555
1.3216109999999999,1.6091170000000001
1.322686,1.6091170000000001
1.32376,1.606492
1.324835,1.60693
1.325909,1.60693
1.326984,1.6043049999999999
1.328058,1.60518
1.329133,1.603867
1.330207,1.602555
1.331281,1.60343
1.3323559999999999,1.6008049999999998
1.33343,1.5999299999999999
1.3345049999999998,1.6012419999999998
1.3355789999999998,1.599055
1.336654,1.59818
1.337728,1.59818
1.338803,1.595992
1.339877,1.595992
1.340952,1.595555
1.342026,1.593805
1.3431009999999999,1.594242
1.344175,1.59293
1.3452499999999998,1.592055
1.3463239999999999,1.592492
1.347399,1.590305
1.348473,1.589867
1.349548,1.5907419999999999
1.350622,1.588117
1.351697,1.58768
1.352771,1.588117
1.3538459999999999,1.585492
1.35492,1.5859299999999998
1.3559949999999998,1.5859299999999998
1.3570689999999999,1.5837419999999998
1.358144,1.58418
1.359218,1.582867
1.360293,1.581555
1.361367,1.58243
1.362441,1.580242
1.363516,1.5798050000000001
1.36459,1.580242
1.365665,1.578055
1.366739,1.577617
1.3678139999999999,1.578055
1.3688879999999999,1.5754299999999999
1.369963,1.5754299999999999
1.3710369999999998,1.5754299999999999
1.372112,1.57368
1.373186,1.574118
1.374261,1.573242
1.375335,1.571493
1.37641,1.572805
1.377484,1.5710549999999999
1.3785589999999999,1.5697429999999999
1.3796329999999999,1.570617
1.380708,1.5684299999999998
1.3817819999999998,1.567993
1.382857,1.568867
1.383931,1.5658050000000001
1.385006,1.56668
1.38608,1.56668
1.387155,1.5644930000000001
1.388229,1.5644930000000001
1.3893039999999999,1.564055
1.390378,1.562305
1.3914529999999998,1.56318
1.3925269999999998,1.5614299999999999
1.3936009999999999,1.560555
1.394676,1.561868
1.39575,1.55968
1.396825,1.558368
1.397899,1.55968
1.398974,1.557493
1.400048,1.557493
1.401123,1.557493
1.402197,1.555305
1.4032719999999999,1.5557429999999999
1.4043459999999999,1.554868
1.405421,1.5531179999999998
1.4064949999999998,1.553555
1.40757,1.55268
1.408644,1.551805
1.409719,1.55268
1.410793,1.5504930000000001
1.411868,1.5504930000000001
1.412942,1.551368
1.4140169999999999,1.548743
1.4150909999999999,1.548305
1.416166,1.548743
1.4172399999999998,1.546555
1.418315,1.546993
1.419389,1.546993
1.420463,1.545243
1.421538,1.54568
1.422612,1.544805
1.423687,1.543493
1.424761,1.54393
1.4258359999999999,1.5426179999999998
1.42691,1.5417429999999999
1.4279849999999998,1.5426179999999998
1.4290589999999999,1.54043
1.430134,1.54043
1.431208,1.540868
1.432283,1.538243
1.433357,1.53868
1.434432,1.538243
1.435506,1.5369300000000001
1.4365809999999999,1.537368
1.437655,1.536493
1.4387299999999998,1.53518
1.4398039999999999,1.536055
1.440879,1.534743
1.441953,1.533868
1.443028,1.534743
1.444102,1.532555
1.445177,1.532555
1.446251,1.532993
1.447325,1.530805
1.4484,1.530805
1.449474,1.530805
1.4505489999999999,1.529493
1.4516229999999999,1.52993
1.452698,1.5290549999999998
1.4537719999999998,1.5277429999999999
1.454847,1.5281799999999999
1.455921,1.527305
1.456996,1.525993
1.45807,1.526868
1.459145,1.52468
1.460219,1.525118
1.4612939999999999,1.525118
1.462368,1.5229300000000001
1.4634429999999998,1.523805
1.4645169999999998,1.523368
1.465592,1.52118
1.466666,1.522055
1.467741,1.5216180000000001
1.468815,1.519868
1.46989,1.520743
1.470964,1.51943
1.4720389999999999,1.5185549999999999
1.473113,1.51943
1.474187,1.51768
1.4752619999999999,1.517243
1.4763359999999999,1.51768
1.477411,1.515493
1.4784849999999998,1.51593
1.47956,1.516368
1.480634,1.5141799999999999
1.481709,1.514618
1.482783,1.5141799999999999
1.483858,1.5128679999999999
1.484932,1.5137429999999998
1.4860069999999999,1.51243
1.4870809999999999,1.511555
1.488156,1.511993
1.4892299999999998,1.5106799999999998
1.490305,1.509805
1.491379,1.5106799999999998
1.492454,1.508493
1.493528,1.508493
1.494603,1.50893
1.495677,1.50718
1.4967519999999999,1.5080550000000001
1.4978259999999999,1.50718
1.498901,1.50543
1.4999749999999998,1.506305
1.498901,1.50543
1.4978259999999999,1.504555
1.4967519999999999,1.504993
1.495677,1.5032429999999999
1.494603,1.5032429999999999
1.493528,1.504118
1.492454,1.50193
1.491379,1.50193
1.490305,1.50193
1.4892299999999998,1.5001799999999998
1.488156,1.501055
1.4870809999999999,1.500618
1.4860069999999999,1.4988679999999999
1.484932,1.4997429999999998
1.483858,1.49843
1.482783,1.497555
1.481709,1.4988679999999999
1.480634,1.497118
1.47956,1.496243
1.4784849999999998,1.497555
1.477411,1.49493
1.4763359999999999,1.4953679999999998
1.4752619999999999,1.495805
1.474187,1.4936180000000001
1.473113,1.4940550000000001
1.4720389999999999,1.4940550000000001
1.470964,1.492743
1.46989,1.49318
1.468815,1.492305
1.467741,1.490993
1.466666,1.492305
1.465592,1.490555
1.4645169999999998,1.490118
1.4634429999999998,1.490993
1.462368,1.488805
1.4612939999999999,1.488805
1.460219,1.48968
1.459145,1.487055
1.45807,1.487493
1.456996,1.48793
1.455921,1.485743
1.454847,1.486618
1.4537719999999998,1.4861799999999998
1.452698,1.4848679999999999
1.4516229999999999,1.485743
1.4505489999999999,1.48443
1.449474,1.483555
1.4484,1.48443
1.447325,1.4826799999999998
1.446251,1.4826799999999998
1.445177,1.483555
1.444102,1.4813679999999998
1.443028,1.4813679999999998
1.441953,1.4813679999999998
1.440879,1.4800550000000001
1.4398039999999999,1.480493
1.4387299999999998,1.4800550000000001
1.437655,1.4787430000000001
1.4365809999999999,1.479618
1.435506,1.478305
1.434432,1.47743
1.433357,1.478305
1.432283,1.476555
1.431208,1.476555
1.430134,1.47743
1.4290589999999999,1.474805
1.4279849999999998,1.475243
1.42691,1.4756799999999999
1.4258359999999999,1.47393
1.424761,1.474368
1.423687,1.474368
1.422612,1.472618
1.421538,1.473493
1.420463,1.47218
1.419389,1.471743
1.418315,1.47218
1.4172399999999998,1.47043
1.416166,1.4708679999999998
1.4150909999999999,1.4713049999999999
1.4140169999999999,1.469118
1.412942,1.469555
1.411868,1.4699929999999999
1.410793,1.4678049999999998
1.409719,1.468681
1.408644,1.468681
1.40757,1.46693
1.4064949999999998,1.4678049999999998
1.405421,1.46693
1.4043459999999999,1.465618
1.4032719999999999,1.4664929999999998
1.402197,1.4651800000000001
1.401123,1.4647430000000001
1.400048,1.465618
1.398974,1.463868
1.397899,1.463868
1.396825,1.464306
1.39575,1.462556
1.394676,1.462993
1.3936009999999999,1.462993
1.3925269999999998,1.461243
1.3914529999999998,1.462118
1.390378,1.461243
1.3893039999999999,1.4603679999999999
1.388229,1.461243
1.387155,1.459493
1.38608,1.459056
1.385006,1.4603679999999999
1.383931,1.458181
1.382857,1.458181
1.3817819999999998,1.459056
1.380708,1.4568679999999998
1.3796329999999999,1.4573049999999999
1.3785589999999999,1.4573049999999999
1.377484,1.455555
1.37641,1.456431
1.375335,1.4559929999999999
1.374261,1.455118
1.373186,1.4559929999999999
1.372112,1.454681
1.3710369999999998,1.453806
1.369963,1.455118
1.3688879999999999,1.452931
1.3678139999999999,1.4524929999999998
1.366739,1.453806
1.365665,1.4511809999999998
1.36459,1.4520559999999998
1.363516,1.4524929999999998
1.362441,1.4507430000000001
1.361367,1.4511809999999998
1.360293,1.4507430000000001
1.359218,1.448993
1.358144,1.450306
1.3570689999999999,1.448993
1.3559949999999998,1.448556
1.35492,1.4494310000000001
1.3538459999999999,1.447681
1.352771,1.447681
1.351697,1.448556
1.350622,1.446368
1.349548,1.446806
1.348473,1.447243
1.347399,1.445493
1.3463239999999999,1.445931
1.3452499999999998,1.445493
1.344175,1.444181
1.3431009999999999,1.445056
1.342026,1.444618
1.340952,1.443306
1.339877,1.444181
1.338803,1.442868
1.337728,1.442431
1.336654,1.443306
1.3355789999999998,1.4415559999999998
1.3345049999999998,1.4415559999999998
1.33343,1.4419929999999999
1.3323559999999999,1.440243
1.331281,1.4406809999999999
1.330207,1.4406809999999999
1.329133,1.438931
1.328058,1.440243
1.326984,1.439368
1.325909,1.438056
1.324835,1.439368
1.32376,1.438056
1.322686,1.4376179999999998
1.3216109999999999,1.4384929999999998
1.3205369999999998,1.436743
1.319462,1.436743
1.318388,1.4371809999999998
1.317313,1.4354310000000001
1.316239,1.4358680000000001
1.315164,1.436306
1.31409,1.434118
1.313015,1.4354310000000001
1.311941,1.434556
1.3108659999999999,1.433681
1.3097919999999998,1.434556
1.308717,1.433243
1.3076429999999999,1.432368
1.306568,1.433681
1.305494,1.431931
1.304419,1.431931
1.303345,1.432806
1.30227,1.431056
1.301196,1.431056
1.300122,1.431493
1.2990469999999998,1.429743
1.297973,1.430618
1.2968979999999999,1.430181
1.2958239999999999,1.428431
1.294749,1.429743
1.293675,1.428431
1.2926,1.428431
1.291526,1.429306
1.290451,1.427556
1.289377,1.4271179999999999
1.2883019999999998,1.4279929999999998
1.287228,1.426243
1.2861529999999999,1.4266809999999999
1.2850789999999999,1.4271179999999999
1.284004,1.424931
1.28293,1.426243
1.281855,1.425368
1.280781,1.424056
1.279706,1.425368
1.278632,1.424056
1.2775569999999998,1.4231809999999998
1.276483,1.4244929999999998
1.2754079999999999,1.422743
1.2743339999999999,1.4223059999999998
1.273259,1.4236179999999998
1.272185,1.4218680000000001
1.2711109999999999,1.4218680000000001
1.270036,1.422743
1.268962,1.4205560000000002
1.267887,1.4214310000000001
1.266813,1.420993
1.265738,1.419681
1.264664,1.420993
1.2635889999999999,1.419681
1.262515,1.418806
1.26144,1.420118
1.2603659999999999,1.418368
1.259291,1.417931
1.258217,1.419243
1.257142,1.417056
1.256068,1.417493
1.254993,1.417931
1.253919,1.416181
1.2528439999999998,1.417056
1.25177,1.416618
1.250695,1.415306
1.2496209999999999,1.416181
1.248546,1.415306
1.247472,1.414431
1.246397,1.415306
1.245323,1.413993
1.244249,1.413556
1.243174,1.414868
1.2421,1.4126809999999999
1.241025,1.4131179999999999
1.239951,1.413556
1.2388759999999999,1.411806
1.2378019999999998,1.412243
1.236727,1.412243
1.235653,1.410931
1.234578,1.412243
1.233504,1.411368
1.232429,1.410493
1.231355,1.411368
1.23028,1.4096179999999998
1.229206,1.4096179999999998
1.2281309999999999,1.410931
1.2270569999999998,1.4087429999999999
1.225982,1.4087429999999999
1.2249079999999999,1.4091809999999998
1.223833,1.4078680000000001
1.222759,1.4083059999999998
1.221684,1.4083059999999998
1.22061,1.406118
1.219535,1.4078680000000001
1.218461,1.4069930000000002
1.217387,1.405681
1.2163119999999998,1.4069930000000002
1.215238,1.405681
1.2141629999999999,1.405243
1.2130889999999999,1.4065560000000001
1.212014,1.404806
1.21094,1.404806
1.209865,1.405243
1.208791,1.403931
1.207716,1.404368
1.206642,1.404368
1.205567,1.402618
1.204493,1.403493
1.2034179999999999,1.403056
1.2023439999999999,1.401743
1.201269,1.403056
1.200195,1.401743
1.19912,1.401306
1.198046,1.402618
1.196971,1.400868
1.195897,1.400431
1.194822,1.401743
1.193748,1.399556
1.1926729999999999,1.399993
1.1915989999999999,1.400431
1.190525,1.3986809999999998
1.18945,1.399556
1.1883759999999999,1.3991179999999999
1.187301,1.3978059999999999
1.186227,1.3986809999999998
1.185152,1.3978059999999999
1.184078,1.397368
1.183003,1.3986809999999998
1.181929,1.396493
1.1808539999999998,1.396493
1.17978,1.3978059999999999
1.178705,1.3956179999999998
1.1776309999999999,1.396056
1.176556,1.396493
1.175482,1.3947429999999998
1.174407,1.3956179999999998
1.173333,1.395181
1.172258,1.3943059999999998
1.171184,1.3947429999999998
1.1701089999999998,1.393868
1.169035,1.3929930000000001
1.1679599999999999,1.3947429999999998
1.1668859999999999,1.3929930000000001
1.165811,1.3925560000000001
1.164737,1.3934309999999999
1.163663,1.3916810000000002
1.162588,1.3916810000000002
1.161514,1.3925560000000001
1.160439,1.390806
1.159365,1.391243
1.15829,1.3916810000000002
1.157216,1.389931
1.1561409999999999,1.390806
1.1550669999999998,1.389931
1.153992,1.389493
1.1529179999999999,1.389931
1.151843,1.389056
1.150769,1.388618
1.149694,1.389493
1.14862,1.387743
1.147545,1.388181
1.146471,1.388618
1.1453959999999999,1.386868
1.1443219999999998,1.387306
1.143247,1.387306
1.1421729999999999,1.386431
1.141098,1.386868
1.140024,1.385993
1.138949,1.385556
1.137875,1.386431
1.1368,1.3851179999999998
1.135726,1.3851179999999998
1.134652,1.385556
1.133577,1.384243
1.132503,1.384243
1.1314279999999999,1.3851179999999998
1.1303539999999999,1.383368
1.129279,1.3838059999999999
1.128205,1.3838059999999999
1.12713,1.382493
1.126056,1.383368
1.124981,1.382931
1.123907,1.3816179999999998
1.122832,1.382931
1.121758,1.381181
1.1206829999999999,1.381181
1.1196089999999999,1.382493
1.118534,1.3803059999999998
1.11746,1.3807429999999998
1.116385,1.381181
1.115311,1.3794309999999999
1.114236,1.3798679999999999
1.113162,1.3803059999999998
1.112087,1.3789930000000001
1.111013,1.3794309999999999
1.1099379999999999,1.3789930000000001
1.1088639999999998,1.378118
1.107789,1.3789930000000001
1.106715,1.378118
1.1056409999999999,1.377243
1.104566,1.378556
1.103492,1.376806
1.102417,1.376806
1.101343,1.3776810000000002
1.100268,1.375931
1.099194,1.376368
1.0981189999999998,1.3562429999999999
1.097045,1.3404939999999999
1.0959699999999999,1.319056
1.0948959999999999,1.298494
1.093821,1.277056
1.092747,1.256494
1.091672,1.235932
1.090598,1.2153690000000001
1.089523,1.195244
1.088449,1.1746819999999998
1.0873739999999998,1.154557
1.0863,1.1353069999999998
1.0852249999999999,1.1156199999999998
1.0841509999999999,1.095932
1.083076,1.0775569999999999
1.082002,1.058307
1.080927,1.0390570000000001
1.079853,1.0206819999999999
1.078778,1.0018699999999998
1.077704,0.983495
1.076629,0.965995
1.075555,0.9476199999999999
1.074481,0.9301200000000001
1.0734059999999999,0.91262
1.0723319999999998,0.895558
1.071257,0.8793709999999999
1.0701829999999999,0.861871
1.069108,0.8452459999999999
1.068034,0.8294959999999999
1.066959,0.813308
1.065885,0.797121
1.06481,0.781809
1.063736,0.765621
1.0626609999999999,0.750309
1.061587,0.7354339999999999
1.060512,0.720559
1.0594379999999999,0.706121
1.058363,0.692121
1.057289,0.678121
1.056214,0.664122
1.05514,0.650559
1.054065,0.636997
1.052991,0.623872
1.0519159999999999,0.6107469999999999
1.050842,0.598059
1.049767,0.585372
1.0486929999999999,0.573559
1.047618,0.56131
1.046544,0.5499350000000001
1.04547,0.538122
1.044395,0.526747
1.043321,0.51581
1.042246,0.504872
1.041172,0.4943719999999999
1.040097,0.483435
1.039023,0.47293499999999994
1.0379479999999999,0.46374699999999996
1.0368739999999999,0.45324699999999996
1.035799,0.443185
1.034725,0.43443499999999996
1.03365,0.42481
1.032576,0.41562299999999996
1.031501,0.406873
1.030427,0.39768499999999996
1.029352,0.38893500000000003
1.028278,0.380623
1.0272029999999999,0.37231
1.0261289999999998,0.36443499999999995
1.025054,0.356123
1.02398,0.348248
1.022905,0.34081
1.021831,0.33337300000000003
1.020756,0.325936
1.019682,0.319373
1.018608,0.311936
1.017533,0.304498
1.016459,0.29837299999999994
1.015384,0.291811
1.01431,0.284811
1.0132349999999999,0.278248
1.0121609999999999,0.272561
1.011086,0.26599799999999996
1.010012,0.260311
1.008937,0.25462300000000004
1.007863,0.248936
1.006788,0.24368599999999999
1.005714,0.237561
1.004639,0.232311
1.003565,0.22749799999999998
1.0024899999999999,0.221811
1.0014159999999999,0.216999
1.000341,0.211749
0.9992669999999999,0.20693599999999998
0.998192,0.202124
0.997118,0.197749
0.9960429999999999,0.192936
0.994969,0.18856099999999998
0.9938939999999999,0.183749
0.9928199999999999,0.180249
0.991745,0.17543599999999998
0.990671,0.171061
0.989597,0.167561
0.9885219999999999,0.163186
0.987448,0.158811
0.9863729999999999,0.155749
0.9852989999999999,0.152249
0.984224,0.14831099999999997
0.98315,0.144811
0.9820749999999999,0.141311
0.9810009999999999,0.138249
0.979926,0.13474899999999998
0.9788519999999999,0.13124899999999998
0.977777,0.128624
0.976703,0.125124
0.9756279999999999,0.122061
0.9745539999999999,0.118999
0.973479,0.115936
0.972405,0.112874
0.9713299999999999,0.110249
0.970256,0.107624
0.969181,0.10456199999999999
0.9681069999999999,0.102374
0.967032,0.099749552
0.965958,0.09712456800000001
0.9648829999999999,0.09493708000000001
0.9638089999999999,0.092312088
0.962735,0.09012460000000001
0.96166,0.08771836
0.9605859999999999,0.08531212
0.959511,0.083562128
0.958437,0.08137464
0.9573619999999999,0.07896840000000001
0.9562879999999999,0.077218408
0.955213,0.07503092
0.954139,0.072843432
0.9530639999999999,0.070874688
0.95199,0.06934344800000002
0.950915,0.06737470400000001
0.9498409999999999,0.065624704
0.948766,0.06387471600000001
0.947692,0.06234347600000001
0.9466169999999999,0.060374732
0.9455429999999999,0.058843488000000006
0.944468,0.057312244000000005
0.943394,0.055562252000000006
0.9423189999999999,0.054031012
0.941245,0.052718516
0.94017,0.051187276000000004
0.9390959999999999,0.049437284000000005
0.938021,0.048343536000000006
0.936947,0.047249792000000006
0.9358719999999999,0.045718548000000005
0.9347979999999999,0.044624800000000006
0.933724,0.043421684
0.932649,0.042109188000000006
0.9315749999999999,0.041124816
0.9305,0.039702948
0.929426,0.038827952
0.9283509999999999,0.037624832000000004
0.9272769999999999,0.036421716
0.926202,0.035546716000000006
0.925128,0.03456234400000001
0.924053,0.033359226
0.922979,0.032593606000000004
0.921904,0.03171861
0.9208299999999999,0.030624866
0.919755,0.029749868000000002
0.918681,0.029093622
0.9176059999999999,0.028109250000000002
0.916532,0.027234254000000003
0.915457,0.026359258
0.914383,0.025593638000000002
0.913308,0.024937388
0.912234,0.024062392000000002
0.9111589999999999,0.023734270000000002
0.9100849999999999,0.022859274000000002
0.90901,0.021984278000000003
0.907936,0.010331955
0.9068609999999999,0.015041533
0.905787,0.01615033
0.904713,0.016032729000000003
0.9036379999999999,0.015640732
0.9025639999999999,0.015181533
0.901489,0.014649536000000001
0.900415,0.014089538
0.8993399999999999,0.013675140000000002
0.898266,0.013159942
0.897191,0.012650345000000002
0.8961169999999999,0.012280746
0.895042,0.011815948000000001
0.893968,0.01136235
0.8928929999999999,0.010947952
0.8918189999999999,0.010544754
0.890744,0.010107955
0.88967,0.009743957000000001
0.8885949999999999,0.009290359000000002
0.887521,0.008965561000000002
0.886446,0.008595962
0.8853719999999999,0.008175964
0.884297,0.007912765
0.883223,0.007554366
0.8821479999999999,0.007184768000000001
0.8810739999999999,0.006971969000000001
0.879999,0.006619171
0.878925,0.006294372
0.8778499999999999,0.0060703730000000004
0.876776,0.005779174
0.875702,0.0055271750000000005
0.8746269999999999,0.0052471770000000004
0.8735529999999999,0.005011978
0.872478,0.004787979
0.871404,0.00453598
0.8703289999999999,0.004317581000000001
0.869255,0.0041607810000000005
0.86818,0.0039031820000000003
0.8671059999999999,0.0036735830000000002
0.866031,0.0035391840000000003
0.864957,0.0033263850000000003
0.8638819999999999,0.003130386
0.8628079999999999,0.0029903860000000003
0.861733,0.002788787
0.860659,0.002637588
0.859584,0.002469589
0.85851,0.0022847900000000005
0.857435,0.00215039
0.8563609999999999,0.001976791
0.855286,0.001808792
0.854212,0.0017135920000000001
0.8531369999999999,0.001511993
0.852063,0.001355194
0.850988,0.0012935940000000001
0.849914,0.0011199950000000001
0.8488399999999999,0.0009519950000000001
0.847765,0.0009015960000000001
0.846691,0.0007335960000000001
0.8456159999999999,0.0006047970000000001
0.844542,0.0005263970000000001
0.843467,0.000369598
0.842393,0.000296798
0.841318,0.000184799
0.840244,0.00010079900000000001
0.8391689999999999,4.479980400000001e-05
0.8380949999999999,-7.839966400000001e-05
0.83702,-0.000218399
0.835946,-0.000207199
0.8348709999999999,-0.00034159800000000003
0.833797,-0.00046479700000000003
0.832722,-0.00045359800000000004
0.8316479999999999,-0.000565597
0.830573,-0.000655197
0.829499,-0.0006831970000000001
0.8284239999999999,-0.000767196
0.8273499999999999,-0.000828796
0.826275,-0.0008679960000000001
0.825201,-0.000968795
0.8241259999999999,-0.0009967950000000002
0.823052,-0.001075195
0.821978,-0.0011871940000000001
0.8209029999999999,-0.001175994
0.8198289999999999,-0.001287994
0.818754,-0.001422393
0.81768,-0.001411193
0.8166049999999999,-0.0015063930000000002
0.815531,-0.0015791930000000002
0.814456,-0.001623992
0.8133819999999999,-0.001707992
0.812307,-0.001730392
0.811233,-0.001791992
0.8101579999999999,-0.0018871910000000003
0.8090839999999999,-0.0018535910000000001
0.808009,-0.001954391
0.806935,-0.002021591
0.8058599999999999,-0.002015991
0.804786,-0.00211119
0.803711,-0.00219519
0.8026369999999999,-0.00214479
0.801562,-0.0022063900000000003
0.800488,-0.0022847900000000005
0.7994129999999999,-0.0022791900000000004
0.7983389999999999,-0.0023463890000000004
0.797264,-0.0023855890000000005
0.79619,-0.002402389
0.795115,-0.002430389
0.794041,-0.0024247890000000005
0.792967,-0.0024919890000000004
0.7918919999999999,-0.0025647880000000006
0.7908179999999999,-0.0025199890000000003
0.789743,-0.0025871880000000002
0.788669,-0.0026767880000000003
0.787594,-0.002637588
0.78652,-0.002715988
0.785445,-0.002777587
0.7843709999999999,-0.0027719870000000005
0.783296,-0.002855987
0.782222,-0.0029119870000000004
0.7811469999999999,-0.0029063870000000003
0.780073,-0.0029623870000000004
0.778998,-0.0029791870000000003
0.777924,-0.0030519860000000005
0.776849,-0.0030855860000000004
0.775775,-0.0030967860000000002
0.7746999999999999,-0.0031247860000000005
0.7736259999999999,-0.003214385
0.772551,-0.0031527860000000003
0.771477,-0.0032311850000000006
0.7704019999999999,-0.0032759850000000004
0.769328,-0.0032759850000000004
0.768253,-0.003315185
0.7671789999999999,-0.0033487850000000004
0.766104,-0.0033263850000000003
0.76503,-0.0033991850000000003
0.7639549999999999,-0.003393585
0.7628809999999999,-0.0034327850000000003
0.761807,-0.003477584
0.760732,-0.0034719840000000004
0.7596579999999999,-0.0034719840000000004
0.758583,-0.003527984
0.757509,-0.0034663840000000003
0.7564339999999999,-0.003533584
0.7553599999999999,-0.0035951840000000004
0.754285,-0.0035951840000000004
0.753211,-0.003639984
0.7521359999999999,-0.0036847830000000005
0.751062,-0.0036959830000000003
0.749987,-0.0037463830000000007
0.7489129999999999,-0.003779983
0.747838,-0.003791183
0.746764,-0.0038807830000000005
0.7456889999999999,-0.003863983
0.7446149999999999,-0.003942382
0.74354,-0.003987182000000001
0.742466,-0.003942382
0.7413909999999999,-0.004020782
0.740317,-0.0040711820000000004
0.739242,-0.004026382
0.7381679999999999,-0.004115982000000001
0.737093,-0.004155181000000001
0.736019,-0.004127181
0.734945,-0.004166381
0.7338699999999999,-0.0042111810000000005
0.732796,-0.004222381000000001
0.731721,-0.004278381
0.7306469999999999,-0.004255981
0.729572,-0.004283981
0.728498,-0.004334381
0.7274229999999999,-0.004283981
0.726349,-0.004362381
0.725274,-0.004395980000000001
0.7242,-0.0043567810000000005
0.723125,-0.00440158
0.722051,-0.00445198
0.720976,-0.00445758
0.7199019999999999,-0.00448558
0.718827,-0.004541580000000001
0.717753,-0.0045639800000000005
0.7166779999999999,-0.004608779
0.715604,-0.004603179000000001
0.714529,-0.004681579
0.713455,-0.004743179000000001
0.71238,-0.004709579
0.711306,-0.004771179
0.710231,-0.0048439780000000005
0.7091569999999999,-0.004815979000000001
0.708083,-0.004871978
0.707008,-0.004944778
0.705934,-0.004933578
0.704859,-0.004989578000000001
0.703785,-0.005011978
0.70271,-0.005006378
0.7016359999999999,-0.005062377000000001
0.700561,-0.005056777
0.699487,-0.005095977000000001
0.6984119999999999,-0.005151977
0.697338,-0.005146377000000001
0.696263,-0.005168777000000001
0.695189,-0.005224777000000001
0.694114,-0.005179977
0.69304,-0.005235977000000001
0.6919649999999999,-0.005286376
0.6908909999999999,-0.005263977
0.689816,-0.005297576
0.688742,-0.0053199760000000006
0.6876669999999999,-0.005308776
0.686593,-0.0054039760000000004
0.685518,-0.005392776
0.6844439999999999,-0.005431976
0.683369,-0.0055103750000000005
0.682295,-0.005504775000000001
0.6812199999999999,-0.005571975000000001
0.6801459999999999,-0.005644775
0.679072,-0.005616775
0.677997,-0.005711975
0.6769229999999999,-0.005773574000000001
0.675848,-0.005756774000000001
0.674774,-0.005812774000000001
0.6736989999999999,-0.005868774
0.6726249999999999,-0.005874374
0.67155,-0.005930374
0.670476,-0.005947174
0.669401,-0.005963973
0.668327,-0.006047973
0.667252,-0.006047973
0.6661779999999999,-0.006103973
0.665103,-0.006137573
0.664029,-0.006120773
0.6629539999999999,-0.006187972000000001
0.66188,-0.006255172000000001
0.660805,-0.006199172000000001
0.659731,-0.006288772000000001
0.658656,-0.006327972
0.657582,-0.006294372
0.656507,-0.006350372
0.6554329999999999,-0.006400772000000001
0.654358,-0.006395172
0.653284,-0.006439971000000001
0.6522089999999999,-0.006467971
0.651135,-0.0065295710000000005
0.650061,-0.006607971
0.648986,-0.006579971
0.6479119999999999,-0.006663970000000001
0.646837,-0.006747970000000001
0.645763,-0.0067199700000000005
0.6446879999999999,-0.00680397
0.643614,-0.006871169000000001
0.642539,-0.006876769000000001
0.641465,-0.006932769000000001
0.64039,-0.0070055690000000006
0.639316,-0.007016769000000001
0.638241,-0.007106368000000001
0.6371669999999999,-0.007100768
0.636092,-0.0071791680000000005
0.635018,-0.007240768000000001
0.6339429999999999,-0.007184768000000001
0.632869,-0.007279968
0.631794,-0.0073527670000000005
0.63072,-0.007307968000000001
0.629645,-0.0073863670000000005
0.628571,-0.007475967000000001
0.6274959999999999,-0.007447967000000001
0.6264219999999999,-0.007526366
0.625347,-0.007571167000000001
0.624273,-0.007571167000000001
0.6231979999999999,-0.007621567000000001
0.622124,-0.007660766000000001
0.62105,-0.007666366
0.6199749999999999,-0.007755966
0.6189009999999999,-0.0077391660000000004
0.617826,-0.007834365000000001
0.616752,-0.007918365
0.6156769999999999,-0.007901565000000001
0.614603,-0.007979964
0.613528,-0.008075165
0.6124539999999999,-0.008080764
0.611379,-0.008170364
0.610305,-0.008248763000000001
0.6092299999999999,-0.008265563
0.6081559999999999,-0.008360763
0.607081,-0.008399963
0.606007,-0.008444762000000001
0.604932,-0.008545563
0.603858,-0.008584762000000001
0.602783,-0.008607162000000002
0.6017089999999999,-0.008707962
0.600634,-0.008713562000000001
0.59956,-0.008803161
0.5984849999999999,-0.00890396
0.597411,-0.008875961
0.596336,-0.00893756
0.595262,-0.009015961
0.5941879999999999,-0.00904956
0.593113,-0.00913356
0.592039,-0.00917836
0.5909639999999999,-0.009206359
0.58989,-0.009301559000000001
0.588815,-0.009329559000000001
0.587741,-0.009402358
0.586666,-0.009469559
0.585592,-0.009463959000000001
0.584517,-0.009536758000000001
0.5834429999999999,-0.009682357
0.582368,-0.009671157000000001
0.581294,-0.009771957000000001
0.5802189999999999,-0.009883957
0.579145,-0.009911957
0.57807,-0.010012756
0.576996,-0.010079956000000001
0.575921,-0.010147155000000001
0.574847,-0.010225555
0.573772,-0.010303954
0.5726979999999999,-0.010393555
0.571623,-0.010477554000000002
0.570549,-0.010488754000000001
0.5694739999999999,-0.010611953
0.5684,-0.010735152
0.567326,-0.010746352
0.566251,-0.010824753000000001
0.5651769999999999,-0.010931152000000001
0.564102,-0.010970352000000001
0.563028,-0.011082351
0.5619529999999999,-0.011143951000000001
0.560879,-0.01122235
0.559804,-0.011345550000000001
0.55873,-0.01135675
0.557655,-0.011440750000000001
0.556581,-0.011535949
0.5555059999999999,-0.011586349000000001
0.5544319999999999,-0.011681548000000002
0.553357,-0.011765548
0.552283,-0.011787948000000001
0.5512079999999999,-0.011894348
0.550134,-0.011989547000000001
0.549059,-0.012056747
0.5479849999999999,-0.012179947
0.54691,-0.012275146
0.545836,-0.012370346
0.5447609999999999,-0.012487945000000002
0.5436869999999999,-0.012588744
0.542612,-0.012678344000000001
0.541538,-0.012818344000000002
0.540463,-0.012891143
0.539389,-0.012997542
0.538314,-0.013159942
0.5372399999999999,-0.013204742
0.5361659999999999,-0.013350341000000002
0.535091,-0.013484740000000002
0.534017,-0.013546341
0.532942,-0.013658340000000001
0.531868,-0.013792739000000002
0.530793,-0.013871139000000001
0.5297189999999999,-0.014044738000000001
0.528644,-0.014117538
0.52757,-0.014218337000000001
0.5264949999999999,-0.014358336000000001
0.525421,-0.014425536000000001
0.524346,-0.014571136
0.523272,-0.014727935000000001
0.522197,-0.014772735
0.521123,-0.014923935000000001
0.520048,-0.015086333
0.5189739999999999,-0.015142334000000002
0.517899,-0.015287933000000004
0.516825,-0.015427931000000002
0.5157499999999999,-0.015523132000000002
0.514676,-0.015719131
0.513601,-0.015819931
0.512527,-0.01594313
0.511452,-0.01613913
0.510378,-0.016262329000000002
0.509304,-0.016430328
0.5082289999999999,-0.016609527000000002
0.507155,-0.016704727000000003
0.50608,-0.016911924000000002
0.505006,-0.017085524
0.503931,-0.017180724
0.502857,-0.017404724
0.501782,-0.017561522000000003
0.5007079999999999,-0.017673522
0.499633,-0.017880722
0.498559,-0.018043122
0.497484,-0.01819432
0.49640999999999996,-0.018401518
0.49533499999999997,-0.018524718000000003
0.49426099999999995,-0.018715116000000004
0.49318599999999996,-0.018933516
0.492112,-0.019045516000000002
0.491037,-0.019247114
0.489963,-0.019448714000000002
0.488888,-0.019577514
0.48781399999999997,-0.019790314
0.486739,-0.020003112000000003
0.48566499999999996,-0.020137512
0.48458999999999997,-0.02035591
0.483516,-0.02055751
0.48244099999999995,-0.020714308
0.481367,-0.020949508000000002
0.48029299999999997,-0.021145506
0.479218,-0.021358306
0.47814399999999996,-0.021599104
0.47706899999999997,-0.021789504
0.475995,-0.022024704000000003
0.47491999999999995,-0.022310302000000004
0.473846,-0.022511902
0.472771,-0.0227527
0.471697,-0.023043900000000003
0.470622,-0.023234298
0.46954799999999997,-0.023531096
0.468473,-0.023783094
0.46739899999999995,-0.024018294000000003
0.46632399999999996,-0.024303892000000004
0.46525,-0.024522292000000005
0.464175,-0.024807890000000003
0.463101,-0.02512709
0.462026,-0.025362288
0.460952,-0.025659088000000004
0.459877,-0.025972686000000002
0.45880299999999996,-0.026191084000000003
0.45772799999999997,-0.026515882
0.456654,-0.026846282000000003
0.45557899999999996,-0.027098280000000002
0.454505,-0.027423078000000004
0.45343,-0.027759078000000003
0.452356,-0.028011078000000005
0.45128199999999996,-0.028386274000000003
0.45020699999999997,-0.028683074000000003
0.449133,-0.028979872
0.44805799999999996,-0.029355070000000004
0.446984,-0.029663070000000003
0.445909,-0.030077466
0.444835,-0.030452666
0.44376,-0.030783064000000006
0.44268599999999997,-0.031175064
0.441611,-0.031606260000000004
0.44053699999999996,-0.031931060000000004
0.43946199999999996,-0.032384656000000005
0.438388,-0.032799056
0.437313,-0.033157452000000004
0.436239,-0.033644652000000004
0.435164,-0.034025452
0.43409,-0.034456648
0.433015,-0.034927044
0.43194099999999996,-0.035335844000000005
0.43086599999999997,-0.035811840000000005
0.429792,-0.036299040000000005
0.42871699999999996,-0.036719036000000004
0.427643,-0.037223036
0.426568,-0.037721436000000004
0.425494,-0.038135832
0.42441999999999996,-0.038679032
0.42334499999999997,-0.039183028
0.422271,-0.039664624
0.42119599999999996,-0.040191024
0.420122,-0.040689420000000004
0.419047,-0.041171016000000005
0.417973,-0.04172541600000001
0.416898,-0.042195816000000004
0.41582399999999997,-0.042716612
0.414749,-0.04325421200000001
0.41367499999999996,-0.043713408
0.41259999999999997,-0.044217404
0.411526,-0.04478300400000001
0.41045099999999995,-0.0451862
0.409377,-0.045735000000000005
0.408302,-0.04622219600000001
0.407228,-0.046580596
0.406153,-0.047067792000000004
0.40507899999999997,-0.04751579200000001
0.404004,-0.047840588
0.40292999999999995,-0.048249388000000004
0.40185499999999996,-0.04860778400000001
0.400781,-0.04893258400000001
0.399706,-0.049874776
0.398632,-0.050312276
0.397557,-0.051187276000000004
0.396483,-0.05206226800000001
0.39540899999999995,-0.052609140000000006
0.39433399999999996,-0.053702888000000004
0.39326,-0.054577884
0.392185,-0.055234132000000005
0.391111,-0.056327876000000006
0.390036,-0.057640368000000004
0.388962,-0.058296616
0.387887,-0.05939036000000001
0.38681299999999996,-0.06048410800000001
0.38573799999999997,-0.06146848
0.384664,-0.062452852
0.38358899999999996,-0.06354659600000001
0.382515,-0.06453096000000001
0.38144,-0.06584346
0.380366,-0.06693720400000001
0.379291,-0.068140328
0.37821699999999997,-0.06956219200000001
0.377142,-0.070655936
0.37606799999999996,-0.071859056
0.37499299999999997,-0.073499672
0.373919,-0.07459341600000001
0.372844,-0.075905912
0.37177,-0.077546528
0.370695,-0.078749648
0.369621,-0.08039026400000002
0.368546,-0.081921512
0.36747199999999997,-0.083343384
0.366398,-0.08498399200000001
0.365323,-0.086624616
0.364249,-0.088155856
0.363174,-0.09012460000000001
0.3621,-0.09154646400000001
0.361025,-0.09340584000000002
0.35995099999999997,-0.09548395200000001
0.358876,-0.097233944
0.357802,-0.09887456800000001
0.35672699999999996,-0.10128000000000001
0.355653,-0.10314
0.354578,-0.104999
0.353504,-0.107405
0.352429,-0.109374
0.351355,-0.11178
0.35028,-0.11396799999999999
0.34920599999999996,-0.11626500000000001
0.34813099999999997,-0.11878
0.347057,-0.12107699999999999
0.345982,-0.123702
0.344908,-0.12643600000000002
0.343833,-0.128952
0.342759,-0.131796
0.341684,-0.13474899999999998
0.34060999999999997,-0.137593
0.339536,-0.140546
0.338461,-0.143936
0.337387,-0.14699900000000002
0.336312,-0.150389
0.335238,-0.153889
0.334163,-0.157171
0.33308899999999997,-0.161218
0.332014,-0.164499
0.33094,-0.168546
0.32986499999999996,-0.172921
0.328791,-0.176749
0.327716,-0.181124
0.326642,-0.185717
0.325567,-0.189874
0.324493,-0.194905
0.323418,-0.199827
0.32234399999999996,-0.20453
0.32126899999999997,-0.209999
0.320195,-0.215249
0.31911999999999996,-0.220936
0.318046,-0.226733
0.316971,-0.232858
0.315897,-0.238764
0.314822,-0.24554499999999999
0.31374799999999997,-0.251998
0.312673,-0.25899799999999995
0.31159899999999996,-0.26632599999999995
0.310525,-0.273655
0.30945,-0.281529
0.308376,-0.289842
0.307301,-0.29815400000000003
0.30622699999999997,-0.307014
0.305152,-0.31631099999999995
0.30407799999999996,-0.325717
0.30300299999999997,-0.335779
0.301929,-0.34595099999999995
0.300854,-0.35677899999999996
0.29978,-0.368373
0.298705,-0.379638
0.297631,-0.391998
0.296556,-0.405232
0.29548199999999997,-0.418357
0.294407,-0.432685
0.293333,-0.447669
0.29225799999999996,-0.462982
0.291184,-0.479607
0.290109,-0.496779
0.289035,-0.514388
0.28796,-0.533747
0.286886,-0.553763
0.285811,-0.5748719999999999
0.28473699999999996,-0.597731
0.283663,-0.6214649999999999
0.282588,-0.646512
0.281514,-0.673747
0.280439,-0.702184
0.279365,-0.732918
0.27829,-0.76573
0.27721599999999996,-0.80073
0.27614099999999997,-0.838574
0.275067,-0.879042
0.273992,-0.922245
0.272918,-0.968401
0.271843,-1.018932
0.270769,-1.070557
0.269694,-1.125245
0.26861999999999997,-1.182119
0.267545,-1.2409629999999998
0.266471,-1.301994
0.26539599999999997,-1.363243
0.264322,-1.4266809999999999
0.263247,-1.492305
0.262173,-1.558368
0.261098,-1.626836
0.260024,-1.697054
0.258949,-1.768804
0.25787499999999997,-1.8436160000000001
0.2568,-1.9197410000000001
0.255726,-2.000678
0.254652,-2.082053
0.253577,-2.16474
0.252503,-2.25049
0.251428,-2.3375519999999996
0.25035399999999997,-2.426364
0.249279,-2.516488
0.24820499999999998,-2.609238
0.24713,-2.701113
0.246056,-2.794737
0.24498099999999998,-2.888362
0.24390699999999998,-2.9806739999999996
0.242832,-3.072986
0.241758,-3.1639859999999995
0.24068299999999998,-3.252797
0.239609,-3.3402969999999996
0.238534,-3.421672
0.23745999999999998,-3.499984
0.23638499999999998,-3.5730459999999997
0.235311,-3.638233
0.234236,-3.697295
0.23316199999999998,-3.746733
0.232087,-3.785233
0.231013,-3.814107
0.22993799999999998,-3.828982
0.22886399999999998,-3.831608
0.227789,-3.8167320000000005
0.226715,-3.787858
0.22564099999999998,-3.743233
0.224566,-3.685483
0.223492,-3.611983
0.222417,-3.523609
0.22134299999999998,-3.4238589999999998
0.220268,-3.3101100000000003
0.219194,-3.1867349999999997
0.21811899999999998,-3.054611
0.217045,-2.912862
0.21597,-2.766737
0.214896,-2.615363
0.21382099999999998,-2.461364
0.212747,-2.3064889999999996
0.211672,-2.153365
0.21059799999999998,-2.001991
0.209523,-1.854991
0.208449,-1.7132420000000002
0.207374,-1.577617
0.20629999999999998,-1.448993
0.205225,-1.329119
0.204151,-1.217119
0.20307599999999998,-1.1138700000000001
0.202002,-1.01762
0.200927,-0.930995
0.199853,-0.852246
0.19877799999999998,-0.780496
0.197704,-0.716621
0.19663,-0.6606219999999999
0.19555499999999998,-0.609872
0.194481,-0.565247
0.193406,-0.525872
0.192332,-0.49087200000000003
0.19125699999999998,-0.461122
0.190183,-0.433998
0.189108,-0.41037300000000004
0.18803399999999998,-0.390248
0.186959,-0.371873
0.185885,-0.356998
0.18481,-0.34299799999999997
0.18373599999999998,-0.329873
0.182661,-0.319373
0.181587,-0.30974799999999997
0.18051199999999998,-0.300123
0.179438,-0.291373
0.178363,-0.284373
0.177289,-0.277373
0.17621399999999998,-0.271248
0.17514,-0.265123
0.174065,-0.25987299999999997
0.172991,-0.25462300000000004
0.17191599999999999,-0.24937299999999998
0.170842,-0.244998
0.169768,-0.24062299999999998
0.16869299999999998,-0.23624799999999999
0.167619,-0.231873
0.166544,-0.228373
0.16547,-0.223999
0.16439499999999999,-0.220499
0.163321,-0.216999
0.162246,-0.21262399999999998
0.16117199999999998,-0.20912399999999998
0.160097,-0.205624
0.159023,-0.202999
0.157948,-0.199499
0.15687399999999999,-0.195124
0.155799,-0.192499
0.154725,-0.189874
0.15364999999999998,-0.185499
0.152576,-0.182874
0.151501,-0.180249
0.150427,-0.176749
0.14935199999999998,-0.17368599999999998
0.148278,-0.17149899999999998
0.147203,-0.16799899999999998
0.14612899999999998,-0.16581100000000001
0.145054,-0.162749
0.14398,-0.160124
0.142905,-0.157936
0.14183099999999998,-0.15487399999999998
0.140757,-0.15312399999999998
0.139682,-0.15137399999999998
0.13860799999999998,-0.148749
0.137533,-0.146124
0.136459,-0.14524900000000002
0.135384,-0.142624
0.13430999999999998,-0.140874
0.133235,-0.139561
0.132161,-0.137374
0.13108599999999998,-0.136061
0.130012,-0.13474899999999998
0.128937,-0.13299899999999998
0.127863,-0.132124
0.12678799999999998,-0.130374
0.125714,-0.12949899999999998
0.124639,-0.12906099999999998
0.123565,-0.127311
0.12248999999999999,-0.12643600000000002
0.121416,-0.125999
0.12034099999999999,-0.125124
0.119267,-0.12381099999999999
0.11819199999999999,-0.122936
0.117118,-0.122061
0.116043,-0.12162400000000001
0.11496899999999999,-0.120749
0.113894,-0.11987400000000001
0.11281999999999999,-0.11943599999999999
0.111746,-0.118999
0.11067099999999999,-0.11812399999999999
0.109597,-0.11812399999999999
0.108522,-0.11724899999999999
0.107448,-0.11637399999999999
0.106373,-0.116811
0.10529899999999999,-0.11549899999999999
0.104224,-0.11549899999999999
0.10314999999999999,-0.115061
0.102075,-0.11462399999999999
0.101001,-0.114186
0.099926736,-0.114186
0.098852256,-0.113311
0.09777777600000001,-0.113311
0.09670329600000001,-0.112874
0.095628816,-0.11243600000000001
0.094554336,-0.112874
0.093479848,-0.111999
0.092405368,-0.11156200000000001
0.09133089600000001,-0.111999
0.09025640800000001,-0.11156200000000001
0.08918192800000001,-0.11068700000000001
0.088107448,-0.111124
0.087032968,-0.109812
0.08595848,-0.110249
0.084884,-0.109812
0.08380952800000001,-0.109374
0.08273504000000001,-0.109374
0.08166056000000001,-0.10893699999999999
0.08058607200000001,-0.108499
0.0795116,-0.108499
0.07843712,-0.10806199999999999
0.077362632,-0.10806199999999999
0.07628816000000001,-0.108499
0.07521367200000001,-0.10718699999999999
0.074139192,-0.10718699999999999
0.073064712,-0.10718699999999999
0.071990232,-0.106749
0.070915752,-0.106749
0.069841264,-0.106749
0.068766784,-0.105874
0.067692312,-0.10631199999999999
0.066617824,-0.105874
0.065543348,-0.105874
0.06446886,-0.10631199999999999
0.063394384,-0.10543699999999999
0.062319900000000004,-0.10543699999999999
0.06124542,-0.105874
0.060170940000000006,-0.10543699999999999
0.05909646,-0.10543699999999999
0.058021976,-0.10631199999999999
0.056947496,-0.10543699999999999
0.055873016000000005,-0.105874
0.054798532000000004,-0.105874
0.053724056000000006,-0.10543699999999999
0.052649572000000006,-0.10543699999999999
0.051575092,-0.105874
0.050500608,-0.105874
0.049426128,-0.10631199999999999
0.048351648000000004,-0.105874
0.047277168,-0.105874
0.046202684,-0.106749
0.045128204000000005,-0.105874
0.044053724,-0.10543699999999999
0.04297924,-0.105874
0.041904764000000004,-0.105874
0.040830280000000004,-0.105874
0.0397558,-0.105874
0.038681316,-0.10543699999999999
0.037606836000000005,-0.10631199999999999
0.036532356,-0.105874
0.035457876,-0.10543699999999999
0.034383392,-0.105874
0.033308912,-0.10543699999999999
0.03223443,-0.104999
0.031159950000000002,-0.105874
0.030085470000000003,-0.104999
0.029010988,-0.104999
0.027936508000000002,-0.10543699999999999
0.026862028000000003,-0.104999
0.025787546,-0.10456199999999999
0.024713064,-0.10543699999999999
0.023638584,-0.104124
0.022564102000000003,-0.104124
0.02148962,-0.104124
0.020415140000000002,-0.10368699999999999
0.019340658,-0.104124
0.018266178,-0.103249
0.017191696,-0.103249
0.016117215,-0.103249
0.015042735000000002,-0.102374
0.013968254000000001,-0.102374
0.012893773,-0.101937
0.011819292,-0.101499
0.01074481,-0.101499
0.009670329,-0.101062
0.008595848,-0.100624
0.007521367,-0.100187
0.006446886000000001,-0.099749552
0.005372405,-0.09931205600000001
0.004297924,-0.09931205600000001
0.0032234430000000003,-0.09887456800000001
0.002148962,-0.09799956800000001
0.001074481,-0.098437064
0.0,-0.09712456800000001
-0.001074481,-0.09668707200000001
-0.002148962,-0.09712456800000001
-0.0032234430000000003,-0.09624956800000001
-0.004297924,-0.09581207200000001
-0.005372405,-0.09581207200000001
-0.006446886000000001,-0.095374576
-0.007521367,-0.09493708000000001
-0.008595848,-0.09493708000000001
-0.009670329,-0.09406208
-0.01074481,-0.09362458400000001
-0.011819292,-0.093187088
-0.012893773,-0.09274958400000001
-0.013968254000000001,-0.092968336
-0.015042735000000002,-0.091874592
-0.016117215,-0.091874592
-0.017191696,-0.09165584000000002
-0.018266178,-0.090780848
-0.019340658,-0.09034335200000002
-0.020415140000000002,-0.09056209600000001
-0.02148962,-0.08968709600000001
-0.022564102000000003,-0.08924960000000001
-0.023638584,-0.08946835200000001
-0.024713064,-0.08837460800000001
-0.025787546,-0.088155856
-0.026862028000000003,-0.08771836
-0.027936508000000002,-0.08706211200000001
-0.029010988,-0.087280856
-0.030085470000000003,-0.086624616
-0.031159950000000002,-0.085968368
-0.03223443,-0.08640587200000001
-0.033308912,-0.08553087200000001
-0.034383392,-0.085093368
-0.035457876,-0.08531212
-0.036532356,-0.08421837600000001
-0.037606836000000005,-0.083780872
-0.038681316,-0.083780872
-0.0397558,-0.083124632
-0.040830280000000004,-0.083343384
-0.041904764000000004,-0.083124632
-0.04297924,-0.082468384
-0.044053724,-0.082249632
-0.045128204000000005,-0.08181213600000001
-0.046202684,-0.08115588800000001
-0.047277168,-0.081593384
-0.048351648000000004,-0.08115588800000001
-0.049426128,-0.08049964
-0.050500608,-0.080718392
-0.051575092,-0.08006214400000002
-0.052649572000000006,-0.079624648
-0.053724056000000006,-0.079624648
-0.054798532000000004,-0.07896840000000001
-0.055873016000000005,-0.07896840000000001
-0.056947496,-0.07918714400000001
-0.058021976,-0.07809340000000001
-0.05909646,-0.07809340000000001
-0.060170940000000006,-0.07809340000000001
-0.06124542,-0.07743716
-0.062319900000000004,-0.07743716
-0.063394384,-0.076780904
-0.06446886,-0.076780904
-0.065543348,-0.076780904
-0.066617824,-0.076124664
-0.067692312,-0.07568716
-0.068766784,-0.07568716
-0.069841264,-0.07524966400000001
-0.070915752,-0.07546841600000001
-0.071990232,-0.07481216800000001
-0.073064712,-0.07481216800000001
-0.074139192,-0.07459341600000001
-0.07521367200000001,-0.074374672
-0.07628816000000001,-0.07415592
-0.077362632,-0.074374672
-0.07843712,-0.073718424
-0.0795116,-0.07306217599999999
-0.08058607200000001,-0.073499672
-0.08166056000000001,-0.072843432
-0.08273504000000001,-0.07328092000000001
-0.08380952800000001,-0.07306217599999999
-0.084884,-0.07240592800000001
-0.08595848,-0.07240592800000001
-0.087032968,-0.071968432
-0.088107448,-0.071968432
-0.08918192800000001,-0.071530936
-0.09025640800000001,-0.071312184
-0.09133089600000001,-0.070874688
-0.092405368,-0.071968432
-0.093479848,-0.070655936
-0.094554336,-0.07021843200000001
-0.095628816,-0.070874688
-0.09670329600000001,-0.069999688
-0.09777777600000001,-0.06956219200000001
-0.098852256,-0.070655936
-0.099926736,-0.06934344800000002
-0.101001,-0.069780936
-0.102075,-0.06956219200000001
-0.10314999999999999,-0.06890594400000001
-0.104224,-0.06868719200000001
-0.10529899999999999,-0.06868719200000001
-0.106373,-0.068249696
-0.107448,-0.06890594400000001
-0.108522,-0.067593448
-0.109597,-0.06737470400000001
-0.11067099999999999,-0.067593448
-0.111746,-0.068249696
-0.11281999999999999,-0.06737470400000001
-0.113894,-0.0678122
-0.11496899999999999,-0.06693720400000001
-0.116043,-0.066718452
-0.117118,-0.066718452
-0.11819199999999999,-0.066718452
-0.119267,-0.066718452
-0.12034099999999999,-0.066499704
-0.121416,-0.066280956
-0.12248999999999999,-0.066718452
-0.123565,-0.066062208
-0.124639,-0.065624704
-0.125714,-0.066280956
-0.12678799999999998,-0.065624704
-0.127863,-0.064968464
-0.128937,-0.06518721200000001
-0.130012,-0.06453096000000001
-0.13108599999999998,-0.06540596000000001
-0.132161,-0.064968464
-0.133235,-0.06474971600000001
-0.13430999999999998,-0.06431221200000001
-0.135384,-0.06431221200000001
-0.136459,-0.06343722
-0.137533,-0.06387471600000001
-0.13860799999999998,-0.064093464
-0.139682,-0.06343722
-0.140757,-0.06431221200000001
-0.14183099999999998,-0.06365596800000001
-0.142905,-0.06299972
-0.14398,-0.06387471600000001
-0.145054,-0.06387471600000001
-0.14612899999999998,-0.06321846800000001
-0.147203,-0.06343722
-0.148278,-0.06212472
-0.14935199999999998,-0.06299972
-0.150427,-0.06321846800000001
-0.151501,-0.06212472
-0.152576,-0.06299972
-0.15364999999999998,-0.062780972
-0.154725,-0.061905976
-0.155799,-0.06212472
-0.15687399999999999,-0.061905976
-0.157948,-0.06146848
-0.159023,-0.06234347600000001
-0.160097,-0.06081222800000001
-0.16117199999999998,-0.06103097600000001
-0.162246,-0.06146848
-0.163321,-0.06059348
-0.16439499999999999,-0.06081222800000001
-0.16547,-0.06234347600000001
-0.166544,-0.060374732
-0.167619,-0.06059348
-0.16869299999999998,-0.06015598400000001
-0.169768,-0.059718484
-0.170842,-0.06015598400000001
-0.17191599999999999,-0.05993723200000001
-0.172991,-0.059280988
-0.174065,-0.059280988
-0.17514,-0.059499736000000004
-0.17621399999999998,-0.059499736000000004
-0.177289,-0.06059348
-0.178363,-0.05862474000000001
-0.179438,-0.059280988
-0.18051199999999998,-0.058843488000000006
-0.181587,-0.058843488000000006
-0.182661,-0.059499736000000004
-0.18373599999999998,-0.058843488000000006
-0.18481,-0.058843488000000006
-0.185885,-0.057968492
-0.186959,-0.058843488000000006
-0.18803399999999998,-0.057968492
-0.189108,-0.059062236000000004
-0.190183,-0.057749744
-0.19125699999999998,-0.056874748
-0.192332,-0.05862474000000001
-0.193406,-0.057312244000000005
-0.194481,-0.058187244
-0.19555499999999998,-0.057968492
-0.19663,-0.057312244000000005
-0.197704,-0.05709349600000001
-0.19877799999999998,-0.05753099600000001
-0.199853,-0.05599975200000001
-0.19877799999999998,-0.049656028000000005
-0.197704,-0.046374792000000005
-0.19663,-0.044624800000000006
-0.19555499999999998,-0.044624800000000006
-0.194481,-0.041890436
-0.193406,-0.040906068000000004
-0.192332,-0.041015444000000005
-0.19125699999999998,-0.039812324
-0.190183,-0.039812324
-0.189108,-0.039484200000000004
-0.18803399999999998,-0.03828108
-0.186959,-0.03784358
-0.185885,-0.037952956
-0.18481,-0.037734208000000005
-0.18373599999999998,-0.03751546
-0.182661,-0.036312340000000005
-0.181587,-0.035656092
-0.18051199999999998,-0.036202964000000004
-0.179438,-0.035437344
-0.178363,-0.034452972000000005
-0.177289,-0.035109216000000006
-0.17621399999999998,-0.034452972000000005
-0.17514,-0.034124848
-0.174065,-0.034781096000000004
-0.172991,-0.034343596000000004
-0.17191599999999999,-0.03346860200000001
-0.170842,-0.032812352
-0.169768,-0.033031104
-0.16869299999999998,-0.032593606000000004
-0.167619,-0.031827984000000004
-0.166544,-0.03160923400000001
-0.16547,-0.031827984000000004
-0.16439499999999999,-0.03149986
-0.163321,-0.031171738000000004
-0.162246,-0.031827984000000004
-0.16117199999999998,-0.030515488000000004
-0.160097,-0.03073424
-0.159023,-0.030843614000000005
-0.157948,-0.030187366
-0.15687399999999999,-0.029531118000000002
-0.155799,-0.029968616000000003
-0.154725,-0.029093622
-0.15364999999999998,-0.029859242
-0.152576,-0.029968616000000003
-0.151501,-0.028656122000000003
-0.150427,-0.028437374
-0.14935199999999998,-0.027999876000000003
-0.148278,-0.027453004000000003
-0.147203,-0.028109250000000002
-0.14612899999999998,-0.027453004000000003
-0.145054,-0.027999876000000003
-0.14398,-0.028218626000000004
-0.142905,-0.027562376000000003
-0.14183099999999998,-0.027671752
-0.140757,-0.028109250000000002
-0.139682,-0.027453004000000003
-0.13860799999999998,-0.027453004000000003
-0.137533,-0.02668738
-0.136459,-0.025921760000000002
-0.135384,-0.02668738
-0.13430999999999998,-0.026468634
-0.133235,-0.025921760000000002
-0.132161,-0.026468634
-0.13108599999999998,-0.025812384000000004
-0.130012,-0.025046764000000003
-0.128937,-0.025921760000000002
-0.127863,-0.024718642000000002
-0.12678799999999998,-0.024718642000000002
-0.125714,-0.025374888
-0.124639,-0.024609266
-0.123565,-0.024499892000000002
-0.12248999999999999,-0.024281142000000002
-0.121416,-0.023953018000000003
-0.12034099999999999,-0.024281142000000002
-0.119267,-0.024062392000000002
-0.11819199999999999,-0.023843644
-0.117118,-0.024499892000000002
-0.116043,-0.023953018000000003
-0.11496899999999999,-0.02351552
-0.113894,-0.023953018000000003
-0.11281999999999999,-0.022968648
-0.111746,-0.022968648
-0.11067099999999999,-0.023624896000000003
-0.109597,0.000991195
-0.108522,-0.0018423910000000003
-0.107448,-0.002475189
-0.106373,-0.002603988
-0.10529899999999999,-0.002727188
-0.104224,-0.0025535880000000003
-0.10314999999999999,-0.002542388
-0.102075,-0.0021783900000000005
-0.101001,-0.002021591
-0.099926736,-0.0019935910000000003
-0.098852256,-0.0018423910000000003
-0.09777777600000001,-0.001640792
-0.09670329600000001,-0.001573593
-0.095628816,-0.0014335930000000002
-0.094554336,-0.001108795
-0.093479848,-0.0011871940000000001
-0.092405368,-0.000873596
-0.09133089600000001,-0.000789596
-0.09025640800000001,-0.000744796
-0.08918192800000001,-0.000537597
-0.088107448,-0.000313598
-0.087032968,-0.000330398
-0.08595848,-8.3999632e-05
-0.084884,-2.2399902000000004e-05
-0.08380952800000001,-2.7999878000000003e-05
-0.08273504000000001,0.000145599
-0.08166056000000001,0.00013439900000000003
-0.08058607200000001,0.000257598
-0.0795116,0.00045919700000000006
-0.07843712,0.00038079800000000006
-0.077362632,0.0005935970000000001
-0.07628816000000001,0.0005767970000000001
-0.07521367200000001,0.0005095970000000001
-0.074139192,0.000699996
-0.073064712,0.0008231960000000001
-0.071990232,0.000671997
-0.070915752,0.0008847960000000001
-0.069841264,0.000828796
-0.068766784,0.000755996
-0.067692312,0.0010863950000000002
-0.066617824,0.0010471950000000001
-0.065543348,0.001097595
-0.06446886,0.0012823940000000003
-0.063394384,0.0012039940000000001
-0.062319900000000004,0.0015959930000000002
-0.06124542,0.001747192
-0.060170940000000006,0.0016631920000000002
-0.05909646,0.0018703910000000001
-0.058021976,0.002021591
-0.056947496,0.002049591
-0.055873016000000005,0.0023239890000000003
-0.054798532000000004,0.00229039
-0.053724056000000006,0.002396789
-0.052649572000000006,0.002575988
-0.051575092,0.002514389
-0.050500608,0.0026767880000000003
-0.049426128,0.002827987
-0.048351648000000004,0.0027663870000000004
-0.047277168,0.002827987
-0.046202684,0.002967987
-0.045128204000000005,0.002928787
-0.044053724,0.003074386
-0.04297924,0.003102386
-0.041904764000000004,0.002995986
-0.040830280000000004,0.0032591850000000004
-0.0397558,0.0031359860000000003
-0.038681316,0.0031359860000000003
-0.037606836000000005,0.003315185
-0.036532356,0.0031863860000000003
-0.035457876,0.003247985
-0.034383392,0.0033823850000000003
-0.033308912,0.003533584
-0.03223443,0.0036119840000000004
-0.031159950000000002,0.0037351830000000004
-0.030085470000000003,0.003667983
-0.029010988,0.0038863830000000006
-0.027936508000000002,0.003975982
-0.026862028000000003,0.004009582
-0.025787546,0.0042279810000000004
-0.024713064,0.004272781
-0.023638584,0.004306381000000001
-0.022564102000000003,0.004479980000000001
-0.02148962,0.004496780000000001
-0.020415140000000002,0.0045471800000000005
-0.019340658,0.004731979000000001
-0.018266178,0.004687179
-0.017191696,0.0048775780000000005
-0.016117215,0.004916778000000001
-0.015042735000000002,0.004804779
-0.013968254000000001,0.004950378
-0.012893773,0.005006378
-0.011819292,0.004978378
-0.01074481,0.0051631770000000006
-0.009670329,0.005146377000000001
-0.008595848,0.005118377
-0.007521367,0.005224777000000001
-0.006446886000000001,0.005224777000000001
-0.005372405,0.005202377
-0.004297924,0.005303176000000001
-0.0032234430000000003,0.005219177
-0.002148962,0.005258377
-0.001074481,0.005342376000000001
0.0,0.005420776
0.001074481,0.005443176
0.002148962,0.005504775000000001
0.0032234430000000003,0.005521575000000001
0.004297924,0.005717575000000001
0.005372405,0.005812774000000001
0.006446886000000001,0.0058463740000000005
0.007521367,0.006098373000000001
0.008595848,0.006109573
0.009670329,0.006199172000000001
0.01074481,0.0064063720000000005
0.011819292,0.0064063720000000005
0.012893773,0.006523971000000001
0.013968254000000001,0.006619171
0.015042735000000002,0.006624771000000001
0.016117215,0.006764770000000001
0.017191696,0.006899169
0.018266178,0.006932769000000001
0.019340658,0.0070727690000000005
0.020415140000000002,0.007083969000000001
0.02148962,0.0070055690000000006
0.022564102000000003,0.0072127680000000005
0.023638584,0.007223968000000001
0.024713064,0.007251968000000001
0.025787546,0.007347167000000001
0.026862028000000003,0.007391967
0.027936508000000002,0.007380767
0.029010988,0.007554366
0.030085470000000003,0.007442367000000001
0.031159950000000002,0.007515165999999999
0.03223443,0.007587967000000001
0.033308912,0.0075431660000000005
0.034383392,0.007828765000000001
0.035457876,0.007851165
0.036532356,0.007806365000000001
0.037606836000000005,0.008019164
0.038681316,0.008058365000000001
0.0397558,0.008108764000000001
0.040830280000000004,0.008315963000000001
0.041904764000000004,0.008310363000000001
0.04297924,0.008455962000000001
0.044053724,0.008601562
0.045128204000000005,0.008612762000000001
0.046202684,0.008735961
0.047277168,0.00890956
0.048351648000000004,0.008842361
0.049426128,0.00903836
0.050500608,0.00915596
0.051575092,0.00917836
0.052649572000000006,0.009228759
0.053724056000000006,0.009329559000000001
0.054798532000000004,0.009340759
0.055873016000000005,0.009486358000000002
0.056947496,0.009430359000000001
0.058021976,0.009525558
0.05909646,0.009682357
0.060170940000000006,0.009626358000000002
0.06124542,0.009615158
0.062319900000000004,0.009727157
0.063394384,0.009749557
0.06446886,0.009811156000000001
0.065543348,0.009850356000000001
0.066617824,0.009766357000000002
0.067692312,0.009900757000000001
0.068766784,0.010091156
0.069841264,0.009939957000000001
0.070915752,0.010152755000000001
0.071990232,0.010163955000000002
0.073064712,0.010264754000000001
0.074139192,0.010488754000000001
0.07521367200000001,0.010511154
0.07628816000000001,0.010673553000000002
0.077362632,0.010807953000000002
0.07843712,0.010824753000000001
0.0795116,0.011037551
0.08058607200000001,0.011127151000000002
0.08166056000000001,0.01118875
0.08273504000000001,0.011328750000000002
0.08380952800000001,0.011407150000000001
0.084884,0.011474349000000002
0.08595848,0.011709549
0.087032968,0.011731949
0.088107448,0.011787948000000001
0.08918192800000001,0.011972747
0.09025640800000001,0.011927947000000001
0.09133089600000001,0.012023147000000001
0.092405368,0.012174347
0.093479848,0.012140746000000001
0.094554336,0.012280746
0.095628816,0.012415145
0.09670329600000001,0.012308746
0.09777777600000001,0.012504745000000001
0.098852256,0.012532745
0.099926736,0.012487945000000002
0.101001,0.012644745
0.102075,0.012689544000000002
0.10314999999999999,0.012807144000000001
0.104224,0.012969543000000002
0.10529899999999999,0.012941543000000002
0.106373,0.013047942000000002
0.107448,0.013204742
0.108522,0.013238342
0.109597,0.013344741000000002
0.11067099999999999,0.013501540000000001
0.111746,0.013495940000000001
0.11281999999999999,0.013691940000000001
0.113894,0.013798339000000001
0.11496899999999999,0.013770339000000001
0.116043,0.013904738
0.117118,0.013938338000000002
0.11819199999999999,0.013955138
0.119267,0.014167938000000001
0.12034099999999999,0.014167938000000001
0.121416,0.014111938000000001
0.12248999999999999,0.014162338000000002
0.123565,0.014229537
0.124639,0.014257537
0.125714,0.014319137000000001
0.12678799999999998,0.014251937000000001
0.127863,0.014324737
0.128937,0.014347137000000001
0.130012,0.014184738000000002
0.13108599999999998,0.014341537000000001
0.132161,0.014257537
0.133235,0.014173538000000001
0.13430999999999998,0.014212737000000001
0.135384,0.014117538
0.136459,0.014078338000000001
0.137533,0.014274337000000002
0.13860799999999998,0.014055938
0.139682,0.014123138
0.140757,0.014173538000000001
0.14183099999999998,0.014083938
0.142905,0.014223937
0.14398,0.014263137
0.145054,0.014212737000000001
0.14612899999999998,0.014319137000000001
0.147203,0.014302337000000002
0.148278,0.014251937000000001
0.14935199999999998,0.014369536000000002
0.150427,0.014335937000000002
0.151501,0.014279937000000001
0.152576,0.014391936000000001
0.15364999999999998,0.014240737
0.154725,0.014257537
0.155799,0.014386336000000001
0.15687399999999999,0.014223937
0.157948,0.014307937000000001
0.159023,0.014229537
0.160097,0.014100738000000002
0.16117199999999998,0.014145538000000001
0.162246,0.014145538000000001
0.163321,0.013994339000000001
0.16439499999999999,0.014055938
0.16547,0.013910338
0.166544,0.013843139
0.167619,0.013932738
0.16869299999999998,0.01370314
0.169768,0.013652740000000002
0.170842,0.013658340000000001
0.17191599999999999,0.013630340000000001
0.172991,0.013596740000000001
0.174065,0.013557541000000001
0.17514,0.013467940000000001
0.17621399999999998,0.013551941000000001
0.177289,0.013439941
0.178363,0.013400741
0.179438,0.013501540000000001
0.18051199999999998,0.013395141000000001
0.181587,0.013277542000000002
0.182661,0.013372741000000002
0.18373599999999998,0.013238342
0.18481,0.013137542
0.185885,0.013075943000000001
0.186959,0.012952743000000001
0.18803399999999998,0.012947143000000001
0.189108,0.012863143000000002
0.190183,0.012521545000000002
0.19125699999999998,0.012499145000000001
0.192332,0.012443145000000001
0.193406,0.012157547000000001
0.194481,0.012157547000000001
0.19555499999999998,0.011989547000000001
0.19663,0.011731949
0.197704,0.011670348
0.19877799999999998,0.01136795
0.199853,0.01121115
0.200927,0.011183150000000001
0.202002,0.010886352
0.20307599999999998,0.010656753000000001
0.204151,0.010578353
0.205225,0.010292754000000001
0.20629999999999998,0.010326355000000002
0.207374,0.010158355
0.208449,0.009883957
0.209523,0.009956756
0.21059799999999998,0.009822356
0.211672,0.009727157
0.212747,0.009794357000000002
0.21382099999999998,0.009665557000000002
0.214896,0.009519958
0.21597,0.009581558
0.217045,0.009497558000000001
0.21811899999999998,0.009430359000000001
0.219194,0.009368758
0.220268,0.009312759000000002
0.22134299999999998,0.009290359000000002
0.222417,0.00916716
0.223492,0.009150360000000001
0.224566,0.00918396
0.22564099999999998,0.009139160000000002
0.226715,0.008999161
0.227789,0.008993561
0.22886399999999998,0.00891516
0.22993799999999998,0.008875961
0.231013,0.008948761000000001
0.232087,0.008819961000000001
0.23316199999999998,0.008825561
0.234236,0.008819961000000001
0.235311,0.008696762
0.23638499999999998,0.008707962
0.23745999999999998,0.008724762
0.238534,0.008595962
0.239609,0.008668762
0.24068299999999998,0.008735961
0.241758,0.008679962
0.242832,0.008791961000000001
0.24390699999999998,0.008763961
0.24498099999999998,0.008797561
0.246056,0.00893756
0.24713,0.00889276
0.24820499999999998,0.009004761
0.249279,0.009144760000000002
0.25035399999999997,0.00917276
0.251428,0.009239959
0.252503,0.009267959000000001
0.253577,0.009267959000000001
0.254652,0.009407959
0.255726,0.009452759000000002
0.2568,0.009497558000000001
0.25787499999999997,0.009682357
0.258949,0.009547958
0.260024,0.009581558
0.261098,0.009788757
0.262173,0.009732757
0.263247,0.009799957000000002
0.264322,0.009923157
0.26539599999999997,0.009956756
0.266471,0.010018356
0.267545,0.010051956
0.26861999999999997,0.010040756
0.269694,0.010169555000000002
0.270769,0.010175155000000002
0.271843,0.010152755000000001
0.272918,0.010309554
0.273992,0.010326355000000002
0.275067,0.010393555
0.27614099999999997,0.010516754
0.27721599999999996,0.010572753
0.27829,0.010617553000000002
0.279365,0.010841553
0.280439,0.010875152
0.281514,0.011071151000000001
0.282588,0.011171950000000002
0.283663,0.011244751
0.28473699999999996,0.01139035
0.285811,0.011496749
0.286886,0.011524749000000003
0.28796,0.011754349
0.289035,0.011810348000000002
0.290109,0.011860748
0.291184,0.012028747
0.29225799999999996,0.012079146
0.293333,0.012135146000000001
0.294407,0.012347946000000002
0.29548199999999997,0.012375945000000001
0.296556,0.012426345
0.297631,0.012538344000000002
0.298705,0.012510345
0.29978,0.012700744
0.300854,0.012734344
0.301929,0.012790344
0.30300299999999997,0.012891143
0.30407799999999996,0.012941543000000002
0.305152,0.012947143000000001
0.30622699999999997,0.013087143
0.307301,0.013075943000000001
0.308376,0.013143142000000002
0.30945,0.013327941000000001
0.310525,0.013294341000000001
0.31159899999999996,0.013428741000000001
0.312673,0.013557541000000001
0.31374799999999997,0.01358554
0.314822,0.01370314
0.315897,0.013820739000000002
0.316971,0.013854339000000002
0.318046,0.014039139
0.31911999999999996,0.014117538
0.320195,0.014139938000000001
0.32126899999999997,0.014257537
0.32234399999999996,0.014324737
0.323418,0.014369536000000002
0.324493,0.014509536000000002
0.325567,0.014571136
0.326642,0.014677535000000002
0.327716,0.014711135000000002
0.328791,0.014755935000000001
0.32986499999999996,0.014823134000000002
0.33094,0.014901535
0.332014,0.014940734000000002
0.33308899999999997,0.015063933
0.334163,0.015080734000000002
0.335238,0.015125533000000002
0.336312,0.015231934000000003
0.337387,0.015276733000000002
0.338461,0.015259933000000002
0.339536,0.015355133
0.34060999999999997,0.015377533
0.341684,0.015399933000000001
0.342759,0.015534332000000001
0.343833,0.015595930000000001
0.344908,0.015640732
0.345982,0.015808731
0.347057,0.01583673
0.34813099999999997,0.015982329000000003
0.34920599999999996,0.016133529000000004
0.35028,0.016200728
0.351355,0.016357527
0.352429,0.016452728
0.353504,0.016514326000000003
0.354578,0.016743926
0.355653,0.016799926
0.35672699999999996,0.016883926
0.357802,0.017102326
0.358876,0.017135926000000003
0.35995099999999997,0.017270324000000004
0.361025,0.017455124000000002
0.3621,0.017522324
0.363174,0.017695922
0.364249,0.01780792
0.365323,0.017858322
0.366398,0.01806552
0.36747199999999997,0.01815512
0.368546,0.018188720000000002
0.369621,0.018418320000000002
0.370695,0.01850792
0.37177,0.018591918000000002
0.372844,0.018754318000000002
0.373919,0.018849518000000003
0.37499299999999997,0.018978316000000002
0.37606799999999996,0.019196716000000003
0.377142,0.019230316
0.37821699999999997,0.019454314
0.379291,0.019633512000000002
0.380366,0.019751112
0.38144,0.019991912000000004
0.382515,0.020131910000000003
0.38358899999999996,0.020288712
0.384664,0.020585508000000002
0.38573799999999997,0.02069751
0.38681299999999996,0.020893508
0.387887,0.021195908
0.388962,0.021335906
0.390036,0.021498306000000002
0.391111,0.021795104000000003
0.392185,0.021912702000000003
0.39326,0.022209502000000002
0.39433399999999996,0.022411100000000003
0.39540899999999995,0.0226295
0.396483,0.022881500000000003
0.397557,0.023105498000000002
0.398632,0.023307096000000003
0.399706,0.023648696
0.400781,0.023867094000000002
0.40185499999999996,0.024091094
0.40292999999999995,0.024511092
0.404004,0.024707092
0.40507899999999997,0.024987090000000003
0.406153,0.025367888
0.407228,0.025647888000000004
0.408302,0.025967086
0.409377,0.026314284
0.41045099999999995,0.026650284000000003
0.411526,0.027075880000000004
0.41259999999999997,0.027540678000000002
0.41367499999999996,0.027887876000000002
0.414749,0.028459074
0.41582399999999997,0.028907074
0.416898,0.029394272000000003
0.417973,0.030027068000000004
0.419047,0.030615064
0.420122,0.031259064
0.42119599999999996,0.03192546
0.422271,0.032580656
0.42334499999999997,0.033314252
0.42441999999999996,0.034025452
0.425494,0.034815044
0.426568,0.03566064
0.427643,0.036539840000000004
0.42871699999999996,0.037379836
0.429792,0.03843263200000001
0.43086599999999997,0.03942942800000001
0.43194099999999996,0.040392620000000004
0.433015,0.041568616
0.43409,0.04263261200000001
0.435164,0.04376380800000001
0.436239,0.04499020000000001
0.437313,0.04609899600000001
0.438388,0.047258192
0.43946199999999996,0.048366988
0.44053699999999996,0.049302184000000006
0.441611,0.04582792000000001
0.44268599999999997,0.04779666400000001
0.44376,0.049437284000000005
0.444835,0.05162476800000001
0.445909,0.05348414
0.446984,0.05567162800000001
0.44805799999999996,0.058187244
0.449133,0.06059348
0.45020699999999997,0.062780972
0.45128199999999996,0.065734088
0.452356,0.068359072
0.45343,0.070874688
0.454505,0.07415592
0.45557899999999996,0.07699965600000001
0.456654,0.08017152000000001
0.45772799999999997,0.08367150400000001
0.45880299999999996,0.08673399200000001
0.459877,0.09023397600000001
0.460952,0.09373396
0.462026,0.097233944
0.463101,0.101171
0.464175,0.10521799999999999
0.46525,0.108718
0.46632399999999996,0.113202
0.46739899999999995,0.11714000000000001
0.468473,0.120968
0.46954799999999997,0.12567099999999998
0.470622,0.130046
0.471697,0.13409300000000002
0.472771,0.13890499999999997
0.473846,0.14328
0.47491999999999995,0.14787399999999998
0.475995,0.152468
0.47706899999999997,0.156843
0.47814399999999996,0.161764
0.479218,0.166139
0.48029299999999997,0.170514
0.481367,0.17532699999999998
0.48244099999999995,0.179702
0.483516,0.183749
0.48458999999999997,0.18856099999999998
0.48566499999999996,0.19282699999999997
0.486739,0.196655
0.48781399999999997,0.201249
0.488888,0.205186
0.489963,0.208905
0.491037,0.212733
0.492112,0.21645199999999998
0.49318599999999996,0.220061
0.49426099999999995,0.22366999999999998
0.49533499999999997,0.226733
0.49640999999999996,0.230014
0.497484,0.232858
0.498559,0.235373
0.499633,0.23832699999999998
0.5007079999999999,0.240952
0.501782,0.24292
0.502857,0.24532700000000002
0.503931,0.24740499999999999
0.505006,0.249045
0.50608,0.251233
0.507155,0.252436
0.5082289999999999,0.254076
0.509304,0.255389
0.510378,0.256264
0.511452,0.257467
0.512527,0.258233
0.513601,0.25878
0.514676,0.25987299999999997
0.5157499999999999,0.260311
0.516825,0.26042
0.517899,0.26118600000000003
0.5189739999999999,0.26118600000000003
0.520048,0.261405
0.521123,0.261405
0.522197,0.26151399999999997
0.523272,0.26118600000000003
0.524346,0.261295
0.525421,0.26085800000000003
0.5264949999999999,0.260748
0.52757,0.26042
0.528644,0.259764
0.5297189999999999,0.259764
0.530793,0.259326
0.531868,0.25866999999999996
0.532942,0.258561
0.534017,0.258123
0.535091,0.257248
0.5361659999999999,0.25703000000000004
0.5372399999999999,0.256483
0.538314,0.255826
0.539389,0.255498
0.540463,0.25516999999999995
0.541538,0.25484199999999996
0.542612,0.25418599999999997
0.5436869999999999,0.253967
0.5447609999999999,0.253967
0.545836,0.253639
0.54691,0.253201
0.5479849999999999,0.25353000000000003
0.549059,0.253311
0.550134,0.253201
0.5512079999999999,0.253639
0.552283,0.25374800000000003
0.553357,0.253967
0.5544319999999999,0.25462300000000004
0.5555059999999999,0.25516999999999995
0.556581,0.256155
0.557655,0.256811
0.55873,0.257905
0.559804,0.259436
0.560879,0.260748
0.5619529999999999,0.262061
0.563028,0.264139
0.564102,0.26577999999999996
0.5651769999999999,0.267748
0.566251,0.270592
0.567326,0.272889
0.5684,0.275623
0.5694739999999999,0.278467
0.570549,0.281529
0.571623,0.284592
0.5726979999999999,0.287983
0.573772,0.291483
0.574847,0.29541999999999996
0.575921,0.299139
0.576996,0.303186
0.57807,0.30767
0.579145,0.311936
0.5802189999999999,0.31642
0.581294,0.321451
0.582368,0.326264
0.5834429999999999,0.33096699999999996
0.584517,0.336654
0.585592,0.34179499999999996
0.586666,0.347264
0.587741,0.352732
0.588815,0.35830999999999996
0.58989,0.36421699999999996
0.5909639999999999,0.369904
0.592039,0.375482
0.593113,0.381935
0.5941879999999999,0.387842
0.595262,0.393638
0.596336,0.399873
0.597411,0.40588799999999997
0.5984849999999999,0.41179499999999997
0.59956,0.41824799999999995
0.600634,0.424263
0.6017089999999999,0.43016899999999997
0.602783,0.43607599999999996
0.603858,0.441982
0.604932,0.44788799999999995
0.606007,0.45357600000000003
0.607081,0.45904399999999995
0.6081559999999999,0.464841
0.6092299999999999,0.46998199999999996
0.610305,0.475013
0.611379,0.48037199999999997
0.6124539999999999,0.48540399999999995
0.613528,0.490216
0.614603,0.49524699999999994
0.6156769999999999,0.50006
0.616752,0.504435
0.617826,0.509138
0.6189009999999999,0.513841
0.6199749999999999,0.518216
0.62105,0.5226999999999999
0.622124,0.527185
0.6231979999999999,0.5319969999999999
0.624273,0.536482
0.625347,0.540856
0.6264219999999999,0.546106
0.6274959999999999,0.550372
0.628571,0.554747
0.629645,0.559888
0.63072,0.5645910000000001
0.631794,0.569294
0.632869,0.574216
0.6339429999999999,0.578919
0.635018,0.5839500000000001
0.636092,0.588872
0.6371669999999999,0.593684
0.638241,0.5990439999999999
0.639316,0.6038560000000001
0.64039,0.6085590000000001
0.641465,0.614028
0.642539,0.618731
0.643614,0.623325
0.6446879999999999,0.6284649999999999
0.645763,0.6337149999999999
0.646837,0.63809
0.6479119999999999,0.643231
0.648986,0.6477149999999999
0.650061,0.6524179999999999
0.651135,0.657122
0.6522089999999999,0.661387
0.653284,0.665872
0.654358,0.669918
0.6554329999999999,0.673856
0.656507,0.677793
0.657582,0.6812929999999999
0.658656,0.684356
0.659731,0.6878559999999999
0.660805,0.690481
0.66188,0.692887
0.6629539999999999,0.695184
0.664029,0.697043
0.665103,0.698465
0.6661779999999999,0.6995589999999999
0.667252,0.699778
0.668327,0.700434
0.669401,0.700434
0.670476,0.6996680000000001
0.67155,0.699012
0.6726249999999999,0.697481
0.6736989999999999,0.695403
0.674774,0.693653
0.675848,0.690918
0.6769229999999999,0.687746
0.677997,0.684684
0.679072,0.680965
0.6801459999999999,0.6767
0.6812199999999999,0.672215
0.682295,0.6674030000000001
0.683369,0.6625899999999999
0.6844439999999999,0.657012
0.685518,0.651653
0.686593,0.6461840000000001
0.6876669999999999,0.640387
0.688742,0.634153
0.689816,0.6284649999999999
0.6908909999999999,0.62234
0.6919649999999999,0.6161059999999999
0.69304,0.610309
0.694114,0.6041839999999999
0.695189,0.598278
0.696263,0.592591
0.697338,0.586684
0.6984119999999999,0.5815440000000001
0.699487,0.575747
0.700561,0.570388
0.7016359999999999,0.5655749999999999
0.70271,0.560325
0.703785,0.554966
0.704859,0.5507
0.705934,0.545997
0.707008,0.541075
0.708083,0.537138
0.7091569999999999,0.532872
0.710231,0.528497
0.711306,0.524778
0.71238,0.520732
0.713455,0.51745
0.714529,0.513841
0.715604,0.510122
0.7166779999999999,0.507278
0.717753,0.5038879999999999
0.718827,0.5007159999999999
0.7199019999999999,0.49831000000000003
0.720976,0.49524699999999994
0.722051,0.49240399999999995
0.723125,0.490216
0.7242,0.4877
0.725274,0.485075
0.726349,0.482997
0.7274229999999999,0.48080999999999996
0.728498,0.47862200000000005
0.729572,0.47665399999999997
0.7306469999999999,0.474466
0.731721,0.473044
0.732796,0.471076
0.7338699999999999,0.468997
0.734945,0.467904
0.736019,0.466263
0.737093,0.464622
0.7381679999999999,0.46374699999999996
0.739242,0.462435
0.740317,0.460685
0.7413909999999999,0.45981
0.742466,0.458607
0.74354,0.457513
0.7446149999999999,0.456529
0.7456889999999999,0.455435
0.746764,0.454669
0.747838,0.45357600000000003
0.7489129999999999,0.452482
0.749987,0.452154
0.751062,0.451169
0.7521359999999999,0.45007600000000003
0.753211,0.449966
0.754285,0.44909099999999996
0.7553599999999999,0.44821599999999995
0.7564339999999999,0.447779
0.757509,0.447123
0.758583,0.44657600000000003
0.7596579999999999,0.44624800000000003
0.760732,0.445482
0.761807,0.445044
0.7628809999999999,0.444498
0.7639549999999999,0.443951
0.76503,0.443841
0.766104,0.443294
0.7671789999999999,0.442529
0.768253,0.442638
0.769328,0.442201
0.7704019999999999,0.441544
0.771477,0.44143499999999997
0.772551,0.440998
0.7736259999999999,0.44055999999999995
0.7746999999999999,0.44034100000000004
0.775775,0.43990399999999996
0.776849,0.439794
0.777924,0.439248
0.778998,0.438919
0.780073,0.43881
0.7811469999999999,0.438373
0.782222,0.437826
0.783296,0.43793499999999996
0.7843709999999999,0.437498
0.785445,0.436951
0.78652,0.436951
0.787594,0.43640399999999996
0.788669,0.43607599999999996
0.789743,0.435857
0.7908179999999999,0.435638
0.7918919999999999,0.435419
0.792967,0.435091
0.794041,0.434544
0.795115,0.43443499999999996
0.79619,0.43377899999999997
0.797264,0.43323199999999995
0.7983389999999999,0.43334100000000003
0.7994129999999999,0.432685
0.800488,0.432029
0.801562,0.431919
0.8026369999999999,0.431591
0.803711,0.430826
0.804786,0.430498
0.8058599999999999,0.42995099999999997
0.806935,0.429623
0.808009,0.42918500000000004
0.8090839999999999,0.428529
0.8101579999999999,0.42831
0.811233,0.427763
0.812307,0.426888
0.8133819999999999,0.42677899999999996
0.814456,0.42601300000000003
0.815531,0.42524799999999996
0.8166049999999999,0.425029
0.81768,0.424154
0.818754,0.423388
0.8198289999999999,0.42327899999999996
0.8209029999999999,0.42251299999999997
0.821978,0.42174799999999996
0.823052,0.421091
0.8241259999999999,0.420544
0.825201,0.419998
0.826275,0.41912299999999997
0.8273499999999999,0.41824799999999995
0.8284239999999999,0.41781
0.829499,0.417045
0.830573,0.415951
0.8316479999999999,0.415732
0.832722,0.41474799999999995
0.833797,0.413763
0.8348709999999999,0.412998
0.835946,0.412232
0.83702,0.411576
0.8380949999999999,0.41091999999999995
0.8391689999999999,0.409826
0.840244,0.408951
0.841318,0.40829499999999996
0.842393,0.407091
0.843467,0.406545
0.844542,0.40556
0.8456159999999999,0.40435699999999997
0.846691,0.40392
0.847765,0.402935
0.8488399999999999,0.40151299999999995
0.849914,0.400638
0.850988,0.399873
0.852063,0.398779
0.8531369999999999,0.39768499999999996
0.854212,0.39681
0.855286,0.395826
0.8563609999999999,0.39473199999999997
0.857435,0.39352899999999996
0.85851,0.392654
0.859584,0.39167
0.860659,0.390248
0.861733,0.38970099999999996
0.8628079999999999,0.388388
0.8638819999999999,0.387076
0.864957,0.38631
0.866031,0.384998
0.8671059999999999,0.38390399999999997
0.86818,0.38281
0.869255,0.381935
0.8703289999999999,0.380623
0.871404,0.37942
0.872478,0.378326
0.8735529999999999,0.37745100000000004
0.8746269999999999,0.37624799999999997
0.875702,0.374826
0.876776,0.37406
0.8778499999999999,0.372967
0.878925,0.371654
0.879999,0.370779
0.8810739999999999,0.369904
0.8821479999999999,0.368592
0.883223,0.367935
0.884297,0.366951
0.8853719999999999,0.365857
0.886446,0.364982
0.887521,0.364107
0.8885949999999999,0.36312300000000003
0.88967,0.36246700000000004
0.890744,0.361264
0.8918189999999999,0.36093499999999995
0.8928929999999999,0.359951
0.893968,0.359076
0.895042,0.358748
0.8961169999999999,0.358092
0.897191,0.35710699999999995
0.898266,0.35677899999999996
0.8993399999999999,0.356342
0.900415,0.355685
0.901489,0.355248
0.9025639999999999,0.35492
0.9036379999999999,0.354592
0.904713,0.354264
0.905787,0.353826
0.9068609999999999,0.353826
0.907936,0.353498
0.90901,0.35295099999999996
0.9100849999999999,0.35327899999999995
0.9111589999999999,0.352842
0.912234,0.35262299999999996
0.913308,0.35306000000000004
0.914383,0.35317
0.915457,0.35306000000000004
0.916532,0.35306000000000004
0.9176059999999999,0.35327899999999995
0.918681,0.353498
0.919755,0.35360699999999995
0.9208299999999999,0.354045
0.921904,0.354592
0.922979,0.35480999999999996
0.924053,0.35480999999999996
0.925128,0.35579500000000003
0.926202,0.356232
0.9272769999999999,0.35656
0.9283509999999999,0.35743499999999995
0.929426,0.35830999999999996
0.9305,0.358748
0.9315749999999999,0.359514
0.932649,0.360498
0.933724,0.361154
0.9347979999999999,0.362139
0.9358719999999999,0.36312300000000003
0.936947,0.36443499999999995
0.938021,0.36530999999999997
0.9390959999999999,0.366185
0.94017,0.367607
0.941245,0.368701
0.9423189999999999,0.369795
0.943394,0.371654
0.944468,0.372857
0.9455429999999999,0.374388
0.9466169999999999,0.37581
0.947692,0.37756
0.948766,0.37920099999999995
0.9498409999999999,0.380842
0.950915,0.38281
0.95199,0.384998
0.9530639999999999,0.386748
0.954139,0.388607
0.955213,0.39123199999999997
0.9562879999999999,0.39331
0.9573619999999999,0.395279
0.958437,0.398013
0.959511,0.40052899999999997
0.9605859999999999,0.402716
0.96166,0.405779
0.962735,0.408404
0.9638089999999999,0.411138
0.9648829999999999,0.413873
0.965958,0.417045
0.967032,0.420216
0.9681069999999999,0.42327899999999996
0.969181,0.42656
0.970256,0.43027899999999997
0.9713299999999999,0.433669
0.972405,0.43705999999999995
0.973479,0.44110699999999997
0.9745539999999999,0.44493499999999997
0.9756279999999999,0.448872
0.976703,0.453138
0.977777,0.457294
0.9788519999999999,0.461341
0.979926,0.46582599999999996
0.9810009999999999,0.47074699999999997
0.9820749999999999,0.47556
0.98315,0.480263
0.984224,0.484857
0.9852989999999999,0.490435
0.9863729999999999,0.49535700000000005
0.987448,0.500278
0.9885219999999999,0.506622
0.989597,0.5122
0.990671,0.51756
0.991745,0.523794
0.9928199999999999,0.52981
0.9938939999999999,0.535825
0.994969,0.542497
0.9960429999999999,0.548622
0.997118,0.555403
0.998192,0.562403
0.9992669999999999,0.569294
1.000341,0.576841
1.0014159999999999,0.584059
1.0024899999999999,0.590841
1.003565,0.599153
1.004639,0.6062620000000001
1.005714,0.613919
1.006788,0.6221220000000001
1.007863,0.6301059999999999
1.008937,0.638309
1.010012,0.6470589999999999
1.011086,0.655481
1.0121609999999999,0.664122
1.0132349999999999,0.673309
1.01431,0.682168
1.015384,0.691793
1.016459,0.700762
1.017533,0.7099489999999999
1.018608,0.7202310000000001
1.019682,0.729856
1.020756,0.739371
1.021831,0.7500899999999999
1.022905,0.7601519999999999
1.02398,0.770215
1.025054,0.780934
1.0261289999999998,0.7918709999999999
1.0272029999999999,0.802808
1.028278,0.813746
1.029352,0.8246829999999999
1.030427,0.8364959999999999
1.031501,0.847871
1.032576,0.859246
1.03365,0.8711669999999999
1.034725,0.883199
1.035799,0.894902
1.0368739999999999,0.9078080000000001
1.0379479999999999,0.9197299999999999
1.039023,0.932417
1.040097,0.945433
1.041172,0.9585579999999999
1.042246,0.9716829999999999
1.043321,0.9848079999999999
1.044395,0.9983700000000001
1.04547,1.011933
1.046544,1.025495
1.047618,1.0392759999999999
1.0486929999999999,1.053714
1.049767,1.067932
1.050842,1.08237
1.0519159999999999,1.097245
1.052991,1.11212
1.054065,1.126557
1.05514,1.142526
1.056214,1.157619
1.057289,1.1735879999999999
1.058363,1.189557
1.0594379999999999,1.205307
1.060512,1.221932
1.061587,1.2383380000000002
1.0626609999999999,1.254744
1.063736,1.272025
1.06481,1.2886499999999999
1.065885,1.305712
1.066959,1.323869
1.068034,1.341587
1.069108,1.359306
1.0701829999999999,1.377243
1.071257,1.3954
1.0723319999999998,1.413993
1.0734059999999999,1.4325869999999998
1.074481,1.4513989999999999
1.075555,1.470649
1.076629,1.4898989999999999
1.077704,1.50893
1.078778,1.529493
1.079853,1.5485239999999998
1.080927,1.568649
1.082002,1.589867
1.083076,1.61043
1.0841509999999999,1.631211
1.0852249999999999,1.652867
1.0863,1.674086
1.0873739999999998,1.695304
1.088449,1.717617
1.089523,1.7392729999999998
1.090598,1.7620230000000001
1.091672,1.784554
1.092747,1.807085
1.093821,1.831148
1.0948959999999999,1.8547719999999999
1.0959699999999999,1.87796
1.097045,1.90246
1.0981189999999998,1.9265219999999998
1.099194,1.933303
1.100268,1.9197410000000001
1.101343,1.9096790000000001
1.102417,1.9039909999999998
1.103492,1.896553
1.104566,1.889116
1.1056409999999999,1.884304
1.106715,1.876866
1.107789,1.870741
1.1088639999999998,1.865929
1.1099379999999999,1.857616
1.111013,1.851054
1.112087,1.833991
1.113162,1.823929
1.114236,1.813429
1.115311,1.804679
1.116385,1.794617
1.11746,1.7854290000000002
1.118534,1.7771169999999998
1.1196089999999999,1.767492
1.1206829999999999,1.7587419999999998
1.121758,1.749992
1.122832,1.741679
1.123907,1.733804
1.124981,1.725054
1.126056,1.7171789999999998
1.12713,1.709742
1.128205,1.7014289999999999
1.129279,1.693117
1.1303539999999999,1.6869919999999998
1.1314279999999999,1.679555
1.132503,1.6716799999999998
1.133577,1.6655550000000001
1.134652,1.658555
1.135726,1.651555
1.1368,1.644992
1.137875,1.6379920000000001
1.138949,1.631867
1.140024,1.625305
1.141098,1.61918
1.1421729999999999,1.613492
1.143247,1.60693
1.1443219999999998,1.6008049999999998
1.1453959999999999,1.595992
1.146471,1.590305
1.147545,1.58418
1.14862,1.579367
1.149694,1.57368
1.150769,1.5684299999999998
1.151843,1.56318
1.1529179999999999,1.5579299999999998
1.153992,1.5531179999999998
1.1550669999999998,1.547868
1.1561409999999999,1.5426179999999998
1.157216,1.538243
1.15829,1.53343
1.159365,1.5281799999999999
1.160439,1.523805
1.161514,1.51943
1.162588,1.5141799999999999
1.163663,1.5106799999999998
1.164737,1.506305
1.165811,1.501493
1.1668859999999999,1.497555
1.1679599999999999,1.4936180000000001
1.169035,1.48968
1.1701089999999998,1.4848679999999999
1.171184,1.4813679999999998
1.172258,1.477868
1.173333,1.47393
1.174407,1.469555
1.175482,1.4664929999999998
1.176556,1.462556
1.1776309999999999,1.458618
1.178705,1.455555
1.17978,1.451618
1.1808539999999998,1.448118
1.181929,1.445056
1.183003,1.4415559999999998
1.184078,1.438056
1.185152,1.434993
1.186227,1.431493
1.187301,1.428431
1.1883759999999999,1.425368
1.18945,1.4218680000000001
1.190525,1.419243
1.1915989999999999,1.415743
1.1926729999999999,1.412243
1.193748,1.410056
1.194822,1.4069930000000002
1.195897,1.403931
1.196971,1.401306
1.198046,1.398243
1.19912,1.395181
1.200195,1.3925560000000001
1.201269,1.389493
1.2023439999999999,1.387306
1.2034179999999999,1.384243
1.204493,1.3816179999999998
1.205567,1.3794309999999999
1.206642,1.376806
1.207716,1.373743
1.208791,1.372431
1.209865,1.369368
1.21094,1.3667429999999998
1.212014,1.364993
1.2130889999999999,1.361931
1.2141629999999999,1.359743
1.215238,1.357993
1.2163119999999998,1.3549309999999999
1.217387,1.353181
1.218461,1.3509939999999998
1.219535,1.348368
1.22061,1.346618
1.221684,1.344431
1.222759,1.341806
1.223833,1.340056
1.2249079999999999,1.3374309999999998
1.225982,1.335681
1.2270569999999998,1.3334940000000002
1.2281309999999999,1.331306
1.229206,1.329119
1.23028,1.327806
1.231355,1.325181
1.232429,1.3234309999999998
1.233504,1.3216809999999999
1.234578,1.319931
1.235653,1.318181
1.236727,1.315994
1.2378019999999998,1.313806
1.2388759999999999,1.312494
1.239951,1.310744
1.241025,1.3085559999999998
1.2421,1.3072439999999999
1.243174,1.305494
1.244249,1.302869
1.245323,1.301994
1.246397,1.299806
1.247472,1.2980559999999999
1.248546,1.296744
1.2496209999999999,1.294994
1.250695,1.2936809999999999
1.25177,1.291494
1.2528439999999998,1.290181
1.253919,1.288869
1.254993,1.286681
1.256068,1.284931
1.257142,1.2840559999999999
1.258217,1.282306
1.259291,1.2805559999999998
1.2603659999999999,1.2796809999999998
1.26144,1.277931
1.262515,1.276619
1.2635889999999999,1.274431
1.264664,1.2735560000000001
1.265738,1.272244
1.266813,1.270494
1.267887,1.269181
1.268962,1.267431
1.270036,1.266556
1.2711109999999999,1.2648059999999999
1.272185,1.2643689999999999
1.273259,1.262181
1.2743339999999999,1.260431
1.2754079999999999,1.259994
1.276483,1.258244
1.2775569999999998,1.256931
1.278632,1.256056
1.279706,1.254306
1.280781,1.253431
1.281855,1.252119
1.28293,1.2503689999999998
1.284004,1.2494939999999999
1.2850789999999999,1.248619
1.2861529999999999,1.246869
1.287228,1.246431
1.2883019999999998,1.244681
1.289377,1.242931
1.290451,1.242057
1.291526,1.240744
1.2926,1.239431
1.293675,1.238556
1.294749,1.237244
1.2958239999999999,1.2363689999999998
1.2968979999999999,1.2354939999999999
1.297973,1.234182
1.2990469999999998,1.233306
1.300122,1.231994
1.301196,1.230682
1.30227,1.2302440000000001
1.303345,1.228494
1.304419,1.227182
1.305494,1.226744
1.306568,1.225432
1.3076429999999999,1.224119
1.308717,1.223682
1.3097919999999998,1.222807
1.3108659999999999,1.221932
1.311941,1.220619
1.313015,1.219307
1.31409,1.218432
1.315164,1.217119
1.316239,1.216244
1.317313,1.2153690000000001
1.318388,1.214057
1.319462,1.213182
1.3205369999999998,1.212744
1.3216109999999999,1.211869
1.322686,1.2105569999999999
1.32376,1.210119
1.324835,1.208807
1.325909,1.207932
1.326984,1.2070569999999998
1.328058,1.2061819999999999
1.329133,1.205307
1.330207,1.204432
1.331281,1.2035569999999998
1.3323559999999999,1.202682
1.33343,1.2013690000000001
1.3345049999999998,1.200494
1.3355789999999998,1.200057
1.336654,1.199182
1.337728,1.197869
1.338803,1.197432
1.339877,1.196557
1.340952,1.195682
1.342026,1.194807
1.3431009999999999,1.193932
1.344175,1.1934939999999998
1.3452499999999998,1.1926189999999999
1.3463239999999999,1.191744
1.347399,1.191307
1.348473,1.190432
1.349548,1.189119
1.350622,1.189119
1.351697,1.187807
1.352771,1.186932
1.3538459999999999,1.186494
1.35492,1.185182
1.3559949999999998,1.184307
1.3570689999999999,1.183432
1.358144,1.1829939999999999
1.359218,1.182557
1.360293,1.181682
1.361367,1.180807
1.362441,1.180369
1.363516,1.179057
1.36459,1.1786189999999999
1.365665,1.1786189999999999
1.366739,1.1773069999999999
1.3678139999999999,1.176869
1.3688879999999999,1.176432
1.369963,1.175557
1.3710369999999998,1.174244
1.372112,1.173807
1.373186,1.172932
1.374261,1.1724940000000001
1.375335,1.1720570000000001
1.37641,1.170744
1.377484,1.170744
1.3785589999999999,1.169869
1.3796329999999999,1.168994
1.380708,1.168557
1.3817819999999998,1.168119
1.382857,1.166807
1.383931,1.166807
1.385006,1.165932
1.38608,1.165494
1.387155,1.165057
1.388229,1.1641819999999998
1.3893039999999999,1.163744
1.390378,1.162869
1.3914529999999998,1.161994
1.3925269999999998,1.161557
1.3936009999999999,1.1611189999999998
1.394676,1.160244
1.39575,1.160244
1.396825,1.159369
1.397899,1.1584940000000001
1.398974,1.1584940000000001
1.400048,1.1580570000000001
1.401123,1.156744
1.402197,1.156744
1.4032719999999999,1.156307
1.4043459999999999,1.155432
1.405421,1.154557
1.4064949999999998,1.154119
1.40757,1.153682
1.408644,1.153244
1.409719,1.152369
1.410793,1.151932
1.411868,1.151494
1.412942,1.1506189999999998
1.4140169999999999,1.1506189999999998
1.4150909999999999,1.150182
1.416166,1.1493069999999999
1.4172399999999998,1.148869
1.418315,1.148432
1.419389,1.147557
1.420463,1.1471189999999998
1.421538,1.146682
1.422612,1.1462439999999998
1.423687,1.1458069999999998
1.424761,1.144932
1.4258359999999999,1.144932
1.42691,1.143619
1.4279849999999998,1.1431820000000001
1.4290589999999999,1.1431820000000001
1.430134,1.142307
1.431208,1.141432
1.432283,1.141432
1.433357,1.140994
1.434432,1.1401189999999999
1.435506,1.139682
1.4365809999999999,1.139244
1.437655,1.138369
1.4387299999999998,1.137932
1.4398039999999999,1.137494
1.440879,1.137932
1.441953,1.136619
1.443028,1.136182
1.444102,1.136182
1.445177,1.1353069999999998
1.446251,1.13487
1.447325,1.13487
1.4484,1.1344319999999999
1.449474,1.133557
1.4505489999999999,1.133119
1.4516229999999999,1.133119
1.452698,1.1322439999999998
1.4537719999999998,1.1322439999999998
1.454847,1.131369
1.455921,1.1309319999999998
1.456996,1.1304949999999998
1.45807,1.130057
1.459145,1.1296190000000002
1.460219,1.1291820000000001
1.4612939999999999,1.128307
1.462368,1.127869
1.4634429999999998,1.127869
1.4645169999999998,1.127432
1.465592,1.126995
1.466666,1.126995
1.467741,1.126119
1.468815,1.125245
1.46989,1.125245
1.470964,1.124807
1.4720389999999999,1.124807
1.473113,1.123932
1.474187,1.123932
1.4752619999999999,1.123057
1.4763359999999999,1.122182
1.477411,1.12262
1.4784849999999998,1.1217439999999999
1.47956,1.121307
1.480634,1.121307
1.481709,1.12087
1.482783,1.1204319999999999
1.483858,1.1199949999999999
1.484932,1.119557
1.4860069999999999,1.119557
1.4870809999999999,1.118682
1.488156,1.118682
1.4892299999999998,1.118245
1.490305,1.117807
1.491379,1.1169319999999998
1.492454,1.11737
1.493528,1.1164949999999998
1.494603,1.1156199999999998
1.495677,1.116057
1.4967519999999999,1.1156199999999998
1.4978259999999999,1.114745
1.498901,1.1143070000000002
1.4999749999999998,1.1143070000000002
1.498901,1.1138700000000001
1.4978259999999999,1.1138700000000001
1.4967519999999999,1.112995
1.495677,1.112995
1.494603,1.112995
1.493528,1.111682
1.492454,1.111682
1.491379,1.111245
1.490305,1.110807
1.4892299999999998,1.110807
1.488156,1.11037
1.4870809999999999,1.109932
1.4860069999999999,1.109932
1.484932,1.109057
1.483858,1.10862
1.482783,1.10862
1.481709,1.108182
1.480634,1.108182
1.47956,1.107307
1.4784849999999998,1.10687
1.477411,1.107307
1.4763359999999999,1.1064319999999999
1.4752619999999999,1.1059949999999998
1.474187,1.1059949999999998
1.473113,1.1051199999999999
1.4720389999999999,1.1051199999999999
1.470964,1.104682
1.46989,1.104682
1.468815,1.104245
1.467741,1.103807
1.466666,1.10337
1.465592,1.10337
1.4645169999999998,1.1029319999999998
1.4634429999999998,1.1020569999999998
1.462368,1.102495
1.4612939999999999,1.1020569999999998
1.460219,1.101182
1.459145,1.1016199999999998
1.45807,1.101182
1.456996,1.1003070000000001
1.455921,1.100745
1.454847,1.1003070000000001
1.4537719999999998,1.099432
1.452698,1.099432
1.4516229999999999,1.098995
1.4505489999999999,1.098995
1.449474,1.098557
1.4484,1.09812
1.447325,1.09812
1.446251,1.097682
1.445177,1.097245
1.444102,1.097245
1.443028,1.096807
1.441953,1.095932
1.440879,1.095932
1.4398039999999999,1.095495
1.4387299999999998,1.095057
1.437655,1.095057
1.4365809999999999,1.095057
1.435506,1.095057
1.434432,1.09462
1.433357,1.094182
1.432283,1.094182
1.431208,1.093745
1.430134,1.09287
1.4290589999999999,1.093307
1.4279849999999998,1.09287
1.42691,1.0924319999999998
1.4258359999999999,1.0924319999999998
1.424761,1.091995
1.423687,1.0915569999999999
1.422612,1.0915569999999999
1.421538,1.090682
1.420463,1.090682
1.419389,1.090245
1.418315,1.090245
1.4172399999999998,1.089807
1.416166,1.08937
1.4150909999999999,1.0889319999999998
1.4140169999999999,1.0889319999999998
1.412942,1.0889319999999998
1.411868,1.088495
1.410793,1.0880569999999998
1.409719,1.0880569999999998
1.408644,1.0876199999999998
1.40757,1.0876199999999998
1.4064949999999998,1.087182
1.405421,1.0867449999999999
1.4043459999999999,1.0863070000000001
1.4032719999999999,1.0858700000000001
1.402197,1.0858700000000001
1.401123,1.0858700000000001
1.400048,1.085432
1.398974,1.085432
1.397899,1.0849950000000002
1.396825,1.084557
1.39575,1.084557
1.394676,1.084557
1.3936009999999999,1.083682
1.3925269999999998,1.083682
1.3914529999999998,1.083245
1.390378,1.083245
1.3893039999999999,1.082807
1.388229,1.08237
1.387155,1.08237
1.38608,1.081932
1.385006,1.081495
1.383931,1.081932
1.382857,1.081495
1.3817819999999998,1.081057
1.380708,1.081495
1.3796329999999999,1.081057
1.3785589999999999,1.080182
1.377484,1.08062
1.37641,1.079745
1.375335,1.079745
1.374261,1.079745
1.373186,1.079307
1.372112,1.079307
1.3710369999999998,1.07887
1.369963,1.078432
1.3688879999999999,1.07887
1.3678139999999999,1.078432
1.366739,1.0775569999999999
1.365665,1.077995
1.36459,1.0775569999999999
1.363516,1.0771199999999999
1.362441,1.0775569999999999
1.361367,1.076682
1.360293,1.075807
1.359218,1.076245
1.358144,1.075807
1.3570689999999999,1.07537
1.3559949999999998,1.07537
1.35492,1.074932
1.3538459999999999,1.074932
1.352771,1.074932
1.351697,1.0740569999999998
1.350622,1.074495
1.349548,1.0740569999999998
1.348473,1.0736199999999998
1.347399,1.0736199999999998
1.3463239999999999,1.0736199999999998
1.3452499999999998,1.0727449999999998
1.344175,1.0727449999999998
1.3431009999999999,1.0727449999999998
1.342026,1.0723070000000001
1.340952,1.0723070000000001
1.339877,1.07187
1.338803,1.07187
1.337728,1.0714320000000002
1.336654,1.0709950000000001
1.3355789999999998,1.0714320000000002
1.3345049999999998,1.0709950000000001
1.33343,1.070557
1.3323559999999999,1.070557
1.331281,1.07012
1.330207,1.07012
1.329133,1.07012
1.328058,1.069245
1.326984,1.069245
1.325909,1.069245
1.324835,1.068807
1.32376,1.068807
1.322686,1.068807
1.3216109999999999,1.067932
1.3205369999999998,1.06837
1.319462,1.067932
1.318388,1.067495
1.317313,1.067495
1.316239,1.067495
1.315164,1.067057
1.31409,1.06662
1.313015,1.066182
1.311941,1.066182
1.3108659999999999,1.066182
1.3097919999999998,1.065745
1.308717,1.065745
1.3076429999999999,1.065745
1.306568,1.06487
1.305494,1.065307
1.304419,1.065307
1.303345,1.064432
1.30227,1.06487
1.301196,1.064432
1.300122,1.063995
1.2990469999999998,1.063995
1.297973,1.063995
1.2968979999999999,1.0635569999999999
1.2958239999999999,1.0635569999999999
1.294749,1.062682
1.293675,1.0631199999999998
1.2926,1.062682
1.291526,1.0622449999999999
1.290451,1.062682
1.289377,1.0622449999999999
1.2883019999999998,1.061807
1.287228,1.061807
1.2861529999999999,1.061807
1.2850789999999999,1.060932
1.284004,1.06137
1.28293,1.060932
1.281855,1.060932
1.280781,1.060932
1.279706,1.060495
1.278632,1.0600569999999998
1.2775569999999998,1.0600569999999998
1.276483,1.05962
1.2754079999999999,1.0600569999999998
1.2743339999999999,1.05962
1.273259,1.0587449999999998
1.272185,1.0591819999999998
1.2711109999999999,1.0587449999999998
1.270036,1.058307
1.268962,1.0587449999999998
1.267887,1.0587449999999998
1.266813,1.058307
1.265738,1.0578699999999999
1.264664,1.0578699999999999
1.2635889999999999,1.0578699999999999
1.262515,1.0574320000000001
1.26144,1.0569950000000001
1.2603659999999999,1.0574320000000001
1.259291,1.0569950000000001
1.258217,1.056557
1.257142,1.0569950000000001
1.256068,1.0561200000000002
1.254993,1.055682
1.253919,1.0561200000000002
1.2528439999999998,1.0561200000000002
1.25177,1.055682
1.250695,1.055245
1.2496209999999999,1.055245
1.248546,1.055245
1.247472,1.054807
1.246397,1.05437
1.245323,1.054807
1.244249,1.05437
1.243174,1.053932
1.2421,1.05437
1.241025,1.053932
1.239951,1.053495
1.2388759999999999,1.053932
1.2378019999999998,1.053495
1.236727,1.0526200000000001
1.235653,1.053057
1.234578,1.0526200000000001
1.233504,1.0526200000000001
1.232429,1.052182
1.231355,1.052182
1.23028,1.052182
1.229206,1.051745
1.2281309999999999,1.051745
1.2270569999999998,1.052182
1.225982,1.051307
1.2249079999999999,1.051307
1.223833,1.051307
1.222759,1.05087
1.221684,1.05087
1.22061,1.050432
1.219535,1.050432
1.218461,1.049995
1.217387,1.0495569999999999
1.2163119999999998,1.0495569999999999
1.215238,1.0495569999999999
1.2141629999999999,1.04912
1.2130889999999999,1.04912
1.212014,1.04912
1.21094,1.048682
1.209865,1.048682
1.208791,1.048682
1.207716,1.048682
1.206642,1.047807
1.205567,1.0482449999999999
1.204493,1.047807
1.2034179999999999,1.047807
1.2023439999999999,1.047807
1.201269,1.04737
1.200195,1.047807
1.19912,1.046932
1.198046,1.046932
1.196971,1.04737
1.195897,1.046495
1.194822,1.0460569999999998
1.193748,1.046495
1.1926729999999999,1.0460569999999998
1.1915989999999999,1.04562
1.190525,1.0460569999999998
1.18945,1.0451819999999998
1.1883759999999999,1.04562
1.187301,1.0451819999999998
1.186227,1.0451819999999998
1.185152,1.0451819999999998
1.184078,1.0447449999999998
1.183003,1.0443069999999999
1.181929,1.0443069999999999
1.1808539999999998,1.0443069999999999
1.17978,1.0438699999999999
1.178705,1.0443069999999999
1.1776309999999999,1.0438699999999999
1.176556,1.0438699999999999
1.175482,1.0438699999999999
1.174407,1.0434320000000001
1.173333,1.0429950000000001
1.172258,1.0429950000000001
1.171184,1.042557
1.1701089999999998,1.0429950000000001
1.169035,1.0421200000000002
1.1679599999999999,1.0421200000000002
1.1668859999999999,1.042557
1.165811,1.041682
1.164737,1.041245
1.163663,1.0421200000000002
1.162588,1.041682
1.161514,1.041245
1.160439,1.041245
1.159365,1.041245
1.15829,1.041245
1.157216,1.041245
1.1561409999999999,1.040807
1.1550669999999998,1.040807
1.153992,1.04037
1.1529179999999999,1.04037
1.151843,1.040807
1.150769,1.039932
1.149694,1.039932
1.14862,1.039932
1.147545,1.039495
1.146471,1.039495
1.1453959999999999,1.039495
1.1443219999999998,1.0390570000000001
1.143247,1.03862
1.1421729999999999,1.0390570000000001
1.141098,1.03862
1.140024,1.03862
1.138949,1.038182
1.137875,1.038182
1.1368,1.038182
1.135726,1.037745
1.134652,1.037307
1.133577,1.038182
1.132503,1.037745
1.1314279999999999,1.037307
1.1303539999999999,1.037307
1.129279,1.037307
1.128205,1.036432
1.12713,1.03687
1.126056,1.03687
1.124981,1.036432
1.123907,1.036432
1.122832,1.035557
1.121758,1.035995
1.1206829999999999,1.035557
1.1196089999999999,1.03512
1.118534,1.035557
1.11746,1.03512
1.116385,1.03512
1.115311,1.03512
1.114236,1.0346819999999999
1.113162,1.0342449999999999
1.112087,1.0346819999999999
1.111013,1.0346819999999999
1.1099379999999999,1.0342449999999999
1.1088639999999998,1.0342449999999999
1.107789,1.033807
1.106715,1.0342449999999999
1.1056409999999999,1.033807
1.104566,1.03337
1.103492,1.033807
1.102417,1.033807
1.101343,1.032495
1.100268,1.03337
1.099194,1.02462
1.0981189999999998,1.008432
1.097045,0.99312
1.0959699999999999,0.977808
1.0948959999999999,0.962933
1.093821,0.948495
1.092747,0.9340579999999999
1.091672,0.91962
1.090598,0.90562
1.089523,0.891183
1.088449,0.877621
1.0873739999999998,0.8636210000000001
1.0863,0.850058
1.0852249999999999,0.8369329999999999
1.0841509999999999,0.823808
1.083076,0.810246
1.082002,0.797121
1.080927,0.784433
1.079853,0.7713089999999999
1.078778,0.759059
1.077704,0.746371
1.076629,0.734559
1.075555,0.722309
1.074481,0.710496
1.0734059999999999,0.6982459999999999
1.0723319999999998,0.686871
1.071257,0.674184
1.0701829999999999,0.6636839999999999
1.069108,0.651872
1.068034,0.640497
1.066959,0.629559
1.065885,0.618622
1.06481,0.607684
1.063736,0.5967469999999999
1.0626609999999999,0.5862470000000001
1.061587,0.575747
1.060512,0.5656840000000001
1.0594379999999999,0.555185
1.058363,0.545122
1.057289,0.53506
1.056214,0.5249969999999999
1.05514,0.51581
1.054065,0.5057470000000001
1.052991,0.49612199999999995
1.0519159999999999,0.48737199999999997
1.050842,0.478185
1.049767,0.468997
1.0486929999999999,0.46024699999999996
1.047618,0.45149700000000004
1.046544,0.44274800000000003
1.04547,0.43443499999999996
1.044395,0.426123
1.043321,0.41781
1.042246,0.409935
1.041172,0.401623
1.040097,0.39418499999999995
1.039023,0.38631
1.0379479999999999,0.378435
1.0368739999999999,0.370998
1.035799,0.36356
1.034725,0.356123
1.03365,0.34956000000000004
1.032576,0.34256000000000003
1.031501,0.33555999999999997
1.030427,0.328998
1.029352,0.321998
1.028278,0.315436
1.0272029999999999,0.308873
1.0261289999999998,0.30274799999999996
1.025054,0.29662299999999997
1.02398,0.29049800000000003
1.022905,0.28393599999999997
1.021831,0.278686
1.020756,0.272561
1.019682,0.266436
1.018608,0.26118600000000003
1.017533,0.255498
1.016459,0.250248
1.015384,0.244998
1.01431,0.23974800000000002
1.0132349999999999,0.23449799999999998
1.0121609999999999,0.22924799999999998
1.011086,0.224436
1.010012,0.219624
1.008937,0.214811
1.007863,0.209561
1.006788,0.205624
1.005714,0.200811
1.004639,0.195999
1.003565,0.192499
1.0024899999999999,0.187686
1.0014159999999999,0.183311
1.000341,0.179374
0.9992669999999999,0.17543599999999998
0.998192,0.17149899999999998
0.997118,0.167561
0.9960429999999999,0.16362400000000002
0.994969,0.160124
0.9938939999999999,0.156186
0.9928199999999999,0.152249
0.991745,0.14918599999999999
0.990671,0.145686
0.989597,0.141749
0.9885219999999999,0.139124
0.987448,0.135624
0.9863729999999999,0.132124
0.9852989999999999,0.12906099999999998
0.984224,0.125999
0.98315,0.122936
0.9820749999999999,0.11987400000000001
0.9810009999999999,0.11724899999999999
0.979926,0.11462399999999999
0.9788519999999999,0.11156200000000001
0.977777,0.10893699999999999
0.976703,0.10631199999999999
0.9756279999999999,0.10368699999999999
0.9745539999999999,0.100624
0.973479,0.09887456800000001
0.972405,0.09581207200000001
0.9713299999999999,0.093187088
0.970256,0.09143709600000001
0.969181,0.088812104
0.9681069999999999,0.08706211200000001
0.967032,0.08487462400000001
0.965958,0.08268712800000001
0.9648829999999999,0.080718392
0.9638089999999999,0.07853090400000001
0.962735,0.07634341600000001
0.96166,0.07481216800000001
0.9605859999999999,0.07262468000000001
0.959511,0.070655936
0.958437,0.06912468800000002
0.9573619999999999,0.06737470400000001
0.9562879999999999,0.06518721200000001
0.955213,0.06365596800000001
0.954139,0.061905976
0.9530639999999999,0.06015598400000001
0.95199,0.058843488000000006
0.950915,0.05709349600000001
0.9498409999999999,0.055562252000000006
0.948766,0.05424976
0.947692,0.05249976800000001
0.9466169999999999,0.051406020000000004
0.9455429999999999,0.049874776
0.944468,0.048124784000000004
0.943394,0.047249792000000006
0.9423189999999999,0.045937296
0.941245,0.044406052
0.94017,0.043640428
0.9390959999999999,0.04265606
0.938021,0.041234192
0.936947,0.04003107200000001
0.9358719999999999,0.03893732800000001
0.9347979999999999,0.037952956
0.933724,0.036859212
0.932649,0.035656092
0.9315749999999999,0.034999844
0.9305,0.0339061
0.929426,0.032702980000000006
0.9283509999999999,0.032046732
0.9272769999999999,0.031171738000000004
0.926202,0.029968616000000003
0.925128,0.029531118000000002
0.924053,0.028546748000000004
0.922979,0.027562376000000003
0.921904,0.02690613
0.9208299999999999,0.026140508
0.919755,0.025484262000000004
0.918681,0.024718642000000002
0.9176059999999999,0.023843644
0.916532,0.023406146000000003
0.915457,0.022640524000000002
0.914383,0.021874904
0.913308,0.010331955
0.912234,0.014991134000000001
0.9111589999999999,0.016066329
0.9100849999999999,0.016032729000000003
0.90901,0.015668730999999998
0.907936,0.015192733
0.9068609999999999,0.014677535000000002
0.905787,0.014162338000000002
0.904713,0.013742339000000001
0.9036379999999999,0.013232742
0.9025639999999999,0.012695144000000002
0.901489,0.012364746000000001
0.900415,0.011860748
0.8993399999999999,0.011412750000000001
0.898266,0.011093551
0.897191,0.010645553000000002
0.8961169999999999,0.010264754000000001
0.895042,0.009900757000000001
0.893968,0.009531158
0.8928929999999999,0.009206359
0.8918189999999999,0.008831161000000002
0.890744,0.008444762000000001
0.88967,0.008187164
0.8885949999999999,0.007828765000000001
0.887521,0.007436767000000001
0.886446,0.007223968000000001
0.8853719999999999,0.006893569
0.884297,0.0065463710000000005
0.883223,0.0063391720000000006
0.8821479999999999,0.006008773
0.8810739999999999,0.005773574000000001
0.879999,0.005538375
0.878925,0.005263977
0.8778499999999999,0.0050399780000000005
0.876776,0.004793579
0.875702,0.004541580000000001
0.8746269999999999,0.004395980000000001
0.8735529999999999,0.004149581
0.872478,0.003931182000000001
0.871404,0.0038023830000000003
0.8703289999999999,0.0035783840000000004
0.869255,0.0033487850000000004
0.86818,0.003247985
0.8671059999999999,0.003023986
0.866031,0.002883987
0.864957,0.002727188
0.8638819999999999,0.002547988
0.8628079999999999,0.002407989
0.861733,0.00225679
0.860659,0.00212239
0.859584,0.0020271910000000002
0.85851,0.0018311920000000001
0.857435,0.001657592
0.8563609999999999,0.0015847930000000001
0.855286,0.0013999930000000002
0.854212,0.001237594
0.8531369999999999,0.001175994
0.852063,0.001041595
0.850988,0.0008511960000000001
0.849914,0.000811996
0.8488399999999999,0.000655197
0.847765,0.000559997
0.846691,0.000447998
0.8456159999999999,0.000313598
0.844542,0.00026879800000000005
0.843467,0.000128799
0.842393,1.1199951000000002e-05
0.841318,-1.6799928e-05
0.840244,-0.00011759900000000001
0.8391689999999999,-0.00024079800000000002
0.8380949999999999,-0.000251998
0.83702,-0.00035279800000000003
0.835946,-0.00046479700000000003
0.8348709999999999,-0.000503997
0.833797,-0.0006047970000000001
0.832722,-0.000677597
0.8316479999999999,-0.000699996
0.830573,-0.000811996
0.829499,-0.000834396
0.8284239999999999,-0.000912796
0.8273499999999999,-0.0009855950000000001
0.826275,-0.0009575950000000001
0.825201,-0.001058395
0.8241259999999999,-0.001192794
0.823052,-0.0012039940000000001
0.821978,-0.0012599940000000002
0.8209029999999999,-0.001355194
0.8198289999999999,-0.001377593
0.818754,-0.0014727930000000002
0.81768,-0.0015567930000000001
0.8166049999999999,-0.0015847930000000001
0.815531,-0.0016855920000000003
0.814456,-0.0017135920000000001
0.8133819999999999,-0.001791992
0.812307,-0.0018591910000000003
0.811233,-0.001825592
0.8101579999999999,-0.0019319909999999999
0.8090839999999999,-0.002015991
0.808009,-0.0019935910000000003
0.806935,-0.0020607900000000003
0.8058599999999999,-0.0021839900000000002
0.804786,-0.0021671900000000003
0.803711,-0.00222879
0.8026369999999999,-0.00225679
0.801562,-0.0022511900000000006
0.800488,-0.0023407890000000002
0.7994129999999999,-0.002357589
0.7983389999999999,-0.002391189
0.797264,-0.002469589
0.79619,-0.0024527890000000004
0.795115,-0.002503189
0.794041,-0.002570388
0.792967,-0.0025199890000000003
0.7918919999999999,-0.0025927880000000004
0.7908179999999999,-0.002648788
0.789743,-0.002643188
0.788669,-0.002721588
0.787594,-0.0027999870000000003
0.78652,-0.0027607870000000002
0.785445,-0.0028447870000000005
0.7843709999999999,-0.002861587
0.783296,-0.0029063870000000003
0.782222,-0.0029791870000000003
0.7811469999999999,-0.002973587
0.780073,-0.003035186
0.778998,-0.0031247860000000005
0.777924,-0.003068786
0.776849,-0.0031359860000000003
0.775775,-0.0032031860000000002
0.7746999999999999,-0.003197586
0.7736259999999999,-0.0032591850000000004
0.772551,-0.003287185
0.771477,-0.003281585
0.7704019999999999,-0.0033655850000000004
0.769328,-0.0033599850000000002
0.768253,-0.003387985
0.7671789999999999,-0.003443984
0.766104,-0.003443984
0.76503,-0.003460784
0.7639549999999999,-0.003527984
0.7628809999999999,-0.0034831840000000003
0.761807,-0.0035391840000000003
0.760732,-0.003583984
0.7596579999999999,-0.0035447840000000005
0.758583,-0.0035895840000000003
0.757509,-0.0036287840000000003
0.7564339999999999,-0.0036063840000000002
0.7553599999999999,-0.003690383
0.754285,-0.0036959830000000003
0.753211,-0.003751983000000001
0.7521359999999999,-0.003768783
0.751062,-0.003796783
0.749987,-0.003847183
0.7489129999999999,-0.003936782
0.747838,-0.0039031820000000003
0.746764,-0.003947982
0.7456889999999999,-0.004043182
0.7446149999999999,-0.0040039820000000005
0.74354,-0.004065582000000001
0.742466,-0.004121581
0.7413909999999999,-0.004099182
0.740317,-0.004143981000000001
0.739242,-0.004194381
0.7381679999999999,-0.004233581
0.737093,-0.004250381000000001
0.736019,-0.004244781
0.734945,-0.004295181
0.7338699999999999,-0.004339981
0.732796,-0.004300781
0.731721,-0.00437918
0.7306469999999999,-0.00441838
0.729572,-0.004395980000000001
0.728498,-0.004429580000000001
0.7274229999999999,-0.004496780000000001
0.726349,-0.00444638
0.725274,-0.004502380000000001
0.7242,-0.0045303800000000005
0.723125,-0.00452478
0.722051,-0.00455278
0.720976,-0.004603179000000001
0.7199019999999999,-0.004636779000000001
0.718827,-0.004692779
0.717753,-0.004664779000000001
0.7166779999999999,-0.004743179000000001
0.715604,-0.004815979000000001
0.714529,-0.004776779
0.713455,-0.004849578000000001
0.71238,-0.004916778000000001
0.711306,-0.0048943780000000004
0.710231,-0.004961578
0.7091569999999999,-0.004972778000000001
0.708083,-0.005000778000000001
0.707008,-0.005067977
0.705934,-0.005090377000000001
0.704859,-0.005112777
0.703785,-0.005191177
0.70271,-0.0051631770000000006
0.7016359999999999,-0.005191177
0.700561,-0.005258377
0.699487,-0.0052135770000000005
0.6984119999999999,-0.005286376
0.697338,-0.005325576
0.696263,-0.005308776
0.695189,-0.005359176
0.694114,-0.005431976
0.69304,-0.005398376000000001
0.6919649999999999,-0.005420776
0.6908909999999999,-0.005431976
0.689816,-0.005443176
0.688742,-0.005493576000000001
0.6876669999999999,-0.005471176
0.686593,-0.005566375
0.685518,-0.005605575
0.6844439999999999,-0.005594375
0.683369,-0.005655975000000001
0.682295,-0.005728775
0.6812199999999999,-0.005734374
0.6801459999999999,-0.005779174
0.679072,-0.0058463740000000005
0.677997,-0.0058463740000000005
0.6769229999999999,-0.005935974
0.675848,-0.005963973
0.674774,-0.005980773
0.6736989999999999,-0.006059173
0.6726249999999999,-0.0060367730000000005
0.67155,-0.006098373000000001
0.670476,-0.006159973000000001
0.669401,-0.006148773000000001
0.668327,-0.006215972
0.667252,-0.006271972000000001
0.6661779999999999,-0.006260772
0.665103,-0.006299972
0.664029,-0.006367172
0.6629539999999999,-0.006344772000000001
0.66188,-0.006423171000000001
0.660805,-0.006434371
0.659731,-0.006445571000000001
0.658656,-0.006501571
0.657582,-0.0064959710000000006
0.656507,-0.0065631710000000005
0.6554329999999999,-0.006596771000000001
0.654358,-0.006568771
0.653284,-0.006630371
0.6522089999999999,-0.00673677
0.651135,-0.0066863700000000005
0.650061,-0.00679277
0.648986,-0.006826370000000001
0.6479119999999999,-0.00685997
0.646837,-0.006921569000000001
0.645763,-0.006971969000000001
0.6446879999999999,-0.006994369
0.643614,-0.007061569
0.642539,-0.007095169000000001
0.641465,-0.007156768000000001
0.64039,-0.0072295680000000005
0.639316,-0.007207168
0.638241,-0.007279968
0.6371669999999999,-0.007391967
0.636092,-0.0073359670000000005
0.635018,-0.007403167
0.6339429999999999,-0.0074647670000000015
0.632869,-0.007475967000000001
0.631794,-0.007526366
0.63072,-0.007587967000000001
0.629645,-0.007587967000000001
0.628571,-0.007671966
0.6274959999999999,-0.007699966
0.6264219999999999,-0.007744766000000001
0.625347,-0.007789565000000001
0.624273,-0.007789565000000001
0.6231979999999999,-0.007845565
0.622124,-0.007912765
0.62105,-0.007884765
0.6199749999999999,-0.007974364000000001
0.6189009999999999,-0.008019164
0.617826,-0.008047165
0.616752,-0.008119964
0.6156769999999999,-0.008192764
0.614603,-0.008203964000000001
0.613528,-0.008293563
0.6124539999999999,-0.008321563
0.611379,-0.008411163000000001
0.610305,-0.008483962000000001
0.6092299999999999,-0.008506363
0.6081559999999999,-0.008590362
0.607081,-0.008679962
0.606007,-0.008657562000000002
0.604932,-0.008758361000000001
0.603858,-0.008842361
0.602783,-0.008859161
0.6017089999999999,-0.00894316
0.600634,-0.009004761
0.59956,-0.00904956
0.5984849999999999,-0.009127960000000001
0.597411,-0.00915596
0.596336,-0.009200759
0.595262,-0.009290359000000002
0.5941879999999999,-0.009301559000000001
0.593113,-0.009385558
0.592039,-0.009463959000000001
0.5909639999999999,-0.009469559
0.58989,-0.009547958
0.588815,-0.009637558000000001
0.587741,-0.009615158
0.586666,-0.009715957
0.585592,-0.009788757
0.584517,-0.009799957000000002
0.5834429999999999,-0.009923157
0.582368,-0.009984756000000001
0.581294,-0.010057556
0.5802189999999999,-0.010135955
0.579145,-0.010180755
0.57807,-0.010298354000000001
0.576996,-0.010393555
0.575921,-0.010427154000000001
0.574847,-0.010533554
0.573772,-0.010639953
0.5726979999999999,-0.010645553000000002
0.571623,-0.010763152
0.570549,-0.010863952
0.5694739999999999,-0.010891952
0.5684,-0.011009551000000001
0.567326,-0.011093551
0.566251,-0.011138351000000001
0.5651769999999999,-0.01122795
0.564102,-0.011272751000000001
0.563028,-0.01137355
0.5619529999999999,-0.01145755
0.560879,-0.011507949000000002
0.559804,-0.011636748
0.55873,-0.011720749
0.557655,-0.011737549000000002
0.556581,-0.011843948000000002
0.5555059999999999,-0.011983947000000002
0.5544319999999999,-0.011972747
0.553357,-0.012084746
0.552283,-0.012168747000000002
0.5512079999999999,-0.012213547
0.550134,-0.012308746
0.549059,-0.012420745
0.5479849999999999,-0.012493545000000002
0.54691,-0.012644745
0.545836,-0.012711944000000001
0.5447609999999999,-0.012795944000000002
0.5436869999999999,-0.012958343
0.542612,-0.013008742000000002
0.541538,-0.013143142000000002
0.540463,-0.013311141
0.539389,-0.013344741000000002
0.538314,-0.013484740000000002
0.5372399999999999,-0.013619140000000002
0.5361659999999999,-0.013697540000000001
0.535091,-0.013826339000000002
0.534017,-0.013893539
0.532942,-0.014027939
0.531868,-0.014184738000000002
0.530793,-0.014251937000000001
0.5297189999999999,-0.014408736
0.528644,-0.014531936000000002
0.52757,-0.014604736
0.5264949999999999,-0.014750335
0.525421,-0.014895934000000001
0.524346,-0.014940734000000002
0.523272,-0.015097533
0.522197,-0.015226333
0.521123,-0.015299133
0.520048,-0.015467132000000001
0.5189739999999999,-0.01558473
0.517899,-0.015713531
0.516825,-0.015859130000000003
0.5157499999999999,-0.015937529000000002
0.514676,-0.01613913
0.513601,-0.016307129
0.512527,-0.016391127000000002
0.511452,-0.016570328000000002
0.510378,-0.016743926
0.509304,-0.016855926
0.5082289999999999,-0.017046326
0.507155,-0.017214324000000003
0.50608,-0.017337524
0.505006,-0.017539122
0.503931,-0.017684722
0.502857,-0.017858322
0.501782,-0.01803752
0.5007079999999999,-0.01817192
0.499633,-0.01836232
0.498559,-0.018603118000000002
0.497484,-0.018692716
0.49640999999999996,-0.018871918
0.49533499999999997,-0.019084716
0.49426099999999995,-0.019213514000000004
0.49318599999999996,-0.019431914
0.492112,-0.019622312000000003
0.491037,-0.019767914
0.489963,-0.020008712
0.488888,-0.020182312
0.48781399999999997,-0.02031671
0.486739,-0.02056871
0.48566499999999996,-0.02073111
0.48458999999999997,-0.020943908000000004
0.483516,-0.021156706
0.48244099999999995,-0.021296706000000002
0.481367,-0.021531906
0.48029299999999997,-0.021800704000000004
0.479218,-0.021935102
0.47814399999999996,-0.022198302000000003
0.47706899999999997,-0.022472702000000004
0.475995,-0.022657500000000004
0.47491999999999995,-0.022937498
0.473846,-0.023195098
0.472771,-0.023441498
0.471697,-0.023721496
0.470622,-0.023945494
0.46954799999999997,-0.024197494000000003
0.468473,-0.024505492
0.46739899999999995,-0.024718292
0.46632399999999996,-0.025031890000000005
0.46525,-0.025328688000000002
0.464175,-0.025519088000000002
0.463101,-0.025866286000000002
0.462026,-0.026179884000000004
0.460952,-0.026403884000000002
0.459877,-0.026745482000000004
0.45880299999999996,-0.027036680000000004
0.45772799999999997,-0.027294280000000004
0.456654,-0.027680678
0.45557899999999996,-0.027966276
0.454505,-0.028263074000000003
0.45343,-0.028610274
0.452356,-0.028862272
0.45128199999999996,-0.029248670000000004
0.45020699999999997,-0.02960707
0.449133,-0.029892670000000003
0.44805799999999996,-0.030290268000000002
0.446984,-0.030682264
0.445909,-0.030995864000000005
0.444835,-0.03141026
0.44376,-0.03182466
0.44268599999999997,-0.03216626
0.441611,-0.032631058000000004
0.44053699999999996,-0.03298945600000001
0.43946199999999996,-0.033403852000000005
0.438388,-0.033879852
0.437313,-0.034260648000000005
0.436239,-0.034725448000000006
0.435164,-0.03518464400000001
0.43409,-0.035576644
0.433015,-0.03605824
0.43194099999999996,-0.03656224
0.43086599999999997,-0.036982236
0.429792,-0.037508636000000005
0.42871699999999996,-0.03799583200000001
0.427643,-0.038410232
0.426568,-0.038970228
0.425494,-0.03945182800000001
0.42441999999999996,-0.039950224
0.42334499999999997,-0.040499020000000004
0.422271,-0.04096942
0.42119599999999996,-0.04151261600000001
0.420122,-0.042044616
0.419047,-0.042498212
0.417973,-0.043024608000000006
0.416898,-0.043584608000000004
0.41582399999999997,-0.043976604
0.414749,-0.044531004000000006
0.41367499999999996,-0.0450182
0.41259999999999997,-0.045410200000000005
0.411526,-0.045947796000000006
0.41045099999999995,-0.046390196
0.409377,-0.046782192
0.408302,-0.047246992
0.407228,-0.047627788000000004
0.406153,-0.048019788
0.40507899999999997,-0.048434188
0.404004,-0.048702988
0.40292999999999995,-0.049083784000000005
0.40185499999999996,-0.050312276
0.400781,-0.0506404
0.399706,-0.051406020000000004
0.398632,-0.05249976800000001
0.397557,-0.052937268
0.396483,-0.054031012
0.39540899999999995,-0.055124752000000006
0.39433399999999996,-0.055781004
0.39326,-0.05676537200000001
0.392185,-0.057968492
0.391111,-0.05862474000000001
0.390036,-0.059718484
0.388962,-0.060921604
0.387887,-0.0617966
0.38681299999999996,-0.06299972
0.38573799999999997,-0.064093464
0.384664,-0.06507783600000001
0.38358899999999996,-0.066499704
0.382515,-0.06737470400000001
0.38144,-0.06868719200000001
0.380366,-0.07021843200000001
0.379291,-0.07109343200000001
0.37821699999999997,-0.07240592800000001
0.377142,-0.074046544
0.37606799999999996,-0.07503092
0.37499299999999997,-0.07656216
0.373919,-0.07809340000000001
0.372844,-0.079405896
0.37177,-0.081046512
0.370695,-0.082468384
0.369621,-0.083890248
0.368546,-0.085749616
0.36747199999999997,-0.087171488
0.366398,-0.08892148000000001
0.365323,-0.09067147200000002
0.364249,-0.09220272000000002
0.363174,-0.09428083200000001
0.3621,-0.09614020000000001
0.361025,-0.09767144000000001
0.35995099999999997,-0.099749552
0.358876,-0.101827
0.357802,-0.10368699999999999
0.35672699999999996,-0.105765
0.355653,-0.107952
0.354578,-0.11003
0.353504,-0.112655
0.352429,-0.114515
0.351355,-0.11714000000000001
0.35028,-0.119655
0.34920599999999996,-0.12184299999999999
0.34813099999999997,-0.124577
0.347057,-0.12742099999999998
0.345982,-0.129936
0.344908,-0.132671
0.343833,-0.135624
0.342759,-0.13846799999999998
0.341684,-0.141639
0.34060999999999997,-0.144811
0.339536,-0.14787399999999998
0.338461,-0.151593
0.337387,-0.15476399999999998
0.336312,-0.158483
0.335238,-0.162093
0.334163,-0.165702
0.33308899999999997,-0.16974899999999998
0.332014,-0.17401399999999997
0.33094,-0.17784199999999997
0.32986499999999996,-0.182217
0.328791,-0.186811
0.327716,-0.191186
0.326642,-0.196108
0.325567,-0.20103
0.324493,-0.206061
0.323418,-0.21153
0.32234399999999996,-0.21667
0.32126899999999997,-0.222249
0.320195,-0.228483
0.31911999999999996,-0.23417
0.318046,-0.24051399999999998
0.316971,-0.24729500000000001
0.315897,-0.253639
0.314822,-0.260967
0.31374799999999997,-0.26818600000000004
0.312673,-0.27573299999999995
0.31159899999999996,-0.283717
0.310525,-0.291811
0.30945,-0.30045099999999997
0.308376,-0.309529
0.307301,-0.318498
0.30622699999999997,-0.32823199999999997
0.305152,-0.33873200000000003
0.30407799999999996,-0.34879499999999997
0.30300299999999997,-0.359951
0.301929,-0.371654
0.300854,-0.383029
0.29978,-0.395826
0.298705,-0.409279
0.297631,-0.422404
0.296556,-0.437388
0.29548199999999997,-0.452154
0.294407,-0.467904
0.293333,-0.48518500000000003
0.29225799999999996,-0.502466
0.291184,-0.5209499999999999
0.290109,-0.540528
0.289035,-0.5608719999999999
0.28796,-0.582966
0.286886,-0.6066999999999999
0.285811,-0.630981
0.28473699999999996,-0.65745
0.283663,-0.685559
0.282588,-0.715199
0.281514,-0.747574
0.280439,-0.782027
0.279365,-0.8188859999999999
0.27829,-0.8588079999999999
0.27721599999999996,-0.9010269999999999
0.27614099999999997,-0.946198
0.275067,-0.9941040000000001
0.273992,-1.047589
0.272918,-1.100088
0.271843,-1.155651
0.270769,-1.212307
0.269694,-1.270494
0.26861999999999997,-1.330431
0.267545,-1.390806
0.266471,-1.454024
0.26539599999999997,-1.51768
0.264322,-1.5837419999999998
0.263247,-1.652648
0.262173,-1.723086
0.261098,-1.7961479999999999
0.260024,-1.872054
0.258949,-1.9488349999999999
0.25787499999999997,-2.0317399999999997
0.2568,-2.1144279999999998
0.255726,-2.1997400000000003
0.254652,-2.288114
0.253577,-2.3778010000000003
0.252503,-2.467926
0.251428,-2.561113
0.25035399999999997,-2.655175
0.249279,-2.749237
0.24820499999999998,-2.8446119999999997
0.24713,-2.939549
0.246056,-3.033174
0.24498099999999998,-3.127673
0.24390699999999998,-3.218235
0.242832,-3.307485
0.241758,-3.393672
0.24068299999999998,-3.475921
0.239609,-3.5542339999999997
0.238534,-3.625546
0.23745999999999998,-3.688983
0.23638499999999998,-3.744983
0.235311,-3.790483
0.234236,-3.82417
0.23316199999999998,-3.848232
0.232087,-3.854357
0.231013,-3.8464820000000004
0.22993799999999998,-3.822857
0.22886399999999998,-3.7826079999999997
0.227789,-3.727483
0.226715,-3.657483
0.22564099999999998,-3.570859
0.224566,-3.4711089999999998
0.223492,-3.358234
0.222417,-3.23311
0.22134299999999998,-3.0983609999999997
0.220268,-2.953111
0.219194,-2.8017369999999997
0.21811899999999998,-2.646863
0.217045,-2.4876129999999996
0.21597,-2.327489
0.214896,-2.1691149999999997
0.21382099999999998,-2.012491
0.212747,-1.8611159999999998
0.211672,-1.7149919999999998
0.21059799999999998,-1.574992
0.209523,-1.443743
0.208449,-1.3212439999999999
0.207374,-1.2066189999999999
0.20629999999999998,-1.1016199999999998
0.205225,-1.006245
0.204151,-0.9187449999999999
0.20307599999999998,-0.840871
0.202002,-0.770871
0.200927,-0.707871
0.199853,-0.654497
0.19877799999999998,-0.605497
0.197704,-0.563497
0.19663,-0.525872
0.19555499999999998,-0.4943719999999999
0.194481,-0.466372
0.193406,-0.44274800000000003
0.192332,-0.42174799999999996
0.19125699999999998,-0.404248
0.190183,-0.38937299999999997
0.189108,-0.37537299999999996
0.18803399999999998,-0.363998
0.186959,-0.354373
0.185885,-0.344748
0.18481,-0.336873
0.18373599999999998,-0.329873
0.182661,-0.322873
0.181587,-0.317623
0.18051199999999998,-0.311498
0.179438,-0.307123
0.178363,-0.301873
0.177289,-0.29662299999999997
0.17621399999999998,-0.292248
0.17514,-0.287873
0.174065,-0.283498
0.172991,-0.278248
0.17191599999999999,-0.274748
0.170842,-0.26949799999999996
0.169768,-0.265123
0.16869299999999998,-0.260748
0.167619,-0.25637299999999996
0.166544,-0.251998
0.16547,-0.247623
0.16439499999999999,-0.242373
0.163321,-0.238873
0.162246,-0.233623
0.16117199999999998,-0.22924799999999998
0.160097,-0.225748
0.159023,-0.220499
0.157948,-0.21612399999999998
0.15687399999999999,-0.211749
0.155799,-0.208249
0.154725,-0.203874
0.15364999999999998,-0.200374
0.152576,-0.195999
0.151501,-0.192499
0.150427,-0.18812399999999999
0.14935199999999998,-0.184624
0.148278,-0.181999
0.147203,-0.177186
0.14612899999999998,-0.174124
0.145054,-0.17193599999999998
0.14398,-0.16843599999999997
0.142905,-0.16581100000000001
0.14183099999999998,-0.163186
0.140757,-0.160124
0.139682,-0.157936
0.13860799999999998,-0.155311
0.137533,-0.152686
0.136459,-0.150936
0.135384,-0.148749
0.13430999999999998,-0.146561
0.133235,-0.14524900000000002
0.132161,-0.14349900000000002
0.13108599999999998,-0.141311
0.130012,-0.140436
0.128937,-0.138249
0.127863,-0.136936
0.12678799999999998,-0.136061
0.125714,-0.13431099999999999
0.124639,-0.133874
0.123565,-0.13256099999999998
0.12248999999999999,-0.13124899999999998
0.121416,-0.13081099999999998
0.12034099999999999,-0.12949899999999998
0.119267,-0.128624
0.11819199999999999,-0.128186
0.117118,-0.12687400000000001
0.116043,-0.12643600000000002
0.11496899999999999,-0.125999
0.113894,-0.124686
0.11281999999999999,-0.12424899999999998
0.111746,-0.12424899999999998
0.11067099999999999,-0.123374
0.109597,-0.122936
0.108522,-0.122499
0.107448,-0.12162400000000001
0.106373,-0.122061
0.10529899999999999,-0.12118600000000002
0.104224,-0.120749
0.10314999999999999,-0.120749
0.102075,-0.11987400000000001
0.101001,-0.11943599999999999
0.099926736,-0.11987400000000001
0.098852256,-0.11943599999999999
0.09777777600000001,-0.118999
0.09670329600000001,-0.118999
0.095628816,-0.11812399999999999
0.094554336,-0.11812399999999999
0.093479848,-0.11812399999999999
0.092405368,-0.117686
0.09133089600000001,-0.117686
0.09025640800000001,-0.11724899999999999
0.08918192800000001,-0.116811
0.088107448,-0.11724899999999999
0.087032968,-0.116811
0.08595848,-0.11637399999999999
0.084884,-0.11637399999999999
0.08380952800000001,-0.115936
0.08273504000000001,-0.115936
0.08166056000000001,-0.11549899999999999
0.08058607200000001,-0.115061
0.0795116,-0.11462399999999999
0.07843712,-0.115061
0.077362632,-0.11462399999999999
0.07628816000000001,-0.11462399999999999
0.07521367200000001,-0.114186
0.074139192,-0.11374899999999999
0.073064712,-0.114186
0.071990232,-0.114186
0.070915752,-0.113311
0.069841264,-0.11374899999999999
0.068766784,-0.112874
0.067692312,-0.113311
0.066617824,-0.113311
0.065543348,-0.113311
0.06446886,-0.113311
0.063394384,-0.11374899999999999
0.062319900000000004,-0.113311
0.06124542,-0.11374899999999999
0.060170940000000006,-0.11374899999999999
0.05909646,-0.11374899999999999
0.058021976,-0.114186
0.056947496,-0.114186
0.055873016000000005,-0.114186
0.054798532000000004,-0.11462399999999999
0.053724056000000006,-0.114186
0.052649572000000006,-0.114186
0.051575092,-0.11462399999999999
0.050500608,-0.11462399999999999
0.049426128,-0.11462399999999999
0.048351648000000004,-0.115061
0.047277168,-0.11462399999999999
0.046202684,-0.11549899999999999
0.045128204000000005,-0.115061
0.044053724,-0.11462399999999999
0.04297924,-0.11549899999999999
0.041904764000000004,-0.115061
0.040830280000000004,-0.115061
0.0397558,-0.115936
0.038681316,-0.115061
0.037606836000000005,-0.115061
0.036532356,-0.11549899999999999
0.035457876,-0.11462399999999999
0.034383392,-0.115061
0.033308912,-0.115061
0.03223443,-0.11462399999999999
0.031159950000000002,-0.11462399999999999
0.030085470000000003,-0.115061
0.029010988,-0.114186
0.027936508000000002,-0.115061
0.026862028000000003,-0.11462399999999999
0.025787546,-0.114186
0.024713064,-0.11462399999999999
0.023638584,-0.11374899999999999
0.022564102000000003,-0.11374899999999999
0.02148962,-0.11374899999999999
0.020415140000000002,-0.11243600000000001
0.019340658,-0.112874
0.018266178,-0.112874
0.017191696,-0.11243600000000001
0.016117215,-0.111999
0.015042735000000002,-0.11156200000000001
0.013968254000000001,-0.111124
0.012893773,-0.111124
0.011819292,-0.11068700000000001
0.01074481,-0.110249
0.009670329,-0.110249
0.008595848,-0.109374
0.007521367,-0.108499
0.006446886000000001,-0.10893699999999999
0.005372405,-0.10806199999999999
0.004297924,-0.107624
0.0032234430000000003,-0.107624
0.002148962,-0.106749
0.001074481,-0.10631199999999999
0.0,-0.10631199999999999
-0.001074481,-0.10543699999999999
-0.002148962,-0.10543699999999999
-0.0032234430000000003,-0.104999
-0.004297924,-0.104124
-0.005372405,-0.104124
-0.006446886000000001,-0.103249
-0.007521367,-0.102812
-0.008595848,-0.102812
-0.009670329,-0.101937
-0.01074481,-0.101937
-0.011819292,-0.101937
-0.012893773,-0.101062
-0.013968254000000001,-0.100624
-0.015042735000000002,-0.100187
-0.016117215,-0.099749552
-0.017191696,-0.09931205600000001
-0.018266178,-0.09887456800000001
-0.019340658,-0.09799956800000001
-0.020415140000000002,-0.09799956800000001
-0.02148962,-0.097562064
-0.022564102000000003,-0.09668707200000001
-0.023638584,-0.09712456800000001
-0.024713064,-0.09581207200000001
-0.025787546,-0.095374576
-0.026862028000000003,-0.09581207200000001
-0.027936508000000002,-0.09493708000000001
-0.029010988,-0.09406208
-0.030085470000000003,-0.09449958400000001
-0.031159950000000002,-0.09340584000000002
-0.03223443,-0.09253084000000002
-0.033308912,-0.09253084000000002
-0.034383392,-0.09165584000000002
-0.035457876,-0.09165584000000002
-0.036532356,-0.091218344
-0.037606836000000005,-0.09056209600000001
-0.038681316,-0.09099960000000001
-0.0397558,-0.09012460000000001
-0.040830280000000004,-0.08968709600000001
-0.041904764000000004,-0.089905856
-0.04297924,-0.088812104
-0.044053724,-0.08859336000000001
-0.045128204000000005,-0.08859336000000001
-0.046202684,-0.08793711200000001
-0.047277168,-0.08771836
-0.048351648000000004,-0.08771836
-0.049426128,-0.08640587200000001
-0.050500608,-0.086843368
-0.051575092,-0.08618711200000001
-0.052649572000000006,-0.08640587200000001
-0.053724056000000006,-0.08618711200000001
-0.054798532000000004,-0.08531212
-0.055873016000000005,-0.08487462400000001
-0.056947496,-0.085093368
-0.058021976,-0.08421837600000001
-0.05909646,-0.083780872
-0.060170940000000006,-0.083780872
-0.06124542,-0.083343384
-0.062319900000000004,-0.083124632
-0.063394384,-0.08268712800000001
-0.06446886,-0.082249632
-0.065543348,-0.082249632
-0.066617824,-0.08181213600000001
-0.067692312,-0.08137464
-0.068766784,-0.08181213600000001
-0.069841264,-0.08093714400000002
-0.070915752,-0.08049964
-0.071990232,-0.08093714400000002
-0.073064712,-0.08028088800000001
-0.074139192,-0.07984340000000001
-0.07521367200000001,-0.08006214400000002
-0.07628816000000001,-0.079624648
-0.077362632,-0.07896840000000001
-0.07843712,-0.079405896
-0.0795116,-0.07853090400000001
-0.08058607200000001,-0.078749648
-0.08166056000000001,-0.078749648
-0.08273504000000001,-0.07853090400000001
-0.08380952800000001,-0.07809340000000001
-0.084884,-0.07743716
-0.08595848,-0.077655904
-0.087032968,-0.07743716
-0.088107448,-0.07699965600000001
-0.08918192800000001,-0.076780904
-0.09025640800000001,-0.07656216
-0.09133089600000001,-0.075905912
-0.092405368,-0.07634341600000001
-0.093479848,-0.076124664
-0.094554336,-0.07524966400000001
-0.095628816,-0.07524966400000001
-0.09670329600000001,-0.07524966400000001
-0.09777777600000001,-0.07459341600000001
-0.098852256,-0.07568716
-0.099926736,-0.07481216800000001
-0.101001,-0.07393717600000001
-0.102075,-0.07415592
-0.10314999999999999,-0.07328092000000001
-0.104224,-0.07328092000000001
-0.10529899999999999,-0.073718424
-0.106373,-0.072843432
-0.107448,-0.07328092000000001
-0.108522,-0.07306217599999999
-0.109597,-0.072843432
-0.11067099999999999,-0.072843432
-0.111746,-0.07262468000000001
-0.11281999999999999,-0.07174968000000001
-0.113894,-0.07240592800000001
-0.11496899999999999,-0.071530936
-0.116043,-0.07174968000000001
-0.117118,-0.071530936
-0.11819199999999999,-0.070655936
-0.119267,-0.070655936
-0.12034099999999999,-0.07109343200000001
-0.121416,-0.07021843200000001
-0.12248999999999999,-0.07021843200000001
-0.123565,-0.070874688
-0.124639,-0.069780936
-0.125714,-0.07043719200000001
-0.12678799999999998,-0.069780936
-0.127863,-0.06934344800000002
-0.128937,-0.07021843200000001
-0.130012,-0.06912468800000002
-0.13108599999999998,-0.06868719200000001
-0.132161,-0.06934344800000002
-0.133235,-0.06846844800000002
-0.13430999999999998,-0.068249696
-0.135384,-0.06846844800000002
-0.136459,-0.068030952
-0.137533,-0.067593448
-0.13860799999999998,-0.068249696
-0.139682,-0.067593448
-0.140757,-0.0678122
-0.14183099999999998,-0.0678122
-0.142905,-0.06693720400000001
-0.14398,-0.06737470400000001
-0.145054,-0.06693720400000001
-0.14612899999999998,-0.066499704
-0.147203,-0.066499704
-0.148278,-0.066718452
-0.14935199999999998,-0.06693720400000001
-0.150427,-0.067155952
-0.151501,-0.066499704
-0.152576,-0.066280956
-0.15364999999999998,-0.06693720400000001
-0.154725,-0.066280956
-0.155799,-0.06584346
-0.15687399999999999,-0.06584346
-0.157948,-0.06584346
-0.159023,-0.065624704
-0.160097,-0.06540596000000001
-0.16117199999999998,-0.06518721200000001
-0.162246,-0.06518721200000001
-0.163321,-0.06540596000000001
-0.16439499999999999,-0.06474971600000001
-0.16547,-0.064968464
-0.166544,-0.06474971600000001
-0.167619,-0.06387471600000001
-0.16869299999999998,-0.064968464
-0.169768,-0.06321846800000001
-0.170842,-0.06365596800000001
-0.17191599999999999,-0.064093464
-0.172991,-0.06321846800000001
-0.174065,-0.064093464
-0.17514,-0.06299972
-0.17621399999999998,-0.06343722
-0.177289,-0.06387471600000001
-0.178363,-0.06234347600000001
-0.179438,-0.06299972
-0.18051199999999998,-0.06365596800000001
-0.181587,-0.062780972
-0.182661,-0.06234347600000001
-0.18373599999999998,-0.06299972
-0.18481,-0.062780972
-0.185885,-0.061905976
-0.186959,-0.06234347600000001
-0.18803399999999998,-0.06168722800000001
-0.189108,-0.06168722800000001
-0.190183,-0.06168722800000001
-0.19125699999999998,-0.06168722800000001
-0.192332,-0.06168722800000001
-0.193406,-0.061249732
-0.194481,-0.06081222800000001
-0.19555499999999998,-0.06168722800000001
-0.19663,-0.06103097600000001
-0.197704,-0.06081222800000001
-0.19877799999999998,-0.06168722800000001
-0.199853,-0.06212472
