Potential (V),Current (uA)
-0.199853,-0.027999876000000003
-0.19877799999999998,-0.027999876000000003
-0.197704,-0.027999876000000003
-0.19663,-0.013999938000000002
-0.19555499999999998,-0.013999938000000002
-0.194481,-0.013999938000000002
-0.193406,-0.010499954000000002
-0.192332,-0.006999969000000001
-0.19125699999999998,-0.006999969000000001
-0.190183,-0.005249977000000001
-0.189108,-0.005249977000000001
-0.18803399999999998,-0.005249977000000001
-0.186959,-0.0043749800000000005
-0.185885,-0.0034999840000000003
-0.18481,-0.0034999840000000003
-0.18373599999999998,-0.003062486
-0.182661,-0.0026249880000000004
-0.181587,-0.0026249880000000004
-0.18051199999999998,-0.002406239
-0.179438,-0.0017499920000000001
-0.178363,-0.0021874900000000003
-0.177289,-0.0016406170000000002
-0.17621399999999998,-0.0013124940000000002
-0.17514,-0.0017499920000000001
-0.174065,0.0
-0.172991,-0.00021279900000000003
-0.17191599999999999,-0.000195999
-0.170842,-3.3599856e-05
-0.169768,-7.279968000000001e-05
-0.16869299999999998,6.7199712e-05
-0.167619,0.000179199
-0.166544,0.00011759900000000001
-0.16547,0.00030799800000000003
-0.16439499999999999,0.00035279800000000003
-0.163321,0.00030799800000000003
-0.162246,0.000515197
-0.16117199999999998,0.000498397
-0.160097,0.0004759970000000001
-0.159023,0.000688796
-0.157948,0.000627197
-0.15687399999999999,0.0006663970000000001
-0.155799,0.0008231960000000001
-0.154725,0.000744796
-0.15364999999999998,0.0008399960000000001
-0.152576,0.0009351950000000001
-0.151501,0.0008399960000000001
-0.150427,0.000991195
-0.14935199999999998,0.0010135950000000002
-0.148278,0.0009351950000000001
-0.147203,0.001131195
-0.14612899999999998,0.001097595
-0.145054,0.001035995
-0.14398,0.001237594
-0.142905,0.0011591940000000001
-0.14183099999999998,0.0011703940000000002
-0.140757,0.001321594
-0.139682,0.001220794
-0.13860799999999998,0.0012991940000000003
-0.137533,0.0013887930000000001
-0.136459,0.0012935940000000001
-0.135384,0.001427993
-0.13430999999999998,0.0014503930000000001
-0.133235,0.001360794
-0.132161,0.001551193
-0.13108599999999998,0.001511993
-0.130012,0.0014559930000000003
-0.128937,0.0016463920000000002
-0.127863,0.0015791930000000002
-0.12678799999999998,0.0015623930000000002
-0.125714,0.0017247920000000002
-0.124639,0.001623992
-0.123565,0.0016799920000000002
-0.12248999999999999,0.0017863920000000001
-0.121416,0.001668792
-0.12034099999999999,0.0018031920000000001
-0.119267,0.0018367910000000002
-0.11819199999999999,0.001730392
-0.117118,0.0019151910000000001
-0.116043,0.0018759910000000002
-0.11496899999999999,0.0018143920000000002
-0.113894,0.0019991910000000004
-0.11281999999999999,0.0019319909999999999
-0.111746,0.001903991
-0.11067099999999999,0.0020663900000000004
-0.109597,0.0019655910000000005
-0.108522,0.002004791
-0.107448,0.00211119
-0.106373,0.001987991
-0.10529899999999999,0.00211119
-0.104224,0.00214479
-0.10314999999999999,0.0020327910000000004
-0.102075,0.00222319
-0.101001,0.00218959
-0.099926736,0.00212239
-0.098852256,0.0023127890000000004
-0.09777777600000001,0.0022455900000000004
-0.09670329600000001,0.00222319
-0.095628816,0.002402389
-0.094554336,0.0023239890000000003
-0.093479848,0.002357589
-0.092405368,0.002469589
-0.09133089600000001,0.002374389
-0.09025640800000001,0.0024863890000000003
-0.08918192800000001,0.0025255880000000005
-0.088107448,0.0024247890000000005
-0.087032968,0.0025871880000000002
-0.08595848,0.002570388
-0.084884,0.0024919890000000004
-0.08380952800000001,0.0026767880000000003
-0.08273504000000001,0.002603988
-0.08166056000000001,0.002570388
-0.08058607200000001,0.0027495880000000003
-0.0795116,0.002654388
-0.07843712,0.002682388
-0.077362632,0.0028111870000000006
-0.07628816000000001,0.0027047880000000005
-0.07521367200000001,0.002794387
-0.074139192,0.0028503870000000002
-0.073064712,0.0027495880000000003
-0.071990232,0.0029063870000000003
-0.070915752,0.002889587
-0.069841264,0.0028111870000000006
-0.068766784,0.003001586
-0.067692312,0.0029455870000000004
-0.066617824,0.002895187
-0.065543348,0.0030855860000000004
-0.06446886,0.003001586
-0.063394384,0.003023986
-0.062319900000000004,0.0031695860000000003
-0.06124542,0.003074386
-0.060170940000000006,0.0031583860000000004
-0.05909646,0.003242385
-0.058021976,0.0031527860000000003
-0.056947496,0.003303985
-0.055873016000000005,0.003315185
-0.054798532000000004,0.0032367850000000003
-0.053724056000000006,0.0034327850000000003
-0.052649572000000006,0.0033823850000000003
-0.051575092,0.003337585
-0.050500608,0.0035391840000000003
-0.049426128,0.0034663840000000003
-0.048351648000000004,0.0034719840000000004
-0.047277168,0.003617584
-0.046202684,0.003533584
-0.045128204000000005,0.0036063840000000002
-0.044053724,0.0036959830000000003
-0.04297924,0.0036119840000000004
-0.041904764000000004,0.003751983000000001
-0.040830280000000004,0.003763183
-0.0397558,0.0036847830000000005
-0.038681316,0.0038807830000000005
-0.037606836000000005,0.003835983
-0.036532356,0.003791183
-0.035457876,0.003992782
-0.034383392,0.003925582
-0.033308912,0.003936782
-0.03223443,0.004104782
-0.031159950000000002,0.004026382
-0.030085470000000003,0.004099182
-0.029010988,0.0042111810000000005
-0.027936508000000002,0.004132781
-0.026862028000000003,0.004272781
-0.025787546,0.004317581000000001
-0.024713064,0.004239181000000001
-0.023638584,0.00443518
-0.022564102000000003,0.00441838
-0.02148962,0.00437358
-0.020415140000000002,0.00458078
-0.019340658,0.00452478
-0.018266178,0.0045303800000000005
-0.017191696,0.004715179000000001
-0.016117215,0.004636779000000001
-0.015042735000000002,0.0047039790000000005
-0.013968254000000001,0.004821578
-0.012893773,0.004748779000000001
-0.011819292,0.004883178
-0.01074481,0.004933578
-0.009670329,0.004860778
-0.008595848,0.005056777
-0.007521367,0.005034378
-0.006446886000000001,0.004989578000000001
-0.005372405,0.005207977
-0.004297924,0.005151977
-0.0032234430000000003,0.005146377000000001
-0.002148962,0.0053367760000000005
-0.001074481,0.005263977
0.0,0.005331176000000001
0.001074481,0.005465576000000001
0.002148962,0.0053871760000000005
0.0032234430000000003,0.005521575000000001
0.004297924,0.005588775000000001
0.005372405,0.0055271750000000005
0.006446886000000001,0.005717575000000001
0.007521367,0.005734374
0.008595848,0.005683975
0.009670329,0.005907974000000001
0.01074481,0.005874374
0.011819292,0.0058631740000000005
0.012893773,0.006075973000000001
0.013968254000000001,0.006014373000000001
0.015042735000000002,0.006075973000000001
0.016117215,0.0062271720000000004
0.017191696,0.006159973000000001
0.018266178,0.006294372
0.019340658,0.006378372
0.020415140000000002,0.006311172
0.02148962,0.006501571
0.022564102000000003,0.006518371000000001
0.023638584,0.006473571
0.024713064,0.006697570000000001
0.025787546,0.0066695700000000005
0.026862028000000003,0.006663970000000001
0.027936508000000002,0.006882369
0.029010988,0.006826370000000001
0.030085470000000003,0.006876769000000001
0.031159950000000002,0.007044769
0.03223443,0.006983169000000001
0.033308912,0.007100768
0.034383392,0.0072127680000000005
0.035457876,0.007151168
0.036532356,0.007347167000000001
0.037606836000000005,0.007375167
0.038681316,0.0073359670000000005
0.0397558,0.007576767000000001
0.040830280000000004,0.007554366
0.041904764000000004,0.007548766
0.04297924,0.007783965000000001
0.044053724,0.0077391660000000004
0.045128204000000005,0.007789565000000001
0.046202684,0.007979964
0.047277168,0.007923965000000002
0.048351648000000004,0.008041565
0.049426128,0.008159164000000002
0.050500608,0.008114364
0.051575092,0.008304763000000001
0.052649572000000006,0.008355163
0.053724056000000006,0.008310363000000001
0.054798532000000004,0.008539963000000001
0.055873016000000005,0.008539963000000001
0.056947496,0.008523163
0.058021976,0.008763961
0.05909646,0.008724762
0.060170940000000006,0.008769561
0.06124542,0.008971161000000002
0.062319900000000004,0.00892076
0.063394384,0.00903276
0.06446886,0.00916156
0.065543348,0.009116760000000002
0.066617824,0.009295959000000001
0.067692312,0.009357558000000002
0.068766784,0.009335158999999999
0.069841264,0.009559158
0.070915752,0.009564758000000001
0.071990232,0.009559158
0.073064712,0.009805556000000002
0.074139192,0.009783157
0.07521367200000001,0.009827956
0.07628816000000001,0.010040756
0.077362632,0.010001556000000002
0.07843712,0.010113555000000002
0.0795116,0.010264754000000001
0.08058607200000001,0.010225555
0.08166056000000001,0.010410354
0.08273504000000001,0.010488754000000001
0.08380952800000001,0.010455154000000001
0.084884,0.010695953
0.08595848,0.010723952
0.087032968,0.010718352
0.088107448,0.010981552000000002
0.08918192800000001,0.010970352000000001
0.09025640800000001,0.011003952000000001
0.09133089600000001,0.01122795
0.092405368,0.011199950000000002
0.093479848,0.011300751000000001
0.094554336,0.011474349000000002
0.095628816,0.011435150000000002
0.09670329600000001,0.011608749000000002
0.09777777600000001,0.011709549
0.098852256,0.011681548000000002
0.099926736,0.011916748000000001
0.101001,0.011950347
0.102075,0.011944747
0.10314999999999999,0.012213547
0.104224,0.012219146
0.10529899999999999,0.012252746
0.106373,0.012493545000000002
0.107448,0.012471145000000001
0.108522,0.012571944
0.109597,0.012756744
0.11067099999999999,0.012734344
0.111746,0.012902343
0.11281999999999999,0.013025542000000001
0.113894,0.012997542
0.11496899999999999,0.013238342
0.116043,0.013294341000000001
0.117118,0.013283142000000001
0.11819199999999999,0.013557541000000001
0.119267,0.013568741
0.12034099999999999,0.013602340000000001
0.121416,0.013837539000000001
0.12248999999999999,0.013820739000000002
0.123565,0.013904738
0.124639,0.014089538
0.125714,0.014067138
0.12678799999999998,0.014246337000000001
0.127863,0.014386336000000001
0.128937,0.014369536000000002
0.130012,0.014593536
0.13108599999999998,0.014666335
0.132161,0.014660735000000001
0.133235,0.014923935000000001
0.13430999999999998,0.014940734000000002
0.135384,0.014968734000000001
0.136459,0.015226333
0.137533,0.015226333
0.13860799999999998,0.015310332999999999
0.139682,0.015528731
0.140757,0.015500732000000001
0.14183099999999998,0.015668730999999998
0.142905,0.015819931
0.14398,0.015797531
0.145054,0.016032729000000003
0.14612899999999998,0.016122329
0.147203,0.016111129000000002
0.148278,0.016391127000000002
0.14935199999999998,0.016424727000000004
0.150427,0.016441528
0.151501,0.016715927000000002
0.152576,0.016710326
0.15364999999999998,0.016799926
0.154725,0.017029524
0.155799,0.017012726
0.15687399999999999,0.017175124
0.157948,0.017348724
0.159023,0.017320724000000003
0.160097,0.017555924
0.16117199999999998,0.017651122
0.162246,0.017645522
0.163321,0.017914322
0.16439499999999999,0.017959120000000002
0.16547,0.017975922
0.166544,0.018255920000000002
0.167619,0.018261518
0.16869299999999998,0.01833432
0.169768,0.018580718000000003
0.170842,0.018575118
0.17191599999999999,0.018737516
0.172991,0.018927918000000002
0.174065,0.018916718000000003
0.17514,0.019140716000000002
0.17621399999999998,0.019258314
0.177289,0.019252716000000003
0.178363,0.019532714000000003
0.179438,0.019594314
0.18051199999999998,0.019616714
0.181587,0.019907912
0.182661,0.019930312000000002
0.18373599999999998,0.020003112000000003
0.18481,0.02027191
0.185885,0.02026071
0.186959,0.020411910000000002
0.18803399999999998,0.020619108
0.189108,0.020607908
0.190183,0.020831908
0.19125699999999998,0.020955108000000004
0.192332,0.020960708
0.193406,0.021229508
0.194481,0.021302306000000003
0.19555499999999998,0.021324706000000002
0.19663,0.021627106000000004
0.197704,0.021649506000000002
0.19877799999999998,0.021722304
0.199853,0.021991102000000002
0.200927,0.021996704000000002
0.202002,0.022131102
0.20307599999999998,0.022355100000000003
0.204151,0.022343900000000003
0.205225,0.022556702
0.20629999999999998,0.022719100000000002
0.207374,0.0227135
0.208449,0.022993498
0.209523,0.023071898
0.21059799999999998,0.023099898
0.211672,0.023413496000000002
0.212747,0.023447096
0.21382099999999998,0.023536696000000003
0.214896,0.023822296000000003
0.21597,0.023839094
0.217045,0.023984694
0.21811899999999998,0.024214292000000002
0.219194,0.024225492
0.220268,0.024438292
0.22134299999999998,0.024606292000000002
0.222417,0.02462309
0.223492,0.02489749
0.224566,0.025009490000000002
0.22564099999999998,0.025043090000000004
0.226715,0.025356688000000002
0.227789,0.025412688
0.22886399999999998,0.025491088000000002
0.22993799999999998,0.025787888000000002
0.231013,0.025815886
0.232087,0.025950286000000003
0.23316199999999998,0.026207886000000003
0.234236,0.026224684000000005
0.235311,0.026443084000000002
0.23638499999999998,0.026627884
0.23745999999999998,0.026644682000000003
0.238534,0.026924680000000003
0.239609,0.02705348
0.24068299999999998,0.027098280000000002
0.241758,0.02741748
0.242832,0.027490278000000003
0.24390699999999998,0.027563078
0.24498099999999998,0.027887876000000002
0.246056,0.027927078
0.24713,0.028072676
0.24820499999999998,0.028347076000000002
0.249279,0.028375074
0.25035399999999997,0.028599074000000002
0.251428,0.028800674000000002
0.252503,0.028834274000000003
0.253577,0.029119872
0.254652,0.029259870000000004
0.255726,0.029299072000000002
0.2568,0.02964067
0.25787499999999997,0.029735868000000002
0.258949,0.02980307
0.260024,0.030144666000000004
0.267545,0.031147062
0.26861999999999997,0.03143266000000001
0.269694,0.03160066
0.270769,0.03164546000000001
0.271843,0.03197586
0.272918,0.032076656
0.273992,0.03215505800000001
0.275067,0.032513456
0.27614099999999997,0.032586258
0.27721599999999996,0.032731856000000004
0.27829,0.033045454
0.279365,0.033095856
0.280439,0.03330865200000001
0.281514,0.033566252000000005
0.282588,0.033616652000000004
0.283663,0.033902252
0.28473699999999996,0.034098252
0.285811,0.034154248000000005
0.286886,0.034490248
0.28796,0.03463024800000001
0.289035,0.034714248
0.290109,0.035067048
0.291184,0.035151044
0.29225799999999996,0.035296644
0.293333,0.035627044
0.294407,0.035694244
0.29548199999999997,0.03591264400000001
0.296556,0.03618144000000001
0.297631,0.036243040000000004
0.298705,0.036523036
0.29978,0.036730240000000004
0.300854,0.03678623600000001
0.301929,0.037144636
0.30300299999999997,0.037290236
0.30407799999999996,0.037385432
0.305152,0.037749436000000004
0.30622699999999997,0.037850232000000004
0.307301,0.03799583200000001
0.308376,0.038348632
0.30945,0.038449428
0.310525,0.038656632
0.31159899999999996,0.038953428000000005
0.312673,0.039026228
0.31374799999999997,0.039311824
0.314822,0.039552624
0.315897,0.039619824000000005
0.316971,0.039972624000000005
0.318046,0.040140624
0.31911999999999996,0.04024142000000001
0.320195,0.040616620000000006
0.32126899999999997,0.040751020000000006
0.32234399999999996,0.04089102000000001
0.323418,0.04124382000000001
0.324493,0.04135022
0.325567,0.04155741600000001
0.326642,0.041876616
0.327716,0.041949416
0.328791,0.042240616
0.32986499999999996,0.042487012000000005
0.33094,0.042548612
0.332014,0.042901412
0.33308899999999997,0.043103012
0.334163,0.043187012000000004
0.335238,0.043556608000000004
0.336312,0.043696608000000005
0.337387,0.043831008000000005
0.338461,0.044189404
0.339536,0.044267804
0.34060999999999997,0.044452604
0.341684,0.044794204000000004
0.342759,0.044895004
0.343833,0.0451862
0.344908,0.045455
0.345982,0.045539
0.347057,0.045874996
0.34813099999999997,0.04605979600000001
0.34920599999999996,0.046143796
0.35028,0.04649659600000001
0.351355,0.046636592000000004
0.352429,0.046754196000000005
0.353504,0.047101392000000006
0.354578,0.04721339200000001
0.355653,0.047386992
0.35672699999999996,0.047711788000000005
0.357802,0.047784588
0.358876,0.048030988000000004
0.35995099999999997,0.048299788
0.361025,0.04835018800000001
0.3621,0.048652588000000004
0.363174,0.048865384000000005
0.364249,0.048915784000000004
0.365323,0.049251784
0.366398,0.049656028000000005
0.36747199999999997,0.048890408
0.368546,0.049437284000000005
0.369621,0.049765404000000006
0.370695,0.049437284000000005
0.37177,0.050312276
0.372844,0.05053102400000001
0.373919,0.050312276
0.37499299999999997,0.05096852400000001
0.37606799999999996,0.051077896000000005
0.377142,0.051077896000000005
0.37821699999999997,0.05173414800000001
0.379291,0.05173414800000001
0.380366,0.051843520000000004
0.38144,0.05249976800000001
0.382515,0.052171644
0.38358899999999996,0.052827888
0.384664,0.053265388000000004
0.38573799999999997,0.052827888
0.38681299999999996,0.05359351200000001
0.387887,0.053921636
0.388962,0.053702888000000004
0.390036,0.054468508000000006
0.391111,0.054577884
0.392185,0.054468508000000006
0.39326,0.055234132000000005
0.39433399999999996,0.055124752000000006
0.39540899999999995,0.05545288
0.396483,0.05599975200000001
0.397557,0.05567162800000001
0.398632,0.056218500000000005
0.399706,0.05676537200000001
0.400781,0.05643725200000001
0.40185499999999996,0.05709349600000001
0.40292999999999995,0.05742162000000001
0.404004,0.057202872
0.40507899999999997,0.057968492
0.406153,0.058077868000000005
0.407228,0.057968492
0.408302,0.058734116
0.409377,0.05862474000000001
0.41045099999999995,0.058843488000000006
0.411526,0.05939036000000001
0.41259999999999997,0.059280988
0.41367499999999996,0.059718484
0.414749,0.06026536
0.41582399999999997,0.059827856000000006
0.416898,0.06059348
0.417973,0.060921604
0.419047,0.06059348
0.420122,0.06146848
0.42119599999999996,0.061577852
0.422271,0.06146848
0.42334499999999997,0.062234096
0.42441999999999996,0.062234096
0.425494,0.06234347600000001
0.426568,0.06299972
0.427643,0.062780972
0.42871699999999996,0.06332784
0.429792,0.063765344
0.43086599999999997,0.06343722
0.43194099999999996,0.06420284000000001
0.433015,0.06453096000000001
0.43409,0.06420284000000001
0.435164,0.064968464
0.436239,0.06518721200000001
0.437313,0.06507783600000001
0.438388,0.06584346
0.43946199999999996,0.06584346
0.44053699999999996,0.06595283600000001
0.441611,0.066609076
0.44268599999999997,0.066390328
0.44376,0.06682782400000001
0.444835,0.06737470400000001
0.445909,0.06704658000000001
0.446984,0.06770282400000001
0.44805799999999996,0.068030952
0.449133,0.0678122
0.45020699999999997,0.06857782400000001
0.45128199999999996,0.06890594400000001
0.452356,0.06868719200000001
0.45343,0.06956219200000001
0.454505,0.069452816
0.45557899999999996,0.06956219200000001
0.456654,0.070327816
0.45772799999999997,0.07021843200000001
0.45880299999999996,0.07054656000000001
0.459877,0.07109343200000001
0.460952,0.070874688
0.462026,0.071530936
0.463101,0.071859056
0.464175,0.07164031200000001
0.46525,0.07240592800000001
0.46632399999999996,0.072734056
0.46739899999999995,0.07251529599999999
0.468473,0.07328092000000001
0.46954799999999997,0.073390296
0.470622,0.073499672
0.471697,0.07415592
0.472771,0.074046544
0.473846,0.07448404
0.47491999999999995,0.07503092
0.475995,0.07481216800000001
0.47706899999999997,0.07546841600000001
0.47814399999999996,0.075905912
0.479218,0.07568716
0.48029299999999997,0.07634341600000001
0.481367,0.076780904
0.48244099999999995,0.07667153600000001
0.483516,0.07743716
0.48458999999999997,0.077546528
0.48566499999999996,0.077655904
0.486739,0.07853090400000001
0.48781399999999997,0.078421528
0.488888,0.078749648
0.489963,0.079405896
0.491037,0.07929652000000001
0.492112,0.07995276800000001
0.49318599999999996,0.08039026400000002
0.49426099999999995,0.08017152000000001
0.49533499999999997,0.081046512
0.49640999999999996,0.08148400800000001
0.497484,0.08126526400000002
0.498559,0.082140264
0.499633,0.082468384
0.5007079999999999,0.082468384
0.501782,0.083343384
0.502857,0.083343384
0.503931,0.083780872
0.505006,0.084437128
0.50608,0.084437128
0.507155,0.085093368
0.5082289999999999,0.085749616
0.509304,0.08553087200000001
0.510378,0.08651524000000001
0.511452,0.086952736
0.512527,0.086843368
0.513601,0.087827736
0.514676,0.088155856
0.5157499999999999,0.08826523200000001
0.516825,0.08924960000000001
0.517899,0.08946835200000001
0.5189739999999999,0.08979648000000001
0.520048,0.090780848
0.521123,0.090780848
0.522197,0.09154646400000001
0.523272,0.092312088
0.524346,0.09209334400000001
0.525421,0.093187088
0.5264949999999999,0.093843336
0.52757,0.09373396
0.528644,0.094827704
0.5297189999999999,0.095374576
0.530793,0.09548395200000001
0.531868,0.09668707200000001
0.532942,0.096905824
0.534017,0.09734332000000001
0.535091,0.098437064
0.5361659999999999,0.09865580800000001
0.5372399999999999,0.099421432
0.538314,0.100405
0.539389,0.100405
0.540463,0.101499
0.541538,0.102374
0.542612,0.10248299999999999
0.5436869999999999,0.10368699999999999
0.5447609999999999,0.10434299999999999
0.545836,0.10456199999999999
0.54691,0.105874
0.5479849999999999,0.106421
0.549059,0.107077
0.550134,0.10838999999999999
0.5512079999999999,0.108608
0.552283,0.109593
0.553357,0.11079599999999999
0.5544319999999999,0.11101499999999999
0.5555059999999999,0.112327
0.556581,0.113421
0.557655,0.11374899999999999
0.55873,0.115171
0.559804,0.116155
0.560879,0.116593
0.5619529999999999,0.11812399999999999
0.563028,0.11889
0.564102,0.119655
0.5651769999999999,0.121296
0.566251,0.12184299999999999
0.567326,0.123046
0.5684,0.124468
0.5694739999999999,0.125124
0.570549,0.126655
0.571623,0.128077
0.5726979999999999,0.12851500000000002
0.573772,0.130374
0.574847,0.131577
0.575921,0.13234300000000002
0.576996,0.134202
0.57807,0.135405
0.579145,0.13638999999999998
0.5802189999999999,0.138358
0.581294,0.139452
0.582368,0.140874
0.5834429999999999,0.142733
0.584517,0.14371799999999998
0.585592,0.145577
0.586666,0.147327
0.587741,0.14831099999999997
0.588815,0.150389
0.58989,0.152249
0.5909639999999999,0.153343
0.592039,0.155639
0.593113,0.15728
0.5941879999999999,0.158811
0.595262,0.161108
0.596336,0.162639
0.597411,0.164499
0.5984849999999999,0.166905
0.59956,0.168327
0.600634,0.170733
0.6017089999999999,0.17303000000000002
0.602783,0.174561
0.603858,0.17707699999999998
0.604932,0.179483
0.606007,0.181124
0.607081,0.183967
0.6081559999999999,0.186264
0.6092299999999999,0.188342
0.610305,0.191296
0.611379,0.193483
0.6124539999999999,0.19588899999999998
0.613528,0.199061
0.614603,0.20113899999999998
0.6156769999999999,0.204092
0.616752,0.207155
0.617826,0.209342
0.6189009999999999,0.212733
0.6199749999999999,0.215905
0.62105,0.21820199999999998
0.622124,0.22191999999999998
0.6231979999999999,0.224983
0.624273,0.227717
0.625347,0.231655
0.6264219999999999,0.234608
0.6274959999999999,0.23778
0.628571,0.24182700000000001
0.629645,0.244998
0.63072,0.248717
0.631794,0.252655
0.632869,0.255826
0.6339429999999999,0.260092
0.635018,0.264248
0.636092,0.267748
0.6371669999999999,0.27234200000000003
0.638241,0.27660799999999997
0.639316,0.280326
0.64039,0.285358
0.641465,0.289514
0.642539,0.293779
0.643614,0.299029
0.6446879999999999,0.303295
0.645763,0.308108
0.646837,0.31357599999999997
0.6479119999999999,0.317951
0.648986,0.323529
0.650061,0.328998
0.651135,0.333592
0.6522089999999999,0.339717
0.653284,0.345404
0.654358,0.350545
0.6554329999999999,0.356998
0.656507,0.36279500000000003
0.657582,0.368482
0.658656,0.375263
0.659731,0.38106
0.660805,0.387513
0.66188,0.394404
0.6629539999999999,0.40042
0.664029,0.407529
0.665103,0.41474799999999995
0.6661779999999999,0.421201
0.667252,0.428966
0.668327,0.436294
0.669401,0.443076
0.670476,0.451607
0.67155,0.45904399999999995
0.6726249999999999,0.466372
0.6736989999999999,0.475232
0.674774,0.48310699999999995
0.675848,0.49119999999999997
0.6769229999999999,0.500278
0.677997,0.508263
0.679072,0.51745
0.6801459999999999,0.5266379999999999
0.6812199999999999,0.5349499999999999
0.682295,0.544794
0.683369,0.55431
0.6844439999999999,0.563059
0.685518,0.573559
0.686593,0.5832940000000001
0.6876669999999999,0.592809
0.688742,0.6037469999999999
0.689816,0.6136999999999999
0.6908909999999999,0.623872
0.6919649999999999,0.635028
0.69304,0.645309
0.694114,0.656465
0.695189,0.66784
0.696263,0.6783399999999999
0.697338,0.6901529999999999
0.6984119999999999,0.701965
0.699487,0.712903
0.700561,0.725262
0.7016359999999999,0.737184
0.70271,0.748559
0.703785,0.761574
0.704859,0.773605
0.705934,0.785637
0.707008,0.798871
0.708083,0.811012
0.7091569999999999,0.823808
0.710231,0.837043
0.711306,0.849074
0.71238,0.8624179999999999
0.713455,0.875871
0.714529,0.8881209999999999
0.715604,0.901902
0.7166779999999999,0.915245
0.717753,0.9276049999999999
0.718827,0.9416049999999999
0.7199019999999999,0.95473
0.720976,0.967198
0.722051,0.981745
0.723125,0.993995
0.7242,1.006901
0.725274,1.0206819999999999
0.726349,1.032932
0.7274229999999999,1.045839
0.728498,1.059401
0.729572,1.0709950000000001
0.7306469999999999,1.08412
0.731721,1.0970259999999998
0.732796,1.108182
0.7338699999999999,1.12087
0.734945,1.133119
0.736019,1.144276
0.737093,1.156526
0.7381679999999999,1.1679009999999999
0.739242,1.1786189999999999
0.740317,1.190432
0.7413909999999999,1.200275
0.742466,1.210994
0.74354,1.221932
0.7446149999999999,1.231119
0.7456889999999999,1.241838
0.746764,1.2516809999999998
0.747838,1.2597749999999999
0.7489129999999999,1.2698379999999998
0.749987,1.278588
0.751062,1.286025
0.7521359999999999,1.29565
0.753211,1.3030869999999999
0.754285,1.309869
0.7553599999999999,1.3184
0.7564339999999999,1.324744
0.757509,1.3315249999999998
0.758583,1.338744
0.7596579999999999,1.3433369999999998
0.760732,1.349681
0.761807,1.355587
0.7628809999999999,1.359962
0.7639549999999999,1.3654309999999998
0.76503,1.3698059999999999
0.766104,1.3735249999999999
0.7671789999999999,1.378118
0.768253,1.3816179999999998
0.769328,1.384243
0.7704019999999999,1.388181
0.771477,1.39015
0.772551,1.392118
0.7736259999999999,1.394525
0.7746999999999999,1.3956179999999998
0.775775,1.3971500000000001
0.776849,1.3989
0.777924,1.398243
0.778998,1.399337
0.780073,1.399774
0.7811469999999999,1.398243
0.782222,1.3989
0.783296,1.3978059999999999
0.7843709999999999,1.395837
0.785445,1.395181
0.78652,1.3929930000000001
0.787594,1.390587
0.788669,1.389056
0.789743,1.385556
0.7908179999999999,1.382931
0.7918919999999999,1.380525
0.792967,1.3757119999999998
0.794041,1.3722119999999998
0.795115,1.368493
0.79619,1.362806
0.797264,1.359087
0.7983389999999999,1.353837
0.7994129999999999,1.347931
0.800488,1.3429
0.801562,1.336994
0.8026369999999999,1.330431
0.803711,1.324744
0.804786,1.3175249999999998
0.8058599999999999,1.311181
0.806935,1.304619
0.808009,1.2965250000000001
0.8090839999999999,1.289525
0.8101579999999999,1.2825250000000001
0.811233,1.2733379999999999
0.812307,1.266338
0.8133819999999999,1.258025
0.814456,1.249056
0.815531,1.2413999999999998
0.8166049999999999,1.232869
0.81768,1.223244
0.818754,1.2149320000000001
0.8198289999999999,1.205525
0.8209029999999999,1.196557
0.821978,1.1875879999999999
0.823052,1.177744
0.8241259999999999,1.168557
0.825201,1.1598069999999998
0.826275,1.1493069999999999
0.8273499999999999,1.1403379999999999
0.8284239999999999,1.130713
0.829499,1.1204319999999999
0.830573,1.1114629999999999
0.8316479999999999,1.1016199999999998
0.832722,1.091338
0.833797,1.0821509999999999
0.8348709999999999,1.0725259999999999
0.835946,1.062464
0.83702,1.053495
0.8380949999999999,1.0429950000000001
0.8391689999999999,1.0340260000000001
0.840244,1.0248389999999998
0.841318,1.0145570000000002
0.842393,1.006026
0.843467,0.9968389999999999
0.844542,0.9869949999999998
0.8456159999999999,0.978683
0.846691,0.9694950000000001
0.847765,0.9598699999999999
0.8488399999999999,0.951995
0.849914,0.9430270000000001
0.850988,0.934277
0.852063,0.926402
0.8531369999999999,0.917214
0.854212,0.9093389999999999
0.855286,0.901902
0.8563609999999999,0.892933
0.857435,0.885933
0.85851,0.878496
0.859584,0.870183
0.860659,0.863839
0.861733,0.8566210000000001
0.8628079999999999,0.848964
0.8638819999999999,0.842839
0.864957,0.835621
0.866031,0.8288399999999999
0.8671059999999999,0.823152
0.86818,0.8159329999999999
0.869255,0.8100269999999999
0.8703289999999999,0.804777
0.871404,0.797777
0.872478,0.792746
0.8735529999999999,0.787496
0.8746269999999999,0.78159
0.875702,0.777215
0.876776,0.772184
0.8778499999999999,0.766715
0.878925,0.762777
0.879999,0.7577459999999999
0.8810739999999999,0.753152
0.8821479999999999,0.749652
0.883223,0.74484
0.884297,0.741121
0.8853719999999999,0.7378399999999999
0.886446,0.733465
0.887521,0.730403
0.8885949999999999,0.72734
0.88967,0.723184
0.890744,0.720996
0.8918189999999999,0.7179340000000001
0.8928929999999999,0.7142149999999999
0.893968,0.712684
0.895042,0.709621
0.8961169999999999,0.706996
0.897191,0.7054649999999999
0.898266,0.702621
0.8993399999999999,0.700653
0.900415,0.6995589999999999
0.901489,0.696715
0.9025639999999999,0.695621
0.9036379999999999,0.694309
0.904713,0.6919029999999999
0.905787,0.691465
0.9068609999999999,0.6901529999999999
0.907936,0.688403
0.90901,0.688403
0.9100849999999999,0.68709
0.9111589999999999,0.6859959999999999
0.912234,0.6859959999999999
0.913308,0.6849029999999999
0.914383,0.684465
0.915457,0.6849029999999999
0.916532,0.6835899999999999
0.9176059999999999,0.683809
0.918681,0.6842459999999999
0.919755,0.6833710000000001
0.9208299999999999,0.6842459999999999
0.921904,0.684465
0.922979,0.6842459999999999
0.924053,0.68534
0.925128,0.685559
0.926202,0.6859959999999999
0.9272769999999999,0.68709
0.9283509999999999,0.687746
0.929426,0.688621
0.9305,0.6901529999999999
0.9315749999999999,0.6905899999999999
0.932649,0.6919029999999999
0.933724,0.693871
0.9347979999999999,0.69409
0.9358719999999999,0.6962780000000001
0.936947,0.698028
0.938021,0.698684
0.9390959999999999,0.701309
0.94017,0.702621
0.941245,0.7041529999999999
0.9423189999999999,0.706778
0.943394,0.708528
0.944468,0.710715
0.9455429999999999,0.7135589999999999
0.9466169999999999,0.715309
0.947692,0.717715
0.948766,0.720996
0.9498409999999999,0.722965
0.950915,0.7260279999999999
0.95199,0.72909
0.9530639999999999,0.731059
0.954139,0.735215
0.955213,0.738059
0.9562879999999999,0.7409020000000001
0.9573619999999999,0.74484
0.958437,0.748121
0.959511,0.751621
0.9605859999999999,0.755777
0.96166,0.75884
0.962735,0.7629959999999999
0.9638089999999999,0.767809
0.9648829999999999,0.770871
0.965958,0.7754650000000001
0.967032,0.780059
0.9681069999999999,0.7837770000000001
0.969181,0.789465
0.970256,0.79384
0.9713299999999999,0.797996
0.972405,0.803902
0.973479,0.808715
0.9745539999999999,0.813746
0.9756279999999999,0.819871
0.976703,0.8246829999999999
0.977777,0.8305899999999999
0.9788519999999999,0.8369329999999999
0.979926,0.841964
0.9810009999999999,0.848746
0.9820749999999999,0.855308
0.98315,0.860777
0.984224,0.867996
0.9852989999999999,0.874558
0.9863729999999999,0.880902
0.987448,0.888996
0.9885219999999999,0.8957769999999999
0.989597,0.902995
0.990671,0.911308
0.9992669999999999,0.978245
1.000341,0.9876510000000001
1.0014159999999999,0.996183
1.0024899999999999,1.006245
1.003565,1.015651
1.004639,1.0252759999999999
1.005714,1.036214
1.006788,1.045839
1.007863,1.056776
1.008937,1.0681509999999999
1.010012,1.077776
1.011086,1.08937
1.0121609999999999,1.101401
1.0132349999999999,1.111682
1.01431,1.124588
1.015384,1.136401
1.016459,1.1477760000000001
1.017533,1.161338
1.018608,1.1735879999999999
1.019682,1.185619
1.020756,1.200057
1.021831,1.212307
1.022905,1.2258689999999999
1.02398,1.240525
1.025054,1.2532130000000001
1.0261289999999998,1.268306
1.0272029999999999,1.2834
1.028278,1.296744
1.029352,1.312931
1.030427,1.328244
1.031501,1.342681
1.032576,1.3595249999999999
1.03365,1.3748369999999999
1.034725,1.390587
1.035799,1.4085239999999999
1.0368739999999999,1.424056
1.0379479999999999,1.441337
1.039023,1.459493
1.040097,1.4756799999999999
1.041172,1.494493
1.042246,1.513962
1.043321,1.530586
1.044395,1.550274
1.04547,1.569305
1.046544,1.587461
1.047618,1.608242
1.0486929999999999,1.627711
1.049767,1.6473980000000001
1.050842,1.669492
1.0519159999999999,1.689398
1.052991,1.710617
1.054065,1.7331480000000001
1.05514,1.7537099999999999
1.056214,1.776679
1.057289,1.799866
1.058363,1.821304
1.0594379999999999,1.845366
1.060512,1.8696469999999998
1.061587,1.8921789999999998
1.0626609999999999,1.9177720000000003
1.063736,1.9433659999999997
1.06481,1.967428
1.065885,1.994553
1.066959,2.019053
1.068034,2.0448649999999997
1.069108,2.0728649999999997
1.0701829999999999,2.09824
1.071257,2.126678
1.0723319999999998,2.155552
1.0734059999999999,2.182677
1.074481,2.212427
1.075555,2.243052
1.076629,2.271052
1.083076,2.461801
1.0841509999999999,2.4915510000000003
1.0852249999999999,2.461364
1.0863,2.4486760000000003
1.0873739999999998,2.431176
1.088449,2.4180509999999997
1.089523,2.411489
1.090598,2.3961759999999996
1.091672,2.386551
1.092747,2.379989
1.093821,2.365114
1.0948959999999999,2.357677
1.0959699999999999,2.350239
1.097045,2.3358019999999997
1.0981189999999998,2.330552
1.099194,2.321364
1.100268,2.308239
1.101343,2.303864
1.102417,2.2929269999999997
1.134652,2.088178
1.135726,2.07899
1.1368,2.0728649999999997
1.137875,2.07199
1.138949,2.061928
1.140024,2.058428
1.141098,2.055803
1.1421729999999999,2.046178
1.143247,2.0448649999999997
1.1443219999999998,2.039616
1.1453959999999999,2.030428
1.146471,2.030428
1.147545,2.023866
1.14862,2.0168649999999997
1.149694,2.017303
1.150769,2.008991
1.151843,2.0037399999999996
1.1529179999999999,2.003303
1.153992,1.994553
1.1550669999999998,1.991491
1.1561409999999999,1.9897409999999998
1.157216,1.9809910000000002
1.15829,1.979678
1.159365,1.975741
1.160439,1.967428
1.161514,1.9683030000000001
1.162588,1.9626160000000001
1.163663,1.9564909999999998
1.164737,1.9569279999999998
1.165811,1.949928
1.1668859999999999,1.9446780000000001
1.1679599999999999,1.9455529999999999
1.169035,1.937241
1.1701089999999998,1.934178
1.171184,1.933741
1.172258,1.9254280000000001
1.173333,1.9249910000000001
1.174407,1.922366
1.175482,1.9140529999999998
1.176556,1.915366
1.1776309999999999,1.9109909999999999
1.178705,1.904428
1.17978,1.905741
1.1808539999999998,1.899616
1.181929,1.895241
1.183003,1.895679
1.184078,1.8886789999999998
1.185152,1.8860540000000001
1.186227,1.8860540000000001
1.187301,1.8781789999999998
1.1883759999999999,1.8777409999999999
1.18945,1.875991
1.190525,1.868991
1.1915989999999999,1.869429
1.1926729999999999,1.865929
1.193748,1.8598039999999998
1.194822,1.861554
1.195897,1.856304
1.196971,1.851929
1.198046,1.853679
1.19912,1.8462409999999998
1.200195,1.844054
1.201269,1.844491
1.2023439999999999,1.837491
1.2034179999999999,1.836616
1.204493,1.8353039999999998
1.205567,1.828304
1.206642,1.8296160000000001
1.207716,1.826554
1.208791,1.8204289999999999
1.209865,1.822616
1.21094,1.817804
1.212014,1.813429
1.2130889999999999,1.815179
1.2141629999999999,1.809054
1.215238,1.8064289999999998
1.2163119999999998,1.807304
1.217387,1.8003040000000001
1.218461,1.799866
1.219535,1.799429
1.22061,1.7924289999999998
1.221684,1.793741
1.222759,1.791116
1.223833,1.7849920000000001
1.2249079999999999,1.7871789999999999
1.225982,1.783242
1.2270569999999998,1.778429
1.2281309999999999,1.781054
1.229206,1.774929
1.23028,1.7727419999999998
1.231355,1.7736169999999998
1.232429,1.767492
1.233504,1.767054
1.234578,1.766617
1.235653,1.7600539999999998
1.236727,1.761804
1.2378019999999998,1.7600539999999998
1.2388759999999999,1.753929
1.239951,1.756992
1.241025,1.752617
1.2421,1.7482419999999999
1.243174,1.750867
1.244249,1.7451789999999998
1.245323,1.7429919999999999
1.246397,1.7451789999999998
1.247472,1.738179
1.248546,1.738179
1.2496209999999999,1.738617
1.250695,1.732492
1.25177,1.733804
1.2528439999999998,1.732054
1.253919,1.726367
1.254993,1.7289919999999999
1.256068,1.725929
1.257142,1.721554
1.258217,1.723742
1.259291,1.718929
1.2603659999999999,1.7163039999999998
1.26144,1.718492
1.262515,1.711929
1.2635889999999999,1.711492
1.264664,1.712367
1.265738,1.7058039999999999
1.266813,1.706679
1.267887,1.7058039999999999
1.268962,1.7001169999999999
1.276483,1.693554
1.2775569999999998,1.687867
1.278632,1.6865539999999999
1.279706,1.687867
1.280781,1.682179
1.281855,1.683055
1.28293,1.682617
1.284004,1.6764919999999999
1.2850789999999999,1.679555
1.2861529999999999,1.6764919999999999
1.287228,1.6721169999999999
1.2883019999999998,1.67518
1.289377,1.6708049999999999
1.290451,1.66818
1.291526,1.6703670000000002
1.2926,1.665117
1.293675,1.664242
1.294749,1.6655550000000001
1.2958239999999999,1.65943
1.3205369999999998,1.628367
1.3216109999999999,1.630992
1.322686,1.62618
1.32376,1.625305
1.324835,1.627055
1.325909,1.621805
1.326984,1.622242
1.328058,1.6226800000000001
1.329133,1.616992
1.330207,1.6196169999999999
1.331281,1.617867
1.3323559999999999,1.613055
1.33343,1.616555
1.3345049999999998,1.613492
1.3355789999999998,1.609992
1.336654,1.613492
1.337728,1.60868
1.338803,1.607367
1.339877,1.609555
1.340952,1.603867
1.342026,1.604742
1.3431009999999999,1.605617
1.344175,1.5999299999999999
1.3452499999999998,1.602117
1.3463239999999999,1.6012419999999998
1.347399,1.59643
1.348473,1.599492
1.349548,1.59643
1.350622,1.593367
1.351697,1.59643
1.352771,1.592492
1.3538459999999999,1.5907419999999999
1.35492,1.593367
1.3559949999999998,1.588117
1.3570689999999999,1.588117
1.358144,1.58943
1.359218,1.5837419999999998
1.360293,1.5859299999999998
1.361367,1.585492
1.362441,1.580242
1.363516,1.58418
1.36459,1.581117
1.365665,1.577617
1.366739,1.58068
1.3678139999999999,1.5767419999999999
1.3688879999999999,1.574992
1.369963,1.578055
1.3710369999999998,1.5723669999999998
1.372112,1.573242
1.373186,1.574118
1.374261,1.568867
1.375335,1.5710549999999999
1.37641,1.57018
1.377484,1.5658050000000001
1.3785589999999999,1.568867
1.3796329999999999,1.56668
1.380708,1.56318
1.3817819999999998,1.56668
1.382857,1.562305
1.383931,1.560993
1.385006,1.564055
1.38608,1.558805
1.387155,1.558805
1.388229,1.560993
1.3893039999999999,1.555305
1.390378,1.5570549999999999
1.3914529999999998,1.5566179999999998
1.3925269999999998,1.552243
1.3936009999999999,1.554868
1.394676,1.55268
1.39575,1.549618
1.396825,1.55268
1.397899,1.54918
1.398974,1.546993
1.400048,1.550055
1.401123,1.544805
1.402197,1.544805
1.4032719999999999,1.546555
1.4043459999999999,1.541305
1.405421,1.5426179999999998
1.4064949999999998,1.5421799999999999
1.40757,1.537805
1.408644,1.541305
1.409719,1.5391179999999998
1.410793,1.53518
1.411868,1.5391179999999998
1.412942,1.536055
1.4140169999999999,1.533868
1.4150909999999999,1.5369300000000001
1.416166,1.532118
1.4172399999999998,1.532118
1.418315,1.533868
1.419389,1.5290549999999998
1.420463,1.530368
1.421538,1.530805
1.422612,1.52643
1.423687,1.52993
1.424761,1.5281799999999999
1.4258359999999999,1.5242429999999998
1.42691,1.5281799999999999
1.4279849999999998,1.525118
1.4290589999999999,1.522055
1.430134,1.5255549999999998
1.431208,1.520743
1.432283,1.520743
1.433357,1.522493
1.434432,1.517243
1.435506,1.518118
1.4365809999999999,1.518993
1.437655,1.514618
1.4387299999999998,1.516805
1.4398039999999999,1.515493
1.440879,1.511118
1.441953,1.515493
1.443028,1.511993
1.444102,1.509368
1.445177,1.513305
1.446251,1.509368
1.447325,1.508493
1.4484,1.511118
1.449474,1.506305
1.4505489999999999,1.5076180000000001
1.4516229999999999,1.50893
1.452698,1.504118
1.4537719999999998,1.506743
1.454847,1.50543
1.455921,1.501493
1.456996,1.504555
1.45807,1.50193
1.459145,1.4988679999999999
1.460219,1.502805
1.4612939999999999,1.4988679999999999
1.462368,1.497993
1.4634429999999998,1.500618
1.4645169999999998,1.495805
1.465592,1.496243
1.466666,1.497555
1.467741,1.49318
1.468815,1.49493
1.46989,1.494493
1.470964,1.490555
1.4720389999999999,1.4940550000000001
1.473113,1.491868
1.474187,1.488805
1.4752619999999999,1.492743
1.4763359999999999,1.488368
1.477411,1.487055
1.4784849999999998,1.490118
1.47956,1.4853049999999999
1.480634,1.485743
1.4892299999999998,1.478305
1.490305,1.4818049999999998
1.491379,1.478305
1.492454,1.476993
1.493528,1.4800550000000001
1.494603,1.4756799999999999
1.495677,1.476118
1.4967519999999999,1.477868
1.4978259999999999,1.473055
1.498901,1.475243
1.4999749999999998,1.475243
1.498901,1.47043
1.4978259999999999,1.474368
1.4967519999999999,1.472618
1.495677,1.469118
1.494603,1.473055
1.493528,1.469555
1.492454,1.4678049999999998
1.491379,1.4713049999999999
1.490305,1.4664929999999998
1.4892299999999998,1.466055
1.488156,1.468243
1.4870809999999999,1.46343
1.4860069999999999,1.465618
1.484932,1.466055
1.483858,1.461243
1.482783,1.464306
1.481709,1.462993
1.480634,1.459493
1.47956,1.46343
1.4784849999999998,1.45993
1.477411,1.458181
1.4763359999999999,1.46168
1.4752619999999999,1.4568679999999998
1.474187,1.4568679999999998
1.473113,1.459056
1.4720389999999999,1.454681
1.470964,1.4559929999999999
1.46989,1.4568679999999998
1.468815,1.4524929999999998
1.467741,1.455555
1.466666,1.454243
1.465592,1.450306
1.4645169999999998,1.454243
1.4634429999999998,1.451618
1.462368,1.4494310000000001
1.4612939999999999,1.452931
1.460219,1.448556
1.459145,1.448556
1.45807,1.4511809999999998
1.456996,1.445931
1.455921,1.447681
1.454847,1.448118
1.4537719999999998,1.443743
1.452698,1.446806
1.4516229999999999,1.445931
1.4505489999999999,1.4415559999999998
1.449474,1.445493
1.4484,1.443743
1.447325,1.441118
1.446251,1.444618
1.4290589999999999,1.431931
1.4279849999999998,1.434993
1.42691,1.430181
1.4258359999999999,1.431056
1.424761,1.432368
1.423687,1.427556
1.422612,1.430181
1.421538,1.430181
1.420463,1.426243
1.419389,1.430181
1.418315,1.427556
1.4172399999999998,1.424931
1.416166,1.4279929999999998
1.4150909999999999,1.4244929999999998
1.4140169999999999,1.4236179999999998
1.412942,1.426243
1.411868,1.4223059999999998
1.410793,1.422743
1.409719,1.424931
1.408644,1.417493
1.401123,1.420993
1.400048,1.417931
1.398974,1.416618
1.397899,1.419243
1.396825,1.415306
1.39575,1.415743
1.394676,1.417493
1.3936009999999999,1.4131179999999999
1.3925269999999998,1.415306
1.3914529999999998,1.415743
1.390378,1.411368
1.3893039999999999,1.414431
1.388229,1.413556
1.387155,1.4096179999999998
1.38608,1.413556
1.385006,1.410493
1.383931,1.4087429999999999
1.382857,1.412243
1.362441,1.400868
1.361367,1.401743
1.360293,1.396931
1.359218,1.399993
1.358144,1.399556
1.3570689999999999,1.3956179999999998
1.3559949999999998,1.399556
1.35492,1.396493
1.3538459999999999,1.395181
1.352771,1.398243
1.351697,1.3943059999999998
1.350622,1.393868
1.349548,1.396931
1.348473,1.392118
1.347399,1.393868
1.3463239999999999,1.395181
1.3452499999999998,1.390368
1.344175,1.3934309999999999
1.3431009999999999,1.3925560000000001
1.342026,1.388618
1.340952,1.3929930000000001
1.339877,1.390806
1.338803,1.388181
1.337728,1.392118
1.336654,1.388618
1.3355789999999998,1.387743
1.3345049999999998,1.390806
1.33343,1.385993
1.3323559999999999,1.387306
1.331281,1.388618
1.330207,1.384243
1.329133,1.387306
1.328058,1.386431
1.326984,1.382493
1.325909,1.386431
1.324835,1.384681
1.32376,1.3816179999999998
1.322686,1.3851179999999998
1.3216109999999999,1.382056
1.3205369999999998,1.381181
1.319462,1.384243
1.318388,1.3798679999999999
1.317313,1.381181
1.316239,1.382493
1.315164,1.378118
1.31409,1.3807429999999998
1.313015,1.3803059999999998
1.311941,1.376368
1.3108659999999999,1.3798679999999999
1.3097919999999998,1.378118
1.308717,1.375493
1.3076429999999999,1.3794309999999999
1.306568,1.375931
1.305494,1.375056
1.304419,1.378118
1.303345,1.373743
1.30227,1.374181
1.301196,1.376368
1.293675,1.369368
1.2926,1.372868
1.291526,1.3698059999999999
1.290451,1.368931
1.289377,1.372431
1.2883019999999998,1.367618
1.287228,1.368056
1.2861529999999999,1.3702429999999999
1.2850789999999999,1.3658679999999999
1.284004,1.368493
1.28293,1.368493
1.281855,1.3636810000000001
1.280781,1.367618
1.279706,1.3658679999999999
1.278632,1.363243
1.2775569999999998,1.367181
1.276483,1.3641180000000002
1.2754079999999999,1.362368
1.2743339999999999,1.3663059999999998
1.273259,1.361931
1.272185,1.362368
1.2711109999999999,1.3641180000000002
1.270036,1.359743
1.268962,1.361931
1.267887,1.362806
1.266813,1.358431
1.265738,1.361931
1.264664,1.360618
1.2635889999999999,1.357556
1.262515,1.361931
1.26144,1.358868
1.2603659999999999,1.356681
1.259291,1.361056
1.258217,1.357118
1.257142,1.356681
1.256068,1.359306
1.254993,1.3549309999999999
1.253919,1.357118
1.2528439999999998,1.357993
1.25177,1.353619
1.250695,1.357118
1.2496209999999999,1.3562429999999999
1.248546,1.3527429999999998
1.247472,1.356681
1.246397,1.354493
1.245323,1.352306
1.244249,1.355806
1.243174,1.3518679999999998
1.2421,1.3518679999999998
1.241025,1.354493
1.239951,1.349681
1.2388759999999999,1.3514309999999998
1.2378019999999998,1.352306
1.236727,1.348368
1.235653,1.3514309999999998
1.234578,1.3509939999999998
1.233504,1.346618
1.232429,1.3509939999999998
1.231355,1.3488060000000002
1.23028,1.346181
1.229206,1.3501180000000002
1.2281309999999999,1.346181
1.2270569999999998,1.346181
1.225982,1.3488060000000002
1.2249079999999999,1.344431
1.223833,1.3453060000000001
1.222759,1.346618
1.221684,1.3422429999999999
1.22061,1.3453060000000001
1.219535,1.344869
1.218461,1.3409309999999999
1.217387,1.344431
1.2163119999999998,1.343119
1.215238,1.3404939999999999
1.2141629999999999,1.344431
1.2130889999999999,1.3409309999999999
1.212014,1.3404939999999999
1.21094,1.343556
1.209865,1.339181
1.208791,1.340056
1.207716,1.341806
1.206642,1.3374309999999998
1.205567,1.340056
1.204493,1.3404939999999999
1.2034179999999999,1.3361189999999998
1.2023439999999999,1.339619
1.201269,1.337869
1.200195,1.3352439999999999
1.19912,1.339181
1.198046,1.3361189999999998
1.196971,1.3352439999999999
1.195897,1.338306
1.194822,1.333931
1.193748,1.3348060000000002
1.1926729999999999,1.3365559999999999
1.1915989999999999,1.332181
1.190525,1.334369
1.18945,1.334369
1.1883759999999999,1.330869
1.187301,1.333931
1.186227,1.332619
1.185152,1.329556
1.184078,1.333056
1.183003,1.330869
1.181929,1.329119
1.1808539999999998,1.333056
1.17978,1.328681
1.178705,1.329556
1.1776309999999999,1.331306
1.176556,1.3269309999999999
1.175482,1.329119
1.174407,1.329556
1.173333,1.3256189999999999
1.172258,1.329119
1.171184,1.328244
1.1701089999999998,1.324744
1.169035,1.329119
1.1679599999999999,1.326056
1.1668859999999999,1.324744
1.165811,1.328244
1.164737,1.324306
1.163663,1.324744
1.162588,1.3269309999999999
1.161514,1.3225559999999998
1.160439,1.325181
1.159365,1.3256189999999999
1.15829,1.3221189999999998
1.157216,1.325181
1.1561409999999999,1.324306
1.1550669999999998,1.320806
1.153992,1.324744
1.1529179999999999,1.3221189999999998
1.151843,1.320806
1.150769,1.323869
1.149694,1.319931
1.14862,1.320369
1.147545,1.322994
1.146471,1.318619
1.1453959999999999,1.320369
1.1443219999999998,1.3212439999999999
1.143247,1.317306
1.1421729999999999,1.320806
1.141098,1.3194940000000002
1.140024,1.315994
1.138949,1.320369
1.137875,1.317306
1.1368,1.315994
1.135726,1.3194940000000002
1.134652,1.315556
1.133577,1.315556
1.132503,1.318181
1.1314279999999999,1.313806
1.1303539999999999,1.315556
1.129279,1.316869
1.128205,1.312931
1.12713,1.315556
1.126056,1.315119
1.124981,1.311181
1.123907,1.315119
1.122832,1.312931
1.121758,1.311181
1.1206829999999999,1.315119
1.1196089999999999,1.311181
1.118534,1.310744
1.11746,1.313369
1.116385,1.309431
1.115311,1.310744
1.114236,1.312056
1.113162,1.3081189999999998
1.112087,1.311181
1.111013,1.310306
1.1099379999999999,1.306369
1.1088639999999998,1.310306
1.107789,1.308994
1.106715,1.306369
1.1056409999999999,1.310306
1.104566,1.306806
1.103492,1.3059310000000002
1.102417,1.308994
1.101343,1.305056
1.100268,1.3059310000000002
1.099194,1.3076809999999999
1.0981189999999998,1.303306
1.097045,1.306369
1.0959699999999999,1.3059310000000002
1.0948959999999999,1.3024310000000001
1.093821,1.306369
1.092747,1.304619
1.091672,1.301119
1.090598,1.272681
1.089523,1.2516809999999998
1.088449,1.228931
1.0873739999999998,1.209244
1.0863,1.188244
1.0852249999999999,1.1676819999999999
1.0841509999999999,1.148869
1.083076,1.1291820000000001
1.082002,1.109495
1.080927,1.0911199999999999
1.079853,1.0714320000000002
1.078778,1.053057
1.077704,1.035995
1.076629,1.0171819999999998
1.075555,1.00012
1.074481,0.983495
1.0734059999999999,0.965558
1.0723319999999998,0.9493699999999999
1.071257,0.93362
1.0701829999999999,0.916558
1.069108,0.9016829999999999
1.068034,0.885933
1.066959,0.870183
1.065885,0.855746
1.06481,0.839996
1.063736,0.825996
1.0626609999999999,0.811996
1.061587,0.796683
1.060512,0.7831210000000001
1.0594379999999999,0.770434
1.058363,0.7559959999999999
1.057289,0.743309
1.056214,0.730621
1.05514,0.716621
1.054065,0.7052459999999999
1.052991,0.6925589999999999
1.0519159999999999,0.679871
1.050842,0.6689339999999999
1.049767,0.656247
1.0486929999999999,0.6444340000000001
1.047618,0.633934
1.046544,0.621684
1.04547,0.611184
1.044395,0.600684
1.043321,0.588872
1.042246,0.578809
1.041172,0.568309
1.040097,0.557372
1.039023,0.548185
1.0379479999999999,0.537685
1.0368739999999999,0.527185
1.035799,0.518435
1.034725,0.5083719999999999
1.03365,0.498747
1.032576,0.490435
1.031501,0.47993499999999994
1.030427,0.471185
1.029352,0.462872
1.028278,0.45324699999999996
1.0272029999999999,0.44493499999999997
1.0261289999999998,0.43705999999999995
1.025054,0.427435
1.02398,0.419998
1.022905,0.41168499999999997
1.021831,0.402935
1.020756,0.395935
1.019682,0.387185
1.018608,0.379748
1.017533,0.37231
1.016459,0.36443499999999995
1.015384,0.356998
1.01431,0.350435
1.0132349999999999,0.34212299999999995
1.0121609999999999,0.33599799999999996
1.011086,0.329436
1.010012,0.321561
1.008937,0.315436
1.007863,0.309311
1.006788,0.301873
1.005714,0.296186
1.004639,0.289186
1.003565,0.28306099999999995
1.0024899999999999,0.277373
1.0014159999999999,0.270811
1.000341,0.265123
0.9992669999999999,0.25987299999999997
0.998192,0.253311
0.997118,0.24806099999999998
0.9960429999999999,0.24281100000000003
0.994969,0.23624799999999999
0.9938939999999999,0.231873
0.9928199999999999,0.226623
0.991745,0.220936
0.990671,0.216561
0.989597,0.21087399999999998
0.9885219999999999,0.206061
0.987448,0.201686
0.9863729999999999,0.196436
0.9852989999999999,0.19206099999999998
0.984224,0.18812399999999999
0.98315,0.182874
0.9820749999999999,0.178499
0.9810009999999999,0.174999
0.979926,0.17018599999999998
0.9788519999999999,0.166249
0.977777,0.162749
0.976703,0.157936
0.9756279999999999,0.15487399999999998
0.9745539999999999,0.150936
0.973479,0.14699900000000002
0.972405,0.14349900000000002
0.9713299999999999,0.139561
0.970256,0.136499
0.969181,0.133436
0.9681069999999999,0.12949899999999998
0.967032,0.12643600000000002
0.965958,0.123374
0.9648829999999999,0.11987400000000001
0.9638089999999999,0.11724899999999999
0.962735,0.11462399999999999
0.96166,0.11068700000000001
0.9605859999999999,0.108499
0.959511,0.105874
0.958437,0.102812
0.9573619999999999,0.100624
0.9562879999999999,0.097562064
0.955213,0.09493708000000001
0.954139,0.09274958400000001
0.9530639999999999,0.09012460000000001
0.95199,0.088155856
0.950915,0.08618711200000001
0.9498409999999999,0.083343384
0.948766,0.081593384
0.947692,0.079624648
0.9466169999999999,0.07699965600000001
0.9455429999999999,0.07546841600000001
0.944468,0.07328092000000001
0.943394,0.07109343200000001
0.9423189999999999,0.069780936
0.941245,0.06737470400000001
0.94017,0.065624704
0.9390959999999999,0.06453096000000001
0.938021,0.06212472
0.936947,0.06059348
0.9358719999999999,0.059499736000000004
0.9347979999999999,0.05709349600000001
0.933724,0.05599975200000001
0.932649,0.05468726
0.9315749999999999,0.05249976800000001
0.9305,0.05162476800000001
0.929426,0.050312276
0.9283509999999999,0.048562284000000004
0.9272769999999999,0.047687288
0.926202,0.046156044
0.925128,0.045062300000000007
0.924053,0.044187304000000004
0.922979,0.042437312000000005
0.921904,0.041562316
0.9208299999999999,0.040906068000000004
0.919755,0.039156076
0.918681,0.038390452
0.9176059999999999,0.037624832000000004
0.916532,0.035874840000000005
0.915457,0.035546716000000006
0.914383,0.03456234400000001
0.913308,0.033031104
0.912234,0.03292173
0.9111589999999999,0.03149986
0.9100849999999999,0.030843614000000005
0.90901,0.030187366
0.907936,0.028984246
0.9068609999999999,0.028546748000000004
0.905787,0.028109250000000002
0.904713,0.02668738
0.9036379999999999,0.026359258
0.9025639999999999,0.025921760000000002
0.901489,0.024609266
0.900415,0.024499892000000002
0.8993399999999999,0.023734270000000002
0.898266,0.022749900000000003
0.897191,0.022640524000000002
0.8961169999999999,0.010539154
0.895042,0.015635131000000003
0.893968,0.016839126
0.8928929999999999,0.016710326
0.8918189999999999,0.016497527
0.890744,0.01597673
0.88967,0.015399933000000001
0.8885949999999999,0.015075133000000001
0.887521,0.014470337000000002
0.886446,0.014027939
0.8853719999999999,0.013635940000000001
0.884297,0.013070342
0.883223,0.012706344
0.8821479999999999,0.012325546000000001
0.8810739999999999,0.011771148
0.879999,0.011513549000000001
0.878925,0.011132751000000001
0.8778499999999999,0.010606353
0.876776,0.010404754
0.875702,0.010001556000000002
0.8746269999999999,0.009581558
0.8735529999999999,0.009385558
0.872478,0.008999161
0.871404,0.008640762000000001
0.8703289999999999,0.008444762000000001
0.869255,0.008024764
0.86818,0.007817565000000002
0.8671059999999999,0.0075823670000000004
0.866031,0.007173568000000001
0.864957,0.007050369000000001
0.8638819999999999,0.00680397
0.8628079999999999,0.006417571
0.861733,0.006316772000000001
0.860659,0.006031173
0.859584,0.005734374
0.85851,0.005611175
0.857435,0.005308776
0.8563609999999999,0.005034378
0.855286,0.004944778
0.854212,0.00458078
0.8531369999999999,0.00445758
0.852063,0.004317581000000001
0.850988,0.003959182
0.849914,0.0038751830000000004
0.8488399999999999,0.003690383
0.847765,0.0033711850000000005
0.846691,0.0033599850000000002
0.8456159999999999,0.003141586
0.844542,0.0028503870000000002
0.843467,0.0028727870000000003
0.842393,0.002609588
0.841318,0.002430389
0.840244,0.002441589
0.8391689999999999,0.00214479
0.8380949999999999,0.002043991
0.83702,0.001971191
0.835946,0.0017023920000000003
0.8348709999999999,0.0017247920000000002
0.833797,0.0016071920000000001
0.832722,0.0013495940000000002
0.8316479999999999,0.0013999930000000002
0.830573,0.0012487940000000001
0.829499,0.001058395
0.8284239999999999,0.0011199950000000001
0.8273499999999999,0.0009519950000000001
0.826275,0.000811996
0.825201,0.000895996
0.8241259999999999,0.0006159970000000001
0.823052,0.000559997
0.821978,0.000559997
0.8209029999999999,0.00031919800000000003
0.8198289999999999,0.000335998
0.818754,0.000251998
0.81768,0.0
0.8166049999999999,5.5999756000000005e-05
0.815531,-5.0399780000000004e-05
0.814456,-0.00023519800000000002
0.8133819999999999,-0.00017359900000000003
0.812307,-0.000330398
0.811233,-0.000436798
0.8101579999999999,-0.000414398
0.8090839999999999,-0.0006047970000000001
0.808009,-0.000627197
0.806935,-0.0006047970000000001
0.8058599999999999,-0.0008623960000000001
0.804786,-0.0008063960000000001
0.803711,-0.000817596
0.8026369999999999,-0.0010303950000000001
0.801562,-0.000946395
0.800488,-0.001019195
0.7994129999999999,-0.0011871940000000001
0.7983389999999999,-0.001080795
0.797264,-0.001192794
0.79619,-0.001304794
0.795115,-0.001215194
0.794041,-0.0013663940000000002
0.792967,-0.0013999930000000002
0.7918919999999999,-0.001360794
0.7908179999999999,-0.0015399930000000001
0.789743,-0.0014895930000000002
0.788669,-0.001511993
0.787594,-0.0017135920000000001
0.78652,-0.0016463920000000002
0.785445,-0.0017023920000000003
0.7843709999999999,-0.0019207910000000003
0.783296,-0.0018031920000000001
0.782222,-0.0019207910000000003
0.7811469999999999,-0.002021591
0.780073,-0.0019319909999999999
0.778998,-0.00211119
0.777924,-0.0021391900000000004
0.776849,-0.0020999900000000004
0.775775,-0.00226799
0.7746999999999999,-0.0022455900000000004
0.7736259999999999,-0.0022455900000000004
0.772551,-0.0024191890000000004
0.771477,-0.002335189
0.7704019999999999,-0.002374389
0.769328,-0.002536788
0.768253,-0.002435989
0.7671789999999999,-0.0025255880000000005
0.766104,-0.002643188
0.76503,-0.0025199890000000003
0.7639549999999999,-0.002654388
0.7628809999999999,-0.002687988
0.761807,-0.002620788
0.760732,-0.0027663870000000004
0.7596579999999999,-0.0027383880000000005
0.758583,-0.002687988
0.757509,-0.0028783870000000005
0.7564339999999999,-0.002777587
0.7553599999999999,-0.002822387
0.754285,-0.003001586
0.753211,-0.0028783870000000005
0.7521359999999999,-0.002967987
0.751062,-0.0030967860000000002
0.749987,-0.002995986
0.7489129999999999,-0.003107986
0.747838,-0.003180786
0.746764,-0.0031359860000000003
0.7456889999999999,-0.0032927850000000003
0.7446149999999999,-0.0032591850000000004
0.74354,-0.0032647850000000005
0.742466,-0.0034159850000000003
0.7413909999999999,-0.0033319850000000004
0.740317,-0.003376785
0.739242,-0.0035111840000000005
0.7381679999999999,-0.0034215850000000004
0.737093,-0.0034831840000000003
0.736019,-0.003600784
0.734945,-0.0034831840000000003
0.7338699999999999,-0.003583984
0.732796,-0.0036343840000000005
0.731721,-0.0035447840000000005
0.7306469999999999,-0.0036959830000000003
0.729572,-0.0036959830000000003
0.728498,-0.003623184
0.7274229999999999,-0.003791183
0.726349,-0.0036959830000000003
0.725274,-0.0037015830000000005
0.7242,-0.0038695830000000002
0.723125,-0.0037407830000000006
0.722051,-0.003791183
0.720976,-0.003947982
0.7199019999999999,-0.003841583
0.718827,-0.003931182000000001
0.717753,-0.004043182
0.7166779999999999,-0.003936782
0.715604,-0.004087982
0.714529,-0.004110382
0.713455,-0.004082382
0.71238,-0.004222381000000001
0.711306,-0.004166381
0.710231,-0.004194381
0.7091569999999999,-0.004362381
0.708083,-0.0042111810000000005
0.707008,-0.004283981
0.705934,-0.00444078
0.704859,-0.004317581000000001
0.703785,-0.00441838
0.70271,-0.00450798
0.7016359999999999,-0.00437918
0.700561,-0.0045303800000000005
0.699487,-0.00455278
0.6984119999999999,-0.004502380000000001
0.697338,-0.004625579
0.696263,-0.00455278
0.695189,-0.00450798
0.694114,-0.004692779
0.69304,-0.004569580000000001
0.6919649999999999,-0.004636779000000001
0.6908909999999999,-0.004759979
0.689816,-0.004636779000000001
0.688742,-0.004681579
0.6876669999999999,-0.004810379000000001
0.686593,-0.0047207790000000005
0.685518,-0.004838378000000001
0.6844439999999999,-0.004871978
0.683369,-0.004810379000000001
0.682295,-0.004995178
0.6812199999999999,-0.004961578
0.6801459999999999,-0.004967178
0.679072,-0.005146377000000001
0.677997,-0.005034378
0.6769229999999999,-0.005073577
0.675848,-0.005252777
0.674774,-0.005123977
0.6736989999999999,-0.0051967770000000005
0.6726249999999999,-0.0053199760000000006
0.67155,-0.0052471770000000004
0.670476,-0.005347976000000001
0.669401,-0.0053871760000000005
0.668327,-0.005297576
0.667252,-0.005487976
0.6661779999999999,-0.005426376000000001
0.665103,-0.005398376000000001
0.664029,-0.005549575
0.6629539999999999,-0.005482376000000001
0.66188,-0.0055103750000000005
0.660805,-0.005695175
0.659731,-0.005532775
0.658656,-0.005571975000000001
0.657582,-0.005745574000000001
0.656507,-0.005588775000000001
0.6554329999999999,-0.0057063750000000005
0.654358,-0.005756774000000001
0.653284,-0.005667175000000001
0.6522089999999999,-0.0058463740000000005
0.651135,-0.005835174
0.650061,-0.005801574
0.648986,-0.005991973
0.6479119999999999,-0.005907974000000001
0.646837,-0.005952774
0.645763,-0.006115173
0.6446879999999999,-0.006025573000000001
0.643614,-0.0060703730000000004
0.642539,-0.006199172000000001
0.641465,-0.006115173
0.64039,-0.006238372000000001
0.639316,-0.006305572000000001
0.638241,-0.006238372000000001
0.6371669999999999,-0.0063559720000000005
0.636092,-0.006400772000000001
0.635018,-0.006322372000000001
0.6339429999999999,-0.0065127710000000005
0.632869,-0.006428771000000001
0.631794,-0.006423171000000001
0.63072,-0.006607971
0.629645,-0.0064959710000000006
0.628571,-0.0065631710000000005
0.6274959999999999,-0.006680770000000001
0.6264219999999999,-0.006568771
0.625347,-0.006680770000000001
0.624273,-0.00675357
0.6231979999999999,-0.006641571000000001
0.622124,-0.00678717
0.62105,-0.006798370000000001
0.6199749999999999,-0.006742370000000001
0.6189009999999999,-0.006893569
0.617826,-0.006876769000000001
0.616752,-0.006899169
0.6156769999999999,-0.007067169000000001
0.614603,-0.006971969000000001
0.613528,-0.0070559690000000005
0.6124539999999999,-0.0072295680000000005
0.611379,-0.007106368000000001
0.610305,-0.007207168
0.6092299999999999,-0.007358367000000001
0.6081559999999999,-0.007268768000000001
0.607081,-0.007431167000000001
0.606007,-0.007459167000000001
0.604932,-0.007414367000000001
0.603858,-0.0075823670000000004
0.602783,-0.007559966
0.6017089999999999,-0.0075431660000000005
0.600634,-0.007767166000000001
0.59956,-0.007671966
0.5984849999999999,-0.007716766000000001
0.597411,-0.007879165
0.596336,-0.007772766000000001
0.595262,-0.007890365
0.5941879999999999,-0.007996764000000002
0.593113,-0.007907165
0.592039,-0.008047165
0.5909639999999999,-0.008080764
0.58989,-0.007996764000000002
0.588815,-0.008192764
0.587741,-0.008164764
0.586666,-0.008136764000000001
0.585592,-0.008338363
0.584517,-0.008248763000000001
0.5834429999999999,-0.008310363000000001
0.582368,-0.008495163
0.581294,-0.008405563000000001
0.5802189999999999,-0.008495163
0.579145,-0.008640762000000001
0.57807,-0.008567963000000001
0.576996,-0.008730362
0.575921,-0.008803161
0.574847,-0.008741561
0.573772,-0.008931960000000001
0.5726979999999999,-0.008931960000000001
0.571623,-0.008948761000000001
0.570549,-0.009144760000000002
0.5694739999999999,-0.00906636
0.5684,-0.009144760000000002
0.567326,-0.009329559000000001
0.566251,-0.009234359000000001
0.5651769999999999,-0.009323959000000001
0.564102,-0.009486358000000002
0.563028,-0.009379958
0.5619529999999999,-0.009519958
0.560879,-0.009598358000000001
0.559804,-0.009553558
0.55873,-0.009738357000000001
0.557655,-0.009727157
0.556581,-0.009704757
0.5555059999999999,-0.009928757000000002
0.5544319999999999,-0.009861556
0.553357,-0.009889557
0.552283,-0.010091156
0.5512079999999999,-0.009979156000000001
0.550134,-0.010057556
0.549059,-0.010253555000000001
0.5479849999999999,-0.010169555000000002
0.54691,-0.010315154000000002
0.545836,-0.010443954000000002
0.5447609999999999,-0.010387955
0.5436869999999999,-0.010583953
0.542612,-0.010634353000000001
0.541538,-0.010645553000000002
0.540463,-0.010880752
0.539389,-0.010802353
0.538314,-0.010869552
0.5372399999999999,-0.011104751000000001
0.5361659999999999,-0.011048751
0.535091,-0.011115951
0.534017,-0.011334350000000002
0.532942,-0.011250351
0.531868,-0.011407150000000001
0.530793,-0.011558349
0.5297189999999999,-0.011468749
0.528644,-0.011670348
0.52757,-0.011731949
0.5264949999999999,-0.011698349
0.525421,-0.011961547000000001
0.524346,-0.011939147
0.523272,-0.011967147000000001
0.522197,-0.012207947
0.521123,-0.012118346
0.520048,-0.012213547
0.5189739999999999,-0.012415145
0.517899,-0.012325546000000001
0.516825,-0.012459945000000002
0.5157499999999999,-0.012611144000000001
0.514676,-0.012599944
0.513601,-0.012790344
0.512527,-0.012891143
0.511452,-0.012857543
0.510378,-0.013143142000000002
0.509304,-0.013159942
0.5082289999999999,-0.013215942
0.507155,-0.013495940000000001
0.50608,-0.01345674
0.505006,-0.013551941000000001
0.503931,-0.013781539
0.502857,-0.013753539
0.501782,-0.013899139000000001
0.5007079999999999,-0.014100738000000002
0.499633,-0.014061538
0.498559,-0.014291137
0.497484,-0.014391936000000001
0.49640999999999996,-0.014386336000000001
0.49533499999999997,-0.014621536000000001
0.49426099999999995,-0.014660735000000001
0.49318599999999996,-0.014722335
0.492112,-0.014985533000000002
0.491037,-0.014963134000000003
0.489963,-0.015047134000000002
0.488888,-0.015293532
0.48781399999999997,-0.015271132
0.486739,-0.015411132000000001
0.48566499999999996,-0.015640732
0.48458999999999997,-0.01558473
0.483516,-0.015775131
0.48244099999999995,-0.01593193
0.481367,-0.015915129000000004
0.48029299999999997,-0.016217529
0.479218,-0.016256728
0.47814399999999996,-0.016318328000000003
0.47706899999999997,-0.016643126
0.475995,-0.016654326000000004
0.47491999999999995,-0.016794326000000002
0.473846,-0.017113526
0.472771,-0.017074324000000002
0.471697,-0.017247924
0.470622,-0.017499924
0.46954799999999997,-0.017539122
0.468473,-0.017746322000000002
0.46739899999999995,-0.017942322000000004
0.46632399999999996,-0.017975922
0.46525,-0.018272718
0.464175,-0.01836232
0.463101,-0.018451920000000004
0.462026,-0.018810318
0.460952,-0.018815918
0.459877,-0.018955916
0.45880299999999996,-0.019280716
0.45772799999999997,-0.019252716000000003
0.456654,-0.019493514000000003
0.45557899999999996,-0.019751112
0.454505,-0.019762312
0.45343,-0.020042312000000003
0.452356,-0.020249510000000002
0.45128199999999996,-0.02026071
0.45020699999999997,-0.02059111
0.449133,-0.020753510000000003
0.44805799999999996,-0.020826308
0.446984,-0.021167906
0.445909,-0.021291106000000004
0.444835,-0.021442306
0.44376,-0.021823104000000003
0.44268599999999997,-0.021879102000000004
0.441611,-0.022131102
0.44053699999999996,-0.022450302000000002
0.43946199999999996,-0.022495100000000004
0.438388,-0.0227919
0.437313,-0.023111098000000004
0.436239,-0.023189498000000003
0.435164,-0.023547896000000002
0.43409,-0.023743896
0.433015,-0.023878294
0.43194099999999996,-0.024287094000000002
0.43086599999999997,-0.024399092
0.429792,-0.024600692
0.42871699999999996,-0.025009490000000002
0.427643,-0.025082290000000004
0.426568,-0.025339888
0.425494,-0.025726286000000004
0.42441999999999996,-0.025827086000000003
0.42334499999999997,-0.026123884000000003
0.422271,-0.026493482000000002
0.42119599999999996,-0.026588682000000002
0.420122,-0.026980680000000003
0.419047,-0.02722708
0.417973,-0.027389478000000002
0.416898,-0.027859878000000005
0.41582399999999997,-0.028016676
0.414749,-0.028240676000000003
0.41367499999999996,-0.028688674
0.41259999999999997,-0.028828672
0.411526,-0.029198272
0.41045099999999995,-0.029635068
0.409377,-0.029797468000000004
0.408302,-0.030183868000000006
0.407228,-0.030615064
0.406153,-0.030816666000000003
0.40507899999999997,-0.031303864
0.404004,-0.031679062
0.40292999999999995,-0.031931060000000004
0.40185499999999996,-0.032446256
0.400781,-0.032737454000000006
0.399706,-0.033067854
0.398632,-0.033605452
0.397557,-0.033863052
0.396483,-0.034260648000000005
0.39540899999999995,-0.034803848000000005
0.39433399999999996,-0.035055844
0.39326,-0.035531844
0.392185,-0.03606944000000001
0.391111,-0.03628224000000001
0.390036,-0.036836640000000004
0.388962,-0.037284636
0.387887,-0.037626232
0.38681299999999996,-0.038214232
0.38573799999999997,-0.038578228000000006
0.384664,-0.039003828000000004
0.38358899999999996,-0.039603028000000005
0.382515,-0.039961424
0.38144,-0.040381424000000006
0.380366,-0.041036616000000005
0.379291,-0.04133342
0.37821699999999997,-0.04183741600000001
0.377142,-0.04247021200000001
0.37606799999999996,-0.042806212
0.37499299999999997,-0.043371808000000005
0.373919,-0.043875808
0.372844,-0.044234204000000006
0.37177,-0.044855804000000006
0.370695,-0.045247800000000005
0.369621,-0.045578200000000006
0.368546,-0.046188596
0.36747199999999997,-0.046485396000000005
0.366398,-0.046810192
0.365323,-0.047386992
0.364249,-0.047588588
0.363174,-0.04790778800000001
0.3621,-0.048439788
0.361025,-0.04860778400000001
0.35995099999999997,-0.048949384000000006
0.358876,-0.049874776
0.357802,-0.049765404000000006
0.35672699999999996,-0.050421652000000004
0.355653,-0.051843520000000004
0.354578,-0.05206226800000001
0.353504,-0.053046640000000006
0.352429,-0.054359132000000004
0.351355,-0.054468508000000006
0.35028,-0.055890376000000005
0.34920599999999996,-0.05676537200000001
0.34813099999999997,-0.056984124000000004
0.347057,-0.05862474000000001
0.345982,-0.05993723200000001
0.344908,-0.060046612000000006
0.343833,-0.0617966
0.342759,-0.06234347600000001
0.341684,-0.063109092
0.34060999999999997,-0.06507783600000001
0.339536,-0.065624704
0.338461,-0.06682782400000001
0.337387,-0.068359072
0.336312,-0.06901531200000001
0.335238,-0.07054656000000001
0.334163,-0.071859056
0.33308899999999997,-0.07262468000000001
0.332014,-0.07459341600000001
0.33094,-0.075577792
0.32986499999999996,-0.07623404
0.328791,-0.078749648
0.327716,-0.079624648
0.326642,-0.080718392
0.325567,-0.083124632
0.324493,-0.084109008
0.323418,-0.085640248
0.32234399999999996,-0.08760899200000001
0.32126899999999997,-0.088702736
0.320195,-0.09067147200000002
0.31911999999999996,-0.09253084000000002
0.318046,-0.093515208
0.316971,-0.09624956800000001
0.315897,-0.097780816
0.314822,-0.099093312
0.31374799999999997,-0.101937
0.312673,-0.10346799999999999
0.31159899999999996,-0.10510800000000001
0.310525,-0.107952
0.30945,-0.109593
0.308376,-0.11188999999999999
0.307301,-0.11484299999999999
0.30622699999999997,-0.11626500000000001
0.305152,-0.11910799999999999
0.30407799999999996,-0.12162400000000001
0.30300299999999997,-0.12359299999999998
0.301929,-0.12687400000000001
0.300854,-0.12949899999999998
0.29978,-0.131577
0.298705,-0.135296
0.297631,-0.137702
0.296556,-0.140436
0.29548199999999997,-0.144264
0.294407,-0.146561
0.293333,-0.149843
0.29225799999999996,-0.153999
0.291184,-0.156733
0.290109,-0.16023300000000001
0.289035,-0.16427999999999998
0.28796,-0.167343
0.286886,-0.172046
0.285811,-0.17576399999999998
0.28473699999999996,-0.179264
0.283663,-0.18440499999999999
0.282588,-0.188342
0.281514,-0.19228
0.280439,-0.197858
0.279365,-0.202014
0.27829,-0.20671699999999998
0.27721599999999996,-0.212733
0.27614099999999997,-0.216999
0.275067,-0.222686
0.273992,-0.22891999999999998
0.272918,-0.234061
0.271843,-0.240733
0.270769,-0.24696700000000002
0.269694,-0.252655
0.26861999999999997,-0.260201
0.267545,-0.26687299999999997
0.266471,-0.273436
0.26539599999999997,-0.282186
0.264322,-0.289186
0.263247,-0.297061
0.262173,-0.30624799999999996
0.261098,-0.31423199999999996
0.260024,-0.323529
0.258949,-0.333592
0.25787499999999997,-0.34245099999999995
0.2568,-0.353498
0.255726,-0.36421699999999996
0.254652,-0.37416999999999995
0.253577,-0.386967
0.252503,-0.39867
0.251428,-0.41091999999999995
0.25035399999999997,-0.42524799999999996
0.249279,-0.43826299999999996
0.24820499999999998,-0.452372
0.24713,-0.468888
0.246056,-0.48398199999999997
0.24498099999999998,-0.500607
0.24390699999999998,-0.519091
0.242832,-0.5368099999999999
0.241758,-0.557372
0.24068299999999998,-0.577606
0.239609,-0.598934
0.238534,-0.622887
0.23745999999999998,-0.646731
0.23638499999999998,-0.671559
0.235311,-0.700106
0.234236,-0.727996
0.23316199999999998,-0.758184
0.232087,-0.79198
0.231013,-0.8247929999999999
0.22993799999999998,-0.861543
0.22886399999999998,-0.900808
0.227789,-0.941058
0.226715,-0.9844789999999999
0.22564099999999998,-1.032932
0.224566,-1.080401
0.223492,-1.133338
0.222417,-1.1880249999999999
0.22134299999999998,-1.2442440000000001
0.220268,-1.306369
0.219194,-1.368931
0.21811899999999998,-1.434774
0.217045,-1.504993
0.21597,-1.5752110000000001
0.214896,-1.649367
0.21382099999999998,-1.727023
0.212747,-1.803804
0.211672,-1.884741
0.21059799999999998,-1.967428
0.209523,-2.05274
0.208449,-2.138928
0.207374,-2.226427
0.20629999999999998,-2.313052
0.205225,-2.4058010000000003
0.204151,-2.495488
0.20307599999999998,-2.585613
0.202002,-2.6788000000000003
0.200927,-2.76805
0.199853,-2.8590489999999997
0.19877799999999998,-2.950486
0.197704,-3.0366739999999997
0.19663,-3.1232979999999997
0.19555499999999998,-3.207298
0.194481,-3.2856099999999997
0.193406,-3.363047
0.192332,-3.435234
0.19125699999999998,-3.5012959999999995
0.190183,-3.5660459999999996
0.189108,-3.621608
0.18803399999999998,-3.672358
0.186959,-3.722233
0.185885,-3.759858
0.18481,-3.7944199999999997
0.18373599999999998,-3.823733
0.182661,-3.844732
0.181587,-3.858732
0.18051199999999998,-3.867482
0.179438,-3.865732
0.178363,-3.861357
0.177289,-3.848232
0.17621399999999998,-3.825483
0.17514,-3.8001080000000003
0.174065,-3.764233
0.172991,-3.7204829999999998
0.17191599999999999,-3.673233
0.170842,-3.616358
0.169768,-3.551609
0.16869299999999998,-3.482484
0.167619,-3.4019839999999997
0.166544,-3.317985
0.16547,-3.228735
0.16439499999999999,-3.1289860000000003
0.163321,-3.0274859999999997
0.162246,-2.9198609999999996
0.16117199999999998,-2.805237
0.160097,-2.689738
0.159023,-2.569863
0.157948,-2.445614
0.15687399999999999,-2.322239
0.155799,-2.19624
0.154725,-2.0693650000000003
0.15364999999999998,-1.9451159999999998
0.152576,-1.8182409999999998
0.151501,-1.696617
0.150427,-1.577617
0.14935199999999998,-1.461243
0.148278,-1.3492439999999999
0.147203,-1.243369
0.14612899999999998,-1.140994
0.145054,-1.046495
0.14398,-0.95637
0.142905,-0.8723709999999999
0.14183099999999998,-0.796246
0.140757,-0.725371
0.139682,-0.658872
0.13860799999999998,-0.601122
0.137533,-0.546872
0.136459,-0.497872
0.135384,-0.45587199999999994
0.13430999999999998,-0.41562299999999996
0.133235,-0.379748
0.132161,-0.348248
0.13108599999999998,-0.319373
0.130012,-0.29399800000000004
0.128937,-0.271248
0.127863,-0.250248
0.12678799999999998,-0.23274799999999998
0.125714,-0.21612399999999998
0.124639,-0.200374
0.123565,-0.18724899999999997
0.12248999999999999,-0.174999
0.121416,-0.164499
0.12034099999999999,-0.154436
0.119267,-0.144374
0.11819199999999999,-0.136499
0.117118,-0.12949899999999998
0.116043,-0.122061
0.11496899999999999,-0.11637399999999999
0.113894,-0.11068700000000001
0.11281999999999999,-0.10456199999999999
0.111746,-0.101062
0.11067099999999999,-0.09624956800000001
0.109597,-0.091874592
0.108522,-0.088812104
0.107448,-0.08487462400000001
0.106373,-0.08115588800000001
0.10529899999999999,-0.07896840000000001
0.104224,-0.07546841600000001
0.10314999999999999,-0.07328092000000001
0.102075,-0.07109343200000001
0.101001,-0.068249696
0.099926736,-0.066718452
0.098852256,-0.064968464
0.09777777600000001,-0.062780972
0.09670329600000001,-0.06146848
0.095628816,-0.05993723200000001
0.094554336,-0.057968492
0.093479848,-0.057312244000000005
0.092405368,-0.055562252000000006
0.09133089600000001,-0.054031012
0.09025640800000001,-0.054031012
0.08918192800000001,-0.05249976800000001
0.088107448,-0.051406020000000004
0.087032968,-0.05096852400000001
0.08595848,-0.049874776
0.084884,-0.049218532
0.08380952800000001,-0.048999784000000005
0.08273504000000001,-0.047687288
0.08166056000000001,-0.047468540000000004
0.08058607200000001,-0.04703104
0.0795116,-0.045937296
0.07843712,-0.045937296
0.077362632,-0.04517167600000001
0.07628816000000001,-0.044624800000000006
0.07521367200000001,-0.044952928
0.074139192,-0.044077928
0.073064712,-0.04385918
0.071990232,-0.043968556000000006
0.070915752,-0.043093556000000005
0.069841264,-0.043312308
0.068766784,-0.042984184
0.067692312,-0.042437312000000005
0.066617824,-0.042765436000000004
0.065543348,-0.04265606
0.06446886,-0.04199981600000001
0.063394384,-0.042546684
0.062319900000000004,-0.04199981600000001
0.06124542,-0.041890436
0.060170940000000006,-0.042437312000000005
0.05909646,-0.04199981600000001
0.058021976,-0.041781064
0.056947496,-0.042327936000000004
0.055873016000000005,-0.041781064
0.054798532000000004,-0.04199981600000001
0.053724056000000006,-0.041890436
0.052649572000000006,-0.041452944000000005
0.051575092,-0.042109188000000006
0.050500608,-0.041890436
0.049426128,-0.041562316
0.048351648000000004,-0.042327936000000004
0.047277168,-0.041671692
0.046202684,-0.041562316
0.045128204000000005,-0.042327936000000004
0.044053724,-0.041781064
0.04297924,-0.041671692
0.041904764000000004,-0.042218564
0.040830280000000004,-0.041671692
0.0397558,-0.041890436
0.038681316,-0.042218564
0.037606836000000005,-0.041671692
0.036532356,-0.042218564
0.035457876,-0.042109188000000006
0.034383392,-0.041562316
0.033308912,-0.042546684
0.03223443,-0.04199981600000001
0.031159950000000002,-0.041781064
0.030085470000000003,-0.042765436000000004
0.029010988,-0.042109188000000006
0.027936508000000002,-0.042218564
0.026862028000000003,-0.04265606
0.025787546,-0.042327936000000004
0.024713064,-0.04265606
0.023638584,-0.042765436000000004
0.022564102000000003,-0.042327936000000004
0.02148962,-0.042765436000000004
0.020415140000000002,-0.042765436000000004
0.019340658,-0.042218564
0.018266178,-0.043093556000000005
0.017191696,-0.04265606
0.016117215,-0.042327936000000004
0.015042735000000002,-0.043202936000000004
0.013968254000000001,-0.04265606
0.012893773,-0.042546684
0.011819292,-0.043421684
0.01074481,-0.042874808
0.009670329,-0.042984184
0.008595848,-0.043202936000000004
0.007521367,-0.04265606
0.006446886000000001,-0.043312308
0.005372405,-0.043202936000000004
0.004297924,-0.042546684
0.0032234430000000003,-0.043421684
0.002148962,-0.042984184
0.001074481,-0.04265606
0.0,-0.043531056000000005
-0.001074481,-0.042984184
-0.002148962,-0.042874808
-0.0032234430000000003,-0.043531056000000005
-0.004297924,-0.042874808
-0.005372405,-0.043202936000000004
-0.006446886000000001,-0.043531056000000005
-0.007521367,-0.042874808
-0.008595848,-0.043421684
-0.009670329,-0.043531056000000005
-0.01074481,-0.042984184
-0.011819292,-0.043640428
-0.012893773,-0.043312308
-0.013968254000000001,-0.043093556000000005
-0.015042735000000002,-0.04385918
-0.016117215,-0.043093556000000005
-0.017191696,-0.043093556000000005
-0.018266178,-0.04385918
-0.019340658,-0.043202936000000004
-0.020415140000000002,-0.043202936000000004
-0.02148962,-0.043640428
-0.022564102000000003,-0.042984184
-0.023638584,-0.043421684
-0.024713064,-0.043421684
-0.025787546,-0.042765436000000004
-0.026862028000000003,-0.043640428
-0.027936508000000002,-0.043312308
-0.029010988,-0.042874808
-0.030085470000000003,-0.043640428
-0.031159950000000002,-0.043093556000000005
-0.03223443,-0.042765436000000004
-0.033308912,-0.043640428
-0.034383392,-0.042984184
-0.035457876,-0.042984184
-0.036532356,-0.043531056000000005
-0.037606836000000005,-0.042874808
-0.038681316,-0.043093556000000005
-0.0397558,-0.043093556000000005
-0.040830280000000004,-0.042546684
-0.041904764000000004,-0.043202936000000004
-0.04297924,-0.043202936000000004
-0.044053724,-0.042546684
-0.045128204000000005,-0.043421684
-0.046202684,-0.042984184
-0.047277168,-0.04265606
-0.048351648000000004,-0.043531056000000005
-0.049426128,-0.042765436000000004
-0.050500608,-0.042874808
-0.051575092,-0.043421684
-0.052649572000000006,-0.042546684
-0.053724056000000006,-0.043202936000000004
-0.054798532000000004,-0.043202936000000004
-0.055873016000000005,-0.042437312000000005
-0.056947496,-0.043093556000000005
-0.058021976,-0.043093556000000005
-0.05909646,-0.042546684
-0.060170940000000006,-0.043312308
-0.06124542,-0.042984184
-0.062319900000000004,-0.042546684
-0.063394384,-0.043421684
-0.06446886,-0.04265606
-0.065543348,-0.042437312000000005
-0.066617824,-0.043093556000000005
-0.067692312,-0.042546684
-0.068766784,-0.042874808
-0.069841264,-0.043093556000000005
-0.070915752,-0.042327936000000004
-0.071990232,-0.043093556000000005
-0.073064712,-0.043093556000000005
-0.074139192,-0.042546684
-0.07521367200000001,-0.043421684
-0.07628816000000001,-0.042874808
-0.077362632,-0.042546684
-0.07843712,-0.043421684
-0.0795116,-0.042984184
-0.08058607200000001,-0.04265606
-0.08166056000000001,-0.043421684
-0.08273504000000001,-0.042765436000000004
-0.08380952800000001,-0.043093556000000005
-0.084884,-0.043312308
-0.08595848,-0.042765436000000004
-0.087032968,-0.043531056000000005
-0.088107448,-0.043421684
-0.08918192800000001,-0.042874808
-0.09025640800000001,-0.043749808
-0.09133089600000001,-0.043640428
-0.092405368,-0.042874808
-0.093479848,-0.044077928
-0.094554336,-0.043421684
-0.095628816,-0.043093556000000005
-0.09670329600000001,-0.043968556000000006
-0.09777777600000001,-0.043312308
-0.098852256,-0.043749808
-0.099926736,-0.043749808
-0.101001,-0.042984184
-0.102075,-0.043749808
-0.10314999999999999,-0.043749808
-0.104224,-0.043202936000000004
-0.10529899999999999,-0.043749808
-0.106373,-0.043749808
-0.107448,-0.043093556000000005
-0.108522,-0.044187304000000004
-0.109597,-0.043749808
-0.11067099999999999,-0.043421684
-0.111746,-0.044296680000000005
-0.11281999999999999,-0.043421684
-0.113894,-0.043749808
-0.11496899999999999,-0.044187304000000004
-0.116043,-0.043421684
-0.117118,-0.044077928
-0.11819199999999999,-0.043968556000000006
-0.119267,-0.043749808
-0.12034099999999999,-0.044187304000000004
-0.121416,-0.04385918
-0.12248999999999999,-0.043421684
-0.123565,-0.044296680000000005
-0.124639,-0.043640428
-0.125714,-0.043421684
-0.12678799999999998,-0.044296680000000005
-0.127863,-0.043202936000000004
-0.128937,-0.043531056000000005
-0.130012,-0.04385918
-0.13108599999999998,-0.043202936000000004
-0.132161,-0.043531056000000005
-0.133235,-0.043749808
-0.13430999999999998,-0.042765436000000004
-0.135384,-0.043421684
-0.136459,-0.043202936000000004
-0.137533,-0.042874808
-0.13860799999999998,-0.043749808
-0.139682,-0.042874808
-0.140757,-0.04265606
-0.14183099999999998,-0.043749808
-0.142905,-0.042984184
-0.14398,-0.042984184
-0.145054,-0.043749808
-0.14612899999999998,-0.042546684
-0.147203,-0.043093556000000005
-0.148278,-0.043421684
-0.14935199999999998,-0.042765436000000004
-0.150427,-0.043531056000000005
-0.151501,-0.043093556000000005
-0.152576,-0.042109188000000006
-0.15364999999999998,-0.043531056000000005
-0.154725,-0.042874808
-0.155799,-0.042218564
-0.15687399999999999,-0.043202936000000004
-0.157948,-0.04265606
-0.159023,-0.042437312000000005
-0.160097,-0.043421684
-0.16117199999999998,-0.042546684
-0.162246,-0.042874808
-0.163321,-0.043202936000000004
-0.16439499999999999,-0.042218564
-0.16547,-0.04265606
-0.166544,-0.04265606
-0.167619,-0.041781064
-0.16869299999999998,-0.042874808
-0.169768,-0.042546684
-0.170842,-0.04199981600000001
-0.17191599999999999,-0.042984184
-0.172991,-0.042327936000000004
-0.174065,-0.042109188000000006
-0.17514,-0.04265606
-0.17621399999999998,-0.042218564
-0.177289,-0.042437312000000005
-0.178363,-0.042765436000000004
-0.179438,-0.041890436
-0.18051199999999998,-0.042874808
-0.181587,-0.042765436000000004
-0.182661,-0.041890436
-0.18373599999999998,-0.042984184
-0.18481,-0.042765436000000004
-0.185885,-0.042109188000000006
-0.186959,-0.042984184
-0.18803399999999998,-0.042327936000000004
-0.189108,-0.042218564
-0.190183,-0.042984184
-0.19125699999999998,-0.042437312000000005
-0.192332,-0.042546684
-0.193406,-0.043093556000000005
-0.194481,-0.042109188000000006
-0.19555499999999998,-0.042874808
-0.19663,-0.042546684
-0.197704,-0.04199981600000001
-0.19877799999999998,-0.042765436000000004
-0.199853,-0.042327936000000004
-0.19877799999999998,-0.028218626000000004
-0.197704,-0.023843644
-0.19663,-0.01914054
-0.19555499999999998,-0.016515552
-0.194481,-0.014984308000000002
-0.193406,-0.0012599940000000002
-0.192332,-0.002441589
-0.19125699999999998,-0.001623992
-0.190183,-0.000543197
-0.189108,0.000207199
-0.18803399999999998,0.0014167930000000002
-0.186959,0.0023855890000000005
-0.185885,0.002995986
-0.18481,0.003970382000000001
-0.18373599999999998,0.00458078
-0.182661,0.005073577
-0.181587,0.005924774000000001
-0.18051199999999998,0.006249572000000001
-0.179438,0.00678717
-0.178363,0.007375167
-0.177289,0.007537566
-0.17621399999999998,0.008086364
-0.17514,0.008601562
-0.174065,0.008696762
-0.172991,0.009251159
-0.17191599999999999,0.009519958
-0.170842,0.009749557
-0.169768,0.010242355
-0.16869299999999998,0.010399154
-0.167619,0.010539154
-0.166544,0.011003952000000001
-0.16547,0.011143951000000001
-0.16439499999999999,0.011407150000000001
-0.163321,0.011804748000000002
-0.162246,0.011838348000000002
-0.16117199999999998,0.012151946000000002
-0.160097,0.012459945000000002
-0.159023,0.012454345
-0.157948,0.012846343000000001
-0.15687399999999999,0.013070342
-0.155799,0.013159942
-0.154725,0.013574341
-0.15364999999999998,0.013624740000000002
-0.152576,0.013697540000000001
-0.151501,0.014072738000000001
-0.150427,0.014095138
-0.14935199999999998,0.014274337000000002
-0.148278,0.014615936000000001
-0.147203,0.014604736
-0.14612899999999998,0.014901535
-0.145054,0.015097533
-0.14398,0.015041533
-0.142905,0.015394332000000002
-0.14183099999999998,0.015506331
-0.140757,0.015495131000000002
-0.139682,0.015842331
-0.13860799999999998,0.01594313
-0.137533,0.01594313
-0.136459,0.016385528
-0.135384,0.016413527
-0.13430999999999998,0.016564727
-0.133235,0.016917526000000002
-0.132161,0.016861526
-0.13108599999999998,0.017141524
-0.130012,0.017421522000000002
-0.128937,0.017359924
-0.127863,0.017779922000000004
-0.12678799999999998,0.017903122
-0.125714,0.017953522000000003
-0.124639,0.018328718
-0.123565,0.018407120000000003
-0.12248999999999999,0.018457518
-0.121416,0.018821518
-0.12034099999999999,0.018838318000000003
-0.119267,0.019028716
-0.11819199999999999,0.019353514000000002
-0.117118,0.019342314000000003
-0.116043,0.019538314
-0.11496899999999999,0.019762312
-0.113894,0.019689512000000003
-0.11281999999999999,0.020019912
-0.111746,0.020176710000000004
-0.11067099999999999,0.020120710000000003
-0.109597,0.02048471
-0.108522,0.020540708
-0.107448,0.02056871
-0.106373,0.020871108
-0.10529899999999999,0.020893508
-0.104224,0.020988708000000002
-0.10314999999999999,0.021263106
-0.102075,0.021341506000000003
-0.101001,0.021487106000000002
-0.099926736,0.021727904
-0.098852256,0.021610304
-0.09777777600000001,0.021879102000000004
-0.09670329600000001,0.022063902
-0.095628816,0.022002302
-0.094554336,0.022310302000000004
-0.093479848,0.022405502
-0.092405368,0.022383102000000002
-0.09133089600000001,0.022691100000000002
-0.09025640800000001,0.0226855
-0.08918192800000001,0.0227247
-0.088107448,0.023032700000000003
-0.087032968,0.0229543
-0.08595848,0.023088698
-0.084884,0.023301498
-0.08380952800000001,0.023178298000000003
-0.08273504000000001,0.023346298
-0.08166056000000001,0.023508698
-0.08058607200000001,0.023379898000000003
-0.0795116,0.023626296
-0.07843712,0.023648696
-0.077362632,0.023592696
-0.07628816000000001,0.023822296000000003
-0.07521367200000001,0.023788696
-0.074139192,0.023755096
-0.073064712,0.023945494
-0.071990232,0.023861496
-0.070915752,0.023906296
-0.069841264,0.024023894000000004
-0.068766784,0.023895096
-0.067692312,0.024079894
-0.066617824,0.024130294000000004
-0.065543348,0.023995894
-0.06446886,0.024169492
-0.063394384,0.024203092000000002
-0.062319900000000004,0.024124694000000002
-0.06124542,0.024354292
-0.060170940000000006,0.024309492000000002
-0.05909646,0.024281492000000002
-0.058021976,0.024488692000000003
-0.056947496,0.024415894
-0.055873016000000005,0.024471892000000002
-0.054798532000000004,0.02462309
-0.053724056000000006,0.024488692000000003
-0.052649572000000006,0.024600692
-0.051575092,0.024695892000000004
-0.050500608,0.024544692000000003
-0.049426128,0.024779892
-0.048351648000000004,0.024791092000000004
-0.047277168,0.024656690000000002
-0.046202684,0.024858292
-0.045128204000000005,0.02479669
-0.044053724,0.024740692
-0.04297924,0.02492549
-0.041904764000000004,0.024824692000000002
-0.040830280000000004,0.02484149
-0.0397558,0.024981490000000002
-0.038681316,0.02483029
-0.037606836000000005,0.024931090000000003
-0.036532356,0.024998290000000003
-0.035457876,0.024835892000000002
-0.034383392,0.025009490000000002
-0.033308912,0.025132688
-0.03223443,0.02499269
-0.031159950000000002,0.02518309
-0.030085470000000003,0.02512709
-0.029010988,0.025104690000000002
-0.027936508000000002,0.025295088
-0.026862028000000003,0.025188688
-0.025787546,0.02523349
-0.024713064,0.025373488000000003
-0.023638584,0.025261488000000002
-0.022564102000000003,0.025345490000000002
-0.02148962,0.025451888000000002
-0.020415140000000002,0.02528949
-0.019340658,0.025463088000000002
-0.018266178,0.025524688
-0.017191696,0.025407088
-0.016117215,0.025597486000000003
-0.015042735000000002,0.025519088000000002
-0.013968254000000001,0.025440688000000003
-0.012893773,0.025614288000000002
-0.011819292,0.025535888000000003
-0.01074481,0.025535888000000003
-0.009670329,0.025670286000000004
-0.008595848,0.025547088000000003
-0.007521367,0.025603088000000003
-0.006446886000000001,0.025692686000000003
-0.005372405,0.025524688
-0.004297924,0.025664686000000003
-0.0032234430000000003,0.025670286000000004
-0.002148962,0.025524688
-0.001074481,0.025681486000000003
0.0,0.025720688000000002
0.001074481,0.025569488
0.002148962,0.025737486000000004
0.0032234430000000003,0.025664686000000003
0.004297924,0.025642286
0.005372405,0.025821486
0.006446886000000001,0.025703886000000002
0.007521367,0.025799088000000005
0.008595848,0.025877486000000005
0.009670329,0.025743088000000004
0.01074481,0.025894286000000002
0.011819292,0.025950286000000003
0.012893773,0.025815886
0.013968254000000001,0.025983884000000002
0.015042735000000002,0.025967086
0.016117215,0.025843886000000003
0.017191696,0.026051084000000002
0.018266178,0.025995084
0.019340658,0.025961486000000002
0.020415140000000002,0.026090286000000004
0.02148962,0.025955886
0.022564102000000003,0.026017484000000004
0.023638584,0.026112686000000003
0.024713064,0.025950286000000003
0.025787546,0.026067886000000002
0.026862028000000003,0.026118284000000002
0.027936508000000002,0.025967086
0.029010988,0.026118284000000002
0.030085470000000003,0.026107084
0.031159950000000002,0.025961486000000002
0.03223443,0.026146284000000002
0.033308912,0.026079086
0.034383392,0.026084684000000004
0.035457876,0.026230286000000002
0.036532356,0.026123884000000003
0.037606836000000005,0.026157484
0.038681316,0.026286284000000004
0.0397558,0.026151886000000003
0.040830280000000004,0.026269484
0.041904764000000004,0.026336684000000003
0.04297924,0.026213484000000002
0.044053724,0.026392684000000003
0.045128204000000005,0.026420684
0.046202684,0.026303084
0.047277168,0.026515882
0.048351648000000004,0.026443084000000002
0.049426128,0.026409484
0.050500608,0.026627884
0.051575092,0.026527082000000004
0.052649572000000006,0.026543884000000004
0.053724056000000006,0.026689482000000004
0.054798532000000004,0.026555084000000003
0.055873016000000005,0.026667082
0.056947496,0.026745482000000004
0.058021976,0.026616684
0.05909646,0.026745482000000004
0.060170940000000006,0.026795882000000004
0.06124542,0.026655882000000002
0.062319900000000004,0.026812682
0.063394384,0.026801482
0.06446886,0.026711882000000003
0.065543348,0.026863082000000003
0.066617824,0.026756682
0.067692312,0.026751082000000002
0.068766784,0.026919082
0.069841264,0.026767882
0.070915752,0.026846282000000003
0.071990232,0.026885482000000002
0.073064712,0.026762282000000002
0.074139192,0.026896682
0.07521367200000001,0.026924680000000003
0.07628816000000001,0.026795882000000004
0.077362632,0.02695828
0.07843712,0.02691348
0.0795116,0.026823882
0.08058607200000001,0.026975082
0.08166056000000001,0.026846282000000003
0.08273504000000001,0.026835082
0.08380952800000001,0.026924680000000003
0.084884,0.026767882
0.08595848,0.026812682
0.087032968,0.026846282000000003
0.088107448,0.026695084
0.08918192800000001,0.026795882000000004
0.09025640800000001,0.026762282000000002
0.09133089600000001,0.026627884
0.092405368,0.026767882
0.093479848,0.026678282000000005
0.094554336,0.026555084000000003
0.095628816,0.026667082
0.09670329600000001,0.026549482000000003
0.09777777600000001,0.026482282000000003
0.098852256,0.026577482000000003
0.099926736,0.026403884000000002
0.101001,0.026426284
0.102075,0.026459882
0.10314999999999999,0.026314284
0.104224,0.026392684000000003
0.10529899999999999,0.026375884000000002
0.106373,0.026213484000000002
0.107448,0.026336684000000003
0.108522,0.026303084
0.109597,0.026174286
0.11067099999999999,0.026297484000000003
0.111746,0.026207886000000003
0.11281999999999999,0.026163086000000002
0.113894,0.026252686000000004
0.11496899999999999,0.026090286000000004
0.116043,0.026151886000000003
0.117118,0.026174286
0.11819199999999999,0.026028684000000003
0.119267,0.026129484
0.12034099999999999,0.026123884000000003
0.121416,0.025939086000000004
0.12248999999999999,0.026056686000000003
0.123565,0.026017484000000004
0.124639,0.025888686000000005
0.125714,0.026000686000000002
0.12678799999999998,0.025911086
0.127863,0.025855086000000003
0.128937,0.025950286000000003
0.130012,0.025793486
0.13108599999999998,0.025793486
0.132161,0.025849486
0.133235,0.025687086
0.13430999999999998,0.025748686000000003
0.135384,0.025754288000000004
0.136459,0.025586286000000003
0.137533,0.025737486000000004
0.13860799999999998,0.025675886000000002
0.139682,0.025541486000000002
0.140757,0.025692686000000003
0.14183099999999998,0.025608686000000002
0.142905,0.025558288000000002
0.14398,0.025681486000000003
0.145054,0.025569488
0.14612899999999998,0.025569488
0.147203,0.025653486
0.148278,0.025524688
0.14935199999999998,0.025625488000000002
0.150427,0.025636688000000005
0.151501,0.025474288
0.152576,0.025625488000000002
0.15364999999999998,0.025586286000000003
0.154725,0.025479888000000003
0.155799,0.025636688000000005
0.15687399999999999,0.025580688
0.157948,0.025513488
0.159023,0.025603088000000003
0.160097,0.025513488
0.16117199999999998,0.025507888000000003
0.162246,0.025597486000000003
0.163321,0.025446288
0.16439499999999999,0.025552686
0.16547,0.025541486000000002
0.166544,0.025401488
0.167619,0.025541486000000002
0.16869299999999998,0.025502288
0.169768,0.025373488000000003
0.170842,0.025530286000000003
0.17191599999999999,0.025491088000000002
0.172991,0.025429488000000004
0.174065,0.025547088000000003
0.17514,0.025468688
0.17621399999999998,0.025457488
0.177289,0.025563886000000004
0.178363,0.025446288
0.179438,0.025524688
0.18051199999999998,0.025580688
0.181587,0.025440688000000003
0.182661,0.025591888000000004
0.18373599999999998,0.025580688
0.18481,0.025457488
0.185885,0.025614288000000002
0.186959,0.025591888000000004
0.18803399999999998,0.025496688000000003
0.189108,0.025659088000000004
0.190183,0.025558288000000002
0.19125699999999998,0.025541486000000002
0.192332,0.025647888000000004
0.193406,0.025513488
0.194481,0.025580688
0.19555499999999998,0.025642286
0.19663,0.025496688000000003
0.197704,0.025619886
0.19877799999999998,0.025591888000000004
0.199853,0.025474288
0.200927,0.025631086
0.202002,0.025563886000000004
0.20307599999999998,0.025474288
0.204151,0.025597486000000003
0.205225,0.025524688
0.20629999999999998,0.025519088000000002
0.207374,0.025608686000000002
0.208449,0.025496688000000003
0.209523,0.025563886000000004
0.21059799999999998,0.025614288000000002
0.211672,0.025502288
0.212747,0.025636688000000005
0.21382099999999998,0.025653486
0.214896,0.025513488
0.21597,0.025692686000000003
0.217045,0.025664686000000003
0.21811899999999998,0.025591888000000004
0.219194,0.025743088000000004
0.220268,0.025659088000000004
0.22134299999999998,0.025653486
0.222417,0.025743088000000004
0.223492,0.025642286
0.224566,0.025709488000000003
0.22564099999999998,0.025782286
0.226715,0.025636688000000005
0.227789,0.025754288000000004
0.22886399999999998,0.025765488000000003
0.22993799999999998,0.025619886
0.231013,0.025787888000000002
0.232087,0.025743088000000004
0.23316199999999998,0.025659088000000004
0.234236,0.025782286
0.235311,0.025709488000000003
0.23638499999999998,0.025681486000000003
0.23745999999999998,0.025787888000000002
0.238534,0.025675886000000002
0.239609,0.025709488000000003
0.24068299999999998,0.025804686
0.241758,0.025675886000000002
0.242832,0.025793486
0.24390699999999998,0.025815886
0.24498099999999998,0.025698288000000003
0.246056,0.025855086000000003
0.24713,0.025821486
0.24820499999999998,0.025737486000000004
0.249279,0.025905486000000002
0.25035399999999997,0.025843886000000003
0.251428,0.025810286
0.252503,0.025927886
0.253577,0.025843886000000003
0.254652,0.025894286000000002
0.255726,0.025972686000000002
0.2568,0.025855086000000003
0.25787499999999997,0.025972686000000002
0.258949,0.025983884000000002
0.260024,0.025860686
0.261098,0.026017484000000004
0.262173,0.025989486000000003
0.263247,0.025894286000000002
0.264322,0.026056686000000003
0.26539599999999997,0.025989486000000003
0.266471,0.025927886
0.267545,0.026051084000000002
0.26861999999999997,0.025955886
0.269694,0.025967086
0.270769,0.026039884000000003
0.271843,0.025922286
0.272918,0.026011886
0.273992,0.026028684000000003
0.275067,0.025922286
0.27614099999999997,0.026056686000000003
0.27721599999999996,0.026028684000000003
0.27829,0.025922286
0.279365,0.026101486000000004
0.280439,0.026039884000000003
0.281514,0.026006284
0.282588,0.026151886000000003
0.283663,0.026067886000000002
0.28473699999999996,0.026090286000000004
0.285811,0.026179884000000004
0.286886,0.026067886000000002
0.28796,0.026151886000000003
0.289035,0.026207886000000003
0.290109,0.026079086
0.291184,0.026207886000000003
0.29225799999999996,0.026219086000000003
0.293333,0.026123884000000003
0.294407,0.026286284000000004
0.29548199999999997,0.026224684000000005
0.296556,0.026179884000000004
0.297631,0.026319884
0.298705,0.026207886000000003
0.29978,0.026213484000000002
0.300854,0.026325484
0.301929,0.026202284000000003
0.30300299999999997,0.026280684000000002
0.30407799999999996,0.026325484
0.305152,0.026191084000000003
0.30622699999999997,0.026319884
0.307301,0.026314284
0.308376,0.026207886000000003
0.30945,0.026387084000000005
0.310525,0.026353484000000003
0.31159899999999996,0.026291884
0.312673,0.026454284
0.31374799999999997,0.026392684000000003
0.314822,0.026426284
0.315897,0.026555084000000003
0.316971,0.026454284
0.318046,0.026527082000000004
0.31911999999999996,0.026571882000000005
0.320195,0.026437482
0.32126899999999997,0.026538282000000003
0.32234399999999996,0.026527082000000004
0.323418,0.026398284
0.324493,0.026571882000000005
0.325567,0.026521484
0.326642,0.026465484
0.327716,0.026611082
0.328791,0.026527082000000004
0.32986499999999996,0.026527082000000004
0.33094,0.026644682000000003
0.332014,0.026521484
0.33308899999999997,0.026594282000000004
0.334163,0.026644682000000003
0.335238,0.026515882
0.336312,0.026644682000000003
0.337387,0.026655882000000002
0.338461,0.026577482000000003
0.339536,0.026756682
0.34060999999999997,0.026661484000000003
0.341684,0.026566284000000003
0.342759,0.026695084
0.343833,0.026627884
0.344908,0.026622282
0.345982,0.026728682
0.347057,0.026627884
0.34813099999999997,0.026700682000000003
0.34920599999999996,0.026767882
0.35028,0.026655882000000002
0.351355,0.026784682000000004
0.352429,0.026790282000000002
0.353504,0.026695084
0.354578,0.026851882000000004
0.355653,0.026829482
0.35672699999999996,0.026734282000000005
0.357802,0.026896682
0.358876,0.026812682
0.35995099999999997,0.026784682000000004
0.361025,0.02690228
0.3621,0.026812682
0.363174,0.026857482000000002
0.364249,0.026930282
0.365323,0.026801482
0.366398,0.026924680000000003
0.36747199999999997,0.026941482
0.368546,0.026812682
0.369621,0.026980680000000003
0.370695,0.026991880000000003
0.37177,0.026935880000000002
0.372844,0.027087080000000003
0.373919,0.027019882000000002
0.37499299999999997,0.026991880000000003
0.37606799999999996,0.027109480000000002
0.377142,0.026991880000000003
0.37821699999999997,0.027047880000000003
0.379291,0.027109480000000002
0.380366,0.026975082
0.38144,0.027092682
0.382515,0.027131880000000004
0.38358899999999996,0.027031080000000002
0.384664,0.027159882000000003
0.38573799999999997,0.027143080000000003
0.38681299999999996,0.027075880000000004
0.387887,0.027221480000000003
0.388962,0.027159882000000003
0.390036,0.027137482
0.391111,0.02726628
0.392185,0.027159882000000003
0.39326,0.02721588
0.39433399999999996,0.027294280000000004
0.39540899999999995,0.027182280000000003
0.396483,0.02726628
0.397557,0.027299880000000002
0.398632,0.02717108
0.399706,0.02732228
0.400781,0.027294280000000004
0.40185499999999996,0.027199080000000004
0.40292999999999995,0.02733908
0.404004,0.027271880000000002
0.40507899999999997,0.02721588
0.406153,0.02733908
0.407228,0.027232680000000002
0.408302,0.027232680000000002
0.409377,0.02732228
0.41045099999999995,0.02717668
0.411526,0.02725508
0.41259999999999997,0.027294280000000004
0.41367499999999996,0.027165480000000002
0.414749,0.02728308
0.41582399999999997,0.027271880000000002
0.416898,0.027165480000000002
0.417973,0.02731108
0.419047,0.02727748
0.420122,0.027221480000000003
0.42119599999999996,0.02733908
0.422271,0.02726628
0.42334499999999997,0.02728308
0.42441999999999996,0.027383880000000003
0.425494,0.027271880000000002
0.426568,0.027350280000000005
0.427643,0.027395080000000002
0.42871699999999996,0.027271880000000002
0.429792,0.02741748
0.43086599999999997,0.027400678
0.43194099999999996,0.02732228
0.433015,0.02747348
0.43409,0.02741748
0.435164,0.027355878
0.436239,0.027518278
0.437313,0.02742868
0.438388,0.02743988
0.43946199999999996,0.02754628
0.44053699999999996,0.027434278000000003
0.441611,0.027523878
0.44268599999999997,0.02759108
0.44376,0.02747348
0.444835,0.027607878000000002
0.445909,0.027624678
0.446984,0.027557480000000002
0.44805799999999996,0.027731078000000003
0.449133,0.027714278000000002
0.45020699999999997,0.027652678000000003
0.45128199999999996,0.027837478000000002
0.452356,0.027803878000000004
0.45343,0.027815078000000003
0.454505,0.027960676
0.45557899999999996,0.027899076000000002
0.456654,0.028011078000000005
0.45772799999999997,0.028106276000000003
0.45880299999999996,0.028011078000000005
0.459877,0.028190276
0.460952,0.028240676000000003
0.462026,0.028179076
0.463101,0.028391876
0.464175,0.028408674000000002
0.46525,0.028375074
0.46632399999999996,0.028571074000000002
0.46739899999999995,0.028571074000000002
0.468473,0.028593474
0.46954799999999997,0.028795072000000005
0.470622,0.028755874
0.471697,0.028873472
0.472771,0.029047072
0.473846,0.028985474000000004
0.47491999999999995,0.029192670000000004
0.475995,0.029299072000000002
0.47706899999999997,0.029265472000000004
0.47814399999999996,0.029517470000000004
0.479218,0.029579070000000002
0.48029299999999997,0.029590270000000002
0.481367,0.029898268
0.48244099999999995,0.029948666000000006
0.483516,0.030038266
0.48458999999999997,0.030312668
0.48566499999999996,0.030368666000000006
0.486739,0.030553466000000005
0.48781399999999997,0.030805463999999998
0.488888,0.030855862000000005
0.489963,0.031130264
0.491037,0.031354262
0.492112,0.031415862
0.49318599999999996,0.03177426
0.49426099999999995,0.03195346
0.49533499999999997,0.032071058
0.49640999999999996,0.03247425600000001
0.497484,0.032631058000000004
0.498559,0.032838256
0.499633,0.033235854
0.5007079999999999,0.033409454000000005
0.501782,0.033717452
0.502857,0.034103848000000006
0.503931,0.034277448
0.505006,0.034686244000000005
0.50608,0.035044648
0.507155,0.035263044
0.5082289999999999,0.035761444
0.509304,0.036086244
0.510378,0.036349440000000004
0.511452,0.036909436000000004
0.512527,0.037245436
0.513601,0.037615036000000004
0.514676,0.038197431999999996
0.5157499999999999,0.038583832000000005
0.516825,0.039048628
0.517899,0.039636624
0.5189739999999999,0.04000622400000001
0.520048,0.04060542
0.521123,0.041176620000000004
0.522197,0.041579816
0.523272,0.042291012
0.524346,0.042834212
0.525421,0.043321412000000004
0.5264949999999999,0.044071808000000004
0.52757,0.04462060400000001
0.528644,0.04515820400000001
0.5297189999999999,0.045919796000000006
0.530793,0.046462996
0.531868,0.047073392000000006
0.532942,0.04781819200000001
0.534017,0.048271788
0.535091,0.04892698400000001
0.5361659999999999,0.04957658000000001
0.5372399999999999,0.049437284000000005
0.538314,0.049765404000000006
0.539389,0.05085914800000001
0.540463,0.05129664800000001
0.541538,0.052171644
0.542612,0.05337476
0.5436869999999999,0.05359351200000001
0.5447609999999999,0.05501538
0.545836,0.05599975200000001
0.54691,0.056218500000000005
0.5479849999999999,0.057749744
0.549059,0.05862474000000001
0.550134,0.059171612000000005
0.5512079999999999,0.060702856000000006
0.552283,0.061359104000000005
0.553357,0.062234096
0.5544319999999999,0.06365596800000001
0.5555059999999999,0.06420284000000001
0.556581,0.06540596000000001
0.557655,0.066609076
0.55873,0.06704658000000001
0.559804,0.06857782400000001
0.560879,0.069780936
0.5619529999999999,0.07021843200000001
0.563028,0.07174968000000001
0.564102,0.07295280000000001
0.5651769999999999,0.073390296
0.566251,0.07514029600000001
0.567326,0.07601528800000001
0.5684,0.07689028
0.5694739999999999,0.07853090400000001
0.570549,0.07907777600000002
0.571623,0.08039026400000002
0.5726979999999999,0.08181213600000001
0.573772,0.08235900800000001
0.574847,0.083890248
0.575921,0.085202752
0.576996,0.08585899200000001
0.57807,0.087499616
0.579145,0.08859336000000001
0.5802189999999999,0.089358976
0.581294,0.09110897600000001
0.582368,0.09209334400000001
0.5834429999999999,0.092968336
0.584517,0.09471832800000002
0.585592,0.09559332800000002
0.586666,0.096905824
0.587741,0.098437064
0.588815,0.09920268800000001
0.58989,0.10073299999999999
0.5909639999999999,0.102265
0.592039,0.102921
0.593113,0.104671
0.5941879999999999,0.10609299999999999
0.595262,0.10685800000000001
0.596336,0.108608
0.597411,0.109812
0.5984849999999999,0.11079599999999999
0.59956,0.112655
0.600634,0.11374899999999999
0.6017089999999999,0.115061
0.602783,0.116811
0.603858,0.117577
0.604932,0.11943599999999999
0.606007,0.12107699999999999
0.607081,0.12184299999999999
0.6081559999999999,0.12381099999999999
0.6092299999999999,0.12534299999999998
0.610305,0.126218
0.611379,0.128296
0.6124539999999999,0.129718
0.613528,0.13092099999999998
0.614603,0.13288999999999998
0.6156769999999999,0.134202
0.616752,0.135624
0.617826,0.137702
0.6189009999999999,0.138796
0.6199749999999999,0.14065499999999997
0.62105,0.142514
0.622124,0.14360799999999999
0.6231979999999999,0.14579599999999998
0.624273,0.147655
0.625347,0.148749
0.6264219999999999,0.15104599999999999
0.6274959999999999,0.152796
0.628571,0.154108
0.629645,0.15662399999999999
0.63072,0.158155
0.631794,0.159905
0.632869,0.162311
0.6339429999999999,0.163733
0.635018,0.16581100000000001
0.636092,0.16810799999999998
0.6371669999999999,0.16953
0.638241,0.17193599999999998
0.639316,0.174233
0.64039,0.17576399999999998
0.641465,0.178389
0.642539,0.180577
0.643614,0.182327
0.6446879999999999,0.185061
0.645763,0.18703
0.646837,0.189217
0.6479119999999999,0.19206099999999998
0.648986,0.193921
0.650061,0.196327
0.651135,0.19927999999999998
0.6522089999999999,0.20103
0.653284,0.204202
0.654358,0.206827
0.6554329999999999,0.20879499999999998
0.656507,0.21196700000000002
0.657582,0.21470199999999998
0.658656,0.216889
0.659731,0.22017
0.660805,0.222795
0.66188,0.225311
0.6629539999999999,0.22870200000000002
0.664029,0.23132699999999998
0.665103,0.234389
0.6661779999999999,0.23778
0.667252,0.24018599999999998
0.668327,0.243795
0.669401,0.247077
0.670476,0.249592
0.67155,0.25342
0.6726249999999999,0.256811
0.6736989999999999,0.259436
0.674774,0.263483
0.675848,0.266764
0.6769229999999999,0.26982599999999995
0.677997,0.274092
0.679072,0.277264
0.6801459999999999,0.280873
0.6812199999999999,0.284811
0.682295,0.28809199999999996
0.683369,0.292139
0.6844439999999999,0.296295
0.685518,0.299467
0.686593,0.303842
0.6876669999999999,0.307998
0.688742,0.311498
0.689816,0.316092
0.6908909999999999,0.320248
0.6919649999999999,0.324076
0.69304,0.32867
0.694114,0.332717
0.695189,0.336982
0.696263,0.34190400000000004
0.697338,0.34562299999999996
0.6984119999999999,0.350545
0.699487,0.35546700000000003
0.700561,0.359185
0.7016359999999999,0.36443499999999995
0.70271,0.369357
0.703785,0.373295
0.704859,0.378763
0.705934,0.383357
0.707008,0.38806
0.708083,0.39352899999999996
0.7091569999999999,0.398232
0.710231,0.403045
0.711306,0.408623
0.71238,0.413107
0.713455,0.41857599999999995
0.714529,0.424263
0.715604,0.428529
0.7166779999999999,0.434326
0.717753,0.439794
0.718827,0.444498
0.7199019999999999,0.450513
0.720976,0.455763
0.722051,0.460685
0.723125,0.46681
0.7242,0.47206
0.725274,0.477201
0.726349,0.48310699999999995
0.7274229999999999,0.488138
0.728498,0.493825
0.729572,0.499622
0.7306469999999999,0.504435
0.731721,0.510232
0.732796,0.516138
0.7338699999999999,0.520732
0.734945,0.526966
0.736019,0.532544
0.737093,0.5372469999999999
0.7381679999999999,0.5433720000000001
0.739242,0.548841
0.740317,0.5538719999999999
0.7413909999999999,0.559888
0.742466,0.564809
0.74354,0.5701689999999999
0.7446149999999999,0.575966
0.7456889999999999,0.580669
0.746764,0.5861379999999999
0.747838,0.591716
0.7489129999999999,0.5960909999999999
0.749987,0.601778
0.751062,0.607028
0.7521359999999999,0.6114029999999999
0.753211,0.617091
0.754285,0.621903
0.7553599999999999,0.6260589999999999
0.7564339999999999,0.631856
0.757509,0.6360119999999999
0.758583,0.6407149999999999
0.7596579999999999,0.645747
0.760732,0.649465
0.761807,0.654168
0.7628809999999999,0.6589809999999999
0.7639549999999999,0.662481
0.76503,0.667075
0.766104,0.6713399999999999
0.7671789999999999,0.6744030000000001
0.768253,0.6789959999999999
0.769328,0.682606
0.7704019999999999,0.685668
0.771477,0.690043
0.772551,0.6931059999999999
0.7736259999999999,0.696059
0.7746999999999999,0.699996
0.775775,0.702403
0.776849,0.7055750000000001
0.777924,0.7088559999999999
0.778998,0.710824
0.780073,0.713887
0.7811469999999999,0.7165119999999999
0.782222,0.718043
0.783296,0.720996
0.7843709999999999,0.722965
0.785445,0.7241679999999999
0.78652,0.726684
0.787594,0.727996
0.788669,0.729199
0.789743,0.731278
0.7908179999999999,0.732043
0.7918919999999999,0.733356
0.792967,0.7347769999999999
0.794041,0.7347769999999999
0.795115,0.7358709999999999
0.79619,0.736746
0.797264,0.736309
0.7983389999999999,0.737074
0.7994129999999999,0.737184
0.800488,0.736637
0.801562,0.737184
0.8026369999999999,0.736309
0.803711,0.735762
0.804786,0.735652
0.8058599999999999,0.734449
0.806935,0.7336839999999999
0.808009,0.7332460000000001
0.8090839999999999,0.7311679999999999
0.8101579999999999,0.730403
0.811233,0.729418
0.812307,0.727231
0.8133819999999999,0.726356
0.814456,0.724606
0.815531,0.721981
0.8166049999999999,0.720996
0.81768,0.7188089999999999
0.818754,0.716293
0.8198289999999999,0.714762
0.8209029999999999,0.7119179999999999
0.821978,0.709403
0.823052,0.707543
0.8241259999999999,0.7041529999999999
0.825201,0.701965
0.826275,0.699778
0.8273499999999999,0.696168
0.8284239999999999,0.693762
0.829499,0.6912459999999999
0.830573,0.687528
0.8316479999999999,0.68534
0.832722,0.6820590000000001
0.833797,0.678559
0.8348709999999999,0.676043
0.835946,0.6726530000000001
0.83702,0.669153
0.8380949999999999,0.666418
0.8391689999999999,0.662481
0.840244,0.659528
0.841318,0.6566839999999999
0.842393,0.652637
0.843467,0.649903
0.844542,0.646731
0.8456159999999999,0.642684
0.846691,0.63984
0.847765,0.636559
0.8488399999999999,0.632731
0.849914,0.630215
0.850988,0.626387
0.852063,0.622887
0.8531369999999999,0.6200439999999999
0.854212,0.616216
0.855286,0.613153
0.8563609999999999,0.610419
0.857435,0.6064809999999999
0.85851,0.603637
0.859584,0.600903
0.860659,0.596966
0.861733,0.59445
0.8628079999999999,0.5913879999999999
0.8638819999999999,0.587669
0.864957,0.585153
0.866031,0.581981
0.8671059999999999,0.5787
0.86818,0.5765129999999999
0.869255,0.572903
0.8703289999999999,0.5701689999999999
0.871404,0.567981
0.872478,0.564263
0.8735529999999999,0.561856
0.8746269999999999,0.559778
0.875702,0.556388
0.876776,0.554528
0.8778499999999999,0.5519029999999999
0.878925,0.548731
0.879999,0.547091
0.8810739999999999,0.5444659999999999
0.8821479999999999,0.541841
0.883223,0.5402
0.884297,0.537466
0.8853719999999999,0.5356069999999999
0.886446,0.533638
0.887521,0.5310130000000001
0.8885949999999999,0.5293720000000001
0.88967,0.5279499999999999
0.890744,0.5249969999999999
0.8918189999999999,0.5240130000000001
0.8928929999999999,0.522153
0.893968,0.520075
0.895042,0.518872
0.8961169999999999,0.517232
0.897191,0.5153719999999999
0.898266,0.5147160000000001
0.8993399999999999,0.512747
0.900415,0.511435
0.901489,0.51056
0.9025639999999999,0.50881
0.9036379999999999,0.5080439999999999
0.904713,0.507388
0.905787,0.5056379999999999
0.9068609999999999,0.50531
0.907936,0.504435
0.90901,0.503013
0.9100849999999999,0.503013
0.9111589999999999,0.501919
0.912234,0.5009349999999999
0.913308,0.501154
0.914383,0.500278
0.915457,0.49994999999999995
0.916532,0.49994999999999995
0.9176059999999999,0.498857
0.918681,0.498966
0.919755,0.499513
0.9208299999999999,0.49852900000000006
0.921904,0.498966
0.922979,0.49918500000000005
0.924053,0.49841899999999995
0.925128,0.499513
0.926202,0.499622
0.9272769999999999,0.49940400000000007
0.9283509999999999,0.500607
0.929426,0.500607
0.9305,0.501044
0.9315749999999999,0.502247
0.932649,0.502138
0.933724,0.503232
0.9347979999999999,0.504435
0.9358719999999999,0.504435
0.936947,0.5060749999999999
0.938021,0.507169
0.9390959999999999,0.5074970000000001
0.94017,0.509575
0.941245,0.510669
0.9423189999999999,0.5115439999999999
0.943394,0.513622
0.944468,0.5147160000000001
0.9455429999999999,0.516138
0.9466169999999999,0.518435
0.947692,0.51931
0.948766,0.521278
0.9498409999999999,0.523794
0.950915,0.524778
0.95199,0.527403
0.9530639999999999,0.52981
0.954139,0.531122
0.955213,0.5342939999999999
0.9562879999999999,0.5368099999999999
0.9573619999999999,0.5386690000000001
0.958437,0.5419499999999999
0.959511,0.544356
0.9605859999999999,0.546763
0.96166,0.550263
0.962735,0.552778
0.9638089999999999,0.55606
0.9648829999999999,0.559669
0.965958,0.562294
0.967032,0.565903
0.9681069999999999,0.570059
0.969181,0.572684
0.970256,0.5771689999999999
0.9713299999999999,0.581216
0.972405,0.5841689999999999
0.973479,0.5890909999999999
0.9745539999999999,0.593247
0.9756279999999999,0.5971839999999999
0.976703,0.602325
0.977777,0.6061529999999999
0.9788519999999999,0.611075
0.979926,0.616434
0.9810009999999999,0.6204810000000001
0.9820749999999999,0.6260589999999999
0.98315,0.631637
0.984224,0.6360119999999999
0.9852989999999999,0.642356
0.9863729999999999,0.648372
0.987448,0.653403
0.9885219999999999,0.659965
0.989597,0.665653
0.990671,0.671559
0.991745,0.678778
0.9928199999999999,0.684684
0.9938939999999999,0.691575
0.994969,0.699012
0.9960429999999999,0.705137
0.997118,0.713012
0.998192,0.7207779999999999
0.9992669999999999,0.727231
1.000341,0.735652
1.0014159999999999,0.743418
1.0024899999999999,0.750637
1.003565,0.7596050000000001
1.004639,0.767918
1.005714,0.7760119999999999
1.006788,0.785418
1.007863,0.79384
1.008937,0.80259
1.010012,0.812652
1.011086,0.820965
1.0121609999999999,0.831136
1.0132349999999999,0.841527
1.01431,0.850386
1.015384,0.861105
1.016459,0.871714
1.017533,0.881449
1.018608,0.893042
1.019682,0.903652
1.020756,0.913933
1.021831,0.92662
1.022905,0.937339
1.02398,0.948933
1.025054,0.9616199999999999
1.0261289999999998,0.973214
1.0272029999999999,0.985464
1.028278,0.998589
1.029352,1.0099639999999999
1.030427,1.0239639999999999
1.031501,1.037526
1.032576,1.049339
1.03365,1.064432
1.034725,1.077995
1.035799,1.091338
1.0368739999999999,1.107088
1.0379479999999999,1.12087
1.039023,1.1353069999999998
1.040097,1.150838
1.041172,1.165276
1.042246,1.1814630000000002
1.043321,1.1976499999999999
1.044395,1.212307
1.04547,1.229369
1.046544,1.246213
1.047618,1.261963
1.0486929999999999,1.2796809999999998
1.049767,1.2965250000000001
1.050842,1.3131499999999998
1.0519159999999999,1.3324
1.052991,1.3498999999999999
1.054065,1.367837
1.05514,1.387525
1.056214,1.405243
1.057289,1.425149
1.058363,1.445274
1.0594379999999999,1.463649
1.060512,1.483993
1.061587,1.504993
1.0626609999999999,1.524461
1.063736,1.5463360000000002
1.06481,1.567774
1.065885,1.5887740000000001
1.066959,1.612617
1.068034,1.634055
1.069108,1.656148
1.0701829999999999,1.679992
1.071257,1.702523
1.0723319999999998,1.726586
1.0734059999999999,1.751523
1.074481,1.77471
1.075555,1.8005229999999999
1.076629,1.8258979999999998
1.077704,1.850398
1.078778,1.87796
1.079853,1.903772
1.080927,1.930022
1.082002,1.959553
1.083076,1.987116
1.0841509999999999,2.014678
1.0852249999999999,2.044428
1.0863,2.0728649999999997
1.0873739999999998,2.1026149999999997
1.088449,2.134552
1.089523,2.163865
1.090598,2.1940519999999997
1.091672,2.1673649999999998
1.092747,2.1485529999999997
1.093821,2.14024
1.0948959999999999,2.1244899999999998
1.0959699999999999,2.116178
1.097045,2.11049
1.0981189999999998,2.096928
1.099194,2.09124
1.100268,2.084678
1.101343,2.0715529999999998
1.102417,2.0684899999999997
1.103492,2.060178
1.104566,2.048803
1.1056409999999999,2.0466149999999996
1.106715,2.035678
1.107789,2.026928
1.1088639999999998,2.02474
1.1099379999999999,2.013803
1.111013,2.00724
1.112087,2.0037399999999996
1.113162,1.992366
1.114236,1.9879909999999998
1.115311,1.983178
1.116385,1.9718029999999998
1.11746,1.9700529999999998
1.118534,1.9630530000000002
1.1196089999999999,1.9529910000000001
1.1206829999999999,1.951678
1.121758,1.9433659999999997
1.122832,1.9354909999999999
1.123907,1.934178
1.124981,1.924116
1.126056,1.9193029999999998
1.12713,1.9171159999999998
1.128205,1.9070529999999999
1.129279,1.903554
1.1303539999999999,1.899179
1.1314279999999999,1.889991
1.132503,1.8886789999999998
1.133577,1.882991
1.134652,1.874241
1.135726,1.874241
1.1368,1.866804
1.137875,1.859366
1.138949,1.8598039999999998
1.140024,1.851054
1.141098,1.8458039999999998
1.1421729999999999,1.8458039999999998
1.143247,1.836179
1.1443219999999998,1.833554
1.1453959999999999,1.831366
1.146471,1.822179
1.147545,1.8217409999999998
1.14862,1.8169289999999998
1.149694,1.808179
1.150769,1.809054
1.151843,1.8029289999999998
1.1529179999999999,1.796367
1.153992,1.797241
1.1550669999999998,1.7893659999999998
1.1561409999999999,1.7854290000000002
1.157216,1.7854290000000002
1.15829,1.7771169999999998
1.159365,1.774492
1.160439,1.7731789999999998
1.161514,1.764429
1.162588,1.764429
1.163663,1.760492
1.164737,1.753054
1.165811,1.754367
1.1668859999999999,1.7486789999999999
1.1679599999999999,1.7425540000000002
1.169035,1.7438669999999998
1.1701089999999998,1.736867
1.171184,1.732492
1.172258,1.7333669999999999
1.173333,1.725492
1.174407,1.723742
1.175482,1.722867
1.176556,1.7149919999999998
1.1776309999999999,1.7149919999999998
1.178705,1.711929
1.17978,1.7053669999999999
1.1808539999999998,1.706242
1.181929,1.7014289999999999
1.183003,1.695742
1.184078,1.697492
1.185152,1.691367
1.186227,1.68743
1.187301,1.688742
1.1883759999999999,1.682179
1.18945,1.679555
1.190525,1.679555
1.1915989999999999,1.6721169999999999
1.1926729999999999,1.6721169999999999
1.193748,1.6703670000000002
1.194822,1.663367
1.195897,1.66468
1.196971,1.660742
1.198046,1.655492
1.19912,1.6572419999999999
1.200195,1.651555
1.201269,1.648055
1.2023439999999999,1.649805
1.2034179999999999,1.6432419999999999
1.204493,1.6414920000000002
1.205567,1.642367
1.206642,1.635367
1.207716,1.635367
1.208791,1.634492
1.209865,1.627492
1.21094,1.6292419999999999
1.212014,1.62618
1.2130889999999999,1.620492
1.2141629999999999,1.6226800000000001
1.215238,1.617867
1.2163119999999998,1.613492
1.217387,1.6161169999999998
1.218461,1.609555
1.219535,1.607367
1.22061,1.60868
1.221684,1.602117
1.222759,1.60168
1.223833,1.6012419999999998
1.2249079999999999,1.59468
1.225982,1.59643
1.2270569999999998,1.593367
1.2281309999999999,1.588117
1.229206,1.5907419999999999
1.23028,1.5863669999999999
1.231355,1.5819929999999998
1.232429,1.584617
1.233504,1.57893
1.234578,1.5767419999999999
1.235653,1.578492
1.236727,1.571493
1.2378019999999998,1.5719299999999998
1.2388759999999999,1.571493
1.239951,1.565368
1.241025,1.567117
1.2421,1.5644930000000001
1.243174,1.558805
1.244249,1.5614299999999999
1.245323,1.5579299999999998
1.246397,1.553555
1.247472,1.55618
1.248546,1.5509300000000001
1.2496209999999999,1.548305
1.250695,1.5509300000000001
1.25177,1.544368
1.2528439999999998,1.54393
1.253919,1.544805
1.254993,1.53868
1.256068,1.5395549999999998
1.257142,1.538243
1.258217,1.532993
1.259291,1.536055
1.2603659999999999,1.532555
1.26144,1.5281799999999999
1.262515,1.531243
1.2635889999999999,1.525993
1.264664,1.523805
1.265738,1.52643
1.266813,1.520305
1.267887,1.520305
1.268962,1.520743
1.270036,1.514618
1.2711109999999999,1.51593
1.272185,1.515055
1.273259,1.509805
1.2743339999999999,1.511993
1.2754079999999999,1.509368
1.276483,1.504555
1.2775569999999998,1.5076180000000001
1.278632,1.50368
1.279706,1.500618
1.280781,1.50368
1.281855,1.497993
1.28293,1.4966799999999998
1.284004,1.49843
1.2850789999999999,1.492743
1.2861529999999999,1.4936180000000001
1.287228,1.49318
1.2883019999999998,1.48793
1.289377,1.490555
1.290451,1.48793
1.291526,1.483555
1.2926,1.486618
1.293675,1.482243
1.294749,1.4800550000000001
1.2958239999999999,1.4826799999999998
1.2968979999999999,1.476993
1.297973,1.476118
1.2990469999999998,1.477868
1.300122,1.47218
1.301196,1.47393
1.30227,1.473055
1.303345,1.4678049999999998
1.304419,1.47043
1.305494,1.468243
1.306568,1.463868
1.3076429999999999,1.4673679999999998
1.308717,1.462993
1.3097919999999998,1.460806
1.3108659999999999,1.463868
1.311941,1.458618
1.313015,1.457743
1.31409,1.459493
1.315164,1.453806
1.316239,1.454681
1.317313,1.455118
1.318388,1.4494310000000001
1.319462,1.4524929999999998
1.3205369999999998,1.4507430000000001
1.3216109999999999,1.445931
1.322686,1.4498680000000002
1.32376,1.445931
1.324835,1.442868
1.325909,1.445931
1.326984,1.4415559999999998
1.328058,1.440243
1.329133,1.442431
1.330207,1.4371809999999998
1.331281,1.4376179999999998
1.3323559999999999,1.438056
1.33343,1.432806
1.3345049999999998,1.434993
1.3355789999999998,1.434118
1.336654,1.428868
1.337728,1.431931
1.338803,1.428868
1.339877,1.426243
1.340952,1.429306
1.342026,1.424931
1.3431009999999999,1.422743
1.344175,1.425806
1.3452499999999998,1.419681
1.3463239999999999,1.417056
1.347399,1.418368
1.348473,1.415306
1.349548,1.413556
1.350622,1.413993
1.351697,1.410493
1.352771,1.4087429999999999
1.3538459999999999,1.4087429999999999
1.35492,1.405681
1.3559949999999998,1.404806
1.3570689999999999,1.404368
1.358144,1.401306
1.359218,1.401306
1.360293,1.399993
1.361367,1.396931
1.362441,1.397368
1.363516,1.395181
1.36459,1.3929930000000001
1.365665,1.3929930000000001
1.366739,1.390368
1.3678139999999999,1.389056
1.3688879999999999,1.389056
1.369963,1.385993
1.3710369999999998,1.3851179999999998
1.372112,1.3851179999999998
1.373186,1.382056
1.374261,1.382056
1.375335,1.3807429999999998
1.37641,1.3776810000000002
1.377484,1.378118
1.3785589999999999,1.376368
1.3796329999999999,1.3746180000000001
1.380708,1.3746180000000001
1.3817819999999998,1.371993
1.382857,1.371118
1.383931,1.370681
1.385006,1.368056
1.38608,1.367618
1.387155,1.3667429999999998
1.388229,1.3636810000000001
1.3893039999999999,1.3636810000000001
1.390378,1.362806
1.3914529999999998,1.360181
1.3925269999999998,1.360618
1.3936009999999999,1.358868
1.394676,1.356681
1.39575,1.356681
1.396825,1.354493
1.397899,1.353181
1.398974,1.3527429999999998
1.400048,1.3509939999999998
1.401123,1.3501180000000002
1.402197,1.349681
1.4032719999999999,1.347056
1.4043459999999999,1.346618
1.405421,1.346181
1.4064949999999998,1.343119
1.40757,1.343119
1.408644,1.341806
1.409719,1.339619
1.410793,1.3404939999999999
1.411868,1.337869
1.412942,1.336994
1.4140169999999999,1.336994
1.4150909999999999,1.333931
1.416166,1.333931
1.4172399999999998,1.3334940000000002
1.418315,1.330869
1.419389,1.330869
1.420463,1.3299940000000001
1.421538,1.327806
1.422612,1.327806
1.423687,1.3269309999999999
1.424761,1.323869
1.4258359999999999,1.324744
1.42691,1.322994
1.4279849999999998,1.3216809999999999
1.4290589999999999,1.3216809999999999
1.430134,1.319056
1.431208,1.318619
1.432283,1.318181
1.433357,1.315994
1.434432,1.315994
1.435506,1.315119
1.4365809999999999,1.312931
1.437655,1.312931
1.4387299999999998,1.312056
1.4398039999999999,1.309431
1.440879,1.309869
1.441953,1.3081189999999998
1.443028,1.306369
1.444102,1.306806
1.445177,1.304619
1.446251,1.303744
1.447325,1.303744
1.4484,1.301556
1.449474,1.301119
1.4505489999999999,1.301119
1.4516229999999999,1.2980559999999999
1.452698,1.298494
1.4537719999999998,1.297181
1.454847,1.295431
1.455921,1.295869
1.456996,1.2936809999999999
1.45807,1.292806
1.459145,1.292806
1.460219,1.2906190000000002
1.4612939999999999,1.290181
1.462368,1.290181
1.4634429999999998,1.287556
1.4645169999999998,1.287556
1.465592,1.287556
1.466666,1.284931
1.467741,1.285369
1.468815,1.2840559999999999
1.46989,1.282306
1.470964,1.2827439999999999
1.4720389999999999,1.280994
1.473113,1.2792439999999998
1.474187,1.2796809999999998
1.4752619999999999,1.277931
1.4763359999999999,1.276619
1.477411,1.277056
1.4784849999999998,1.274869
1.47956,1.274869
1.480634,1.274431
1.481709,1.272244
1.482783,1.272681
1.483858,1.271806
1.484932,1.269619
1.4860069999999999,1.270056
1.4870809999999999,1.2687439999999999
1.488156,1.266556
1.4892299999999998,1.266994
1.490305,1.2652439999999998
1.491379,1.2643689999999999
1.492454,1.2643689999999999
1.493528,1.262619
1.494603,1.262181
1.495677,1.262181
1.4967519999999999,1.259994
1.4978259999999999,1.260431
1.498901,1.2595560000000001
1.4999749999999998,1.257369
1.498901,1.257369
1.4978259999999999,1.256494
1.4967519999999999,1.254744
1.495677,1.2551809999999999
1.494603,1.253431
1.493528,1.252994
1.492454,1.252994
1.491379,1.2508059999999999
1.490305,1.2503689999999998
1.4892299999999998,1.2503689999999998
1.488156,1.248182
1.4870809999999999,1.248619
1.4860069999999999,1.247744
1.484932,1.245556
1.483858,1.246431
1.482783,1.244681
1.481709,1.242931
1.480634,1.243806
1.47956,1.242057
1.4784849999999998,1.240744
1.477411,1.240744
1.4763359999999999,1.239431
1.4752619999999999,1.238556
1.474187,1.238994
1.473113,1.2368059999999998
1.4720389999999999,1.2368059999999998
1.470964,1.2363689999999998
1.46989,1.234182
1.468815,1.234619
1.467741,1.233744
1.466666,1.231994
1.465592,1.232432
1.4645169999999998,1.231119
1.4634429999999998,1.229807
1.462368,1.2302440000000001
1.4612939999999999,1.228494
1.460219,1.228057
1.459145,1.228057
1.45807,1.2258689999999999
1.456996,1.2258689999999999
1.455921,1.2258689999999999
1.454847,1.223682
1.4537719999999998,1.224119
1.452698,1.223244
1.4516229999999999,1.2214939999999999
1.4505489999999999,1.2223689999999998
1.449474,1.220619
1.4484,1.219744
1.447325,1.219744
1.446251,1.217994
1.445177,1.217557
1.444102,1.217557
1.443028,1.215807
1.441953,1.215807
1.440879,1.215807
1.4398039999999999,1.213619
1.4387299999999998,1.214057
1.437655,1.213182
1.4365809999999999,1.211432
1.435506,1.211869
1.434432,1.2105569999999999
1.433357,1.209682
1.432283,1.210119
1.431208,1.207932
1.430134,1.2074939999999998
1.4290589999999999,1.208369
1.4279849999999998,1.2061819999999999
1.42691,1.2061819999999999
1.4258359999999999,1.2061819999999999
1.424761,1.203994
1.423687,1.204432
1.422612,1.2035569999999998
1.421538,1.2013690000000001
1.420463,1.201807
1.419389,1.200932
1.418315,1.199619
1.4172399999999998,1.200057
1.416166,1.199182
1.4150909999999999,1.198307
1.4140169999999999,1.198307
1.412942,1.196557
1.411868,1.196119
1.410793,1.196119
1.409719,1.194369
1.408644,1.194369
1.40757,1.193932
1.4064949999999998,1.1921819999999999
1.405421,1.1926189999999999
1.4043459999999999,1.191744
1.4032719999999999,1.190432
1.402197,1.191307
1.401123,1.189557
1.400048,1.1886819999999998
1.398974,1.189119
1.397899,1.186932
1.396825,1.186932
1.39575,1.186932
1.394676,1.184744
1.3936009999999999,1.185182
1.3925269999999998,1.184744
1.3914529999999998,1.182557
1.390378,1.183432
1.3893039999999999,1.182557
1.388229,1.181244
1.387155,1.181682
1.38608,1.180807
1.385006,1.179494
1.383931,1.179932
1.382857,1.1786189999999999
1.3817819999999998,1.1786189999999999
1.380708,1.1786189999999999
1.3796329999999999,1.176432
1.3785589999999999,1.176432
1.377484,1.175994
1.37641,1.174244
1.375335,1.1746819999999998
1.374261,1.174244
1.373186,1.1724940000000001
1.372112,1.172932
1.3710369999999998,1.1720570000000001
1.369963,1.171182
1.3688879999999999,1.171182
1.3678139999999999,1.169432
1.366739,1.169432
1.365665,1.169432
1.36459,1.1676819999999999
1.363516,1.167244
1.362441,1.167244
1.361367,1.165494
1.360293,1.166369
1.359218,1.165494
1.358144,1.1641819999999998
1.3570689999999999,1.1646189999999998
1.3559949999999998,1.1633069999999999
1.35492,1.162432
1.3538459999999999,1.1633069999999999
1.352771,1.161557
1.351697,1.1611189999999998
1.350622,1.1611189999999998
1.349548,1.1598069999999998
1.348473,1.159369
1.347399,1.159369
1.3463239999999999,1.157619
1.3452499999999998,1.1580570000000001
1.344175,1.1571820000000002
1.3431009999999999,1.155432
1.342026,1.156744
1.340952,1.155432
1.339877,1.154557
1.338803,1.154994
1.337728,1.153244
1.336654,1.152807
1.3355789999999998,1.152807
1.3345049999999998,1.151057
1.33343,1.151057
1.3323559999999999,1.151057
1.331281,1.1493069999999999
1.330207,1.1497439999999999
1.329133,1.1497439999999999
1.328058,1.147557
1.326984,1.148432
1.325909,1.147557
1.324835,1.1462439999999998
1.32376,1.1471189999999998
1.322686,1.145369
1.3216109999999999,1.144932
1.3205369999999998,1.144932
1.319462,1.1431820000000001
1.318388,1.143619
1.317313,1.143619
1.316239,1.141869
1.315164,1.141869
1.31409,1.141869
1.313015,1.139682
1.311941,1.140557
1.3108659999999999,1.139682
1.3097919999999998,1.138369
1.308717,1.139244
1.3076429999999999,1.137932
1.306568,1.137494
1.305494,1.137932
1.304419,1.136182
1.303345,1.1357439999999999
1.30227,1.136182
1.301196,1.133994
1.300122,1.1344319999999999
1.2990469999999998,1.1344319999999999
1.297973,1.132682
1.2968979999999999,1.133557
1.2958239999999999,1.1322439999999998
1.294749,1.131369
1.293675,1.1318069999999998
1.2926,1.1304949999999998
1.291526,1.1296190000000002
1.290451,1.130057
1.289377,1.128307
1.2883019999999998,1.128745
1.287228,1.128307
1.2861529999999999,1.126557
1.2850789999999999,1.127432
1.284004,1.126995
1.28293,1.125682
1.281855,1.125682
1.280781,1.125245
1.279706,1.123932
1.278632,1.12437
1.2775569999999998,1.123057
1.276483,1.122182
1.2754079999999999,1.12262
1.2743339999999999,1.12087
1.273259,1.121307
1.272185,1.121307
1.2711109999999999,1.119557
1.270036,1.1199949999999999
1.268962,1.1199949999999999
1.267887,1.118245
1.266813,1.118682
1.265738,1.117807
1.264664,1.1164949999999998
1.2635889999999999,1.11737
1.262515,1.1156199999999998
1.26144,1.1151820000000001
1.2603659999999999,1.1156199999999998
1.259291,1.1143070000000002
1.258217,1.1138700000000001
1.257142,1.1143070000000002
1.256068,1.112557
1.254993,1.112557
1.253919,1.112557
1.2528439999999998,1.110807
1.25177,1.111682
1.250695,1.110807
1.2496209999999999,1.109495
1.248546,1.11037
1.247472,1.109057
1.246397,1.108182
1.245323,1.109057
1.244249,1.107307
1.243174,1.10687
1.2421,1.107745
1.241025,1.1059949999999998
1.239951,1.1059949999999998
1.2388759999999999,1.1059949999999998
1.2378019999999998,1.104245
1.236727,1.104682
1.235653,1.104682
1.234578,1.102495
1.233504,1.103807
1.232429,1.102495
1.231355,1.101182
1.23028,1.102495
1.229206,1.101182
1.2281309999999999,1.100745
1.2270569999999998,1.101182
1.225982,1.098995
1.2249079999999999,1.098995
1.223833,1.099432
1.222759,1.097682
1.221684,1.09812
1.22061,1.097682
1.219535,1.09637
1.218461,1.096807
1.217387,1.09637
1.2163119999999998,1.095057
1.215238,1.095495
1.2141629999999999,1.094182
1.2130889999999999,1.093745
1.212014,1.094182
1.21094,1.0924319999999998
1.209865,1.09287
1.208791,1.09287
1.207716,1.0911199999999999
1.206642,1.091995
1.205567,1.0911199999999999
1.204493,1.089807
1.2034179999999999,1.090245
1.2023439999999999,1.089807
1.201269,1.0889319999999998
1.200195,1.08937
1.19912,1.0880569999999998
1.198046,1.0876199999999998
1.196971,1.0876199999999998
1.195897,1.0863070000000001
1.194822,1.0863070000000001
1.193748,1.0863070000000001
1.1926729999999999,1.084557
1.1915989999999999,1.085432
1.190525,1.0849950000000002
1.18945,1.083245
1.1883759999999999,1.08412
1.187301,1.083245
1.186227,1.08237
1.185152,1.082807
1.184078,1.081932
1.183003,1.081495
1.181929,1.081495
1.1808539999999998,1.080182
1.17978,1.08062
1.178705,1.08062
1.1776309999999999,1.07887
1.176556,1.07887
1.175482,1.07887
1.174407,1.0771199999999999
1.173333,1.078432
1.172258,1.0775569999999999
1.171184,1.076245
1.1701089999999998,1.076682
1.169035,1.076245
1.1679599999999999,1.074932
1.1668859999999999,1.075807
1.165811,1.074495
1.164737,1.074495
1.163663,1.074495
1.162588,1.0727449999999998
1.161514,1.0731819999999999
1.160439,1.0731819999999999
1.159365,1.0714320000000002
1.15829,1.07187
1.157216,1.0714320000000002
1.1561409999999999,1.07012
1.1550669999999998,1.0709950000000001
1.153992,1.069682
1.1529179999999999,1.068807
1.151843,1.069682
1.150769,1.06837
1.149694,1.067932
1.14862,1.06837
1.147545,1.06662
1.146471,1.067057
1.1453959999999999,1.067057
1.1443219999999998,1.065745
1.143247,1.066182
1.1421729999999999,1.065745
1.141098,1.064432
1.140024,1.06487
1.138949,1.063995
1.137875,1.062682
1.1368,1.063995
1.135726,1.062682
1.134652,1.0622449999999999
1.133577,1.0622449999999999
1.132503,1.060932
1.1314279999999999,1.060932
1.1303539999999999,1.06137
1.129279,1.05962
1.128205,1.0600569999999998
1.12713,1.0600569999999998
1.126056,1.0578699999999999
1.124981,1.0587449999999998
1.123907,1.058307
1.122832,1.0569950000000001
1.121758,1.0578699999999999
1.1206829999999999,1.0569950000000001
1.1196089999999999,1.0561200000000002
1.118534,1.0569950000000001
1.11746,1.055245
1.116385,1.055245
1.115311,1.055682
1.114236,1.053932
1.113162,1.05437
1.112087,1.05437
1.111013,1.053057
1.1099379999999999,1.053932
1.1088639999999998,1.053057
1.107789,1.051745
1.106715,1.052182
1.1056409999999999,1.051307
1.104566,1.05087
1.103492,1.051307
1.102417,1.0495569999999999
1.101343,1.0495569999999999
1.100268,1.049995
1.099194,1.037745
1.0981189999999998,1.01762
1.097045,0.997495
1.0959699999999999,0.976495
1.0948959999999999,0.9581199999999999
1.093821,0.9393079999999999
1.092747,0.920058
1.091672,0.9034329999999999
1.090598,0.884621
1.089523,0.8671209999999999
1.088449,0.851371
1.0873739999999998,0.833433
1.0863,0.818121
1.0852249999999999,0.803246
1.0841509999999999,0.786621
1.083076,0.7717459999999999
1.082002,0.757309
1.080927,0.741996
1.079853,0.7284339999999999
1.078778,0.714434
1.077704,0.699996
1.076629,0.687746
1.075555,0.674184
1.074481,0.661497
1.0734059999999999,0.6496839999999999
1.0723319999999998,0.636997
1.071257,0.625184
1.0701829999999999,0.613372
1.069108,0.601122
1.068034,0.5901839999999999
1.066959,0.579684
1.065885,0.5678719999999999
1.06481,0.558247
1.063736,0.547747
1.0626609999999999,0.5368099999999999
1.061587,0.527185
1.060512,0.517122
1.0594379999999999,0.5074970000000001
1.058363,0.498747
1.057289,0.488685
1.056214,0.47993499999999994
1.05514,0.471622
1.054065,0.461997
1.052991,0.453685
1.0519159999999999,0.44581
1.050842,0.436623
1.049767,0.42918500000000004
1.0486929999999999,0.42131
1.047618,0.41256
1.046544,0.405998
1.04547,0.398123
1.044395,0.390248
1.043321,0.383248
1.042246,0.37581
1.041172,0.36880999999999997
1.040097,0.362685
1.039023,0.35480999999999996
1.0379479999999999,0.348248
1.0368739999999999,0.34256000000000003
1.035799,0.334686
1.034725,0.328998
1.03365,0.322873
1.032576,0.315873
1.031501,0.310623
1.030427,0.304498
1.029352,0.297936
1.028278,0.293123
1.0272029999999999,0.28699800000000003
1.0261289999999998,0.281311
1.025054,0.276498
1.02398,0.269936
1.022905,0.265123
1.021831,0.260311
1.020756,0.25418599999999997
1.019682,0.249811
1.018608,0.244998
1.017533,0.23931100000000002
1.016459,0.234936
1.015384,0.230123
1.01431,0.22487300000000002
1.0132349999999999,0.220936
1.0121609999999999,0.21612399999999998
1.011086,0.211749
1.010012,0.207811
1.008937,0.202561
1.007863,0.198624
1.006788,0.194686
1.005714,0.189874
1.004639,0.186374
1.003565,0.18243600000000001
1.0024899999999999,0.178061
1.0014159999999999,0.174561
1.000341,0.171061
0.9992669999999999,0.166249
0.998192,0.16362400000000002
0.997118,0.159686
0.9960429999999999,0.155749
0.994969,0.152686
0.9938939999999999,0.148749
0.9928199999999999,0.145686
0.991745,0.143061
0.990671,0.139124
0.989597,0.136061
0.9885219999999999,0.133436
0.987448,0.12949899999999998
0.9863729999999999,0.127311
0.9852989999999999,0.124686
0.984224,0.12118600000000002
0.98315,0.118561
0.9820749999999999,0.115936
0.9810009999999999,0.11243600000000001
0.979926,0.110249
0.9788519999999999,0.10718699999999999
0.977777,0.104999
0.976703,0.102812
0.9756279999999999,0.099749552
0.9745539999999999,0.09799956800000001
0.973479,0.09581207200000001
0.972405,0.09274958400000001
0.9713299999999999,0.09056209600000001
0.970256,0.088812104
0.969181,0.08640587200000001
0.9681069999999999,0.08465587200000001
0.967032,0.082468384
0.965958,0.08006214400000002
0.9648829999999999,0.078749648
0.9638089999999999,0.07656216
0.962735,0.07459341600000001
0.96166,0.07306217599999999
0.9605859999999999,0.070874688
0.959511,0.06934344800000002
0.958437,0.0678122
0.9573619999999999,0.06540596000000001
0.9562879999999999,0.06431221200000001
0.955213,0.062562224
0.954139,0.06059348
0.9530639999999999,0.059499736000000004
0.95199,0.057968492
0.950915,0.05599975200000001
0.9498409999999999,0.055124752000000006
0.948766,0.05337476
0.947692,0.05206226800000001
0.9466169999999999,0.05096852400000001
0.9455429999999999,0.049218532
0.944468,0.048124784000000004
0.943394,0.047249792000000006
0.9423189999999999,0.045281048000000004
0.941245,0.044624800000000006
0.94017,0.043749808
0.9390959999999999,0.042109188000000006
0.938021,0.041562316
0.936947,0.04046857200000001
0.9358719999999999,0.038827952
0.9347979999999999,0.038390452
0.933724,0.036968588000000004
0.932649,0.036093588
0.9315749999999999,0.035546716000000006
0.9305,0.0339061
0.929426,0.03346860200000001
0.9283509999999999,0.032812352
0.9272769999999999,0.03149986
0.926202,0.030952988
0.925128,0.030187366
0.924053,0.028984246
0.922979,0.028656122000000003
0.921904,0.027890502
0.9208299999999999,0.02668738
0.919755,0.026468634
0.918681,0.025593638000000002
0.9176059999999999,0.024828014000000002
0.916532,0.024499892000000002
0.915457,0.023406146000000003
0.914383,0.022968648
0.913308,0.022640524000000002
0.912234,0.010740752000000001
0.9111589999999999,0.01581433
0.9100849999999999,0.016928726
0.90901,0.016923124
0.907936,0.016699126
0.9068609999999999,0.016099929000000002
0.905787,0.015674332000000003
0.904713,0.015259933000000002
0.9036379999999999,0.014610336000000002
0.9025639999999999,0.014302337000000002
0.901489,0.013854339000000002
0.900415,0.013249542000000001
0.8993399999999999,0.013008742000000002
0.898266,0.012538344000000002
0.897191,0.012051147
0.8961169999999999,0.011827148000000001
0.895042,0.011328750000000002
0.893968,0.010964752000000001
0.8928929999999999,0.010707153
0.8918189999999999,0.010197555
0.890744,0.009928757000000002
0.88967,0.009603958000000001
0.8885949999999999,0.009139160000000002
0.887521,0.00894316
0.886446,0.008629562
0.8853719999999999,0.008198364
0.884297,0.008041565
0.883223,0.007677566
0.8821479999999999,0.007330367000000001
0.8810739999999999,0.007201568
0.879999,0.006831970000000001
0.878925,0.0065631710000000005
0.8778499999999999,0.006428771000000001
0.876776,0.0060367730000000005
0.875702,0.005857574
0.8746269999999999,0.0056727750000000006
0.8735529999999999,0.005297576
0.872478,0.0052303770000000005
0.871404,0.0050231780000000005
0.8703289999999999,0.004675979000000001
0.869255,0.00458078
0.86818,0.004362381
0.8671059999999999,0.004065582000000001
0.866031,0.004031982
0.864957,0.003791183
0.8638819999999999,0.0035447840000000005
0.8628079999999999,0.0034999840000000003
0.861733,0.0032031860000000002
0.854212,0.00220079
0.8531369999999999,0.0020327910000000004
0.852063,0.001808792
0.850988,0.001791992
0.849914,0.0016295920000000002
0.8488399999999999,0.001444793
0.847765,0.001427993
0.846691,0.001215194
0.8456159999999999,0.0011255950000000003
0.844542,0.0010695950000000002
0.843467,0.0007951960000000001
0.842393,0.0007951960000000001
0.841318,0.0007335960000000001
0.840244,0.000520797
0.8391689999999999,0.000531997
0.8380949999999999,0.000414398
0.83702,0.00019039900000000003
0.835946,0.000263198
0.8348709999999999,9.5199592e-05
0.833797,-3.3599856e-05
0.832722,3.9199832000000005e-05
0.8316479999999999,-0.000139999
0.830573,-0.00022959800000000002
0.829499,-0.000207199
0.8284239999999999,-0.00042559800000000007
0.8273499999999999,-0.00040319800000000007
0.826275,-0.00044239800000000004
0.825201,-0.0006215970000000001
0.8241259999999999,-0.000599197
0.823052,-0.0006943960000000001
0.821978,-0.0009015960000000001
0.8209029999999999,-0.0008511960000000001
0.8198289999999999,-0.000963195
0.818754,-0.001114395
0.81768,-0.001058395
0.8166049999999999,-0.001215194
0.815531,-0.0012935940000000001
0.814456,-0.0012823940000000003
0.8133819999999999,-0.001467193
0.812307,-0.0014727930000000002
0.811233,-0.0014951930000000001
0.8101579999999999,-0.001707992
0.8090839999999999,-0.001623992
0.808009,-0.0017023920000000003
0.806935,-0.0018703910000000001
0.7994129999999999,-0.0020271910000000002
0.7983389999999999,-0.00218959
0.797264,-0.00220079
0.79619,-0.0021783900000000005
0.795115,-0.0023407890000000002
0.794041,-0.00226799
0.792967,-0.002329589
0.7918919999999999,-0.002497589
0.7908179999999999,-0.0023799890000000003
0.789743,-0.002480789
0.788669,-0.002648788
0.787594,-0.0025983880000000005
0.78652,-0.002721588
0.785445,-0.002794387
0.7843709999999999,-0.002721588
0.783296,-0.002867187
0.782222,-0.0028783870000000005
0.7811469999999999,-0.0028391870000000004
0.780073,-0.003029586
0.778998,-0.0029455870000000004
0.777924,-0.0029791870000000003
0.776849,-0.0031247860000000005
0.775775,-0.0030071860000000002
0.7746999999999999,-0.0031135860000000002
0.7736259999999999,-0.0032311850000000006
0.772551,-0.003107986
0.771477,-0.003197586
0.7704019999999999,-0.0032703850000000002
0.769328,-0.0031863860000000003
0.768253,-0.003337585
0.7671789999999999,-0.003315185
0.766104,-0.0032927850000000003
0.76503,-0.003460784
0.7639549999999999,-0.0033431850000000003
0.7628809999999999,-0.003376785
0.761807,-0.003550384
0.760732,-0.0034047850000000005
0.7596579999999999,-0.0034887840000000004
0.758583,-0.0035783840000000004
0.757509,-0.0034663840000000003
0.7564339999999999,-0.003533584
0.7553599999999999,-0.003623184
0.754285,-0.003533584
0.753211,-0.0036735830000000002
0.7521359999999999,-0.0036959830000000003
0.751062,-0.003656784
0.749987,-0.003841583
0.7489129999999999,-0.003763183
0.747838,-0.003768783
0.746764,-0.003953582
0.7456889999999999,-0.003847183
0.7446149999999999,-0.003897582
0.74354,-0.0040375820000000005
0.742466,-0.003936782
0.7413909999999999,-0.004020782
0.740317,-0.004065582000000001
0.739242,-0.003981582000000001
0.7381679999999999,-0.004132781
0.737093,-0.0041607810000000005
0.736019,-0.004104782
0.734945,-0.004216781
0.7338699999999999,-0.004171981000000001
0.732796,-0.0041775810000000005
0.731721,-0.004345581
0.7306469999999999,-0.004233581
0.729572,-0.004250381000000001
0.728498,-0.004412780000000001
0.7274229999999999,-0.004244781
0.726349,-0.004334381
0.725274,-0.00441838
0.7242,-0.004323181000000001
0.723125,-0.00444078
0.722051,-0.004423980000000001
0.720976,-0.00440158
0.7199019999999999,-0.0045303800000000005
0.718827,-0.004479980000000001
0.717753,-0.00451918
0.7166779999999999,-0.004681579
0.715604,-0.004597579000000001
0.714529,-0.004614379
0.713455,-0.004782379000000001
0.71238,-0.0046703790000000005
0.711306,-0.004715179000000001
0.710231,-0.0048271780000000005
0.7091569999999999,-0.004731979000000001
0.708083,-0.0048439780000000005
0.707008,-0.004911178
0.705934,-0.004866378
0.704859,-0.004989578000000001
0.703785,-0.004950378
0.70271,-0.004905578000000001
0.7016359999999999,-0.005090377000000001
0.700561,-0.004983978000000001
0.699487,-0.005000778000000001
0.6984119999999999,-0.005174377000000001
0.697338,-0.005028778
0.696263,-0.005095977000000001
0.695189,-0.0052135770000000005
0.694114,-0.005079177000000001
0.69304,-0.005185577
0.6919649999999999,-0.005224777000000001
0.6908909999999999,-0.005107177
0.689816,-0.005258377
0.688742,-0.0052303770000000005
0.6876669999999999,-0.0051631770000000006
0.686593,-0.005375976
0.685518,-0.005297576
0.6844439999999999,-0.005314376
0.683369,-0.005471176
0.682295,-0.005375976
0.6812199999999999,-0.005448776000000001
0.6801459999999999,-0.005588775000000001
0.679072,-0.005482376000000001
0.677997,-0.005599975000000001
0.6769229999999999,-0.005655975000000001
0.675848,-0.005583175000000001
0.674774,-0.005717575000000001
0.6736989999999999,-0.0056895750000000005
0.6726249999999999,-0.0056895750000000005
0.67155,-0.005851974
0.670476,-0.005762374000000001
0.669401,-0.005773574000000001
0.668327,-0.005963973
0.667252,-0.0058463740000000005
0.6661779999999999,-0.005891174000000001
0.665103,-0.0060199730000000005
0.664029,-0.0059135740000000004
0.6629539999999999,-0.005997573000000001
0.66188,-0.006092773000000001
0.660805,-0.0059863730000000006
0.659731,-0.006120773
0.658656,-0.006103973
0.657582,-0.006059173
0.656507,-0.006204772
0.6554329999999999,-0.006143173000000001
0.654358,-0.006137573
0.653284,-0.006288772000000001
0.6522089999999999,-0.0062103720000000005
0.651135,-0.006260772
0.650061,-0.006428771000000001
0.648986,-0.006283172
0.6479119999999999,-0.0064063720000000005
0.646837,-0.0064959710000000006
0.645763,-0.006428771000000001
0.6446879999999999,-0.006574371000000001
0.643614,-0.006596771000000001
0.642539,-0.006551971
0.641465,-0.006697570000000001
0.64039,-0.006680770000000001
0.639316,-0.00667517
0.638241,-0.0068487700000000006
0.6371669999999999,-0.006770370000000001
0.636092,-0.00677597
0.635018,-0.006960769
0.6339429999999999,-0.006831970000000001
0.632869,-0.006943969000000001
0.631794,-0.007016769000000001
0.63072,-0.006943969000000001
0.629645,-0.0070727690000000005
0.628571,-0.007106368000000001
0.6274959999999999,-0.007044769
0.6264219999999999,-0.0071791680000000005
0.625347,-0.007145568000000001
0.624273,-0.007145568000000001
0.6231979999999999,-0.007313568
0.622124,-0.007173568000000001
0.62105,-0.007218368
0.6199749999999999,-0.007403167
0.6189009999999999,-0.007274368
0.617826,-0.007375167
0.616752,-0.007470367000000001
0.6156769999999999,-0.007380767
0.614603,-0.007520766
0.613528,-0.007587967000000001
0.6124539999999999,-0.007531966
0.611379,-0.007727966
0.610305,-0.007716766000000001
0.6092299999999999,-0.007699966
0.6081559999999999,-0.007890365
0.607081,-0.007851165
0.606007,-0.007851165
0.604932,-0.008052765
0.603858,-0.007951964
0.602783,-0.008030365000000001
0.6017089999999999,-0.008147964
0.600634,-0.008075165
0.59956,-0.008181564
0.5984849999999999,-0.008259963
0.597411,-0.008215164
0.596336,-0.008371963
0.595262,-0.008371963
0.5941879999999999,-0.008343963
0.593113,-0.008528763
0.592039,-0.008444762000000001
0.5909639999999999,-0.008478362000000001
0.58989,-0.008651962000000001
0.588815,-0.008556763
0.587741,-0.008607162000000002
0.586666,-0.008758361000000001
0.585592,-0.008674362
0.584517,-0.008775161
0.5834429999999999,-0.00890956
0.582368,-0.008819961000000001
0.581294,-0.008987961
0.5802189999999999,-0.00904956
0.579145,-0.008987961
0.57807,-0.009228759
0.576996,-0.009195159
0.575921,-0.009223159
0.574847,-0.009419159000000002
0.573772,-0.009357558000000002
0.5726979999999999,-0.009435959
0.571623,-0.009598358000000001
0.570549,-0.009514358
0.5694739999999999,-0.009620758000000002
0.5684,-0.009766357000000002
0.567326,-0.009676757000000001
0.566251,-0.009867157
0.5651769999999999,-0.009883957
0.564102,-0.009861556
0.563028,-0.010051956
0.5619529999999999,-0.010007156
0.560879,-0.010035156
0.559804,-0.010259154000000001
0.55873,-0.010163955000000002
0.557655,-0.010208755
0.556581,-0.010387955
0.5555059999999999,-0.010309554
0.5544319999999999,-0.010415954
0.553357,-0.010544754
0.552283,-0.010460754000000001
0.5512079999999999,-0.010639953
0.550134,-0.010667953
0.549059,-0.010673553000000002
0.5479849999999999,-0.010891952
0.54691,-0.010863952
0.545836,-0.010891952
0.5447609999999999,-0.011121551
0.5436869999999999,-0.011076751000000001
0.542612,-0.011183150000000001
0.541538,-0.01138475
0.540463,-0.011300751000000001
0.539389,-0.01145195
0.538314,-0.011586349000000001
0.5372399999999999,-0.011558349
0.5361659999999999,-0.011737549000000002
0.535091,-0.011804748000000002
0.534017,-0.011804748000000002
0.532942,-0.011983947000000002
0.531868,-0.012011947000000002
0.530793,-0.012045547
0.5297189999999999,-0.012280746
0.528644,-0.012219146
0.52757,-0.012308746
0.5264949999999999,-0.012515945000000002
0.525421,-0.012431945000000002
0.524346,-0.012588744
0.523272,-0.012767944000000002
0.522197,-0.012706344
0.521123,-0.012868743000000002
0.520048,-0.012975143000000001
0.5189739999999999,-0.012947143000000001
0.517899,-0.013154342000000001
0.516825,-0.013165542000000002
0.5157499999999999,-0.013210342
0.514676,-0.013484740000000002
0.513601,-0.01344554
0.512527,-0.013540741
0.511452,-0.013770339000000001
0.510378,-0.013742339000000001
0.509304,-0.013865539000000001
0.5082289999999999,-0.014083938
0.507155,-0.014072738000000001
0.50608,-0.014229537
0.505006,-0.014380736000000002
0.503931,-0.014386336000000001
0.502857,-0.014610336000000002
0.501782,-0.014711135000000002
0.5007079999999999,-0.014722335
0.499633,-0.014991134000000001
0.498559,-0.014996733000000003
0.497484,-0.015097533
0.49640999999999996,-0.015332733
0.49533499999999997,-0.015287933000000004
0.49426099999999995,-0.015422332
0.49318599999999996,-0.015702331
0.492112,-0.015646331
0.491037,-0.015847930000000003
0.489963,-0.016010330000000003
0.488888,-0.015982329000000003
0.48781399999999997,-0.016228729
0.486739,-0.016323928
0.48566499999999996,-0.016323928
0.48458999999999997,-0.016603928
0.483516,-0.016637527000000003
0.48244099999999995,-0.016715927000000002
0.481367,-0.016995926
0.48029299999999997,-0.017001526
0.479218,-0.017152724
0.47814399999999996,-0.017404724
0.47706899999999997,-0.017387922
0.475995,-0.017628722000000003
0.47491999999999995,-0.017852720000000002
0.473846,-0.017858322
0.472771,-0.01814392
0.471697,-0.018300720000000003
0.470622,-0.01836232
0.46954799999999997,-0.018670317999999998
0.468473,-0.018759916
0.46739899999999995,-0.018860718000000002
0.46632399999999996,-0.019196716000000003
0.46525,-0.019207916000000002
0.464175,-0.019353514000000002
0.463101,-0.019706314000000003
0.462026,-0.019734314
0.460952,-0.019963912
0.459877,-0.020187912
0.45880299999999996,-0.020210312
0.45772799999999997,-0.020495910000000003
0.456654,-0.02069751
0.45557899999999996,-0.02077591
0.454505,-0.021078308
0.45343,-0.021201506000000002
0.452356,-0.021330306
0.45128199999999996,-0.021671906
0.45020699999999997,-0.021705504000000004
0.449133,-0.021901502000000003
0.44805799999999996,-0.022248702000000002
0.446984,-0.022282302
0.445909,-0.022590302000000003
0.444835,-0.0228591
0.44376,-0.022959898000000003
0.44268599999999997,-0.023284696
0.441611,-0.023531096
0.44053699999999996,-0.023654296000000002
0.43946199999999996,-0.024029494000000002
0.438388,-0.024214292000000002
0.437313,-0.024376692000000002
0.436239,-0.02479669
0.435164,-0.02490309
0.43409,-0.025138290000000004
0.433015,-0.025563886000000004
0.43194099999999996,-0.025647888000000004
0.43086599999999997,-0.025939086000000004
0.429792,-0.026331084000000005
0.42871699999999996,-0.026431884
0.427643,-0.026807082000000003
0.426568,-0.027098280000000002
0.425494,-0.02722708
0.42441999999999996,-0.027647078000000002
0.42334499999999997,-0.027904678000000002
0.422271,-0.028128676000000002
0.42119599999999996,-0.028565474000000004
0.420122,-0.028705474000000005
0.419047,-0.029002272000000003
0.417973,-0.029461470000000003
0.416898,-0.029612670000000004
0.41582399999999997,-0.029915068000000003
0.414749,-0.030363066
0.41367499999999996,-0.030519866000000003
0.41259999999999997,-0.030939864
0.411526,-0.031365460000000005
0.41045099999999995,-0.03156706
0.409377,-0.032048658
0.408302,-0.032390258000000005
0.407228,-0.032653458
0.406153,-0.033224652
0.40507899999999997,-0.033504652
0.404004,-0.033874252
0.40292999999999995,-0.034417448
0.40185499999999996,-0.034675048
0.400781,-0.035100644
0.399706,-0.035643844
0.398632,-0.03588464400000001
0.397557,-0.03639424000000001
0.396483,-0.036892636
0.39540899999999995,-0.037167040000000005
0.39433399999999996,-0.037749436000000004
0.39326,-0.038219832
0.392185,-0.038578228000000006
0.391111,-0.039166228000000004
0.390036,-0.039535828
0.388962,-0.039955824
0.387887,-0.040622224000000005
0.38681299999999996,-0.04091902
0.38573799999999997,-0.04139502
0.384664,-0.042016616
0.38358899999999996,-0.042335812
0.382515,-0.042873408
0.38144,-0.043433408
0.380366,-0.043713408
0.379291,-0.044262204
0.37821699999999997,-0.044743804000000005
0.377142,-0.045091004000000004
0.37606799999999996,-0.0456958
0.37499299999999997,-0.046070996
0.373919,-0.046339796
0.372844,-0.046972596000000005
0.37177,-0.047230192000000004
0.370695,-0.047498988000000006
0.369621,-0.048086988000000004
0.368546,-0.048282988000000006
0.36747199999999997,-0.048562984000000003
0.366398,-0.04906698400000001
0.365323,-0.049546656
0.364249,-0.049656028000000005
0.363174,-0.051187276000000004
0.3621,-0.051406020000000004
0.361025,-0.05206226800000001
0.35995099999999997,-0.05359351200000001
0.358876,-0.05381226
0.357802,-0.05501538
0.35672699999999996,-0.05599975200000001
0.355653,-0.056218500000000005
0.354578,-0.057749744
0.353504,-0.058515364
0.352429,-0.059062236000000004
0.351355,-0.06081222800000001
0.35028,-0.061359104000000005
0.34920599999999996,-0.06212472
0.34813099999999997,-0.063984092
0.347057,-0.06431221200000001
0.345982,-0.06540596000000001
0.344908,-0.067155952
0.343833,-0.067484072
0.342759,-0.06890594400000001
0.341684,-0.070327816
0.34060999999999997,-0.070984056
0.339536,-0.072843432
0.338461,-0.074046544
0.337387,-0.074702792
0.336312,-0.07689028
0.335238,-0.077984024
0.334163,-0.07896840000000001
0.33308899999999997,-0.08115588800000001
0.332014,-0.081921512
0.33094,-0.083452752
0.32986499999999996,-0.085640248
0.328791,-0.086624616
0.327716,-0.08837460800000001
0.326642,-0.09034335200000002
0.325567,-0.09154646400000001
0.324493,-0.09373396
0.323418,-0.095374576
0.32234399999999996,-0.09668707200000001
0.32126899999999997,-0.09931205600000001
0.320195,-0.100952
0.31911999999999996,-0.10248299999999999
0.318046,-0.10521799999999999
0.316971,-0.106968
0.315897,-0.108827
0.314822,-0.11167099999999999
0.31374799999999997,-0.113202
0.312673,-0.115718
0.31159899999999996,-0.118561
0.310525,-0.120311
0.30945,-0.12326499999999999
0.308376,-0.12589
0.307301,-0.127968
0.30622699999999997,-0.131468
0.305152,-0.133874
0.30407799999999996,-0.13628
0.30300299999999997,-0.139999
0.301929,-0.142624
0.300854,-0.145468
0.29978,-0.149514
0.298705,-0.151921
0.297631,-0.155421
0.296556,-0.159468
0.29548199999999997,-0.16242099999999998
0.294407,-0.166468
0.293333,-0.170405
0.29225799999999996,-0.17368599999999998
0.291184,-0.178389
0.290109,-0.182327
0.289035,-0.186155
0.28796,-0.191514
0.286886,-0.19556099999999998
0.285811,-0.199827
0.28473699999999996,-0.205733
0.283663,-0.20988900000000002
0.282588,-0.215249
0.281514,-0.221264
0.280439,-0.22585799999999998
0.279365,-0.232092
0.27829,-0.23810800000000001
0.27721599999999996,-0.243577
0.27614099999999997,-0.250795
0.275067,-0.25703000000000004
0.273992,-0.263264
0.272918,-0.271358
0.271843,-0.278139
0.270769,-0.285358
0.269694,-0.294217
0.26861999999999997,-0.30165400000000003
0.267545,-0.310186
0.266471,-0.319701
0.26539599999999997,-0.32823199999999997
0.264322,-0.338185
0.263247,-0.348467
0.262173,-0.358092
0.261098,-0.369795
0.260024,-0.380732
0.258949,-0.391779
0.25787499999999997,-0.405232
0.2568,-0.417482
0.255726,-0.43060699999999996
0.254652,-0.44559099999999996
0.253577,-0.459482
0.252503,-0.474904
0.251428,-0.492075
0.25035399999999997,-0.507825
0.249279,-0.526091
0.24820499999999998,-0.545122
0.24713,-0.564044
0.246056,-0.585591
0.24498099999999998,-0.607247
0.24390699999999998,-0.62934
0.242832,-0.654825
0.241758,-0.6801999999999999
0.24068299999999998,-0.706996
0.239609,-0.737512
0.238534,-0.7670429999999999
0.23745999999999998,-0.799308
0.23638499999999998,-0.834746
0.235311,-0.870293
0.234236,-0.9093389999999999
0.23316199999999998,-0.950464
0.232087,-0.9925729999999999
0.231013,-1.041464
0.22993799999999998,-1.090245
0.22886399999999998,-1.1401189999999999
0.227789,-1.1959
0.226715,-1.252119
0.22564099999999998,-1.311181
0.224566,-1.3748369999999999
0.223492,-1.438931
0.222417,-1.505868
0.22134299999999998,-1.5769609999999998
0.220268,-1.6473980000000001
0.219194,-1.721554
0.21811899999999998,-1.798991
0.217045,-1.875335
0.21597,-1.955834
0.214896,-2.04049
0.21382099999999998,-2.121865
0.212747,-2.2089269999999996
0.211672,-2.294239
0.21059799999999998,-2.380864
0.209523,-2.471864
0.208449,-2.560238
0.207374,-2.649488
0.20629999999999998,-2.741362
0.205225,-2.830174
0.204151,-2.9198609999999996
0.20307599999999998,-3.009111
0.202002,-3.093111
0.200927,-3.177985
0.199853,-3.25936
0.19877799999999998,-3.333735
0.197704,-3.4076720000000003
0.19663,-3.475484
0.19555499999999998,-3.535859
0.194481,-3.5949210000000003
0.193406,-3.6439209999999997
0.192332,-3.687233
0.19125699999999998,-3.72792
0.190183,-3.756795
0.189108,-3.7812949999999996
0.18803399999999998,-3.801857
0.186959,-3.8110449999999996
0.185885,-3.81717
0.18481,-3.8162949999999998
0.18373599999999998,-3.8057950000000003
0.182661,-3.7922329999999995
0.181587,-3.770358
0.18051199999999998,-3.7397329999999998
0.179438,-3.707358
0.178363,-3.6649209999999997
0.177289,-3.6154830000000002
0.17621399999999998,-3.562984
0.17514,-3.499984
0.174065,-3.432609
0.172991,-3.361297
0.17191599999999999,-3.28036
0.170842,-3.197235
0.169768,-3.107986
0.16869299999999998,-3.011299
0.167619,-2.912862
0.166544,-2.809174
0.16547,-2.700237
0.16439499999999999,-2.5921760000000003
0.163321,-2.478863
0.162246,-2.362927
0.16117199999999998,-2.24874
0.160097,-2.130178
0.159023,-2.012928
0.157948,-1.897429
0.15687399999999999,-1.780179
0.155799,-1.665992
0.154725,-1.555305
0.15364999999999998,-1.445493
0.152576,-1.340056
0.151501,-1.238119
0.150427,-1.139682
0.14935199999999998,-1.048682
0.148278,-0.961183
0.147203,-0.878496
0.14612899999999998,-0.803246
0.145054,-0.732371
0.14398,-0.6676219999999999
0.142905,-0.609434
0.14183099999999998,-0.555185
0.140757,-0.506622
0.139682,-0.46331
0.13860799999999998,-0.42306
0.137533,-0.388498
0.136459,-0.35743499999999995
0.135384,-0.328561
0.13430999999999998,-0.303623
0.133235,-0.281311
0.132161,-0.260311
0.13108599999999998,-0.24324800000000002
0.130012,-0.226623
0.128937,-0.211749
0.127863,-0.199499
0.12678799999999998,-0.186811
0.125714,-0.175874
0.124639,-0.167124
0.123565,-0.157936
0.12248999999999999,-0.150061
0.121416,-0.142624
0.12034099999999999,-0.135624
0.119267,-0.129936
0.11819199999999999,-0.12424899999999998
0.117118,-0.118561
0.116043,-0.114186
0.11496899999999999,-0.109812
0.113894,-0.10543699999999999
0.11281999999999999,-0.102374
0.111746,-0.098437064
0.11067099999999999,-0.09493708000000001
0.109597,-0.093187088
0.108522,-0.08968709600000001
0.107448,-0.087280856
0.106373,-0.085093368
0.10529899999999999,-0.082468384
0.104224,-0.08093714400000002
0.10314999999999999,-0.07896840000000001
0.102075,-0.076780904
0.101001,-0.076124664
0.099926736,-0.07415592
0.098852256,-0.07262468000000001
0.09777777600000001,-0.072187176
0.09670329600000001,-0.07043719200000001
0.095628816,-0.06912468800000002
0.094554336,-0.06912468800000002
0.093479848,-0.067155952
0.092405368,-0.066499704
0.09133089600000001,-0.06584346
0.09025640800000001,-0.06474971600000001
0.08918192800000001,-0.06431221200000001
0.088107448,-0.06365596800000001
0.087032968,-0.062562224
0.08595848,-0.062780972
0.084884,-0.06168722800000001
0.08380952800000001,-0.06081222800000001
0.08273504000000001,-0.06103097600000001
0.08166056000000001,-0.05993723200000001
0.08058607200000001,-0.059280988
0.0795116,-0.059499736000000004
0.07843712,-0.058405992000000004
0.077362632,-0.058405992000000004
0.07628816000000001,-0.058187244
0.07521367200000001,-0.057312244000000005
0.074139192,-0.057312244000000005
0.073064712,-0.05709349600000001
0.071990232,-0.056218500000000005
0.070915752,-0.05643725200000001
0.069841264,-0.05599975200000001
0.068766784,-0.055124752000000006
0.067692312,-0.055781004
0.066617824,-0.055124752000000006
0.065543348,-0.05468726
0.06446886,-0.055124752000000006
0.063394384,-0.054031012
0.062319900000000004,-0.054031012
0.06124542,-0.05468726
0.060170940000000006,-0.05381226
0.05909646,-0.05381226
0.058021976,-0.05381226
0.056947496,-0.05315601200000001
0.055873016000000005,-0.05381226
0.054798532000000004,-0.05315601200000001
0.053724056000000006,-0.052937268
0.052649572000000006,-0.05337476
0.051575092,-0.052718516
0.050500608,-0.05249976800000001
0.049426128,-0.05315601200000001
0.048351648000000004,-0.05249976800000001
0.047277168,-0.052281016
0.046202684,-0.05249976800000001
0.045128204000000005,-0.051843520000000004
0.044053724,-0.05249976800000001
0.04297924,-0.052281016
0.041904764000000004,-0.05162476800000001
0.040830280000000004,-0.05206226800000001
0.0397558,-0.051843520000000004
0.038681316,-0.051187276000000004
0.037606836000000005,-0.051843520000000004
0.036532356,-0.051406020000000004
0.035457876,-0.05096852400000001
0.034383392,-0.051843520000000004
0.033308912,-0.05096852400000001
0.03223443,-0.05096852400000001
0.031159950000000002,-0.051406020000000004
0.030085470000000003,-0.050749776
0.029010988,-0.05096852400000001
0.027936508000000002,-0.051187276000000004
0.026862028000000003,-0.050312276
0.025787546,-0.051187276000000004
0.024713064,-0.051187276000000004
0.023638584,-0.05053102400000001
0.022564102000000003,-0.051187276000000004
0.02148962,-0.05096852400000001
0.020415140000000002,-0.05053102400000001
0.019340658,-0.05096852400000001
0.018266178,-0.05053102400000001
0.017191696,-0.050312276
0.016117215,-0.050749776
0.015042735000000002,-0.050093528000000005
0.013968254000000001,-0.050312276
0.012893773,-0.050749776
0.011819292,-0.049656028000000005
0.01074481,-0.050749776
0.009670329,-0.050312276
0.008595848,-0.049874776
0.007521367,-0.05053102400000001
0.006446886000000001,-0.049874776
0.005372405,-0.049437284000000005
0.004297924,-0.050312276
0.0032234430000000003,-0.049437284000000005
0.002148962,-0.049218532
0.001074481,-0.050093528000000005
0.0,-0.049218532
-0.001074481,-0.049437284000000005
-0.002148962,-0.049874776
-0.0032234430000000003,-0.048999784000000005
-0.004297924,-0.049656028000000005
-0.005372405,-0.049656028000000005
-0.006446886000000001,-0.048781032
-0.007521367,-0.049656028000000005
-0.008595848,-0.049218532
-0.009670329,-0.048562284000000004
-0.01074481,-0.049437284000000005
-0.011819292,-0.048562284000000004
-0.012893773,-0.048562284000000004
-0.013968254000000001,-0.049656028000000005
-0.015042735000000002,-0.048343536000000006
-0.016117215,-0.048781032
-0.017191696,-0.049218532
-0.018266178,-0.048343536000000006
-0.019340658,-0.048781032
-0.020415140000000002,-0.048781032
-0.02148962,-0.047687288
-0.022564102000000003,-0.048781032
-0.023638584,-0.048343536000000006
-0.024713064,-0.047687288
-0.025787546,-0.048562284000000004
-0.026862028000000003,-0.047906036000000006
-0.027936508000000002,-0.047468540000000004
-0.029010988,-0.048124784000000004
-0.030085470000000003,-0.047249792000000006
-0.031159950000000002,-0.047468540000000004
-0.03223443,-0.047906036000000006
-0.033308912,-0.046812292000000005
-0.034383392,-0.047249792000000006
-0.035457876,-0.047468540000000004
-0.036532356,-0.046593544
-0.037606836000000005,-0.047468540000000004
-0.038681316,-0.047140416000000004
-0.0397558,-0.046593544
-0.040830280000000004,-0.047577912
-0.041904764000000004,-0.046812292000000005
-0.04297924,-0.046374792000000005
-0.044053724,-0.047249792000000006
-0.045128204000000005,-0.046484168
-0.046202684,-0.04670292000000001
-0.047277168,-0.04703104
-0.048351648000000004,-0.046156044
-0.049426128,-0.046812292000000005
-0.050500608,-0.04670292000000001
-0.051575092,-0.04582792000000001
-0.052649572000000006,-0.04670292000000001
-0.053724056000000006,-0.046484168
-0.054798532000000004,-0.045609172
-0.055873016000000005,-0.04670292000000001
-0.056947496,-0.045937296
-0.058021976,-0.04549980000000001
-0.05909646,-0.046593544
-0.060170940000000006,-0.045609172
-0.06124542,-0.045718548000000005
-0.062319900000000004,-0.04626542000000001
-0.063394384,-0.04517167600000001
-0.06446886,-0.045718548000000005
-0.065543348,-0.045718548000000005
-0.066617824,-0.044843548000000004
-0.067692312,-0.045609172
-0.068766784,-0.04549980000000001
-0.069841264,-0.044515428
-0.070915752,-0.045718548000000005
-0.071990232,-0.044952928
-0.073064712,-0.044624800000000006
-0.074139192,-0.04582792000000001
-0.07521367200000001,-0.044952928
-0.07628816000000001,-0.04473417600000001
-0.077362632,-0.045609172
-0.07843712,-0.044624800000000006
-0.0795116,-0.045062300000000007
-0.08058607200000001,-0.045281048000000004
-0.08166056000000001,-0.044624800000000006
-0.08273504000000001,-0.045390424
-0.08380952800000001,-0.04517167600000001
-0.084884,-0.044406052
-0.08595848,-0.045390424
-0.087032968,-0.044843548000000004
-0.088107448,-0.044187304000000004
-0.08918192800000001,-0.04549980000000001
-0.09025640800000001,-0.044296680000000005
-0.09133089600000001,-0.044296680000000005
-0.092405368,-0.045062300000000007
-0.093479848,-0.044406052
-0.094554336,-0.044515428
-0.095628816,-0.04517167600000001
-0.09670329600000001,-0.043749808
-0.09777777600000001,-0.044952928
-0.098852256,-0.04473417600000001
-0.099926736,-0.04385918
-0.101001,-0.044624800000000006
-0.102075,-0.044077928
-0.10314999999999999,-0.04385918
-0.104224,-0.045062300000000007
-0.10529899999999999,-0.043968556000000006
-0.106373,-0.043749808
-0.107448,-0.044624800000000006
-0.108522,-0.043968556000000006
-0.109597,-0.043968556000000006
-0.11067099999999999,-0.04473417600000001
-0.111746,-0.043531056000000005
-0.11281999999999999,-0.044406052
-0.113894,-0.044187304000000004
-0.11496899999999999,-0.043202936000000004
-0.116043,-0.044624800000000006
-0.117118,-0.043749808
-0.11819199999999999,-0.043421684
-0.119267,-0.044406052
-0.12034099999999999,-0.04385918
-0.121416,-0.043421684
-0.12248999999999999,-0.044843548000000004
-0.123565,-0.043640428
-0.124639,-0.043749808
-0.125714,-0.043968556000000006
-0.12678799999999998,-0.042984184
-0.127863,-0.043531056000000005
-0.128937,-0.04385918
-0.130012,-0.042765436000000004
-0.13108599999999998,-0.043749808
-0.132161,-0.043640428
-0.133235,-0.042546684
-0.13430999999999998,-0.044077928
-0.135384,-0.043421684
-0.136459,-0.042437312000000005
-0.137533,-0.043749808
-0.13860799999999998,-0.042874808
-0.139682,-0.042765436000000004
-0.140757,-0.043312308
-0.14183099999999998,-0.042218564
-0.142905,-0.043202936000000004
-0.14398,-0.043202936000000004
-0.145054,-0.042218564
-0.14612899999999998,-0.043312308
-0.147203,-0.042984184
-0.148278,-0.042218564
-0.14935199999999998,-0.043421684
-0.150427,-0.042765436000000004
-0.151501,-0.042109188000000006
-0.152576,-0.043421684
-0.15364999999999998,-0.042218564
-0.154725,-0.042327936000000004
-0.155799,-0.043202936000000004
-0.15687399999999999,-0.042109188000000006
-0.157948,-0.04265606
-0.159023,-0.04265606
-0.160097,-0.041781064
-0.16117199999999998,-0.04265606
-0.162246,-0.042765436000000004
-0.163321,-0.041452944000000005
-0.16439499999999999,-0.04265606
-0.16547,-0.042109188000000006
-0.166544,-0.041234192
-0.167619,-0.042437312000000005
-0.16869299999999998,-0.041671692
-0.169768,-0.041234192
-0.170842,-0.04265606
-0.17191599999999999,-0.041343564000000006
-0.172991,-0.041671692
-0.174065,-0.042218564
-0.17514,-0.041452944000000005
-0.17621399999999998,-0.042218564
-0.177289,-0.041781064
-0.178363,-0.041015444000000005
-0.179438,-0.042218564
-0.18051199999999998,-0.041890436
-0.181587,-0.041234192
-0.182661,-0.042218564
-0.18373599999999998,-0.041562316
-0.18481,-0.041562316
-0.185885,-0.041671692
-0.186959,-0.041234192
-0.18803399999999998,-0.041452944000000005
-0.189108,-0.04199981600000001
-0.190183,-0.041015444000000005
-0.19125699999999998,-0.041890436
-0.192332,-0.04199981600000001
-0.193406,-0.041015444000000005
-0.194481,-0.041671692
-0.19555499999999998,-0.041671692
-0.19663,-0.040796692
-0.197704,-0.042218564
-0.19877799999999998,-0.040796692
-0.199853,-0.041015444000000005
-0.19877799999999998,-0.029421744000000003
-0.197704,-0.023843644
-0.19663,-0.020781158
-0.19555499999999998,-0.01935929
-0.194481,-0.016624926
-0.193406,-0.0014055930000000001
-0.192332,-0.002335189
-0.19125699999999998,-0.001987991
-0.190183,-0.0012823940000000003
-0.189108,-0.00021279900000000003
-0.18803399999999998,0.000610397
-0.186959,0.001343994
-0.185885,0.00229039
-0.18481,0.002682388
-0.18373599999999998,0.0033711850000000005
-0.182661,0.0040375820000000005
-0.181587,0.004261581
-0.18051199999999998,0.004927978
-0.179438,0.005493576000000001
-0.178363,0.005650375000000001
-0.177289,0.006255172000000001
-0.17621399999999998,0.006540771
-0.17514,0.0067199700000000005
-0.174065,0.007296768
-0.172991,0.007475967000000001
-0.17191599999999999,0.007744766000000001
-0.170842,0.008355163
-0.169768,0.008265563
-0.16869299999999998,0.008646362000000001
-0.167619,0.008993561
-0.166544,0.008987961
-0.16547,0.009430359000000001
-0.16439499999999999,0.009788757
-0.163321,0.009732757
-0.162246,0.010236755
-0.16117199999999998,0.010376755000000001
-0.160097,0.010455154000000001
-0.159023,0.010886352
-0.157948,0.010886352
-0.15687399999999999,0.011093551
-0.155799,0.011552749000000001
-0.154725,0.011496749
-0.15364999999999998,0.011709549
-0.152576,0.012045547
-0.151501,0.011972747
-0.150427,0.012263946000000001
-0.14935199999999998,0.012487945000000002
-0.148278,0.012431945000000002
-0.147203,0.012773544000000001
-0.14612899999999998,0.012952743000000001
-0.145054,0.012913543000000001
-0.14398,0.013277542000000002
-0.142905,0.013283142000000001
-0.14183099999999998,0.013344741000000002
-0.140757,0.013686340000000002
-0.139682,0.01360794
-0.13860799999999998,0.013759139
-0.137533,0.014039139
-0.136459,0.014061538
-0.135384,0.014313537000000001
-0.13430999999999998,0.014531936000000002
-0.133235,0.014442336
-0.132161,0.014811934
-0.13108599999999998,0.015002334
-0.130012,0.014968734000000001
-0.128937,0.015399933000000001
-0.127863,0.015439131000000002
-0.12678799999999998,0.015500732000000001
-0.125714,0.015903929
-0.124639,0.015898330000000002
-0.123565,0.016004729
-0.12248999999999999,0.016340728
-0.121416,0.016301528000000003
-0.12034099999999999,0.016475127000000003
-0.119267,0.016766326
-0.11819199999999999,0.016715927000000002
-0.117118,0.017007126
-0.116043,0.017085524
-0.11496899999999999,0.017085524
-0.113894,0.017415924
-0.11281999999999999,0.017438324
-0.111746,0.017443924000000003
-0.11067099999999999,0.017813522
-0.109597,0.017707122
-0.108522,0.017847122
-0.107448,0.018149520000000002
-0.106373,0.018015120000000003
-0.10529899999999999,0.01819432
-0.104224,0.018407120000000003
-0.10314999999999999,0.018255920000000002
-0.102075,0.018709518
-0.101001,0.018804716
-0.099926736,0.018681518
-0.098852256,0.019011916
-0.09777777600000001,0.019067916
-0.09670329600000001,0.019079116000000004
-0.095628816,0.019387114
-0.094554336,0.019387114
-0.093479848,0.019465514
-0.092405368,0.019728714
-0.09133089600000001,0.019650314000000002
-0.09025640800000001,0.019851912000000003
-0.08918192800000001,0.020070312
-0.088107448,0.019891112000000002
-0.087032968,0.020193512
-0.08595848,0.020327910000000005
-0.084884,0.020193512
-0.08380952800000001,0.02045111
-0.08273504000000001,0.02047351
-0.08166056000000001,0.02042871
-0.08058607200000001,0.02070871
-0.0795116,0.02061351
-0.07843712,0.02066391
-0.077362632,0.020910308000000002
-0.07628816000000001,0.020725508
-0.07521367200000001,0.020837508000000005
-0.074139192,0.021027906000000002
-0.073064712,0.020854308000000002
-0.071990232,0.021027906000000002
-0.070915752,0.021078308
-0.069841264,0.020915908
-0.068766784,0.021167906
-0.067692312,0.021207108000000002
-0.066617824,0.021061506
-0.065543348,0.021274306
-0.06446886,0.021190306000000003
-0.063394384,0.021195908
-0.062319900000000004,0.021487106000000002
-0.06124542,0.021363906000000002
-0.060170940000000006,0.021447904
-0.05909646,0.021621504
-0.058021976,0.021447904
-0.056947496,0.021683106
-0.055873016000000005,0.021767104000000002
-0.054798532000000004,0.021615906000000004
-0.053724056000000006,0.021867904
-0.052649572000000006,0.021851104000000003
-0.051575092,0.021739104
-0.050500608,0.021985504000000003
-0.049426128,0.021951904
-0.048351648000000004,0.021912702000000003
-0.047277168,0.022119902
-0.046202684,0.021957502
-0.045128204000000005,0.021991102000000002
-0.044053724,0.022187102
-0.04297924,0.022007904000000002
-0.041904764000000004,0.022187102
-0.040830280000000004,0.022243102
-0.0397558,0.022013502
-0.038681316,0.022254302000000004
-0.037606836000000005,0.022259902
-0.036532356,0.022119902
-0.035457876,0.022332702000000003
-0.034383392,0.022237502
-0.033308912,0.022321502000000003
-0.03223443,0.0225399
-0.031159950000000002,0.022394302
-0.030085470000000003,0.022433500000000002
-0.029010988,0.022612702000000002
-0.027936508000000002,0.0224447
-0.026862028000000003,0.022601502000000002
-0.025787546,0.022702300000000005
-0.024713064,0.022556702
-0.023638584,0.0227247
-0.022564102000000003,0.0227695
-0.02148962,0.0226463
-0.020415140000000002,0.0228591
-0.019340658,0.022831098
-0.018266178,0.0227919
-0.017191696,0.0230215
-0.016117215,0.022853498000000003
-0.015042735000000002,0.022864698000000003
-0.013968254000000001,0.023055100000000002
-0.012893773,0.022870300000000003
-0.011819292,0.023004698000000004
-0.01074481,0.0230663
-0.009670329,0.022898298000000004
-0.008595848,0.023071898
-0.007521367,0.023071898
-0.006446886000000001,0.022926300000000004
-0.005372405,0.023127898
-0.004297924,0.023060698
-0.0032234430000000003,0.0229543
-0.002148962,0.023116698
-0.001074481,0.022987900000000002
0.0,0.023071898
0.001074481,0.023155898000000005
0.002148962,0.0230103
0.0032234430000000003,0.023116698
0.004297924,0.023200698000000002
0.005372405,0.023060698
0.006446886000000001,0.023228698000000002
0.007521367,0.023279098
0.008595848,0.023127898
0.009670329,0.023368698000000004
0.01074481,0.023318296000000002
0.011819292,0.023267898000000002
0.012893773,0.023447096
0.013968254000000001,0.023363096000000003
0.015042735000000002,0.023351896000000004
0.016117215,0.023491896
0.017191696,0.023351896000000004
0.018266178,0.023475098000000003
0.019340658,0.023581496
0.020415140000000002,0.023391096
0.02148962,0.023547896000000002
0.022564102000000003,0.023559096
0.023638584,0.023407898
0.024713064,0.023603896
0.025787546,0.023525496000000003
0.026862028000000003,0.023452698
0.027936508000000002,0.023615096000000002
0.029010988,0.023514296000000004
0.030085470000000003,0.023497498000000002
0.031159950000000002,0.023643096000000002
0.03223443,0.023497498000000002
0.033308912,0.023570296
0.034383392,0.023704694000000002
0.035457876,0.023519898
0.036532356,0.023665496000000005
0.037606836000000005,0.023704694000000002
0.038681316,0.023559096
0.0397558,0.023771894000000002
0.040830280000000004,0.023732696
0.041904764000000004,0.023648696
0.04297924,0.023850294000000005
0.044053724,0.023783094
0.045128204000000005,0.023794294
0.046202684,0.023928696000000003
0.047277168,0.023827894000000002
0.048351648000000004,0.023883896
0.049426128,0.023984694
0.050500608,0.023878294
0.051575092,0.024040694
0.052649572000000006,0.024068694
0.053724056000000006,0.023889494
0.054798532000000004,0.024119094000000004
0.055873016000000005,0.024091094
0.056947496,0.023979094000000003
0.058021976,0.024197494000000003
0.05909646,0.024102294
0.060170940000000006,0.024079894
0.06124542,0.024225492
0.062319900000000004,0.024096694000000002
0.063394384,0.024147094
0.06446886,0.024225492
0.065543348,0.024057494
0.066617824,0.024197494000000003
0.067692312,0.024219894
0.068766784,0.024107894
0.069841264,0.024253494
0.070915752,0.024219894
0.071990232,0.024102294
0.073064712,0.024270292000000002
0.074139192,0.024208694
0.07521367200000001,0.024186294000000004
0.07628816000000001,0.024343092
0.077362632,0.024191892
0.07843712,0.024259092000000003
0.0795116,0.024348694
0.08058607200000001,0.024208694
0.08166056000000001,0.024326294000000002
0.08273504000000001,0.024354292
0.08380952800000001,0.024180692
0.084884,0.024331892
0.08595848,0.024309492000000002
0.087032968,0.024214292000000002
0.088107448,0.024371094
0.08918192800000001,0.024287094000000002
0.09025640800000001,0.024203092000000002
0.09133089600000001,0.024348694
0.092405368,0.024197494000000003
0.093479848,0.024219894
0.094554336,0.024298292
0.095628816,0.024124694000000002
0.09670329600000001,0.024219894
0.09777777600000001,0.024242294
0.098852256,0.024063094000000004
0.099926736,0.024180692
0.101001,0.024175094000000005
0.102075,0.024029494000000002
0.10314999999999999,0.024219894
0.104224,0.024147094
0.10529899999999999,0.024063094000000004
0.106373,0.024203092000000002
0.107448,0.024091094
0.108522,0.024085494000000002
0.109597,0.024180692
0.11067099999999999,0.024035094000000003
0.111746,0.024147094
0.11281999999999999,0.024180692
0.113894,0.024040694
0.11496899999999999,0.024180692
0.116043,0.024152694000000002
0.117118,0.024029494000000002
0.11819199999999999,0.024197494000000003
0.119267,0.024147094
0.12034099999999999,0.024102294
0.121416,0.024191892
0.12248999999999999,0.024079894
0.123565,0.024079894
0.124639,0.024175094000000005
0.125714,0.024023894000000004
0.12678799999999998,0.024119094000000004
0.127863,0.024119094000000004
0.128937,0.023984694
0.130012,0.024102294
0.13108599999999998,0.024079894
0.132161,0.023945494
0.133235,0.024079894
0.13430999999999998,0.024007094
0.135384,0.023928696000000003
0.136459,0.024046294000000003
0.137533,0.023979094000000003
0.13860799999999998,0.023945494
0.139682,0.024040694
0.140757,0.023906296
0.14183099999999998,0.023995894
0.142905,0.024051894
0.14398,0.023917496
0.145054,0.024063094000000004
0.14612899999999998,0.024046294000000003
0.147203,0.023945494
0.148278,0.024113494
0.14935199999999998,0.024063094000000004
0.150427,0.024012694000000005
0.151501,0.024147094
0.152576,0.024035094000000003
0.15364999999999998,0.024018294000000003
0.154725,0.024152694000000002
0.155799,0.024051894
0.15687399999999999,0.024119094000000004
0.157948,0.024175094000000005
0.159023,0.024012694000000005
0.160097,0.024152694000000002
0.16117199999999998,0.024124694000000002
0.162246,0.024001494
0.163321,0.024147094
0.16439499999999999,0.024119094000000004
0.16547,0.024029494000000002
0.166544,0.024158292
0.167619,0.024068694
0.16869299999999998,0.024040694
0.169768,0.024147094
0.170842,0.024018294000000003
0.17191599999999999,0.024113494
0.172991,0.024169492
0.174065,0.024023894000000004
0.17514,0.024141494000000003
0.17621399999999998,0.024147094
0.177289,0.024035094000000003
0.178363,0.024186294000000004
0.179438,0.024158292
0.18051199999999998,0.024091094
0.181587,0.024231094
0.182661,0.024135894
0.18373599999999998,0.024113494
0.18481,0.024242294
0.185885,0.024107894
0.186959,0.024163894
0.18803399999999998,0.024231094
0.189108,0.024107894
0.190183,0.024203092000000002
0.19125699999999998,0.024197494000000003
0.192332,0.024068694
0.193406,0.024214292000000002
0.194481,0.024186294000000004
0.19555499999999998,0.024074294000000003
0.19663,0.024203092000000002
0.197704,0.024119094000000004
0.19877799999999998,0.024085494000000002
0.199853,0.024186294000000004
0.200927,0.024068694
0.202002,0.024085494000000002
0.20307599999999998,0.024124694000000002
0.204151,0.023979094000000003
0.205225,0.024074294000000003
0.20629999999999998,0.024102294
0.207374,0.023962296
0.208449,0.024107894
0.209523,0.024057494
0.21059799999999998,0.023979094000000003
0.211672,0.024107894
0.212747,0.024051894
0.21382099999999998,0.024023894000000004
0.214896,0.024113494
0.21597,0.024035094000000003
0.217045,0.024057494
0.21811899999999998,0.024124694000000002
0.219194,0.024007094
0.220268,0.024113494
0.22134299999999998,0.024107894
0.222417,0.023962296
0.223492,0.024124694000000002
0.224566,0.024085494000000002
0.22564099999999998,0.023995894
0.226715,0.024130294000000004
0.227789,0.024051894
0.22886399999999998,0.023984694
0.22993799999999998,0.024096694000000002
0.231013,0.023984694
0.232087,0.024023894000000004
0.23316199999999998,0.024079894
0.234236,0.023928696000000003
0.235311,0.024007094
0.23638499999999998,0.024018294000000003
0.23745999999999998,0.023867094000000002
0.238534,0.024007094
0.239609,0.023973496
0.24068299999999998,0.023872696
0.241758,0.024018294000000003
0.242832,0.023945494
0.24390699999999998,0.023895096
0.24498099999999998,0.024001494
0.246056,0.023906296
0.24713,0.023928696000000003
0.24820499999999998,0.024007094
0.249279,0.023867094000000002
0.25035399999999997,0.023979094000000003
0.251428,0.023995894
0.252503,0.023861496
0.253577,0.024001494
0.254652,0.023939896000000002
0.255726,0.023850294000000005
0.2568,0.024001494
0.25787499999999997,0.023939896000000002
0.258949,0.023855894000000002
0.260024,0.023973496
0.261098,0.023861496
0.262173,0.023872696
0.263247,0.023951096
0.264322,0.023822296000000003
0.26539599999999997,0.023883896
0.266471,0.023917496
0.267545,0.023766296
0.26861999999999997,0.023889494
0.269694,0.023850294000000005
0.270769,0.023710296
0.271843,0.023850294000000005
0.272918,0.023766296
0.273992,0.023676696000000004
0.275067,0.023833496000000003
0.27614099999999997,0.023704694000000002
0.27721599999999996,0.023682296000000002
0.27829,0.023766296
0.279365,0.023637496
0.280439,0.023721496
0.281514,0.023749494000000003
0.282588,0.023615096000000002
0.283663,0.023727094
0.28473699999999996,0.023721496
0.285811,0.023620696000000004
0.286886,0.023749494000000003
0.28796,0.023704694000000002
0.289035,0.023620696000000004
0.290109,0.023755096
0.291184,0.023631896000000003
0.29225799999999996,0.023626296
0.293333,0.023738294
0.294407,0.023598296
0.29548199999999997,0.023665496000000005
0.296556,0.023676696000000004
0.297631,0.023553496
0.298705,0.023671096000000003
0.29978,0.023643096000000002
0.300854,0.023519898
0.301929,0.023648696
0.30300299999999997,0.023587096000000002
0.30407799999999996,0.023508698
0.305152,0.023626296
0.30622699999999997,0.023475098000000003
0.307301,0.023463898
0.308376,0.023536696000000003
0.30945,0.023424696000000002
0.310525,0.023463898
0.31159899999999996,0.023508698
0.312673,0.023379898000000003
0.31374799999999997,0.023497498000000002
0.314822,0.023480696000000002
0.315897,0.023368698000000004
0.316971,0.023519898
0.318046,0.023452698
0.31911999999999996,0.023368698000000004
0.320195,0.023514296000000004
0.32126899999999997,0.023419098
0.32234399999999996,0.023407898
0.323418,0.023491896
0.324493,0.023368698000000004
0.325567,0.023430298000000002
0.326642,0.023463898
0.327716,0.023318296000000002
0.328791,0.023402296000000003
0.32986499999999996,0.023430298000000002
0.33094,0.023301498
0.332014,0.023402296000000003
0.33308899999999997,0.023312698
0.334163,0.023217498000000003
0.335238,0.023357498
0.336312,0.023234298
0.337387,0.023200698000000002
0.338461,0.023279098
0.339536,0.023155898000000005
0.34060999999999997,0.023172698000000002
0.341684,0.023217498000000003
0.342759,0.023049498000000005
0.343833,0.023183898
0.344908,0.023161498000000003
0.345982,0.023027098000000003
0.347057,0.023150298
0.34813099999999997,0.023099898
0.34920599999999996,0.023004698000000004
0.35028,0.023144698000000002
0.351355,0.0230663
0.352429,0.023027098000000003
0.353504,0.023127898
0.354578,0.0230103
0.355653,0.023043900000000003
0.35672699999999996,0.023088698
0.357802,0.022937498
0.358876,0.023049498000000005
0.35995099999999997,0.023015898000000003
0.361025,0.022892700000000002
0.3621,0.023043900000000003
0.363174,0.022993498
0.364249,0.022881500000000003
0.365323,0.0230103
0.366398,0.022909498000000004
0.36747199999999997,0.022864698000000003
0.368546,0.022976700000000003
0.369621,0.0228367
0.370695,0.022892700000000002
0.37177,0.022909498000000004
0.372844,0.0227695
0.373919,0.022864698000000003
0.37499299999999997,0.022842298000000004
0.37606799999999996,0.022702300000000005
0.377142,0.022842298000000004
0.37821699999999997,0.022797498000000003
0.379291,0.0226743
0.380366,0.022814300000000003
0.38144,0.0227359
0.382515,0.022679900000000003
0.38358899999999996,0.0228031
0.384664,0.022657500000000004
0.38573799999999997,0.022691100000000002
0.38681299999999996,0.0227415
0.387887,0.0226183
0.388962,0.022691100000000002
0.390036,0.0226855
0.391111,0.022551100000000004
0.392185,0.022657500000000004
0.39326,0.0226071
0.39433399999999996,0.0224839
0.39540899999999995,0.022635100000000002
0.396483,0.022517500000000003
0.397557,0.0224559
0.398632,0.022567902
0.399706,0.022433500000000002
0.400781,0.022439102000000002
0.40185499999999996,0.0224839
0.40292999999999995,0.022343900000000003
0.404004,0.022405502
0.40507899999999997,0.022399900000000004
0.406153,0.022231902
0.407228,0.022366300000000002
0.408302,0.022315902000000002
0.409377,0.022159102000000003
0.41045099999999995,0.022299102
0.411526,0.022215102
0.41259999999999997,0.022153502000000002
0.41367499999999996,0.022243102
0.414749,0.022119902
0.41582399999999997,0.022136704000000004
0.416898,0.022198302000000003
0.417973,0.022063902
0.419047,0.022153502000000002
0.420122,0.022164702
0.42119599999999996,0.022041502000000004
0.422271,0.022259902
0.42334499999999997,0.022282302
0.42441999999999996,0.022170302000000003
0.425494,0.022237502
0.426568,0.022086302
0.427643,0.021985504000000003
0.42871699999999996,0.022108702
0.429792,0.022030302
0.43086599999999997,0.022063902
0.43194099999999996,0.022192702
0.433015,0.022114304
0.43409,0.022187102
0.435164,0.022248702000000002
0.436239,0.022125504000000004
0.437313,0.022287902000000002
0.438388,0.022276702000000002
0.43946199999999996,0.022198302000000003
0.44053699999999996,0.022383102000000002
0.441611,0.022338302
0.44268599999999997,0.022299102
0.44376,0.0224559
0.444835,0.022405502
0.445909,0.022433500000000002
0.446984,0.0226071
0.44805799999999996,0.022517500000000003
0.449133,0.0226407
0.45020699999999997,0.0227415
0.45128199999999996,0.0226743
0.452356,0.022881500000000003
0.45343,0.0229151
0.454505,0.022881500000000003
0.45557899999999996,0.023127898
0.456654,0.023144698000000002
0.45772799999999997,0.023161498000000003
0.45880299999999996,0.023396698
0.459877,0.023413496000000002
0.460952,0.023491896
0.462026,0.023699096000000003
0.463101,0.023693496
0.464175,0.023889494
0.46525,0.024035094000000003
0.46632399999999996,0.024035094000000003
0.46739899999999995,0.024303892000000004
0.468473,0.024432692000000002
0.46954799999999997,0.024460692
0.470622,0.02477429
0.471697,0.024869492
0.472771,0.02493669
0.473846,0.025278290000000002
0.47491999999999995,0.025356688000000002
0.475995,0.025519088000000002
0.47706899999999997,0.025843886000000003
0.47814399999999996,0.025916686
0.479218,0.026191084000000003
0.48029299999999997,0.026459882
0.481367,0.026577482000000003
0.48244099999999995,0.026935880000000002
0.483516,0.027193480000000003
0.48458999999999997,0.027327880000000002
0.48566499999999996,0.027770278000000002
0.486739,0.028027876
0.48781399999999997,0.028246276
0.488888,0.028716672000000002
0.489963,0.028940674000000003
0.491037,0.029248670000000004
0.492112,0.029730270000000003
0.49318599999999996,0.029954270000000005
0.49426099999999995,0.030379866000000002
0.49533499999999997,0.030822264000000002
0.49640999999999996,0.031068664000000003
0.497484,0.031583860000000005
0.498559,0.032003858
0.499633,0.032311858
0.5007079999999999,0.032922256000000004
0.501782,0.033319854
0.502857,0.033689452
0.503931,0.034311048000000004
0.505006,0.034719848
0.50608,0.035179048000000004
0.507155,0.03585104
0.5082289999999999,0.036276640000000006
0.509304,0.036842240000000005
0.510378,0.037480636
0.511452,0.037923036
0.512527,0.038623028000000004
0.513601,0.039233428
0.514676,0.039743024
0.5157499999999999,0.040555024
0.516825,0.041171016000000005
0.517899,0.04172541600000001
0.5189739999999999,0.04258221200000001
0.520048,0.043192612000000005
0.521123,0.043842208
0.522197,0.044699004
0.523272,0.04531500000000001
0.524346,0.046070996
0.525421,0.046882996
0.5264949999999999,0.047454188
0.52757,0.04823258800000001
0.528644,0.048949384000000006
0.5297189999999999,0.048671660000000005
0.530793,0.049218532
0.531868,0.050421652000000004
0.532942,0.05085914800000001
0.534017,0.052171644
0.535091,0.05315601200000001
0.5361659999999999,0.053702888000000004
0.5372399999999999,0.055124752000000006
0.538314,0.056218500000000005
0.539389,0.056656
0.540463,0.058296616
0.541538,0.059171612000000005
0.542612,0.05993723200000001
0.5436869999999999,0.06146848
0.5447609999999999,0.06234347600000001
0.545836,0.06332784
0.54691,0.064859088
0.5479849999999999,0.065515332
0.549059,0.06693720400000001
0.550134,0.068249696
0.5512079999999999,0.06890594400000001
0.552283,0.07054656000000001
0.553357,0.07174968000000001
0.5544319999999999,0.07240592800000001
0.5555059999999999,0.07415592
0.556581,0.07524966400000001
0.557655,0.076124664
0.55873,0.07787465600000001
0.559804,0.078749648
0.560879,0.07984340000000001
0.5619529999999999,0.08148400800000001
0.563028,0.08235900800000001
0.564102,0.083780872
0.5651769999999999,0.085202752
0.566251,0.08585899200000001
0.567326,0.08760899200000001
0.5684,0.08892148000000001
0.5694739999999999,0.08957772800000001
0.570549,0.09132772000000001
0.571623,0.092640216
0.5726979999999999,0.09340584000000002
0.573772,0.09526520000000001
0.574847,0.09624956800000001
0.575921,0.09745268800000001
0.576996,0.09898393600000001
0.57807,0.099749552
0.579145,0.10139
0.5802189999999999,0.102921
0.581294,0.10346799999999999
0.582368,0.105327
0.5834429999999999,0.106749
0.584517,0.107515
0.585592,0.10926499999999999
0.586666,0.110577
0.587741,0.111343
0.588815,0.113311
0.58989,0.11440499999999999
0.5909639999999999,0.11549899999999999
0.592039,0.11714000000000001
0.593113,0.11812399999999999
0.5941879999999999,0.119655
0.595262,0.12118600000000002
0.596336,0.121952
0.597411,0.12381099999999999
0.5984849999999999,0.12523299999999998
0.59956,0.125999
0.600634,0.128077
0.6017089999999999,0.12928
0.602783,0.130155
0.603858,0.132124
0.604932,0.13332699999999997
0.606007,0.13453
0.607081,0.13638999999999998
0.6081559999999999,0.137483
0.6092299999999999,0.139015
0.610305,0.140764
0.611379,0.141639
0.6124539999999999,0.14349900000000002
0.613528,0.14524900000000002
0.614603,0.146014
0.6156769999999999,0.148093
0.616752,0.149733
0.617826,0.150718
0.6189009999999999,0.152905
0.6199749999999999,0.154218
0.62105,0.15553
0.622124,0.157718
0.6231979999999999,0.158811
0.624273,0.160561
0.625347,0.16252999999999998
0.6264219999999999,0.163733
0.6274959999999999,0.16581100000000001
0.628571,0.16777999999999998
0.629645,0.168764
0.63072,0.171171
0.631794,0.17303000000000002
0.632869,0.174124
0.6339429999999999,0.176639
0.635018,0.17828
0.636092,0.179702
0.6371669999999999,0.182108
0.638241,0.183749
0.639316,0.185717
0.64039,0.18801400000000001
0.641465,0.189436
0.642539,0.191733
0.643614,0.19403
0.6446879999999999,0.195452
0.645763,0.198077
0.646837,0.200264
0.6479119999999999,0.201686
0.648986,0.204639
0.650061,0.20660799999999999
0.651135,0.20846699999999999
0.6522089999999999,0.211202
0.653284,0.21328
0.654358,0.215577
0.6554329999999999,0.21820199999999998
0.656507,0.22017
0.657582,0.222795
0.658656,0.22553
0.659731,0.227389
0.660805,0.230342
0.66188,0.23307699999999998
0.6629539999999999,0.234936
0.664029,0.23821699999999998
0.665103,0.240733
0.6661779999999999,0.24292
0.667252,0.24642
0.668327,0.24882700000000002
0.669401,0.251452
0.670476,0.25484199999999996
0.67155,0.257139
0.6726249999999999,0.260201
0.6736989999999999,0.263483
0.674774,0.26577999999999996
0.675848,0.269389
0.6769229999999999,0.272561
0.677997,0.274967
0.679072,0.27890499999999996
0.6801459999999999,0.281967
0.6812199999999999,0.284701
0.682295,0.288529
0.683369,0.29159199999999996
0.6844439999999999,0.29476399999999997
0.685518,0.29859199999999997
0.686593,0.30165400000000003
0.6876669999999999,0.305264
0.688742,0.309092
0.689816,0.311936
0.6908909999999999,0.315982
0.6919649999999999,0.31981099999999996
0.69304,0.322873
0.694114,0.32713899999999996
0.695189,0.330857
0.696263,0.334029
0.697338,0.338514
0.6984119999999999,0.34223200000000004
0.699487,0.345842
0.700561,0.350435
0.7016359999999999,0.353826
0.70271,0.357873
0.703785,0.362357
0.704859,0.365748
0.705934,0.37034199999999995
0.707008,0.37471699999999997
0.708083,0.37821699999999997
0.7091569999999999,0.383138
0.710231,0.38740399999999997
0.711306,0.390904
0.71238,0.396045
0.713455,0.400201
0.714529,0.404138
0.715604,0.40906
0.7166779999999999,0.413107
0.717753,0.417701
0.718827,0.422404
0.7199019999999999,0.42634099999999997
0.720976,0.431373
0.722051,0.43640399999999996
0.723125,0.44023199999999996
0.7242,0.44526299999999996
0.725274,0.45007600000000003
0.726349,0.45390400000000003
0.7274229999999999,0.459263
0.728498,0.46374699999999996
0.729572,0.467794
0.7306469999999999,0.47315399999999996
0.731721,0.47731
0.732796,0.481904
0.7338699999999999,0.487044
0.734945,0.491091
0.736019,0.495904
0.737093,0.5009349999999999
0.7381679999999999,0.504763
0.739242,0.509794
0.740317,0.514607
0.7413909999999999,0.518435
0.742466,0.523575
0.74354,0.5280600000000001
0.7446149999999999,0.5319969999999999
0.7456889999999999,0.537138
0.746764,0.5412939999999999
0.747838,0.54545
0.7489129999999999,0.550263
0.749987,0.554091
0.751062,0.558685
0.7521359999999999,0.5631689999999999
0.753211,0.5667779999999999
0.754285,0.5715910000000001
0.7553599999999999,0.575747
0.7564339999999999,0.5792470000000001
0.757509,0.584059
0.758583,0.588106
0.7596579999999999,0.591278
0.760732,0.595762
0.761807,0.599372
0.7628809999999999,0.6030909999999999
0.7639549999999999,0.607247
0.76503,0.610309
0.766104,0.6141369999999999
0.7671789999999999,0.618075
0.768253,0.62059
0.769328,0.624528
0.7704019999999999,0.6281370000000001
0.771477,0.630544
0.772551,0.6343719999999999
0.7736259999999999,0.6374340000000001
0.7746999999999999,0.6396219999999999
0.775775,0.643231
0.776849,0.645747
0.777924,0.648262
0.778998,0.651543
0.780073,0.653293
0.7811469999999999,0.6557000000000001
0.782222,0.658543
0.783296,0.660184
0.7843709999999999,0.6625899999999999
0.785445,0.6649970000000001
0.78652,0.6662
0.787594,0.668606
0.788669,0.6703560000000001
0.789743,0.671231
0.7908179999999999,0.6736369999999999
0.7918919999999999,0.67484
0.792967,0.6757150000000001
0.794041,0.677684
0.795115,0.678121
0.79619,0.679215
0.797264,0.6806369999999999
0.7983389999999999,0.680528
0.7994129999999999,0.681621
0.800488,0.682606
0.801562,0.6820590000000001
0.8026369999999999,0.6829339999999999
0.803711,0.683262
0.804786,0.682606
0.8058599999999999,0.6833710000000001
0.806935,0.683262
0.808009,0.682606
0.8090839999999999,0.6827150000000001
0.8101579999999999,0.68195
0.811233,0.681512
0.812307,0.6812929999999999
0.8133819999999999,0.679871
0.814456,0.679325
0.815531,0.6789959999999999
0.8166049999999999,0.677137
0.81768,0.6765899999999999
0.818754,0.675606
0.8198289999999999,0.6736369999999999
0.8209029999999999,0.672872
0.821978,0.671559
0.823052,0.669481
0.8241259999999999,0.668606
0.825201,0.6667470000000001
0.826275,0.6648869999999999
0.8273499999999999,0.663575
0.8284239999999999,0.661168
0.829499,0.659528
0.830573,0.6578869999999999
0.8316479999999999,0.655043
0.832722,0.6536219999999999
0.833797,0.651653
0.8348709999999999,0.648809
0.835946,0.647387
0.83702,0.64509
0.8380949999999999,0.642356
0.8391689999999999,0.640606
0.840244,0.637981
0.841318,0.635465
0.842393,0.633387
0.843467,0.630544
0.844542,0.6283559999999999
0.8456159999999999,0.626278
0.846691,0.622997
0.847765,0.621137
0.8488399999999999,0.618731
0.849914,0.6154499999999999
0.850988,0.6136999999999999
0.852063,0.611184
0.8531369999999999,0.608122
0.854212,0.6060439999999999
0.855286,0.6032
0.8563609999999999,0.600684
0.857435,0.5986060000000001
0.85851,0.595325
0.859584,0.593247
0.860659,0.591169
0.861733,0.587888
0.8628079999999999,0.585919
0.8638819999999999,0.583731
0.864957,0.580341
0.866031,0.5784809999999999
0.8671059999999999,0.576075
0.86818,0.572903
0.869255,0.571263
0.8703289999999999,0.5685279999999999
0.871404,0.565903
0.872478,0.564153
0.8735529999999999,0.56131
0.8746269999999999,0.559231
0.875702,0.557481
0.876776,0.554419
0.8778499999999999,0.5525599999999999
0.878925,0.5509189999999999
0.879999,0.547856
0.8810739999999999,0.5463250000000001
0.8821479999999999,0.544356
0.883223,0.541841
0.884297,0.540528
0.8853719999999999,0.538231
0.886446,0.536044
0.887521,0.5349499999999999
0.8885949999999999,0.532435
0.88967,0.5310130000000001
0.890744,0.5295909999999999
0.8918189999999999,0.527075
0.8928929999999999,0.525763
0.893968,0.52456
0.895042,0.522263
0.8961169999999999,0.521607
0.897191,0.519966
0.898266,0.518107
0.8993399999999999,0.5173409999999999
0.900415,0.515919
0.901489,0.5140600000000001
0.9025639999999999,0.513403
0.9036379999999999,0.511872
0.904713,0.510997
0.905787,0.510122
0.9068609999999999,0.5085909999999999
0.907936,0.507825
0.90901,0.5074970000000001
0.9100849999999999,0.505528
0.9111589999999999,0.5056379999999999
0.912234,0.5052
0.913308,0.503669
0.914383,0.503779
0.915457,0.503122
0.916532,0.502247
0.9176059999999999,0.502247
0.918681,0.501263
0.919755,0.501154
0.9208299999999999,0.501482
0.921904,0.5004970000000001
0.922979,0.500607
0.924053,0.501044
0.925128,0.500169
0.926202,0.5007159999999999
0.9272769999999999,0.5009349999999999
0.9283509999999999,0.5004970000000001
0.929426,0.501591
0.9305,0.501482
0.9315749999999999,0.5013719999999999
0.932649,0.502466
0.933724,0.502466
0.9347979999999999,0.502904
0.9358719999999999,0.504107
0.936947,0.503997
0.938021,0.50531
0.9390959999999999,0.506403
0.94017,0.506513
0.941245,0.507825
0.9423189999999999,0.508919
0.943394,0.509138
0.944468,0.511107
0.9455429999999999,0.5122
0.9466169999999999,0.513185
0.947692,0.5151530000000001
0.948766,0.516138
0.9498409999999999,0.51745
0.950915,0.5196379999999999
0.95199,0.520513
0.9530639999999999,0.5226999999999999
0.954139,0.5249969999999999
0.955213,0.525982
0.9562879999999999,0.528388
0.9573619999999999,0.5310130000000001
0.958437,0.532216
0.959511,0.535278
0.9605859999999999,0.537575
0.96166,0.539216
0.962735,0.542497
0.9638089999999999,0.544575
0.9648829999999999,0.54731
0.965958,0.550481
0.967032,0.552778
0.9681069999999999,0.55606
0.969181,0.55945
0.970256,0.561747
0.9713299999999999,0.5654659999999999
0.972405,0.569184
0.973479,0.571919
0.9745539999999999,0.5762940000000001
0.9756279999999999,0.5799030000000001
0.976703,0.5831839999999999
0.977777,0.587888
0.9788519999999999,0.5914969999999999
0.979926,0.595653
0.9810009999999999,0.600466
0.9820749999999999,0.603966
0.98315,0.608669
0.984224,0.6138089999999999
0.9852989999999999,0.6177469999999999
0.9863729999999999,0.623325
0.987448,0.628575
0.9885219999999999,0.632731
0.989597,0.638856
0.990671,0.6443249999999999
0.991745,0.649247
0.9928199999999999,0.65559
0.9938939999999999,0.661059
0.994969,0.6667470000000001
0.9960429999999999,0.6736369999999999
0.997118,0.679325
0.998192,0.6859959999999999
0.9992669999999999,0.692996
1.000341,0.698793
1.0014159999999999,0.706231
1.0024899999999999,0.71334
1.003565,0.719793
1.004639,0.7278870000000001
1.005714,0.735324
1.006788,0.741887
1.007863,0.7507459999999999
1.008937,0.758074
1.010012,0.76573
1.011086,0.7746989999999999
1.0121609999999999,0.782465
1.0132349999999999,0.791215
1.01431,0.80073
1.015384,0.808168
1.016459,0.817902
1.017533,0.827855
1.018608,0.836168
1.019682,0.84623
1.020756,0.856293
1.021831,0.865261
1.022905,0.876417
1.02398,0.886261
1.025054,0.8964329999999999
1.0261289999999998,0.907917
1.0272029999999999,0.9180889999999999
1.028278,0.929573
1.029352,0.941277
1.030427,0.951777
1.031501,0.964136
1.032576,0.976495
1.03365,0.987214
1.034725,1.0005570000000001
1.035799,1.012807
1.0368739999999999,1.024401
1.0379479999999999,1.038401
1.039023,1.051089
1.040097,1.0635569999999999
1.041172,1.077995
1.042246,1.0911199999999999
1.043321,1.105338
1.044395,1.1199949999999999
1.04547,1.133338
1.046544,1.147994
1.047618,1.163526
1.0486929999999999,1.177525
1.049767,1.193932
1.050842,1.2099
1.0519159999999999,1.2243380000000001
1.052991,1.241619
1.054065,1.257588
1.05514,1.2737749999999999
1.056214,1.291056
1.057289,1.3079
1.058363,1.3254000000000001
1.0594379999999999,1.343994
1.060512,1.361056
1.061587,1.3798679999999999
1.0626609999999999,1.399337
1.063736,1.417274
1.06481,1.4373989999999999
1.065885,1.4573049999999999
1.066959,1.476337
1.068034,1.49843
1.069108,1.518118
1.0701829999999999,1.538243
1.071257,1.5607739999999999
1.0723319999999998,1.581774
1.0734059999999999,1.603211
1.074481,1.626617
1.075555,1.648273
1.076629,1.6718979999999999
1.077704,1.6959609999999998
1.078778,1.718273
1.079853,1.7438669999999998
1.080927,1.769023
1.082002,1.792648
1.083076,1.820648
1.0841509999999999,1.8458039999999998
1.0852249999999999,1.872272
1.0863,1.90071
1.0873739999999998,1.927397
1.088449,1.9564909999999998
1.089523,1.985803
1.090598,2.0133650000000003
1.091672,2.04399
1.092747,2.0759279999999998
1.093821,2.102178
1.0948959999999999,2.083365
1.0959699999999999,2.060178
1.097045,2.0479279999999997
1.0981189999999998,2.04049
1.099194,2.026928
1.100268,2.020365
1.101343,2.0133650000000003
1.102417,2.000241
1.103492,1.9967409999999999
1.104566,1.9884279999999999
1.1056409999999999,1.977053
1.106715,1.974428
1.107789,1.964366
1.1088639999999998,1.955616
1.1099379999999999,1.9534280000000002
1.111013,1.9420529999999998
1.112087,1.9354909999999999
1.113162,1.9324279999999998
1.114236,1.921053
1.115311,1.9171159999999998
1.116385,1.911428
1.11746,1.900928
1.118534,1.898741
1.1196089999999999,1.8921789999999998
1.1206829999999999,1.882116
1.121758,1.881241
1.122832,1.8724910000000001
1.123907,1.8646159999999998
1.124981,1.864179
1.126056,1.854554
1.12713,1.8484289999999999
1.128205,1.846679
1.129279,1.837054
1.1303539999999999,1.833554
1.1314279999999999,1.830491
1.132503,1.8204289999999999
1.133577,1.819116
1.134652,1.813866
1.135726,1.804679
1.1368,1.804679
1.137875,1.796804
1.138949,1.7902419999999999
1.140024,1.789804
1.141098,1.781054
1.1421729999999999,1.775804
1.143247,1.775367
1.1443219999999998,1.766179
1.1453959999999999,1.763992
1.146471,1.761367
1.147545,1.752179
1.14862,1.751304
1.149694,1.746929
1.150769,1.738617
1.151843,1.739929
1.1529179999999999,1.733804
1.153992,1.727679
1.1550669999999998,1.7281170000000001
1.1561409999999999,1.7206789999999998
1.157216,1.7171789999999998
1.15829,1.7171789999999998
1.159365,1.708429
1.160439,1.706242
1.161514,1.704929
1.162588,1.696617
1.163663,1.696617
1.164737,1.692679
1.165811,1.685242
1.1668859999999999,1.6861169999999999
1.1679599999999999,1.681305
1.169035,1.67518
1.1701089999999998,1.6764919999999999
1.171184,1.669492
1.172258,1.665117
1.173333,1.66643
1.174407,1.658555
1.175482,1.656367
1.176556,1.655492
1.1776309999999999,1.648055
1.178705,1.648055
1.17978,1.644555
1.1808539999999998,1.637555
1.181929,1.639305
1.183003,1.634492
1.184078,1.628367
1.185152,1.630555
1.186227,1.623555
1.187301,1.6143669999999999
1.1883759999999999,1.61218
1.18945,1.607805
1.190525,1.60168
1.1915989999999999,1.599492
1.1926729999999999,1.594242
1.193748,1.588992
1.194822,1.5859299999999998
1.195897,1.581117
1.196971,1.57718
1.198046,1.57368
1.19912,1.5684299999999998
1.200195,1.56493
1.201269,1.5614299999999999
1.2023439999999999,1.55618
1.2034179999999999,1.553555
1.204493,1.550055
1.205567,1.544368
1.206642,1.5426179999999998
1.207716,1.53868
1.208791,1.533868
1.209865,1.53168
1.21094,1.526868
1.212014,1.523368
1.2130889999999999,1.520305
1.2141629999999999,1.51593
1.215238,1.51243
1.2163119999999998,1.509805
1.217387,1.504993
1.218461,1.502805
1.219535,1.4993049999999999
1.22061,1.49493
1.221684,1.49318
1.222759,1.489243
1.223833,1.4853049999999999
1.2249079999999999,1.483555
1.225982,1.479618
1.2270569999999998,1.4756799999999999
1.2281309999999999,1.47393
1.229206,1.469555
1.23028,1.46693
1.231355,1.4647430000000001
1.232429,1.45993
1.233504,1.457743
1.234578,1.455555
1.235653,1.4511809999999998
1.236727,1.4494310000000001
1.2378019999999998,1.446368
1.2388759999999999,1.442868
1.239951,1.441118
1.241025,1.4371809999999998
1.2421,1.434556
1.243174,1.432806
1.244249,1.429306
1.245323,1.426243
1.246397,1.424931
1.247472,1.420993
1.248546,1.418806
1.2496209999999999,1.417056
1.250695,1.4126809999999999
1.25177,1.411368
1.2528439999999998,1.4083059999999998
1.253919,1.405243
1.254993,1.403931
1.256068,1.400868
1.257142,1.3978059999999999
1.258217,1.396056
1.259291,1.3925560000000001
1.2603659999999999,1.390368
1.26144,1.389056
1.262515,1.385556
1.2635889999999999,1.3838059999999999
1.264664,1.3816179999999998
1.265738,1.378118
1.266813,1.377243
1.267887,1.374181
1.268962,1.371118
1.270036,1.3702429999999999
1.2711109999999999,1.367618
1.272185,1.364993
1.273259,1.3636810000000001
1.2743339999999999,1.360181
1.2754079999999999,1.358431
1.276483,1.357118
1.2775569999999998,1.353619
1.278632,1.352306
1.279706,1.3509939999999998
1.280781,1.347494
1.281855,1.346618
1.28293,1.344431
1.284004,1.341369
1.2850789999999999,1.3404939999999999
1.2861529999999999,1.338306
1.287228,1.335681
1.2883019999999998,1.3348060000000002
1.289377,1.331744
1.290451,1.329556
1.291526,1.328244
1.2926,1.325181
1.293675,1.323869
1.294749,1.3225559999999998
1.2958239999999999,1.3194940000000002
1.2968979999999999,1.318619
1.297973,1.316869
1.2990469999999998,1.313806
1.300122,1.313806
1.301196,1.3116189999999999
1.30227,1.3085559999999998
1.303345,1.3085559999999998
1.304419,1.3059310000000002
1.305494,1.303744
1.306568,1.302869
1.3076429999999999,1.299806
1.308717,1.298931
1.3097919999999998,1.297619
1.3108659999999999,1.2945559999999998
1.311941,1.2936809999999999
1.313015,1.2923689999999999
1.31409,1.289306
1.315164,1.288869
1.316239,1.2871190000000001
1.317313,1.284931
1.318388,1.2840559999999999
1.319462,1.281431
1.3205369999999998,1.2792439999999998
1.3216109999999999,1.2788059999999999
1.322686,1.275744
1.32376,1.274869
1.324835,1.273994
1.325909,1.270931
1.326984,1.270056
1.328058,1.2687439999999999
1.329133,1.2656809999999998
1.330207,1.2656809999999998
1.331281,1.263931
1.3323559999999999,1.261744
1.33343,1.261306
1.3345049999999998,1.259119
1.3355789999999998,1.257369
1.336654,1.256931
1.337728,1.254306
1.338803,1.252994
1.339877,1.252556
1.340952,1.2494939999999999
1.342026,1.249056
1.3431009999999999,1.248182
1.344175,1.245556
1.3452499999999998,1.245119
1.3463239999999999,1.243369
1.347399,1.2411809999999999
1.348473,1.2411809999999999
1.349548,1.238556
1.350622,1.2368059999999998
1.351697,1.2368059999999998
1.352771,1.234182
1.3538459999999999,1.233306
1.35492,1.232432
1.3559949999999998,1.229807
1.3570689999999999,1.229369
1.358144,1.228057
1.359218,1.2258689999999999
1.360293,1.2258689999999999
1.361367,1.224119
1.362441,1.221932
1.363516,1.2223689999999998
1.36459,1.219744
1.365665,1.217994
1.366739,1.217994
1.3678139999999999,1.215807
1.3688879999999999,1.214494
1.369963,1.214057
1.3710369999999998,1.211869
1.372112,1.2105569999999999
1.373186,1.210119
1.374261,1.2074939999999998
1.375335,1.2074939999999998
1.37641,1.2066189999999999
1.377484,1.203994
1.3785589999999999,1.203994
1.3796329999999999,1.202244
1.380708,1.200494
1.3817819999999998,1.200494
1.382857,1.198307
1.383931,1.197432
1.385006,1.196994
1.38608,1.194369
1.387155,1.1934939999999998
1.388229,1.193057
1.3893039999999999,1.190869
1.390378,1.190869
1.3914529999999998,1.189557
1.3925269999999998,1.1873690000000001
1.3936009999999999,1.1873690000000001
1.394676,1.185619
1.39575,1.183869
1.396825,1.183869
1.397899,1.181682
1.398974,1.181244
1.400048,1.180807
1.401123,1.1781819999999998
1.402197,1.1786189999999999
1.4032719999999999,1.177744
1.4043459999999999,1.175557
1.405421,1.175557
1.4064949999999998,1.174244
1.40757,1.1724940000000001
1.408644,1.1724940000000001
1.409719,1.171182
1.410793,1.169432
1.411868,1.169432
1.412942,1.167244
1.4140169999999999,1.166369
1.4150909999999999,1.166369
1.416166,1.163744
1.4172399999999998,1.1633069999999999
1.418315,1.162869
1.419389,1.160682
1.420463,1.160682
1.421538,1.160244
1.422612,1.157619
1.423687,1.1580570000000001
1.424761,1.155869
1.4258359999999999,1.154119
1.42691,1.154557
1.4279849999999998,1.152807
1.4290589999999999,1.151932
1.430134,1.151932
1.431208,1.1497439999999999
1.432283,1.1493069999999999
1.433357,1.1493069999999999
1.434432,1.146682
1.435506,1.146682
1.4365809999999999,1.1462439999999998
1.437655,1.143619
1.4387299999999998,1.1444940000000001
1.4398039999999999,1.142744
1.440879,1.141432
1.441953,1.141869
1.443028,1.139682
1.444102,1.138807
1.445177,1.138807
1.446251,1.136619
1.447325,1.136619
1.4484,1.136182
1.449474,1.133994
1.4505489999999999,1.133994
1.4516229999999999,1.133557
1.452698,1.131369
1.4537719999999998,1.131369
1.454847,1.1304949999999998
1.455921,1.128745
1.456996,1.1291820000000001
1.45807,1.127432
1.459145,1.126119
1.460219,1.126557
1.4612939999999999,1.12437
1.462368,1.123932
1.4634429999999998,1.123494
1.4645169999999998,1.1217439999999999
1.465592,1.121307
1.466666,1.12087
1.467741,1.118682
1.468815,1.11912
1.46989,1.118245
1.470964,1.1164949999999998
1.4720389999999999,1.1169319999999998
1.473113,1.1151820000000001
1.474187,1.1143070000000002
1.4752619999999999,1.114745
1.4763359999999999,1.112557
1.477411,1.11212
1.4784849999999998,1.11212
1.47956,1.109932
1.480634,1.109932
1.481709,1.109057
1.482783,1.107307
1.483858,1.107745
1.484932,1.1064319999999999
1.4860069999999999,1.104682
1.4870809999999999,1.105557
1.488156,1.103807
1.4892299999999998,1.1029319999999998
1.490305,1.1029319999999998
1.491379,1.101182
1.492454,1.100745
1.493528,1.100745
1.494603,1.098557
1.495677,1.09812
1.4967519999999999,1.09812
1.4978259999999999,1.095932
1.498901,1.09637
1.4999749999999998,1.095495
1.498901,1.093745
1.4978259999999999,1.094182
1.4967519999999999,1.09287
1.495677,1.0915569999999999
1.494603,1.091995
1.493528,1.090245
1.492454,1.089807
1.491379,1.08937
1.490305,1.0876199999999998
1.4892299999999998,1.0876199999999998
1.488156,1.0876199999999998
1.4870809999999999,1.085432
1.4860069999999999,1.085432
1.484932,1.084557
1.483858,1.083245
1.482783,1.083682
1.481709,1.08237
1.480634,1.081057
1.47956,1.081057
1.4784849999999998,1.079307
1.477411,1.07887
1.4763359999999999,1.07887
1.4752619999999999,1.0771199999999999
1.474187,1.0771199999999999
1.473113,1.0775569999999999
1.4720389999999999,1.074932
1.470964,1.07537
1.46989,1.074495
1.468815,1.0723070000000001
1.467741,1.0731819999999999
1.466666,1.0714320000000002
1.465592,1.070557
1.4645169999999998,1.070557
1.4634429999999998,1.069245
1.462368,1.06837
1.4612939999999999,1.068807
1.460219,1.067495
1.459145,1.067057
1.45807,1.067057
1.456996,1.065307
1.455921,1.065745
1.454847,1.065745
1.4537719999999998,1.063995
1.452698,1.064432
1.4516229999999999,1.0631199999999998
1.4505489999999999,1.0622449999999999
1.449474,1.0622449999999999
1.4484,1.060495
1.447325,1.0600569999999998
1.446251,1.060495
1.445177,1.0587449999999998
1.444102,1.0587449999999998
1.443028,1.058307
1.441953,1.056557
1.440879,1.056557
1.4398039999999999,1.0561200000000002
1.4387299999999998,1.05437
1.437655,1.054807
1.4365809999999999,1.053932
1.435506,1.052182
1.434432,1.0526200000000001
1.433357,1.05087
1.432283,1.050432
1.431208,1.050432
1.430134,1.04912
1.4290589999999999,1.0482449999999999
1.4279849999999998,1.0482449999999999
1.42691,1.046495
1.4258359999999999,1.046932
1.424761,1.0460569999999998
1.423687,1.0443069999999999
1.422612,1.0451819999999998
1.421538,1.0443069999999999
1.420463,1.042557
1.419389,1.0429950000000001
1.418315,1.041682
1.4172399999999998,1.040807
1.416166,1.041245
1.4150909999999999,1.039495
1.4140169999999999,1.039495
1.412942,1.0390570000000001
1.411868,1.037307
1.410793,1.037745
1.409719,1.037307
1.408644,1.035557
1.40757,1.035995
1.4064949999999998,1.03512
1.405421,1.0342449999999999
1.4043459999999999,1.0346819999999999
1.4032719999999999,1.03337
1.402197,1.032495
1.401123,1.032932
1.400048,1.0311819999999998
1.398974,1.0307449999999998
1.397899,1.0311819999999998
1.396825,1.0294320000000001
1.39575,1.0294320000000001
1.394676,1.0294320000000001
1.3936009999999999,1.027245
1.3925269999999998,1.027682
1.3914529999999998,1.026807
1.390378,1.025932
1.3893039999999999,1.02637
1.388229,1.025057
1.387155,1.024182
1.38608,1.02462
1.385006,1.023307
1.383931,1.02287
1.382857,1.02287
1.3817819999999998,1.02112
1.380708,1.02112
1.3796329999999999,1.02112
1.3785589999999999,1.0193699999999999
1.377484,1.019808
1.37641,1.0193699999999999
1.375335,1.01762
1.374261,1.018495
1.373186,1.0171819999999998
1.372112,1.016745
1.3710369999999998,1.0171819999999998
1.369963,1.0158699999999998
1.3688879999999999,1.015432
1.3678139999999999,1.015432
1.366739,1.013683
1.365665,1.0141200000000001
1.36459,1.0132450000000002
1.363516,1.011933
1.362441,1.01237
1.361367,1.011933
1.360293,1.01062
1.359218,1.011495
1.358144,1.0097450000000001
1.3570689999999999,1.009308
1.3559949999999998,1.0097450000000001
1.35492,1.007995
1.3538459999999999,1.007995
1.352771,1.007995
1.351697,1.006245
1.350622,1.0066819999999999
1.349548,1.0066819999999999
1.348473,1.004495
1.347399,1.0053699999999999
1.3463239999999999,1.004495
1.3452499999999998,1.003183
1.344175,1.004058
1.3431009999999999,1.002745
1.342026,1.0018699999999998
1.340952,1.002745
1.339877,1.0005570000000001
1.338803,1.0005570000000001
1.337728,1.0009949999999999
1.336654,0.999245
1.3355789999999998,0.9996829999999999
1.3345049999999998,0.9996829999999999
1.33343,0.9979330000000001
1.3323559999999999,0.9988080000000001
1.331281,0.9979330000000001
1.330207,0.996183
1.329133,0.9966200000000001
1.328058,0.995745
1.326984,0.99487
1.325909,0.9953080000000001
1.324835,0.994433
1.32376,0.993995
1.322686,0.993995
1.3216109999999999,0.992683
1.3205369999999998,0.992683
1.319462,0.992683
1.318388,0.990933
1.317313,0.991808
1.316239,0.990933
1.315164,0.9896199999999999
1.31409,0.990058
1.313015,0.9891829999999999
1.311941,0.988308
1.3108659999999999,0.9887449999999999
1.3097919999999998,0.9874329999999999
1.308717,0.9869949999999998
1.3076429999999999,0.9874329999999999
1.306568,0.985245
1.305494,0.9856829999999999
1.304419,0.9856829999999999
1.303345,0.9839330000000001
1.30227,0.9848079999999999
1.301196,0.9843700000000001
1.300122,0.98262
1.2990469999999998,0.9830580000000001
1.297973,0.982183
1.2968979999999999,0.9813080000000001
1.2958239999999999,0.981745
1.294749,0.980433
1.293675,0.9799950000000001
1.2926,0.980433
1.291526,0.978683
1.290451,0.978683
1.289377,0.978683
1.2883019999999998,0.97737
1.287228,0.977808
1.2861529999999999,0.97737
1.2850789999999999,0.976058
1.284004,0.976495
1.28293,0.9756199999999999
1.281855,0.974745
1.280781,0.9751829999999999
1.279706,0.974308
1.278632,0.9738699999999999
1.2775569999999998,0.9738699999999999
1.276483,0.9725579999999999
1.2754079999999999,0.9725579999999999
1.2743339999999999,0.9721199999999999
1.273259,0.9708079999999999
1.272185,0.9712449999999999
1.2711109999999999,0.9712449999999999
1.270036,0.9699329999999998
1.268962,0.9703700000000001
1.267887,0.9694950000000001
1.266813,0.968183
1.265738,0.9690580000000001
1.264664,0.9677450000000001
1.2635889999999999,0.9673080000000001
1.262515,0.9677450000000001
1.26144,0.966433
1.2603659999999999,0.96687
1.259291,0.96687
1.258217,0.96512
1.257142,0.965558
1.256068,0.965558
1.254993,0.963808
1.253919,0.964683
1.2528439999999998,0.963808
1.25177,0.962495
1.250695,0.96337
1.2496209999999999,0.962058
1.248546,0.9616199999999999
1.247472,0.962058
1.246397,0.9603079999999999
1.245323,0.960745
1.244249,0.961183
1.243174,0.959433
1.2421,0.959433
1.241025,0.959433
1.239951,0.9581199999999999
1.2388759999999999,0.9585579999999999
1.2378019999999998,0.9581199999999999
1.236727,0.9568079999999999
1.235653,0.957683
1.234578,0.95637
1.233504,0.9559329999999999
1.232429,0.95637
1.231355,0.9550580000000001
1.23028,0.95462
1.229206,0.9554950000000001
1.2281309999999999,0.9537450000000001
1.2270569999999998,0.9541830000000001
1.225982,0.9541830000000001
1.2249079999999999,0.952433
1.223833,0.9533079999999999
1.222759,0.952433
1.221684,0.95112
1.22061,0.951995
1.219535,0.95112
1.218461,0.950245
1.217387,0.9506830000000001
1.2163119999999998,0.9493699999999999
1.215238,0.9493699999999999
1.2141629999999999,0.949808
1.2130889999999999,0.948058
1.212014,0.948495
1.21094,0.948495
1.209865,0.946745
1.208791,0.9476199999999999
1.207716,0.946745
1.206642,0.945433
1.205567,0.9463079999999999
1.204493,0.945433
1.2034179999999999,0.944995
1.2023439999999999,0.945433
1.201269,0.94412
1.200195,0.94412
1.19912,0.94412
1.198046,0.942808
1.196971,0.943245
1.195897,0.943245
1.194822,0.941495
1.193748,0.941933
1.1926729999999999,0.941495
1.1915989999999999,0.940183
1.190525,0.941058
1.18945,0.9397449999999999
1.1883759999999999,0.9393079999999999
1.187301,0.9397449999999999
1.186227,0.938433
1.185152,0.938433
1.184078,0.93887
1.183003,0.9371200000000001
1.181929,0.9371200000000001
1.1808539999999998,0.9371200000000001
1.17978,0.935808
1.178705,0.936245
1.1776309999999999,0.936245
1.176556,0.934933
1.175482,0.93537
1.174407,0.934495
1.173333,0.9340579999999999
1.172258,0.934933
1.171184,0.933183
1.1701089999999998,0.933183
1.169035,0.93362
1.1679599999999999,0.93187
1.1668859999999999,0.93187
1.165811,0.9323079999999999
1.164737,0.9305579999999999
1.163663,0.931433
1.162588,0.930995
1.161514,0.929683
1.160439,0.9301200000000001
1.159365,0.929683
1.15829,0.928808
1.157216,0.929245
1.1561409999999999,0.92837
1.1550669999999998,0.927933
1.153992,0.92837
1.1529179999999999,0.92662
1.151843,0.9270579999999999
1.150769,0.9270579999999999
1.149694,0.9253079999999999
1.14862,0.92662
1.147545,0.9257449999999999
1.146471,0.92487
1.1453959999999999,0.9253079999999999
1.1443219999999998,0.924433
1.143247,0.923558
1.1421729999999999,0.9239949999999999
1.141098,0.92312
1.140024,0.922683
1.138949,0.92312
1.137875,0.9218080000000001
1.1368,0.9218080000000001
1.135726,0.9218080000000001
1.134652,0.920495
1.133577,0.920933
1.132503,0.920933
1.1314279999999999,0.91962
1.1303539999999999,0.920058
1.129279,0.91962
1.128205,0.918308
1.12713,0.919183
1.126056,0.918308
1.124981,0.91787
1.123907,0.918308
1.122832,0.916558
1.121758,0.916558
1.1206829999999999,0.9169949999999999
1.1196089999999999,0.915683
1.118534,0.91612
1.11746,0.915683
1.116385,0.91437
1.115311,0.9148080000000001
1.114236,0.913933
1.113162,0.913058
1.112087,0.913933
1.111013,0.91262
1.1099379999999999,0.912183
1.1088639999999998,0.913058
1.107789,0.911308
1.106715,0.911308
1.1056409999999999,0.9117449999999999
1.104566,0.9104329999999999
1.103492,0.911308
1.102417,0.91087
1.101343,0.909558
1.100268,0.9104329999999999
1.099194,0.899495
1.0981189999999998,0.8789330000000001
1.097045,0.8605579999999999
1.0959699999999999,0.8413080000000001
1.0948959999999999,0.823371
1.093821,0.806746
1.092747,0.788808
1.091672,0.772621
1.090598,0.756871
1.089523,0.739371
1.088449,0.724496
1.0873739999999998,0.709621
1.0863,0.693871
1.0852249999999999,0.680309
1.0841509999999999,0.666309
1.083076,0.651872
1.082002,0.639184
1.080927,0.625622
1.079853,0.612497
1.078778,0.601122
1.077704,0.587997
1.076629,0.5761839999999999
1.075555,0.564809
1.074481,0.5525599999999999
1.0734059999999999,0.54206
1.0723319999999998,0.5315599999999999
1.071257,0.519747
1.0701829999999999,0.51056
1.069108,0.50006
1.068034,0.48956
1.066959,0.48080999999999996
1.065885,0.47074699999999997
1.06481,0.461122
1.063736,0.452372
1.0626609999999999,0.443185
1.061587,0.434873
1.060512,0.42656
1.0594379999999999,0.417373
1.058363,0.409935
1.057289,0.401623
1.056214,0.39331
1.05514,0.38631
1.054065,0.37931
1.052991,0.370998
1.0519159999999999,0.36443499999999995
1.050842,0.35743499999999995
1.049767,0.349998
1.0486929999999999,0.343873
1.047618,0.336436
1.046544,0.33031099999999997
1.04547,0.324186
1.044395,0.31718599999999997
1.043321,0.311498
1.042246,0.30624799999999996
1.041172,0.29924799999999996
1.040097,0.294436
1.039023,0.288311
1.0379479999999999,0.282186
1.0368739999999999,0.277373
1.035799,0.27168600000000004
1.034725,0.26599799999999996
1.03365,0.261623
1.032576,0.255936
1.031501,0.25112300000000004
1.030427,0.246748
1.029352,0.241061
1.028278,0.236686
1.0272029999999999,0.232311
1.0261289999999998,0.226623
1.025054,0.22312400000000002
1.02398,0.218749
1.022905,0.213499
1.021831,0.209999
1.020756,0.205624
1.019682,0.200811
1.018608,0.197311
1.017533,0.192936
1.016459,0.18899899999999997
1.015384,0.185499
1.01431,0.181124
1.0132349999999999,0.177624
1.0121609999999999,0.174561
1.011086,0.16974899999999998
1.010012,0.167124
1.008937,0.16362400000000002
1.007863,0.159686
1.006788,0.157061
1.005714,0.15312399999999998
1.004639,0.14962399999999998
1.003565,0.14699900000000002
1.0024899999999999,0.14349900000000002
1.0014159999999999,0.140436
1.000341,0.137811
0.9992669999999999,0.13431099999999999
0.998192,0.131686
0.997118,0.12906099999999998
0.9960429999999999,0.125561
0.994969,0.123374
0.9938939999999999,0.120749
0.9928199999999999,0.11724899999999999
0.991745,0.11549899999999999
0.990671,0.112874
0.989597,0.109812
0.9885219999999999,0.107624
0.987448,0.10456199999999999
0.9863729999999999,0.102374
0.9852989999999999,0.100187
0.984224,0.097562064
0.98315,0.095374576
0.9820749999999999,0.09406208
0.9810009999999999,0.09099960000000001
0.979926,0.08924960000000001
0.9788519999999999,0.087499616
0.977777,0.08487462400000001
0.976703,0.083343384
0.9756279999999999,0.081593384
0.9745539999999999,0.07896840000000001
0.973479,0.07787465600000001
0.972405,0.07568716
0.9713299999999999,0.07393717600000001
0.970256,0.07240592800000001
0.969181,0.07021843200000001
0.9681069999999999,0.06846844800000002
0.967032,0.06737470400000001
0.965958,0.064968464
0.9648829999999999,0.06387471600000001
0.9638089999999999,0.062562224
0.962735,0.060374732
0.96166,0.059499736000000004
0.9605859999999999,0.057968492
0.959511,0.056218500000000005
0.958437,0.055343504
0.9573619999999999,0.05359351200000001
0.9562879999999999,0.05206226800000001
0.955213,0.05096852400000001
0.954139,0.049218532
0.9530639999999999,0.048343536000000006
0.95199,0.047687288
0.950915,0.045718548000000005
0.9498409999999999,0.045062300000000007
0.948766,0.043749808
0.947692,0.042437312000000005
0.9466169999999999,0.041890436
0.9455429999999999,0.040796692
0.944468,0.039484200000000004
0.943394,0.03871858
0.9423189999999999,0.037624832000000004
0.941245,0.036531087999999996
0.94017,0.035765468
0.9390959999999999,0.034452972000000005
0.938021,0.033796724
0.936947,0.03346860200000001
0.9358719999999999,0.031827984000000004
0.9347979999999999,0.03149986
0.933724,0.030843614000000005
0.932649,0.029531118000000002
0.9315749999999999,0.029202996000000002
0.9305,0.028546748000000004
0.929426,0.02734363
0.9283509999999999,0.027015506
0.9272769999999999,0.026140508
0.926202,0.025374888
0.925128,0.024937388
0.924053,0.023843644
0.922979,0.023406146000000003
0.921904,0.023187396000000002
0.9208299999999999,0.021874904
0.919755,0.010947952
0.918681,0.01573593
0.9176059999999999,0.016917526000000002
0.916532,0.017074324000000002
0.915457,0.016581528
0.914383,0.016223128
0.913308,0.015775131
0.912234,0.015119933
0.9111589999999999,0.014755935000000001
0.9100849999999999,0.014330337000000002
0.90901,0.013731140000000001
0.907936,0.013462340000000001
0.9068609999999999,0.012980743000000001
0.905787,0.012476745000000001
0.904713,0.012219146
0.9036379999999999,0.011754349
0.9025639999999999,0.011311950000000001
0.901489,0.011054351
0.900415,0.010567153000000001
0.8993399999999999,0.010303954
0.898266,0.010029556
0.897191,0.009542358
0.8961169999999999,0.009340759
0.895042,0.009027161
0.893968,0.008584762000000001
0.8928929999999999,0.008394363
0.8918189999999999,0.008086364
0.890744,0.007711166
0.88967,0.007559966
0.8885949999999999,0.0071791680000000005
0.887521,0.006843170000000001
0.886446,0.0066863700000000005
0.8853719999999999,0.006350372
0.884297,0.006154373
0.883223,0.005952774
0.8821479999999999,0.005538375
0.8810739999999999,0.005437576
0.879999,0.0052303770000000005
0.878925,0.004849578000000001
0.8778499999999999,0.004787979
0.876776,0.00458078
0.875702,0.004239181000000001
0.8746269999999999,0.004183181
0.8735529999999999,0.003908782
0.872478,0.0037407830000000006
0.871404,0.0036343840000000005
0.8703289999999999,0.003354385
0.869255,0.0032255850000000004
0.86818,0.003147186
0.8671059999999999,0.0028335870000000003
0.866031,0.0028111870000000006
0.864957,0.0026767880000000003
0.8638819999999999,0.0023407890000000002
0.8628079999999999,0.0023799890000000003
0.861733,0.0022119900000000005
0.860659,0.001948791
0.859584,0.001982391
0.85851,0.001747192
0.857435,0.0015623930000000002
0.8563609999999999,0.0015567930000000001
0.855286,0.0013159940000000002
0.854212,0.001192794
0.8531369999999999,0.001164794
0.852063,0.0008847960000000001
0.850988,0.0008567960000000001
0.849914,0.0007783960000000001
0.8488399999999999,0.0005263970000000001
0.847765,0.000543197
0.846691,0.000447998
0.8456159999999999,0.00023519800000000002
0.844542,0.000257598
0.843467,0.00010079900000000001
0.842393,-6.7199712e-05
0.841318,-4.479980400000001e-05
0.840244,-0.00021279900000000003
0.8391689999999999,-0.000285598
0.8380949999999999,-0.000274398
0.83702,-0.0004927970000000001
0.835946,-0.000470397
0.8348709999999999,-0.000543197
0.833797,-0.0007503960000000001
0.832722,-0.0007055960000000001
0.8316479999999999,-0.000767196
0.830573,-0.000963195
0.829499,-0.0008791960000000001
0.8284239999999999,-0.0009855950000000001
0.8273499999999999,-0.0011255950000000003
0.826275,-0.001052795
0.825201,-0.001181594
0.8241259999999999,-0.001265594
0.823052,-0.001215194
0.821978,-0.001444793
0.8209029999999999,-0.001427993
0.8198289999999999,-0.001478393
0.818754,-0.0016631920000000002
0.81768,-0.001623992
0.8166049999999999,-0.001691192
0.815531,-0.001892791
0.814456,-0.0017863920000000001
0.8133819999999999,-0.0018871910000000003
0.812307,-0.0020607900000000003
0.811233,-0.0019655910000000005
0.8101579999999999,-0.00211119
0.8090839999999999,-0.0021839900000000002
0.808009,-0.00210559
0.806935,-0.00229039
0.8058599999999999,-0.0023071890000000003
0.804786,-0.0022735900000000002
0.803711,-0.0024471890000000002
0.8026369999999999,-0.0023855890000000005
0.801562,-0.0024583890000000005
0.800488,-0.002603988
0.7994129999999999,-0.002469589
0.7983389999999999,-0.002581588
0.797264,-0.0026935880000000002
0.79619,-0.0025983880000000005
0.795115,-0.002715988
0.794041,-0.0027607870000000002
0.792967,-0.002682388
0.7918919999999999,-0.002861587
0.7908179999999999,-0.002822387
0.789743,-0.002822387
0.788669,-0.0029903860000000003
0.787594,-0.002928787
0.78652,-0.0029399870000000002
0.785445,-0.003130386
0.7843709999999999,-0.0030183860000000005
0.783296,-0.003102386
0.782222,-0.003247985
0.7811469999999999,-0.0031583860000000004
0.780073,-0.0032647850000000005
0.778998,-0.0033263850000000003
0.777924,-0.003247985
0.776849,-0.0033991850000000003
0.775775,-0.003393585
0.7746999999999999,-0.003354385
0.7736259999999999,-0.0035391840000000003
0.772551,-0.003460784
0.771477,-0.0034719840000000004
0.7704019999999999,-0.0036119840000000004
0.769328,-0.0035167840000000002
0.768253,-0.0035727840000000003
0.7671789999999999,-0.0037015830000000005
0.766104,-0.0035727840000000003
0.76503,-0.003651184
0.7639549999999999,-0.0037351830000000004
0.7628809999999999,-0.0036343840000000005
0.761807,-0.003779983
0.760732,-0.003763183
0.7596579999999999,-0.0036791830000000004
0.758583,-0.003863983
0.757509,-0.003774383
0.7564339999999999,-0.0037575829999999997
0.7553599999999999,-0.003947982
0.754285,-0.0038135830000000006
0.753211,-0.0038751830000000004
0.7521359999999999,-0.0040375820000000005
0.751062,-0.003908782
0.749987,-0.004020782
0.7489129999999999,-0.004138381
0.747838,-0.004031982
0.746764,-0.004188781
0.7456889999999999,-0.0041775810000000005
0.7446149999999999,-0.004121581
0.74354,-0.004306381000000001
0.742466,-0.004244781
0.7413909999999999,-0.004239181000000001
0.740317,-0.004395980000000001
0.739242,-0.004278381
0.7381679999999999,-0.004339981
0.737093,-0.004496780000000001
0.736019,-0.00437918
0.734945,-0.004463180000000001
0.7338699999999999,-0.00451918
0.732796,-0.004423980000000001
0.731721,-0.004541580000000001
0.7306469999999999,-0.00455278
0.729572,-0.00448558
0.728498,-0.004647979
0.7274229999999999,-0.004575180000000001
0.726349,-0.004541580000000001
0.725274,-0.004731979000000001
0.7242,-0.00459198
0.723125,-0.00459198
0.722051,-0.0047543789999999995
0.720976,-0.004664779000000001
0.7199019999999999,-0.004731979000000001
0.718827,-0.004849578000000001
0.717753,-0.004731979000000001
0.7166779999999999,-0.004866378
0.715604,-0.004899978
0.714529,-0.0048439780000000005
0.713455,-0.005011978
0.71238,-0.004967178
0.711306,-0.004944778
0.710231,-0.005118377
0.7091569999999999,-0.005017578
0.708083,-0.005028778
0.707008,-0.005174377000000001
0.705934,-0.005090377000000001
0.704859,-0.005168777000000001
0.703785,-0.005275177000000001
0.70271,-0.005118377
0.7016359999999999,-0.005263977
0.700561,-0.005291976
0.699487,-0.005207977
0.6984119999999999,-0.0053535760000000005
0.697338,-0.005314376
0.696263,-0.005275177000000001
0.695189,-0.005426376000000001
0.694114,-0.0053367760000000005
0.69304,-0.005359176
0.6919649999999999,-0.005493576000000001
0.6908909999999999,-0.0053535760000000005
0.689816,-0.005409576000000001
0.688742,-0.005521575000000001
0.6876669999999999,-0.0054039760000000004
0.686593,-0.005538375
0.685518,-0.005571975000000001
0.6844439999999999,-0.005476776000000001
0.683369,-0.0056727750000000006
0.682295,-0.005644775
0.6812199999999999,-0.005627975
0.6801459999999999,-0.005801574
0.679072,-0.005711975
0.677997,-0.005756774000000001
0.6769229999999999,-0.0059135740000000004
0.675848,-0.005818374
0.674774,-0.0058799740000000005
0.6736989999999999,-0.005975173
0.6726249999999999,-0.005868774
0.67155,-0.006014373000000001
0.670476,-0.006031173
0.669401,-0.005975173
0.668327,-0.006143173000000001
0.667252,-0.006087173
0.6661779999999999,-0.0060535730000000005
0.665103,-0.0062271720000000004
0.664029,-0.006137573
0.6629539999999999,-0.006159973000000001
0.66188,-0.006316772000000001
0.660805,-0.006187972000000001
0.659731,-0.006271972000000001
0.658656,-0.006350372
0.657582,-0.006249572000000001
0.656507,-0.006367172
0.6554329999999999,-0.0064063720000000005
0.654358,-0.006288772000000001
0.653284,-0.006445571000000001
0.6522089999999999,-0.006456771
0.651135,-0.006423171000000001
0.650061,-0.006602371
0.648986,-0.006507171000000001
0.6479119999999999,-0.006551971
0.646837,-0.00673677
0.645763,-0.006619171
0.6446879999999999,-0.0067031700000000005
0.643614,-0.006837570000000001
0.642539,-0.0067199700000000005
0.641465,-0.006826370000000001
0.64039,-0.006943969000000001
0.639316,-0.006826370000000001
0.638241,-0.006977569
0.6371669999999999,-0.0070055690000000006
0.636092,-0.006977569
0.635018,-0.007156768000000001
0.6339429999999999,-0.007061569
0.632869,-0.007061569
0.631794,-0.007274368
0.63072,-0.007145568000000001
0.629645,-0.0071959680000000005
0.628571,-0.007341567
0.6274959999999999,-0.007235168
0.6264219999999999,-0.007296768
0.625347,-0.007380767
0.624273,-0.007313568
0.6231979999999999,-0.007425567000000001
0.622124,-0.007459167000000001
0.62105,-0.007369567000000001
0.6199749999999999,-0.007559966
0.6189009999999999,-0.007487166000000001
0.617826,-0.007503966000000002
0.616752,-0.007699966
0.6156769999999999,-0.007604767000000001
0.614603,-0.007666366
0.613528,-0.007817565000000002
0.6124539999999999,-0.0077391660000000004
0.611379,-0.007817565000000002
0.610305,-0.007951964
0.6092299999999999,-0.007873565
0.6081559999999999,-0.008035965
0.607081,-0.008080764
0.606007,-0.007996764000000002
0.604932,-0.008215164
0.603858,-0.008164764
0.602783,-0.008170364
0.6017089999999999,-0.008371963
0.600634,-0.008276763000000001
0.59956,-0.008338363
0.5984849999999999,-0.008506363
0.597411,-0.008371963
0.596336,-0.008489563
0.595262,-0.008607162000000002
0.5941879999999999,-0.008506363
0.593113,-0.008651962000000001
0.592039,-0.008679962
0.5909639999999999,-0.008635162000000002
0.58989,-0.008803161
0.588815,-0.008775161
0.587741,-0.008747161
0.586666,-0.008959961
0.585592,-0.008853561
0.584517,-0.00890956
0.5834429999999999,-0.009122360000000001
0.582368,-0.009010361
0.581294,-0.009116760000000002
0.5802189999999999,-0.009234359000000001
0.579145,-0.009144760000000002
0.57807,-0.009340759
0.576996,-0.009413559
0.575921,-0.009357558000000002
0.574847,-0.009559158
0.573772,-0.009559158
0.5726979999999999,-0.009542358
0.571623,-0.009771957000000001
0.570549,-0.009704757
0.5694739999999999,-0.009766357000000002
0.5684,-0.009945556000000001
0.567326,-0.009867157
0.566251,-0.009973556000000001
0.5651769999999999,-0.010102355
0.564102,-0.010018356
0.563028,-0.010191955
0.5619529999999999,-0.010242355
0.560879,-0.010169555000000002
0.559804,-0.010387955
0.55873,-0.010382355000000001
0.557655,-0.010365555
0.556581,-0.010583953
0.5555059999999999,-0.010522354
0.5544319999999999,-0.010527954
0.553357,-0.010746352
0.552283,-0.010623153000000001
0.5512079999999999,-0.010735152
0.550134,-0.010897552000000001
0.549059,-0.010830353000000001
0.5479849999999999,-0.010998352000000001
0.54691,-0.011087951
0.545836,-0.011031951
0.5447609999999999,-0.011250351
0.5436869999999999,-0.011289551000000002
0.542612,-0.011289551000000002
0.541538,-0.011535949
0.540463,-0.011485549000000001
0.539389,-0.011563949
0.538314,-0.011787948000000001
0.5372399999999999,-0.011726349
0.5361659999999999,-0.011821548000000001
0.535091,-0.012017547000000002
0.534017,-0.011911148000000002
0.532942,-0.012101546000000001
0.531868,-0.012247146
0.530793,-0.012157547000000001
0.5297189999999999,-0.012392745
0.528644,-0.012420745
0.52757,-0.012437545000000001
0.5264949999999999,-0.012683944
0.525421,-0.012650345000000002
0.524346,-0.012700744
0.523272,-0.012924743
0.522197,-0.012851943000000001
0.521123,-0.012952743000000001
0.520048,-0.013148742000000001
0.5189739999999999,-0.013087143
0.517899,-0.013238342
0.516825,-0.013400741
0.5157499999999999,-0.013327941000000001
0.514676,-0.013568741
0.513601,-0.013647140000000002
0.512527,-0.013663940000000001
0.511452,-0.013915938000000001
0.510378,-0.013927138
0.509304,-0.013988738
0.5082289999999999,-0.014263137
0.507155,-0.014257537
0.50608,-0.014341537000000001
0.505006,-0.014599136
0.503931,-0.014576736
0.502857,-0.014705535000000002
0.501782,-0.014895934000000001
0.5007079999999999,-0.014856734000000002
0.499633,-0.015103134000000002
0.498559,-0.015243134000000002
0.497484,-0.015220734000000003
0.49640999999999996,-0.015461531000000002
0.49533499999999997,-0.015500732000000001
0.49426099999999995,-0.015551131
0.49318599999999996,-0.015859130000000003
0.492112,-0.015842331
0.491037,-0.015926329000000003
0.489963,-0.016228729
0.488888,-0.016133529000000004
0.48781399999999997,-0.016346327
0.486739,-0.016564727
0.48566499999999996,-0.016508727
0.48458999999999997,-0.016738327
0.483516,-0.016855926
0.48244099999999995,-0.016867126000000003
0.481367,-0.017147126000000002
0.48029299999999997,-0.017242324
0.479218,-0.017292724000000002
0.47814399999999996,-0.017589524000000002
0.47706899999999997,-0.017617522000000004
0.475995,-0.017729522
0.47491999999999995,-0.018082320000000002
0.473846,-0.018059920000000004
0.472771,-0.018272718
0.471697,-0.018513518000000003
0.470622,-0.018519118
0.46954799999999997,-0.018815918
0.468473,-0.018983916000000003
0.46739899999999995,-0.019006316000000002
0.46632399999999996,-0.019342314000000003
0.46525,-0.019454314
0.464175,-0.019521514
0.463101,-0.019896712
0.462026,-0.019913512
0.460952,-0.020053512000000003
0.459877,-0.020389510000000003
0.45880299999999996,-0.020434310000000004
0.45772799999999997,-0.020630308000000003
0.456654,-0.020943908000000004
0.45557899999999996,-0.020955108000000004
0.454505,-0.021240708
0.45343,-0.021447904
0.452356,-0.021481504000000002
0.45128199999999996,-0.021823104000000003
0.45020699999999997,-0.021963104000000004
0.449133,-0.022097502
0.44805799999999996,-0.022439102000000002
0.446984,-0.022545502000000002
0.445909,-0.0227359
0.444835,-0.023127898
0.44376,-0.023189498000000003
0.44268599999999997,-0.023419098
0.441611,-0.023771894000000002
0.44053699999999996,-0.023827894000000002
0.43946199999999996,-0.024180692
0.438388,-0.024488692000000003
0.437313,-0.024589492
0.436239,-0.02496469
0.435164,-0.025149490000000004
0.43409,-0.025311890000000004
0.433015,-0.025748686000000003
0.43194099999999996,-0.025899886
0.43086599999999997,-0.026129484
0.429792,-0.026577482000000003
0.42871699999999996,-0.026700682000000003
0.427643,-0.026952682000000002
0.426568,-0.027367078
0.425494,-0.027467878
0.42441999999999996,-0.027809476
0.42334499999999997,-0.028167876
0.422271,-0.028324676000000003
0.42119599999999996,-0.028761472000000003
0.420122,-0.029002272000000003
0.419047,-0.029198272
0.417973,-0.029685470000000002
0.416898,-0.029864670000000003
0.41582399999999997,-0.030099866000000003
0.414749,-0.030603866000000004
0.41367499999999996,-0.030766264000000005
0.41259999999999997,-0.031107864
0.411526,-0.031639862
0.41045099999999995,-0.031807858
0.409377,-0.032244658
0.408302,-0.032687056000000006
0.407228,-0.032905456
0.406153,-0.033437452
0.40507899999999997,-0.033818252
0.404004,-0.034064648
0.40292999999999995,-0.03468064800000001
0.40185499999999996,-0.034949444
0.400781,-0.03532464400000001
0.399706,-0.03594064
0.398632,-0.036164640000000005
0.397557,-0.036612636000000004
0.396483,-0.037200636
0.39540899999999995,-0.037452632
0.39433399999999996,-0.03796783200000001
0.39326,-0.038533428
0.392185,-0.038796628
0.391111,-0.039384628000000005
0.390036,-0.039838224
0.388962,-0.040202224
0.387887,-0.04085742
0.38681299999999996,-0.04124382000000001
0.38573799999999997,-0.041630216000000005
0.384664,-0.042285416000000006
0.38358899999999996,-0.04260461200000001
0.382515,-0.043052608
0.38144,-0.043707808
0.380366,-0.043982204000000004
0.379291,-0.044463804
0.37821699999999997,-0.045023804
0.377142,-0.0453094
0.37606799999999996,-0.0458302
0.37499299999999997,-0.046300596
0.373919,-0.046524592000000003
0.372844,-0.04707899200000001
0.37177,-0.047465392
0.370695,-0.047655788000000004
0.369621,-0.04823258800000001
0.368546,-0.048450984
0.36747199999999997,-0.048658188000000005
0.366398,-0.049218184000000005
0.365323,-0.049984152000000004
0.364249,-0.050093528000000005
0.363174,-0.051515396000000005
0.3621,-0.05173414800000001
0.361025,-0.05239039200000001
0.35995099999999997,-0.05414038400000001
0.358876,-0.05414038400000001
0.357802,-0.054796632000000005
0.35672699999999996,-0.056327876000000006
0.355653,-0.056656
0.354578,-0.058077868000000005
0.353504,-0.058843488000000006
0.352429,-0.05939036000000001
0.351355,-0.06114035200000001
0.35028,-0.062015348000000005
0.34920599999999996,-0.06234347600000001
0.34813099999999997,-0.064093464
0.347057,-0.064859088
0.345982,-0.065515332
0.344908,-0.06737470400000001
0.343833,-0.067921568
0.342759,-0.06912468800000002
0.341684,-0.070984056
0.34060999999999997,-0.071530936
0.339536,-0.072843432
0.338461,-0.07448404
0.337387,-0.07524966400000001
0.336312,-0.077327784
0.335238,-0.07864028
0.334163,-0.079405896
0.33308899999999997,-0.081593384
0.332014,-0.08290588800000001
0.33094,-0.083890248
0.32986499999999996,-0.08618711200000001
0.328791,-0.08706211200000001
0.327716,-0.088702736
0.326642,-0.090890224
0.325567,-0.09198396000000002
0.324493,-0.093843336
0.323418,-0.09614020000000001
0.32234399999999996,-0.09734332000000001
0.32126899999999997,-0.099749552
0.320195,-0.101718
0.31911999999999996,-0.10303
0.318046,-0.105765
0.316971,-0.10773300000000001
0.315897,-0.109374
0.314822,-0.112218
0.31374799999999997,-0.114077
0.312673,-0.116155
0.31159899999999996,-0.11943599999999999
0.310525,-0.120968
0.30945,-0.123702
0.308376,-0.12687400000000001
0.307301,-0.128733
0.30622699999999997,-0.13201500000000002
0.305152,-0.13474899999999998
0.30407799999999996,-0.137155
0.30300299999999997,-0.140874
0.301929,-0.14360799999999999
0.300854,-0.146014
0.29978,-0.15028
0.298705,-0.15301399999999998
0.297631,-0.156186
0.296556,-0.160671
0.29548199999999997,-0.163296
0.294407,-0.167124
0.293333,-0.17160799999999998
0.29225799999999996,-0.17478000000000002
0.291184,-0.179374
0.290109,-0.183639
0.289035,-0.187139
0.28796,-0.192499
0.286886,-0.196874
0.285811,-0.20103
0.28473699999999996,-0.206827
0.283663,-0.211311
0.282588,-0.21601399999999998
0.281514,-0.222686
0.280439,-0.22728
0.279365,-0.233186
0.27829,-0.23963900000000002
0.27721599999999996,-0.244998
0.27614099999999997,-0.25166999999999995
0.275067,-0.25866999999999996
0.273992,-0.264795
0.272918,-0.272889
0.271843,-0.28010799999999997
0.270769,-0.28699800000000003
0.269694,-0.295858
0.26861999999999997,-0.303514
0.267545,-0.31160699999999997
0.266471,-0.321779
0.26539599999999997,-0.330201
0.264322,-0.33982599999999996
0.263247,-0.350764
0.262173,-0.36038899999999996
0.261098,-0.371435
0.260024,-0.383248
0.258949,-0.39418499999999995
0.25787499999999997,-0.40731
0.2568,-0.420216
0.255726,-0.43301300000000004
0.254652,-0.448326
0.253577,-0.46232599999999996
0.252503,-0.477419
0.251428,-0.494919
0.25035399999999997,-0.510888
0.249279,-0.5287160000000001
0.24820499999999998,-0.548731
0.24713,-0.567435
0.246056,-0.588653
0.24498099999999998,-0.610966
0.24390699999999998,-0.633387
0.242832,-0.658872
0.241758,-0.6850120000000001
0.24068299999999998,-0.711481
0.239609,-0.7424339999999999
0.238534,-0.772512
0.23745999999999998,-0.8046679999999999
0.23638499999999998,-0.840761
0.235311,-0.876636
0.234236,-0.915902
0.23316199999999998,-0.957902
0.232087,-1.0018699999999998
0.231013,-1.048464
0.22993799999999998,-1.097901
0.22886399999999998,-1.148432
0.227789,-1.203338
0.226715,-1.2595560000000001
0.22564099999999998,-1.317744
0.224566,-1.380962
0.223492,-1.444399
0.222417,-1.510024
0.22134299999999998,-1.579586
0.220268,-1.64893
0.219194,-1.720898
0.21811899999999998,-1.797241
0.217045,-1.872054
0.21597,-1.9503659999999998
0.214896,-2.034365
0.21382099999999998,-2.113553
0.212747,-2.198865
0.211672,-2.2837389999999997
0.21059799999999998,-2.369052
0.209523,-2.4578629999999997
0.208449,-2.545801
0.207374,-2.633738
0.20629999999999998,-2.7247369999999997
0.205225,-2.8135499999999998
0.204151,-2.9019239999999997
0.20307599999999998,-2.991174
0.202002,-3.0742979999999998
0.200927,-3.157861
0.199853,-3.240547
0.19877799999999998,-3.314047
0.197704,-3.387547
0.19663,-3.4544840000000003
0.19555499999999998,-3.514859
0.194481,-3.5726080000000002
0.193406,-3.6220459999999997
0.192332,-3.664046
0.19125699999999998,-3.704296
0.190183,-3.733608
0.189108,-3.756795
0.18803399999999998,-3.777795
0.186959,-3.786545
0.185885,-3.791358
0.18481,-3.7909200000000003
0.18373599999999998,-3.7795449999999997
0.182661,-3.765545
0.181587,-3.74367
0.18051199999999998,-3.713045
0.179438,-3.680233
0.178363,-3.637796
0.177289,-3.588358
0.17621399999999998,-3.535421
0.17514,-3.473296
0.174065,-3.405484
0.172991,-3.335485
0.17191599999999999,-3.2545479999999998
0.170842,-3.1718599999999997
0.169768,-3.084798
0.16869299999999998,-2.988986
0.167619,-2.891862
0.166544,-2.7908
0.16547,-2.683613
0.16439499999999999,-2.5773010000000003
0.163321,-2.466176
0.162246,-2.352864
0.16117199999999998,-2.241302
0.160097,-2.1262399999999997
0.159023,-2.0107399999999997
0.157948,-1.898304
0.15687399999999999,-1.783679
0.155799,-1.6721169999999999
0.154725,-1.563618
0.15364999999999998,-1.4559929999999999
0.152576,-1.352306
0.151501,-1.252994
0.150427,-1.155869
0.14935199999999998,-1.06487
0.148278,-0.97912
0.147203,-0.89687
0.14612899999999998,-0.822496
0.145054,-0.752059
0.14398,-0.6873090000000001
0.142905,-0.629122
0.14183099999999998,-0.5748719999999999
0.140757,-0.5263100000000001
0.139682,-0.483435
0.13860799999999998,-0.443185
0.137533,-0.40818499999999996
0.136459,-0.37756
0.135384,-0.348685
0.13430999999999998,-0.324186
0.133235,-0.302311
0.132161,-0.281748
0.13108599999999998,-0.26468600000000003
0.130012,-0.24849799999999997
0.128937,-0.233623
0.127863,-0.222249
0.12678799999999998,-0.209999
0.125714,-0.199499
0.124639,-0.191186
0.123565,-0.181999
0.12248999999999999,-0.174124
0.121416,-0.167561
0.12034099999999999,-0.160561
0.119267,-0.15487399999999998
0.11819199999999999,-0.14962399999999998
0.117118,-0.14349900000000002
0.116043,-0.139124
0.11496899999999999,-0.13474899999999998
0.113894,-0.129936
0.11281999999999999,-0.12687400000000001
0.111746,-0.122499
0.11067099999999999,-0.118999
0.109597,-0.11637399999999999
0.108522,-0.11243600000000001
0.107448,-0.109374
0.106373,-0.106749
0.10529899999999999,-0.10368699999999999
0.104224,-0.101062
0.10314999999999999,-0.09887456800000001
0.102075,-0.09581207200000001
0.101001,-0.09406208
0.099926736,-0.091874592
0.098852256,-0.088812104
0.09777777600000001,-0.08771836
0.09670329600000001,-0.085093368
0.095628816,-0.083124632
0.094554336,-0.08203088800000001
0.093479848,-0.07984340000000001
0.092405368,-0.07809340000000001
0.09133089600000001,-0.07699965600000001
0.09025640800000001,-0.07503092
0.08918192800000001,-0.074374672
0.088107448,-0.07306217599999999
0.087032968,-0.07109343200000001
0.08595848,-0.070874688
0.084884,-0.06956219200000001
0.08380952800000001,-0.0678122
0.08273504000000001,-0.0678122
0.08166056000000001,-0.066499704
0.08058607200000001,-0.06540596000000001
0.0795116,-0.065624704
0.07843712,-0.064093464
0.077362632,-0.06321846800000001
0.07628816000000001,-0.06343722
0.07521367200000001,-0.06212472
0.074139192,-0.06168722800000001
0.073064712,-0.06168722800000001
0.071990232,-0.060374732
0.070915752,-0.060374732
0.069841264,-0.05993723200000001
0.068766784,-0.058843488000000006
0.067692312,-0.059499736000000004
0.066617824,-0.058405992000000004
0.065543348,-0.057749744
0.06446886,-0.058405992000000004
0.063394384,-0.05753099600000001
0.062319900000000004,-0.057312244000000005
0.06124542,-0.05753099600000001
0.060170940000000006,-0.056656
0.05909646,-0.05643725200000001
0.058021976,-0.056656
0.056947496,-0.055781004
0.055873016000000005,-0.05599975200000001
0.054798532000000004,-0.05599975200000001
0.053724056000000006,-0.05468726
0.052649572000000006,-0.055781004
0.051575092,-0.055124752000000006
0.050500608,-0.054468508000000006
0.049426128,-0.055562252000000006
0.048351648000000004,-0.054468508000000006
0.047277168,-0.05424976
0.046202684,-0.054906008000000006
0.045128204000000005,-0.054031012
0.044053724,-0.054031012
0.04297924,-0.054031012
0.041904764000000004,-0.05337476
0.040830280000000004,-0.05381226
0.0397558,-0.05381226
0.038681316,-0.052937268
0.037606836000000005,-0.05359351200000001
0.036532356,-0.05315601200000001
0.035457876,-0.05249976800000001
0.034383392,-0.05337476
0.033308912,-0.052718516
0.03223443,-0.052281016
0.031159950000000002,-0.052937268
0.030085470000000003,-0.052281016
0.029010988,-0.052281016
0.027936508000000002,-0.052718516
0.026862028000000003,-0.05162476800000001
0.025787546,-0.052281016
0.024713064,-0.05249976800000001
0.023638584,-0.05162476800000001
0.022564102000000003,-0.05249976800000001
0.02148962,-0.051843520000000004
0.020415140000000002,-0.05162476800000001
0.019340658,-0.052281016
0.018266178,-0.05162476800000001
0.017191696,-0.051187276000000004
0.016117215,-0.05206226800000001
0.015042735000000002,-0.051406020000000004
0.013968254000000001,-0.051187276000000004
0.012893773,-0.05162476800000001
0.011819292,-0.05096852400000001
0.01074481,-0.051406020000000004
0.009670329,-0.051187276000000004
0.008595848,-0.05053102400000001
0.007521367,-0.05096852400000001
0.006446886000000001,-0.05096852400000001
0.005372405,-0.050093528000000005
0.004297924,-0.05096852400000001
0.0032234430000000003,-0.050312276
0.002148962,-0.050093528000000005
0.001074481,-0.050749776
0.0,-0.050093528000000005
-0.001074481,-0.050312276
-0.002148962,-0.050749776
-0.0032234430000000003,-0.049874776
-0.004297924,-0.050093528000000005
-0.005372405,-0.050093528000000005
-0.006446886000000001,-0.049218532
-0.007521367,-0.050312276
-0.008595848,-0.049874776
-0.009670329,-0.048999784000000005
-0.01074481,-0.050093528000000005
-0.011819292,-0.049218532
-0.012893773,-0.048999784000000005
-0.013968254000000001,-0.049874776
-0.015042735000000002,-0.048999784000000005
-0.016117215,-0.048999784000000005
-0.017191696,-0.049656028000000005
-0.018266178,-0.048562284000000004
-0.019340658,-0.048781032
-0.020415140000000002,-0.049437284000000005
-0.02148962,-0.048124784000000004
-0.022564102000000003,-0.048999784000000005
-0.023638584,-0.048781032
-0.024713064,-0.047906036000000006
-0.025787546,-0.048781032
-0.026862028000000003,-0.048124784000000004
-0.027936508000000002,-0.047687288
-0.029010988,-0.048781032
-0.030085470000000003,-0.047687288
-0.031159950000000002,-0.047468540000000004
-0.03223443,-0.048343536000000006
-0.033308912,-0.047249792000000006
-0.034383392,-0.047468540000000004
-0.035457876,-0.047687288
-0.036532356,-0.046812292000000005
-0.037606836000000005,-0.047468540000000004
-0.038681316,-0.047468540000000004
-0.0397558,-0.046484168
-0.040830280000000004,-0.04735916400000001
-0.041904764000000004,-0.046812292000000005
-0.04297924,-0.046374792000000005
-0.044053724,-0.047577912
-0.045128204000000005,-0.046593544
-0.046202684,-0.04626542000000001
-0.047277168,-0.047140416000000004
-0.048351648000000004,-0.046374792000000005
-0.049426128,-0.046374792000000005
-0.050500608,-0.046921668
-0.051575092,-0.045718548000000005
-0.052649572000000006,-0.046484168
-0.053724056000000006,-0.046374792000000005
-0.054798532000000004,-0.04549980000000001
-0.055873016000000005,-0.046484168
-0.056947496,-0.04582792000000001
-0.058021976,-0.04517167600000001
-0.05909646,-0.04626542000000001
-0.060170940000000006,-0.045281048000000004
-0.06124542,-0.045062300000000007
-0.062319900000000004,-0.046046672000000004
-0.063394384,-0.044843548000000004
-0.06446886,-0.04517167600000001
-0.065543348,-0.045609172
-0.066617824,-0.044406052
-0.067692312,-0.045062300000000007
-0.068766784,-0.045281048000000004
-0.069841264,-0.044187304000000004
-0.070915752,-0.04517167600000001
-0.071990232,-0.044624800000000006
-0.073064712,-0.043968556000000006
-0.074139192,-0.045609172
-0.07521367200000001,-0.044296680000000005
-0.07628816000000001,-0.044187304000000004
-0.077362632,-0.045390424
-0.07843712,-0.044077928
-0.0795116,-0.044077928
-0.08058607200000001,-0.045062300000000007
-0.08166056000000001,-0.043749808
-0.08273504000000001,-0.044624800000000006
-0.08380952800000001,-0.04473417600000001
-0.084884,-0.043531056000000005
-0.08595848,-0.044406052
-0.087032968,-0.044406052
-0.088107448,-0.04385918
-0.08918192800000001,-0.04473417600000001
-0.09025640800000001,-0.04385918
-0.09133089600000001,-0.043531056000000005
-0.092405368,-0.044624800000000006
-0.093479848,-0.043531056000000005
-0.094554336,-0.043640428
-0.095628816,-0.044406052
-0.09670329600000001,-0.043202936000000004
-0.09777777600000001,-0.044077928
-0.098852256,-0.044077928
-0.099926736,-0.042874808
-0.101001,-0.043749808
-0.102075,-0.043640428
-0.10314999999999999,-0.042765436000000004
-0.104224,-0.044077928
-0.10529899999999999,-0.043202936000000004
-0.106373,-0.04265606
-0.107448,-0.044187304000000004
-0.108522,-0.043093556000000005
-0.109597,-0.042765436000000004
-0.11067099999999999,-0.04385918
-0.111746,-0.042765436000000004
-0.11281999999999999,-0.043312308
-0.113894,-0.043421684
-0.11496899999999999,-0.042327936000000004
-0.116043,-0.043531056000000005
-0.117118,-0.042984184
-0.11819199999999999,-0.042437312000000005
-0.119267,-0.043421684
-0.12034099999999999,-0.04265606
-0.121416,-0.042109188000000006
-0.12248999999999999,-0.043312308
-0.123565,-0.042327936000000004
-0.124639,-0.04265606
-0.125714,-0.043312308
-0.12678799999999998,-0.042218564
-0.127863,-0.042984184
-0.128937,-0.043093556000000005
-0.130012,-0.041671692
-0.13108599999999998,-0.042327936000000004
-0.132161,-0.042546684
-0.133235,-0.041671692
-0.13430999999999998,-0.042874808
-0.135384,-0.041890436
-0.136459,-0.041452944000000005
-0.137533,-0.042437312000000005
-0.13860799999999998,-0.041452944000000005
-0.139682,-0.041562316
-0.140757,-0.042327936000000004
-0.14183099999999998,-0.041452944000000005
-0.142905,-0.041671692
-0.14398,-0.042437312000000005
-0.145054,-0.041234192
-0.14612899999999998,-0.042109188000000006
-0.147203,-0.041890436
-0.148278,-0.041015444000000005
-0.14935199999999998,-0.042437312000000005
-0.150427,-0.041671692
-0.151501,-0.041343564000000006
-0.152576,-0.042546684
-0.15364999999999998,-0.041343564000000006
-0.154725,-0.040906068000000004
-0.155799,-0.042327936000000004
-0.15687399999999999,-0.041234192
-0.157948,-0.041343564000000006
-0.159023,-0.041890436
-0.160097,-0.04046857200000001
-0.16117199999999998,-0.041562316
-0.162246,-0.041343564000000006
-0.163321,-0.04003107200000001
-0.16439499999999999,-0.041781064
-0.16547,-0.041015444000000005
-0.166544,-0.040140444000000004
-0.167619,-0.041343564000000006
-0.16869299999999998,-0.041015444000000005
-0.169768,-0.040359196
-0.170842,-0.041452944000000005
-0.17191599999999999,-0.04046857200000001
-0.172991,-0.04068732
-0.174065,-0.041124816
-0.17514,-0.04003107200000001
-0.17621399999999998,-0.04068732
-0.177289,-0.041124816
-0.178363,-0.039921700000000004
-0.179438,-0.041124816
-0.18051199999999998,-0.040796692
-0.181587,-0.039921700000000004
-0.182661,-0.04068732
-0.18373599999999998,-0.04046857200000001
-0.18481,-0.040359196
-0.185885,-0.041124816
-0.186959,-0.04024982
-0.18803399999999998,-0.039812324
-0.189108,-0.041234192
-0.190183,-0.039156076
-0.19125699999999998,-0.04068732
-0.192332,-0.041015444000000005
-0.193406,-0.039484200000000004
-0.194481,-0.040906068000000004
-0.19555499999999998,-0.040140444000000004
-0.19663,-0.039374824
-0.197704,-0.04046857200000001
-0.19877799999999998,-0.039921700000000004
-0.199853,-0.039265452000000006
