Potential (V),Current (uA)
-0.199853,-0.08399963200000002
-0.19877799999999998,-0.05599975200000001
-0.197704,-0.04199981600000001
-0.19663,-0.034999844
-0.19555499999999998,-0.027999876000000003
-0.194481,-0.027999876000000003
-0.193406,-0.020999908000000005
-0.192332,-0.020999908000000005
-0.19125699999999998,-0.017499922
-0.190183,-0.01574993
-0.189108,-0.013999938000000002
-0.18803399999999998,-0.013999938000000002
-0.186959,-0.011374950000000002
-0.185885,-0.011374950000000002
-0.18481,-0.010499954000000002
-0.18373599999999998,-0.009624957000000002
-0.182661,-0.009187459
-0.181587,-0.008312463
-0.18051199999999998,-0.007874965
-0.179438,-0.0074374670000000006
-0.178363,-0.00678122
-0.177289,-0.00678122
-0.17621399999999998,-0.006234347
-0.17514,-0.005906224000000001
-0.174065,-0.0027607870000000002
-0.172991,-0.003791183
-0.17191599999999999,-0.004121581
-0.170842,-0.003998382000000001
-0.169768,-0.003751983000000001
-0.16869299999999998,-0.0036791830000000004
-0.167619,-0.0034215850000000004
-0.166544,-0.003197586
-0.16547,-0.0031359860000000003
-0.16439499999999999,-0.0028447870000000005
-0.163321,-0.0027047880000000005
-0.162246,-0.002643188
-0.16117199999999998,-0.0023463890000000004
-0.160097,-0.0022847900000000005
-0.159023,-0.00218959
-0.157948,-0.0019319909999999999
-0.15687399999999999,-0.0019095910000000002
-0.155799,-0.001775192
-0.154725,-0.001573593
-0.15364999999999998,-0.0015847930000000001
-0.152576,-0.001411193
-0.151501,-0.0012767940000000001
-0.150427,-0.001287994
-0.14935199999999998,-0.0010695950000000002
-0.148278,-0.001007995
-0.147203,-0.001007995
-0.14612899999999998,-0.0007783960000000001
-0.145054,-0.0007783960000000001
-0.14398,-0.000744796
-0.142905,-0.000531997
-0.14183099999999998,-0.0005543970000000001
-0.140757,-0.0004927970000000001
-0.139682,-0.00032479800000000006
-0.13860799999999998,-0.00038079800000000006
-0.137533,-0.00024639800000000005
-0.136459,-0.00013439900000000003
-0.135384,-0.000195999
-0.13430999999999998,-1.1199951000000002e-05
-0.133235,2.7999878000000003e-05
-0.132161,-1.1199951000000002e-05
-0.13108599999999998,0.00020159900000000003
-0.130012,0.000184799
-0.128937,0.000184799
-0.127863,0.00038079800000000006
-0.12678799999999998,0.000330398
-0.125714,0.00038639800000000004
-0.124639,0.000531997
-0.123565,0.00045919700000000006
-0.12248999999999999,0.0005711970000000001
-0.121416,0.0006663970000000001
-0.12034099999999999,0.000587997
-0.119267,0.0007503960000000001
-0.11819199999999999,0.0007783960000000001
-0.117118,0.000722396
-0.116043,0.0009015960000000001
-0.11496899999999999,0.000873596
-0.113894,0.0008511960000000001
-0.11281999999999999,0.001035995
-0.111746,0.0009743950000000001
-0.11067099999999999,0.0009967950000000002
-0.109597,0.0011367950000000001
-0.108522,0.001052795
-0.107448,0.0011423950000000003
-0.106373,0.0012263940000000002
-0.10529899999999999,0.0011367950000000001
-0.104224,0.0012767940000000001
-0.10314999999999999,0.001304794
-0.102075,0.001237594
-0.101001,0.001411193
-0.099926736,0.0013831930000000002
-0.098852256,0.001343994
-0.09777777600000001,0.001517593
-0.09670329600000001,0.0014559930000000003
-0.095628816,0.001461593
-0.094554336,0.0016127920000000003
-0.093479848,0.001517593
-0.092405368,0.0015959930000000002
-0.09133089600000001,0.0016855920000000003
-0.09025640800000001,0.001590393
-0.08918192800000001,0.0017135920000000001
-0.088107448,0.001747192
-0.087032968,0.0016631920000000002
-0.08595848,0.0018311920000000001
-0.084884,0.0018031920000000001
-0.08380952800000001,0.001747192
-0.08273504000000001,0.0019151910000000001
-0.08166056000000001,0.001847991
-0.08058607200000001,0.001847991
-0.0795116,0.001987991
-0.07843712,0.001892791
-0.077362632,0.001954391
-0.07628816000000001,0.002043991
-0.07521367200000001,0.0019431910000000001
-0.074139192,0.002049591
-0.073064712,0.0020775900000000003
-0.071990232,0.001987991
-0.070915752,0.0021335900000000003
-0.069841264,0.00211119
-0.068766784,0.002043991
-0.067692312,0.00221759
-0.066617824,0.0021391900000000004
-0.065543348,0.00212799
-0.06446886,0.0022735900000000002
-0.063394384,0.0021783900000000005
-0.062319900000000004,0.00222879
-0.06124542,0.0023239890000000003
-0.060170940000000006,0.00221759
-0.05909646,0.0023239890000000003
-0.058021976,0.002368789
-0.056947496,0.0022735900000000002
-0.055873016000000005,0.0024247890000000005
-0.054798532000000004,0.002402389
-0.053724056000000006,0.002335189
-0.052649572000000006,0.002497589
-0.051575092,0.002430389
-0.050500608,0.002402389
-0.049426128,0.0025591880000000004
-0.048351648000000004,0.002463989
-0.047277168,0.0024919890000000004
-0.046202684,0.0025983880000000005
-0.045128204000000005,0.0024919890000000004
-0.044053724,0.002581588
-0.04297924,0.0026319880000000005
-0.041904764000000004,0.0025255880000000005
-0.040830280000000004,0.0026655880000000004
-0.0397558,0.002643188
-0.038681316,0.002570388
-0.037606836000000005,0.0027327880000000003
-0.036532356,0.0026655880000000004
-0.035457876,0.0026319880000000005
-0.034383392,0.002783187
-0.033308912,0.0026991880000000004
-0.03223443,0.002721588
-0.031159950000000002,0.0028335870000000003
-0.030085470000000003,0.002721588
-0.029010988,0.0028111870000000006
-0.027936508000000002,0.002867187
-0.026862028000000003,0.0027607870000000002
-0.025787546,0.0029063870000000003
-0.024713064,0.002895187
-0.023638584,0.0028111870000000006
-0.022564102000000003,0.002973587
-0.02148962,0.002917587
-0.020415140000000002,0.002883987
-0.019340658,0.003035186
-0.018266178,0.0029455870000000004
-0.017191696,0.002967987
-0.016117215,0.0030799860000000003
-0.015042735000000002,0.002967987
-0.013968254000000001,0.0030463860000000003
-0.012893773,0.003107986
-0.011819292,0.003001586
-0.01074481,0.003130386
-0.009670329,0.0031247860000000005
-0.008595848,0.003040786
-0.007521367,0.0032031860000000002
-0.006446886000000001,0.003147186
-0.005372405,0.003102386
-0.004297924,0.0032591850000000004
-0.0032234430000000003,0.003163986
-0.002148962,0.0031695860000000003
-0.001074481,0.0032927850000000003
0.0,0.003197586
0.001074481,0.0032591850000000004
0.002148962,0.0033319850000000004
0.0032234430000000003,0.0032255850000000004
0.004297924,0.003354385
0.005372405,0.0033599850000000002
0.006446886000000001,0.003281585
0.007521367,0.003443984
0.008595848,0.0033991850000000003
0.009670329,0.0033487850000000004
0.01074481,0.0035167840000000002
0.011819292,0.0034327850000000003
0.012893773,0.003443984
0.013968254000000001,0.0035727840000000003
0.015042735000000002,0.0034719840000000004
0.016117215,0.003533584
0.017191696,0.003617584
0.018266178,0.0035167840000000002
0.019340658,0.0036455840000000003
0.020415140000000002,0.003656784
0.02148962,0.003567184
0.022564102000000003,0.0037295830000000003
0.023638584,0.0036959830000000003
0.024713064,0.003639984
0.025787546,0.0038023830000000003
0.026862028000000003,0.0037295830000000003
0.027936508000000002,0.0037295830000000003
0.029010988,0.003863983
0.030085470000000003,0.003774383
0.031159950000000002,0.0038303830000000006
0.03223443,0.003919982000000001
0.033308912,0.0038191830000000007
0.034383392,0.003947982
0.035457876,0.003975982
0.036532356,0.0038863830000000006
0.037606836000000005,0.004048782000000001
0.038681316,0.004026382
0.0397558,0.003975982
0.040830280000000004,0.004149581
0.041904764000000004,0.004076782000000001
0.04297924,0.004076782000000001
0.044053724,0.004233581
0.045128204000000005,0.004149581
0.046202684,0.004199981
0.047277168,0.004311981
0.048351648000000004,0.0042111810000000005
0.049426128,0.004328781000000001
0.050500608,0.0043679800000000005
0.051575092,0.004295181
0.052649572000000006,0.00444638
0.053724056000000006,0.00443518
0.054798532000000004,0.00437918
0.055873016000000005,0.00455278
0.056947496,0.004496780000000001
0.058021976,0.004496780000000001
0.05909646,0.004653579000000001
0.060170940000000006,0.004569580000000001
0.06124542,0.004619979
0.062319900000000004,0.0047375790000000004
0.063394384,0.004647979
0.06446886,0.004759979
0.065543348,0.004810379000000001
0.066617824,0.004726379
0.067692312,0.004888778000000001
0.068766784,0.004888778000000001
0.069841264,0.004838378000000001
0.070915752,0.0050231780000000005
0.071990232,0.004978378
0.073064712,0.004972778000000001
0.074139192,0.005151977
0.07521367200000001,0.005079177000000001
0.07628816000000001,0.005129577000000001
0.077362632,0.005258377
0.07843712,0.005185577
0.0795116,0.005297576
0.08058607200000001,0.005375976
0.08166056000000001,0.005297576
0.08273504000000001,0.005465576000000001
0.08380952800000001,0.005482376000000001
0.084884,0.005431976
0.08595848,0.005627975
0.087032968,0.005594375
0.088107448,0.005594375
0.08918192800000001,0.005773574000000001
0.09025640800000001,0.005711975
0.09133089600000001,0.005756774000000001
0.092405368,0.005902374000000001
0.093479848,0.005823974000000001
0.094554336,0.005941574
0.095628816,0.006025573000000001
0.09670329600000001,0.005958374000000001
0.09777777600000001,0.006120773
0.098852256,0.006154373
0.099926736,0.006103973
0.101001,0.006305572000000001
0.102075,0.006283172
0.10314999999999999,0.006288772000000001
0.104224,0.006484771
0.10529899999999999,0.006428771000000001
0.106373,0.006484771
0.107448,0.00664717
0.108522,0.006591171000000001
0.109597,0.0067031700000000005
0.11067099999999999,0.00682077
0.111746,0.006759170000000001
0.11281999999999999,0.006932769000000001
0.113894,0.006983169000000001
0.11496899999999999,0.006943969000000001
0.116043,0.007145568000000001
0.117118,0.007145568000000001
0.11819199999999999,0.007145568000000001
0.119267,0.007363967000000001
0.12034099999999999,0.007330367000000001
0.121416,0.007380767
0.12248999999999999,0.007559966
0.123565,0.007503966000000002
0.124639,0.007621567000000001
0.125714,0.007755966
0.12678799999999998,0.007699966
0.127863,0.007867965
0.128937,0.007940764000000001
0.130012,0.007901565000000001
0.13108599999999998,0.008119964
0.132161,0.008136764000000001
0.133235,0.008131164000000001
0.13430999999999998,0.008355163
0.135384,0.008332763000000002
0.136459,0.008383163
0.137533,0.008590362
0.13860799999999998,0.008539963000000001
0.139682,0.008663162
0.140757,0.008819961000000001
0.14183099999999998,0.008769561
0.142905,0.008959961
0.14398,0.00904956
0.145054,0.009027161
0.14612899999999998,0.009251159
0.147203,0.009290359000000002
0.148278,0.009295959000000001
0.14935199999999998,0.009542358
0.150427,0.009542358
0.151501,0.009603958000000001
0.152576,0.009816756000000001
0.15364999999999998,0.009788757
0.154725,0.009917557
0.155799,0.010091156
0.15687399999999999,0.010057556
0.157948,0.010247955000000001
0.159023,0.010354355
0.160097,0.010343155
0.16117199999999998,0.010567153000000001
0.162246,0.010623153000000001
0.163321,0.010645553000000002
0.16439499999999999,0.010891952
0.16547,0.010903152000000001
0.166544,0.010970352000000001
0.167619,0.011205550000000002
0.16869299999999998,0.01118875
0.169768,0.011317550000000001
0.170842,0.011513549000000001
0.17191599999999999,0.011502349000000002
0.172991,0.011687148000000001
0.174065,0.011827148000000001
0.17514,0.011821548000000001
0.17621399999999998,0.012062347000000001
0.177289,0.012135146000000001
0.178363,0.012163147000000001
0.179438,0.012437545000000001
0.18051199999999998,0.012471145000000001
0.181587,0.012543944000000001
0.182661,0.012801544000000002
0.18373599999999998,0.012801544000000002
0.18481,0.012941543000000002
0.185885,0.013148742000000001
0.186959,0.013148742000000001
0.18803399999999998,0.013350341000000002
0.189108,0.01350714
0.190183,0.013512740000000002
0.19125699999999998,0.013764739000000002
0.192332,0.013859939000000002
0.193406,0.013887939
0.194481,0.014167938000000001
0.19555499999999998,0.014223937
0.19663,0.014302337000000002
0.197704,0.014565536
0.19877799999999998,0.014593536
0.199853,0.014733535
0.200927,0.014974333000000003
0.202002,0.014979934000000002
0.20307599999999998,0.015175934000000002
0.204151,0.015355133
0.205225,0.015371932000000001
0.20629999999999998,0.015640732
0.207374,0.01575833
0.208449,0.015797531
0.209523,0.01609433
0.21059799999999998,0.016167129
0.211672,0.016256728
0.212747,0.016547928
0.21382099999999998,0.016592728
0.214896,0.016738327
0.21597,0.017001526
0.217045,0.017029524
0.21811899999999998,0.017247924
0.219194,0.017455124000000002
0.220268,0.017488724
0.22134299999999998,0.017757522
0.222417,0.017897522000000003
0.223492,0.017959120000000002
0.224566,0.018272718
0.22564099999999998,0.01836792
0.226715,0.018468718000000002
0.227789,0.018771116
0.22886399999999998,0.018843916000000002
0.22993799999999998,0.018983916000000003
0.231013,0.019263916000000002
0.232087,0.019314316
0.23316199999999998,0.019538314
0.234236,0.019767914
0.235311,0.019812714000000002
0.23638499999999998,0.02009831
0.23745999999999998,0.020266312
0.238534,0.020339110000000004
0.239609,0.020658308
0.24068299999999998,0.02078711
0.241758,0.020887908000000004
0.242832,0.021212706
0.24390699999999998,0.021296706000000002
0.24498099999999998,0.021464706000000004
0.246056,0.021778304000000002
0.24713,0.021834304000000002
0.24820499999999998,0.022069504000000004
0.249279,0.022332702000000003
0.25035399999999997,0.022394302
0.251428,0.0226855
0.252503,0.022881500000000003
0.253577,0.022971098000000002
0.254652,0.023307096000000003
0.255726,0.023441498
0.2568,0.023581496
0.25787499999999997,0.023917496
0.258949,0.024023894000000004
0.260024,0.024203092000000002
0.261098,0.024522292000000005
0.262173,0.024606292000000002
0.263247,0.02484149
0.264322,0.02512709
0.26539599999999997,0.02520549
0.266471,0.025502288
0.267545,0.025720688000000002
0.26861999999999997,0.025815886
0.269694,0.026168684
0.270769,0.026325484
0.271843,0.026448682
0.272918,0.026807082000000003
0.273992,0.026930282
0.275067,0.027115082000000002
0.27614099999999997,0.027467878
0.27721599999999996,0.027563078
0.27829,0.027809476
0.279365,0.028100676
0.280439,0.028195876
0.281514,0.028509476000000002
0.282588,0.028755874
0.283663,0.028856672000000003
0.28473699999999996,0.029231872000000002
0.285811,0.029411070000000004
0.286886,0.029551070000000002
0.28796,0.029926268000000006
0.289035,0.030071868000000005
0.290109,0.030256666000000005
0.291184,0.030615064
0.29225799999999996,0.030743864000000003
0.293333,0.030990262000000005
0.294407,0.03132066000000001
0.29548199999999997,0.031421462000000004
0.296556,0.03172946
0.297631,0.032003858
0.298705,0.032115858000000004
0.29978,0.03247985800000001
0.300854,0.032687056000000006
0.301929,0.032832656
0.30300299999999997,0.033224652
0.30407799999999996,0.033387054000000006
0.305152,0.033577452
0.30622699999999997,0.033958252
0.307301,0.034087048
0.308376,0.034344648
0.30945,0.034691848000000004
0.310525,0.034820644000000005
0.31159899999999996,0.035134248
0.312673,0.035425444
0.31374799999999997,0.035543044
0.314822,0.03592384
0.315897,0.03614784
0.316971,0.036304640000000006
0.318046,0.036707840000000005
0.31911999999999996,0.03688704
0.320195,0.037083036
0.32126899999999997,0.037475032
0.32234399999999996,0.037615036000000004
0.323418,0.037867032
0.324493,0.038225432000000004
0.325567,0.038365432000000005
0.326642,0.03869022800000001
0.327716,0.03898702800000001
0.328791,0.039115828000000005
0.32986499999999996,0.039491028000000004
0.33094,0.039731824000000006
0.332014,0.039894224000000006
0.33308899999999997,0.04030302
0.334163,0.040487824
0.335238,0.04068382
0.336312,0.04108702
0.337387,0.04124382000000001
0.338461,0.041490216
0.339536,0.041865416
0.34060999999999997,0.041994216
0.341684,0.042296612
0.342759,0.042621412
0.343833,0.042761412
0.344908,0.043131008
0.345982,0.043388612
0.347057,0.043534208000000005
0.34813099999999997,0.043937404
0.34920599999999996,0.044144608
0.35028,0.044335004000000004
0.351355,0.044732600000000004
0.352429,0.044900604000000004
0.353504,0.0451302
0.354578,0.045511
0.355653,0.045639796
0.35672699999999996,0.045942196000000005
0.357802,0.046261396
0.358876,0.046378996000000006
0.35995099999999997,0.046720592
0.361025,0.046978192
0.3621,0.047112592
0.363174,0.04749339200000001
0.364249,0.047683792
0.365323,0.047829388
0.366398,0.04821018800000001
0.36747199999999997,0.04835018800000001
0.368546,0.048529388
0.369621,0.048887784000000004
0.370695,0.048988584
0.37177,0.048999784000000005
0.372844,0.049327904000000006
0.373919,0.049437284000000005
0.37499299999999997,0.049327904000000006
0.37606799999999996,0.050093528000000005
0.377142,0.050093528000000005
0.37821699999999997,0.050312276
0.379291,0.05085914800000001
0.380366,0.0506404
0.38144,0.05129664800000001
0.382515,0.05162476800000001
0.38358899999999996,0.051406020000000004
0.384664,0.05206226800000001
0.38573799999999997,0.05239039200000001
0.38681299999999996,0.052171644
0.387887,0.053046640000000006
0.388962,0.053046640000000006
0.390036,0.053046640000000006
0.391111,0.05381226
0.392185,0.05381226
0.39326,0.054031012
0.39433399999999996,0.054577884
0.39540899999999995,0.054468508000000006
0.396483,0.05501538
0.397557,0.055343504
0.398632,0.055124752000000006
0.399706,0.055890376000000005
0.400781,0.056109124
0.40185499999999996,0.05599975200000001
0.40292999999999995,0.05676537200000001
0.404004,0.056874748
0.40507899999999997,0.05676537200000001
0.406153,0.05753099600000001
0.407228,0.05753099600000001
0.408302,0.057640368000000004
0.409377,0.058296616
0.41045099999999995,0.058187244
0.411526,0.05862474000000001
0.41259999999999997,0.058952864
0.41367499999999996,0.058734116
0.414749,0.059499736000000004
0.41582399999999997,0.059718484
0.416898,0.059499736000000004
0.417973,0.060374732
0.419047,0.06048410800000001
0.420122,0.060374732
0.42119599999999996,0.06114035200000001
0.422271,0.06103097600000001
0.42334499999999997,0.06114035200000001
0.42441999999999996,0.0617966
0.425494,0.06168722800000001
0.426568,0.062015348000000005
0.427643,0.062562224
0.42871699999999996,0.062234096
0.429792,0.062890344
0.43086599999999997,0.06321846800000001
0.43194099999999996,0.06299972
0.433015,0.063765344
0.43409,0.06387471600000001
0.435164,0.06365596800000001
0.436239,0.06453096000000001
0.437313,0.064421588
0.438388,0.06453096000000001
0.43946199999999996,0.06518721200000001
0.44053699999999996,0.06507783600000001
0.441611,0.06540596000000001
0.44268599999999997,0.06584346
0.44376,0.065624704
0.444835,0.066280956
0.445909,0.066609076
0.446984,0.066280956
0.44805799999999996,0.06704658000000001
0.449133,0.067155952
0.45020699999999997,0.06704658000000001
0.45128199999999996,0.0678122
0.452356,0.0678122
0.45343,0.0678122
0.454505,0.06846844800000002
0.45557899999999996,0.068359072
0.456654,0.06857782400000001
0.45772799999999997,0.06912468800000002
0.45880299999999996,0.06890594400000001
0.459877,0.069452816
0.460952,0.069780936
0.462026,0.069452816
0.463101,0.07021843200000001
0.464175,0.07043719200000001
0.46525,0.07021843200000001
0.46632399999999996,0.070984056
0.46739899999999995,0.070984056
0.468473,0.070984056
0.46954799999999997,0.07164031200000001
0.470622,0.071530936
0.471697,0.07174968000000001
0.472771,0.072296552
0.473846,0.07207780800000001
0.47491999999999995,0.07262468000000001
0.475995,0.07295280000000001
0.47706899999999997,0.07262468000000001
0.47814399999999996,0.073390296
0.479218,0.07360904800000001
0.48029299999999997,0.073390296
0.481367,0.07426529600000001
0.48244099999999995,0.07426529600000001
0.483516,0.07415592
0.48458999999999997,0.074921544
0.48566499999999996,0.074921544
0.486739,0.07503092
0.48781399999999997,0.07568716
0.488888,0.07546841600000001
0.489963,0.075905912
0.491037,0.07634341600000001
0.492112,0.076124664
0.49318599999999996,0.07689028
0.49426099999999995,0.07710903200000001
0.49533499999999997,0.07689028
0.49640999999999996,0.07776528
0.497484,0.07776528
0.498559,0.07776528
0.499633,0.07853090400000001
0.5007079999999999,0.07853090400000001
0.501782,0.078749648
0.502857,0.079405896
0.503931,0.07918714400000001
0.505006,0.07973402400000001
0.50608,0.08028088800000001
0.507155,0.08006214400000002
0.5082289999999999,0.080718392
0.509304,0.081046512
0.510378,0.08093714400000002
0.511452,0.08170276
0.512527,0.081921512
0.513601,0.081921512
0.514676,0.08268712800000001
0.5157499999999999,0.082796504
0.516825,0.08301525600000001
0.517899,0.083780872
0.5189739999999999,0.08367150400000001
0.520048,0.08421837600000001
0.521123,0.08487462400000001
0.522197,0.08465587200000001
0.523272,0.08553087200000001
0.524346,0.08585899200000001
0.525421,0.085749616
0.5264949999999999,0.08673399200000001
0.52757,0.086952736
0.528644,0.086952736
0.5297189999999999,0.08793711200000001
0.530793,0.08804648
0.531868,0.08837460800000001
0.532942,0.08924960000000001
0.534017,0.08924960000000001
0.535091,0.08979648000000001
0.5361659999999999,0.09056209600000001
0.5372399999999999,0.09045272000000001
0.538314,0.09132772000000001
0.539389,0.091874592
0.540463,0.091874592
0.541538,0.09285896000000002
0.542612,0.09329646400000001
0.5436869999999999,0.09340584000000002
0.5447609999999999,0.09449958400000001
0.545836,0.09471832800000002
0.54691,0.09504644800000002
0.5479849999999999,0.09614020000000001
0.549059,0.096358944
0.550134,0.096905824
0.5512079999999999,0.097780816
0.552283,0.09799956800000001
0.553357,0.09887456800000001
0.5544319999999999,0.099640184
0.5555059999999999,0.09985892800000001
0.556581,0.100952
0.557655,0.10160799999999999
0.55873,0.101827
0.559804,0.10314
0.560879,0.103577
0.5619529999999999,0.104015
0.563028,0.10521799999999999
0.564102,0.105655
0.5651769999999999,0.106421
0.566251,0.107515
0.567326,0.107843
0.5684,0.10904599999999999
0.5694739999999999,0.11003
0.570549,0.110358
0.571623,0.11167099999999999
0.5726979999999999,0.112546
0.573772,0.112983
0.574847,0.114515
0.575921,0.11528
0.576996,0.115936
0.57807,0.117468
0.579145,0.11812399999999999
0.5802189999999999,0.11910799999999999
0.581294,0.12053000000000001
0.582368,0.12107699999999999
0.5834429999999999,0.122499
0.584517,0.12381099999999999
0.585592,0.124468
0.586666,0.126108
0.587741,0.127311
0.588815,0.128077
0.58989,0.129936
0.5909639999999999,0.13092099999999998
0.592039,0.131905
0.593113,0.133765
0.5941879999999999,0.13474899999999998
0.595262,0.136061
0.596336,0.13792100000000002
0.597411,0.138796
0.5984849999999999,0.14065499999999997
0.59956,0.142296
0.600634,0.143389
0.6017089999999999,0.145358
0.602783,0.146889
0.603858,0.148093
0.604932,0.15028
0.606007,0.151921
0.607081,0.153233
0.6081559999999999,0.155639
0.6092299999999999,0.157061
0.610305,0.158811
0.611379,0.161218
0.6124539999999999,0.162639
0.613528,0.164718
0.614603,0.167124
0.6156769999999999,0.168655
0.616752,0.171171
0.617826,0.173358
0.6189009999999999,0.175108
0.6199749999999999,0.17784199999999997
0.62105,0.18003
0.622124,0.181999
0.6231979999999999,0.184952
0.624273,0.187139
0.625347,0.189436
0.6264219999999999,0.192499
0.6274959999999999,0.194686
0.628571,0.19752999999999998
0.629645,0.200592
0.63072,0.20278
0.631794,0.206061
0.632869,0.20912399999999998
0.6339429999999999,0.21153
0.635018,0.215139
0.636092,0.21820199999999998
0.6371669999999999,0.220936
0.638241,0.22487300000000002
0.639316,0.22793599999999997
0.64039,0.231108
0.641465,0.235155
0.642539,0.23821699999999998
0.643614,0.241936
0.6446879999999999,0.245983
0.645763,0.249264
0.646837,0.25353000000000003
0.6479119999999999,0.25768599999999997
0.648986,0.261076
0.650061,0.26577999999999996
0.651135,0.270045
0.6522089999999999,0.273873
0.653284,0.27901400000000004
0.654358,0.283279
0.6554329999999999,0.287545
0.656507,0.292904
0.657582,0.297389
0.658656,0.30220099999999994
0.670476,0.363779
0.67155,0.37066999999999994
0.6726249999999999,0.376685
0.6736989999999999,0.383138
0.674774,0.390248
0.675848,0.396591
0.6769229999999999,0.40392
0.677997,0.411357
0.679072,0.418138
0.6801459999999999,0.42601300000000003
0.6812199999999999,0.433669
0.682295,0.44066900000000003
0.683369,0.44931
0.6844439999999999,0.457185
0.685518,0.46495099999999995
0.686593,0.473919
0.6876669999999999,0.482122
0.688742,0.49065400000000003
0.689816,0.50006
0.6908909999999999,0.508482
0.6919649999999999,0.517778
0.69304,0.527513
0.694114,0.5362629999999999
0.695189,0.5463250000000001
0.696263,0.556388
0.697338,0.5655749999999999
0.6984119999999999,0.576403
0.699487,0.5867939999999999
0.700561,0.596637
0.7016359999999999,0.608012
0.70271,0.618512
0.703785,0.6290119999999999
0.704859,0.640825
0.705934,0.651653
0.707008,0.6633560000000001
0.708083,0.6754969999999999
0.7091569999999999,0.686325
0.710231,0.698684
0.711306,0.711043
0.71238,0.722637
0.713455,0.735762
0.714529,0.748231
0.715604,0.760262
0.7166779999999999,0.7740429999999999
0.717753,0.786621
0.718827,0.799308
0.7199019999999999,0.813418
0.720976,0.825996
0.722051,0.839777
0.723125,0.853996
0.7242,0.866792
0.725274,0.880902
0.726349,0.8951209999999999
0.7274229999999999,0.9080269999999999
0.728498,0.922683
0.729572,0.936683
0.7306469999999999,0.9500270000000001
0.731721,0.9647920000000001
0.732796,0.97912
0.7338699999999999,0.9922449999999999
0.734945,1.00712
0.736019,1.020901
0.737093,1.034901
0.7381679999999999,1.0495569999999999
0.739242,1.062901
0.740317,1.0771199999999999
0.7413909999999999,1.091776
0.742466,1.104682
0.74354,1.11912
0.757509,1.288431
0.758583,1.301119
0.7596579999999999,1.313369
0.760732,1.3234309999999998
0.761807,1.335462
0.7628809999999999,1.346181
0.7639549999999999,1.355806
0.76503,1.367181
0.766104,1.376806
0.7671789999999999,1.385993
0.768253,1.396275
0.769328,1.404587
0.7704019999999999,1.4131179999999999
0.771477,1.422524
0.772551,1.429087
0.7736259999999999,1.436962
0.7746999999999999,1.445056
0.775775,1.4507430000000001
0.776849,1.458181
0.777924,1.464306
0.778998,1.469118
0.780073,1.4754619999999998
0.7811469999999999,1.479618
0.782222,1.483337
0.783296,1.488368
0.7843709999999999,1.49143
0.785445,1.4942739999999999
0.78652,1.497993
0.787594,1.4993049999999999
0.788669,1.501274
0.789743,1.503024
0.7908179999999999,1.5032429999999999
0.7918919999999999,1.5043369999999998
0.792967,1.504555
0.794041,1.503024
0.795115,1.503024
0.79619,1.501493
0.797264,1.4986490000000001
0.7983389999999999,1.497774
0.7994129999999999,1.4942739999999999
0.800488,1.490993
0.801562,1.4885869999999999
0.8026369999999999,1.483337
0.803711,1.479399
0.804786,1.4754619999999998
0.8058599999999999,1.468681
0.806935,1.464306
0.808009,1.458618
0.8090839999999999,1.4511809999999998
0.8101579999999999,1.4457119999999999
0.811233,1.438274
0.812307,1.430399
0.8133819999999999,1.4236179999999998
0.814456,1.415087
0.815531,1.4065560000000001
0.8166049999999999,1.3989
0.81768,1.389056
0.818754,1.380087
0.8198289999999999,1.371775
0.8209029999999999,1.3608369999999999
0.821978,1.35165
0.823052,1.3420249999999998
0.8241259999999999,1.3306499999999999
0.825201,1.321462
0.826275,1.310744
0.8273499999999999,1.298931
0.8284239999999999,1.288869
0.829499,1.277494
0.830573,1.266119
0.8316479999999999,1.2558379999999998
0.832722,1.243806
0.833797,1.232432
0.8348709999999999,1.221932
0.835946,1.209244
0.83702,1.1985249999999998
0.8380949999999999,1.1873690000000001
0.8391689999999999,1.1746819999999998
0.840244,1.164401
0.841318,1.152369
0.842393,1.1401189999999999
0.843467,1.129838
0.844542,1.118245
0.8456159999999999,1.1064319999999999
0.846691,1.095932
0.847765,1.083901
0.8488399999999999,1.0731819999999999
0.849914,1.062901
0.850988,1.05087
0.852063,1.040807
0.8531369999999999,1.0307449999999998
0.854212,1.0191510000000001
0.855286,1.009526
0.8563609999999999,0.999245
0.857435,0.988308
0.85851,0.979558
0.859584,0.9694950000000001
0.860659,0.959433
0.861733,0.950902
0.8628079999999999,0.940839
0.8638819999999999,0.93187
0.864957,0.923558
0.866031,0.913933
0.8671059999999999,0.905839
0.86818,0.897964
0.869255,0.888996
0.8703289999999999,0.881558
0.871404,0.873902
0.872478,0.8651519999999999
0.8735529999999999,0.8588079999999999
0.8746269999999999,0.851371
0.875702,0.8439329999999999
0.876776,0.838027
0.8778499999999999,0.830808
0.878925,0.824027
0.879999,0.818777
0.8810739999999999,0.811558
0.8821479999999999,0.805871
0.883223,0.8010579999999999
0.884297,0.794496
0.8853719999999999,0.789902
0.886446,0.784871
0.887521,0.7789649999999999
0.8885949999999999,0.7754650000000001
0.88967,0.770434
0.890744,0.765621
0.8918189999999999,0.762121
0.8928929999999999,0.757527
0.893968,0.753371
0.895042,0.7507459999999999
0.8961169999999999,0.746152
0.9100849999999999,0.7148709999999999
0.9111589999999999,0.7124649999999999
0.912234,0.7115900000000001
0.913308,0.7111529999999999
0.914383,0.708965
0.915457,0.708746
0.916532,0.708309
0.9176059999999999,0.7065589999999999
0.918681,0.706778
0.919755,0.70634
0.9208299999999999,0.7052459999999999
0.921904,0.705903
0.922979,0.7052459999999999
0.924053,0.705028
0.925128,0.705684
0.926202,0.7052459999999999
0.9272769999999999,0.705903
0.9283509999999999,0.7072149999999999
0.929426,0.706778
0.943394,0.724715
0.944468,0.725809
0.9455429999999999,0.728215
0.9466169999999999,0.731059
0.947692,0.732809
0.948766,0.7358709999999999
0.9498409999999999,0.738496
0.950915,0.740465
0.95199,0.744402
0.9530639999999999,0.747027
0.954139,0.749871
0.955213,0.7538090000000001
0.9562879999999999,0.756652
0.9573619999999999,0.7601519999999999
0.958437,0.764309
0.959511,0.767152
0.9605859999999999,0.771527
0.96166,0.7761210000000001
0.962735,0.779184
0.9638089999999999,0.7842149999999999
0.9648829999999999,0.78859
0.965958,0.792308
0.967032,0.797996
0.9681069999999999,0.802371
0.969181,0.8069649999999999
0.970256,0.812871
0.9713299999999999,0.817246
0.972405,0.822715
0.973479,0.8292769999999999
0.9745539999999999,0.833871
0.9756279999999999,0.840214
0.976703,0.846777
0.977777,0.852027
0.9788519999999999,0.859246
0.979926,0.8658079999999999
0.9810009999999999,0.871714
0.9820749999999999,0.8795890000000001
0.98315,0.8863709999999999
0.984224,0.8931520000000001
0.9852989999999999,0.901464
0.9863729999999999,0.908464
0.987448,0.91612
0.9885219999999999,0.92487
0.989597,0.932089
0.990671,0.940839
0.991745,0.950245
0.9928199999999999,0.957902
0.9938939999999999,0.9679639999999999
0.994969,0.97737
0.9960429999999999,0.9856829999999999
0.997118,0.9966200000000001
0.998192,1.006464
0.9992669999999999,1.0158699999999998
1.000341,1.027464
1.0014159999999999,1.03687
1.0024899999999999,1.047807
1.003565,1.059839
1.004639,1.069901
1.005714,1.081495
1.006788,1.093963
1.007863,1.104682
1.008937,1.117588
1.010012,1.130057
1.011086,1.141651
1.0121609999999999,1.155432
1.0132349999999999,1.168557
1.01431,1.181244
1.015384,1.195682
1.0272029999999999,1.362806
1.028278,1.3789930000000001
1.029352,1.3954
1.030427,1.414212
1.031501,1.431056
1.032576,1.448118
1.03365,1.468024
1.034725,1.4853049999999999
1.035799,1.504555
1.0368739999999999,1.524461
1.0379479999999999,1.542399
1.039023,1.56318
1.040097,1.583305
1.041172,1.601899
1.042246,1.6242109999999998
1.043321,1.645211
1.044395,1.665336
1.04547,1.6883039999999998
1.046544,1.709523
1.047618,1.731398
1.0486929999999999,1.755242
1.049767,1.77646
1.050842,1.800085
1.0519159999999999,1.824585
1.052991,1.846897
1.054065,1.8724910000000001
1.05514,1.8972099999999998
1.056214,1.921053
1.057289,1.948616
1.058363,1.9731159999999999
1.0594379999999999,1.998053
1.060512,2.026053
1.061587,2.051865
1.0626609999999999,2.07899
1.063736,2.1083030000000003
1.06481,2.13499
1.065885,2.164303
1.066959,2.1940519999999997
1.068034,2.221615
1.069108,2.2526770000000003
1.0701829999999999,2.283302
1.071257,2.312177
1.0723319999999998,2.3441140000000003
1.0734059999999999,2.375614
1.074481,2.406239
1.075555,2.416301
1.076629,2.390489
1.077704,2.383926
1.078778,2.374739
1.079853,2.3638019999999997
1.080927,2.362927
1.082002,2.354177
1.093821,2.292052
1.0948959999999999,2.281552
1.0959699999999999,2.281989
1.097045,2.274114
1.0981189999999998,2.265802
1.099194,2.266239
1.100268,2.2557389999999997
1.101343,2.25049
1.102417,2.2500519999999997
1.103492,2.239552
1.104566,2.23649
1.1056409999999999,2.233865
1.106715,2.223365
1.107789,2.222927
1.1088639999999998,2.2181149999999996
1.1099379999999999,2.20849
1.111013,2.2089269999999996
1.112087,2.201927
1.113162,2.19449
1.114236,2.195365
1.115311,2.187052
1.116385,2.1818020000000002
1.11746,2.1818020000000002
1.118534,2.172177
1.1196089999999999,2.169552
1.1206829999999999,2.16824
1.121758,2.158178
1.122832,2.157302
1.123907,2.153365
1.124981,2.144615
1.126056,2.145928
1.12713,2.14024
1.128205,2.1323649999999996
1.129279,2.134115
1.1303539999999999,2.1262399999999997
1.1314279999999999,2.121428
1.132503,2.122302
1.133577,2.113553
1.134652,2.111803
1.135726,2.110928
1.1368,2.102178
1.137875,2.10174
1.138949,2.099553
1.140024,2.0908029999999997
1.141098,2.092115
1.1421729999999999,2.087303
1.143247,2.08074
1.1443219999999998,2.083365
1.1453959999999999,2.076365
1.146471,2.07199
1.147545,2.07374
1.161514,2.027366
1.162588,2.029991
1.163663,2.021678
1.164737,2.0199279999999997
1.165811,2.021678
1.1668859999999999,2.013803
1.1679599999999999,2.013803
1.169035,2.012928
1.1701089999999998,2.005928
1.171184,2.00724
1.172258,2.004178
1.173333,1.9976160000000003
1.174407,1.9998029999999998
1.175482,1.9941160000000002
1.176556,1.9897409999999998
1.1776309999999999,1.991928
1.178705,1.9849279999999998
1.17978,1.982741
1.1808539999999998,1.984053
1.208791,1.922366
1.209865,1.9201780000000002
1.21094,1.921928
1.212014,1.914928
1.2130889999999999,1.914928
1.2141629999999999,1.915366
1.215238,1.9083660000000002
1.2163119999999998,1.9101160000000001
1.217387,1.9083660000000002
1.218461,1.902241
1.219535,1.905741
1.22061,1.902241
1.221684,1.897429
1.222759,1.900928
1.223833,1.895679
1.2249079999999999,1.8926159999999999
1.225982,1.895679
1.2270569999999998,1.8886789999999998
1.2281309999999999,1.8886789999999998
1.229206,1.889991
1.23028,1.882991
1.231355,1.884741
1.232429,1.883429
1.233504,1.8777409999999999
1.234578,1.881241
1.235653,1.8781789999999998
1.236727,1.873366
1.2378019999999998,1.876866
1.2388759999999999,1.871616
1.239951,1.868991
1.241025,1.872054
1.2421,1.865491
1.243174,1.865054
1.244249,1.866804
1.245323,1.860679
1.246397,1.861554
1.247472,1.861554
1.248546,1.854991
1.2496209999999999,1.8584910000000001
1.250695,1.855866
1.25177,1.851054
1.2528439999999998,1.854554
1.253919,1.850179
1.254993,1.847554
1.256068,1.850179
1.257142,1.844491
1.258217,1.8436160000000001
1.259291,1.8458039999999998
1.2603659999999999,1.839241
1.26144,1.840554
1.262515,1.840116
1.2635889999999999,1.833991
1.264664,1.837054
1.265738,1.8348659999999999
1.266813,1.830054
1.267887,1.833554
1.268962,1.829179
1.270036,1.826554
1.2711109999999999,1.8296160000000001
1.272185,1.824366
1.273259,1.823054
1.2743339999999999,1.825679
1.2754079999999999,1.819116
1.276483,1.8208659999999999
1.2775569999999998,1.8208659999999999
1.278632,1.814741
1.279706,1.817804
1.2958239999999999,1.798554
1.2968979999999999,1.793741
1.297973,1.797679
1.2990469999999998,1.793741
1.300122,1.791116
1.301196,1.794617
1.30227,1.7893659999999998
1.303345,1.7880539999999998
1.304419,1.790679
1.305494,1.784554
1.306568,1.785867
1.3076429999999999,1.7863040000000001
1.308717,1.781054
1.3097919999999998,1.783679
1.3108659999999999,1.782367
1.311941,1.7771169999999998
1.313015,1.781492
1.31409,1.777992
1.315164,1.774492
1.316239,1.778429
1.317313,1.7736169999999998
1.318388,1.772304
1.319462,1.774929
1.3205369999999998,1.769242
1.3216109999999999,1.770117
1.322686,1.7714290000000001
1.32376,1.765304
1.324835,1.768367
1.325909,1.767054
1.326984,1.7622419999999999
1.328058,1.765742
1.329133,1.763117
1.330207,1.7600539999999998
1.331281,1.7635539999999998
1.3323559999999999,1.7591789999999998
1.33343,1.7578669999999998
1.3345049999999998,1.760492
1.3355789999999998,1.754804
1.336654,1.755242
1.337728,1.7574290000000001
1.338803,1.751304
1.339877,1.753929
1.340952,1.753492
1.342026,1.747804
1.3431009999999999,1.752179
1.344175,1.749554
1.3452499999999998,1.745617
1.3463239999999999,1.749554
1.347399,1.745617
1.348473,1.7434290000000001
1.349548,1.746929
1.350622,1.744621
1.362441,1.732929
1.363516,1.730742
1.36459,1.7342419999999998
1.365665,1.7289919999999999
1.366739,1.7289919999999999
1.3678139999999999,1.731617
1.3688879999999999,1.725492
1.369963,1.727679
1.3710369999999998,1.727679
1.372112,1.722867
1.373186,1.726367
1.374261,1.724179
1.375335,1.720242
1.37641,1.724179
1.377484,1.7206789999999998
1.3785589999999999,1.718929
1.3796329999999999,1.721992
1.380708,1.7171789999999998
1.3817819999999998,1.7171789999999998
1.409719,1.6992420000000001
1.410793,1.694429
1.411868,1.693992
1.412942,1.697054
1.4140169999999999,1.691367
1.4150909999999999,1.692679
1.416166,1.694429
1.4172399999999998,1.6883039999999998
1.418315,1.6918039999999999
1.419389,1.690929
1.420463,1.6865539999999999
1.421538,1.690054
1.422612,1.68743
1.423687,1.6848049999999999
1.424761,1.68918
1.4258359999999999,1.6843670000000002
1.42691,1.683492
1.4279849999999998,1.6869919999999998
1.4290589999999999,1.681305
1.443028,1.67693
1.444102,1.671242
1.445177,1.672555
1.446251,1.674305
1.447325,1.668617
1.4484,1.6716799999999998
1.449474,1.671242
1.4505489999999999,1.666867
1.4516229999999999,1.6703670000000002
1.452698,1.668617
1.4537719999999998,1.6655550000000001
1.454847,1.669492
1.455921,1.66468
1.456996,1.663805
1.45807,1.667742
1.459145,1.662055
1.460219,1.663367
1.4612939999999999,1.665117
1.462368,1.65943
1.4634429999999998,1.6624919999999999
1.4645169999999998,1.662055
1.465592,1.6572419999999999
1.466666,1.6611799999999999
1.467741,1.65943
1.468815,1.65593
1.46989,1.660305
1.470964,1.656367
1.4720389999999999,1.6550550000000002
1.473113,1.658555
1.474187,1.653742
1.4752619999999999,1.65418
1.4763359999999999,1.65593
1.477411,1.65068
1.4784849999999998,1.653305
1.47956,1.653305
1.480634,1.64893
1.481709,1.65243
1.482783,1.65068
1.483858,1.6471799999999999
1.484932,1.651117
1.4860069999999999,1.6471799999999999
1.4870809999999999,1.646305
1.488156,1.649805
1.4892299999999998,1.644992
1.490305,1.644992
1.491379,1.6471799999999999
1.492454,1.64193
1.493528,1.644555
1.494603,1.644992
1.495677,1.639742
1.4967519999999999,1.6436799999999998
1.4978259999999999,1.64193
1.498901,1.63843
1.4999749999999998,1.6428049999999998
1.498901,1.638867
1.4978259999999999,1.637117
1.4967519999999999,1.641055
1.495677,1.636242
1.494603,1.63668
1.493528,1.639305
1.492454,1.634055
1.491379,1.635805
1.490305,1.63668
1.4892299999999998,1.631867
1.488156,1.635367
1.4870809999999999,1.6336169999999999
1.4860069999999999,1.6301169999999998
1.484932,1.634492
1.483858,1.63143
1.482783,1.62968
1.481709,1.6331799999999999
1.480634,1.628367
1.47956,1.628367
1.4784849999999998,1.630992
1.477411,1.62618
1.4763359999999999,1.628367
1.4752619999999999,1.6288049999999998
1.474187,1.62443
1.473113,1.627492
1.4720389999999999,1.626617
1.470964,1.6226800000000001
1.46989,1.626617
1.468815,1.623555
1.467741,1.621805
1.466666,1.625305
1.465592,1.62093
1.4645169999999998,1.62093
1.4634429999999998,1.623555
1.462368,1.6183049999999999
1.4612939999999999,1.620055
1.460219,1.621367
1.459145,1.616555
1.45807,1.620055
1.456996,1.618742
1.455921,1.6148049999999998
1.454847,1.618742
1.4537719999999998,1.6161169999999998
1.452698,1.6139299999999999
1.4516229999999999,1.61743
1.4505489999999999,1.613492
1.449474,1.613055
1.4484,1.6161169999999998
1.447325,1.610867
1.446251,1.612617
1.445177,1.6139299999999999
1.444102,1.60868
1.443028,1.61218
1.441953,1.611305
1.440879,1.607367
1.4398039999999999,1.61218
1.4387299999999998,1.6091170000000001
1.437655,1.606492
1.4365809999999999,1.61043
1.435506,1.606492
1.434432,1.605617
1.433357,1.6091170000000001
1.432283,1.603867
1.431208,1.60518
1.430134,1.60693
1.4290589999999999,1.6012419999999998
1.4279849999999998,1.604742
1.42691,1.6043049999999999
1.4258359999999999,1.6003669999999999
1.424761,1.6043049999999999
1.423687,1.602117
1.422612,1.599492
1.421538,1.602992
1.420463,1.599492
1.419389,1.598617
1.418315,1.60168
1.4172399999999998,1.596867
1.416166,1.59818
1.4150909999999999,1.6003669999999999
1.4140169999999999,1.5951170000000001
1.412942,1.59818
1.411868,1.597742
1.410793,1.593367
1.409719,1.597742
1.408644,1.595555
1.40757,1.59293
1.4064949999999998,1.596867
1.405421,1.59293
1.4043459999999999,1.592055
1.4032719999999999,1.595555
1.402197,1.5907419999999999
1.401123,1.59118
1.400048,1.593805
1.398974,1.588555
1.397899,1.59118
1.396825,1.59118
1.39575,1.5872419999999998
1.394676,1.5907419999999999
1.3936009999999999,1.58943
1.3925269999999998,1.5859299999999998
1.3914529999999998,1.589867
1.390378,1.5863669999999999
1.3893039999999999,1.585492
1.388229,1.588992
1.387155,1.58418
1.38608,1.5850549999999999
1.385006,1.5872419999999998
1.383931,1.58243
1.382857,1.5850549999999999
1.3817819999999998,1.584617
1.380708,1.580242
1.3796329999999999,1.584617
1.3785589999999999,1.58243
1.377484,1.579367
1.37641,1.583305
1.375335,1.580242
1.374261,1.57893
1.373186,1.58243
1.372112,1.578055
1.3710369999999998,1.578492
1.369963,1.58068
1.3688879999999999,1.5754299999999999
1.3678139999999999,1.578492
1.366739,1.57893
1.365665,1.574118
1.36459,1.578055
1.363516,1.5767419999999999
1.362441,1.573242
1.361367,1.57718
1.360293,1.574118
1.359218,1.5723669999999998
1.358144,1.576305
1.3570689999999999,1.571493
1.3559949999999998,1.5719299999999998
1.35492,1.574555
1.3538459999999999,1.5697429999999999
1.352771,1.5723669999999998
1.351697,1.572805
1.350622,1.567993
1.349548,1.5719299999999998
1.348473,1.57018
1.347399,1.567117
1.3463239999999999,1.5710549999999999
1.3452499999999998,1.5684299999999998
1.344175,1.56668
1.3431009999999999,1.57018
1.342026,1.5658050000000001
1.340952,1.5658050000000001
1.339877,1.568867
1.338803,1.564055
1.337728,1.566243
1.336654,1.56668
1.3355789999999998,1.562305
1.3345049999999998,1.5658050000000001
1.33343,1.56493
1.3323559999999999,1.560993
1.331281,1.565368
1.330207,1.562305
1.329133,1.560555
1.328058,1.5644930000000001
1.326984,1.560118
1.325909,1.560118
1.324835,1.562742
1.32376,1.5579299999999998
1.322686,1.55968
1.3216109999999999,1.560993
1.3205369999999998,1.55618
1.319462,1.55968
1.318388,1.558805
1.317313,1.554868
1.316239,1.559243
1.315164,1.5566179999999998
1.31409,1.55443
1.313015,1.558368
1.311941,1.55443
1.3108659999999999,1.553993
1.3097919999999998,1.5570549999999999
1.308717,1.551805
1.3076429999999999,1.553993
1.306568,1.555305
1.305494,1.5504930000000001
1.304419,1.553993
1.303345,1.5531179999999998
1.30227,1.54918
1.301196,1.553555
1.300122,1.5509300000000001
1.2990469999999998,1.548743
1.297973,1.55268
1.2968979999999999,1.548743
1.2958239999999999,1.548305
1.294749,1.551368
1.293675,1.546555
1.2926,1.548305
1.291526,1.550055
1.290451,1.544368
1.289377,1.547868
1.2883019999999998,1.54743
1.287228,1.5430549999999998
1.2861529999999999,1.54743
1.2850789999999999,1.545243
1.284004,1.5430549999999998
1.28293,1.546993
1.281855,1.543493
1.266813,1.538243
1.265738,1.537368
1.264664,1.541305
1.2635889999999999,1.536055
1.262515,1.537368
1.26144,1.5395549999999998
1.2603659999999999,1.534743
1.259291,1.537805
1.258217,1.537805
1.257142,1.53343
1.256068,1.537368
1.254993,1.536055
1.253919,1.532993
1.2528439999999998,1.5369300000000001
1.25177,1.53343
1.250695,1.532555
1.2496209999999999,1.536493
1.248546,1.531243
1.247472,1.532118
1.234578,1.530368
1.233504,1.5255549999999998
1.232429,1.52643
1.231355,1.5290549999999998
1.23028,1.5242429999999998
1.229206,1.526868
1.2281309999999999,1.5277429999999999
1.2270569999999998,1.5229300000000001
1.225982,1.526868
1.2249079999999999,1.5255549999999998
1.223833,1.522493
1.222759,1.526868
1.221684,1.523805
1.22061,1.522055
1.219535,1.52643
1.218461,1.5216180000000001
1.217387,1.522055
1.2163119999999998,1.525118
1.215238,1.520305
1.2141629999999999,1.5229300000000001
1.2130889999999999,1.523805
1.212014,1.51943
1.21094,1.523368
1.209865,1.5216180000000001
1.208791,1.5185549999999999
1.207716,1.5229300000000001
1.206642,1.520305
1.205567,1.518118
1.204493,1.522055
1.2034179999999999,1.51768
1.2023439999999999,1.5185549999999999
1.201269,1.5216180000000001
1.200195,1.516805
1.19912,1.518993
1.198046,1.520743
1.196971,1.516368
1.195897,1.520743
1.194822,1.520305
1.193748,1.51593
1.1926729999999999,1.51943
1.1915989999999999,1.516368
1.190525,1.5141799999999999
1.18945,1.5185549999999999
1.1883759999999999,1.5141799999999999
1.187301,1.5141799999999999
1.186227,1.51768
1.185152,1.51243
1.184078,1.514618
1.183003,1.51593
1.181929,1.511555
1.1808539999999998,1.515055
1.17978,1.5141799999999999
1.178705,1.5102429999999998
1.1776309999999999,1.514618
1.176556,1.511993
1.175482,1.509368
1.174407,1.513305
1.173333,1.50893
1.172258,1.508493
1.171184,1.511993
1.1701089999999998,1.506743
1.169035,1.508493
1.1679599999999999,1.509805
1.1668859999999999,1.504993
1.165811,1.508493
1.164737,1.5080550000000001
1.163663,1.504118
1.162588,1.508493
1.161514,1.505868
1.160439,1.50368
1.159365,1.5076180000000001
1.15829,1.50368
1.157216,1.5032429999999999
1.1561409999999999,1.506743
1.1550669999999998,1.501493
1.153992,1.5032429999999999
1.1529179999999999,1.504993
1.151843,1.4997429999999998
1.150769,1.5032429999999999
1.149694,1.502805
1.14862,1.4988679999999999
1.147545,1.5032429999999999
1.146471,1.501055
1.1453959999999999,1.4988679999999999
1.1443219999999998,1.5032429999999999
1.143247,1.4988679999999999
1.1421729999999999,1.4988679999999999
1.141098,1.502368
1.140024,1.497555
1.138949,1.4988679999999999
1.137875,1.500618
1.1368,1.495805
1.135726,1.4988679999999999
1.134652,1.4988679999999999
1.133577,1.49493
1.132503,1.4993049999999999
1.1314279999999999,1.497118
1.1303539999999999,1.494493
1.129279,1.4993049999999999
1.128205,1.4953679999999998
1.12713,1.494493
1.126056,1.49843
1.124981,1.4940550000000001
1.123907,1.49493
1.122832,1.497118
1.121758,1.491868
1.1206829999999999,1.4953679999999998
1.1196089999999999,1.49493
1.118534,1.490555
1.11746,1.49493
1.116385,1.492743
1.115311,1.490118
1.114236,1.49493
1.113162,1.490993
1.112087,1.490118
1.111013,1.4940550000000001
1.1099379999999999,1.489243
1.1088639999999998,1.490118
1.107789,1.492743
1.106715,1.487493
1.1056409999999999,1.490993
1.104566,1.490993
1.103492,1.486618
1.102417,1.490993
1.101343,1.488805
1.100268,1.4861799999999998
1.099194,1.490555
1.0981189999999998,1.486618
1.097045,1.485743
1.0959699999999999,1.490118
1.0948959999999999,1.4848679999999999
1.082002,1.328681
1.080927,1.3081189999999998
1.079853,1.2871190000000001
1.078778,1.2656809999999998
1.077704,1.246431
1.076629,1.2258689999999999
1.075555,1.205307
1.074481,1.186932
1.0734059999999999,1.166807
1.0723319999999998,1.1471189999999998
1.071257,1.1296190000000002
1.0701829999999999,1.109932
1.069108,1.091995
1.068034,1.074495
1.066959,1.0561200000000002
1.065885,1.03862
1.06481,1.021557
1.063736,1.004058
1.0626609999999999,0.9878699999999999
1.061587,0.9712449999999999
1.060512,0.95462
1.0594379999999999,0.9393079999999999
1.058363,0.922683
1.057289,0.906933
1.056214,0.892933
1.05514,0.876308
1.054065,0.861871
1.052991,0.847433
1.0519159999999999,0.831683
1.050842,0.818121
1.049767,0.804558
1.0486929999999999,0.789683
1.047618,0.776996
1.046544,0.7629959999999999
1.04547,0.748559
1.044395,0.737184
1.043321,0.723184
1.042246,0.709621
1.041172,0.6978089999999999
1.040097,0.684684
1.039023,0.672434
1.0379479999999999,0.661059
1.0368739999999999,0.647934
1.035799,0.636997
1.034725,0.625622
1.03365,0.612934
1.032576,0.602434
1.031501,0.591059
1.030427,0.5792470000000001
1.029352,0.568747
1.028278,0.5578099999999999
1.0272029999999999,0.546872
1.0261289999999998,0.5368099999999999
1.025054,0.525435
1.02398,0.5153719999999999
1.022905,0.5057470000000001
1.021831,0.49524699999999994
1.020756,0.48605999999999994
1.019682,0.47643499999999994
1.018608,0.466372
1.017533,0.457622
1.016459,0.447998
1.015384,0.43793499999999996
1.01431,0.429623
1.0132349999999999,0.420873
1.0121609999999999,0.411248
1.011086,0.403373
1.010012,0.39418499999999995
1.008937,0.38587299999999997
1.007863,0.378435
1.006788,0.369248
1.005714,0.36180999999999996
1.004639,0.354373
1.003565,0.34606000000000003
1.0024899999999999,0.33906
1.0014159999999999,0.331623
1.000341,0.32331099999999996
0.9992669999999999,0.31718599999999997
0.998192,0.30974799999999997
0.997118,0.301873
0.9960429999999999,0.29574799999999996
0.994969,0.288748
0.9938939999999999,0.281748
0.9498409999999999,0.099749552
0.948766,0.09668707200000001
0.947692,0.09493708000000001
0.9466169999999999,0.09143709600000001
0.9455429999999999,0.08924960000000001
0.944468,0.087499616
0.943394,0.084437128
0.9423189999999999,0.08268712800000001
0.941245,0.08049964
0.94017,0.07787465600000001
0.9390959999999999,0.076124664
0.938021,0.07415592
0.936947,0.07174968000000001
0.9358719999999999,0.07021843200000001
0.9347979999999999,0.068030952
0.933724,0.06584346
0.932649,0.06474971600000001
0.9315749999999999,0.06234347600000001
0.9305,0.06081222800000001
0.929426,0.059499736000000004
0.9283509999999999,0.057312244000000005
0.9272769999999999,0.056218500000000005
0.926202,0.05468726
0.925128,0.052718516
0.924053,0.051843520000000004
0.922979,0.050312276
0.921904,0.048343536000000006
0.9208299999999999,0.047687288
0.919755,0.046156044
0.918681,0.044843548000000004
0.9176059999999999,0.043968556000000006
0.916532,0.042437312000000005
0.915457,0.041343564000000006
0.914383,0.04068732
0.913308,0.039046700000000004
0.884297,0.015657531
0.883223,0.015097533
0.8821479999999999,0.014733535
0.8810739999999999,0.014167938000000001
0.879999,0.013680740000000002
0.878925,0.013383941
0.8778499999999999,0.012784744
0.876776,0.012420745
0.875702,0.012090346
0.8746269999999999,0.011513549000000001
0.8735529999999999,0.01123355
0.872478,0.010897552000000001
0.871404,0.010393555
0.8703289999999999,0.010158355
0.869255,0.009788757
0.86818,0.009368758
0.8671059999999999,0.00917276
0.866031,0.008786361000000001
0.864957,0.008478362000000001
0.8638819999999999,0.008315963000000001
0.8628079999999999,0.007879165
0.861733,0.007627166000000001
0.860659,0.007442367000000001
0.859584,0.007061569
0.85851,0.00685437
0.857435,0.006624771000000001
0.8563609999999999,0.006215972
0.855286,0.006126373
0.854212,0.005840774000000001
0.8531369999999999,0.0055103750000000005
0.852063,0.005431976
0.850988,0.005112777
0.849914,0.004860778
0.8488399999999999,0.004815979000000001
0.847765,0.00445758
0.846691,0.004283981
0.8456159999999999,0.004188781
0.844542,0.003847183
0.843467,0.0037463830000000007
0.842393,0.0036119840000000004
0.841318,0.0032927850000000003
0.840244,0.0032591850000000004
0.8391689999999999,0.0030967860000000002
0.8380949999999999,0.0028111870000000006
0.83702,0.0028335870000000003
0.835946,0.0025927880000000004
0.8348709999999999,0.002435989
0.833797,0.0024135890000000003
0.832722,0.0021727900000000004
0.8316479999999999,0.002049591
0.830573,0.002021591
0.829499,0.0017695920000000002
0.8284239999999999,0.0017527920000000002
0.8273499999999999,0.0016631920000000002
0.826275,0.001411193
0.825201,0.0014559930000000003
0.8241259999999999,0.0013159940000000002
0.823052,0.0011031950000000002
0.821978,0.001080795
0.8209029999999999,0.000912796
0.8198289999999999,0.0007783960000000001
0.818754,0.000800796
0.81768,0.0005487970000000001
0.8166049999999999,0.00046479700000000003
0.815531,0.000470397
0.814456,0.000207199
0.8133819999999999,0.000195999
0.812307,0.00016239900000000003
0.811233,-6.159973199999999e-05
0.8101579999999999,-5.0399780000000004e-05
0.8090839999999999,-0.00010639900000000001
0.808009,-0.000313598
0.806935,-0.000274398
0.8058599999999999,-0.00041999800000000004
0.804786,-0.000520797
0.803711,-0.00045919700000000006
0.8026369999999999,-0.000655197
0.801562,-0.0007279960000000001
0.800488,-0.000660797
0.7994129999999999,-0.0008679960000000001
0.7983389999999999,-0.0009071960000000001
0.797264,-0.0008791960000000001
0.79619,-0.0010919950000000001
0.795115,-0.0010135950000000002
0.794041,-0.001080795
0.792967,-0.0012095940000000003
0.7918919999999999,-0.001147995
0.7908179999999999,-0.0012767940000000001
0.789743,-0.001371994
0.788669,-0.0012991940000000003
0.787594,-0.001500793
0.78652,-0.0015567930000000001
0.785445,-0.001511993
0.7843709999999999,-0.0016855920000000003
0.783296,-0.001691192
0.782222,-0.0016855920000000003
0.7811469999999999,-0.0019095910000000002
0.780073,-0.001808792
0.778998,-0.0018815910000000002
0.777924,-0.0020383910000000005
0.776849,-0.0019431910000000001
0.775775,-0.0020663900000000004
0.7746999999999999,-0.00218959
0.7736259999999999,-0.00208879
0.772551,-0.0022511900000000006
0.771477,-0.00226239
0.7704019999999999,-0.0022119900000000005
0.769328,-0.002396789
0.768253,-0.002368789
0.7671789999999999,-0.002329589
0.766104,-0.002508789
0.76503,-0.0024583890000000005
0.7639549999999999,-0.002463989
0.7628809999999999,-0.002620788
0.761807,-0.002514389
0.760732,-0.002570388
0.7596579999999999,-0.0027047880000000005
0.758583,-0.0025871880000000002
0.757509,-0.002721588
0.7564339999999999,-0.002743988
0.7553599999999999,-0.0026991880000000004
0.754285,-0.0028503870000000002
0.753211,-0.002827987
0.7521359999999999,-0.002855987
0.751062,-0.003029586
0.749987,-0.0029511870000000005
0.7489129999999999,-0.002973587
0.747838,-0.003130386
0.746764,-0.003035186
0.7456889999999999,-0.003130386
0.7446149999999999,-0.0032647850000000005
0.74354,-0.0031583860000000004
0.742466,-0.0032591850000000004
0.7413909999999999,-0.003337585
0.740317,-0.0032255850000000004
0.739242,-0.003427185
0.7381679999999999,-0.0034215850000000004
0.737093,-0.0033823850000000003
0.736019,-0.0035559840000000003
0.734945,-0.0034495840000000003
0.7338699999999999,-0.0034719840000000004
0.732796,-0.003639984
0.731721,-0.003550384
0.7306469999999999,-0.0035895840000000003
0.729572,-0.0036735830000000002
0.728498,-0.0035951840000000004
0.7274229999999999,-0.0036735830000000002
0.726349,-0.0037407830000000006
0.725274,-0.0036063840000000002
0.7242,-0.003774383
0.723125,-0.003774383
0.722051,-0.0037183830000000005
0.720976,-0.0039031820000000003
0.7199019999999999,-0.0038527830000000002
0.718827,-0.0038583830000000004
0.717753,-0.004020782
0.7166779999999999,-0.003919982000000001
0.715604,-0.003992782
0.714529,-0.004143981000000001
0.713455,-0.004020782
0.71238,-0.004143981000000001
0.711306,-0.004216781
0.710231,-0.004132781
0.7091569999999999,-0.004267181
0.708083,-0.004300781
0.707008,-0.004261581
0.705934,-0.004423980000000001
0.704859,-0.004345581
0.703785,-0.004334381
0.70271,-0.00448558
0.7016359999999999,-0.004395980000000001
0.700561,-0.00445198
0.699487,-0.004575180000000001
0.6984119999999999,-0.00446878
0.697338,-0.004575180000000001
0.696263,-0.004631179
0.695189,-0.00451358
0.694114,-0.0046703790000000005
0.69304,-0.004659179
0.6919649999999999,-0.004603179000000001
0.6908909999999999,-0.004743179000000001
0.689816,-0.004653579000000001
0.688742,-0.004653579000000001
0.6876669999999999,-0.004810379000000001
0.686593,-0.004731979000000001
0.685518,-0.004765579
0.6844439999999999,-0.004911178
0.683369,-0.004832778
0.682295,-0.004911178
0.6812199999999999,-0.0050231780000000005
0.6801459999999999,-0.004933578
0.679072,-0.005056777
0.677997,-0.005118377
0.6769229999999999,-0.005062377000000001
0.675848,-0.005224777000000001
0.674774,-0.005168777000000001
0.6736989999999999,-0.005157577000000001
0.6726249999999999,-0.005364776
0.67155,-0.005258377
0.670476,-0.005291976
0.669401,-0.005431976
0.668327,-0.005331176000000001
0.667252,-0.005415176000000001
0.6661779999999999,-0.005493576000000001
0.665103,-0.005409576000000001
0.664029,-0.0055439750000000005
0.6629539999999999,-0.0055607750000000004
0.66188,-0.005487976
0.660805,-0.005667175000000001
0.659731,-0.005588775000000001
0.658656,-0.005571975000000001
0.657582,-0.005751174
0.656507,-0.005639175000000001
0.642539,-0.006277572
0.641465,-0.0061823730000000006
0.64039,-0.0062271720000000004
0.639316,-0.006400772000000001
0.638241,-0.006294372
0.6371669999999999,-0.006400772000000001
0.636092,-0.0065127710000000005
0.635018,-0.006378372
0.6339429999999999,-0.0064959710000000006
0.632869,-0.006557571000000001
0.631794,-0.006490371000000001
0.63072,-0.0066527700000000006
0.629645,-0.006635971000000001
0.628571,-0.006596771000000001
0.6274959999999999,-0.006770370000000001
0.6264219999999999,-0.006691970000000001
0.625347,-0.006697570000000001
0.624273,-0.006831970000000001
0.6231979999999999,-0.0067199700000000005
0.595262,-0.007912765
0.5941879999999999,-0.008108764000000001
0.593113,-0.008013563999999999
0.592039,-0.008063965000000001
0.5909639999999999,-0.008209564
0.58989,-0.008108764000000001
0.588815,-0.008226364
0.587741,-0.008299163000000002
0.586666,-0.008226364
0.585592,-0.008399963
0.584517,-0.008394363
0.5834429999999999,-0.008383163
0.582368,-0.008573563000000001
0.581294,-0.008556763
0.5802189999999999,-0.008567963000000001
0.579145,-0.008758361000000001
0.57807,-0.008702362
0.576996,-0.008763961
0.575921,-0.00893756
0.574847,-0.008853561
0.573772,-0.009021561
0.5726979999999999,-0.009088760000000001
0.571623,-0.00903276
0.570549,-0.009189559
0.5694739999999999,-0.009245559
0.5684,-0.009223159
0.567326,-0.009419159000000002
0.566251,-0.009402358
0.5651769999999999,-0.009379958
0.564102,-0.009615158
0.563028,-0.009525558
0.5619529999999999,-0.009603958000000001
0.560879,-0.009805556000000002
0.559804,-0.009676757000000001
0.55873,-0.009805556000000002
0.557655,-0.009923157
0.556581,-0.009839156000000002
0.5555059999999999,-0.010018356
0.5544319999999999,-0.010063156
0.553357,-0.010012756
0.552283,-0.010214355
0.5512079999999999,-0.010186355
0.550134,-0.010175155000000002
0.549059,-0.010421554000000001
0.5479849999999999,-0.010359955
0.54691,-0.010443954000000002
0.545836,-0.010639953
0.5447609999999999,-0.010561553
0.5436869999999999,-0.010718352
0.542612,-0.010869552
0.541538,-0.010796753000000001
0.528644,-0.011838348000000002
0.52757,-0.011995147000000001
0.5264949999999999,-0.011916748000000001
0.525421,-0.012101546000000001
0.524346,-0.012202347
0.523272,-0.012168747000000002
0.522197,-0.012398345
0.521123,-0.012392745
0.520048,-0.012426345
0.5189739999999999,-0.012672745000000001
0.517899,-0.012622345000000002
0.516825,-0.012695144000000002
0.5157499999999999,-0.012907943
0.514676,-0.012874343000000002
0.513601,-0.013025542000000001
0.512527,-0.013227142
0.511452,-0.013148742000000001
0.510378,-0.013395141000000001
0.509304,-0.013495940000000001
0.5082289999999999,-0.01347914
0.507155,-0.013742339000000001
0.50608,-0.013759139
0.505006,-0.013820739000000002
0.503931,-0.014083938
0.502857,-0.014078338000000001
0.501782,-0.014167938000000001
0.5007079999999999,-0.014431136
0.499633,-0.014380736000000002
0.498559,-0.014559936
0.497484,-0.014722335
0.49640999999999996,-0.014677535000000002
0.49533499999999997,-0.014879134000000002
0.49426099999999995,-0.015063933
0.49318599999999996,-0.015035934000000003
0.492112,-0.015287933000000004
0.491037,-0.015332733
0.489963,-0.015383132000000002
0.488888,-0.015651932
0.48781399999999997,-0.015668730999999998
0.486739,-0.015763931000000002
0.48566499999999996,-0.016015928999999998
0.48458999999999997,-0.015959929
0.483516,-0.01610553
0.48244099999999995,-0.016351928
0.481367,-0.016323928
0.48029299999999997,-0.016575927
0.479218,-0.016743926
0.47814399999999996,-0.016738327
0.47706899999999997,-0.017040724
0.475995,-0.017124726
0.47491999999999995,-0.017214324000000003
0.473846,-0.017539122
0.472771,-0.017539122
0.471697,-0.017690322
0.470622,-0.018015120000000003
0.46954799999999997,-0.018015120000000003
0.468473,-0.01819992
0.46739899999999995,-0.018468718000000002
0.46632399999999996,-0.01846312
0.46525,-0.018715116000000004
0.464175,-0.018944716
0.463101,-0.018950318000000004
0.462026,-0.019263916000000002
0.460952,-0.019420714000000002
0.459877,-0.019454314
0.45880299999999996,-0.019835114
0.45772799999999997,-0.019857514000000003
0.456654,-0.020025512
0.44376,-0.022506300000000003
0.44268599999999997,-0.0225847
0.441611,-0.022775100000000003
0.44053699999999996,-0.023178298000000003
0.43946199999999996,-0.023284696
0.438388,-0.023547896000000002
0.437313,-0.023906296
0.436239,-0.023951096
0.435164,-0.024287094000000002
0.43409,-0.024595092000000002
0.433015,-0.024656690000000002
0.43194099999999996,-0.025087888000000003
0.43086599999999997,-0.025334290000000002
0.429792,-0.025451888000000002
0.42871699999999996,-0.025905486000000002
0.427643,-0.026062284
0.426568,-0.026247084000000004
0.425494,-0.026717482
0.42441999999999996,-0.026812682
0.42334499999999997,-0.027115082000000002
0.422271,-0.027512678000000002
0.42119599999999996,-0.027658278
0.420122,-0.028005476
0.419047,-0.028352674
0.417973,-0.028464676000000005
0.416898,-0.028912672000000004
0.41582399999999997,-0.029209472
0.414749,-0.029383072000000003
0.41367499999999996,-0.029875868
0.41259999999999997,-0.030077466
0.411526,-0.030402266
0.41045099999999995,-0.030900662000000006
0.409377,-0.031079862
0.408302,-0.03144946
0.407228,-0.031987058000000006
0.406153,-0.032171860000000004
0.40507899999999997,-0.032653458
0.404004,-0.033112654000000005
0.40292999999999995,-0.033275054000000005
0.40185499999999996,-0.033863052
0.400781,-0.034277448
0.399706,-0.034518248
0.398632,-0.035111848
0.397557,-0.035447844000000006
0.396483,-0.035783844
0.39540899999999995,-0.03639984
0.39433399999999996,-0.036696636000000005
0.39326,-0.037122236
0.392185,-0.037743836
0.391111,-0.038001432
0.390036,-0.038555828
0.388962,-0.039104628
0.387887,-0.03935662400000001
0.38681299999999996,-0.03998382400000001
0.38573799999999997,-0.040487824
0.384664,-0.04084062000000001
0.38358899999999996,-0.041473416000000006
0.382515,-0.04185981600000001
0.38144,-0.042240616
0.380366,-0.042940608
0.379291,-0.043282208
0.37821699999999997,-0.043696608000000005
0.377142,-0.044385404
0.37606799999999996,-0.044665404000000006
0.37499299999999997,-0.04515820400000001
0.373919,-0.045740600000000006
0.372844,-0.0459366
0.37177,-0.046479796000000004
0.370695,-0.046938992000000006
0.369621,-0.047134992
0.368546,-0.047666992000000005
0.36747199999999997,-0.048019788
0.366398,-0.04818778800000001
0.365323,-0.048736584
0.364249,-0.048977384000000006
0.363174,-0.049109156
0.3621,-0.050312276
0.361025,-0.051077896000000005
0.35995099999999997,-0.051077896000000005
0.358876,-0.052609140000000006
0.357802,-0.053265388000000004
0.35672699999999996,-0.053702888000000004
0.355653,-0.055343504
0.354578,-0.05567162800000001
0.353504,-0.05643725200000001
0.352429,-0.057968492
0.351355,-0.058296616
0.35028,-0.059499736000000004
0.34920599999999996,-0.06081222800000001
0.34813099999999997,-0.06103097600000001
0.347057,-0.06267159600000001
0.345982,-0.063765344
0.344908,-0.06420284000000001
0.343833,-0.066062208
0.342759,-0.06682782400000001
0.341684,-0.06770282400000001
0.34060999999999997,-0.06967156800000002
0.339536,-0.070327816
0.338461,-0.071421552
0.337387,-0.07328092000000001
0.336312,-0.074046544
0.335238,-0.075577792
0.334163,-0.07743716
0.33308899999999997,-0.07787465600000001
0.332014,-0.08017152000000001
0.33094,-0.08148400800000001
0.32986499999999996,-0.082249632
0.328791,-0.08465587200000001
0.327716,-0.08585899200000001
0.326642,-0.08706211200000001
0.325567,-0.08957772800000001
0.324493,-0.09045272000000001
0.323418,-0.09209334400000001
0.32234399999999996,-0.094827704
0.32126899999999997,-0.096030824
0.320195,-0.09799956800000001
0.31911999999999996,-0.100296
0.318046,-0.10160799999999999
0.316971,-0.104233
0.315897,-0.10631199999999999
0.314822,-0.10773300000000001
0.31374799999999997,-0.110577
0.312673,-0.112655
0.31159899999999996,-0.114296
0.310525,-0.117577
0.30945,-0.119546
0.308376,-0.121733
0.307301,-0.12534299999999998
0.30622699999999997,-0.12709299999999998
0.305152,-0.130046
0.30407799999999996,-0.133218
0.30300299999999997,-0.135296
0.301929,-0.138686
0.300854,-0.14196799999999998
0.29978,-0.144374
0.298705,-0.14831099999999997
0.297631,-0.151593
0.296556,-0.154327
0.29548199999999997,-0.15859299999999998
0.294407,-0.161655
0.293333,-0.165046
0.29225799999999996,-0.16985799999999998
0.291184,-0.172921
0.290109,-0.17707699999999998
0.289035,-0.18178
0.28796,-0.18528
0.286886,-0.190202
0.285811,-0.194905
0.28473699999999996,-0.198952
0.283663,-0.204639
0.282588,-0.209233
0.281514,-0.214045
0.280439,-0.220499
0.279365,-0.225311
0.27829,-0.230889
0.27721599999999996,-0.23767
0.27614099999999997,-0.24292
0.275067,-0.249483
0.273992,-0.25703000000000004
0.272918,-0.263045
0.271843,-0.270811
0.270769,-0.278248
0.269694,-0.285139
0.26861999999999997,-0.29399800000000004
0.255726,-0.419779
0.254652,-0.432794
0.253577,-0.448326
0.252503,-0.46331
0.251428,-0.478076
0.25035399999999997,-0.49601300000000004
0.249279,-0.512966
0.24820499999999998,-0.5310130000000001
0.24713,-0.551685
0.246056,-0.5709339999999999
0.24498099999999998,-0.5927
0.24390699999999998,-0.616544
0.242832,-0.639184
0.241758,-0.665434
0.24068299999999998,-0.692887
0.239609,-0.7208870000000001
0.238534,-0.752277
0.23745999999999998,-0.784433
0.23638499999999998,-0.817793
0.235311,-0.855527
0.234236,-0.892933
0.23316199999999998,-0.933292
0.232087,-0.977589
0.231013,-1.023745
0.22993799999999998,-1.072088
0.22886399999999998,-1.124807
0.227789,-1.177088
0.226715,-1.234838
0.22564099999999998,-1.294994
0.224566,-1.356025
0.223492,-1.422524
0.222417,-1.490555
0.22134299999999998,-1.558805
0.220268,-1.6331799999999999
0.219194,-1.707117
0.190183,-3.7086699999999997
0.189108,-3.72967
0.18803399999999998,-3.746295
0.186959,-3.75942
0.185885,-3.76117
0.18481,-3.7572330000000003
0.18373599999999998,-3.75067
0.182661,-3.7305449999999998
0.181587,-3.7086699999999997
0.18051199999999998,-3.6797959999999996
0.179438,-3.639983
0.178363,-3.598421
0.177289,-3.548546
0.17621399999999998,-3.489046
0.17514,-3.4277969999999995
0.174065,-3.356922
0.172991,-3.279922
0.17191599999999999,-3.1998599999999997
0.170842,-3.111048
0.15687399999999999,-1.659867
0.155799,-1.54568
0.154725,-1.4358680000000001
0.15364999999999998,-1.331306
0.152576,-1.228494
0.151501,-1.1318069999999998
0.150427,-1.041682
0.14935199999999998,-0.95462
0.148278,-0.874996
0.147203,-0.8006209999999999
0.14612899999999998,-0.730621
0.145054,-0.668059
0.14398,-0.609872
0.142905,-0.555622
0.14183099999999998,-0.5083719999999999
0.140757,-0.464185
0.139682,-0.423935
0.13860799999999998,-0.38937299999999997
0.137533,-0.35656
0.136459,-0.327686
0.135384,-0.302311
0.13430999999999998,-0.278248
0.133235,-0.257248
0.132161,-0.238873
0.13108599999999998,-0.22137400000000002
0.130012,-0.206499
0.128937,-0.192499
0.127863,-0.179374
0.12678799999999998,-0.168874
0.125714,-0.158374
0.124639,-0.148749
0.123565,-0.140874
0.12248999999999999,-0.13256099999999998
0.121416,-0.125561
0.12034099999999999,-0.11987400000000001
0.119267,-0.113311
0.11819199999999999,-0.10806199999999999
0.117118,-0.103249
0.116043,-0.098437064
0.11496899999999999,-0.09493708000000001
0.113894,-0.09143709600000001
0.11281999999999999,-0.086624616
0.111746,-0.084437128
0.11067099999999999,-0.08115588800000001
0.109597,-0.07809340000000001
0.108522,-0.07634341600000001
0.107448,-0.07328092000000001
0.106373,-0.07109343200000001
0.10529899999999999,-0.069780936
0.104224,-0.067155952
0.10314999999999999,-0.06540596000000001
0.102075,-0.06431221200000001
0.101001,-0.06234347600000001
0.099926736,-0.06146848
0.098852256,-0.060374732
0.09777777600000001,-0.058405992000000004
0.09670329600000001,-0.058187244
0.095628816,-0.056656
0.094554336,-0.055562252000000006
0.093479848,-0.055343504
0.092405368,-0.054031012
0.09133089600000001,-0.05315601200000001
0.09025640800000001,-0.05315601200000001
0.08918192800000001,-0.05162476800000001
0.088107448,-0.051406020000000004
0.087032968,-0.051187276000000004
0.08595848,-0.050093528000000005
0.084884,-0.049874776
0.08380952800000001,-0.049656028000000005
0.08273504000000001,-0.048562284000000004
0.08166056000000001,-0.048781032
0.08058607200000001,-0.048343536000000006
0.0795116,-0.047687288
0.07843712,-0.048124784000000004
0.077362632,-0.047249792000000006
0.07628816000000001,-0.046812292000000005
0.07521367200000001,-0.047249792000000006
0.074139192,-0.04626542000000001
0.073064712,-0.046374792000000005
0.071990232,-0.046484168
0.070915752,-0.045609172
0.069841264,-0.046046672000000004
0.068766784,-0.045937296
0.067692312,-0.045390424
0.066617824,-0.045937296
0.065543348,-0.04549980000000001
0.06446886,-0.045062300000000007
0.063394384,-0.04582792000000001
0.062319900000000004,-0.045062300000000007
0.06124542,-0.044952928
0.060170940000000006,-0.045609172
0.05909646,-0.044952928
0.058021976,-0.045062300000000007
0.056947496,-0.045390424
0.055873016000000005,-0.044843548000000004
0.054798532000000004,-0.04517167600000001
0.053724056000000006,-0.045281048000000004
0.052649572000000006,-0.044624800000000006
0.051575092,-0.045281048000000004
0.050500608,-0.045062300000000007
0.049426128,-0.044624800000000006
0.048351648000000004,-0.04517167600000001
0.047277168,-0.044843548000000004
0.046202684,-0.044406052
0.045128204000000005,-0.04517167600000001
0.044053724,-0.044624800000000006
0.04297924,-0.044843548000000004
0.041904764000000004,-0.04517167600000001
0.040830280000000004,-0.044515428
0.0397558,-0.044952928
0.038681316,-0.04517167600000001
0.037606836000000005,-0.044406052
0.036532356,-0.04517167600000001
0.035457876,-0.044952928
0.034383392,-0.044406052
0.033308912,-0.045281048000000004
0.03223443,-0.044843548000000004
0.031159950000000002,-0.044624800000000006
0.030085470000000003,-0.04549980000000001
0.029010988,-0.04473417600000001
0.027936508000000002,-0.044952928
0.026862028000000003,-0.04549980000000001
0.025787546,-0.044843548000000004
0.024713064,-0.045281048000000004
0.023638584,-0.045281048000000004
0.022564102000000003,-0.04473417600000001
0.02148962,-0.045609172
0.020415140000000002,-0.045390424
0.019340658,-0.04473417600000001
0.018266178,-0.045718548000000005
0.004297924,-0.044843548000000004
0.0032234430000000003,-0.045718548000000005
0.002148962,-0.04517167600000001
0.001074481,-0.044952928
0.0,-0.045718548000000005
-0.001074481,-0.04517167600000001
-0.002148962,-0.04517167600000001
-0.0032234430000000003,-0.04582792000000001
-0.004297924,-0.044952928
-0.005372405,-0.04549980000000001
-0.006446886000000001,-0.045609172
-0.007521367,-0.044843548000000004
-0.008595848,-0.045718548000000005
-0.009670329,-0.04549980000000001
-0.01074481,-0.044843548000000004
-0.011819292,-0.045718548000000005
-0.012893773,-0.045390424
-0.013968254000000001,-0.044952928
-0.015042735000000002,-0.045937296
-0.05909646,-0.04385918
-0.060170940000000006,-0.04517167600000001
-0.06124542,-0.044077928
-0.062319900000000004,-0.044077928
-0.063394384,-0.04473417600000001
-0.06446886,-0.043968556000000006
-0.065543348,-0.044077928
-0.066617824,-0.044515428
-0.067692312,-0.043531056000000005
-0.068766784,-0.044296680000000005
-0.069841264,-0.044515428
-0.070915752,-0.043749808
-0.071990232,-0.044515428
-0.073064712,-0.044296680000000005
-0.074139192,-0.043749808
-0.07521367200000001,-0.044952928
-0.07628816000000001,-0.043968556000000006
-0.077362632,-0.044077928
-0.07843712,-0.045062300000000007
-0.0795116,-0.044077928
-0.08058607200000001,-0.044406052
-0.08166056000000001,-0.045062300000000007
-0.08273504000000001,-0.044077928
-0.08380952800000001,-0.04473417600000001
-0.084884,-0.04473417600000001
-0.08595848,-0.044077928
-0.087032968,-0.045062300000000007
-0.088107448,-0.04473417600000001
-0.08918192800000001,-0.044187304000000004
-0.09025640800000001,-0.045281048000000004
-0.09133089600000001,-0.044624800000000006
-0.092405368,-0.044187304000000004
-0.093479848,-0.045281048000000004
-0.094554336,-0.044406052
-0.095628816,-0.044406052
-0.09670329600000001,-0.045281048000000004
-0.09777777600000001,-0.044187304000000004
-0.098852256,-0.045062300000000007
-0.099926736,-0.044952928
-0.101001,-0.044077928
-0.102075,-0.045062300000000007
-0.10314999999999999,-0.044952928
-0.104224,-0.044187304000000004
-0.10529899999999999,-0.045281048000000004
-0.106373,-0.04473417600000001
-0.107448,-0.044187304000000004
-0.108522,-0.045281048000000004
-0.109597,-0.044624800000000006
-0.11067099999999999,-0.044515428
-0.111746,-0.045390424
-0.11281999999999999,-0.044187304000000004
-0.113894,-0.044952928
-0.11496899999999999,-0.045281048000000004
-0.116043,-0.044296680000000005
-0.117118,-0.04517167600000001
-0.11819199999999999,-0.044952928
-0.119267,-0.044296680000000005
-0.12034099999999999,-0.045281048000000004
-0.121416,-0.044515428
-0.12248999999999999,-0.044296680000000005
-0.123565,-0.045390424
-0.124639,-0.044296680000000005
-0.125714,-0.044624800000000006
-0.12678799999999998,-0.04517167600000001
-0.127863,-0.044296680000000005
-0.128937,-0.044624800000000006
-0.130012,-0.044843548000000004
-0.13108599999999998,-0.043640428
-0.132161,-0.044515428
-0.133235,-0.044406052
-0.13430999999999998,-0.043640428
-0.135384,-0.044624800000000006
-0.136459,-0.04385918
-0.137533,-0.043531056000000005
-0.13860799999999998,-0.044296680000000005
-0.139682,-0.04385918
-0.140757,-0.043421684
-0.14183099999999998,-0.044624800000000006
-0.142905,-0.043312308
-0.14398,-0.043968556000000006
-0.145054,-0.044296680000000005
-0.14612899999999998,-0.043421684
-0.147203,-0.044077928
-0.148278,-0.044406052
-0.14935199999999998,-0.043093556000000005
-0.150427,-0.04385918
-0.151501,-0.043421684
-0.152576,-0.042984184
-0.15364999999999998,-0.044187304000000004
-0.154725,-0.043640428
-0.155799,-0.043202936000000004
-0.15687399999999999,-0.044406052
-0.157948,-0.043093556000000005
-0.159023,-0.043421684
-0.160097,-0.043968556000000006
-0.16117199999999998,-0.042874808
-0.162246,-0.043640428
-0.163321,-0.043531056000000005
-0.16439499999999999,-0.042765436000000004
-0.16547,-0.043531056000000005
-0.166544,-0.043093556000000005
-0.167619,-0.042546684
-0.16869299999999998,-0.043640428
-0.169768,-0.042765436000000004
-0.170842,-0.042546684
-0.17191599999999999,-0.043640428
-0.172991,-0.042984184
-0.174065,-0.042984184
-0.17514,-0.043640428
-0.17621399999999998,-0.042109188000000006
-0.177289,-0.043093556000000005
-0.178363,-0.043531056000000005
-0.179438,-0.042327936000000004
-0.18051199999999998,-0.043421684
-0.181587,-0.043093556000000005
-0.182661,-0.04265606
-0.18373599999999998,-0.043749808
-0.18481,-0.042984184
-0.185885,-0.04265606
-0.186959,-0.04385918
-0.18803399999999998,-0.042874808
-0.189108,-0.043202936000000004
-0.190183,-0.043312308
-0.19125699999999998,-0.042546684
-0.192332,-0.043202936000000004
-0.193406,-0.043531056000000005
-0.194481,-0.042437312000000005
-0.19555499999999998,-0.043749808
-0.19663,-0.043093556000000005
-0.197704,-0.042327936000000004
-0.19877799999999998,-0.043640428
-0.199853,-0.04265606
-0.19877799999999998,-0.028765498000000004
-0.197704,-0.024171768000000003
-0.19663,-0.019578038
-0.19555499999999998,-0.017171798000000002
-0.194481,-0.01553118
-0.193406,-0.0015567930000000001
-0.192332,-0.002867187
-0.19125699999999998,-0.0020383910000000005
-0.190183,-0.001114395
-0.189108,-0.000195999
-0.18803399999999998,0.000968795
-0.186959,0.0018535910000000001
-0.185885,0.002603988
-0.18481,0.003550384
-0.18373599999999998,0.004048782000000001
-0.182661,0.0047207790000000005
-0.181587,0.005471176
-0.18051199999999998,0.005751174
-0.179438,0.006462371000000001
-0.178363,0.0070055690000000006
-0.177289,0.007201568
-0.17621399999999998,0.007817565000000002
-0.17514,0.008175964
-0.174065,0.008338363
-0.172991,0.00891516
-0.17191599999999999,0.009127960000000001
-0.170842,0.009441559
-0.169768,0.009934357000000001
-0.16869299999999998,0.009967956000000002
-0.167619,0.010309554
-0.166544,0.010712752
-0.16547,0.010763152
-0.16439499999999999,0.011087951
-0.163321,0.011502349000000002
-0.162246,0.011463150000000002
-0.16117199999999998,0.011888748000000001
-0.160097,0.012095946
-0.159023,0.012118346
-0.157948,0.012549544000000001
-0.15687399999999999,0.012695144000000002
-0.155799,0.012801544000000002
-0.154725,0.013232742
-0.15364999999999998,0.013238342
-0.152576,0.013395141000000001
-0.151501,0.01373674
-0.150427,0.01370874
-0.14935199999999998,0.013988738
-0.148278,0.014268737
-0.147203,0.014212737000000001
-0.14612899999999998,0.014565536
-0.145054,0.014705535000000002
-0.14398,0.014688735000000001
-0.142905,0.015108733000000001
-0.14183099999999998,0.015153534000000001
-0.140757,0.015153534000000001
-0.139682,0.015528731
-0.13860799999999998,0.015551131
-0.137533,0.015640732
-0.136459,0.016060730000000002
-0.135384,0.016015928999999998
-0.13430999999999998,0.016290328
-0.133235,0.016531127000000003
-0.132161,0.016475127000000003
-0.13108599999999998,0.016872726
-0.130012,0.017051924000000003
-0.128937,0.017063124000000002
-0.127863,0.017415924
-0.12678799999999998,0.017550322
-0.125714,0.017600724
-0.124639,0.018020722
-0.123565,0.018026320000000002
-0.12248999999999999,0.01819432
-0.121416,0.018524718000000003
-0.12034099999999999,0.018451920000000004
-0.119267,0.018737516
-0.11819199999999999,0.018978316000000002
-0.117118,0.018950318000000004
-0.116043,0.019230316
-0.11496899999999999,0.019443114
-0.113894,0.019415116000000003
-0.11281999999999999,0.019756714
-0.111746,0.019857514000000003
-0.11067099999999999,0.019863112000000002
-0.109597,0.020210312
-0.108522,0.020187912
-0.107448,0.020311112000000003
-0.106373,0.02063591
-0.10529899999999999,0.020529508000000002
-0.104224,0.020764710000000002
-0.10314999999999999,0.021011108
-0.102075,0.021027906000000002
-0.101001,0.021313506000000003
-0.099926736,0.021475906000000003
-0.098852256,0.021397506000000004
-0.09777777600000001,0.021727904
-0.09670329600000001,0.021828704
-0.095628816,0.021800704000000004
-0.094554336,0.022187102
-0.093479848,0.022147904000000003
-0.092405368,0.022243102
-0.09133089600000001,0.022556702
-0.09025640800000001,0.0224783
-0.08918192800000001,0.022623900000000002
-0.088107448,0.022870300000000003
-0.087032968,0.022775100000000003
-0.08595848,0.023060698
-0.084884,0.023178298000000003
-0.08380952800000001,0.023049498000000005
-0.08273504000000001,0.023307096000000003
-0.08166056000000001,0.023340696
-0.08058607200000001,0.023295896000000003
-0.0795116,0.023587096000000002
-0.07843712,0.023559096
-0.077362632,0.023553496
-0.07628816000000001,0.023766296
-0.07521367200000001,0.023648696
-0.074139192,0.023766296
-0.073064712,0.023917496
-0.071990232,0.023766296
-0.070915752,0.023917496
-0.069841264,0.024012694000000005
-0.068766784,0.023855894000000002
-0.067692312,0.024141494000000003
-0.066617824,0.024102294
-0.065543348,0.023984694
-0.06446886,0.024203092000000002
-0.063394384,0.024180692
-0.062319900000000004,0.024163894
-0.06124542,0.024393494
-0.060170940000000006,0.024275894000000003
-0.05909646,0.024348694
-0.058021976,0.024516692000000003
-0.056947496,0.024393494
-0.044053724,0.024802292000000004
-0.04297924,0.024970290000000003
-0.041904764000000004,0.024813492000000003
-0.040830280000000004,0.02494789
-0.0397558,0.02499269
-0.038681316,0.02485269
-0.037606836000000005,0.02501509
-0.036532356,0.025031890000000005
-0.035457876,0.02490309
-0.034383392,0.025099088000000002
-0.033308912,0.025132688
-0.03223443,0.025076688000000003
-0.031159950000000002,0.025261488000000002
-0.030085470000000003,0.025138290000000004
-0.029010988,0.02518309
-0.027936508000000002,0.025356688000000002
-0.026862028000000003,0.025211088000000003
-0.025787546,0.025328688000000002
-0.024713064,0.025446288
-0.023638584,0.02528949
-0.022564102000000003,0.025479888000000003
-0.02148962,0.025491088000000002
-0.020415140000000002,0.025351088
-0.019340658,0.025569488
-0.018266178,0.025558288000000002
-0.017191696,0.025496688000000003
-0.016117215,0.025675886000000002
-0.015042735000000002,0.025541486000000002
-0.013968254000000001,0.025535888000000003
-0.012893773,0.025687086
-0.011819292,0.025563886000000004
-0.01074481,0.025642286
-0.009670329,0.025743088000000004
-0.008595848,0.025586286000000003
-0.007521367,0.025720688000000002
-0.006446886000000001,0.025743088000000004
-0.005372405,0.025608686000000002
-0.004297924,0.025776688000000002
-0.0032234430000000003,0.025720688000000002
-0.002148962,0.025614288000000002
-0.001074481,0.025799088000000005
0.0,0.025754288000000004
0.001074481,0.025715086
0.002148962,0.025855086000000003
0.0032234430000000003,0.025709488000000003
0.004297924,0.025793486
0.005372405,0.025905486000000002
0.006446886000000001,0.025782286
0.007521367,0.025922286
0.008595848,0.025967086
0.009670329,0.025843886000000003
0.01074481,0.026039884000000003
0.011819292,0.026028684000000003
0.012893773,0.025916686
0.013968254000000001,0.026118284000000002
0.015042735000000002,0.026039884000000003
0.016117215,0.025989486000000003
0.017191696,0.026163086000000002
0.018266178,0.026051084000000002
0.019340658,0.026112686000000003
0.020415140000000002,0.026224684000000005
0.02148962,0.026067886000000002
0.022564102000000003,0.026185486
0.023638584,0.026202284000000003
0.024713064,0.026067886000000002
0.025787546,0.026235884000000004
0.026862028000000003,0.026235884000000004
0.027936508000000002,0.026107084
0.029010988,0.026291884
0.030085470000000003,0.026168684
0.031159950000000002,0.026123884000000003
0.03223443,0.026291884
0.033308912,0.026151886000000003
0.034383392,0.026263884
0.035457876,0.026359084
0.036532356,0.026202284000000003
0.037606836000000005,0.026325484
0.038681316,0.026387084000000005
0.0397558,0.026269484
0.040830280000000004,0.026431884
0.041904764000000004,0.026448682
0.04297924,0.026347884000000002
0.044053724,0.026543884000000004
0.045128204000000005,0.026493482000000002
0.046202684,0.026443084000000002
0.047277168,0.026639084
0.048351648000000004,0.026538282000000003
0.049426128,0.026594282000000004
0.050500608,0.026745482000000004
0.051575092,0.026622282
0.052649572000000006,0.026711882000000003
0.053724056000000006,0.026779082
0.054798532000000004,0.026672684000000002
0.055873016000000005,0.026829482
0.056947496,0.026846282000000003
0.058021976,0.026756682
0.05909646,0.026919082
0.060170940000000006,0.026879882
0.06124542,0.026818282000000002
0.062319900000000004,0.027008682000000003
0.063394384,0.02690228
0.06446886,0.026907882
0.065543348,0.02705348
0.066617824,0.026896682
0.067692312,0.026975082
0.068766784,0.027092682
0.069841264,0.026930282
0.070915752,0.027070282
0.071990232,0.027075880000000004
0.073064712,0.026963882
0.074139192,0.027126282
0.07521367200000001,0.027087080000000003
0.07628816000000001,0.027031080000000002
0.077362632,0.02717668
0.07843712,0.027081482
0.0795116,0.027087080000000003
0.08058607200000001,0.027204680000000002
0.08166056000000001,0.02706468
0.08273504000000001,0.027109480000000002
0.08380952800000001,0.027154280000000003
0.084884,0.026975082
0.08595848,0.027098280000000002
0.087032968,0.027098280000000002
0.088107448,0.026963882
0.08918192800000001,0.027081482
0.09025640800000001,0.026975082
0.09133089600000001,0.02690228
0.092405368,0.02701428
0.093479848,0.026874282000000003
0.094554336,0.026840682000000005
0.095628816,0.026941482
0.09670329600000001,0.026751082000000002
0.09777777600000001,0.026773482
0.098852256,0.026818282000000002
0.099926736,0.026611082
0.101001,0.026717482
0.102075,0.026672684000000002
0.10314999999999999,0.026555084000000003
0.104224,0.026661484000000003
0.10529899999999999,0.026605482
0.106373,0.026487884
0.107448,0.026622282
0.108522,0.026499084000000003
0.109597,0.026437482
0.11067099999999999,0.026543884000000004
0.111746,0.026403884000000002
0.11281999999999999,0.026443084000000002
0.113894,0.026493482000000002
0.11496899999999999,0.026331084000000005
0.116043,0.026392684000000003
0.117118,0.026409484
0.11819199999999999,0.026247084000000004
0.119267,0.026387084000000005
0.12034099999999999,0.026325484
0.121416,0.026191084000000003
0.12248999999999999,0.026308684000000002
0.123565,0.026196686000000004
0.124639,0.026129484
0.125714,0.026235884000000004
0.12678799999999998,0.026101486000000004
0.127863,0.026101486000000004
0.128937,0.026151886000000003
0.130012,0.025967086
0.13108599999999998,0.026051084000000002
0.132161,0.026051084000000002
0.14398,0.025888686000000005
0.145054,0.025743088000000004
0.14612899999999998,0.025810286
0.147203,0.025849486
0.148278,0.025726286000000004
0.14935199999999998,0.025827086000000003
0.150427,0.025827086000000003
0.151501,0.025715086
0.152576,0.025849486
0.15364999999999998,0.025759886
0.154725,0.025703886000000002
0.155799,0.025855086000000003
0.15687399999999999,0.025720688000000002
0.157948,0.025731888
0.159023,0.025804686
0.160097,0.025664686000000003
0.16117199999999998,0.025731888
0.162246,0.025765488000000003
0.163321,0.025625488000000002
0.177289,0.025743088000000004
0.178363,0.025608686000000002
0.179438,0.025748686000000003
0.18051199999999998,0.025748686000000003
0.181587,0.025664686000000003
0.182661,0.025804686
0.18373599999999998,0.025743088000000004
0.18481,0.025681486000000003
0.185885,0.025827086000000003
0.186959,0.025715086
0.18803399999999998,0.025737486000000004
0.189108,0.025849486
0.190183,0.025715086
0.19125699999999998,0.025782286
0.192332,0.025832686000000004
0.193406,0.025709488000000003
0.194481,0.025821486
0.19555499999999998,0.025810286
0.19663,0.025703886000000002
0.197704,0.025843886000000003
0.19877799999999998,0.025782286
0.199853,0.025703886000000002
0.200927,0.025866286000000002
0.202002,0.025726286000000004
0.20307599999999998,0.025720688000000002
0.204151,0.025821486
0.205225,0.025687086
0.20629999999999998,0.025771086000000002
0.207374,0.025815886
0.208449,0.025681486000000003
0.209523,0.025810286
0.21059799999999998,0.025838286000000002
0.211672,0.025726286000000004
0.212747,0.025877486000000005
0.21382099999999998,0.025843886000000003
0.214896,0.025771086000000002
0.21597,0.025933486000000002
0.217045,0.025832686000000004
0.21811899999999998,0.025832686000000004
0.219194,0.025950286000000003
0.220268,0.025832686000000004
0.22134299999999998,0.025888686000000005
0.222417,0.025961486000000002
0.223492,0.025838286000000002
0.224566,0.025944686
0.22564099999999998,0.025972686000000002
0.226715,0.025855086000000003
0.227789,0.025978286
0.22886399999999998,0.025939086000000004
0.22993799999999998,0.025866286000000002
0.231013,0.026011886
0.232087,0.025922286
0.23316199999999998,0.025911086
0.234236,0.026006284
0.235311,0.025894286000000002
0.23638499999999998,0.025933486000000002
0.23745999999999998,0.025989486000000003
0.238534,0.025849486
0.239609,0.025955886
0.24068299999999998,0.025989486000000003
0.241758,0.025888686000000005
0.242832,0.026023086
0.24390699999999998,0.026006284
0.24498099999999998,0.025922286
0.246056,0.026067886000000002
0.24713,0.026000686000000002
0.24820499999999998,0.025989486000000003
0.27721599999999996,0.026191084000000003
0.27829,0.026129484
0.279365,0.026258284
0.280439,0.026168684
0.281514,0.026207886000000003
0.282588,0.026291884
0.283663,0.026174286
0.28473699999999996,0.026275084
0.285811,0.026325484
0.286886,0.026202284000000003
0.28796,0.026342284000000004
0.289035,0.026325484
0.290109,0.026252686000000004
0.291184,0.026375884000000002
0.29225799999999996,0.026347884000000002
0.293333,0.026308684000000002
0.294407,0.026431884
0.29548199999999997,0.026336684000000003
0.296556,0.026359084
0.297631,0.026437482
0.298705,0.026325484
0.29978,0.026415084000000002
0.300854,0.026443084000000002
0.301929,0.026342284000000004
0.30300299999999997,0.026443084000000002
0.30407799999999996,0.026431884
0.305152,0.026342284000000004
0.30622699999999997,0.026476684
0.307301,0.026415084000000002
0.308376,0.026370284
0.30945,0.026527082000000004
0.310525,0.026426284
0.31159899999999996,0.026443084000000002
0.312673,0.026543884000000004
0.31374799999999997,0.026431884
0.314822,0.026521484
0.315897,0.026571882000000005
0.316971,0.026459882
0.318046,0.026583082000000004
0.31911999999999996,0.026583082000000004
0.320195,0.026482282000000003
0.32126899999999997,0.026633482000000003
0.32234399999999996,0.026599882000000002
0.323418,0.026538282000000003
0.324493,0.026695084
0.325567,0.026599882000000002
0.326642,0.026611082
0.327716,0.026695084
0.328791,0.026588682000000002
0.32986499999999996,0.026639084
0.33094,0.026711882000000003
0.332014,0.026583082000000004
0.33308899999999997,0.026689482000000004
0.334163,0.026678282000000005
0.335238,0.026571882000000005
0.336312,0.026700682000000003
0.337387,0.026661484000000003
0.338461,0.026583082000000004
0.339536,0.026717482
0.34060999999999997,0.026639084
0.341684,0.026605482
0.342759,0.026711882000000003
0.343833,0.026616684
0.344908,0.026650284000000003
0.345982,0.026739882000000003
0.347057,0.026599882000000002
0.34813099999999997,0.026717482
0.34920599999999996,0.026734282000000005
0.361025,0.026874282000000003
0.3621,0.026751082000000002
0.363174,0.026868682
0.364249,0.026874282000000003
0.365323,0.026767882
0.366398,0.026896682
0.36747199999999997,0.026851882000000004
0.368546,0.026784682000000004
0.369621,0.026919082
0.370695,0.026863082000000003
0.37177,0.026823882
0.372844,0.026952682000000002
0.373919,0.026829482
0.37499299999999997,0.026868682
0.37606799999999996,0.026935880000000002
0.377142,0.026823882
0.37821699999999997,0.026935880000000002
0.379291,0.02695828
0.380366,0.026829482
0.38144,0.026980680000000003
0.382515,0.02694708
0.38358899999999996,0.026879882
0.384664,0.02701428
0.38573799999999997,0.02695828
0.38681299999999996,0.026924680000000003
0.387887,0.027047880000000003
0.388962,0.026952682000000002
0.390036,0.026991880000000003
0.391111,0.027070282
0.392185,0.02694708
0.39326,0.027031080000000002
0.39433399999999996,0.027059080000000003
0.39540899999999995,0.02694708
0.396483,0.027070282
0.397557,0.027047880000000003
0.398632,0.02695828
0.399706,0.027092682
0.400781,0.02701428
0.40185499999999996,0.026963882
0.40292999999999995,0.027081482
0.404004,0.026969480000000004
0.40507899999999997,0.026975082
0.406153,0.02705348
0.407228,0.026930282
0.408302,0.026986282
0.409377,0.026997482000000003
0.41045099999999995,0.026868682
0.411526,0.026975082
0.41259999999999997,0.026969480000000004
0.41367499999999996,0.026851882000000004
0.414749,0.027003080000000002
0.41582399999999997,0.026924680000000003
0.416898,0.026863082000000003
0.417973,0.026997482000000003
0.419047,0.026896682
0.420122,0.026919082
0.42119599999999996,0.026997482000000003
0.422271,0.026885482000000002
0.42334499999999997,0.02695828
0.42441999999999996,0.026991880000000003
0.425494,0.026868682
0.426568,0.026991880000000003
0.427643,0.026986282
0.42871699999999996,0.026863082000000003
0.429792,0.02701428
0.43086599999999997,0.026969480000000004
0.43194099999999996,0.026919082
0.433015,0.02705348
0.43409,0.02695828
0.435164,0.02694708
0.436239,0.02706468
0.437313,0.02694708
0.438388,0.027008682000000003
0.43946199999999996,0.027098280000000002
0.44053699999999996,0.02695828
0.441611,0.027081482
0.44268599999999997,0.027109480000000002
0.44376,0.026997482000000003
0.444835,0.027148682
0.445909,0.027115082000000002
0.446984,0.027087080000000003
0.44805799999999996,0.027249480000000003
0.449133,0.02717668
0.45020699999999997,0.027187880000000005
0.45128199999999996,0.027344678
0.452356,0.027243880000000005
0.45343,0.02732228
0.454505,0.02743988
0.45557899999999996,0.027361480000000004
0.456654,0.027507078
0.45772799999999997,0.027557480000000002
0.45880299999999996,0.02747348
0.459877,0.027663878000000003
0.460952,0.027669478
0.462026,0.027641478000000004
0.463101,0.027848678
0.464175,0.027831876000000002
0.46525,0.027843076
0.46632399999999996,0.028005476
0.46739899999999995,0.027966276
0.468473,0.028067078000000002
0.46954799999999997,0.028218276000000004
0.470622,0.028179076
0.471697,0.028341474000000002
0.472771,0.028431074
0.473846,0.028380676000000004
0.47491999999999995,0.028627074000000002
0.475995,0.028671874000000003
0.47706899999999997,0.028671874000000003
0.47814399999999996,0.028912672000000004
0.479218,0.028940674000000003
0.48029299999999997,0.028996672
0.481367,0.029259870000000004
0.48244099999999995,0.029271070000000003
0.483516,0.029422270000000004
0.48458999999999997,0.02964067
0.48566499999999996,0.02965187
0.486739,0.029898268
0.48781399999999997,0.030094268000000004
0.488888,0.030133468
0.489963,0.030419068000000004
0.491037,0.030581466000000005
0.492112,0.030665466
0.49318599999999996,0.031018264000000004
0.49426099999999995,0.031141462
0.49533499999999997,0.03129826200000001
0.49640999999999996,0.03164546000000001
0.497484,0.031740660000000004
0.498559,0.032003858
0.499633,0.03233985600000001
0.5007079999999999,0.032457458
0.501782,0.032787856000000004
0.502857,0.033090254
0.503931,0.033241454000000004
0.505006,0.033644652000000004
0.50608,0.033941452000000004
0.507155,0.034148648000000004
0.5082289999999999,0.034607848000000004
0.509304,0.034887848000000006
0.510378,0.035167844000000004
0.511452,0.035677444
0.512527,0.035935044000000006
0.513601,0.036299040000000005
0.514676,0.036814240000000005
0.5157499999999999,0.037133436000000006
0.516825,0.037626232
0.517899,0.038124632
0.5189739999999999,0.038449428
0.520048,0.039026228
0.521123,0.039513428
0.522197,0.039888624
0.523272,0.040555024
0.524346,0.04105342000000001
0.525421,0.041518216000000004
0.5264949999999999,0.042218216
0.52757,0.042683012000000006
0.528644,0.04325421200000001
0.5297189999999999,0.043959804
0.530793,0.044441404000000004
0.531868,0.0451246
0.532942,0.045790996
0.534017,0.046272596000000006
0.535091,0.047000592
0.5361659999999999,0.047622192
0.5372399999999999,0.048109388
0.538314,0.048848584
0.539389,0.049397380000000005
0.540463,0.049109156
0.541538,0.049765404000000006
0.542612,0.0506404
0.5436869999999999,0.051077896000000005
0.5447609999999999,0.052281016
0.545836,0.053046640000000006
0.54691,0.05348414
0.5479849999999999,0.05501538
0.549059,0.055562252000000006
0.550134,0.056218500000000005
0.5512079999999999,0.057749744
0.552283,0.058296616
0.553357,0.059171612000000005
0.5544319999999999,0.06048410800000001
0.5555059999999999,0.06103097600000001
0.556581,0.062234096
0.557655,0.06354659600000001
0.55873,0.06387471600000001
0.559804,0.06540596000000001
0.560879,0.066390328
0.5619529999999999,0.06693720400000001
0.563028,0.06857782400000001
0.564102,0.069452816
0.5651769999999999,0.07021843200000001
0.566251,0.07174968000000001
0.567326,0.07251529599999999
0.5684,0.073499672
0.5694739999999999,0.07503092
0.570549,0.07568716
0.571623,0.07699965600000001
0.5726979999999999,0.078312152
0.573772,0.07885902400000001
0.574847,0.08049964
0.575921,0.081593384
0.576996,0.08235900800000001
0.57807,0.08399963200000002
0.579145,0.08498399200000001
0.5802189999999999,0.08585899200000001
0.581294,0.087499616
0.582368,0.08837460800000001
0.5834429999999999,0.08946835200000001
0.584517,0.09110897600000001
0.585592,0.091874592
0.586666,0.09329646400000001
0.587741,0.09460896
0.588815,0.095374576
0.58989,0.09701519200000001
0.5909639999999999,0.09832768800000001
0.592039,0.09898393600000001
0.593113,0.100843
0.5941879999999999,0.102046
0.595262,0.102921
0.596336,0.10478
0.597411,0.105765
0.5984849999999999,0.106968
0.59956,0.108718
0.600634,0.109593
0.6017089999999999,0.111124
0.602783,0.112765
0.603858,0.11352999999999999
0.604932,0.11528
0.606007,0.116811
0.607081,0.117686
0.6081559999999999,0.119655
0.6092299999999999,0.120968
0.610305,0.121952
0.611379,0.12403
0.6124539999999999,0.125124
0.613528,0.126546
0.614603,0.128405
0.6156769999999999,0.129608
0.616752,0.13114
0.617826,0.13299899999999998
0.6189009999999999,0.13409300000000002
0.6199749999999999,0.135952
0.62105,0.137811
0.622124,0.13890499999999997
0.6231979999999999,0.141093
0.624273,0.142624
0.625347,0.143827
0.6264219999999999,0.146124
0.6274959999999999,0.147764
0.628571,0.14918599999999999
0.629645,0.151264
0.63072,0.152686
0.631794,0.15465500000000001
0.632869,0.156843
0.6339429999999999,0.158155
0.635018,0.16023300000000001
0.636092,0.16252999999999998
0.6371669999999999,0.163952
0.638241,0.16635799999999998
0.639316,0.168327
0.64039,0.16985799999999998
0.641465,0.172483
0.642539,0.174342
0.643614,0.176092
0.6446879999999999,0.17882699999999999
0.645763,0.180796
0.646837,0.182874
0.6479119999999999,0.185608
0.648986,0.18724899999999997
0.650061,0.18976400000000002
0.651135,0.192499
0.6522089999999999,0.194249
0.653284,0.197202
0.654358,0.19971699999999998
0.6554329999999999,0.201686
0.656507,0.20485799999999998
0.657582,0.207155
0.658656,0.209561
0.659731,0.212733
0.660805,0.21503
0.66188,0.217655
0.6629539999999999,0.220936
0.664029,0.223233
0.665103,0.226295
0.6661779999999999,0.229467
0.667252,0.23176399999999997
0.668327,0.235264
0.669401,0.238436
0.670476,0.240952
0.67155,0.24466999999999997
0.6726249999999999,0.247623
0.6736989999999999,0.25035799999999997
0.674774,0.254295
0.675848,0.257467
0.6769229999999999,0.26053000000000004
0.677997,0.264576
0.679072,0.26753
0.6801459999999999,0.271139
0.6812199999999999,0.275295
0.682295,0.27803
0.683369,0.282295
0.6844439999999999,0.286014
0.685518,0.289186
0.686593,0.293561
0.6876669999999999,0.297498
0.688742,0.300998
0.689816,0.305592
0.6908909999999999,0.309311
0.6919649999999999,0.31324799999999997
0.69304,0.317842
0.694114,0.321451
0.695189,0.325826
0.696263,0.330529
0.697338,0.334248
0.6984119999999999,0.33906
0.699487,0.343654
0.700561,0.347482
0.7016359999999999,0.352732
0.70271,0.357217
0.703785,0.361373
0.704859,0.366951
0.705934,0.371435
0.707008,0.375701
0.708083,0.381388
0.7091569999999999,0.38565399999999994
0.710231,0.390685
0.711306,0.396154
0.71238,0.400638
0.713455,0.40588799999999997
0.714529,0.411357
0.715604,0.41584099999999996
0.7166779999999999,0.421638
0.717753,0.426998
0.718827,0.431591
0.7199019999999999,0.437498
0.720976,0.442638
0.722051,0.447669
0.723125,0.45390400000000003
0.7242,0.45882599999999996
0.725274,0.464185
0.726349,0.470201
0.7274229999999999,0.475013
0.728498,0.480591
0.729572,0.48649699999999996
0.7306469999999999,0.49131
0.731721,0.49754399999999993
0.732796,0.503122
0.7446149999999999,0.563934
0.7456889999999999,0.5686380000000001
0.746764,0.5744339999999999
0.747838,0.5802309999999999
0.7489129999999999,0.5848249999999999
0.749987,0.590731
0.751062,0.595872
0.7521359999999999,0.600575
0.753211,0.6064809999999999
0.754285,0.611075
0.7553599999999999,0.6161059999999999
0.7564339999999999,0.621684
0.757509,0.6260589999999999
0.758583,0.630981
0.7596579999999999,0.63645
0.760732,0.6402779999999999
0.761807,0.6454179999999999
0.7628809999999999,0.65034
0.7639549999999999,0.654168
0.76503,0.6592
0.766104,0.6636839999999999
0.7671789999999999,0.667075
0.768253,0.672106
0.769328,0.6759339999999999
0.7704019999999999,0.679434
0.771477,0.684137
0.772551,0.687418
0.7736259999999999,0.690918
0.7746999999999999,0.695075
0.775775,0.697918
0.776849,0.701528
0.777924,0.7052459999999999
0.778998,0.7073240000000001
0.780073,0.7109340000000001
0.7811469999999999,0.713996
0.8101579999999999,0.738934
0.811233,0.738277
0.812307,0.736199
0.8133819999999999,0.735981
0.814456,0.734449
0.815531,0.732371
0.8166049999999999,0.731606
0.81768,0.729528
0.818754,0.727559
0.8198289999999999,0.7262460000000001
0.8209029999999999,0.723403
0.821978,0.721434
0.823052,0.719793
0.8241259999999999,0.716621
0.825201,0.714653
0.826275,0.712356
0.8273499999999999,0.709074
0.8284239999999999,0.707106
0.829499,0.7042619999999999
0.830573,0.700762
0.8316479999999999,0.698793
0.832722,0.695621
0.833797,0.69234
0.8348709999999999,0.6899339999999999
0.835946,0.686325
0.83702,0.683043
0.8380949999999999,0.680528
0.8391689999999999,0.676481
0.840244,0.673747
0.841318,0.670684
0.842393,0.666528
0.843467,0.663903
0.844542,0.6606219999999999
0.8456159999999999,0.656465
0.846691,0.654059
0.847765,0.65045
0.8488399999999999,0.6466219999999999
0.849914,0.643887
0.850988,0.63995
0.852063,0.636559
0.8531369999999999,0.633606
0.854212,0.629559
0.855286,0.626606
0.8563609999999999,0.623653
0.857435,0.619387
0.85851,0.6167619999999999
0.859584,0.6138089999999999
0.860659,0.609544
0.861733,0.607247
0.8628079999999999,0.6038560000000001
0.8638819999999999,0.6001369999999999
0.8778499999999999,0.562622
0.878925,0.559231
0.879999,0.5577
0.8810739999999999,0.554747
0.8821479999999999,0.5521219999999999
0.883223,0.550153
0.884297,0.54731
0.8853719999999999,0.545231
0.886446,0.5433720000000001
0.887521,0.540419
0.8885949999999999,0.538888
0.88967,0.536919
0.890744,0.534185
0.8918189999999999,0.532981
0.8928929999999999,0.531122
0.893968,0.5287160000000001
0.895042,0.527732
0.8961169999999999,0.5256529999999999
0.897191,0.523794
0.898266,0.522919
0.8993399999999999,0.520732
0.900415,0.51931
0.901489,0.518763
0.9025639999999999,0.516575
0.9036379999999999,0.515919
0.904713,0.514825
0.905787,0.512857
0.9068609999999999,0.5126379999999999
0.907936,0.511653
0.90901,0.509904
0.9100849999999999,0.509904
0.9111589999999999,0.5087
0.912234,0.507607
0.913308,0.507607
0.914383,0.506513
0.915457,0.506185
0.916532,0.5060749999999999
0.9176059999999999,0.5049819999999999
0.918681,0.505091
0.919755,0.50531
0.9208299999999999,0.504435
0.921904,0.5049819999999999
0.922979,0.504872
0.924053,0.504325
0.925128,0.5052
0.926202,0.5052
0.9272769999999999,0.50531
0.9283509999999999,0.506294
0.929426,0.506294
0.9305,0.506841
0.9315749999999999,0.507825
0.932649,0.5079349999999999
0.933724,0.508919
0.9347979999999999,0.510122
0.9358719999999999,0.510232
0.9788519999999999,0.626278
0.979926,0.632294
0.9810009999999999,0.636887
0.9820749999999999,0.64334
0.98315,0.6491370000000001
0.984224,0.6543869999999999
0.9852989999999999,0.6612779999999999
0.9863729999999999,0.667512
0.987448,0.6732
0.9885219999999999,0.680746
0.989597,0.6871999999999999
0.990671,0.693871
0.991745,0.7018559999999999
0.9928199999999999,0.708528
0.9938939999999999,0.716074
0.994969,0.724496
0.9960429999999999,0.731496
0.997118,0.740356
0.998192,0.7489959999999999
1.0121609999999999,0.873792
1.0132349999999999,0.8851669999999999
1.01431,0.895339
1.015384,0.9078080000000001
1.016459,0.91962
1.017533,0.930667
1.018608,0.943683
1.019682,0.9554950000000001
1.020756,0.9677450000000001
1.021831,0.981745
1.022905,0.993995
1.02398,1.006901
1.025054,1.021557
1.0261289999999998,1.033589
1.0272029999999999,1.0482449999999999
1.028278,1.0631199999999998
1.029352,1.076245
1.030427,1.091776
1.031501,1.107307
1.044395,1.3039619999999998
1.04547,1.322994
1.046544,1.341587
1.047618,1.359306
1.0486929999999999,1.37965
1.049767,1.398462
1.050842,1.417274
1.0519159999999999,1.438274
1.052991,1.4573049999999999
1.054065,1.477649
1.05514,1.4993049999999999
1.056214,1.5192109999999999
1.057289,1.540649
1.058363,1.56318
1.0594379999999999,1.583305
1.060512,1.607149
1.061587,1.62968
1.0626609999999999,1.650898
1.063736,1.675617
1.077704,2.0050529999999998
1.078778,2.03524
1.079853,2.063678
1.080927,2.09124
1.082002,2.122302
1.083076,2.151615
1.0841509999999999,2.180927
1.0852249999999999,2.21374
1.0863,2.243052
1.0873739999999998,2.275427
1.088449,2.294239
1.089523,2.2675520000000002
1.090598,2.2583640000000003
1.091672,2.243052
1.092747,2.233865
1.093821,2.22949
1.0948959999999999,2.216802
1.0959699999999999,2.211552
1.097045,2.206302
1.0981189999999998,2.1940519999999997
1.099194,2.190552
1.100268,2.18399
1.101343,2.172177
1.102417,2.170865
1.103492,2.16124
1.104566,2.152053
1.1056409999999999,2.15074
1.106715,2.14024
1.107789,2.132803
1.1088639999999998,2.131053
1.1099379999999999,2.11924
1.111013,2.114865
1.112087,2.111803
1.113162,2.099553
1.114236,2.097803
1.115311,2.0925529999999997
1.116385,2.08249
1.11746,2.0816149999999998
1.118534,2.074178
1.1196089999999999,2.0654280000000003
1.1206829999999999,2.065865
1.121758,2.056678
1.122832,2.0505530000000003
1.123907,2.050115
1.124981,2.04049
1.126056,2.036553
1.12713,2.035678
1.128205,2.025178
1.129279,2.023428
1.1303539999999999,2.019053
1.1314279999999999,2.008991
1.132503,2.009428
1.133577,2.002866
1.134652,1.994553
1.135726,1.994991
1.1368,1.987553
1.137875,1.9809910000000002
1.138949,1.9814280000000002
1.140024,1.972678
1.141098,1.9691779999999999
1.1421729999999999,1.9683030000000001
1.143247,1.9586779999999997
1.1443219999999998,1.957366
1.1453959999999999,1.954303
1.146471,1.9451159999999998
1.147545,1.9455529999999999
1.14862,1.940741
1.149694,1.932866
1.162588,1.891741
1.163663,1.887366
1.164737,1.880366
1.165811,1.8816789999999999
1.1668859999999999,1.875991
1.1679599999999999,1.870304
1.169035,1.8724910000000001
1.1701089999999998,1.864179
1.171184,1.8611159999999998
1.172258,1.861991
1.173333,1.853679
1.174407,1.852366
1.175482,1.851491
1.176556,1.8436160000000001
1.1776309999999999,1.844491
1.178705,1.840991
1.17978,1.8348659999999999
1.1808539999999998,1.836179
1.181929,1.831804
1.195897,1.798991
1.196971,1.794179
1.198046,1.7893659999999998
1.19912,1.7915539999999999
1.200195,1.7854290000000002
1.201269,1.781929
1.2023439999999999,1.784117
1.2034179999999999,1.776679
1.204493,1.775804
1.205567,1.775804
1.206642,1.768804
1.207716,1.770117
1.208791,1.768804
1.209865,1.7622419999999999
1.21094,1.764867
1.212014,1.761367
1.2130889999999999,1.7561170000000002
1.2141629999999999,1.7587419999999998
1.215238,1.753054
1.229206,1.725929
1.23028,1.721117
1.231355,1.717617
1.232429,1.720242
1.233504,1.714117
1.234578,1.712367
1.235653,1.713679
1.236727,1.706679
1.2378019999999998,1.707554
1.2388759999999999,1.707117
1.239951,1.7009919999999998
1.241025,1.702742
1.2421,1.700554
1.243174,1.694867
1.244249,1.697929
1.245323,1.693554
1.246397,1.690054
1.247472,1.692679
1.248546,1.6869919999999998
1.2496209999999999,1.685242
1.250695,1.68743
1.25177,1.680867
1.2528439999999998,1.681305
1.253919,1.681742
1.254993,1.67518
1.256068,1.677367
1.257142,1.675617
1.258217,1.66993
1.259291,1.6729919999999998
1.2603659999999999,1.669492
1.26144,1.66468
1.262515,1.66818
1.2635889999999999,1.66293
1.264664,1.6611799999999999
1.265738,1.663805
1.266813,1.6572419999999999
1.279706,1.638867
1.280781,1.64193
1.281855,1.635367
1.28293,1.635367
1.284004,1.63668
1.2850789999999999,1.630992
1.2861529999999999,1.632742
1.287228,1.631867
1.2883019999999998,1.62618
1.289377,1.6292419999999999
1.290451,1.626617
1.291526,1.621805
1.2926,1.625742
1.293675,1.62093
1.294749,1.6183049999999999
1.2958239999999999,1.621805
1.2968979999999999,1.61568
1.297973,1.6152419999999998
1.2990469999999998,1.616992
1.313015,1.595992
1.31409,1.598617
1.315164,1.592492
1.316239,1.593367
1.317313,1.594242
1.318388,1.588117
1.319462,1.59118
1.3205369999999998,1.588992
1.3216109999999999,1.58418
1.322686,1.58768
1.32376,1.58418
1.324835,1.581117
1.325909,1.5850549999999999
1.326984,1.5798050000000001
1.328058,1.57893
1.329133,1.581555
1.330207,1.575868
1.331281,1.576305
1.3323559999999999,1.57718
1.3463239999999999,1.560555
1.347399,1.5614299999999999
1.348473,1.55618
1.349548,1.5579299999999998
1.350622,1.557493
1.351697,1.55268
1.352771,1.5557429999999999
1.3538459999999999,1.5531179999999998
1.35492,1.549618
1.3559949999999998,1.5531179999999998
1.3570689999999999,1.54918
1.358144,1.546993
1.359218,1.5504930000000001
1.360293,1.544368
1.361367,1.544805
1.362441,1.546555
1.363516,1.54043
1.36459,1.5430549999999998
1.365665,1.5426179999999998
1.3796329999999999,1.5277429999999999
1.380708,1.527305
1.3817819999999998,1.522493
1.382857,1.5255549999999998
1.383931,1.5242429999999998
1.385006,1.519868
1.38608,1.523805
1.387155,1.520305
1.388229,1.518118
1.3893039999999999,1.522055
1.390378,1.517243
1.3914529999999998,1.516805
1.3925269999999998,1.51943
1.3936009999999999,1.5137429999999998
1.394676,1.515055
1.39575,1.516368
1.396825,1.5106799999999998
1.397899,1.5137429999999998
1.398974,1.51243
1.435506,1.482243
1.4365809999999999,1.48093
1.437655,1.483993
1.4387299999999998,1.4787430000000001
1.4398039999999999,1.479618
1.440879,1.4818049999999998
1.441953,1.476118
1.443028,1.478305
1.444102,1.478305
1.445177,1.47218
1.446251,1.473493
1.447325,1.47393
1.4484,1.4699929999999999
1.449474,1.4699929999999999
1.4505489999999999,1.47043
1.4516229999999999,1.4673679999999998
1.452698,1.4678049999999998
1.4537719999999998,1.46693
1.454847,1.464306
1.455921,1.4651800000000001
1.456996,1.46343
1.45807,1.461243
1.459145,1.462118
1.460219,1.45993
1.4612939999999999,1.459056
1.462368,1.459056
1.4634429999999998,1.456431
1.4645169999999998,1.4559929999999999
1.465592,1.4559929999999999
1.466666,1.453806
1.467741,1.453806
1.468815,1.452931
1.46989,1.450306
1.470964,1.4511809999999998
1.4720389999999999,1.4494310000000001
1.473113,1.447243
1.474187,1.448118
1.490305,1.433243
1.491379,1.431493
1.492454,1.432368
1.493528,1.430181
1.494603,1.429306
1.495677,1.429743
1.4967519999999999,1.4271179999999999
1.4978259999999999,1.4271179999999999
1.498901,1.4271179999999999
1.4999749999999998,1.424931
1.498901,1.424931
1.4978259999999999,1.424056
1.4967519999999999,1.4218680000000001
1.495677,1.422743
1.494603,1.420993
1.493528,1.419681
1.492454,1.419681
1.491379,1.417931
1.490305,1.417056
1.4892299999999998,1.404806
1.474187,1.405681
1.473113,1.403493
1.4720389999999999,1.402618
1.470964,1.403056
1.46989,1.400868
1.468815,1.401306
1.467741,1.399993
1.466666,1.3986809999999998
1.465592,1.3986809999999998
1.4645169999999998,1.397368
1.4634429999999998,1.3956179999999998
1.462368,1.396493
1.4612939999999999,1.3947429999999998
1.460219,1.393868
1.459145,1.3943059999999998
1.45807,1.3925560000000001
1.456996,1.3916810000000002
1.455921,1.3916810000000002
1.454847,1.389493
1.4398039999999999,1.378556
1.4387299999999998,1.3789930000000001
1.437655,1.378118
1.4365809999999999,1.376368
1.435506,1.376806
1.434432,1.375931
1.433357,1.374181
1.432283,1.3746180000000001
1.431208,1.372868
1.430134,1.371993
1.4290589999999999,1.372431
1.4279849999999998,1.370681
1.42691,1.3698059999999999
1.4258359999999999,1.3702429999999999
1.424761,1.367618
1.423687,1.368056
1.422612,1.368056
1.421538,1.3658679999999999
1.420463,1.3663059999999998
1.419389,1.3658679999999999
1.418315,1.3636810000000001
1.4172399999999998,1.3645559999999999
1.416166,1.362806
1.4150909999999999,1.361493
1.4140169999999999,1.362368
1.412942,1.360618
1.411868,1.360181
1.410793,1.360181
1.409719,1.357993
1.408644,1.357993
1.40757,1.357556
1.4064949999999998,1.355806
1.405421,1.355806
1.4043459999999999,1.355806
1.4032719999999999,1.353619
1.402197,1.354493
1.401123,1.353181
1.400048,1.352306
1.398974,1.352306
1.397899,1.3509939999999998
1.396825,1.3501180000000002
1.39575,1.3505559999999999
1.394676,1.348368
1.3936009999999999,1.348368
1.3925269999999998,1.348368
1.3914529999999998,1.346618
1.390378,1.347056
1.3893039999999999,1.346181
1.388229,1.344431
1.387155,1.344431
1.38608,1.343556
1.385006,1.3422429999999999
1.383931,1.342681
1.382857,1.3409309999999999
1.3817819999999998,1.3404939999999999
1.380708,1.3409309999999999
1.365665,1.331744
1.36459,1.329556
1.363516,1.329556
1.362441,1.329556
1.361367,1.328244
1.360293,1.327806
1.359218,1.327806
1.358144,1.3256189999999999
1.3570689999999999,1.326494
1.3559949999999998,1.325181
1.35492,1.323869
1.3538459999999999,1.324744
1.352771,1.3234309999999998
1.351697,1.3225559999999998
1.350622,1.322994
1.349548,1.320806
1.348473,1.320806
1.347399,1.3212439999999999
1.3463239999999999,1.319056
1.3452499999999998,1.3194940000000002
1.344175,1.318619
1.3431009999999999,1.316869
1.342026,1.317744
1.340952,1.316869
1.339877,1.315119
1.338803,1.315994
1.337728,1.314244
1.336654,1.313806
1.3355789999999998,1.314244
1.3345049999999998,1.312494
1.33343,1.312056
1.3323559999999999,1.312494
1.331281,1.310306
1.330207,1.310744
1.329133,1.310306
1.328058,1.3085559999999998
1.326984,1.309431
1.325909,1.3085559999999998
1.324835,1.306369
1.32376,1.3076809999999999
1.322686,1.306369
1.3216109999999999,1.305056
1.3205369999999998,1.305494
1.319462,1.303744
1.318388,1.303744
1.317313,1.304181
1.316239,1.301994
1.315164,1.301994
1.31409,1.301994
1.313015,1.300244
1.311941,1.300244
1.3108659999999999,1.299806
1.3097919999999998,1.298494
1.308717,1.298931
1.3076429999999999,1.2980559999999999
1.306568,1.296744
1.305494,1.297619
1.304419,1.295869
1.303345,1.295431
1.30227,1.295869
1.301196,1.2936809999999999
1.300122,1.2936809999999999
1.2990469999999998,1.2936809999999999
1.297973,1.291931
1.2968979999999999,1.2923689999999999
1.2958239999999999,1.291931
1.294749,1.289744
1.293675,1.291056
1.2926,1.289744
1.291526,1.288869
1.290451,1.289744
1.289377,1.287994
1.2883019999999998,1.2871190000000001
1.287228,1.287556
1.2861529999999999,1.285806
1.2850789999999999,1.286244
1.284004,1.286244
1.28293,1.2840559999999999
1.281855,1.284494
1.280781,1.2840559999999999
1.279706,1.2827439999999999
1.278632,1.283619
1.2775569999999998,1.282306
1.276483,1.280994
1.2754079999999999,1.281869
1.2743339999999999,1.2805559999999998
1.273259,1.2792439999999998
1.239951,1.263056
1.2388759999999999,1.263931
1.2378019999999998,1.262181
1.236727,1.261744
1.235653,1.262181
1.234578,1.260431
1.233504,1.261306
1.232429,1.260431
1.231355,1.259119
1.23028,1.259994
1.229206,1.258244
1.2281309999999999,1.257369
1.2270569999999998,1.258681
1.225982,1.256494
1.2249079999999999,1.256056
1.223833,1.256494
1.222759,1.254744
1.221684,1.254744
1.22061,1.2551809999999999
1.219535,1.247744
1.205567,1.248182
1.204493,1.246431
1.2034179999999999,1.246869
1.2023439999999999,1.246431
1.201269,1.244681
1.200195,1.245994
1.19912,1.2442440000000001
1.198046,1.243369
1.196971,1.2442440000000001
1.195897,1.242494
1.194822,1.242494
1.193748,1.242931
1.1926729999999999,1.240744
1.1915989999999999,1.240744
1.190525,1.2411809999999999
1.18945,1.239431
1.1883759999999999,1.2398689999999999
1.187301,1.239431
1.186227,1.237682
1.1679599999999999,1.2302440000000001
1.1668859999999999,1.231119
1.165811,1.229369
1.164737,1.228494
1.163663,1.229369
1.162588,1.227619
1.161514,1.227619
1.160439,1.228057
1.159365,1.226307
1.15829,1.226307
1.157216,1.226744
1.1561409999999999,1.224557
1.1550669999999998,1.225432
1.153992,1.224994
1.1529179999999999,1.223244
1.151843,1.224557
1.150769,1.223244
1.149694,1.222807
1.14862,1.223244
1.147545,1.2214939999999999
1.146471,1.2214939999999999
1.1453959999999999,1.221932
1.1443219999999998,1.219744
1.143247,1.2201819999999999
1.1421729999999999,1.2201819999999999
1.141098,1.218432
1.140024,1.219307
1.138949,1.218869
1.137875,1.217119
1.1368,1.217994
1.135726,1.217119
1.134652,1.215807
1.133577,1.217119
1.132503,1.2153690000000001
1.1314279999999999,1.2149320000000001
1.1303539999999999,1.2153690000000001
1.129279,1.214057
1.115311,1.210119
1.114236,1.207932
1.113162,1.208369
1.112087,1.208369
1.111013,1.2066189999999999
1.1099379999999999,1.2070569999999998
1.1088639999999998,1.2066189999999999
1.107789,1.205307
1.106715,1.2061819999999999
1.1056409999999999,1.204869
1.104566,1.204432
1.103492,1.204869
1.102417,1.2035569999999998
1.101343,1.203119
1.100268,1.203994
1.099194,1.190869
1.0981189999999998,1.168119
1.097045,1.1471189999999998
1.0959699999999999,1.12437
1.077704,0.820308
1.076629,0.806308
1.075555,0.7918709999999999
1.074481,0.776996
1.0734059999999999,0.763871
1.0723319999999998,0.7489959999999999
1.071257,0.7358709999999999
1.0701829999999999,0.723621
1.069108,0.709621
1.068034,0.6973710000000001
1.066959,0.685121
1.065885,0.671559
1.06481,0.660184
1.063736,0.648372
1.0626609999999999,0.635684
1.061587,0.625184
1.060512,0.614247
1.0594379999999999,0.602434
1.058363,0.592809
1.043321,0.458497
1.042246,0.449747
1.041172,0.440998
1.040097,0.43355999999999995
1.039023,0.42481
1.0379479999999999,0.416935
1.0368739999999999,0.409935
1.035799,0.40118499999999996
1.034725,0.39418499999999995
1.03365,0.387185
1.032576,0.37887299999999996
1.031501,0.372748
1.030427,0.36530999999999997
1.029352,0.35743499999999995
1.028278,0.35131
1.0272029999999999,0.34431
1.0261289999999998,0.336873
1.025054,0.331623
1.02398,0.324186
1.022905,0.318061
1.021831,0.311936
1.020756,0.305373
1.019682,0.29924799999999996
1.018608,0.293561
1.017533,0.28699800000000003
1.016459,0.281748
1.015384,0.27606099999999995
1.01431,0.26949799999999996
1.0132349999999999,0.265123
1.0121609999999999,0.259436
1.011086,0.253311
1.010012,0.248936
1.008937,0.24281100000000003
1.007863,0.237998
1.006788,0.233186
1.005714,0.22749799999999998
1.004639,0.22312400000000002
1.003565,0.218749
1.0024899999999999,0.213061
1.0014159999999999,0.20868599999999998
1.000341,0.20431100000000002
0.9992669999999999,0.199061
0.998192,0.19556099999999998
0.997118,0.19074899999999997
0.9960429999999999,0.18593600000000002
0.994969,0.18243600000000001
0.9938939999999999,0.178061
0.9928199999999999,0.174124
0.991745,0.170624
0.990671,0.16581100000000001
0.989597,0.162311
0.9885219999999999,0.158811
0.987448,0.15487399999999998
0.924053,0.03346860200000001
0.922979,0.033031104
0.921904,0.032265480000000006
0.9208299999999999,0.030843614000000005
0.919755,0.030515488000000004
0.918681,0.029421744000000003
0.9176059999999999,0.028656122000000003
0.916532,0.028109250000000002
0.915457,0.027015506
0.914383,0.026249884000000005
0.913308,0.026031134000000004
0.912234,0.024718642000000002
0.9111589999999999,0.024390516
0.9100849999999999,0.023953018000000003
0.90901,0.022859274000000002
0.907936,0.022421774000000002
0.9068609999999999,0.022093652000000002
0.905787,0.010432754
0.904713,0.015321533
0.9036379999999999,0.016335127
0.9025639999999999,0.016447127000000002
0.901489,0.01615033
0.900415,0.015517531
0.8993399999999999,0.015220734000000003
0.898266,0.014705535000000002
0.897191,0.014128738000000002
0.8961169999999999,0.013854339000000002
0.895042,0.013339141000000002
0.893968,0.012851943000000001
0.8928929999999999,0.012543944000000001
0.8918189999999999,0.012011947000000002
0.890744,0.011619949000000001
0.88967,0.011306351000000001
0.8885949999999999,0.010802353
0.887521,0.010460754000000001
0.886446,0.010130355
0.8853719999999999,0.009648757
0.884297,0.009424759000000001
0.883223,0.009088760000000001
0.8821479999999999,0.008635162000000002
0.8810739999999999,0.008455962000000001
0.879999,0.008075165
0.878925,0.0077391660000000004
0.8778499999999999,0.007576767000000001
0.876776,0.007173568000000001
0.875702,0.006910369
0.8746269999999999,0.00671437
0.8735529999999999,0.006316772000000001
0.872478,0.006171173000000001
0.871404,0.005963973
0.8703289999999999,0.005594375
0.869255,0.005487976
0.86818,0.005258377
0.8671059999999999,0.004916778000000001
0.866031,0.004866378
0.864957,0.004614379
0.8638819999999999,0.004345581
0.8628079999999999,0.004250381000000001
0.861733,0.003942382
0.860659,0.003796783
0.859584,0.003751983000000001
0.85851,0.003393585
0.857435,0.0032927850000000003
0.8563609999999999,0.0031527860000000003
0.855286,0.0028727870000000003
0.854212,0.002788787
0.8531369999999999,0.002643188
0.852063,0.0023463890000000004
0.850988,0.002318389
0.849914,0.00212239
0.8488399999999999,0.0019095910000000002
0.847765,0.0019151910000000001
0.846691,0.0016631920000000002
0.8456159999999999,0.001534393
0.844542,0.0014951930000000001
0.843467,0.0012319940000000001
0.842393,0.001175994
0.841318,0.0011199950000000001
0.840244,0.000845596
0.8391689999999999,0.0008567960000000001
0.8380949999999999,0.0007615960000000001
0.83702,0.000531997
0.835946,0.0005711970000000001
0.8348709999999999,0.00044239800000000004
0.833797,0.00023519800000000002
0.832722,0.000313598
0.8316479999999999,0.000139999
0.830573,1.1199951000000002e-05
0.829499,3.9199832000000005e-05
0.8284239999999999,-0.00015119900000000003
0.8273499999999999,-0.00021279900000000003
0.826275,-0.00020159900000000003
0.825201,-0.000414398
0.8241259999999999,-0.000391998
0.823052,-0.00046479700000000003
0.821978,-0.0006663970000000001
0.8209029999999999,-0.0006047970000000001
0.8198289999999999,-0.000739196
0.818754,-0.000923995
0.81768,-0.0008567960000000001
0.8166049999999999,-0.001007995
0.815531,-0.0011255950000000003
0.814456,-0.0011031950000000002
0.8133819999999999,-0.0012823940000000003
0.812307,-0.001321594
0.811233,-0.001321594
0.8101579999999999,-0.001500793
0.8090839999999999,-0.001500793
0.808009,-0.001478393
0.806935,-0.0017191920000000002
0.8058599999999999,-0.0016519920000000001
0.804786,-0.0017359920000000002
0.803711,-0.001847991
0.8026369999999999,-0.0018031920000000001
0.801562,-0.0019151910000000001
0.800488,-0.002010391
0.7994129999999999,-0.001898391
0.7983389999999999,-0.0020775900000000003
0.797264,-0.00211119
0.79619,-0.002055191
0.795115,-0.00223439
0.794041,-0.0021839900000000002
0.792967,-0.00220079
0.7918919999999999,-0.002368789
0.7908179999999999,-0.00225679
0.789743,-0.0023407890000000002
0.788669,-0.002503189
0.787594,-0.0024135890000000003
0.78652,-0.0025255880000000005
0.785445,-0.002609588
0.7843709999999999,-0.002547988
0.783296,-0.002710388
0.782222,-0.002755187
0.7811469999999999,-0.002715988
0.780073,-0.002883987
0.778998,-0.0028335870000000003
0.777924,-0.002827987
0.776849,-0.0030071860000000002
0.775775,-0.0029119870000000004
0.7746999999999999,-0.0029791870000000003
0.7736259999999999,-0.0031191860000000004
0.772551,-0.003029586
0.771477,-0.0031135860000000002
0.7704019999999999,-0.003197586
0.769328,-0.0031135860000000002
0.768253,-0.003247985
0.7671789999999999,-0.003287185
0.766104,-0.0032031860000000002
0.76503,-0.0033823850000000003
0.7639549999999999,-0.0033319850000000004
0.7628809999999999,-0.0032759850000000004
0.761807,-0.003455184
0.760732,-0.0033599850000000002
0.7596579999999999,-0.003376785
0.758583,-0.003527984
0.757509,-0.003393585
0.7564339999999999,-0.0034831840000000003
0.7553599999999999,-0.0035783840000000004
0.754285,-0.0034831840000000003
0.753211,-0.0036343840000000005
0.739242,-0.003970382000000001
0.7381679999999999,-0.004082382
0.737093,-0.004155181000000001
0.736019,-0.004065582000000001
0.734945,-0.004222381000000001
0.7338699999999999,-0.0041775810000000005
0.732796,-0.004132781
0.731721,-0.004283981
0.7306469999999999,-0.0042111810000000005
0.729572,-0.004239181000000001
0.728498,-0.0043847800000000004
0.7274229999999999,-0.004244781
0.726349,-0.004328781000000001
0.725274,-0.00441838
0.7242,-0.004278381
0.723125,-0.00439038
0.722051,-0.00445198
0.720976,-0.00437358
0.7199019999999999,-0.0045303800000000005
0.70271,-0.004888778000000001
0.7016359999999999,-0.005056777
0.700561,-0.004989578000000001
0.699487,-0.005000778000000001
0.6984119999999999,-0.0051631770000000006
0.697338,-0.0050511770000000004
0.696263,-0.005107177
0.695189,-0.005191177
0.694114,-0.005084777
0.69304,-0.005179977
0.6919649999999999,-0.005252777
0.6908909999999999,-0.005135177
0.689816,-0.005252777
0.688742,-0.005280776
0.6876669999999999,-0.005191177
0.686593,-0.005381576
0.685518,-0.0053199760000000006
0.6844439999999999,-0.005308776
0.683369,-0.005504775000000001
0.682295,-0.005975173
0.667252,-0.005891174000000001
0.6661779999999999,-0.005902374000000001
0.665103,-0.0060535730000000005
0.664029,-0.005919174000000001
0.6629539999999999,-0.006047973
0.66188,-0.006143173000000001
0.660805,-0.005997573000000001
0.659731,-0.006137573
0.658656,-0.006137573
0.657582,-0.0060703730000000004
0.656507,-0.006238372000000001
0.6554329999999999,-0.0061823730000000006
0.654358,-0.006171173000000001
0.653284,-0.006344772000000001
0.6522089999999999,-0.006266372000000001
0.651135,-0.006277572
0.650061,-0.006451171000000001
0.648986,-0.006350372
0.6479119999999999,-0.006434371
0.6339429999999999,-0.006882369
0.632869,-0.006955169
0.631794,-0.007083969000000001
0.63072,-0.006977569
0.629645,-0.007111968000000001
0.628571,-0.007145568000000001
0.6274959999999999,-0.007067169000000001
0.6264219999999999,-0.007207168
0.625347,-0.007218368
0.624273,-0.007173568000000001
0.6231979999999999,-0.007363967000000001
0.622124,-0.007268768000000001
0.62105,-0.007279968
0.6199749999999999,-0.007431167000000001
0.6189009999999999,-0.0073359670000000005
0.617826,-0.007431167000000001
0.616752,-0.007548766
0.6156769999999999,-0.007453567000000001
0.614603,-0.007593567000000001
0.5834429999999999,-0.008999161
0.582368,-0.008887161000000001
0.581294,-0.009122360000000001
0.5802189999999999,-0.00913356
0.579145,-0.00910556
0.57807,-0.009312759000000002
0.576996,-0.009301559000000001
0.575921,-0.009312759000000002
0.574847,-0.009519958
0.573772,-0.009441559
0.5726979999999999,-0.009503158000000001
0.571623,-0.009721557
0.570549,-0.009598358000000001
0.5694739999999999,-0.009732757
0.5684,-0.009867157
0.567326,-0.009788757
0.566251,-0.009973556000000001
0.5651769999999999,-0.010023956
0.564102,-0.009956756
0.563028,-0.010152755000000001
0.5619529999999999,-0.010147155000000001
0.560879,-0.010152755000000001
0.559804,-0.010371155
0.55873,-0.010309554
0.557655,-0.010354355
0.556581,-0.010550354000000001
0.5555059999999999,-0.010432754
0.5544319999999999,-0.010561553
0.553357,-0.010684753
0.552283,-0.010589553
0.5512079999999999,-0.010774352000000001
0.550134,-0.010835953
0.549059,-0.010785553000000002
0.5479849999999999,-0.011009551000000001
0.54691,-0.011009551000000001
0.545836,-0.011020751000000002
0.5447609999999999,-0.011255951
0.5436869999999999,-0.01123915
0.542612,-0.011306351000000001
0.541538,-0.011485549000000001
0.540463,-0.01145195
0.539389,-0.011603149
0.538314,-0.011759949
0.5372399999999999,-0.011687148000000001
0.5361659999999999,-0.011888748000000001
0.535091,-0.011983947000000002
0.534017,-0.011916748000000001
0.532942,-0.012140746000000001
0.531868,-0.012185547
0.530793,-0.012191147000000001
0.5297189999999999,-0.012437545000000001
0.528644,-0.012387145
0.52757,-0.012471145000000001
0.5264949999999999,-0.012706344
0.525421,-0.012639145000000001
0.524346,-0.012745544000000001
0.523272,-0.012935943
0.522197,-0.012846343000000001
0.521123,-0.013025542000000001
0.520048,-0.013182342000000001
0.5189739999999999,-0.013126343000000002
0.517899,-0.013322341000000001
0.516825,-0.013378341
0.5157499999999999,-0.013367141000000003
0.514676,-0.01366954
0.513601,-0.01364154
0.512527,-0.013725540000000001
0.511452,-0.013960738
0.510378,-0.013943938000000001
0.509304,-0.014089538
0.5082289999999999,-0.014296737
0.49426099999999995,-0.015713531
0.49318599999999996,-0.015965530000000002
0.492112,-0.01588713
0.491037,-0.016122329
0.489963,-0.016301528000000003
0.488888,-0.016245528000000002
0.48781399999999997,-0.016491927000000003
0.486739,-0.016615127
0.48566499999999996,-0.016643126
0.48458999999999997,-0.016917526000000002
0.483516,-0.016945524000000003
0.48244099999999995,-0.017018324
0.481367,-0.017303924000000002
0.48029299999999997,-0.017348724
0.479218,-0.017488724
0.47814399999999996,-0.017763122
0.47706899999999997,-0.017735122000000002
0.475995,-0.017975922
0.47491999999999995,-0.018222320000000004
0.460952,-0.02036711
0.459877,-0.020641508000000003
0.45880299999999996,-0.020669508
0.45772799999999997,-0.020966308000000003
0.456654,-0.021151108000000002
0.45557899999999996,-0.021207108000000002
0.454505,-0.021571106000000003
0.45343,-0.021666304
0.452356,-0.021789504
0.45128199999999996,-0.022181502000000002
0.45020699999999997,-0.022237502
0.449133,-0.0224223
0.44805799999999996,-0.022763900000000004
0.446984,-0.022808698000000002
0.445909,-0.023122298000000003
0.444835,-0.023452698
0.44376,-0.023480696000000002
0.44268599999999997,-0.023844694
0.441611,-0.024107894
0.44053699999999996,-0.03901502800000001
0.39326,-0.039485424000000005
0.392185,-0.039849424
0.391111,-0.04043182
0.390036,-0.04083502
0.388962,-0.041238216
0.387887,-0.041915816
0.38681299999999996,-0.042240616
0.38573799999999997,-0.042716612
0.384664,-0.043349408000000006
0.38358899999999996,-0.043595808
0.382515,-0.044178204000000006
0.38144,-0.044682204
0.380366,-0.0449566
0.379291,-0.04552780000000001
0.37821699999999997,-0.045947796000000006
0.377142,-0.046216596000000006
0.37606799999999996,-0.046804592000000006
0.37499299999999997,-0.047140592
0.373919,-0.04737579200000001
0.343833,-0.070874688
0.342759,-0.07251529599999999
0.341684,-0.07393717600000001
0.34060999999999997,-0.074702792
0.339536,-0.076780904
0.338461,-0.07809340000000001
0.337387,-0.078749648
0.336312,-0.08093714400000002
0.335238,-0.081921512
0.334163,-0.083343384
0.33308899999999997,-0.085640248
0.332014,-0.08640587200000001
0.33094,-0.088155856
0.32986499999999996,-0.09056209600000001
0.328791,-0.09143709600000001
0.327716,-0.093515208
0.326642,-0.09559332800000002
0.325567,-0.096577696
0.324493,-0.09931205600000001
0.323418,-0.10128000000000001
0.32234399999999996,-0.102374
0.32126899999999997,-0.10521799999999999
0.320195,-0.10685800000000001
0.31911999999999996,-0.108718
0.318046,-0.11188999999999999
0.316971,-0.113311
0.315897,-0.11549899999999999
0.314822,-0.11878
0.31374799999999997,-0.12042099999999999
0.312673,-0.12315499999999999
0.31159899999999996,-0.125999
0.310525,-0.127968
0.30945,-0.13124899999999998
0.308376,-0.13409300000000002
0.307301,-0.13628
0.30622699999999997,-0.140108
0.305152,-0.142952
0.290109,-0.196217
0.289035,-0.200483
0.28796,-0.20617
0.286886,-0.210655
0.285811,-0.215577
0.28473699999999996,-0.222249
0.283663,-0.226733
0.282588,-0.23274799999999998
0.281514,-0.23931100000000002
0.280439,-0.244561
0.279365,-0.25166999999999995
0.27829,-0.25845100000000004
0.27721599999999996,-0.26435800000000004
0.27614099999999997,-0.27234200000000003
0.275067,-0.27956099999999995
0.273992,-0.28688899999999995
0.272918,-0.295858
0.271843,-0.303404
0.270769,-0.311936
0.269694,-0.321889
0.26861999999999997,-0.330201
0.267545,-0.340264
0.266471,-0.35098199999999996
0.26539599999999997,-0.36060699999999996
0.264322,-0.372201
0.263247,-0.383795
0.262173,-0.39505999999999997
0.261098,-0.408404
0.260024,-0.421201
0.258949,-0.43410699999999997
0.25787499999999997,-0.44941899999999996
0.2568,-0.463857
0.255726,-0.479388
0.254652,-0.49699699999999997
0.253577,-0.513403
0.252503,-0.5316690000000001
0.251428,-0.5514659999999999
0.25035399999999997,-0.570606
0.249279,-0.5924809999999999
0.24820499999999998,-0.615012
0.24713,-0.6377619999999999
0.246056,-0.663903
0.24498099999999998,-0.690043
0.24390699999999998,-0.717496
0.242832,-0.748449
0.241758,-0.779293
0.24068299999999998,-0.812762
0.239609,-0.849839
0.238534,-0.8863709999999999
0.23745999999999998,-0.92662
0.23638499999999998,-0.9696049999999999
0.205225,-3.124611
0.204151,-3.207735
0.20307599999999998,-3.286485
0.202002,-3.358234
0.200927,-3.429547
0.199853,-3.492984
0.19877799999999998,-3.5494209999999997
0.197704,-3.603671
0.19663,-3.6487329999999996
0.19555499999999998,-3.6867959999999997
0.194481,-3.72267
0.193406,-3.746295
0.192332,-3.765545
0.19125699999999998,-3.779983
0.190183,-3.783483
0.189108,-3.783045
0.18803399999999998,-3.7760450000000003
0.186959,-3.758983
0.185885,-3.74017
0.18481,-3.7112950000000002
0.18373599999999998,-3.674108
0.182661,-3.634296
0.181587,-3.5848579999999997
0.18051199999999998,-3.528859
0.179438,-3.470234
0.178363,-3.401109
0.177289,-3.32761
0.17621399999999998,-3.251048
0.17514,-3.163548
0.174065,-3.075173
0.172991,-2.981986
0.17191599999999999,-2.8813619999999998
0.170842,-2.781175
0.169768,-2.6761749999999997
0.16869299999999998,-2.566363
0.167619,-2.456551
0.166544,-2.3441140000000003
0.151501,-0.8924960000000001
0.150427,-0.815496
0.14935199999999998,-0.747246
0.148278,-0.6820590000000001
0.147203,-0.622559
0.14612899999999998,-0.569184
0.145054,-0.51931
0.14398,-0.475122
0.142905,-0.43574799999999997
0.14183099999999998,-0.39855999999999997
0.140757,-0.36662300000000003
0.139682,-0.337748
0.13860799999999998,-0.31106100000000003
0.137533,-0.288311
0.136459,-0.267748
0.135384,-0.24806099999999998
0.13430999999999998,-0.231873
0.133235,-0.21612399999999998
0.132161,-0.202124
0.13108599999999998,-0.19031099999999998
0.130012,-0.178936
0.128937,-0.16843599999999997
0.127863,-0.160124
0.12678799999999998,-0.15137399999999998
0.125714,-0.143936
0.124639,-0.137374
0.123565,-0.129936
0.12248999999999999,-0.125124
0.121416,-0.11987400000000001
0.12034099999999999,-0.114186
0.119267,-0.11068700000000001
0.11819199999999999,-0.10631199999999999
0.117118,-0.102812
0.116043,-0.099749552
0.11496899999999999,-0.09624956800000001
0.113894,-0.093187088
0.11281999999999999,-0.09143709600000001
0.111746,-0.08837460800000001
0.11067099999999999,-0.085968368
0.109597,-0.08465587200000001
0.108522,-0.08203088800000001
0.107448,-0.080718392
0.106373,-0.07918714400000001
0.10529899999999999,-0.076780904
0.104224,-0.076124664
0.10314999999999999,-0.07481216800000001
0.102075,-0.07306217599999999
0.101001,-0.07262468000000001
0.099926736,-0.07109343200000001
0.098852256,-0.069999688
0.09777777600000001,-0.069780936
0.09670329600000001,-0.068249696
0.095628816,-0.067593448
0.094554336,-0.067155952
0.093479848,-0.06584346
0.092405368,-0.065624704
0.09133089600000001,-0.064968464
0.077362632,-0.058843488000000006
0.07628816000000001,-0.058405992000000004
0.07521367200000001,-0.05753099600000001
0.074139192,-0.057749744
0.073064712,-0.057312244000000005
0.071990232,-0.056656
0.070915752,-0.05709349600000001
0.069841264,-0.056218500000000005
0.068766784,-0.055781004
0.067692312,-0.05643725200000001
0.066617824,-0.055562252000000006
0.065543348,-0.055343504
0.06446886,-0.055781004
0.063394384,-0.054906008000000006
0.062319900000000004,-0.055124752000000006
0.06124542,-0.055124752000000006
0.060170940000000006,-0.05424976
0.05909646,-0.054906008000000006
0.058021976,-0.05468726
0.056947496,-0.054031012
0.055873016000000005,-0.05468726
0.054798532000000004,-0.05381226
0.053724056000000006,-0.05359351200000001
0.052649572000000006,-0.054468508000000006
0.051575092,-0.05337476
0.050500608,-0.05337476
0.049426128,-0.054031012
0.048351648000000004,-0.05315601200000001
0.047277168,-0.05337476
0.046202684,-0.05381226
0.045128204000000005,-0.052718516
0.044053724,-0.05315601200000001
0.04297924,-0.052937268
0.041904764000000004,-0.052281016
0.040830280000000004,-0.05315601200000001
0.023638584,-0.051406020000000004
0.022564102000000003,-0.052281016
0.02148962,-0.051406020000000004
0.020415140000000002,-0.051187276000000004
0.019340658,-0.05206226800000001
0.018266178,-0.051187276000000004
0.017191696,-0.051406020000000004
0.016117215,-0.05162476800000001
0.015042735000000002,-0.050749776
0.013968254000000001,-0.051406020000000004
0.012893773,-0.05162476800000001
0.011819292,-0.05053102400000001
0.01074481,-0.051187276000000004
0.009670329,-0.05096852400000001
0.008595848,-0.05053102400000001
0.007521367,-0.051406020000000004
0.006446886000000001,-0.05053102400000001
0.005372405,-0.050093528000000005
0.004297924,-0.051187276000000004
0.0032234430000000003,-0.050312276
0.002148962,-0.050312276
0.001074481,-0.05096852400000001
0.0,-0.049656028000000005
-0.001074481,-0.05053102400000001
-0.002148962,-0.05053102400000001
-0.0032234430000000003,-0.049437284000000005
-0.004297924,-0.050312276
-0.005372405,-0.050093528000000005
-0.006446886000000001,-0.049656028000000005
-0.007521367,-0.050312276
-0.008595848,-0.049656028000000005
-0.009670329,-0.049437284000000005
-0.01074481,-0.05053102400000001
-0.011819292,-0.049218532
-0.012893773,-0.049437284000000005
-0.013968254000000001,-0.050093528000000005
-0.015042735000000002,-0.048999784000000005
-0.016117215,-0.049656028000000005
-0.017191696,-0.049437284000000005
-0.018266178,-0.048562284000000004
-0.019340658,-0.049437284000000005
-0.020415140000000002,-0.049218532
-0.02148962,-0.048562284000000004
-0.022564102000000003,-0.049437284000000005
-0.023638584,-0.048781032
-0.024713064,-0.048124784000000004
-0.025787546,-0.049437284000000005
-0.026862028000000003,-0.048343536000000006
-0.027936508000000002,-0.048124784000000004
-0.029010988,-0.048781032
-0.030085470000000003,-0.047906036000000006
-0.045128204000000005,-0.046812292000000005
-0.046202684,-0.04703104
-0.047277168,-0.047249792000000006
-0.048351648000000004,-0.046484168
-0.049426128,-0.04735916400000001
-0.050500608,-0.047249792000000006
-0.051575092,-0.046374792000000005
-0.052649572000000006,-0.047249792000000006
-0.053724056000000006,-0.04670292000000001
-0.054798532000000004,-0.046156044
-0.055873016000000005,-0.04735916400000001
-0.056947496,-0.046156044
-0.058021976,-0.04626542000000001
-0.05909646,-0.046921668
-0.060170940000000006,-0.04582792000000001
-0.06124542,-0.046374792000000005
-0.062319900000000004,-0.046593544
-0.063394384,-0.045609172
-0.06446886,-0.04626542000000001
-0.065543348,-0.046046672000000004
-0.066617824,-0.045281048000000004
-0.067692312,-0.046046672000000004
-0.068766784,-0.045390424
-0.069841264,-0.045281048000000004
-0.070915752,-0.046374792000000005
-0.071990232,-0.045281048000000004
-0.073064712,-0.045281048000000004
-0.074139192,-0.046156044
-0.07521367200000001,-0.04517167600000001
-0.07628816000000001,-0.045718548000000005
-0.077362632,-0.045937296
-0.07843712,-0.045062300000000007
-0.0795116,-0.04582792000000001
-0.08058607200000001,-0.045609172
-0.08166056000000001,-0.044624800000000006
-0.08273504000000001,-0.046156044
-0.08380952800000001,-0.045609172
-0.084884,-0.044952928
-0.08595848,-0.045937296
-0.087032968,-0.045281048000000004
-0.088107448,-0.044952928
-0.08918192800000001,-0.046046672000000004
-0.09025640800000001,-0.044843548000000004
-0.09133089600000001,-0.04517167600000001
-0.092405368,-0.045937296
-0.093479848,-0.04473417600000001
-0.094554336,-0.045390424
-0.095628816,-0.045390424
-0.09670329600000001,-0.044296680000000005
-0.09777777600000001,-0.04517167600000001
-0.098852256,-0.044843548000000004
-0.099926736,-0.044187304000000004
-0.101001,-0.045390424
-0.102075,-0.044406052
-0.10314999999999999,-0.043968556000000006
-0.104224,-0.045281048000000004
-0.10529899999999999,-0.044187304000000004
-0.106373,-0.044296680000000005
-0.107448,-0.045281048000000004
-0.108522,-0.043968556000000006
-0.109597,-0.04473417600000001
-0.11067099999999999,-0.04473417600000001
-0.111746,-0.044077928
-0.11281999999999999,-0.044843548000000004
-0.113894,-0.044624800000000006
-0.11496899999999999,-0.043749808
-0.116043,-0.04517167600000001
-0.117118,-0.044187304000000004
-0.11819199999999999,-0.043421684
-0.119267,-0.044952928
-0.12034099999999999,-0.044077928
-0.121416,-0.04385918
-0.12248999999999999,-0.044515428
-0.123565,-0.043531056000000005
-0.124639,-0.044187304000000004
-0.125714,-0.044406052
-0.12678799999999998,-0.043093556000000005
-0.127863,-0.044296680000000005
-0.128937,-0.043968556000000006
-0.130012,-0.042984184
-0.13108599999999998,-0.044515428
-0.132161,-0.043421684
-0.133235,-0.042984184
-0.13430999999999998,-0.04385918
-0.135384,-0.04265606
-0.136459,-0.042984184
-0.137533,-0.043749808
-0.13860799999999998,-0.042327936000000004
-0.139682,-0.043531056000000005
-0.140757,-0.043312308
-0.14183099999999998,-0.042437312000000005
-0.142905,-0.043531056000000005
-0.14398,-0.043531056000000005
-0.145054,-0.042765436000000004
-0.14612899999999998,-0.043749808
-0.147203,-0.043093556000000005
-0.148278,-0.042218564
-0.14935199999999998,-0.043531056000000005
-0.150427,-0.042984184
-0.151501,-0.042546684
-0.152576,-0.043421684
-0.15364999999999998,-0.042327936000000004
-0.154725,-0.042765436000000004
-0.155799,-0.043202936000000004
-0.15687399999999999,-0.041890436
-0.157948,-0.042874808
-0.159023,-0.042874808
-0.160097,-0.041890436
-0.16117199999999998,-0.043202936000000004
-0.162246,-0.042109188000000006
-0.163321,-0.041562316
-0.16439499999999999,-0.042984184
-0.16547,-0.041781064
-0.166544,-0.041781064
-0.167619,-0.042437312000000005
-0.16869299999999998,-0.041452944000000005
-0.169768,-0.041781064
-0.170842,-0.04265606
-0.17191599999999999,-0.041234192
-0.172991,-0.042327936000000004
-0.174065,-0.041781064
-0.17514,-0.041015444000000005
-0.17621399999999998,-0.042218564
-0.177289,-0.041671692
-0.178363,-0.041343564000000006
-0.179438,-0.04265606
-0.18051199999999998,-0.041452944000000005
-0.181587,-0.041562316
-0.182661,-0.042327936000000004
-0.18373599999999998,-0.041015444000000005
-0.18481,-0.042109188000000006
-0.185885,-0.042437312000000005
-0.186959,-0.041343564000000006
-0.18803399999999998,-0.041781064
-0.189108,-0.04199981600000001
-0.190183,-0.040796692
-0.19125699999999998,-0.042218564
-0.192332,-0.041671692
-0.193406,-0.040796692
-0.194481,-0.041781064
-0.19555499999999998,-0.041234192
-0.19663,-0.041124816
-0.197704,-0.041781064
-0.19877799999999998,-0.04068732
-0.199853,-0.041124816
-0.19877799999999998,-0.029640494
-0.197704,-0.023843644
-0.19663,-0.021546778000000003
-0.19555499999999998,-0.01935929
-0.194481,-0.016734301000000004
-0.193406,-0.0014895930000000002
-0.192332,-0.0025255880000000005
-0.19125699999999998,-0.0023407890000000002
-0.190183,-0.0015959930000000002
-0.189108,-0.0005543970000000001
-0.18803399999999998,0.000145599
-0.186959,0.001097595
-0.185885,0.002010391
-0.18481,0.0022791900000000004
-0.18373599999999998,0.0030967860000000002
-0.182661,0.0036847830000000005
-0.181587,0.003987182000000001
-0.18051199999999998,0.004709579
-0.179438,0.005135177
-0.178363,0.005364776
-0.177289,0.0060703730000000004
-0.162246,0.010051956
-0.16117199999999998,0.010079956000000001
-0.160097,0.010203155
-0.159023,0.010690353
-0.157948,0.010595153000000001
-0.15687399999999999,0.010880752
-0.155799,0.011255951
-0.154725,0.011216750000000001
-0.15364999999999998,0.011575149
-0.152576,0.011715149000000001
-0.151501,0.011670348
-0.150427,0.012062347000000001
-0.14935199999999998,0.012179947
-0.148278,0.012179947
-0.147203,0.012611144000000001
-0.14612899999999998,0.012611144000000001
-0.145054,0.012644745
-0.14398,0.013036742000000002
-0.142905,0.012913543000000001
-0.14183099999999998,0.013126343000000002
-0.140757,0.013400741
-0.139682,0.013361541000000001
-0.13860799999999998,0.013523940000000002
-0.137533,0.013787139
-0.136459,0.013792739000000002
-0.135384,0.014095138
-0.13430999999999998,0.014263137
-0.133235,0.014139938000000001
-0.132161,0.014576736
-0.13108599999999998,0.014694335000000001
-0.130012,0.014767135
-0.128937,0.015159133
-0.127863,0.015103134000000002
-0.12678799999999998,0.015327132000000002
-0.125714,0.015674332000000003
-0.11067099999999999,0.017600724
-0.109597,0.017499924
-0.108522,0.017723922000000003
-0.107448,0.017914322
-0.106373,0.01778552
-0.10529899999999999,0.01811032
-0.104224,0.01819432
-0.10314999999999999,0.01810472
-0.102075,0.018563918
-0.101001,0.018580718000000003
-0.099926736,0.018591918000000002
-0.098852256,0.018955916
-0.09777777600000001,0.018832716000000003
-0.09670329600000001,0.018989516
-0.095628816,0.019291916000000003
-0.094554336,0.019224714
-0.093479848,0.019420714000000002
-0.092405368,0.019644712
-0.09133089600000001,0.019482314000000004
-0.09025640800000001,0.019790314
-0.08918192800000001,0.019879914000000002
-0.088107448,0.019812714000000002
-0.087032968,0.020159912000000002
-0.08595848,0.020221512
-0.084884,0.020120710000000003
-0.08380952800000001,0.02042311
-0.08273504000000001,0.020333512
-0.08166056000000001,0.02037831
-0.08058607200000001,0.020647110000000003
-0.0795116,0.020518308000000002
-0.07843712,0.020652710000000005
-0.077362632,0.020837508000000005
-0.07628816000000001,0.020641508000000003
-0.07521367200000001,0.020904708
-0.074139192,0.020932708
-0.073064712,0.020792708000000003
-0.071990232,0.021022308
-0.070915752,0.020966308000000003
-0.069841264,0.020927108
-0.068766784,0.021162308
-0.067692312,0.021083906000000003
-0.066617824,0.021055908
-0.065543348,0.021296706000000002
-0.06446886,0.021139908000000002
-0.063394384,0.021246306000000003
-0.062319900000000004,0.021436704
-0.06124542,0.021274306
-0.060170940000000006,0.021481504000000002
-0.05909646,0.021554306000000002
-0.058021976,0.021459104
-0.056947496,0.021722304
-0.055873016000000005,0.021705504000000004
-0.054798532000000004,0.021615906000000004
-0.053724056000000006,0.021884704
-0.052649572000000006,0.021772704
-0.051575092,0.021750304
-0.050500608,0.022007904000000002
-0.049426128,0.021879102000000004
-0.048351648000000004,0.021985504000000003
-0.047277168,0.022091904000000002
-0.046202684,0.021884704
-0.045128204000000005,0.022080704000000003
-0.044053724,0.022136704000000004
-0.04297924,0.021979902
-0.041904764000000004,0.022226302
-0.040830280000000004,0.022181502000000002
-0.0397558,0.022058304
-0.038681316,0.022310302000000004
-0.037606836000000005,0.022181502000000002
-0.036532356,0.022159102000000003
-0.035457876,0.022338302
-0.034383392,0.022198302000000003
-0.033308912,0.022383102000000002
-0.03223443,0.022511902
-0.031159950000000002,0.022327102
-0.030085470000000003,0.0224839
-0.029010988,0.022590302000000003
-0.027936508000000002,0.022433500000000002
-0.026862028000000003,0.022668700000000003
-0.025787546,0.022679900000000003
-0.024713064,0.0225623
-0.023638584,0.022814300000000003
-0.022564102000000003,0.022707900000000003
-0.02148962,0.0226967
-0.020415140000000002,0.0229039
-0.019340658,0.0227471
-0.018266178,0.022870300000000003
-0.017191696,0.023015898000000003
-0.016117215,0.0228367
-0.015042735000000002,0.0229431
-0.013968254000000001,0.023004698000000004
-0.012893773,0.022853498000000003
-0.011819292,0.023060698
-0.01074481,0.023032700000000003
-0.009670329,0.0229151
-0.008595848,0.023139098
-0.007521367,0.023015898000000003
-0.006446886000000001,0.022971098000000002
-0.005372405,0.023167098000000004
-0.004297924,0.023004698000000004
-0.0032234430000000003,0.023027098000000003
-0.002148962,0.023139098
-0.001074481,0.022937498
0.0,0.023183898
0.001074481,0.023195098
0.002148962,0.022982298
0.0032234430000000003,0.023183898
0.004297924,0.023183898
0.005372405,0.023077498000000002
0.006446886000000001,0.023329496
0.007521367,0.023251096000000002
0.008595848,0.023195098
0.009670329,0.023424696000000002
0.01074481,0.023312698
0.011819292,0.023340696
0.012893773,0.023486298000000003
0.013968254000000001,0.023318296000000002
0.015042735000000002,0.023469496000000003
0.016117215,0.023519898
0.030085470000000003,0.023615096000000002
0.031159950000000002,0.023676696000000004
0.03223443,0.023491896
0.033308912,0.023671096000000003
0.034383392,0.023715894
0.035457876,0.023581496
0.036532356,0.023766296
0.037606836000000005,0.023687896000000003
0.038681316,0.023637496
0.0397558,0.023833496000000003
0.040830280000000004,0.023704694000000002
0.041904764000000004,0.023760694000000002
0.04297924,0.023911894000000003
0.044053724,0.023771894000000002
0.045128204000000005,0.023895096
0.046202684,0.023973496
0.047277168,0.023833496000000003
0.048351648000000004,0.023962296
0.049426128,0.024001494
0.06446886,0.024259092000000003
0.065543348,0.024107894
0.066617824,0.024287094000000002
0.067692312,0.024208694
0.068766784,0.024203092000000002
0.069841264,0.024337494000000005
0.070915752,0.024214292000000002
0.071990232,0.024236692
0.073064712,0.024343092
0.074139192,0.024225492
0.07521367200000001,0.024331892
0.07628816000000001,0.024393494
0.077362632,0.024225492
0.07843712,0.024387892
0.0795116,0.024410292000000004
0.08058607200000001,0.024292692
0.08166056000000001,0.024432692000000002
0.08273504000000001,0.024399092
0.08380952800000001,0.024309492000000002
0.106373,0.024275894000000003
0.107448,0.024124694000000002
0.108522,0.024253494
0.109597,0.024270292000000002
0.11067099999999999,0.024147094
0.111746,0.024281492000000002
0.11281999999999999,0.024247892
0.113894,0.024158292
0.11496899999999999,0.024287094000000002
0.116043,0.024219894
0.117118,0.024163894
0.11819199999999999,0.024309492000000002
0.119267,0.024186294000000004
0.12034099999999999,0.024225492
0.121416,0.024275894000000003
0.12248999999999999,0.024130294000000004
0.123565,0.024219894
0.124639,0.024231094
0.125714,0.024085494000000002
0.12678799999999998,0.024225492
0.127863,0.024191892
0.128937,0.024079894
0.130012,0.024219894
0.13108599999999998,0.024107894
0.132161,0.024074294000000003
0.133235,0.024180692
0.13430999999999998,0.024040694
0.135384,0.024068694
0.136459,0.024135894
0.137533,0.024018294000000003
0.13860799999999998,0.024102294
0.139682,0.024119094000000004
0.140757,0.023967894000000003
0.14183099999999998,0.024113494
0.142905,0.024113494
0.14398,0.024023894000000004
0.145054,0.024180692
0.14612899999999998,0.024085494000000002
0.147203,0.024051894
0.148278,0.024225492
0.14935199999999998,0.024096694000000002
0.150427,0.024147094
0.151501,0.024236692
0.152576,0.024079894
0.15364999999999998,0.024186294000000004
0.154725,0.024214292000000002
0.155799,0.024102294
0.15687399999999999,0.024264694
0.157948,0.024203092000000002
0.159023,0.024113494
0.160097,0.024259092000000003
0.16117199999999998,0.024169492
0.162246,0.024107894
0.163321,0.024270292000000002
0.178363,0.024298292
0.179438,0.024180692
0.18051199999999998,0.024219894
0.181587,0.024326294000000002
0.182661,0.024169492
0.18373599999999998,0.024270292000000002
0.18481,0.024303892000000004
0.185885,0.024169492
0.186959,0.024287094000000002
0.18803399999999998,0.024309492000000002
0.189108,0.024180692
0.190183,0.024320692
0.19125699999999998,0.024259092000000003
0.192332,0.024197494000000003
0.193406,0.024315094000000002
0.194481,0.024219894
0.19555499999999998,0.024219894
0.19663,0.024303892000000004
0.197704,0.024147094
0.19877799999999998,0.024219894
0.199853,0.024259092000000003
0.200927,0.024119094000000004
0.202002,0.024225492
0.20307599999999998,0.024186294000000004
0.204151,0.024063094000000004
0.205225,0.024197494000000003
0.20629999999999998,0.024147094
0.207374,0.024057494
0.208449,0.024191892
0.209523,0.024074294000000003
0.21059799999999998,0.024079894
0.211672,0.024197494000000003
0.212747,0.024057494
0.21382099999999998,0.024135894
0.214896,0.024180692
0.21597,0.024051894
0.217045,0.024186294000000004
0.21811899999999998,0.024163894
0.219194,0.024057494
0.220268,0.024191892
0.22134299999999998,0.024124694000000002
0.222417,0.024057494
0.223492,0.024191892
0.224566,0.024074294000000003
0.22564099999999998,0.024096694000000002
0.226715,0.024186294000000004
0.227789,0.024040694
0.22886399999999998,0.024102294
0.22993799999999998,0.024130294000000004
0.231013,0.023979094000000003
0.232087,0.024091094
0.23316199999999998,0.024085494000000002
0.234236,0.023939896000000002
0.235311,0.024074294000000003
0.23638499999999998,0.023995894
0.23745999999999998,0.023928696000000003
0.238534,0.024051894
0.239609,0.023934294000000002
0.24068299999999998,0.023945494
0.241758,0.024035094000000003
0.242832,0.023895096
0.24390699999999998,0.023967894000000003
0.24498099999999998,0.024012694000000005
0.246056,0.023872696
0.24713,0.024001494
0.24820499999999998,0.023990294000000002
0.249279,0.023867094000000002
0.25035399999999997,0.024012694000000005
0.251428,0.023939896000000002
0.26539599999999997,0.023872696
0.266471,0.023805494000000003
0.267545,0.023704694000000002
0.26861999999999997,0.023839094
0.269694,0.023738294
0.270769,0.023699096000000003
0.271843,0.023777496000000002
0.272918,0.023620696000000004
0.273992,0.023665496000000005
0.275067,0.023732696
0.27614099999999997,0.023564696000000003
0.27721599999999996,0.023659896
0.27829,0.023659896
0.279365,0.023531096
0.280439,0.023671096000000003
0.281514,0.023626296
0.282588,0.023542296
0.283663,0.023659896
0.28473699999999996,0.023581496
0.285811,0.023542296
0.286886,0.023654296000000002
0.28796,0.023531096
0.289035,0.023575896000000002
0.290109,0.023620696000000004
0.291184,0.023452698
0.29225799999999996,0.023575896000000002
0.293333,0.023581496
0.294407,0.023452698
0.29548199999999997,0.023592696
0.296556,0.023503096000000005
0.297631,0.023413496000000002
0.298705,0.023536696000000003
0.29978,0.023424696000000002
0.300854,0.023402296000000003
0.301929,0.023525496000000003
0.30300299999999997,0.023368698000000004
0.30407799999999996,0.023391096
0.305152,0.023441498
0.30622699999999997,0.023279098
0.307301,0.023374296000000003
0.308376,0.023363096000000003
0.30945,0.023267898000000002
0.310525,0.023379898000000003
0.31159899999999996,0.023323898000000003
0.312673,0.023239898000000002
0.31374799999999997,0.023357498
0.314822,0.023256698
0.315897,0.023234298
0.316971,0.023335098000000002
0.318046,0.023217498000000003
0.31911999999999996,0.023245498
0.320195,0.023307096000000003
0.32126899999999997,0.023150298
0.32234399999999996,0.023256698
0.323418,0.023239898000000002
0.324493,0.023111098000000004
0.325567,0.023245498
0.326642,0.023183898
0.327716,0.023077498000000002
0.328791,0.023195098
0.32986499999999996,0.023105498000000002
0.33094,0.023055100000000002
0.332014,0.023167098000000004
0.33308899999999997,0.023004698000000004
0.334163,0.023027098000000003
0.335238,0.023094298
0.336312,0.022920698
0.337387,0.023015898000000003
0.338461,0.0230103
0.339536,0.0228591
0.34060999999999997,0.022976700000000003
0.341684,0.0229039
0.342759,0.0227919
0.343833,0.0229431
0.344908,0.022825500000000002
0.345982,0.022763900000000004
0.347057,0.022875898000000002
0.34813099999999997,0.0227471
0.34920599999999996,0.022775100000000003
0.35028,0.0228479
0.351355,0.022707900000000003
0.352429,0.0227695
0.353504,0.0227919
0.354578,0.022668700000000003
0.355653,0.0228031
0.35672699999999996,0.0227415
0.357802,0.022635100000000002
0.358876,0.022763900000000004
0.35995099999999997,0.022668700000000003
0.361025,0.022623900000000002
0.3621,0.0227415
0.363174,0.022612702000000002
0.364249,0.022635100000000002
0.365323,0.022679900000000003
0.366398,0.022545502000000002
0.36747199999999997,0.0226071
0.368546,0.0226183
0.369621,0.0224783
0.370695,0.022612702000000002
0.37177,0.022551100000000004
0.372844,0.022439102000000002
0.373919,0.022579102000000004
0.37499299999999997,0.022450302000000002
0.37606799999999996,0.022405502
0.377142,0.022517500000000003
0.37821699999999997,0.022399900000000004
0.409377,0.021856704
0.41045099999999995,0.021929504000000002
0.411526,0.021767104000000002
0.41259999999999997,0.021845504
0.41367499999999996,0.021845504
0.414749,0.021694306
0.41582399999999997,0.021811904000000003
0.416898,0.021778304000000002
0.417973,0.021683106
0.419047,0.021811904000000003
0.420122,0.021744704000000004
0.42119599999999996,0.021683106
0.422271,0.021823104000000003
0.42334499999999997,0.021699904000000002
0.42441999999999996,0.021733504
0.425494,0.021828704
0.426568,0.021677504
0.427643,0.021761504
0.42871699999999996,0.021817504
0.44268599999999997,0.022030302
0.44376,0.022097502
0.444835,0.022019102000000002
0.445909,0.022175902
0.446984,0.022237502
0.44805799999999996,0.022170302000000003
0.449133,0.022360702000000003
0.45020699999999997,0.022355100000000003
0.45128199999999996,0.022360702000000003
0.452356,0.022579102000000004
0.45343,0.022567902
0.454505,0.0226407
0.45557899999999996,0.022831098
0.456654,0.022808698000000002
0.45772799999999997,0.0229543
0.45880299999999996,0.023088698
0.459877,0.023077498000000002
0.460952,0.023290298
0.462026,0.023402296000000003
0.463101,0.023424696000000002
0.464175,0.023687896000000003
0.46525,0.023777496000000002
0.46632399999999996,0.023833496000000003
0.46739899999999995,0.024107894
0.468473,0.024163894
0.46954799999999997,0.024309492000000002
0.470622,0.024589492
0.471697,0.024639892000000004
0.472771,0.024875090000000002
0.473846,0.025093490000000003
0.47491999999999995,0.025166288000000002
0.475995,0.025485488000000004
0.47706899999999997,0.025681486000000003
0.47814399999999996,0.025787888000000002
0.479218,0.026151886000000003
0.48029299999999997,0.026342284000000004
0.481367,0.026515882
0.48244099999999995,0.026919082
0.483516,0.02712068
0.48458999999999997,0.027367078
0.48566499999999996,0.027781478000000002
0.486739,0.027966276
0.48781399999999997,0.028324676000000003
0.488888,0.028711074000000003
0.489963,0.028923872000000003
0.491037,0.029377470000000003
0.492112,0.029763868000000002
0.49318599999999996,0.029993466000000007
0.49426099999999995,0.030525464
0.49533499999999997,0.030867064000000003
0.49640999999999996,0.031186262000000003
0.497484,0.03172946
0.498559,0.032093458000000005
0.499633,0.032502258000000006
0.5007079999999999,0.033079056
0.501782,0.033420652
0.502857,0.033930248
0.503931,0.034473448000000004
0.505006,0.03485984400000001
0.50608,0.035464644000000003
0.507155,0.035996644
0.5082289999999999,0.03642784
0.509304,0.037116636
0.510378,0.037637436
0.511452,0.038124632
0.512527,0.038841428000000004
0.513601,0.039379024000000006
0.514676,0.039961424
0.5157499999999999,0.04073982
0.516825,0.04127182
0.517899,0.041955016000000005
0.5189739999999999,0.042711012
0.520048,0.04325421200000001
0.521123,0.04402140400000001
0.522197,0.044760604
0.523272,0.04533740000000001
0.524346,0.046177396
0.525421,0.046854992000000005
0.5264949999999999,0.047448592000000005
0.52757,0.048277388
0.528644,0.048887784000000004
0.5297189999999999,0.049453384
0.530793,0.049765404000000006
0.531868,0.050421652000000004
0.532942,0.050749776
0.534017,0.05206226800000001
0.535091,0.052937268
0.5361659999999999,0.05348414
0.5372399999999999,0.054906008000000006
0.538314,0.055562252000000006
0.539389,0.056656
0.540463,0.057968492
0.541538,0.05862474000000001
0.542612,0.059827856000000006
0.5436869999999999,0.06114035200000001
0.5447609999999999,0.061577852
0.545836,0.06321846800000001
0.54691,0.06431221200000001
0.5479849999999999,0.064859088
0.549059,0.066609076
0.550134,0.06770282400000001
0.5512079999999999,0.068359072
0.552283,0.070109064
0.566251,0.08531212
0.567326,0.08706211200000001
0.5684,0.08804648
0.5694739999999999,0.08914023200000001
0.570549,0.090890224
0.571623,0.09165584000000002
0.5726979999999999,0.093077712
0.573772,0.09460896
0.574847,0.09526520000000001
0.575921,0.09701519200000001
0.576996,0.09832768800000001
0.57807,0.09898393600000001
0.579145,0.100843
0.5802189999999999,0.102046
0.581294,0.102921
0.582368,0.10478
0.5834429999999999,0.105655
0.584517,0.106968
0.585592,0.108608
0.6199749999999999,0.152358
0.62105,0.154327
0.622124,0.156186
0.6231979999999999,0.157061
0.624273,0.159249
0.625347,0.160671
0.6264219999999999,0.162093
0.6274959999999999,0.16427999999999998
0.628571,0.165702
0.629645,0.167124
0.63072,0.169421
0.631794,0.170733
0.632869,0.172483
0.6339429999999999,0.174561
0.635018,0.17576399999999998
0.636092,0.178061
0.6371669999999999,0.18003
0.638241,0.18134199999999998
0.639316,0.183639
0.64039,0.185608
0.641465,0.18703
0.642539,0.189655
0.643614,0.191296
0.6446879999999999,0.193046
0.645763,0.19556099999999998
0.646837,0.197092
0.6479119999999999,0.19927999999999998
0.648986,0.20179499999999997
0.650061,0.203436
0.651135,0.205842
0.6522089999999999,0.208358
0.653284,0.209999
0.654358,0.212733
0.6554329999999999,0.21492
0.656507,0.21677999999999997
0.657582,0.219733
0.658656,0.22202999999999998
0.659731,0.223999
0.660805,0.22695200000000001
0.66188,0.22891999999999998
0.6629539999999999,0.231545
0.664029,0.23449799999999998
0.665103,0.23646699999999998
0.6661779999999999,0.23942000000000002
0.667252,0.242373
0.668327,0.244452
0.669401,0.24740499999999999
0.670476,0.250467
0.67155,0.252764
0.6726249999999999,0.255936
0.6736989999999999,0.25866999999999996
0.674774,0.261295
0.675848,0.26468600000000003
0.689816,0.306029
0.6908909999999999,0.309967
0.6919649999999999,0.31324799999999997
0.69304,0.316748
0.694114,0.32090399999999997
0.695189,0.323857
0.696263,0.327686
0.697338,0.331951
0.6984119999999999,0.33490400000000003
0.699487,0.33916999999999997
0.700561,0.343107
0.7016359999999999,0.346498
0.70271,0.35098199999999996
0.703785,0.35480999999999996
0.704859,0.35830999999999996
0.705934,0.36301399999999995
0.707008,0.366732
0.708083,0.37066999999999994
0.7091569999999999,0.37537299999999996
0.710231,0.378982
0.711306,0.383357
0.71238,0.387951
0.713455,0.39156
0.714529,0.39626300000000003
0.715604,0.400748
0.7166779999999999,0.404466
0.717753,0.40949800000000003
0.718827,0.413873
0.7199019999999999,0.417701
0.720976,0.42284099999999997
0.722051,0.426998
0.723125,0.431263
0.7242,0.43640399999999996
0.725274,0.44034100000000004
0.726349,0.44493499999999997
0.7274229999999999,0.449966
0.728498,0.453685
0.729572,0.458716
0.7306469999999999,0.463638
0.731721,0.467576
0.732796,0.47260699999999994
0.7338699999999999,0.47709100000000004
0.734945,0.481138
0.736019,0.48649699999999996
0.737093,0.49065400000000003
0.7381679999999999,0.495029
0.739242,0.500169
0.740317,0.504107
0.7413909999999999,0.50881
0.742466,0.513732
0.74354,0.517669
0.7446149999999999,0.5225909999999999
0.7456889999999999,0.5272939999999999
0.746764,0.531122
0.747838,0.536153
0.7489129999999999,0.540419
0.749987,0.544356
0.751062,0.549497
0.7521359999999999,0.5533250000000001
0.753211,0.557263
0.754285,0.562185
0.7553599999999999,0.565794
0.7564339999999999,0.5701689999999999
0.757509,0.5748719999999999
0.758583,0.578153
0.7596579999999999,0.5825279999999999
0.760732,0.5869030000000001
0.761807,0.589966
0.7628809999999999,0.5945590000000001
0.7639549999999999,0.598497
0.76503,0.6014499999999999
0.766104,0.6060439999999999
0.7671789999999999,0.609434
0.768253,0.612606
0.769328,0.616872
0.7704019999999999,0.619715
0.771477,0.6231059999999999
0.772551,0.627044
0.7736259999999999,0.62945
0.7746999999999999,0.63295
0.775775,0.63634
0.776849,0.638419
0.777924,0.641809
0.778998,0.644872
0.780073,0.64695
0.7811469999999999,0.65034
0.782222,0.652528
0.783296,0.6547149999999999
0.7843709999999999,0.657559
0.785445,0.659418
0.78652,0.661497
0.787594,0.6642309999999999
0.788669,0.665215
0.789743,0.667512
0.7908179999999999,0.669918
0.7918919999999999,0.670793
0.792967,0.6729809999999999
0.794041,0.674512
0.795115,0.675168
0.79619,0.677028
0.797264,0.678121
0.7983389999999999,0.678668
0.7994129999999999,0.68009
0.800488,0.680528
0.801562,0.681075
0.8026369999999999,0.6822779999999999
0.803711,0.68195
0.804786,0.682606
0.8058599999999999,0.683481
0.806935,0.6827150000000001
0.808009,0.683481
0.8090839999999999,0.6835899999999999
0.8101579999999999,0.682496
0.811233,0.6831529999999999
0.812307,0.682387
0.8133819999999999,0.681621
0.814456,0.681731
0.815531,0.6806369999999999
0.8166049999999999,0.679762
0.81768,0.679653
0.818754,0.677903
0.8198289999999999,0.6772459999999999
0.852063,0.618184
0.8531369999999999,0.615997
0.854212,0.613919
0.855286,0.610528
0.8563609999999999,0.608778
0.857435,0.606372
0.85851,0.603309
0.859584,0.6014499999999999
0.860659,0.598934
0.861733,0.595872
0.8628079999999999,0.594122
0.8638819999999999,0.5909500000000001
0.864957,0.588544
0.866031,0.5867939999999999
0.8671059999999999,0.583403
0.86818,0.5814339999999999
0.869255,0.579356
0.8703289999999999,0.5761839999999999
0.871404,0.5744339999999999
0.886446,0.544138
0.887521,0.542388
0.8885949999999999,0.539763
0.88967,0.538778
0.890744,0.536919
0.8918189999999999,0.534732
0.8928929999999999,0.533528
0.893968,0.5315599999999999
0.895042,0.529919
0.8961169999999999,0.5289349999999999
0.897191,0.526857
0.898266,0.5256529999999999
0.8993399999999999,0.524778
0.900415,0.522482
0.901489,0.5219349999999999
0.9025639999999999,0.520732
0.9036379999999999,0.518872
0.904713,0.518325
0.905787,0.517232
0.9068609999999999,0.5155909999999999
0.907936,0.515482
0.90901,0.514169
0.9100849999999999,0.512966
0.9111589999999999,0.512857
0.912234,0.5115439999999999
0.913308,0.511107
0.914383,0.510888
0.915457,0.509575
0.916532,0.509575
0.9176059999999999,0.509138
0.918681,0.5081530000000001
0.919755,0.5087
0.9208299999999999,0.5081530000000001
0.921904,0.507607
0.922979,0.5079349999999999
0.924053,0.5074970000000001
0.925128,0.507607
0.926202,0.5081530000000001
0.9272769999999999,0.5074970000000001
0.9283509999999999,0.5081530000000001
0.929426,0.50881
0.9305,0.5083719999999999
0.9315749999999999,0.5093570000000001
0.932649,0.510013
0.933724,0.5096849999999999
0.9347979999999999,0.511107
0.9358719999999999,0.511653
0.936947,0.511763
0.938021,0.5132939999999999
0.9390959999999999,0.513841
0.94017,0.514497
0.941245,0.516138
0.9423189999999999,0.516466
0.943394,0.517888
0.944468,0.519857
0.9455429999999999,0.5204030000000001
0.9466169999999999,0.522044
0.947692,0.5240130000000001
0.948766,0.524778
0.9498409999999999,0.527185
0.950915,0.5287160000000001
0.95199,0.530028
0.9530639999999999,0.532981
0.954139,0.534513
0.955213,0.5362629999999999
0.9562879999999999,0.539216
0.9573619999999999,0.540856
0.958437,0.5433720000000001
0.959511,0.546544
0.9605859999999999,0.548294
0.96166,0.551356
0.962735,0.554528
0.9638089999999999,0.556388
0.9648829999999999,0.5602159999999999
0.965958,0.563278
0.967032,0.565794
0.9681069999999999,0.56995
0.969181,0.573013
0.970256,0.5765129999999999
0.9713299999999999,0.580669
0.972405,0.5839500000000001
0.973479,0.587888
0.9745539999999999,0.592372
0.9756279999999999,0.595653
0.976703,0.600356
0.977777,0.6051690000000001
0.9788519999999999,0.608778
0.979926,0.614247
0.9810009999999999,0.61895
0.9820749999999999,0.623325
0.98315,0.6290119999999999
0.984224,0.633825
0.9852989999999999,0.638856
0.9863729999999999,0.645309
0.987448,0.65034
0.9885219999999999,0.656137
0.989597,0.662809
0.990671,0.66784
0.991745,0.6746219999999999
0.9928199999999999,0.681403
0.9938939999999999,0.686981
0.994969,0.694746
0.9960429999999999,0.701418
0.997118,0.707981
0.998192,0.716293
0.9992669999999999,0.723184
1.000341,0.730293
1.0014159999999999,0.7388239999999999
1.0024899999999999,0.7460429999999999
1.003565,0.754246
1.004639,0.763106
1.005714,0.770543
1.006788,0.779621
1.007863,0.788808
1.008937,0.7963549999999999
1.010012,0.806746
1.011086,0.815824
1.0121609999999999,0.824574
1.0132349999999999,0.835293
1.01431,0.844699
1.015384,0.854433
1.016459,0.865371
1.017533,0.874996
1.018608,0.885824
1.019682,0.897308
1.020756,0.9070419999999999
1.021831,0.919183
1.022905,0.930667
1.02398,0.941386
1.025054,0.9541830000000001
1.0261289999999998,0.965886
1.0272029999999999,0.977808
1.028278,0.9907140000000001
1.029352,1.002964
1.030427,1.015214
1.031501,1.0294320000000001
1.032576,1.041682
1.03365,1.055464
1.034725,1.07012
1.035799,1.08237
1.0368739999999999,1.097245
1.0379479999999999,1.1123379999999998
1.039023,1.125245
1.040097,1.140994
1.041172,1.156526
1.042246,1.170963
1.043321,1.187807
1.044395,1.203119
1.04547,1.218432
1.046544,1.2354939999999999
1.047618,1.251025
1.0486929999999999,1.2672130000000001
1.049767,1.285588
1.050842,1.301556
1.0519159999999999,1.319275
1.052991,1.33765
1.054065,1.354493
1.05514,1.373743
1.056214,1.392337
1.057289,1.410274
1.058363,1.430837
1.0594379999999999,1.449649
1.060512,1.468462
1.061587,1.490118
1.0626609999999999,1.509368
1.063736,1.52993
1.06481,1.552243
1.065885,1.5723669999999998
1.066959,1.59468
1.068034,1.61743
1.069108,1.637773
1.0701829999999999,1.661617
1.071257,1.684586
1.0723319999999998,1.706679
1.0734059999999999,1.731835
1.074481,1.755023
1.075555,1.778867
1.076629,1.8048980000000001
1.077704,1.8296160000000001
1.078778,1.8547719999999999
1.079853,1.8818970000000002
1.080927,1.906835
1.082002,1.934178
1.083076,1.963928
1.0841509999999999,1.988866
1.0852249999999999,2.018616
1.0863,2.0479279999999997
1.0873739999999998,2.07549
1.088449,2.10699
1.089523,2.137615
1.090598,2.1673649999999998
1.091672,2.19449
1.092747,2.165177
1.093821,2.154678
1.0948959999999999,2.141552
1.0959699999999999,2.129303
1.097045,2.126678
1.0981189999999998,2.1144279999999998
1.099194,2.106553
1.100268,2.1043649999999996
1.101343,2.091678
1.102417,2.085115
1.103492,2.0816149999999998
1.104566,2.069803
1.1056409999999999,2.065865
1.106715,2.060615
1.123907,1.9634909999999999
1.124981,1.9569279999999998
1.126056,1.948178
1.12713,1.948616
1.128205,1.9398659999999996
1.129279,1.933741
1.1303539999999999,1.932866
1.1314279999999999,1.9232410000000002
1.132503,1.9193029999999998
1.133577,1.917991
1.134652,1.9079279999999998
1.135726,1.905741
1.1368,1.902678
1.137875,1.893054
1.138949,1.893054
1.140024,1.887804
1.141098,1.879929
1.1421729999999999,1.880804
1.143247,1.873804
1.1443219999999998,1.867241
1.1453959999999999,1.8681159999999999
1.146471,1.8598039999999998
1.147545,1.855429
1.14862,1.855429
1.149694,1.8462409999999998
1.150769,1.844491
1.151843,1.842741
1.1529179999999999,1.833116
1.153992,1.833991
1.1550669999999998,1.8296160000000001
1.1561409999999999,1.8217409999999998
1.157216,1.823491
1.15829,1.8173659999999998
1.159365,1.811679
1.160439,1.812991
1.1776309999999999,1.754367
1.178705,1.755679
1.17978,1.747804
1.1808539999999998,1.746929
1.181929,1.746054
1.183003,1.737742
1.184078,1.739054
1.185152,1.735992
1.186227,1.7289919999999999
1.187301,1.7311789999999998
1.1883759999999999,1.726804
1.18945,1.721117
1.190525,1.723742
1.1915989999999999,1.7171789999999998
1.1926729999999999,1.714117
1.193748,1.7154289999999999
1.194822,1.707554
1.195897,1.707117
1.196971,1.706679
1.198046,1.6992420000000001
1.19912,1.700554
1.200195,1.697929
1.201269,1.6918039999999999
1.2023439999999999,1.693554
1.2034179999999999,1.68918
1.204493,1.6843670000000002
1.205567,1.6865539999999999
1.206642,1.680867
1.207716,1.677805
1.208791,1.679992
1.209865,1.6721169999999999
1.21094,1.6716799999999998
1.212014,1.6721169999999999
1.2130889999999999,1.664242
1.2141629999999999,1.665992
1.23028,1.617867
1.231355,1.613492
1.232429,1.61043
1.233504,1.60868
1.234578,1.603867
1.235653,1.6012419999999998
1.236727,1.5999299999999999
1.2378019999999998,1.59468
1.2388759999999999,1.59293
1.239951,1.589867
1.241025,1.5859299999999998
1.2421,1.58418
1.243174,1.581117
1.244249,1.57718
1.245323,1.576305
1.246397,1.5719299999999998
1.247472,1.569305
1.248546,1.567555
1.2496209999999999,1.563618
1.250695,1.5614299999999999
1.25177,1.55968
1.2528439999999998,1.555305
1.253919,1.553993
1.254993,1.551368
1.256068,1.547868
1.257142,1.5461179999999999
1.258217,1.543493
1.259291,1.539993
1.2603659999999999,1.5391179999999998
1.26144,1.53518
1.262515,1.532555
1.2635889999999999,1.53168
1.264664,1.5281799999999999
1.265738,1.525993
1.266813,1.5242429999999998
1.267887,1.519868
1.268962,1.5185549999999999
1.28293,1.488368
1.284004,1.487055
1.2850789999999999,1.4853049999999999
1.2861529999999999,1.482243
1.287228,1.4813679999999998
1.2883019999999998,1.47918
1.289377,1.4756799999999999
1.290451,1.475243
1.291526,1.47218
1.2926,1.469555
1.293675,1.469118
1.294749,1.465618
1.2958239999999999,1.463868
1.2968979999999999,1.462993
1.297973,1.459493
1.2990469999999998,1.458181
1.300122,1.4568679999999998
1.301196,1.453806
1.30227,1.452931
1.303345,1.4507430000000001
1.304419,1.448118
1.305494,1.447681
1.306568,1.445056
1.3076429999999999,1.442868
1.308717,1.442431
1.3097919999999998,1.438931
1.3108659999999999,1.4376179999999998
1.311941,1.436743
1.313015,1.433681
1.31409,1.432368
1.315164,1.431056
1.316239,1.428431
1.317313,1.427556
1.318388,1.425368
1.319462,1.422743
1.3205369999999998,1.4223059999999998
1.3216109999999999,1.420118
1.322686,1.418368
1.336654,1.396931
1.337728,1.3947429999999998
1.338803,1.3943059999999998
1.339877,1.392118
1.340952,1.390368
1.342026,1.390368
1.3431009999999999,1.386868
1.344175,1.386431
1.3452499999999998,1.3851179999999998
1.3463239999999999,1.382056
1.347399,1.382056
1.348473,1.3803059999999998
1.349548,1.3776810000000002
1.350622,1.3776810000000002
1.351697,1.375931
1.352771,1.373306
1.3538459999999999,1.373306
1.35492,1.371118
1.3559949999999998,1.369368
1.3570689999999999,1.369368
1.358144,1.3667429999999998
1.359218,1.3658679999999999
1.360293,1.364993
1.361367,1.362368
1.362441,1.361931
1.363516,1.360181
1.36459,1.358431
1.365665,1.357993
1.366739,1.3562429999999999
1.3678139999999999,1.354493
1.3688879999999999,1.354493
1.369963,1.3518679999999998
1.3710369999999998,1.3505559999999999
1.372112,1.3501180000000002
1.373186,1.347494
1.374261,1.346618
1.375335,1.346181
1.37641,1.343994
1.377484,1.343119
1.3785589999999999,1.3422429999999999
1.3796329999999999,1.339619
1.380708,1.340056
1.3817819999999998,1.337869
1.382857,1.3361189999999998
1.383931,1.335681
1.385006,1.333931
1.38608,1.332181
1.387155,1.332181
1.388229,1.329556
1.3893039999999999,1.328681
1.390378,1.328681
1.3914529999999998,1.326056
1.3925269999999998,1.326056
1.3936009999999999,1.325181
1.394676,1.3221189999999998
1.39575,1.3221189999999998
1.396825,1.320806
1.397899,1.318619
1.398974,1.319056
1.400048,1.316869
1.401123,1.315119
1.402197,1.315119
1.4032719999999999,1.312931
1.4043459999999999,1.312056
1.405421,1.3116189999999999
1.4064949999999998,1.309431
1.40757,1.308994
1.408644,1.3085559999999998
1.409719,1.3059310000000002
1.410793,1.3059310000000002
1.411868,1.304619
1.412942,1.302869
1.4140169999999999,1.302869
1.4150909999999999,1.300681
1.416166,1.299369
1.4172399999999998,1.299806
1.418315,1.297181
1.419389,1.296744
1.420463,1.296744
1.421538,1.294119
1.422612,1.2936809999999999
1.423687,1.2932439999999998
1.424761,1.291056
1.4258359999999999,1.2906190000000002
1.42691,1.289744
1.4279849999999998,1.287556
1.4290589999999999,1.287994
1.430134,1.285806
1.431208,1.284494
1.432283,1.285369
1.433357,1.283181
1.434432,1.282306
1.435506,1.281869
1.4365809999999999,1.2796809999999998
1.437655,1.2792439999999998
1.4387299999999998,1.2788059999999999
1.4398039999999999,1.276619
1.440879,1.277056
1.441953,1.275744
1.443028,1.2731190000000001
1.444102,1.2735560000000001
1.445177,1.272244
1.446251,1.270931
1.447325,1.271369
1.4484,1.269181
1.449474,1.267869
1.4505489999999999,1.267869
1.4516229999999999,1.266119
1.452698,1.2656809999999998
1.4537719999999998,1.2652439999999998
1.454847,1.262619
1.455921,1.263056
1.456996,1.262181
1.45807,1.259994
1.459145,1.260431
1.460219,1.259119
1.4612939999999999,1.257369
1.462368,1.258244
1.4634429999999998,1.255619
1.4645169999999998,1.254744
1.465592,1.2551809999999999
1.466666,1.252994
1.467741,1.252556
1.468815,1.252556
1.46989,1.2503689999999998
1.470964,1.2503689999999998
1.4720389999999999,1.2494939999999999
1.473113,1.247306
1.474187,1.248182
1.4752619999999999,1.246431
1.4763359999999999,1.245119
1.477411,1.245994
1.4784849999999998,1.243806
1.47956,1.242931
1.480634,1.242931
1.481709,1.240744
1.482783,1.240307
1.483858,1.240307
1.484932,1.238119
1.4860069999999999,1.238119
1.4870809999999999,1.237244
1.488156,1.2354939999999999
1.4892299999999998,1.235932
1.490305,1.234619
1.491379,1.232869
1.492454,1.233744
1.493528,1.231557
1.494603,1.230682
1.495677,1.231119
1.4967519999999999,1.228931
1.4978259999999999,1.228494
1.498901,1.228057
1.4999749999999998,1.226307
1.498901,1.226307
1.4978259999999999,1.225432
1.4967519999999999,1.224119
1.495677,1.224119
1.494603,1.223244
1.493528,1.2214939999999999
1.492454,1.2223689999999998
1.491379,1.2201819999999999
1.490305,1.219744
1.4892299999999998,1.219744
1.488156,1.217994
1.4870809999999999,1.217119
1.4860069999999999,1.217557
1.484932,1.2153690000000001
1.483858,1.2153690000000001
1.482783,1.2149320000000001
1.481709,1.213182
1.480634,1.213619
1.47956,1.212744
1.4784849999999998,1.2105569999999999
1.477411,1.211432
1.4763359999999999,1.210119
1.4752619999999999,1.208807
1.474187,1.209244
1.473113,1.2074939999999998
1.4720389999999999,1.2066189999999999
1.470964,1.2070569999999998
1.46989,1.204869
1.468815,1.204869
1.467741,1.204432
1.466666,1.202682
1.465592,1.2035569999999998
1.4645169999999998,1.202244
1.4634429999999998,1.200494
1.462368,1.2013690000000001
1.4612939999999999,1.199619
1.460219,1.198744
1.459145,1.199182
1.45807,1.196994
1.456996,1.196557
1.455921,1.196557
1.454847,1.194369
1.4537719999999998,1.194807
1.452698,1.194369
1.4516229999999999,1.1926189999999999
1.4505489999999999,1.1926189999999999
1.449474,1.1921819999999999
1.4484,1.190432
1.447325,1.190869
1.446251,1.1899939999999998
1.445177,1.1886819999999998
1.444102,1.189119
1.443028,1.1873690000000001
1.441953,1.186932
1.440879,1.186932
1.4398039999999999,1.184744
1.4387299999999998,1.185182
1.437655,1.184307
1.4365809999999999,1.1829939999999999
1.435506,1.183869
1.434432,1.182557
1.433357,1.180807
1.432283,1.181682
1.431208,1.180369
1.430134,1.179057
1.4290589999999999,1.179494
1.4279849999999998,1.177744
1.42691,1.1773069999999999
1.4258359999999999,1.177744
1.424761,1.175994
1.423687,1.175994
1.422612,1.175994
1.421538,1.173807
1.420463,1.174244
1.419389,1.173807
1.418315,1.171619
1.4172399999999998,1.1724940000000001
1.416166,1.170744
1.4150909999999999,1.169869
1.4140169999999999,1.170744
1.412942,1.168994
1.411868,1.168557
1.410793,1.168994
1.409719,1.166807
1.408644,1.166807
1.40757,1.166807
1.4064949999999998,1.1646189999999998
1.405421,1.165057
1.4043459999999999,1.1646189999999998
1.4032719999999999,1.162869
1.402197,1.163744
1.401123,1.161994
1.400048,1.1611189999999998
1.398974,1.161557
1.397899,1.1598069999999998
1.396825,1.159369
1.39575,1.160244
1.394676,1.1580570000000001
1.3936009999999999,1.1580570000000001
1.3925269999999998,1.1580570000000001
1.3914529999999998,1.155869
1.390378,1.156307
1.3893039999999999,1.156307
1.388229,1.154119
1.387155,1.154994
1.38608,1.153682
1.385006,1.152369
1.383931,1.153244
1.382857,1.151494
1.3817819999999998,1.151057
1.380708,1.151494
1.3796329999999999,1.1497439999999999
1.3785589999999999,1.1497439999999999
1.377484,1.1497439999999999
1.37641,1.147994
1.375335,1.148432
1.374261,1.147557
1.373186,1.1458069999999998
1.372112,1.1471189999999998
1.3710369999999998,1.1458069999999998
1.369963,1.1444940000000001
1.3688879999999999,1.144932
1.3678139999999999,1.143619
1.366739,1.142744
1.365665,1.143619
1.36459,1.141432
1.363516,1.141432
1.362441,1.141432
1.361367,1.139682
1.360293,1.140557
1.359218,1.139682
1.358144,1.138369
1.3570689999999999,1.138807
1.3559949999999998,1.137494
1.35492,1.136182
1.3538459999999999,1.137494
1.352771,1.1357439999999999
1.351697,1.1353069999999998
1.350622,1.1357439999999999
1.349548,1.133994
1.348473,1.133557
1.347399,1.133994
1.3463239999999999,1.1322439999999998
1.3452499999999998,1.132682
1.344175,1.1318069999999998
1.3431009999999999,1.1304949999999998
1.342026,1.1309319999999998
1.340952,1.1296190000000002
1.339877,1.128745
1.338803,1.130057
1.337728,1.128307
1.336654,1.127432
1.3355789999999998,1.127869
1.3345049999999998,1.126119
1.33343,1.126557
1.3323559999999999,1.118682
1.317313,1.11912
1.316239,1.11737
1.315164,1.11737
1.31409,1.1169319999999998
1.313015,1.1151820000000001
1.311941,1.1164949999999998
1.3108659999999999,1.1156199999999998
1.3097919999999998,1.1143070000000002
1.308717,1.114745
1.3076429999999999,1.113432
1.306568,1.112995
1.305494,1.113432
1.304419,1.111682
1.303345,1.111682
1.30227,1.11212
1.301196,1.11037
1.300122,1.11037
1.2990469999999998,1.11037
1.297973,1.108182
1.2968979999999999,1.109057
1.2958239999999999,1.108182
1.294749,1.10687
1.293675,1.108182
1.2926,1.1059949999999998
1.291526,1.105557
1.290451,1.1064319999999999
1.289377,1.104682
1.2883019999999998,1.1051199999999999
1.287228,1.105557
1.2861529999999999,1.10337
1.2850789999999999,1.103807
1.284004,1.10337
1.28293,1.1016199999999998
1.281855,1.102495
1.280781,1.1016199999999998
1.267887,1.095057
1.266813,1.095495
1.265738,1.095057
1.264664,1.093745
1.2635889999999999,1.094182
1.262515,1.093307
1.26144,1.09287
1.2603659999999999,1.093307
1.259291,1.0915569999999999
1.258217,1.0911199999999999
1.257142,1.0915569999999999
1.256068,1.090245
1.254993,1.090245
1.253919,1.090245
1.2528439999999998,1.0889319999999998
1.25177,1.08937
1.250695,1.088495
1.2496209999999999,1.087182
1.248546,1.0880569999999998
1.234578,1.08062
1.233504,1.081932
1.232429,1.081057
1.231355,1.080182
1.23028,1.080182
1.229206,1.07887
1.2281309999999999,1.078432
1.2270569999999998,1.07887
1.225982,1.0775569999999999
1.2249079999999999,1.0775569999999999
1.223833,1.0775569999999999
1.222759,1.075807
1.221684,1.076682
1.22061,1.076245
1.219535,1.074495
1.218461,1.07537
1.217387,1.074495
1.2163119999999998,1.0736199999999998
1.215238,1.074495
1.2141629999999999,1.067932
1.200195,1.068807
1.19912,1.067057
1.198046,1.06662
1.196971,1.067057
1.195897,1.065745
1.194822,1.065745
1.193748,1.066182
1.1926729999999999,1.063995
1.1915989999999999,1.06487
1.190525,1.064432
1.18945,1.062682
1.1883759999999999,1.063995
1.187301,1.062682
1.186227,1.06137
1.185152,1.062682
1.184078,1.06137
1.183003,1.060932
1.181929,1.06137
1.1808539999999998,1.05962
1.17978,1.0600569999999998
1.178705,1.060495
1.1776309999999999,1.058307
1.176556,1.0591819999999998
1.175482,1.0587449999999998
1.174407,1.0574320000000001
1.173333,1.0578699999999999
1.172258,1.0569950000000001
1.171184,1.0561200000000002
1.1701089999999998,1.0569950000000001
1.169035,1.055682
1.1679599999999999,1.054807
1.1668859999999999,1.055245
1.165811,1.05437
1.164737,1.05437
1.163663,1.054807
1.162588,1.053057
1.161514,1.053057
1.160439,1.053495
1.159365,1.051307
1.15829,1.0526200000000001
1.157216,1.051745
1.1561409999999999,1.049995
1.1550669999999998,1.051307
1.153992,1.050432
1.1529179999999999,1.049995
1.151843,1.050432
1.150769,1.048682
1.149694,1.048682
1.14862,1.04912
1.147545,1.047807
1.146471,1.047807
1.1453959999999999,1.047807
1.1443219999999998,1.046495
1.115311,1.03687
1.114236,1.035557
1.113162,1.03687
1.112087,1.035995
1.111013,1.0342449999999999
1.1099379999999999,1.035557
1.1088639999999998,1.0342449999999999
1.107789,1.03337
1.106715,1.0342449999999999
1.1056409999999999,1.032932
1.104566,1.032932
1.103492,1.032932
1.102417,1.03162
1.101343,1.032057
1.100268,1.032057
1.099194,1.0193699999999999
1.0981189999999998,0.9988080000000001
1.097045,0.978245
1.0959699999999999,0.9568079999999999
1.0948959999999999,0.93887
1.093821,0.918308
1.092747,0.899495
1.091672,0.881996
1.090598,0.8636210000000001
1.089523,0.8465579999999999
1.088449,0.8299329999999999
1.0873739999999998,0.812433
1.0863,0.796683
1.0852249999999999,0.780934
1.0841509999999999,0.764309
1.083076,0.750309
1.082002,0.7354339999999999
1.080927,0.7201209999999999
1.079853,0.706996
1.078778,0.692996
1.077704,0.678559
1.076629,0.666309
1.075555,0.652747
1.074481,0.640497
1.0734059999999999,0.628247
1.0723319999999998,0.615559
1.071257,0.6037469999999999
1.0701829999999999,0.592809
1.069108,0.580559
1.068034,0.570059
1.066959,0.5591219999999999
1.065885,0.548185
1.06481,0.538122
1.063736,0.527622
1.0626609999999999,0.517122
1.061587,0.5079349999999999
1.060512,0.497872
1.0594379999999999,0.488247
1.04547,0.381935
1.044395,0.37449799999999994
1.043321,0.367935
1.042246,0.360498
1.041172,0.353498
1.040097,0.347373
1.039023,0.339935
1.0379479999999999,0.33381099999999997
1.0368739999999999,0.328123
1.035799,0.321123
1.034725,0.315436
1.03365,0.30974799999999997
1.032576,0.303186
1.031501,0.297498
1.030427,0.291373
1.029352,0.285686
1.028278,0.280873
1.0272029999999999,0.274748
1.0261289999999998,0.26949799999999996
1.025054,0.26468600000000003
1.02398,0.258561
1.022905,0.25374800000000003
1.021831,0.248936
1.020756,0.24324800000000002
1.019682,0.238873
1.018608,0.23449799999999998
1.017533,0.228811
1.016459,0.22487300000000002
1.015384,0.220061
1.01431,0.215249
1.0132349999999999,0.211749
1.0121609999999999,0.206499
1.011086,0.202124
1.010012,0.198624
1.008937,0.19381099999999998
1.007863,0.189874
1.006788,0.186374
1.005714,0.181999
1.004639,0.178499
1.003565,0.174561
1.0024899999999999,0.17018599999999998
1.0014159999999999,0.167124
1.000341,0.163186
0.9992669999999999,0.159249
0.998192,0.15662399999999999
0.997118,0.152249
0.9960429999999999,0.14918599999999999
0.994969,0.146561
0.9938939999999999,0.142624
0.9928199999999999,0.139561
0.991745,0.136499
0.990671,0.13299899999999998
0.989597,0.13081099999999998
0.9885219999999999,0.127749
0.987448,0.12424899999999998
0.9863729999999999,0.12162400000000001
0.9852989999999999,0.118999
0.984224,0.115936
0.98315,0.113311
0.9820749999999999,0.110249
0.9810009999999999,0.10806199999999999
0.979926,0.105874
0.9788519999999999,0.102812
0.977777,0.100624
0.976703,0.098437064
0.9756279999999999,0.095374576
0.9745539999999999,0.093187088
0.973479,0.09143709600000001
0.972405,0.08837460800000001
0.9713299999999999,0.087499616
0.970256,0.085093368
0.969181,0.08268712800000001
0.9681069999999999,0.08115588800000001
0.967032,0.07896840000000001
0.965958,0.07699965600000001
0.9648829999999999,0.07546841600000001
0.9638089999999999,0.07306217599999999
0.962735,0.071530936
0.96166,0.069999688
0.9605859999999999,0.0678122
0.959511,0.066499704
0.958437,0.06474971600000001
0.9573619999999999,0.062562224
0.9562879999999999,0.06168722800000001
0.955213,0.05993723200000001
0.954139,0.058187244
0.9530639999999999,0.05709349600000001
0.95199,0.055343504
0.950915,0.05381226
0.9498409999999999,0.052937268
0.948766,0.05096852400000001
0.947692,0.049874776
0.9466169999999999,0.048999784000000005
0.9455429999999999,0.04703104
0.944468,0.046374792000000005
0.943394,0.045281048000000004
0.9423189999999999,0.043640428
0.941245,0.043093556000000005
0.94017,0.041890436
0.9390959999999999,0.04046857200000001
0.938021,0.039812324
0.936947,0.03849982800000001
0.9358719999999999,0.037406084000000006
0.9347979999999999,0.036968588000000004
0.933724,0.035437344
0.932649,0.03467172400000001
0.9315749999999999,0.034015476
0.9305,0.032593606000000004
0.929426,0.032156106000000004
0.9283509999999999,0.031390486
0.9272769999999999,0.030077992000000005
0.926202,0.029749868000000002
0.925128,0.028874872
0.924053,0.027671752
0.922979,0.027453004000000003
0.921904,0.026359258
0.9208299999999999,0.025593638000000002
0.919755,0.025484262000000004
0.918681,0.024171768000000003
0.9176059999999999,0.023734270000000002
0.916532,0.023406146000000003
0.915457,0.022312400000000003
0.914383,0.011059951
0.913308,0.015892729
0.912234,0.017113526
0.9111589999999999,0.017264724000000002
0.9100849999999999,0.016760727000000003
0.90901,0.016374328
0.907936,0.015937529000000002
0.9068609999999999,0.015254333000000002
0.905787,0.014907134000000002
0.904713,0.014442336
0.9036379999999999,0.013865539000000001
0.9025639999999999,0.013563141
0.901489,0.013047942000000002
0.900415,0.012577544000000001
0.8993399999999999,0.012291946000000002
0.898266,0.011787948000000001
0.897191,0.01140155
0.8961169999999999,0.011115951
0.895042,0.010628753000000001
0.893968,0.010343155
0.8928929999999999,0.010057556
0.8918189999999999,0.009547958
0.890744,0.009340759
0.88967,0.009004761
0.8885949999999999,0.008534363
0.887521,0.008366363
0.886446,0.007996764000000002
0.8853719999999999,0.0076103670000000016
0.884297,0.0074815670000000015
0.883223,0.007083969000000001
0.8821479999999999,0.00678717
0.8810739999999999,0.006624771000000001
0.879999,0.006255172000000001
0.878925,0.006042373
0.8778499999999999,0.0058631740000000005
0.876776,0.005499176000000001
0.875702,0.0053703760000000005
0.8746269999999999,0.005118377
0.8735529999999999,0.004787979
0.872478,0.004743179000000001
0.871404,0.004463180000000001
0.8703289999999999,0.004194381
0.869255,0.004149581
0.86818,0.0038527830000000002
0.8671059999999999,0.003656784
0.866031,0.003600784
0.864957,0.0032927850000000003
0.8638819999999999,0.0031863860000000003
0.8628079999999999,0.0030967860000000002
0.861733,0.0027663870000000004
0.860659,0.002727188
0.859584,0.002581588
0.85851,0.00229599
0.857435,0.00229039
0.8563609999999999,0.00208879
0.855286,0.001847991
0.854212,0.0018591910000000003
0.8531369999999999,0.0016015930000000001
0.852063,0.001444793
0.850988,0.001444793
0.849914,0.0011871940000000001
0.8488399999999999,0.0010695950000000002
0.847765,0.001024795
0.846691,0.000789596
0.8456159999999999,0.000767196
0.844542,0.000671997
0.843467,0.00042559800000000007
0.842393,0.00044239800000000004
0.841318,0.000296798
0.840244,0.00011199900000000001
0.8391689999999999,0.000179199
0.8380949999999999,1.6799928e-05
0.83702,-0.00011759900000000001
0.835946,-8.959960800000002e-05
0.8348709999999999,-0.00030799800000000003
0.833797,-0.00034719800000000006
0.832722,-0.000358398
0.8316479999999999,-0.0005487970000000001
0.830573,-0.000537597
0.829499,-0.000599197
0.8284239999999999,-0.000789596
0.8273499999999999,-0.000739196
0.826275,-0.000817596
0.825201,-0.001007995
0.8241259999999999,-0.0009295950000000001
0.823052,-0.0010863950000000002
0.821978,-0.001198394
0.8209029999999999,-0.0011591940000000001
0.8198289999999999,-0.001321594
0.818754,-0.001377593
0.81768,-0.0013887930000000001
0.8166049999999999,-0.0015791930000000002
0.815531,-0.0015959930000000002
0.814456,-0.0015959930000000002
0.8133819999999999,-0.001819992
0.812307,-0.0017135920000000001
0.811233,-0.0018031920000000001
0.8101579999999999,-0.001976791
0.8090839999999999,-0.001903991
0.808009,-0.002015991
0.806935,-0.00214479
0.8058599999999999,-0.002049591
0.804786,-0.00221759
0.803711,-0.0022399900000000003
0.8026369999999999,-0.00222879
0.801562,-0.002368789
0.800488,-0.002335189
0.7994129999999999,-0.002335189
0.7983389999999999,-0.002536788
0.797264,-0.0024583890000000005
0.79619,-0.0024863890000000003
0.795115,-0.002643188
0.794041,-0.0025199890000000003
0.792967,-0.002637588
0.7918919999999999,-0.002727188
0.7908179999999999,-0.002643188
0.789743,-0.002788787
0.788669,-0.002816787
0.787594,-0.002794387
0.78652,-0.0029399870000000002
0.785445,-0.002895187
0.7843709999999999,-0.002917587
0.783296,-0.003102386
0.782222,-0.0030127860000000004
0.7811469999999999,-0.003074386
0.780073,-0.0032367850000000003
0.778998,-0.0031359860000000003
0.777924,-0.0032199850000000003
0.776849,-0.003320785
0.775775,-0.0032311850000000006
0.7746999999999999,-0.003393585
0.7736259999999999,-0.0034215850000000004
0.772551,-0.0033599850000000002
0.771477,-0.0034999840000000003
0.7704019999999999,-0.003460784
0.769328,-0.0034383840000000005
0.768253,-0.0036063840000000002
0.7671789999999999,-0.003494384
0.766104,-0.0035447840000000005
0.76503,-0.0036959830000000003
0.7639549999999999,-0.0035559840000000003
0.7628809999999999,-0.0036343840000000005
0.761807,-0.0037351830000000004
0.760732,-0.0036623840000000003
0.7596579999999999,-0.0037407830000000006
0.758583,-0.003779983
0.757509,-0.0036735830000000002
0.7564339999999999,-0.0038079830000000005
0.7553599999999999,-0.0038135830000000006
0.754285,-0.003779983
0.753211,-0.003964782
0.7521359999999999,-0.0038807830000000005
0.751062,-0.003919982000000001
0.749987,-0.004065582000000001
0.7489129999999999,-0.003964782
0.747838,-0.004026382
0.746764,-0.004143981000000001
0.7456889999999999,-0.004059982
0.7446149999999999,-0.004194381
0.74354,-0.004233581
0.742466,-0.004138381
0.7413909999999999,-0.004317581000000001
0.728498,-0.004575180000000001
0.7274229999999999,-0.00447438
0.726349,-0.004636779000000001
0.725274,-0.004597579000000001
0.7242,-0.00455278
0.723125,-0.0047039790000000005
0.722051,-0.004603179000000001
0.720976,-0.004636779000000001
0.7199019999999999,-0.004810379000000001
0.718827,-0.004715179000000001
0.717753,-0.004748779000000001
0.7166779999999999,-0.004888778000000001
0.715604,-0.004765579
0.714529,-0.004888778000000001
0.713455,-0.004961578
0.71238,-0.004866378
0.711306,-0.0050511770000000004
0.710231,-0.0050231780000000005
0.7091569999999999,-0.004967178
0.656507,-0.006445571000000001
0.6554329999999999,-0.006311172
0.654358,-0.006395172
0.653284,-0.006479171000000001
0.6522089999999999,-0.006395172
0.651135,-0.0065463710000000005
0.650061,-0.006591171000000001
0.648986,-0.006490371000000001
0.6479119999999999,-0.0066863700000000005
0.646837,-0.006630371
0.645763,-0.00665837
0.6446879999999999,-0.006837570000000001
0.643614,-0.006742370000000001
0.642539,-0.00678157
0.641465,-0.006938369000000001
0.64039,-0.006843170000000001
0.639316,-0.006921569000000001
0.638241,-0.007027969
0.6371669999999999,-0.006927169
0.636092,-0.007095169000000001
0.635018,-0.007123168000000001
0.6339429999999999,-0.007011169000000001
0.632869,-0.0072127680000000005
0.631794,-0.007184768000000001
0.63072,-0.007167968
0.629645,-0.007324768000000001
0.628571,-0.0072295680000000005
0.6274959999999999,-0.007279968
0.6264219999999999,-0.007419967
0.625347,-0.007296768
0.624273,-0.007403167
0.6231979999999999,-0.007492766000000001
0.622124,-0.007369567000000001
0.62105,-0.007509566000000001
0.6199749999999999,-0.0075431660000000005
0.6189009999999999,-0.007447967000000001
0.617826,-0.007671966
0.616752,-0.007627166000000001
0.6156769999999999,-0.007593567000000001
0.614603,-0.007834365000000001
0.613528,-0.007727966
0.6124539999999999,-0.007783965000000001
0.611379,-0.007963164000000002
0.610305,-0.007856765
0.6092299999999999,-0.007957564
0.6081559999999999,-0.008086364
0.607081,-0.008002364000000001
0.606007,-0.008142364000000001
0.604932,-0.008215164
0.603858,-0.008136764000000001
0.602783,-0.008321563
0.6017089999999999,-0.008315963000000001
0.600634,-0.008276763000000001
0.59956,-0.008495163
0.5984849999999999,-0.008416763
0.597411,-0.008422363
0.596336,-0.008635162000000002
0.595262,-0.008495163
0.5941879999999999,-0.008607162000000002
0.593113,-0.008752761000000001
0.592039,-0.008618362000000001
0.5909639999999999,-0.008763961
0.58989,-0.008831161000000002
0.588815,-0.008741561
0.587741,-0.00893756
0.586666,-0.008931960000000001
0.585592,-0.008870361
0.584517,-0.00906636
0.5834429999999999,-0.00903836
0.582368,-0.00904956
0.581294,-0.009290359000000002
0.5802189999999999,-0.00918396
0.579145,-0.009267959000000001
0.57807,-0.009430359000000001
0.576996,-0.009329559000000001
0.575921,-0.009514358
0.574847,-0.009592758000000002
0.573772,-0.009531158
0.5726979999999999,-0.009715957
0.571623,-0.009743957000000001
0.570549,-0.009727157
0.5694739999999999,-0.009934357000000001
0.5684,-0.009895157
0.567326,-0.009923157
0.566251,-0.010147155000000001
0.5651769999999999,-0.010035156
0.564102,-0.010107955
0.563028,-0.010264754000000001
0.5619529999999999,-0.010203155
0.560879,-0.010343155
0.559804,-0.010449554000000002
0.55873,-0.010343155
0.557655,-0.010539154
0.556581,-0.010589553
0.5555059999999999,-0.010550354000000001
0.5544319999999999,-0.010746352
0.553357,-0.010701553
0.552283,-0.010735152
0.5512079999999999,-0.010919952
0.550134,-0.010841553
0.549059,-0.010947952
0.5479849999999999,-0.011132751000000001
0.54691,-0.011031951
0.545836,-0.011199950000000002
0.5447609999999999,-0.011334350000000002
0.5436869999999999,-0.011283951
0.542612,-0.011485549000000001
0.541538,-0.011541549
0.540463,-0.011524749000000003
0.539389,-0.011782348000000002
0.538314,-0.011759949
0.5372399999999999,-0.011810348000000002
0.5361659999999999,-0.012067947
0.535091,-0.011972747
0.534017,-0.012073547
0.532942,-0.012247146
0.531868,-0.012185547
0.530793,-0.012375945000000001
0.5297189999999999,-0.012504745000000001
0.528644,-0.012415145
0.52757,-0.012633545000000001
0.5264949999999999,-0.012689544000000002
0.525421,-0.012678344000000001
0.524346,-0.012913543000000001
0.523272,-0.012930343
0.522197,-0.012947143000000001
0.521123,-0.013193542000000003
0.520048,-0.013143142000000002
0.5189739999999999,-0.013210342
0.517899,-0.013428741000000001
0.516825,-0.013355941000000001
0.5157499999999999,-0.013523940000000002
0.514676,-0.01371434
0.513601,-0.013652740000000002
0.512527,-0.013899139000000001
0.511452,-0.013971938000000001
0.510378,-0.013960738
0.509304,-0.014235137
0.5082289999999999,-0.014279937000000001
0.507155,-0.014335937000000002
0.50608,-0.014610336000000002
0.505006,-0.014587936000000001
0.503931,-0.014711135000000002
0.502857,-0.014946335000000002
0.501782,-0.014890334000000002
0.5007079999999999,-0.015086333
0.499633,-0.015276733000000002
0.498559,-0.015220734000000003
0.497484,-0.015472731000000002
0.49640999999999996,-0.01558473
0.49533499999999997,-0.015562331
0.49426099999999995,-0.015853531
0.49318599999999996,-0.015926329000000003
0.492112,-0.015948729000000002
0.491037,-0.016245528000000002
0.489963,-0.016228729
0.488888,-0.016329528
0.48781399999999997,-0.016592728
0.486739,-0.016570328000000002
0.48566499999999996,-0.016732726
0.48458999999999997,-0.016939926
0.483516,-0.016906326
0.48244099999999995,-0.017135926000000003
0.481367,-0.017281524000000003
0.48029299999999997,-0.017320724000000003
0.479218,-0.017595122
0.47814399999999996,-0.017695922
0.47706899999999997,-0.017763122
0.475995,-0.018082320000000002
0.47491999999999995,-0.01813272
0.473846,-0.01826712
0.472771,-0.018580718000000003
0.471697,-0.018575118
0.470622,-0.018810318
0.46954799999999997,-0.019073516000000002
0.468473,-0.019056716
0.46739899999999995,-0.019336716
0.46632399999999996,-0.019560714
0.46525,-0.019566314
0.464175,-0.019879914000000002
0.463101,-0.020036712
0.462026,-0.020115112
0.460952,-0.02048471
0.459877,-0.020507110000000002
0.45880299999999996,-0.02067511
0.45772799999999997,-0.020999908000000005
0.456654,-0.021027906000000002
0.45557899999999996,-0.021263106
0.454505,-0.021537504000000002
0.45343,-0.021543106
0.452356,-0.021867904
0.45128199999999996,-0.022091904000000002
0.45020699999999997,-0.022131102
0.449133,-0.0224839
0.44805799999999996,-0.022651900000000003
0.446984,-0.0227807
0.445909,-0.023183898
0.444835,-0.023267898000000002
0.44376,-0.023452698
0.44268599999999997,-0.023861496
0.441611,-0.023956694000000004
0.44053699999999996,-0.024208694
0.43946199999999996,-0.024578292
0.438388,-0.02467909
0.437313,-0.02500389
0.436239,-0.025317488000000003
0.435164,-0.025407088
0.43409,-0.025810286
0.433015,-0.026034286
0.43194099999999996,-0.026213484000000002
0.43086599999999997,-0.026678282000000005
0.429792,-0.026835082
0.42871699999999996,-0.027059080000000003
0.427643,-0.027507078
0.426568,-0.02760228
0.425494,-0.027932676000000004
0.42441999999999996,-0.028341474000000002
0.42334499999999997,-0.028464676000000005
0.422271,-0.028862272
0.42119599999999996,-0.029209472
0.420122,-0.02932707
0.419047,-0.02980307
0.417973,-0.030083066
0.416898,-0.030295865999999998
0.41582399999999997,-0.030766264000000005
0.414749,-0.030984664000000002
0.41367499999999996,-0.031247862000000005
0.41259999999999997,-0.031785458
0.411526,-0.032020660000000006
0.41045099999999995,-0.032373458
0.409377,-0.032871854000000006
0.408302,-0.033079056
0.407228,-0.033566252000000005
0.406153,-0.034031052000000006
0.40507899999999997,-0.034255048
0.404004,-0.034809448
0.40292999999999995,-0.035190244
0.40185499999999996,-0.035503844
0.400781,-0.03610304
0.399706,-0.03643344
0.398632,-0.036819840000000006
0.397557,-0.037447036
0.396483,-0.037693432000000006
0.39540899999999995,-0.03815823200000001
0.39433399999999996,-0.038763032
0.39326,-0.039087828000000005
0.392185,-0.039625428000000004
0.391111,-0.040157424000000004
0.390036,-0.04045982
0.388962,-0.041042220000000004
0.387887,-0.041546216000000004
0.38681299999999996,-0.041871016000000004
0.38573799999999997,-0.042548612
0.384664,-0.042935012
0.38358899999999996,-0.043310208
0.382515,-0.04394860800000001
0.38144,-0.044279004000000004
0.380366,-0.044676604
0.379291,-0.045298200000000004
0.37821699999999997,-0.045544600000000005
0.377142,-0.04600939600000001
0.37606799999999996,-0.046552596
0.37499299999999997,-0.046742992000000004
0.373919,-0.047230192000000004
0.372844,-0.047689388
0.37177,-0.047857392000000006
0.370695,-0.048333388000000005
0.369621,-0.048669384
0.368546,-0.048842984000000006
0.36747199999999997,-0.049352584000000005
0.366398,-0.050749776
0.365323,-0.050421652000000004
0.364249,-0.051843520000000004
0.363174,-0.05239039200000001
0.347057,-0.066171584
0.345982,-0.068249696
0.344908,-0.06901531200000001
0.343833,-0.06956219200000001
0.342759,-0.071859056
0.341684,-0.07240592800000001
0.34060999999999997,-0.073718424
0.339536,-0.075577792
0.338461,-0.076124664
0.337387,-0.07776528
0.336312,-0.079515272
0.335238,-0.08049964
0.334163,-0.08268712800000001
0.33308899999999997,-0.083890248
0.332014,-0.084765248
0.33094,-0.087280856
0.32986499999999996,-0.088483976
0.328791,-0.08968709600000001
0.327716,-0.09220272000000002
0.297631,-0.163296
0.296556,-0.16635799999999998
0.29548199999999997,-0.169967
0.294407,-0.17478000000000002
0.293333,-0.17784199999999997
0.29225799999999996,-0.182327
0.291184,-0.18724899999999997
0.290109,-0.190858
0.289035,-0.19588899999999998
0.28796,-0.200702
0.286886,-0.205077
0.285811,-0.210983
0.28473699999999996,-0.215686
0.283663,-0.220389
0.282588,-0.22706099999999999
0.281514,-0.231983
0.280439,-0.237998
0.279365,-0.244998
0.27829,-0.25035799999999997
0.27721599999999996,-0.25703000000000004
0.27614099999999997,-0.26468600000000003
0.275067,-0.27070099999999997
0.273992,-0.278795
0.272918,-0.286779
0.271843,-0.29367
0.270769,-0.302639
0.269694,-0.310951
0.26861999999999997,-0.319373
0.267545,-0.329545
0.266471,-0.33862299999999995
0.26539599999999997,-0.348248
0.264322,-0.359842
0.263247,-0.369685
0.262173,-0.38106
0.261098,-0.393638
0.260024,-0.405123
0.258949,-0.418685
0.211672,-2.460051
0.21059799999999998,-2.551051
0.209523,-2.639863
0.208449,-2.7273620000000003
0.207374,-2.819237
0.20629999999999998,-2.906737
0.205225,-2.9937989999999997
0.204151,-3.082611
0.20307599999999998,-3.16311
0.202002,-3.24361
0.200927,-3.321485
0.199853,-3.391047
0.19877799999999998,-3.458859
0.197704,-3.520984
0.19663,-3.573921
0.19555499999999998,-3.624671
0.194481,-3.667983
0.193406,-3.7016709999999997
0.192332,-3.7331700000000003
0.19125699999999998,-3.755045
0.190183,-3.769045
0.189108,-3.78042
0.18803399999999998,-3.780858
0.186959,-3.77692
0.185885,-3.767295
0.18481,-3.745858
0.18373599999999998,-3.722233
0.182661,-3.6911709999999998
0.181587,-3.650483
0.18051199999999998,-3.607608
0.179438,-3.555984
0.178363,-3.4964839999999997
0.177289,-3.434359
0.17621399999999998,-3.363047
0.17514,-3.286047
0.174065,-3.207298
0.172991,-3.118923
0.159023,-1.7333669999999999
0.157948,-1.623117
0.15687399999999999,-1.516368
0.155799,-1.413993
0.154725,-1.312056
0.15364999999999998,-1.2149320000000001
0.152576,-1.123057
0.151501,-1.033807
0.150427,-0.95112
0.14935199999999998,-0.873246
0.148278,-0.799746
0.147203,-0.7332460000000001
0.14612899999999998,-0.671559
0.145054,-0.6138089999999999
0.14398,-0.563497
0.142905,-0.5162469999999999
0.14183099999999998,-0.47380999999999995
0.140757,-0.43705999999999995
0.139682,-0.402498
0.13860799999999998,-0.371435
0.137533,-0.345185
0.136459,-0.320248
0.135384,-0.298811
0.13430999999999998,-0.279998
0.133235,-0.261623
0.132161,-0.24718599999999996
0.13108599999999998,-0.233186
0.130012,-0.219624
0.128937,-0.20912399999999998
0.127863,-0.198624
0.12678799999999998,-0.18899899999999997
0.125714,-0.181561
0.124639,-0.173249
0.123565,-0.16537400000000002
0.12248999999999999,-0.159686
0.121416,-0.15312399999999998
0.12034099999999999,-0.14787399999999998
0.119267,-0.098437064
0.10529899999999999,-0.09624956800000001
0.104224,-0.09406208
0.10314999999999999,-0.09143709600000001
0.102075,-0.08968709600000001
0.101001,-0.087280856
0.099926736,-0.085093368
0.098852256,-0.08399963200000002
0.09777777600000001,-0.08203088800000001
0.09670329600000001,-0.07984340000000001
0.095628816,-0.07918714400000001
0.094554336,-0.07699965600000001
0.093479848,-0.07568716
0.092405368,-0.07503092
0.09133089600000001,-0.07306217599999999
0.09025640800000001,-0.07240592800000001
0.08918192800000001,-0.07174968000000001
0.088107448,-0.069999688
0.087032968,-0.069780936
0.071990232,-0.06103097600000001
0.070915752,-0.060374732
0.069841264,-0.059280988
0.068766784,-0.059718484
0.067692312,-0.059499736000000004
0.066617824,-0.058405992000000004
0.065543348,-0.059062236000000004
0.06446886,-0.057968492
0.063394384,-0.057749744
0.062319900000000004,-0.058405992000000004
0.06124542,-0.05709349600000001
0.060170940000000006,-0.057312244000000005
0.05909646,-0.057312244000000005
0.058021976,-0.05643725200000001
0.056947496,-0.05709349600000001
0.055873016000000005,-0.056656
0.054798532000000004,-0.055781004
0.053724056000000006,-0.05643725200000001
0.052649572000000006,-0.055781004
0.051575092,-0.055124752000000006
0.050500608,-0.05599975200000001
0.049426128,-0.055124752000000006
0.048351648000000004,-0.054906008000000006
0.047277168,-0.055781004
0.046202684,-0.05468726
0.045128204000000005,-0.05468726
0.044053724,-0.055124752000000006
0.04297924,-0.05424976
0.041904764000000004,-0.054468508000000006
0.040830280000000004,-0.054468508000000006
0.0397558,-0.05359351200000001
0.038681316,-0.05424976
0.037606836000000005,-0.05381226
0.036532356,-0.05315601200000001
0.035457876,-0.054031012
0.034383392,-0.05359351200000001
0.033308912,-0.05315601200000001
0.0032234430000000003,-0.050749776
0.002148962,-0.051843520000000004
0.001074481,-0.050749776
0.0,-0.050749776
-0.001074481,-0.051406020000000004
-0.002148962,-0.050312276
-0.0032234430000000003,-0.050749776
-0.004297924,-0.051187276000000004
-0.005372405,-0.050093528000000005
-0.006446886000000001,-0.050749776
-0.007521367,-0.05096852400000001
-0.008595848,-0.049874776
-0.009670329,-0.050749776
-0.01074481,-0.050093528000000005
-0.011819292,-0.049656028000000005
-0.012893773,-0.050749776
-0.013968254000000001,-0.049656028000000005
-0.015042735000000002,-0.049656028000000005
-0.016117215,-0.050312276
-0.017191696,-0.049218532
-0.018266178,-0.049656028000000005
-0.019340658,-0.050093528000000005
-0.020415140000000002,-0.048999784000000005
-0.02148962,-0.049437284000000005
-0.022564102000000003,-0.049656028000000005
-0.023638584,-0.048562284000000004
-0.024713064,-0.049437284000000005
-0.025787546,-0.048781032
-0.026862028000000003,-0.048124784000000004
-0.027936508000000002,-0.049218532
-0.029010988,-0.048343536000000006
-0.030085470000000003,-0.047687288
-0.031159950000000002,-0.048781032
-0.03223443,-0.047468540000000004
-0.033308912,-0.047906036000000006
-0.034383392,-0.048343536000000006
-0.035457876,-0.047249792000000006
-0.036532356,-0.047906036000000006
-0.037606836000000005,-0.047906036000000006
-0.038681316,-0.04703104
-0.0397558,-0.048124784000000004
-0.040830280000000004,-0.047468540000000004
-0.041904764000000004,-0.046812292000000005
-0.04297924,-0.047687288
-0.044053724,-0.046812292000000005
-0.045128204000000005,-0.046593544
-0.046202684,-0.047468540000000004
-0.047277168,-0.046593544
-0.048351648000000004,-0.046812292000000005
-0.049426128,-0.047249792000000006
-0.050500608,-0.04626542000000001
-0.051575092,-0.047140416000000004
-0.052649572000000006,-0.047140416000000004
-0.053724056000000006,-0.045937296
-0.054798532000000004,-0.046921668
-0.055873016000000005,-0.04626542000000001
-0.056947496,-0.04582792000000001
-0.058021976,-0.04703104
-0.05909646,-0.046156044
-0.060170940000000006,-0.04549980000000001
-0.06124542,-0.04670292000000001
-0.062319900000000004,-0.045281048000000004
-0.063394384,-0.045609172
-0.06446886,-0.046156044
-0.065543348,-0.044952928
-0.066617824,-0.045390424
-0.067692312,-0.04549980000000001
-0.068766784,-0.044624800000000006
-0.069841264,-0.04549980000000001
-0.070915752,-0.045281048000000004
-0.071990232,-0.044515428
-0.073064712,-0.045718548000000005
-0.074139192,-0.04473417600000001
-0.07521367200000001,-0.044624800000000006
-0.07628816000000001,-0.045718548000000005
-0.077362632,-0.044515428
-0.07843712,-0.044843548000000004
-0.0795116,-0.045281048000000004
-0.08058607200000001,-0.044187304000000004
-0.08166056000000001,-0.044952928
-0.08273504000000001,-0.04517167600000001
-0.08380952800000001,-0.044077928
-0.084884,-0.044952928
-0.08595848,-0.044843548000000004
-0.087032968,-0.043968556000000006
-0.088107448,-0.04549980000000001
-0.08918192800000001,-0.044187304000000004
-0.09025640800000001,-0.04385918
-0.09133089600000001,-0.045390424
-0.092405368,-0.04385918
-0.093479848,-0.044077928
-0.094554336,-0.044952928
-0.095628816,-0.043640428
-0.09670329600000001,-0.044296680000000005
-0.09777777600000001,-0.044296680000000005
-0.098852256,-0.043093556000000005
-0.099926736,-0.044515428
-0.101001,-0.043749808
-0.102075,-0.043312308
-0.10314999999999999,-0.044624800000000006
-0.104224,-0.043531056000000005
-0.10529899999999999,-0.042765436000000004
-0.106373,-0.044624800000000006
-0.107448,-0.042984184
-0.108522,-0.043312308
-0.109597,-0.044077928
-0.11067099999999999,-0.042765436000000004
-0.111746,-0.043421684
-0.11281999999999999,-0.043749808
-0.113894,-0.042765436000000004
-0.11496899999999999,-0.043749808
-0.116043,-0.043421684
-0.117118,-0.042437312000000005
-0.11819199999999999,-0.043749808
-0.119267,-0.042984184
-0.12034099999999999,-0.042546684
-0.121416,-0.043421684
-0.12248999999999999,-0.043093556000000005
-0.123565,-0.042546684
-0.124639,-0.043531056000000005
-0.125714,-0.041890436
-0.12678799999999998,-0.042765436000000004
-0.127863,-0.042984184
-0.128937,-0.042109188000000006
-0.130012,-0.043202936000000004
-0.13108599999999998,-0.042874808
-0.132161,-0.041671692
-0.133235,-0.043093556000000005
-0.13430999999999998,-0.042437312000000005
-0.135384,-0.041562316
-0.136459,-0.04265606
-0.137533,-0.041671692
-0.13860799999999998,-0.041562316
-0.139682,-0.042546684
-0.140757,-0.041781064
-0.14183099999999998,-0.041890436
-0.142905,-0.04265606
-0.14398,-0.041452944000000005
-0.145054,-0.042327936000000004
-0.14612899999999998,-0.042546684
-0.147203,-0.041343564000000006
-0.148278,-0.042327936000000004
-0.14935199999999998,-0.041890436
-0.150427,-0.041234192
-0.151501,-0.042546684
-0.152576,-0.041234192
-0.15364999999999998,-0.041234192
-0.154725,-0.042437312000000005
-0.155799,-0.040906068000000004
-0.15687399999999999,-0.041452944000000005
-0.157948,-0.042218564
-0.159023,-0.04068732
-0.160097,-0.041671692
-0.16117199999999998,-0.041781064
-0.162246,-0.04068732
-0.163321,-0.041781064
-0.16439499999999999,-0.041234192
-0.16547,-0.040140444000000004
-0.166544,-0.041890436
-0.167619,-0.040359196
-0.16869299999999998,-0.04068732
-0.169768,-0.041562316
-0.170842,-0.04024982
-0.17191599999999999,-0.04068732
-0.172991,-0.041234192
-0.174065,-0.040140444000000004
-0.17514,-0.040906068000000004
-0.17621399999999998,-0.040906068000000004
-0.177289,-0.040359196
-0.178363,-0.041234192
-0.179438,-0.040796692
-0.18051199999999998,-0.04003107200000001
-0.181587,-0.041234192
-0.182661,-0.040359196
-0.18373599999999998,-0.04003107200000001
-0.18481,-0.041671692
-0.185885,-0.040140444000000004
-0.186959,-0.04068732
-0.18803399999999998,-0.041234192
-0.189108,-0.04003107200000001
-0.190183,-0.04046857200000001
-0.19125699999999998,-0.04068732
-0.192332,-0.039484200000000004
-0.193406,-0.040906068000000004
-0.194481,-0.04024982
-0.19555499999999998,-0.039484200000000004
-0.19663,-0.041234192
-0.197704,-0.039812324
-0.19877799999999998,-0.03959357200000001
-0.199853,-0.040796692
